sample_id,group,K00012,K00013,K00014,K00018,K00027,K00046,K00048,K00052,K00053,K00058,K00059,K00064,K00067,K00074,K00075,K00077,K00087,K00088,K00099,K00111,K00133,K00134,K00145,K00147,K00174,K00175,K00179,K00226,K00239,K00243,K00248,K00261,K00262,K00265,K00266,K00278,K00281,K00286,K00287,K00297,K00331,K00333,K00335,K00336,K00384,K00390,K00525,K00548,K00554,K00558,K00560,K00566,K00567,K00571,K00595,K00600,K00602,K00603,K00604,K00605,K00606,K00609,K00610,K00611,K00615,K00616,K00625,K00626,K00639,K00640,K00645,K00648,K00651,K00655,K00656,K00657,K00661,K00666,K00677,K00688,K00700,K00703,K00705,K00748,K00757,K00759,K00760,K00762,K00763,K00764,K00765,K00768,K00773,K00788,K00789,K00790,K00791,K00794,K00800,K00806,K00812,K00817,K00820,K00821,K00826,K00831,K00833,K00845,K00847,K00849,K00850,K00854,K00858,K00859,K00860,K00864,K00865,K00873,K00874,K00876,K00891,K00919,K00925,K00927,K00928,K00930,K00931,K00937,K00939,K00941,K00942,K00945,K00948,K00951,K00954,K00962,K00963,K00965,K00969,K00970,K00971,K00973,K00975,K00981,K00991,K00995,K00996,K01000,K01006,K01012,K01051,K01056,K01067,K01071,K01079,K01081,K01091,K01092,K01104,K01119,K01126,K01129,K01130,K01142,K01151,K01153,K01154,K01156,K01159,K01176,K01179,K01185,K01187,K01190,K01191,K01193,K01198,K01200,K01206,K01207,K01208,K01209,K01223,K01224,K01243,K01246,K01258,K01262,K01265,K01270,K01273,K01277,K01284,K01286,K01338,K01358,K01372,K01409,K01421,K01424,K01425,K01442,K01443,K01447,K01448,K01462,K01465,K01489,K01491,K01493,K01515,K01520,K01524,K01533,K01534,K01537,K01571,K01572,K01579,K01580,K01585,K01586,K01588,K01591,K01607,K01610,K01619,K01620,K01621,K01624,K01626,K01647,K01649,K01652,K01653,K01657,K01658,K01662,K01676,K01678,K01681,K01685,K01686,K01687,K01689,K01695,K01696,K01703,K01704,K01710,K01711,K01714,K01733,K01734,K01735,K01736,K01738,K01740,K01745,K01752,K01755,K01756,K01759,K01770,K01775,K01776,K01778,K01783,K01784,K01785,K01790,K01791,K01803,K01805,K01810,K01811,K01812,K01814,K01815,K01818,K01835,K01839,K01847,K01854,K01867,K01868,K01869,K01870,K01872,K01873,K01874,K01875,K01876,K01880,K01881,K01883,K01885,K01886,K01887,K01889,K01890,K01892,K01893,K01895,K01897,K01912,K01914,K01915,K01918,K01921,K01923,K01924,K01925,K01926,K01928,K01929,K01933,K01937,K01938,K01939,K01940,K01945,K01950,K01951,K01952,K01953,K01955,K01956,K01960,K01961,K01962,K01966,K01972,K01989,K01990,K01992,K01993,K01996,K01998,K02003,K02004,K02005,K02013,K02014,K02015,K02016,K02020,K02025,K02026,K02027,K02028,K02029,K02030,K02031,K02033,K02034,K02035,K02036,K02037,K02038,K02040,K02049,K02050,K02056,K02057,K02066,K02072,K02078,K02108,K02110,K02111,K02112,K02113,K02115,K02117,K02118,K02188,K02189,K02217,K02224,K02226,K02230,K02231,K02232,K02233,K02238,K02283,K02313,K02314,K02315,K02316,K02335,K02337,K02338,K02340,K02341,K02342,K02343,K02346,K02355,K02357,K02358,K02371,K02372,K02377,K02406,K02428,K02429,K02433,K02434,K02469,K02470,K02477,K02493,K02500,K02501,K02503,K02518,K02519,K02529,K02563,K02564,K02600,K02601,K02621,K02647,K02687,K02823,K02835,K02836,K02837,K02838,K02860,K02863,K02864,K02867,K02871,K02876,K02878,K02879,K02881,K02884,K02886,K02887,K02888,K02892,K02904,K02906,K02907,K02911,K02913,K02914,K02916,K02919,K02926,K02931,K02933,K02939,K02945,K02946,K02948,K02950,K02952,K02954,K02956,K02959,K02961,K02965,K02967,K02968,K02970,K02982,K02986,K02988,K02990,K02992,K02994,K02996,K03040,K03043,K03046,K03070,K03072,K03076,K03077,K03086,K03088,K03091,K03100,K03101,K03106,K03110,K03111,K03147,K03149,K03150,K03151,K03152,K03168,K03169,K03177,K03205,K03215,K03217,K03218,K03281,K03282,K03284,K03286,K03292,K03296,K03299,K03306,K03307,K03308,K03310,K03312,K03315,K03320,K03321,K03324,K03327,K03340,K03394,K03402,K03406,K03407,K03424,K03427,K03431,K03437,K03438,K03439,K03442,K03453,K03466,K03469,K03470,K03495,K03496,K03497,K03498,K03499,K03501,K03502,K03517,K03521,K03522,K03524,K03526,K03529,K03530,K03536,K03544,K03545,K03546,K03547,K03550,K03551,K03553,K03555,K03561,K03564,K03569,K03570,K03572,K03574,K03575,K03581,K03584,K03585,K03587,K03588,K03589,K03595,K03596,K03601,K03615,K03617,K03621,K03624,K03625,K03628,K03629,K03630,K03631,K03648,K03650,K03654,K03655,K03657,K03664,K03665,K03671,K03685,K03686,K03687,K03695,K03696,K03699,K03701,K03702,K03703,K03710,K03711,K03718,K03723,K03734,K03737,K03742,K03763,K03778,K03781,K03783,K03797,K03798,K03816,K03823,K03826,K03832,K03924,K03976,K03977,K03978,K03979,K04041,K04042,K04043,K04066,K04068,K04069,K04070,K04072,K04075,K04077,K04078,K04079,K04083,K04084,K04096,K04485,K04486,K04487,K04488,K04516,K04517,K04518,K04567,K04652,K04720,K04751,K04758,K04759,K04763,K04769,K04771,K04773,K05297,K05341,K05349,K05366,K05515,K05592,K05601,K05832,K05833,K05837,K05919,K05936,K05970,K05989,K06001,K06023,K06042,K06113,K06131,K06142,K06147,K06158,K06168,K06173,K06178,K06179,K06180,K06187,K06200,K06207,K06213,K06217,K06334,K06346,K06381,K06398,K06400,K06406,K06409,K06861,K06871,K06872,K06881,K06885,K06889,K06919,K06921,K06925,K06926,K06941,K06942,K06949,K06959,K06966,K06969,K06972,K06997,K07001,K07003,K07007,K07023,K07025,K07027,K07030,K07033,K07052,K07056,K07058,K07075,K07079,K07085,K07088,K07090,K07095,K07098,K07107,K07114,K07126,K07133,K07137,K07139,K07154,K07166,K07173,K07214,K07238,K07240,K07258,K07260,K07263,K07271,K07277,K07282,K07284,K07301,K07315,K07316,K07321,K07335,K07391,K07402,K07404,K07407,K07444,K07447,K07456,K07462,K07473,K07478,K07483,K07484,K07491,K07493,K07496,K07497,K07560,K07566,K07568,K07576,K07588,K07636,K07646,K07667,K07713,K07718,K07720,K07729,K07783,K07814,K07816,K07862,K08282,K08289,K08301,K08303,K08325,K08591,K08600,K08676,K08998,K09011,K09013,K09014,K09065,K09117,K09157,K09458,K09710,K09748,K09761,K09762,K09765,K09768,K09772,K09812,K09817,K09861,K09903,K09922,K09955,K10112,K10117,K10118,K10119,K10206,K10254,K10439,K10536,K10716,K10773,K10823,K10907,K10947,K11068,K11069,K11070,K11071,K11072,K11381,K11717,K11749,K11751,K11753,K11754,K11991,K12132,K12251,K12308,K12340,K12373,K12410,K12524,K12573,K12574,K12950,K13292,K13789,K13993,K14155,K14441,K14540,K14652,K15256,K15460,K15533,K15583,K15633,K15635,K15738,K15923,K15986,K15987,K16089,K16785,K16786,K16898,K17318,K17319,K17320,K17716,K17758,K18640,K18682,K18707,K19068,K19689,K20444,K21071,K21471,K21572,K21636,K22132,K22278,K22405,K00009,K00036,K00693,K00702,K00796,K00957,K00979,K01625,K01661,K01737,K01866,K02190,K02356,K02874,K02899,K02902,K02963,K03073,K03387,K04094,K04564,K06153,K06898,K07037,K07304,K08641,K09825,K09888,K10542,K13652,K15532,K16212,K16363,K18785,K20265,K20344,K21573,K03634,K06934,K09650
ERR911956,controle,25,33,11,11,61,0,10,50,127,90,23,35,9,12,17,76,12,40,14,25,60,40,17,28,21,16,53,27,91,16,7,25,65,52,121,65,8,20,9,11,46,161,10,9,30,54,25,24,89,22,3,38,79,26,21,38,91,8,14,0,12,50,13,8,128,89,48,2,72,15,54,62,21,21,25,9,29,35,0,39,37,19,36,0,17,32,15,50,19,77,62,0,3,12,76,40,23,61,33,18,136,58,70,56,35,20,11,141,13,49,22,41,39,25,0,21,25,56,91,65,14,14,74,37,73,19,12,11,16,15,10,31,45,51,6,69,22,5,10,64,30,67,23,23,13,10,13,10,112,30,46,19,45,10,101,14,37,0,6,4,100,61,19,14,4,85,65,30,79,30,20,64,153,166,60,6,5,16,42,12,2,84,24,8,51,85,26,26,72,76,5,0,68,24,31,76,43,60,5,29,19,36,14,62,32,16,15,32,14,13,39,42,23,74,56,36,9,111,100,14,36,28,50,49,7,23,5,13,13,36,25,25,40,40,5,14,2,16,25,28,37,104,12,37,142,22,29,44,12,41,39,38,40,19,19,27,30,63,17,19,21,34,30,11,16,12,32,30,37,57,155,51,40,147,90,8,13,37,11,66,21,21,20,13,43,81,29,82,56,50,50,84,89,93,46,36,34,51,25,17,14,27,78,12,81,15,14,149,79,24,12,45,8,14,27,14,23,53,16,80,50,35,15,26,40,44,143,19,29,25,32,12,49,28,84,92,4,2,13,196,236,55,26,104,12,16,12,34,13,14,15,30,26,11,9,9,28,23,19,13,10,19,20,27,16,2,10,7,17,26,47,68,15,6,10,45,20,14,35,12,17,0,5,13,8,38,27,23,38,31,65,121,152,63,37,4,21,54,9,303,30,85,6,16,36,9,201,121,6,17,59,77,2,34,5,6,29,3,17,77,52,44,70,25,74,25,16,13,51,32,40,10,21,135,9,33,58,46,65,35,2,22,87,52,30,18,7,19,35,39,49,222,16,138,13,13,23,23,100,26,79,22,42,124,14,18,77,0,0,17,251,91,5,49,8,85,12,21,53,124,106,21,41,30,16,86,258,27,48,3,105,62,39,49,39,37,18,35,12,87,23,254,61,37,20,7,4,20,5,5,205,14,47,26,39,29,8,9,21,57,45,104,62,6,11,17,23,34,94,18,21,57,23,6,5,95,21,0,25,86,78,64,70,29,31,31,13,0,15,22,41,151,11,35,44,31,25,10,12,47,62,53,19,111,0,15,7,8,9,9,106,54,41,14,4,24,18,11,40,14,13,34,80,18,13,12,6,26,292,80,68,34,31,49,19,21,17,115,57,20,105,171,18,9,20,16,126,16,21,27,31,19,5,61,47,159,12,8,22,61,30,48,12,13,8,16,3,206,18,4,5,15,23,28,73,56,33,6,13,51,41,16,63,12,147,17,25,88,13,7,60,3,56,14,49,9,12,49,12,231,21,26,22,55,17,21,27,13,20,27,27,69,12,14,60,35,40,190,110,88,42,11,20,17,99,16,132,7,14,2,14,19,11,9,5,9,10,13,6,19,0,111,61,21,3,9,13,18,12,45,0,29,9,5,9,7,32,8,4,15,9,32,17,12,0,2,17,13,34,16,11,24,25,17,35,69,28,6,22,9,75,56,24,7,32,8,8,24,27,23,6,5,24,10,43,10,46,3,17,52,24,8,74,23,15,113,53,139,32,59,67,12,5,32,36,16,47,23,6,18,15,14,22,41,36,30,16,16,13,40,79,75,7,9,12,95,111,71,7,69,24,23,50,24,7,9,15,7,14,23,4,11,13,6,11,14,84,0,8,13,16,31,44,22,5,0,11,14,23,17,8,26,40,22,11,25,40,25,26,47,35,39,28,19,68,31,29,41,24,24,25,11,16,30,34,14,15,21,20,13,15,19,1,111,97,32,30,19,46,21,0,33,30,3,16,15,9,34,38,21,13,30,6,14,48,24,510,42,29,10,11,0,11,12,30,26,118,34,75,0,25,31,13,11,38,83,19,0,5,19,10,16,11,49,5,6,0,14,8,29,24,18,30,29,0,21,22,0,37,4,2
ERR911979,controle,65,13,46,11,101,0,15,23,157,30,35,6,52,4,17,15,41,81,66,157,7,14,14,50,5,0,9,6,18,11,11,41,14,94,33,8,0,35,18,5,6,26,11,14,96,245,25,34,24,39,7,46,12,0,15,53,141,8,3,4,15,14,9,8,125,12,85,7,13,26,20,10,15,7,61,4,138,31,0,49,13,18,47,0,23,12,41,158,51,36,38,0,10,2,70,67,40,14,128,0,20,11,62,35,82,22,0,30,131,21,30,12,8,6,2,92,0,15,28,6,72,18,225,15,85,22,10,24,2,18,36,38,75,82,6,60,9,15,0,40,0,8,51,16,0,20,10,23,441,23,7,6,4,60,15,5,21,0,34,0,20,13,0,51,6,250,12,83,18,50,54,21,33,66,21,43,217,18,10,38,15,39,93,7,32,61,72,28,16,31,0,0,10,36,31,9,6,25,45,3,0,80,4,164,58,65,27,6,2,0,5,66,23,12,102,39,5,20,31,3,77,183,9,38,14,49,0,17,13,5,53,12,105,42,0,2,30,19,6,36,31,23,15,41,265,9,64,25,38,139,24,14,14,7,12,137,23,137,5,5,34,11,9,24,21,12,21,130,15,11,136,31,45,18,80,7,14,6,6,5,26,83,2,104,35,58,17,94,88,163,76,169,171,20,41,39,15,30,26,9,14,26,244,1,57,26,21,93,12,5,14,14,9,43,24,34,30,7,100,23,97,47,32,28,4,37,184,24,8,54,2,0,1,11,159,132,4,6,5,292,456,12,19,13,6,13,57,3,50,32,19,44,56,11,32,21,71,29,9,11,49,38,5,19,21,0,26,60,19,216,116,117,46,7,8,38,26,16,3,19,12,0,14,16,23,15,49,2,6,63,59,35,101,9,36,8,11,19,11,546,37,95,53,10,14,0,15,23,2,18,45,180,0,6,0,8,63,3,26,188,5,217,27,12,9,63,8,9,84,85,169,18,109,49,0,39,32,64,14,18,6,6,19,179,60,18,12,46,44,22,131,129,0,58,18,14,38,7,346,41,9,12,55,5,22,77,10,13,4,14,36,248,0,154,71,8,26,53,116,26,54,28,50,21,20,25,97,60,21,12,175,23,97,27,81,18,56,39,1,219,27,354,42,9,6,5,2,19,0,14,33,37,16,17,42,121,7,4,14,14,40,19,6,0,14,10,47,7,68,50,10,67,0,0,0,35,4,3,50,100,226,39,24,3,89,2,11,7,12,13,65,18,24,35,52,27,44,0,41,86,23,7,84,46,0,7,12,20,11,12,20,39,7,7,13,10,8,49,4,1,42,13,256,13,123,28,5,16,287,59,58,38,34,312,9,12,2,57,111,54,81,118,15,6,16,2,273,0,47,13,25,27,3,31,19,72,25,36,3,10,9,19,25,2,63,3,0,75,28,15,29,141,20,7,139,19,64,6,2,12,19,2,33,8,26,6,8,158,41,21,0,20,58,21,49,18,42,151,35,295,62,108,6,24,31,8,10,96,85,3,13,8,17,36,0,46,7,299,87,35,271,0,6,53,31,61,142,15,24,59,42,4,12,32,0,6,0,11,6,18,0,101,48,170,0,15,19,90,13,15,18,4,29,3,6,13,24,135,0,0,14,38,29,2,24,0,3,9,31,13,13,43,0,0,75,61,28,9,18,2,15,0,0,3,27,0,0,37,4,34,16,12,13,17,74,17,12,19,27,34,3,69,53,27,102,29,83,58,66,40,50,4,3,0,22,31,9,43,7,7,0,114,52,51,8,53,33,36,62,5,8,124,0,10,67,15,15,15,0,21,12,19,74,33,6,2,10,13,4,2,0,9,0,0,24,14,10,4,19,31,114,7,3,31,6,8,36,48,23,17,16,41,18,16,47,2,6,21,37,5,52,11,17,0,20,2,11,58,3,20,51,30,21,11,46,18,0,16,237,13,0,35,16,160,13,13,12,8,8,0,6,79,41,11,5,15,6,3,117,33,10,5,2,17,110,61,40,94,33,54,0,0,0,2,6,10,22,3,41,0,0,18,6,41,81,26,80,0,5,6,6,0,6,46,0,0,0,15,14,43,4,2,10,5,0,27,66,0,21,15,0
ERR911990,controle,20,28,7,14,30,98,22,28,76,98,34,13,29,14,57,38,10,37,9,13,73,20,13,22,21,16,37,16,28,8,0,38,80,47,111,53,3,36,10,14,31,111,4,3,28,29,12,39,72,38,4,64,29,0,13,51,57,28,0,8,9,42,7,22,136,11,39,2,40,3,73,36,32,4,45,13,22,9,0,26,45,43,91,6,6,11,11,28,26,75,38,4,33,14,77,67,47,16,48,14,133,38,44,19,18,32,8,98,18,56,13,58,32,19,23,32,29,54,91,12,9,12,72,10,39,37,15,7,18,8,22,15,61,32,6,53,11,16,9,58,19,119,35,9,13,4,12,14,138,46,53,4,20,9,46,6,9,0,18,15,83,21,0,8,12,93,82,11,54,14,16,26,116,134,22,19,18,38,40,11,2,106,40,31,39,23,19,23,17,69,0,0,67,20,21,45,37,34,21,31,23,46,6,23,23,16,16,2,13,21,23,43,66,55,36,10,21,100,62,11,23,30,38,60,14,24,0,9,60,62,27,19,15,50,3,3,5,27,20,19,34,120,20,23,106,8,32,16,18,47,100,9,30,23,18,33,36,66,7,27,45,24,3,20,24,5,69,26,31,51,27,14,47,120,64,5,34,31,11,44,19,14,9,11,36,125,67,64,40,56,31,76,83,36,24,29,21,8,20,0,18,60,42,11,90,10,12,104,88,21,18,6,4,17,28,10,11,59,18,68,63,60,5,50,35,33,162,9,21,15,23,19,25,12,159,35,6,4,13,166,136,45,20,35,6,6,8,15,22,15,30,26,37,5,37,9,24,23,12,11,3,17,14,34,20,2,2,11,24,18,48,61,5,16,11,31,10,9,16,16,13,12,16,4,5,8,8,11,25,12,56,95,73,43,28,4,5,23,20,289,19,151,12,17,23,5,180,76,19,15,69,53,44,25,0,6,20,52,13,68,45,43,45,21,48,22,14,6,33,18,24,6,13,104,13,44,41,35,15,25,4,19,75,38,16,22,9,17,46,42,54,270,0,92,25,19,12,28,63,22,33,12,33,62,9,9,70,0,4,5,158,72,10,38,5,96,6,35,32,132,39,12,32,14,5,72,144,32,18,37,62,61,19,39,30,48,9,24,72,74,26,132,41,20,8,14,20,6,0,3,119,6,52,15,36,24,6,9,6,51,22,42,34,0,5,15,13,18,35,20,7,54,11,2,10,54,10,7,32,72,72,4,102,28,33,30,29,20,11,19,27,60,17,70,46,30,7,5,7,33,59,60,14,85,0,4,17,13,14,8,50,11,28,12,5,4,35,17,32,9,15,11,49,11,13,8,3,39,225,99,76,20,15,55,14,12,65,93,34,22,158,81,16,28,14,8,109,4,39,47,29,3,10,14,10,146,6,9,21,31,26,22,7,21,40,13,3,179,36,13,18,5,18,30,67,18,18,3,15,46,38,14,34,6,110,15,28,85,9,14,23,5,20,26,29,12,82,35,17,171,15,36,11,39,24,5,24,13,9,41,40,42,17,8,73,28,27,186,106,55,41,0,14,25,84,56,85,16,6,10,9,17,8,36,14,4,14,10,11,47,0,96,46,23,3,7,9,14,4,38,5,15,5,34,20,8,22,7,12,29,4,19,17,12,4,2,23,21,7,23,8,16,26,10,16,60,24,7,32,4,36,13,31,31,25,23,6,10,19,52,9,0,20,17,10,2,20,3,19,66,19,11,39,10,21,46,32,6,22,30,31,142,0,42,16,6,26,21,38,7,5,10,33,11,60,25,13,19,20,16,63,37,5,4,9,34,27,77,21,44,14,23,25,49,12,14,5,4,20,14,4,4,6,0,3,9,50,0,15,23,6,13,29,11,3,8,19,12,10,28,10,31,29,3,7,24,44,39,9,23,55,36,2,35,35,19,31,49,20,24,25,44,7,29,35,6,13,10,3,20,16,30,9,70,77,38,29,11,36,14,0,20,31,9,0,2,6,41,12,14,21,9,3,33,12,22,268,49,8,6,6,0,21,8,14,12,97,12,67,0,4,25,0,17,23,52,12,9,18,19,12,22,6,14,4,9,0,8,22,13,18,29,24,16,0,32,13,0,41,14,0
ERR911991,controle,53,22,10,14,28,0,4,36,64,73,18,38,13,21,16,22,7,40,12,4,60,20,6,28,33,20,35,23,3,23,6,22,48,48,110,54,13,19,6,6,25,94,12,5,16,35,25,51,82,34,8,24,13,4,15,33,51,33,10,8,16,46,10,17,95,1,31,5,58,3,51,37,20,17,26,13,14,0,0,44,112,31,59,0,5,17,5,38,20,68,21,0,0,10,51,14,29,13,16,23,105,24,42,20,22,55,26,73,12,67,12,53,13,27,4,16,36,40,58,26,6,11,42,12,34,21,17,10,16,20,9,11,53,17,6,76,11,21,12,56,15,45,20,9,17,19,9,3,121,29,47,10,36,6,63,11,21,0,45,12,27,84,0,23,38,37,97,0,31,21,32,44,78,168,0,14,11,45,23,12,6,111,34,10,8,11,18,15,10,60,4,0,55,14,43,22,28,19,7,7,13,31,0,22,11,14,29,27,5,0,45,24,16,22,47,41,12,39,64,4,17,48,18,35,22,13,13,10,6,239,28,24,28,44,19,8,6,14,26,15,28,75,12,18,113,21,20,43,22,41,163,6,20,9,40,22,30,44,11,7,7,26,11,31,29,7,47,12,40,45,23,69,28,125,44,36,46,33,13,58,32,6,7,11,19,66,43,71,43,30,32,72,88,32,12,25,32,51,20,21,29,16,38,4,72,10,16,111,55,23,14,25,9,6,27,12,15,37,34,71,87,36,11,66,64,11,205,7,34,9,11,5,29,15,119,39,6,7,22,116,173,55,39,42,12,12,8,22,20,3,24,27,16,10,11,4,16,33,14,8,17,18,10,6,8,10,6,9,19,16,42,54,5,24,10,29,9,9,96,14,26,9,22,18,7,10,16,26,33,18,49,69,37,41,14,17,0,18,9,236,18,79,6,8,30,0,172,46,11,7,175,50,11,7,2,2,17,3,19,41,23,28,48,32,44,21,8,12,44,26,28,17,14,113,4,31,21,45,15,44,2,5,100,59,15,14,9,16,78,79,38,102,32,120,21,16,12,14,80,14,22,3,28,16,18,18,36,0,6,43,114,88,45,14,5,75,7,23,29,90,43,13,25,6,21,139,126,23,62,10,57,72,19,25,45,25,28,31,9,132,18,155,51,8,14,9,8,10,9,12,108,4,22,25,27,15,4,9,16,54,45,15,31,0,7,52,49,11,27,10,28,71,9,3,5,52,0,7,17,77,48,17,55,27,18,67,18,26,27,5,36,46,6,47,39,32,1,9,12,38,49,76,14,79,0,4,17,21,12,3,85,53,49,22,9,30,19,9,35,6,14,45,48,15,13,12,4,15,153,45,65,22,20,28,7,9,18,141,26,32,106,66,12,7,15,8,99,14,14,31,24,10,6,32,54,107,3,13,26,11,25,19,4,12,79,24,5,99,22,12,9,15,16,18,51,14,38,6,23,24,13,6,37,3,108,16,17,41,7,0,37,14,25,6,21,6,31,12,14,82,6,30,57,31,13,6,11,7,7,11,12,26,21,7,100,39,37,287,116,46,22,0,9,16,57,45,121,15,13,16,6,13,9,4,5,2,8,9,6,3,0,57,64,14,9,50,11,16,25,22,3,24,14,3,9,54,16,5,17,23,16,24,5,9,4,0,8,9,5,7,11,13,0,8,40,50,28,5,34,5,47,27,36,9,28,10,7,1,17,6,14,8,18,6,18,0,20,3,13,69,39,9,33,32,17,27,51,670,26,18,39,19,5,12,12,18,27,10,0,9,0,5,13,26,67,21,11,20,17,14,55,68,4,2,2,63,34,71,11,15,18,8,43,39,23,7,6,4,26,8,9,3,10,0,20,12,48,0,16,7,5,20,21,8,17,0,10,13,17,18,16,37,38,6,11,21,27,11,7,7,39,22,8,34,20,9,21,31,13,27,11,20,9,44,30,20,7,10,3,8,8,20,6,89,90,36,31,14,41,6,0,26,25,8,14,0,81,25,30,9,7,3,5,16,17,27,302,27,13,8,8,0,25,21,41,30,84,8,30,0,9,23,6,0,29,50,5,9,15,16,8,32,8,11,5,4,0,8,8,17,10,25,11,10,0,13,18,0,3,3,4
ERR911995,controle,32,17,7,5,42,30,54,32,86,54,21,37,0,20,24,10,16,20,36,24,39,42,19,49,25,40,27,28,77,5,32,25,50,35,97,32,8,14,2,7,21,120,28,24,24,25,91,56,35,47,16,44,24,0,20,31,37,98,10,8,17,34,32,13,64,24,17,14,44,3,54,31,13,20,23,16,15,0,3,69,15,36,68,0,12,16,12,48,47,57,72,0,3,10,60,43,43,17,31,85,62,7,41,34,15,23,11,71,18,57,28,15,19,48,2,37,18,8,69,10,20,21,49,77,30,27,4,2,23,18,17,6,90,22,10,117,11,16,10,36,4,101,34,26,11,3,1,4,308,6,38,28,18,5,92,21,30,0,6,8,23,39,0,31,30,106,126,17,11,19,27,112,48,153,10,6,33,55,21,13,19,64,22,7,13,88,49,18,62,38,5,0,26,10,76,16,26,33,7,28,43,34,16,20,40,11,6,2,13,7,35,25,8,63,50,19,12,209,40,18,25,62,38,17,34,40,76,11,18,183,23,6,19,19,2,0,3,29,26,14,29,30,29,26,108,14,25,17,4,79,124,6,9,35,41,20,52,56,53,6,25,17,19,22,38,6,44,27,16,37,56,27,44,48,74,10,36,16,21,16,20,20,9,37,11,80,22,35,65,85,52,127,75,64,26,53,68,62,52,7,7,22,71,13,57,3,50,91,35,39,4,27,21,17,9,7,29,58,33,108,89,52,16,66,27,20,202,12,35,17,16,4,54,6,164,60,15,27,55,156,263,24,44,107,51,16,9,16,47,12,50,29,19,24,15,13,29,17,23,8,11,31,10,43,69,6,8,20,13,44,66,76,8,65,10,25,20,7,34,7,30,5,17,39,11,27,6,6,8,81,66,85,86,27,22,20,7,49,28,440,14,105,4,20,13,62,78,25,23,15,151,80,0,45,17,4,28,2,18,56,23,70,35,63,35,16,28,9,31,62,32,26,19,91,12,41,22,47,44,11,16,5,57,65,21,10,2,22,200,114,178,110,7,179,52,164,61,46,58,12,63,33,98,31,75,18,39,52,0,36,54,151,10,25,17,65,26,62,54,124,134,6,29,20,4,120,253,40,10,3,79,47,49,13,50,15,12,28,28,76,30,352,96,5,34,3,13,5,5,8,124,15,15,16,41,22,0,12,12,35,24,86,22,0,44,6,30,19,51,30,24,80,3,3,4,33,70,7,57,76,191,27,39,12,98,18,6,24,15,45,96,78,11,20,30,19,15,52,24,76,44,45,20,51,0,36,60,37,11,0,71,14,42,29,12,33,17,14,36,42,9,25,60,4,9,19,5,21,219,82,41,13,15,54,17,69,42,84,30,16,72,49,18,43,6,4,89,24,71,16,14,10,6,66,27,91,9,8,11,27,70,33,11,32,26,3,9,180,20,10,19,38,24,16,71,22,49,28,22,5,19,35,18,8,46,29,22,103,7,8,13,5,61,24,32,4,9,71,25,156,22,33,44,22,13,23,18,5,23,24,16,10,4,10,9,24,49,387,138,62,76,0,17,15,41,21,118,15,35,44,14,25,35,52,0,45,28,43,6,7,0,101,118,21,37,7,6,18,7,65,60,19,3,18,8,7,30,3,4,6,17,27,36,30,4,19,37,14,36,13,3,19,18,7,38,69,67,16,65,5,44,5,16,27,37,21,10,3,25,10,9,3,43,12,10,10,118,15,8,35,40,10,27,23,20,43,23,47,37,126,30,3,60,23,25,5,32,31,4,18,21,19,20,45,9,13,67,22,13,40,18,47,1,24,26,84,93,47,11,47,48,15,77,16,0,27,4,26,18,4,18,17,10,0,28,12,75,0,34,3,27,21,32,39,5,8,9,7,25,25,4,34,8,4,13,23,35,40,7,22,45,11,66,2,24,13,50,29,22,13,18,68,14,19,42,11,8,9,40,51,26,17,21,52,43,7,33,11,29,16,0,38,24,0,0,7,5,26,5,13,7,7,45,9,53,15,262,52,17,5,4,0,3,26,17,42,71,34,15,0,4,30,10,3,57,37,36,10,5,33,21,7,9,45,20,32,0,0,5,17,7,2,12,43,0,57,21,0,4,16,0
ERR912003,controle,51,30,49,6,75,10,28,49,61,90,28,29,101,12,23,66,5,30,19,14,102,30,3,41,55,39,45,42,14,6,2,19,105,67,121,77,5,28,13,22,60,173,6,8,23,61,64,50,112,45,4,48,18,16,16,37,57,9,20,12,19,76,17,34,88,4,77,4,81,8,136,78,41,12,25,4,25,0,0,38,63,2,80,0,26,23,7,54,20,111,56,12,25,22,64,50,52,61,8,41,139,36,68,30,17,20,58,113,20,74,33,31,67,34,0,27,128,101,130,57,8,16,71,14,55,55,40,25,2,21,10,10,66,48,6,145,2,19,12,126,28,23,36,20,71,15,19,16,152,10,110,17,80,6,93,0,30,0,50,15,65,71,19,6,19,151,116,60,69,32,70,7,82,232,36,13,20,44,25,8,14,89,19,8,23,22,23,54,27,91,4,0,89,14,37,32,81,22,24,13,6,24,2,70,26,6,14,7,5,0,26,30,26,52,37,14,20,46,68,0,57,70,53,55,11,17,13,23,25,18,21,22,50,24,25,6,7,23,4,13,31,117,49,58,114,24,17,36,62,39,52,8,4,19,38,19,47,115,13,16,0,75,33,38,39,13,69,27,57,24,24,8,14,136,91,3,52,41,51,57,68,16,17,40,41,85,69,90,51,52,46,93,126,59,25,24,45,81,68,3,53,49,54,50,95,4,16,156,79,45,8,45,9,16,34,44,47,50,14,131,68,50,3,112,88,54,107,18,56,8,18,13,41,12,154,49,6,6,5,158,239,87,39,78,12,23,11,30,39,9,43,64,28,15,25,14,16,63,12,3,25,8,3,8,14,0,2,6,31,36,44,90,19,22,25,57,10,12,4,13,30,0,58,13,16,33,5,20,24,58,76,120,104,62,30,38,52,36,14,287,16,95,15,30,42,0,261,119,28,5,90,52,31,34,8,6,16,5,26,73,36,32,92,61,105,42,16,7,34,53,65,10,5,161,5,36,58,74,9,43,8,5,168,74,21,10,20,19,97,15,53,177,44,115,17,20,32,43,69,16,17,3,71,31,36,5,70,72,4,35,295,111,5,17,12,113,10,23,44,125,55,26,50,12,16,137,248,22,85,25,82,82,85,25,60,61,25,31,22,145,41,320,59,18,17,14,8,24,9,12,158,33,46,59,36,18,42,38,32,70,43,8,41,4,14,25,24,20,94,20,34,116,12,9,0,44,3,2,31,60,65,106,186,24,54,90,41,44,36,25,39,59,6,68,61,51,25,6,28,48,39,118,17,123,0,7,9,21,8,17,155,68,50,31,7,22,12,4,47,4,11,36,78,19,17,17,11,12,302,107,46,20,23,23,10,30,14,130,38,23,122,104,25,6,35,17,141,6,37,51,9,34,2,55,55,131,15,12,11,41,20,43,17,26,124,51,13,230,23,15,17,13,17,16,62,27,47,22,12,47,16,27,23,7,226,34,28,62,6,9,3,16,25,34,27,32,16,21,54,268,16,52,53,34,37,18,7,7,5,53,74,12,17,20,4,56,59,232,151,34,13,9,23,37,133,80,144,9,36,13,6,45,25,42,16,12,2,12,50,17,0,107,119,7,9,76,9,20,7,19,19,17,44,18,32,31,24,10,15,2,18,37,91,16,19,4,11,29,12,2,26,29,40,24,65,86,34,6,100,7,117,27,39,22,26,12,25,12,20,6,24,7,65,15,8,5,89,6,19,69,36,19,34,38,38,60,82,82,3,60,43,35,5,44,12,19,37,12,3,27,10,7,24,24,7,30,9,39,30,27,69,75,31,17,9,74,5,90,16,36,35,6,26,74,11,8,16,9,27,3,15,8,13,0,33,17,65,0,19,0,11,38,57,9,7,5,6,21,19,55,20,48,51,22,13,64,168,14,27,24,75,60,17,22,46,33,66,67,35,53,52,45,13,15,22,22,9,22,9,14,12,72,15,94,118,47,63,6,49,48,16,32,73,3,10,8,15,34,13,12,44,18,6,21,26,60,404,29,20,8,42,0,2,18,30,24,154,10,53,0,8,6,8,17,41,124,21,0,28,0,12,56,27,50,0,12,0,8,13,32,35,17,18,14,0,35,13,0,24,19,2
ERR912047,controle,12,19,6,2,16,6,16,2,20,21,6,0,0,2,0,10,4,6,2,10,5,10,2,10,8,0,2,0,20,3,0,13,4,11,10,11,0,3,10,19,5,20,2,6,1,13,11,9,16,89,0,11,9,0,5,13,22,3,0,0,4,6,0,0,131,13,9,0,5,0,3,8,6,0,22,34,4,0,0,6,10,5,9,0,0,3,3,16,16,8,9,0,8,19,34,5,13,10,18,0,96,10,7,13,9,11,0,23,42,6,2,16,4,0,0,11,0,6,21,76,6,3,21,13,5,3,2,2,6,4,1,3,5,6,6,13,1,2,25,12,4,25,64,12,0,3,3,1,74,13,3,22,8,0,16,3,2,0,0,0,9,0,0,4,4,18,43,5,9,5,19,3,11,52,4,4,0,0,10,24,0,6,5,15,28,12,8,11,15,20,4,0,6,1,8,133,0,41,14,9,2,19,16,23,7,8,11,4,17,0,2,4,12,33,13,3,6,58,7,0,18,18,11,74,29,6,20,4,14,22,12,14,14,12,0,0,6,14,6,8,4,7,4,7,23,2,32,14,14,49,9,3,14,7,0,17,1,21,5,0,26,0,4,2,7,8,0,10,7,17,20,12,20,0,11,0,3,7,0,9,14,8,0,9,45,19,13,29,12,27,16,55,26,39,12,12,5,8,3,0,5,15,19,1,29,8,17,26,6,8,1,3,43,3,3,2,19,35,9,11,21,16,24,3,14,8,112,2,0,4,41,0,24,7,34,9,0,9,24,73,98,0,1,2,31,11,1,3,3,4,2,23,4,0,2,9,33,9,9,5,2,21,12,11,33,0,3,4,3,25,25,16,5,0,0,6,5,4,10,15,4,49,3,2,3,6,0,4,15,33,6,25,9,4,6,7,3,8,10,138,10,70,0,0,31,133,13,14,11,11,14,14,0,11,0,0,13,0,21,16,19,43,9,1,8,4,8,6,10,16,8,2,10,22,16,22,15,17,7,4,12,0,0,14,3,7,8,3,46,30,52,209,58,59,12,14,8,48,27,3,39,58,24,94,7,10,14,14,0,3,19,37,0,3,6,4,3,36,11,37,19,50,8,9,3,39,64,22,0,3,33,7,17,17,7,4,5,3,10,49,19,157,15,8,6,3,28,3,0,3,26,2,7,0,77,13,6,2,3,3,5,23,2,0,10,0,17,3,39,9,2,3,2,0,0,7,26,0,24,11,48,5,16,5,21,4,7,5,2,4,12,15,0,4,6,11,7,8,0,17,11,6,4,9,0,4,26,2,10,0,0,13,12,2,1,4,6,1,8,8,1,3,21,10,11,0,0,56,35,37,164,13,2,18,3,12,3,20,35,2,53,22,6,6,3,0,29,20,18,3,14,2,0,7,3,91,4,2,2,8,13,6,10,7,15,3,4,51,89,4,31,4,3,0,36,7,17,4,2,7,5,6,10,5,23,3,5,34,2,0,0,0,29,1,41,12,5,8,5,73,4,12,0,7,7,2,51,0,6,8,10,4,3,5,0,0,6,99,38,21,28,0,10,15,16,8,23,0,5,36,4,4,3,20,0,4,0,15,0,1,0,44,58,11,10,0,4,11,6,27,3,3,4,0,1,7,13,9,56,0,10,9,0,6,19,0,4,22,4,11,0,2,0,3,1,16,17,5,0,2,7,18,0,6,3,3,21,1,2,5,2,6,0,11,3,2,6,5,2,13,3,5,8,7,8,11,7,0,4,1,5,101,3,3,22,2,5,54,3,12,3,4,4,7,0,7,5,9,1,5,3,19,6,10,3,5,10,4,0,12,1,13,19,6,0,12,0,18,10,0,4,21,0,0,7,0,2,0,7,10,8,1,7,6,0,0,0,1,7,0,3,9,4,7,5,8,12,16,3,23,14,3,7,0,2,9,24,2,2,7,3,16,8,4,5,0,22,4,11,6,3,5,4,24,12,3,5,7,7,0,1,14,8,13,0,0,8,12,9,11,5,4,5,11,11,7,34,32,9,3,0,0,0,0,8,3,10,5,25,0,5,12,0,7,8,13,22,55,0,0,18,0,4,54,12,17,0,0,10,3,3,0,2,8,0,14,0,0,10,0,0
ERR912079,controle,5,21,17,19,27,13,19,6,22,26,32,9,23,6,6,0,9,13,42,8,3,27,25,25,27,12,17,10,22,3,9,19,25,11,34,4,6,34,5,12,4,62,10,13,27,7,74,64,5,36,83,15,30,74,7,20,11,52,21,6,3,22,6,57,75,10,9,4,12,6,31,14,52,0,14,13,11,0,14,36,13,2,207,0,5,19,4,6,29,30,16,60,35,15,74,78,11,2,7,19,32,24,20,24,12,10,5,76,5,39,12,10,0,10,3,11,3,12,39,63,5,29,9,73,10,53,50,8,18,15,2,16,83,23,40,147,5,4,13,27,10,8,20,11,4,17,3,14,173,7,57,14,2,6,12,0,9,11,24,4,22,21,0,19,58,44,89,11,3,32,39,48,36,124,2,12,2,12,30,5,10,25,22,2,0,23,24,5,20,38,12,0,4,7,28,85,9,24,11,20,8,10,11,2,21,2,17,24,22,0,14,6,8,13,45,25,12,193,17,0,19,38,21,22,11,18,23,18,20,119,50,7,51,41,3,8,2,18,19,9,20,30,45,58,37,5,9,52,10,23,26,23,22,22,25,20,9,85,25,12,10,10,6,13,32,3,47,46,7,29,19,51,26,13,26,15,34,6,97,4,27,4,7,6,2,42,74,26,50,69,33,75,38,87,12,42,92,117,96,9,22,34,28,9,58,11,45,75,7,7,4,17,14,4,46,5,43,50,22,132,18,35,12,76,29,19,138,17,9,5,0,4,54,7,144,22,11,21,51,110,88,22,16,17,33,11,2,60,9,18,30,65,9,3,6,18,15,54,21,4,11,13,17,9,50,0,8,3,24,4,54,64,4,23,27,30,26,10,11,6,11,4,75,23,3,26,2,24,21,69,51,61,27,7,7,6,69,16,11,302,6,73,5,38,13,0,59,14,3,10,94,17,0,51,5,6,10,11,6,22,13,27,23,37,8,23,28,16,17,63,28,10,11,51,14,27,68,71,9,11,10,15,24,19,10,9,4,17,74,40,177,88,16,180,30,162,55,19,20,5,25,18,110,77,45,5,15,0,21,14,3,28,3,24,12,9,14,36,21,62,105,26,9,4,8,145,101,41,7,9,25,25,5,7,9,11,7,7,17,66,15,224,68,4,50,26,7,0,0,2,27,17,10,6,43,5,4,31,15,17,23,15,8,19,29,6,5,13,79,13,44,19,14,8,2,30,12,12,51,21,70,46,7,10,114,5,56,67,54,6,44,19,3,61,16,18,21,7,23,60,51,17,4,11,14,8,8,14,21,8,27,45,6,16,7,122,15,0,18,23,10,17,16,5,1,33,0,17,49,34,27,16,36,20,8,34,17,30,8,21,106,67,12,42,4,6,38,30,59,8,13,2,8,14,29,18,15,18,2,7,66,26,24,12,54,5,19,211,38,7,32,14,7,33,124,15,45,17,5,28,24,23,26,23,8,43,6,38,3,10,5,3,50,8,22,2,17,4,52,88,4,16,16,15,28,13,5,7,1,4,26,4,17,4,4,29,20,250,103,14,11,0,4,17,16,68,74,22,29,6,3,15,20,26,0,8,0,20,0,3,0,66,105,25,24,3,6,12,9,66,85,20,26,7,30,11,23,16,3,2,2,21,3,16,4,3,19,7,17,4,11,9,114,27,56,23,53,4,0,4,28,0,19,18,31,26,8,2,10,6,34,0,5,16,6,13,41,14,2,8,30,25,22,12,4,18,9,18,32,2,3,5,21,12,9,20,10,31,25,21,5,1,4,24,4,39,29,51,26,23,2,36,8,13,4,24,14,23,57,28,5,0,48,52,1,12,17,10,20,8,2,9,6,0,48,9,27,20,4,3,0,2,80,29,0,0,19,2,23,6,4,9,20,3,2,5,14,24,10,13,63,8,37,4,8,9,19,17,2,22,38,68,41,9,48,21,11,5,0,45,6,65,11,32,40,4,9,6,6,3,13,37,63,0,3,4,54,12,3,15,7,10,19,9,33,19,86,66,6,12,2,0,0,4,46,15,14,5,5,0,0,29,22,27,92,11,3,37,32,16,25,0,7,38,14,40,0,0,2,16,3,6,8,0,0,4,8,0,0,29,0
ERR912133,controle,21,86,20,36,35,17,14,85,111,48,10,10,4,9,24,12,8,46,27,24,41,26,7,60,14,10,23,13,15,26,8,15,43,33,71,26,8,30,23,8,21,70,13,18,51,34,28,61,64,58,6,35,6,16,3,25,60,21,34,6,10,30,10,36,79,6,25,21,15,17,108,21,15,4,21,22,54,9,37,56,44,28,47,0,14,15,15,50,24,52,38,7,9,27,95,19,18,8,32,6,100,9,52,22,30,51,11,67,23,21,13,10,6,20,0,24,26,26,62,12,17,16,59,26,21,16,49,60,7,20,33,16,73,55,6,72,2,17,13,52,11,240,34,17,6,17,7,12,136,13,41,22,18,31,71,38,26,0,14,16,42,15,0,8,67,148,43,72,13,27,68,18,15,172,5,4,7,14,39,2,12,104,13,12,7,22,39,24,36,31,15,0,43,12,54,25,12,17,45,10,43,25,9,53,42,17,9,6,19,0,25,25,24,91,51,19,42,61,37,3,33,53,40,32,7,41,31,25,7,22,31,14,26,57,23,4,7,13,8,24,36,15,14,25,157,7,26,47,13,53,113,13,8,10,10,19,29,107,23,19,3,11,16,20,30,12,29,22,16,11,24,16,18,16,45,7,27,13,22,18,40,20,32,21,20,42,23,81,58,51,36,75,77,31,25,21,26,64,18,0,14,8,69,18,22,12,14,94,17,8,19,61,25,14,22,57,24,27,19,44,39,21,13,90,66,33,162,8,7,14,3,18,25,13,158,77,0,9,29,164,211,73,49,71,24,13,15,24,9,9,24,28,14,5,12,61,19,24,14,2,15,18,7,6,16,0,13,20,8,36,49,51,4,15,16,29,13,7,2,12,18,17,13,13,6,70,8,38,37,37,39,49,104,27,16,17,24,38,20,313,13,78,26,10,11,0,76,16,10,2,104,113,9,20,4,22,18,2,57,39,45,59,42,21,17,29,43,20,39,67,61,6,30,113,9,42,36,84,27,13,15,5,146,53,21,12,8,19,213,29,61,154,79,116,50,12,23,23,105,24,26,9,104,4,16,24,46,42,0,43,49,122,3,8,10,40,25,34,58,45,81,48,108,22,22,221,145,37,11,15,71,40,41,20,45,22,36,28,8,127,22,194,72,8,34,5,8,6,0,12,103,12,10,10,56,21,57,10,36,60,13,73,14,3,19,51,59,16,76,25,4,53,20,7,0,43,61,24,14,72,50,13,45,44,31,19,24,8,21,16,42,50,6,48,30,39,27,36,28,49,21,25,28,70,4,0,19,23,0,9,47,26,15,4,13,11,29,15,22,4,19,42,82,32,20,10,2,17,113,111,57,12,13,63,51,27,7,68,27,59,52,48,21,7,23,18,120,10,23,7,23,3,5,50,10,105,26,3,28,9,20,36,22,9,26,18,13,154,10,8,26,20,5,2,59,5,66,28,21,11,10,21,48,13,31,13,7,84,5,8,103,3,68,20,23,29,5,16,21,125,18,57,23,39,6,5,11,9,7,18,82,8,6,8,88,73,78,225,169,44,80,6,20,29,77,23,116,7,17,2,22,15,11,18,10,21,26,13,6,9,0,57,67,8,11,41,18,30,4,32,52,19,33,20,10,18,23,14,9,9,8,27,59,11,0,0,14,10,16,21,37,17,10,14,33,124,38,6,50,21,30,7,27,18,35,7,2,9,52,4,30,2,3,5,9,7,11,7,22,89,41,12,37,37,14,44,132,41,34,115,25,12,7,10,16,34,41,25,0,19,33,9,26,34,7,25,23,12,11,8,14,100,5,14,10,20,83,135,26,207,26,7,83,21,19,10,4,10,17,8,12,15,6,0,29,41,50,4,20,7,16,30,34,22,3,117,7,12,39,6,12,10,10,6,15,14,49,27,4,14,35,14,25,4,14,8,28,54,24,28,26,29,15,8,12,89,25,14,8,19,36,28,5,123,32,9,7,1,11,8,9,35,50,7,12,5,7,10,17,9,18,7,2,18,52,17,181,26,10,7,11,0,0,17,21,17,86,18,22,0,6,31,10,80,31,17,6,15,8,9,9,5,16,39,53,11,0,0,16,23,4,19,18,15,0,38,28,0,7,13,2
ERR912200,controle,18,48,3,5,68,0,93,30,202,30,12,5,20,12,11,7,43,109,26,9,13,16,11,48,12,6,2,5,6,50,19,60,7,101,33,25,0,43,0,11,5,16,14,16,84,108,22,30,24,65,6,37,28,4,38,48,75,2,5,0,25,24,7,3,128,4,60,5,13,26,14,27,14,7,18,20,70,17,0,42,37,7,50,0,33,8,51,128,48,36,35,4,5,20,143,41,43,9,40,10,21,15,110,43,81,75,15,25,31,64,13,17,4,15,2,85,11,16,31,30,15,12,74,75,86,23,0,22,2,1,48,57,108,78,56,114,90,6,29,30,4,19,31,18,5,0,8,49,365,20,34,32,7,5,9,7,47,0,31,14,15,11,0,10,7,47,109,9,7,26,20,21,25,126,11,8,65,18,25,2,20,15,147,15,16,9,11,16,1,21,0,0,10,31,44,14,9,47,22,48,9,93,0,55,18,23,9,3,45,3,39,62,25,40,94,16,20,128,19,0,74,56,13,26,16,58,5,20,8,41,93,32,36,55,10,3,53,20,24,20,53,48,58,49,306,16,24,97,5,95,73,14,21,7,10,37,106,88,9,3,13,18,42,13,56,6,11,30,15,42,23,9,35,7,96,0,25,14,28,15,33,44,3,29,45,48,38,109,96,90,71,219,81,60,58,57,9,8,20,20,61,4,105,6,32,16,22,91,14,14,40,23,13,35,53,33,30,18,20,67,30,26,11,21,81,27,184,34,8,52,6,2,50,6,204,83,4,25,74,281,390,18,13,21,0,14,43,22,59,0,53,39,66,11,56,32,53,22,10,22,15,60,9,36,81,0,11,20,6,35,95,53,41,11,8,32,25,2,7,23,11,1,33,18,34,24,52,84,51,66,72,36,152,35,35,6,16,7,8,570,35,100,22,7,36,27,15,24,24,9,157,105,4,22,3,78,104,2,22,95,9,90,16,28,13,58,20,9,68,37,94,2,25,69,20,69,23,43,13,52,6,6,46,96,63,17,5,52,63,151,136,104,8,105,79,169,56,18,151,39,13,12,88,11,62,19,16,137,32,12,52,182,0,174,7,36,30,55,88,58,84,39,41,52,20,33,223,43,7,5,96,24,13,53,14,18,48,60,23,142,26,330,87,2,5,0,9,7,0,12,23,26,7,5,33,59,17,7,16,46,66,4,4,0,2,32,38,46,79,49,26,49,30,2,21,57,6,0,67,85,79,12,42,76,88,16,21,7,10,28,104,32,6,43,77,33,41,10,14,99,39,21,58,76,0,18,38,41,10,4,26,21,10,5,9,13,22,46,5,53,34,12,125,14,8,0,2,16,97,64,45,43,18,171,5,78,8,28,18,72,56,96,0,29,22,3,186,9,77,5,35,15,3,14,15,170,14,34,77,5,48,12,9,15,15,7,2,76,4,16,1,18,37,8,133,11,31,9,2,6,12,14,47,15,16,11,7,207,29,30,3,8,32,15,90,27,6,135,30,211,22,34,9,15,13,8,20,66,26,22,48,10,21,16,9,54,9,327,96,30,38,0,43,44,8,15,214,14,53,2,20,21,30,39,27,6,7,14,14,12,0,59,110,0,12,8,36,45,20,58,0,21,11,7,7,36,40,21,8,4,8,38,16,14,0,7,33,5,36,16,22,43,19,3,57,120,29,4,21,6,15,5,26,43,22,25,5,34,4,47,18,0,7,13,83,23,268,4,47,37,28,8,59,7,47,30,85,44,389,42,77,20,0,21,38,16,5,33,5,2,5,41,55,45,8,114,38,18,33,11,5,130,6,3,10,17,5,14,0,29,5,7,77,40,32,22,5,13,9,5,4,9,0,0,33,12,7,4,21,12,32,17,24,20,6,0,37,35,35,3,6,45,5,8,7,7,4,2,20,18,37,7,50,7,32,8,20,36,7,38,55,55,6,1,104,9,39,9,32,44,11,56,17,133,16,13,17,24,11,0,0,47,28,15,55,11,0,14,49,34,19,5,40,31,17,50,64,85,27,39,6,0,3,5,18,8,21,0,25,12,0,47,0,0,96,18,91,16,9,0,12,0,9,64,2,55,0,9,22,44,4,8,9,1,0,9,7,0,4,4,0
SRR24907834,controle,22,52,10,8,49,30,27,25,103,68,16,2,59,9,42,16,13,41,25,14,2,15,4,7,50,11,2,2,34,8,0,41,26,24,67,6,5,12,0,13,7,9,10,0,48,75,40,33,19,93,1,34,24,38,6,40,53,0,3,13,6,6,2,16,101,0,19,0,60,7,22,20,9,0,22,11,39,23,12,19,18,4,67,8,33,6,8,121,10,50,81,7,18,5,85,56,25,8,35,69,96,5,30,20,15,101,14,88,14,15,19,13,9,14,48,66,39,13,25,9,8,21,92,38,20,30,8,0,9,12,49,4,90,13,26,76,6,6,23,53,10,129,68,21,0,11,0,0,95,41,8,37,2,5,63,0,6,30,73,13,19,19,27,4,25,49,65,26,8,0,115,4,106,71,4,16,12,31,14,9,18,48,0,2,59,108,33,8,15,49,9,30,6,6,22,49,10,0,91,27,5,35,5,16,45,5,48,4,16,10,9,29,29,58,116,10,40,107,13,3,58,114,18,182,21,8,26,4,4,42,0,36,19,28,1,0,0,13,6,15,19,40,39,23,105,12,15,103,20,62,0,2,23,0,57,39,14,83,14,2,7,14,65,33,20,6,23,34,19,9,19,17,67,33,21,15,45,17,65,11,45,10,4,24,44,32,7,100,26,58,34,104,46,33,9,15,79,86,99,11,9,68,96,0,26,10,9,68,22,6,0,11,1,10,20,2,4,40,41,26,31,25,19,32,72,26,141,0,11,4,6,5,76,13,285,34,9,20,8,275,200,31,8,17,33,11,0,10,58,4,12,40,45,3,18,3,43,28,8,23,2,4,3,57,38,0,6,0,0,36,27,93,2,32,8,23,14,9,17,12,5,8,10,11,26,59,2,5,18,30,107,29,99,41,5,11,32,17,16,423,0,49,17,13,5,115,147,35,64,8,32,76,16,55,0,6,13,32,12,70,37,73,32,9,42,21,16,11,22,52,20,5,25,149,5,6,7,57,52,37,9,7,38,80,11,16,34,0,115,59,228,100,67,103,46,128,57,2,115,0,52,15,53,50,131,21,28,60,0,24,116,67,9,36,0,42,89,6,13,48,67,15,13,4,7,285,212,45,21,5,55,4,6,74,28,10,25,3,16,177,29,440,32,16,11,33,3,8,2,1,43,0,2,5,63,35,25,23,0,29,26,29,7,15,17,12,2,7,31,15,20,97,10,0,37,39,41,2,19,80,52,107,18,0,12,22,39,26,9,24,40,50,5,43,50,41,16,0,33,253,41,50,3,55,9,9,3,16,14,8,34,25,36,0,0,42,44,4,0,12,5,6,116,12,2,17,0,12,183,152,70,13,30,114,36,21,6,139,11,67,89,153,8,19,4,183,112,26,46,7,14,4,0,12,16,193,0,2,11,7,22,23,12,9,94,6,2,69,194,0,2,22,18,3,56,5,84,3,0,21,10,0,47,2,3,18,6,51,0,13,16,4,35,9,10,23,31,36,11,201,10,106,13,47,9,0,13,85,11,0,45,9,38,3,2,22,14,345,122,52,50,13,46,34,41,31,36,29,46,28,18,12,7,132,0,11,0,34,4,22,8,73,200,26,24,5,2,3,3,71,3,9,17,19,16,45,85,0,54,0,4,12,11,3,17,27,22,27,11,5,0,3,31,16,63,158,47,18,37,16,6,7,151,5,29,11,3,3,10,5,15,7,4,4,5,7,35,4,0,54,20,0,6,15,23,4,21,75,124,9,18,11,15,36,7,17,7,20,9,34,0,12,5,5,15,5,105,40,3,22,0,126,0,4,0,42,26,4,21,22,5,0,73,16,0,5,5,0,14,11,2,10,12,33,52,2,16,9,3,18,17,0,41,39,0,22,18,7,24,17,9,17,10,0,0,7,18,23,15,8,59,11,7,4,39,0,38,53,0,31,16,55,4,8,109,27,8,11,20,31,0,45,2,146,40,16,9,4,0,19,10,16,59,7,29,4,0,19,41,19,7,19,6,16,67,47,140,90,15,0,0,66,24,0,16,12,5,3,30,11,7,14,7,8,96,49,30,28,1,18,29,18,4,2,5,21,40,15,0,64,0,9,8,9,25,13,11,9,5,37,6
SRR24907871,controle,5,57,16,2,38,27,33,0,71,26,17,3,55,0,58,2,0,64,35,16,0,11,24,26,64,14,6,2,33,28,1,26,14,24,75,0,0,7,0,15,14,39,10,0,71,60,25,57,23,72,0,32,46,47,32,25,40,0,3,10,11,28,2,4,165,0,21,3,35,16,15,26,6,13,32,9,6,26,16,26,23,0,53,26,19,13,22,75,27,30,54,12,12,7,68,59,4,8,38,32,76,17,45,12,16,57,14,98,2,44,0,5,6,48,28,51,44,2,67,26,22,16,70,45,31,42,16,13,2,19,60,11,73,14,27,103,10,10,23,15,12,91,30,7,2,22,2,0,67,51,10,37,10,0,47,0,9,11,39,18,55,39,28,0,19,29,54,8,8,8,56,0,106,100,7,7,18,31,30,7,0,69,6,9,19,69,7,9,29,45,3,67,28,24,15,51,10,3,79,13,0,0,0,33,41,11,51,2,2,26,9,13,54,52,123,11,30,27,16,5,16,55,40,188,20,28,28,4,0,31,2,18,28,48,5,5,2,19,11,25,25,53,23,92,99,4,22,77,8,71,0,13,47,0,18,11,24,74,27,14,30,18,15,23,4,4,22,35,16,35,15,5,53,30,23,2,19,0,77,9,37,25,10,7,79,30,3,80,19,37,57,131,17,48,10,12,28,74,70,36,13,43,72,6,92,18,5,103,40,18,0,5,8,7,12,9,11,21,61,26,46,36,32,25,49,33,158,0,12,16,19,2,56,15,201,38,10,23,5,198,169,43,0,14,62,2,12,30,35,21,9,59,44,12,11,14,67,12,2,0,0,0,15,14,25,0,28,0,2,7,10,80,7,43,14,14,19,0,40,6,29,8,17,15,13,29,13,4,29,11,55,62,110,38,26,29,29,28,4,265,0,21,22,16,10,88,156,22,8,5,43,62,4,26,3,5,32,51,9,99,63,88,45,7,4,8,25,25,12,43,28,6,32,136,10,10,13,59,46,26,15,9,32,76,12,4,22,2,76,55,182,80,70,30,43,113,42,0,61,3,81,12,56,59,152,47,38,31,8,15,86,49,2,50,0,36,77,13,21,26,84,33,24,15,5,296,146,42,40,6,27,11,37,47,28,11,18,6,12,129,27,354,18,4,15,26,3,0,7,9,45,0,20,9,75,53,9,4,13,22,57,43,0,12,8,11,5,24,39,17,33,57,8,5,24,72,27,0,14,38,67,71,61,6,13,9,17,42,8,34,31,28,0,45,57,59,9,3,35,145,38,29,3,66,9,15,3,4,8,7,25,31,30,8,0,84,28,23,3,9,10,19,97,0,5,27,5,49,162,61,83,18,33,28,32,8,3,127,35,45,81,171,14,22,29,112,104,13,44,20,30,12,0,23,26,117,5,5,8,10,44,15,5,2,78,15,7,80,59,0,5,25,0,14,35,7,47,2,0,16,3,0,40,2,0,15,6,48,10,22,26,4,51,0,6,4,31,80,36,234,18,17,41,28,3,0,0,42,4,5,48,2,22,0,16,24,23,202,114,42,41,18,47,20,68,18,63,27,21,26,14,16,3,31,0,9,3,6,9,0,8,110,177,33,14,4,7,2,21,31,11,11,3,7,10,32,49,2,9,9,4,15,5,5,15,14,59,19,6,6,0,7,25,15,39,82,50,8,38,17,6,5,134,8,21,12,12,14,6,7,7,5,22,7,11,9,27,0,5,97,54,4,24,21,8,18,13,37,12,15,8,8,14,3,1,15,4,17,18,2,4,15,20,0,30,7,68,41,13,46,0,120,0,9,4,58,25,4,28,42,5,0,45,12,0,8,8,10,6,7,11,7,11,6,23,11,27,2,7,12,4,4,40,29,5,18,41,2,12,14,0,4,6,1,7,18,56,19,13,6,64,5,3,13,47,4,37,73,0,22,27,89,15,0,72,28,17,14,33,14,12,47,4,101,54,26,18,0,3,9,0,16,43,7,19,2,0,12,16,28,33,3,0,34,102,8,264,77,7,2,7,75,26,0,25,0,2,0,15,19,31,47,12,6,76,33,16,37,6,15,9,29,0,3,5,65,39,33,0,28,0,8,6,0,65,48,6,0,16,22,26
SRR24907892,controle,4,20,18,3,8,24,31,0,46,6,6,0,31,0,9,12,3,23,23,11,0,5,4,11,8,14,0,17,12,3,1,9,12,12,35,0,0,8,5,10,4,10,5,0,13,14,19,37,8,33,0,13,25,8,7,15,34,0,8,2,0,3,0,3,34,0,4,0,17,0,3,12,5,2,19,17,4,5,4,11,8,6,28,4,11,2,7,68,22,43,26,12,6,5,17,26,3,17,3,23,20,0,15,13,6,40,12,28,2,32,0,0,7,6,35,8,9,3,6,11,9,28,15,14,4,0,13,6,12,4,3,5,29,18,15,18,3,5,12,5,6,30,22,3,0,4,4,8,30,2,6,4,3,6,16,0,43,5,16,0,22,12,17,6,6,27,26,18,0,4,32,0,24,34,0,33,7,36,24,5,5,22,3,4,10,36,13,5,7,22,2,18,12,4,19,30,2,7,9,4,0,10,15,5,10,15,14,1,0,5,7,0,39,31,15,5,0,11,4,0,9,22,17,38,3,6,4,2,12,3,0,15,16,47,0,0,5,23,0,2,20,20,5,36,15,6,19,30,5,20,10,2,0,2,8,7,11,25,0,6,3,5,17,0,16,0,16,15,3,5,15,8,22,24,10,0,11,9,7,12,22,6,1,8,2,20,4,49,64,31,25,22,14,7,2,4,13,38,6,4,6,23,35,5,25,4,7,12,11,3,0,9,0,17,12,9,26,27,3,10,10,15,5,9,34,26,65,0,5,10,0,0,9,4,95,7,7,3,4,86,101,15,10,10,20,3,2,3,29,11,19,8,5,3,11,5,30,0,9,7,0,0,11,3,15,3,7,1,0,5,0,21,3,0,8,2,8,2,2,8,8,6,4,4,0,2,7,0,5,9,29,14,16,4,6,2,16,12,0,176,0,25,0,12,0,30,72,0,0,0,18,42,4,23,0,3,15,7,6,13,14,38,18,0,26,10,5,14,13,20,17,0,8,57,3,0,0,12,9,26,2,4,20,19,7,7,15,0,36,20,57,29,10,23,12,43,6,0,36,10,25,2,24,8,104,0,7,18,0,5,46,30,7,29,0,17,66,13,12,19,14,17,14,0,0,62,117,22,14,6,48,0,13,12,4,5,11,25,8,42,10,144,16,3,0,11,2,6,0,4,10,0,2,5,22,43,4,3,4,6,19,23,2,2,0,14,2,8,9,17,2,12,6,5,20,16,9,0,13,38,38,28,20,6,0,36,10,11,10,22,6,11,0,36,24,4,8,5,6,13,15,16,5,15,5,15,7,0,6,3,17,32,5,4,0,18,2,2,0,5,3,6,23,7,10,13,0,24,81,23,22,8,9,11,0,20,0,39,15,10,45,23,5,0,6,85,56,3,6,11,10,4,0,0,16,54,0,6,10,9,11,18,6,9,42,0,0,36,23,2,0,14,3,6,46,2,20,8,4,7,4,0,14,11,0,0,0,14,2,5,10,6,27,6,6,2,15,29,7,40,16,13,5,20,3,0,4,2,7,14,3,0,2,0,6,16,26,155,41,10,40,7,4,18,29,12,33,7,2,0,0,13,5,15,10,2,0,15,12,0,50,28,47,0,4,16,2,0,10,6,0,6,3,7,0,17,12,0,2,2,3,3,14,2,10,5,8,0,0,4,0,6,5,13,15,47,31,4,13,10,12,17,19,9,12,5,0,4,3,3,0,2,19,0,3,6,20,0,1,30,17,0,7,14,6,4,4,72,12,6,4,4,6,0,3,17,0,3,2,2,1,2,10,0,0,6,6,7,0,4,0,53,3,0,12,31,3,7,11,21,0,5,26,15,0,2,0,5,2,0,8,4,4,6,13,15,24,0,6,6,16,0,5,3,1,23,6,0,2,8,0,7,0,2,0,2,14,10,3,11,30,0,0,2,17,0,23,25,0,11,4,9,7,4,4,7,10,4,13,9,6,4,0,92,30,6,13,5,0,5,5,3,4,2,0,0,0,4,3,8,4,3,0,8,16,15,114,30,4,0,7,21,9,0,16,6,0,3,23,5,3,6,6,0,21,23,5,10,4,6,9,6,0,4,8,17,34,4,0,3,0,12,8,0,20,13,10,3,7,4,0
SRR24907906,controle,10,14,0,0,6,6,14,4,38,10,6,2,9,3,6,0,0,9,10,2,1,13,0,13,7,0,0,4,23,0,0,35,2,10,11,0,0,0,1,7,0,12,2,0,19,27,13,13,6,28,0,16,3,2,2,18,23,0,1,4,0,7,2,3,50,0,7,0,10,4,0,2,5,0,7,0,13,11,3,9,5,1,17,0,5,0,4,33,3,14,17,4,18,10,14,12,6,0,15,10,25,0,13,9,8,10,10,21,0,11,6,0,3,7,17,8,10,1,9,12,2,9,17,14,8,0,8,0,5,5,1,9,16,2,15,24,2,0,4,4,6,27,10,3,0,0,0,0,23,8,6,13,2,4,12,0,0,0,17,3,0,4,9,0,4,9,21,10,0,11,18,3,15,40,3,2,10,10,12,6,2,19,0,6,4,54,3,2,1,9,0,11,9,5,6,15,0,0,2,11,0,0,1,4,19,3,9,1,9,10,3,0,16,22,27,4,4,4,8,8,14,11,10,25,0,16,13,0,3,3,0,12,3,12,6,0,3,13,34,6,8,8,7,8,21,2,5,16,2,48,9,6,0,0,7,12,8,16,13,4,6,0,11,0,8,0,14,5,2,3,12,6,16,6,6,0,5,4,19,8,29,9,1,2,15,7,5,28,18,23,15,51,28,30,7,3,24,18,34,18,4,7,23,0,42,5,2,25,3,3,0,3,0,3,3,4,8,13,5,9,9,5,8,6,29,9,55,0,3,11,4,0,10,5,63,14,2,0,0,51,25,2,0,7,6,8,0,5,14,16,2,8,9,0,0,0,11,10,0,5,0,0,3,5,4,2,2,6,0,6,9,22,8,0,5,7,13,2,5,0,4,0,8,0,2,22,5,4,7,11,31,15,17,19,0,9,11,19,3,103,0,27,2,3,5,12,54,12,5,6,15,24,1,5,0,3,10,20,8,12,9,53,11,0,7,12,5,9,5,19,7,0,6,21,3,5,3,5,15,9,3,0,5,9,3,0,5,0,20,15,60,28,14,14,10,46,16,8,32,1,15,12,20,9,28,0,9,10,0,4,29,27,0,14,0,10,26,5,14,17,21,10,5,7,3,91,64,11,6,2,11,2,7,14,0,7,6,4,8,49,3,149,3,4,5,2,0,0,2,0,12,0,0,4,28,13,0,3,0,13,2,11,0,2,3,7,2,2,20,2,4,9,3,2,8,17,14,0,6,11,24,10,18,3,5,0,5,12,2,13,6,13,0,22,21,15,3,0,5,24,31,10,5,16,6,2,0,0,3,9,7,14,10,3,0,9,2,3,0,1,7,5,14,4,1,7,0,4,47,30,15,4,12,7,6,5,3,29,20,12,26,44,5,8,1,37,28,1,16,6,23,3,0,20,7,37,0,10,12,1,6,8,0,0,23,1,3,38,9,3,4,2,0,2,7,4,14,8,0,0,3,0,12,0,2,0,0,22,3,4,4,5,22,1,14,4,13,4,19,37,5,8,3,6,0,0,2,4,5,0,8,0,0,0,0,18,3,59,12,9,18,10,13,11,10,8,21,21,3,0,2,5,0,34,2,2,3,0,3,2,7,26,40,0,8,1,0,0,4,17,2,3,3,2,2,5,9,0,2,0,3,2,0,2,6,0,3,0,3,5,0,7,5,2,11,36,9,0,7,6,9,8,25,8,2,3,3,0,2,6,3,5,0,5,5,7,22,0,0,13,16,0,0,2,4,3,4,36,12,0,7,6,0,0,0,5,2,8,7,1,3,9,9,0,6,8,0,16,0,5,17,37,0,7,3,8,21,14,2,10,0,0,27,5,1,0,2,0,0,0,0,2,6,3,11,5,7,4,0,8,7,0,14,9,0,10,4,2,2,3,0,4,0,0,2,7,13,5,6,2,7,12,3,2,5,13,10,11,0,15,6,11,6,2,5,10,15,6,6,6,8,15,5,39,16,6,3,0,3,2,0,6,9,2,2,6,0,4,0,7,8,4,0,2,22,8,16,23,2,2,1,30,10,2,5,2,5,3,10,5,9,11,3,1,20,9,18,7,0,5,7,5,0,3,4,5,15,3,0,7,0,0,3,0,21,7,8,2,0,9,3
SRR24907908,controle,20,16,7,0,16,13,11,4,42,19,11,0,23,0,5,4,0,29,13,0,0,5,2,8,7,10,0,6,3,4,0,6,29,10,25,0,0,10,2,9,3,10,9,0,29,12,7,34,9,41,0,14,12,25,10,9,22,0,0,5,0,7,0,4,20,0,6,0,17,5,3,9,0,0,13,7,19,20,8,8,6,7,23,3,11,0,0,20,3,29,36,9,5,0,25,47,0,0,13,25,51,0,8,7,5,18,15,19,0,3,0,0,3,2,37,11,16,2,0,22,0,9,16,5,14,5,5,8,7,5,2,9,36,5,5,16,2,0,0,0,8,38,23,0,0,4,0,0,18,18,15,13,0,3,17,0,10,2,17,14,0,15,14,10,7,20,22,3,1,4,28,8,42,70,11,2,29,9,16,0,7,26,0,2,10,63,5,2,7,11,0,14,8,4,4,27,4,4,10,2,0,4,7,9,9,0,7,1,3,3,0,7,21,29,22,11,7,101,4,0,10,31,2,72,4,15,7,0,0,6,2,6,11,52,1,0,0,3,3,0,6,18,5,0,26,0,5,30,2,40,4,2,2,0,6,7,3,16,12,0,8,12,10,0,5,4,6,11,0,4,11,3,25,12,8,4,19,4,40,13,15,6,5,10,9,5,3,57,35,15,29,44,7,16,2,0,18,31,29,2,3,15,57,0,7,10,3,22,11,0,0,1,0,3,8,0,8,22,10,12,8,12,2,7,17,4,42,0,12,5,0,0,7,0,76,15,3,1,0,105,98,5,0,7,11,7,2,5,22,6,4,6,19,0,2,3,5,4,3,3,0,0,2,2,12,0,4,0,2,17,5,12,0,14,0,3,3,0,3,0,0,0,4,3,5,19,2,0,11,15,37,16,25,11,0,6,14,7,0,182,3,17,3,4,0,17,69,15,2,4,13,14,4,31,0,3,21,9,0,50,14,20,17,3,10,5,7,4,13,18,13,0,11,67,4,0,0,10,3,16,0,1,12,26,6,4,10,0,33,22,52,29,15,29,16,39,21,0,47,3,11,0,15,9,82,5,5,18,0,8,38,26,4,36,0,15,70,5,9,10,22,5,9,0,3,67,89,6,14,4,7,0,12,25,4,2,8,34,8,39,6,74,15,3,3,9,0,0,0,0,15,0,0,8,17,6,6,3,3,6,17,18,0,2,5,7,0,17,12,7,7,26,0,6,22,14,6,0,0,49,32,13,17,0,5,4,4,16,15,4,10,17,0,22,9,12,2,2,9,46,7,21,0,20,1,2,0,10,11,0,9,12,10,0,0,26,4,5,0,3,9,8,23,2,0,9,0,0,74,41,30,5,17,14,2,7,2,39,23,15,29,55,5,2,7,115,54,3,12,12,4,0,2,4,34,32,0,2,5,13,16,12,3,30,62,2,0,27,27,0,2,11,3,7,8,0,23,6,0,6,2,0,14,0,0,0,2,21,1,5,7,3,31,0,12,6,10,16,8,98,3,24,4,13,5,0,0,8,0,6,17,0,2,0,3,14,43,50,40,10,9,4,14,0,12,11,30,4,0,4,0,5,3,14,2,3,0,3,7,0,21,32,31,6,9,11,0,0,7,15,3,2,2,0,1,30,16,0,8,0,0,6,20,10,9,4,12,0,0,4,4,0,19,9,11,20,19,3,20,2,0,7,27,2,8,2,3,0,14,2,3,0,0,0,3,4,23,0,1,15,12,0,5,7,6,4,10,13,16,10,8,15,0,0,0,11,0,11,1,7,13,0,4,0,8,2,17,6,0,8,8,24,0,0,2,27,15,26,19,15,0,0,8,14,0,2,0,3,5,2,0,0,2,5,10,2,7,0,0,9,7,4,10,6,3,6,0,4,4,12,3,8,4,2,2,5,15,0,5,2,25,4,4,9,5,0,26,16,0,17,4,9,2,0,8,8,4,3,12,6,3,22,4,87,19,11,4,4,2,8,0,0,6,3,6,4,0,0,6,0,2,4,2,9,12,10,71,34,4,0,0,34,28,0,11,0,3,0,12,10,7,8,4,0,15,17,5,11,4,6,6,12,4,0,16,9,38,3,0,7,0,0,2,0,17,8,2,0,2,9,6
SRR24907938,controle,7,23,5,2,34,2,8,4,11,7,6,0,4,0,6,3,3,3,0,5,0,7,0,12,11,4,3,3,4,4,0,8,2,3,19,18,0,0,9,9,0,11,3,0,4,7,1,8,3,9,3,9,0,3,4,5,34,0,3,4,0,3,0,6,33,0,4,0,13,0,24,2,0,2,7,2,4,5,2,19,1,3,7,0,0,5,0,8,0,16,5,1,3,3,26,5,8,4,7,5,16,0,18,7,3,17,1,8,2,10,6,6,0,0,3,0,7,4,14,3,5,4,5,8,2,0,3,2,0,2,3,0,11,10,2,14,1,3,6,4,10,12,15,0,2,1,0,4,25,2,3,5,8,0,7,0,6,2,5,2,2,8,2,0,4,15,7,3,0,6,7,2,6,23,0,0,3,7,11,3,0,17,0,2,4,4,3,3,3,8,1,9,5,4,11,9,0,0,8,4,0,6,7,11,10,2,5,1,6,2,3,0,6,5,18,4,4,82,2,0,8,8,8,28,3,2,1,0,0,17,0,11,7,16,0,2,3,9,3,5,5,4,3,11,17,2,7,8,2,41,10,3,5,2,1,6,6,14,2,0,3,4,3,4,7,0,0,4,8,4,12,0,13,5,12,1,7,4,7,2,8,1,1,5,21,14,4,28,18,49,10,8,60,9,3,4,5,25,10,2,3,4,15,1,13,9,2,23,6,3,0,0,2,5,6,0,8,5,4,15,3,9,1,3,9,2,26,0,0,4,2,0,7,2,24,5,2,4,0,36,19,2,0,6,2,2,4,3,8,4,3,3,2,3,22,3,3,8,0,0,2,8,5,2,5,9,5,0,0,4,49,14,10,3,0,6,0,0,8,0,0,0,3,0,1,6,0,0,4,6,13,12,22,8,3,0,5,2,2,82,5,12,0,5,0,37,25,33,6,8,6,21,2,4,1,0,6,12,10,7,2,12,6,1,5,9,7,2,7,8,4,0,11,36,4,14,3,5,9,5,0,2,9,11,0,6,7,0,21,12,35,33,6,13,16,12,3,2,11,1,6,2,19,28,17,2,11,17,7,16,35,30,2,22,0,9,31,22,6,17,4,14,0,2,0,36,27,18,5,2,11,5,2,5,3,8,6,5,3,22,9,72,7,0,0,4,4,0,0,1,2,0,3,1,11,7,5,6,0,12,10,3,4,3,0,4,0,2,17,3,3,9,2,2,5,4,2,1,7,9,15,5,15,5,11,4,14,3,0,5,13,5,0,22,18,4,5,0,0,25,9,6,3,2,1,4,3,3,5,2,11,5,2,3,2,5,4,3,2,2,2,0,22,8,2,2,0,3,52,6,12,2,4,11,0,6,0,24,0,8,7,19,8,3,3,21,44,2,7,2,4,4,0,4,4,21,0,0,6,7,3,9,4,0,4,2,0,19,8,0,2,3,7,2,12,0,5,4,2,1,3,0,5,2,0,2,5,12,1,1,4,1,12,2,0,3,3,1,4,39,10,6,5,3,0,2,2,0,2,0,9,2,2,3,9,25,4,47,10,4,6,3,8,4,23,5,23,2,2,1,2,5,3,5,0,4,0,2,2,0,0,25,9,14,3,4,0,0,2,15,22,0,2,2,3,0,0,0,7,2,0,7,4,2,1,45,3,6,0,0,0,7,4,0,5,18,8,1,2,6,0,0,6,9,4,2,0,0,12,0,0,0,1,6,2,6,3,0,1,16,2,4,4,7,11,0,22,17,11,24,9,7,0,6,0,4,3,24,0,1,0,0,9,11,5,3,11,0,28,12,0,18,0,3,0,6,2,7,7,17,0,0,18,2,3,24,0,4,3,0,2,12,0,0,10,5,5,2,4,1,0,2,3,3,1,0,0,2,0,5,2,2,0,2,0,8,9,2,3,6,0,4,39,3,5,0,4,6,0,3,3,17,2,2,5,2,2,3,10,0,2,6,0,31,9,7,5,2,2,2,3,11,4,3,3,2,3,2,0,8,4,1,2,2,16,9,68,23,4,0,0,8,4,0,5,10,2,10,8,8,5,4,0,0,9,4,0,4,2,2,1,2,6,0,2,3,5,2,0,5,0,0,6,2,2,0,3,2,2,4,9
SRR24907942,controle,6,10,10,3,5,8,10,0,32,10,7,0,13,15,7,13,43,24,15,8,0,40,8,4,4,6,3,0,17,5,0,13,2,20,22,5,0,12,6,3,2,4,24,6,18,33,8,21,7,48,2,9,13,4,2,12,31,2,10,1,4,5,4,4,59,11,10,2,10,5,5,5,13,4,21,5,4,3,2,21,10,8,30,3,14,2,12,53,28,26,31,5,5,0,36,8,22,4,7,10,20,6,22,10,14,39,5,28,4,27,31,3,6,10,16,18,7,15,15,6,0,12,66,34,4,12,7,0,3,2,0,0,14,7,11,38,2,9,9,5,6,43,47,5,8,1,2,2,35,2,4,8,2,7,7,0,12,7,21,0,9,12,8,4,10,29,44,60,5,6,10,0,25,50,5,6,8,20,9,2,3,23,18,7,14,26,9,6,6,30,2,7,7,15,21,20,10,7,13,15,2,6,0,9,8,3,10,0,6,13,22,10,17,35,35,9,11,153,2,3,9,26,7,12,4,9,6,13,7,11,3,13,6,14,4,2,0,15,3,5,21,7,11,43,53,5,6,19,2,24,3,3,5,0,1,13,13,22,1,4,12,5,24,4,19,3,29,9,6,8,8,21,27,7,18,3,4,11,19,12,34,5,6,7,8,31,22,83,30,41,19,44,13,32,22,30,21,27,26,6,4,10,24,3,21,4,1,51,6,3,0,4,2,7,20,7,23,14,18,24,17,8,2,11,37,17,76,0,9,19,3,0,7,7,115,24,4,4,0,73,135,23,2,15,8,2,4,12,26,13,24,32,18,0,0,5,16,11,3,7,9,8,3,12,5,7,2,3,2,3,27,32,2,15,7,9,7,7,10,8,3,5,5,4,0,11,0,5,9,11,31,17,43,18,3,3,4,11,14,185,5,25,0,0,0,9,56,0,7,0,35,51,6,15,2,5,9,32,10,14,10,26,18,4,20,7,4,23,8,22,13,2,6,56,8,5,6,36,23,14,2,7,22,18,6,2,22,6,33,18,123,49,15,69,23,46,15,9,29,3,41,16,12,13,42,15,31,13,0,5,80,50,3,20,3,15,25,8,28,17,15,28,14,4,9,114,97,39,11,11,33,4,3,38,4,4,16,4,9,61,20,188,12,18,0,2,3,20,0,0,11,4,6,4,22,13,16,4,4,15,19,18,0,0,1,2,4,6,50,21,8,14,0,0,11,24,20,4,10,25,32,28,18,9,7,0,13,7,7,10,37,11,7,43,11,3,6,4,7,33,25,9,12,18,3,6,15,5,3,2,4,13,18,4,11,22,12,12,3,4,21,9,15,14,7,10,0,3,50,39,23,26,13,31,0,8,4,53,35,11,32,37,12,4,5,25,32,12,27,8,18,0,0,15,11,82,3,10,3,3,15,14,3,12,29,8,2,44,22,10,2,14,0,6,73,2,20,7,2,4,4,0,4,8,0,4,7,28,3,10,2,4,27,11,20,17,8,25,6,62,10,25,11,15,13,0,4,12,2,5,7,0,8,3,0,21,6,129,28,9,32,3,7,22,17,25,52,8,0,7,3,5,3,22,4,4,3,17,6,7,10,44,62,9,6,10,0,0,7,54,6,11,12,2,3,15,21,0,9,7,4,14,9,11,5,6,13,0,9,10,9,20,3,3,21,118,25,2,12,8,6,8,44,3,24,18,5,2,8,7,7,8,2,19,16,2,28,0,3,17,5,2,7,17,14,7,53,11,21,0,13,8,8,3,3,7,0,5,7,9,2,3,2,3,3,10,41,14,2,5,4,50,2,5,2,16,7,7,5,43,0,2,48,9,0,24,5,5,4,0,2,4,4,7,14,4,14,0,4,6,10,4,31,6,2,4,13,5,15,5,0,11,7,2,4,0,9,12,2,8,18,0,4,0,8,6,3,25,0,16,20,43,4,5,16,6,5,10,7,25,4,21,9,61,9,9,5,0,2,21,6,20,12,4,3,3,0,17,0,27,5,11,0,9,33,10,54,32,10,3,2,24,9,2,19,0,4,5,10,5,2,5,3,4,34,26,23,27,5,4,6,0,0,6,0,14,16,13,3,10,0,0,4,5,4,9,3,0,2,2,2
SRR24907950,controle,66,17,0,0,4,8,5,7,29,11,4,5,12,0,2,14,0,18,7,3,0,7,7,3,6,12,4,2,5,4,0,6,21,10,21,10,0,10,0,3,2,8,0,0,8,4,16,19,8,0,0,14,9,2,7,0,40,0,2,3,0,32,8,5,41,8,0,5,29,9,18,19,9,2,6,4,7,2,41,8,4,0,9,5,0,0,0,24,8,22,21,7,5,0,9,5,16,0,4,18,55,5,32,6,2,10,10,24,2,0,34,3,6,19,34,15,16,0,116,71,0,3,415,9,6,0,5,3,1,1,3,9,7,18,3,83,0,0,7,16,5,212,6,2,0,0,0,0,16,8,13,3,5,0,8,0,2,9,11,3,0,4,9,4,8,11,33,4,0,164,0,6,26,313,10,5,3,8,26,0,0,189,0,0,2,42,0,4,12,40,0,27,5,2,123,20,14,0,3,5,0,11,2,264,14,17,0,0,2,0,0,5,23,110,5,0,2,6,12,3,0,5,4,25,25,3,191,12,6,23,0,4,6,10,0,0,0,0,0,0,10,48,0,16,61,23,6,25,4,48,74,2,9,4,13,0,9,12,4,5,6,20,6,0,4,0,132,3,6,127,610,8,25,10,11,4,29,15,6,14,3,0,3,2,5,15,12,16,22,9,11,27,31,11,8,14,11,8,20,0,0,6,35,0,22,15,1,56,10,0,0,0,2,5,7,0,2,17,7,12,6,5,7,6,5,126,51,0,8,13,0,8,3,0,64,25,1,3,0,36,64,56,13,16,17,3,7,2,6,3,14,16,17,7,5,0,10,3,2,0,4,0,4,0,9,152,3,0,0,84,17,7,2,21,6,3,0,0,4,3,3,0,0,6,0,7,2,0,0,2,17,21,16,18,0,3,8,5,3,161,0,33,0,3,5,0,48,8,2,12,234,7,7,13,0,0,6,7,6,12,7,25,17,4,13,5,5,4,7,9,7,0,4,89,0,8,0,7,3,19,0,0,32,17,8,0,7,2,135,76,80,61,1,71,3,9,10,10,38,0,5,0,88,8,54,2,4,166,13,30,31,15,0,24,0,3,140,11,5,26,10,24,49,4,7,50,78,6,6,0,25,12,3,5,47,0,12,0,6,20,21,18,17,0,6,2,0,11,0,0,119,0,6,5,10,14,19,3,3,10,9,13,11,2,0,0,0,4,45,0,15,9,0,29,12,6,1,3,4,17,19,4,20,7,13,9,18,1,19,3,0,6,0,5,27,4,0,0,1,19,9,13,7,9,6,9,5,5,2,2,205,25,12,0,0,11,9,11,28,0,0,8,17,3,0,5,0,3,230,26,51,0,12,7,0,6,3,20,3,34,32,12,13,6,7,58,35,0,6,6,4,4,0,37,8,7,0,0,2,24,13,19,10,6,24,5,0,41,19,7,5,7,0,4,0,0,8,0,0,3,0,0,4,0,0,4,26,14,3,8,36,8,18,0,9,0,10,3,0,51,2,4,10,30,0,0,4,2,2,0,33,2,5,0,67,7,5,49,22,9,16,2,2,12,9,3,14,0,6,0,0,1,0,3,0,2,3,0,0,4,19,61,6,11,3,0,0,0,2,25,103,0,0,4,2,2,10,82,0,0,0,0,1,0,6,30,2,0,7,5,3,14,77,6,13,64,2,1,4,4,27,11,2,2,2,0,13,4,21,124,0,0,0,2,2,2,14,5,2,37,12,0,6,6,0,8,65,17,4,0,10,2,5,5,7,10,0,2,2,0,9,7,2,0,5,0,0,0,6,9,0,13,3,0,0,20,2,97,9,22,0,2,82,3,0,0,0,3,10,0,0,0,5,4,3,0,13,0,3,2,2,4,0,0,13,15,0,0,7,17,3,14,0,0,0,2,2,19,0,0,0,5,16,6,3,0,3,12,4,3,7,0,0,0,4,7,0,2,2,0,4,7,0,50,27,15,2,3,0,19,0,3,3,0,0,0,0,0,4,8,8,4,0,2,5,0,100,8,0,0,6,45,10,2,2,3,6,3,18,7,7,10,0,178,12,10,3,5,44,13,15,10,5,5,2,1,22,0,0,0,2,8,6,11,9,6,0,5,14,0,2
SRR24907956,controle,2,6,10,0,6,5,10,8,29,10,18,3,12,0,12,3,0,13,1,4,0,7,0,6,7,6,0,13,14,2,0,4,6,7,29,0,0,0,3,3,7,13,0,0,12,8,4,12,4,14,0,5,5,12,9,8,27,0,1,5,0,8,0,1,13,0,7,0,9,3,5,4,2,2,13,2,16,6,7,5,9,0,4,0,2,0,6,4,9,15,33,6,8,0,18,21,3,0,19,16,31,0,5,0,0,14,6,30,2,12,0,5,2,9,21,6,14,0,9,4,3,0,17,5,17,8,5,3,0,1,1,5,20,6,10,10,0,0,2,10,8,18,11,3,3,0,0,3,18,18,4,17,3,2,16,0,0,7,8,9,0,8,3,3,1,14,4,13,0,3,24,2,17,30,1,0,7,9,17,0,2,21,0,2,6,35,7,2,3,8,2,28,18,5,4,15,9,0,3,4,0,6,0,8,16,2,1,0,4,2,7,3,4,18,25,0,0,44,5,2,0,28,8,42,4,5,6,2,0,4,0,14,3,16,0,4,0,3,0,2,7,11,5,6,19,0,10,21,8,30,0,0,4,0,8,2,10,15,7,2,3,26,5,2,3,0,5,5,2,14,13,9,14,9,6,2,12,11,3,11,2,5,0,8,8,7,9,31,10,11,13,12,11,0,4,8,15,16,14,7,5,8,12,2,7,3,3,24,24,11,0,1,0,0,14,2,3,6,2,17,6,6,0,4,15,9,43,0,10,0,2,0,8,9,50,22,1,4,0,48,68,18,0,8,4,7,0,3,9,8,11,0,7,8,0,3,9,7,0,0,0,0,0,10,2,0,6,0,2,6,8,10,0,6,5,2,3,0,3,9,7,2,0,0,2,6,9,11,4,13,5,13,25,15,0,2,11,6,0,80,0,0,2,8,7,5,47,23,0,6,7,19,2,7,0,0,5,2,18,10,9,30,16,0,8,0,9,5,7,11,3,0,9,39,0,0,0,0,4,9,0,1,6,22,3,0,4,0,15,7,46,17,10,35,10,16,8,0,32,0,36,3,21,12,39,4,10,16,4,6,50,8,3,15,0,11,26,5,7,11,14,8,5,11,8,20,42,23,6,2,14,0,2,10,10,3,0,0,11,35,2,80,26,0,6,4,0,6,0,5,15,0,9,0,8,3,9,0,8,11,12,8,4,0,5,11,3,2,7,4,0,17,3,2,5,8,6,0,4,10,18,6,14,0,10,6,0,4,0,2,13,20,0,11,23,16,7,0,2,29,11,11,0,8,6,1,0,0,8,5,8,20,22,5,0,2,0,5,9,0,2,0,12,3,0,6,2,4,64,22,23,4,5,12,8,5,0,33,9,12,21,61,4,9,1,50,38,3,3,2,0,5,0,22,0,33,0,3,2,3,6,10,19,6,18,0,4,22,6,0,0,3,0,0,0,0,5,2,0,2,3,0,14,7,7,0,6,9,0,3,2,2,12,0,0,0,5,5,2,71,9,15,4,8,7,4,0,2,3,0,16,6,0,0,0,8,5,38,17,18,8,1,2,21,14,7,22,3,2,7,4,0,0,8,0,0,0,9,1,0,8,33,21,14,4,4,0,0,5,10,2,0,3,0,0,7,3,0,0,2,3,0,6,3,9,0,6,0,0,4,4,3,15,2,5,19,19,4,16,0,9,2,7,2,5,4,0,0,7,5,0,0,0,0,0,5,4,0,0,14,3,5,0,4,5,0,18,11,42,0,10,2,3,10,0,13,6,2,1,1,0,3,11,11,3,3,6,8,3,7,5,6,4,0,2,26,16,24,11,2,0,0,0,5,0,0,2,0,5,0,0,0,2,0,13,0,4,3,0,2,4,0,4,2,0,3,6,0,0,8,7,12,0,0,2,7,16,7,0,12,3,13,0,4,7,6,0,18,4,4,8,11,0,0,5,6,5,6,3,0,3,3,0,51,20,9,6,2,0,5,2,14,4,2,2,0,0,0,13,0,0,0,0,2,8,8,65,23,4,0,0,19,4,0,3,0,16,0,10,5,5,15,7,1,13,8,4,8,1,5,1,7,0,0,0,7,17,0,0,3,4,2,8,0,3,5,0,0,4,12,7
SRR24907957,controle,4,11,0,0,6,4,8,11,22,20,11,3,13,3,2,8,0,7,14,5,0,9,2,8,13,6,0,0,7,3,0,6,0,2,8,15,2,0,0,3,3,5,6,0,3,8,8,14,7,12,0,4,13,6,3,3,19,0,5,5,0,8,9,0,29,7,5,0,18,2,0,0,2,0,5,9,5,7,0,12,2,0,5,0,2,18,7,50,9,28,14,7,10,12,12,18,10,4,8,17,20,2,5,3,0,18,6,15,6,9,0,19,0,9,28,3,8,3,20,8,3,0,0,13,5,3,11,0,0,0,0,3,15,4,7,8,0,0,2,8,4,8,3,3,0,0,0,0,9,6,14,10,3,0,13,0,3,13,11,3,0,7,15,0,7,6,6,3,0,7,15,0,7,21,12,0,8,4,16,0,0,36,0,2,2,23,2,7,3,14,0,9,2,8,11,19,0,4,0,8,4,0,2,3,16,2,3,3,2,3,5,12,14,9,13,3,4,0,3,6,0,11,3,26,3,6,5,5,0,4,7,2,9,15,0,0,0,3,3,2,15,6,0,10,11,9,20,16,2,26,0,9,0,3,2,2,0,10,6,0,5,11,2,2,2,0,6,10,2,0,8,9,11,9,2,1,4,11,0,3,5,2,0,10,4,12,6,24,14,7,9,30,30,12,3,0,5,22,18,5,8,7,19,1,21,2,6,13,21,0,3,0,0,9,0,4,4,12,4,15,4,6,2,5,17,0,38,0,9,0,0,9,8,0,36,14,6,3,3,44,77,7,4,5,11,0,4,2,3,2,0,3,6,0,0,0,9,11,0,0,0,0,4,3,10,0,2,0,0,11,10,17,0,14,8,0,0,3,2,2,0,0,9,0,2,13,5,2,4,3,13,13,17,18,0,0,14,4,3,81,2,34,0,5,3,8,34,10,3,0,17,4,3,9,2,0,3,6,5,13,5,9,15,2,8,0,2,4,7,5,3,0,12,38,2,0,2,0,3,11,4,2,10,10,13,2,7,0,6,3,25,22,7,24,10,23,3,7,35,0,10,2,5,6,32,3,10,10,0,3,21,16,0,7,0,5,31,16,16,26,5,10,0,0,0,52,58,8,5,0,21,0,12,9,0,2,9,2,2,33,2,24,13,0,2,1,2,0,1,0,7,0,4,2,16,7,0,3,2,13,8,20,8,0,0,9,0,0,6,5,2,9,3,0,12,4,0,0,6,3,14,2,15,0,7,0,0,1,2,0,0,12,0,15,14,7,0,0,0,10,9,10,9,15,3,3,8,3,2,0,6,7,8,2,0,15,5,4,3,2,5,3,16,0,0,9,0,3,45,23,36,7,2,18,0,0,0,25,23,7,26,32,0,3,0,41,43,5,0,8,5,5,0,18,3,34,0,0,0,3,0,5,0,3,18,4,0,17,6,2,4,8,0,4,24,2,7,0,0,0,0,0,8,2,7,2,6,6,0,0,4,0,26,0,0,2,8,3,0,28,9,0,4,10,5,0,0,2,2,2,7,5,0,6,0,6,3,39,26,12,5,3,2,0,15,10,34,3,0,0,2,12,5,0,11,4,0,2,0,0,6,21,16,2,1,7,2,0,4,24,0,3,5,0,4,3,0,0,9,0,2,5,1,0,11,2,0,6,0,0,0,3,17,3,10,41,16,0,17,0,32,6,6,0,0,6,12,2,10,2,0,0,10,0,0,2,10,3,1,23,0,2,0,2,6,0,18,20,10,0,11,6,0,4,0,8,0,7,0,0,0,0,2,6,10,4,2,7,7,10,11,4,3,3,9,39,9,0,13,7,7,0,5,9,0,0,0,0,0,0,0,0,1,4,4,7,5,3,4,1,5,2,0,0,3,2,6,2,7,9,0,6,7,0,0,9,15,2,0,2,9,0,3,0,1,0,3,13,0,6,2,8,0,0,2,6,3,8,4,0,3,2,0,22,23,11,0,0,0,5,6,0,3,0,2,0,0,0,0,7,3,5,0,0,19,12,52,5,7,0,2,15,5,0,8,0,7,0,9,1,6,10,4,0,6,10,4,2,4,6,0,11,6,3,0,2,23,2,0,0,0,0,7,2,4,17,0,0,3,2,5
SRR24907983,controle,36,82,5,2,37,22,29,0,80,31,26,0,20,7,24,4,3,32,21,18,2,0,22,18,26,15,4,8,19,11,0,26,111,29,60,0,3,25,0,20,2,22,2,0,46,41,9,71,18,61,1,22,21,45,15,14,71,0,0,14,4,16,2,20,74,0,10,0,68,3,3,24,32,2,89,9,24,31,9,29,21,0,85,2,13,6,8,108,4,46,60,11,9,0,52,50,0,0,15,43,96,0,16,24,15,96,13,30,7,23,0,24,43,8,27,44,55,11,63,101,17,15,364,67,31,22,11,19,23,8,19,25,49,32,0,167,11,6,52,33,145,329,44,3,3,14,6,0,102,24,17,24,4,16,75,0,49,25,52,18,21,17,12,7,23,70,124,24,3,60,46,1,101,317,2,14,10,22,23,2,0,184,0,0,44,96,12,18,25,32,9,44,6,2,182,77,10,0,30,19,2,35,7,307,10,14,57,11,33,6,34,29,15,76,86,19,24,18,6,3,17,76,32,122,27,14,175,19,8,38,0,25,28,46,1,0,0,9,6,12,25,79,40,45,85,10,10,98,23,165,21,28,17,0,23,13,33,60,11,7,10,16,42,13,24,4,158,35,16,112,631,7,67,40,24,2,35,20,59,20,61,14,4,18,37,11,15,124,118,24,34,89,57,46,8,12,33,87,48,20,28,43,64,0,48,15,22,33,12,15,0,11,4,8,22,2,0,41,26,35,22,38,16,29,67,135,131,0,6,16,5,6,39,9,134,32,7,4,18,265,179,16,7,31,43,13,0,25,54,8,11,37,29,12,14,8,20,29,0,6,8,4,9,8,37,94,8,5,4,90,37,85,0,27,5,17,8,2,25,9,3,2,11,5,14,28,40,4,29,38,43,32,82,28,2,8,23,20,13,440,3,39,5,6,3,133,126,33,14,8,315,111,7,28,0,0,22,21,20,66,55,69,45,6,62,14,28,0,24,56,32,0,35,91,5,13,2,29,60,40,14,5,41,81,33,10,24,5,164,91,149,82,29,117,55,61,36,3,66,2,60,3,97,36,191,6,36,160,5,18,71,93,20,53,0,36,204,26,10,50,41,20,19,13,10,172,281,44,5,0,23,6,35,75,18,9,19,42,21,116,19,300,48,30,10,15,6,7,0,5,136,0,0,10,63,35,11,0,11,36,29,31,20,2,19,22,5,5,65,10,20,41,13,16,15,22,39,1,8,63,49,52,42,2,31,25,55,31,12,11,29,32,10,55,60,57,13,0,20,105,47,38,5,66,4,38,0,7,33,2,139,27,27,12,0,52,7,10,3,7,17,0,79,16,11,8,4,12,341,44,47,10,22,101,18,19,6,116,7,55,54,146,25,9,9,185,128,16,31,10,39,8,3,31,44,113,11,6,0,16,17,19,14,31,81,16,5,77,53,7,6,18,8,9,66,7,54,5,2,5,6,0,37,2,3,6,5,43,16,8,0,8,66,6,0,23,13,21,33,331,20,24,13,33,7,17,7,29,13,0,32,2,10,0,47,38,30,214,125,36,27,23,39,72,64,54,112,9,11,11,16,10,5,35,3,9,40,22,2,4,9,96,106,127,22,6,2,3,4,53,144,21,14,4,16,35,25,48,2,2,3,7,21,9,5,0,12,12,9,8,2,23,112,11,32,80,32,12,22,14,24,11,36,22,24,21,0,0,9,103,9,2,0,9,10,19,27,0,4,67,26,2,6,18,37,0,18,30,36,58,65,25,16,30,2,14,7,5,3,4,14,8,17,9,2,17,30,43,4,12,0,120,2,16,15,44,27,138,30,39,5,0,152,33,0,3,8,0,13,7,3,7,10,12,22,3,13,25,8,15,19,0,47,20,1,11,9,7,18,9,3,13,21,2,0,14,33,17,14,9,34,3,41,7,8,0,61,27,4,26,18,53,4,4,55,25,16,13,51,16,2,37,2,145,27,17,4,0,0,15,2,11,31,13,32,13,3,10,0,15,15,11,9,24,51,35,367,70,2,10,2,93,27,0,13,14,4,15,27,24,24,39,19,161,32,28,15,27,40,30,31,11,0,3,20,24,22,11,0,19,0,8,8,0,15,22,16,14,2,10,15
SRR24907984,controle,27,34,20,11,23,20,106,15,100,42,24,0,32,16,17,18,7,48,19,27,9,25,23,31,20,17,10,4,30,21,0,67,36,61,94,0,0,27,30,12,4,46,40,16,54,72,16,55,18,176,0,50,26,27,15,46,201,0,18,7,4,61,0,37,143,21,33,0,31,12,16,26,18,8,69,22,20,22,18,68,19,2,77,6,26,9,26,113,33,76,70,17,56,5,99,42,8,3,29,34,61,15,101,61,45,187,9,76,20,44,19,9,21,7,29,38,19,12,93,53,9,16,239,141,14,26,15,28,10,12,3,17,75,50,9,132,6,9,25,44,17,159,173,17,40,18,3,3,199,13,11,37,0,6,49,0,35,9,64,26,14,46,14,8,29,67,78,209,6,17,87,3,68,188,10,47,21,15,27,25,6,73,0,11,68,88,26,17,30,30,13,27,0,37,130,49,4,15,38,20,6,12,20,113,30,14,14,16,15,21,73,34,16,111,207,18,35,254,12,14,113,158,27,87,13,40,94,31,0,69,0,87,45,97,14,0,5,37,41,35,72,38,69,32,122,3,50,68,50,183,10,30,48,11,31,53,40,88,8,4,52,35,51,20,59,16,50,12,12,73,140,78,64,27,43,37,26,9,63,10,109,36,4,11,40,54,88,160,142,67,105,173,85,285,21,61,106,98,175,54,14,64,63,1,106,13,26,147,15,12,0,19,5,5,27,8,28,72,47,94,35,48,17,27,161,80,264,0,6,37,23,3,67,31,241,54,6,43,23,185,328,26,11,8,27,27,0,34,94,54,49,80,58,23,7,16,83,45,4,28,4,13,25,81,81,35,42,5,0,60,70,168,14,41,15,63,38,5,25,21,17,2,21,16,23,66,14,10,29,66,138,52,109,56,5,21,38,29,19,570,9,47,26,13,15,66,126,21,29,22,211,141,14,38,2,8,35,92,74,100,59,90,35,11,16,43,10,18,37,94,37,3,12,92,12,40,10,68,119,30,26,19,54,78,26,11,89,5,162,68,261,163,43,146,108,124,94,22,57,16,89,34,83,71,122,28,100,89,8,34,290,174,19,49,3,55,134,46,45,149,55,64,17,38,8,298,227,97,59,5,146,13,15,84,11,21,36,30,32,163,21,649,97,25,28,18,14,42,0,4,55,4,2,4,113,74,51,17,7,58,42,25,3,10,11,47,23,46,94,33,40,27,13,13,11,68,42,2,30,95,59,82,33,12,27,50,27,45,7,38,72,33,8,121,49,31,60,3,46,120,102,26,0,113,6,22,14,25,24,7,63,28,34,4,0,95,96,26,2,14,28,12,57,22,7,18,4,27,178,80,77,42,15,136,6,45,19,155,89,23,174,158,59,2,6,120,66,25,66,28,35,2,0,59,55,222,9,25,31,7,18,18,63,56,117,6,15,147,84,11,26,41,58,9,179,11,68,36,9,11,15,3,82,15,5,35,14,81,15,29,10,13,37,6,46,33,8,112,40,221,25,17,29,62,25,40,21,39,5,21,17,4,43,16,31,62,35,415,105,36,47,19,30,61,92,103,175,41,6,24,21,15,15,86,18,24,15,15,16,13,13,145,210,66,25,35,17,16,16,101,72,10,36,17,2,50,59,11,8,13,11,38,21,13,11,63,18,4,19,19,14,72,56,17,84,112,53,18,24,40,0,17,181,26,65,27,5,3,29,33,15,14,0,35,17,25,70,12,3,48,28,17,33,23,9,24,63,35,127,304,126,42,11,81,6,21,0,12,22,26,6,19,26,43,9,26,79,54,14,9,26,151,0,27,13,37,53,61,23,104,0,4,158,38,0,22,15,7,0,6,17,0,2,9,31,2,22,0,12,29,31,13,90,6,8,13,20,19,55,18,5,23,5,8,0,17,40,15,10,6,58,16,22,8,19,14,34,66,0,76,31,139,18,6,16,53,52,28,34,46,41,62,17,197,20,37,14,30,4,21,6,83,44,6,9,12,20,26,9,44,56,3,25,25,93,42,129,173,41,24,0,79,14,0,80,0,5,11,55,16,17,28,8,70,132,88,44,88,19,19,15,6,4,11,23,32,41,23,16,55,0,3,21,7,5,21,3,9,0,29,9
SRR24908007,controle,9,18,3,2,10,9,5,0,28,3,7,8,18,0,8,4,3,3,14,6,0,0,2,15,13,9,0,0,6,6,0,11,8,6,6,0,0,3,0,4,0,11,2,0,11,12,12,23,9,7,0,20,23,4,6,5,24,0,0,4,4,9,0,4,20,0,0,0,14,0,0,10,0,0,5,6,8,14,5,5,6,2,15,0,2,0,0,28,3,35,41,15,14,3,10,29,0,3,12,23,46,0,16,7,4,4,14,42,0,3,0,5,3,10,47,5,23,0,18,13,4,4,9,3,4,3,4,0,0,0,4,2,29,5,10,10,3,4,10,10,0,17,11,0,5,4,0,0,17,4,9,13,9,0,13,0,3,5,12,5,0,5,18,0,4,19,9,7,0,0,24,0,21,38,0,6,9,10,19,0,0,38,0,0,6,56,0,3,5,19,0,21,5,2,4,22,0,0,0,2,0,0,0,5,8,2,6,0,0,4,5,0,17,2,15,0,4,8,5,2,0,3,16,66,7,7,3,0,0,2,0,6,2,9,1,0,0,0,5,4,8,19,3,8,9,6,11,33,7,24,7,0,5,3,7,4,16,20,11,0,10,0,6,3,0,3,13,14,6,4,5,15,20,23,6,0,13,4,9,14,3,0,0,0,23,5,0,49,11,6,12,19,11,10,2,6,9,23,4,2,0,8,54,1,22,13,2,9,11,0,0,0,0,0,0,0,6,20,2,11,4,13,3,5,13,2,51,0,6,7,0,1,8,0,63,11,3,2,6,42,28,6,0,4,14,0,2,0,8,0,5,3,6,0,0,0,0,0,6,0,0,0,0,2,0,0,5,0,0,12,3,11,0,13,3,5,0,0,0,4,4,0,0,0,0,9,2,2,0,9,34,17,9,23,0,2,8,7,3,102,0,27,0,0,8,4,51,15,4,0,11,19,7,18,0,0,7,0,7,8,6,23,13,2,0,0,8,3,12,4,5,0,11,58,0,0,0,4,4,12,0,2,10,14,2,0,0,0,12,13,17,19,16,12,6,45,3,0,32,0,4,2,22,7,80,0,11,11,0,5,22,11,2,27,0,8,32,0,4,17,17,12,4,8,0,28,88,7,0,3,12,0,0,15,6,3,0,0,4,31,15,45,10,0,2,6,2,2,0,0,2,0,2,1,8,3,0,0,0,12,12,35,5,2,12,4,0,2,7,2,0,22,6,0,21,6,2,0,2,6,18,8,10,2,2,0,0,6,4,0,4,14,0,10,12,8,0,0,2,51,4,20,0,8,8,3,0,2,0,2,14,10,9,0,0,3,4,5,0,0,2,0,24,0,3,18,0,0,79,35,53,0,9,2,1,0,0,33,11,16,27,31,0,10,0,83,55,3,4,5,5,2,0,25,2,39,5,2,0,6,18,10,0,0,50,2,3,15,2,0,2,0,0,0,22,0,19,2,4,0,0,0,9,0,4,4,2,6,0,1,23,2,26,0,0,4,20,5,0,65,7,6,11,12,0,0,0,8,0,0,11,0,0,0,0,3,10,39,35,20,0,3,3,0,5,5,13,4,5,1,5,5,0,9,0,0,3,0,0,0,13,48,5,5,2,12,0,0,3,18,2,5,3,0,0,0,0,0,4,0,0,2,6,2,13,3,0,0,0,4,0,4,12,7,6,22,15,0,32,0,6,19,7,0,7,3,0,0,9,0,0,0,6,0,3,0,14,0,0,7,5,0,3,1,2,0,7,35,2,0,6,2,0,3,2,9,0,5,4,0,2,3,6,0,12,2,9,7,7,12,0,12,0,2,2,37,8,11,12,4,0,0,11,4,0,0,0,0,7,6,2,12,5,1,13,3,7,0,0,0,5,0,0,6,5,14,0,7,4,8,0,12,3,0,0,2,21,3,0,0,0,0,0,7,8,0,0,21,0,0,0,3,2,0,9,3,2,2,18,0,2,7,3,36,37,8,8,2,3,2,2,0,8,1,2,3,0,0,0,4,3,5,0,0,7,4,106,12,0,0,0,22,24,0,0,13,0,0,11,11,6,3,2,2,4,6,0,2,0,10,2,9,0,0,3,2,41,0,0,4,0,7,5,6,19,14,3,0,0,4,11
SRR24908040,controle,10,19,9,5,5,3,5,6,26,7,8,2,8,0,1,7,0,9,4,10,2,3,8,6,2,9,0,7,3,4,0,8,5,8,22,3,1,7,1,2,0,11,0,0,7,6,3,9,5,22,0,4,8,4,11,5,27,0,0,2,0,0,4,0,45,0,4,9,17,4,11,6,2,2,3,15,7,3,1,7,5,0,5,13,4,7,0,27,5,18,14,4,3,0,16,10,3,0,6,13,20,2,7,4,3,12,7,20,5,29,0,20,2,3,20,7,9,2,32,8,6,3,40,19,2,8,8,7,4,0,0,0,8,11,4,23,5,4,0,6,5,27,11,3,5,2,0,2,14,5,18,6,0,2,11,0,4,6,7,4,0,2,6,3,1,7,49,15,2,3,6,3,12,47,4,0,1,6,4,2,2,35,0,0,4,13,5,3,6,18,0,15,7,0,7,9,4,9,6,7,0,0,0,26,8,2,2,1,6,3,5,3,17,18,17,0,0,26,5,0,13,6,10,27,4,10,15,6,0,11,3,0,8,12,1,0,0,3,15,2,11,10,5,10,12,2,6,18,0,13,5,4,4,0,2,6,3,12,7,6,3,7,7,6,9,3,21,4,3,26,8,4,14,13,7,0,10,6,5,7,10,2,5,0,9,12,4,31,4,7,12,8,19,4,5,4,6,21,17,3,5,15,18,0,16,4,2,17,15,0,0,1,0,5,8,1,3,11,6,11,2,3,0,5,8,15,35,0,6,0,2,4,4,6,46,7,3,3,2,24,35,17,7,14,10,5,0,4,8,2,10,8,2,5,9,0,3,9,2,0,5,3,3,5,9,9,4,0,2,6,12,12,10,4,4,7,7,0,1,0,3,0,2,2,0,4,5,2,5,5,19,17,10,15,2,2,5,2,9,76,0,33,2,6,2,5,37,2,9,0,27,18,4,13,0,0,2,2,2,19,3,17,26,6,9,9,5,6,10,6,8,0,4,35,0,9,0,6,9,11,0,0,13,5,0,4,7,3,19,15,30,19,6,43,7,16,2,4,21,0,4,0,14,8,23,0,12,31,0,25,23,31,4,13,0,12,34,6,4,11,12,8,9,0,0,26,43,2,3,0,28,4,8,7,8,2,4,9,6,24,9,60,21,6,6,3,0,0,0,4,17,0,0,4,9,11,0,6,4,5,8,11,2,2,1,4,0,14,11,2,0,3,10,5,7,4,1,0,3,6,10,5,18,8,12,0,19,6,8,10,15,9,0,11,11,8,0,0,2,6,7,9,3,4,2,6,13,0,8,4,13,7,14,2,0,5,7,4,0,1,6,5,18,0,2,6,0,7,83,14,15,7,0,8,0,4,1,23,4,12,20,31,5,8,3,33,41,5,4,2,13,5,2,22,4,33,5,3,2,13,9,5,4,2,18,4,4,9,4,10,6,0,14,5,14,0,3,2,0,4,10,2,4,0,4,0,5,16,4,1,0,5,19,0,5,0,5,4,4,46,1,0,12,8,7,0,0,2,2,4,10,0,2,4,7,3,8,29,15,5,5,2,1,19,9,9,22,3,14,4,2,3,3,6,2,0,5,9,0,4,0,22,27,7,3,8,4,0,2,35,16,4,0,2,2,6,0,3,2,2,3,5,4,0,3,18,4,6,8,6,2,3,15,3,10,51,7,1,9,0,12,7,13,3,2,0,10,0,5,16,2,0,4,2,2,2,6,0,3,10,0,0,6,0,6,3,16,72,9,5,55,4,4,13,0,5,2,7,3,3,0,0,10,8,5,11,7,2,2,6,4,16,4,2,5,13,3,20,4,20,0,0,17,2,2,7,4,0,4,0,0,0,4,2,2,0,9,5,0,2,2,0,1,6,2,2,2,2,8,5,2,9,3,0,2,5,12,4,3,2,9,4,4,4,2,0,3,22,2,0,2,14,0,0,0,3,0,2,5,5,3,5,2,40,18,7,6,0,0,1,0,11,3,2,1,2,3,8,2,5,3,1,0,2,8,2,29,5,2,0,1,10,10,0,0,6,5,7,3,5,5,3,2,14,6,4,3,6,6,5,1,2,0,3,0,3,8,2,0,8,0,0,4,2,3,6,0,2,0,2,2
SRR24908049,controle,3,16,4,0,20,7,8,0,21,13,8,0,7,0,4,0,4,12,4,6,1,3,0,9,7,10,0,0,6,11,0,11,5,4,9,11,1,0,1,3,2,4,4,1,4,16,3,7,4,10,0,2,4,3,3,12,18,0,2,2,0,5,2,2,8,0,2,0,9,0,3,6,2,2,20,2,11,5,3,6,7,0,13,0,2,0,4,4,7,5,17,2,3,4,10,7,4,3,7,6,26,0,12,8,2,23,1,20,0,14,0,4,6,2,8,7,5,3,5,2,5,13,10,11,6,5,1,5,0,3,2,2,24,3,0,6,1,4,6,0,2,17,8,0,4,1,1,2,18,4,4,8,4,2,16,0,4,0,13,0,21,6,3,2,6,9,23,2,0,12,12,2,21,23,7,2,5,12,3,0,0,9,3,0,7,5,0,1,3,10,0,5,5,2,7,9,2,0,6,2,2,13,0,8,8,2,7,4,0,0,0,5,0,7,11,0,7,69,8,1,17,11,12,57,0,4,3,5,0,6,0,5,10,16,0,0,0,18,3,0,13,6,10,9,14,4,8,10,6,9,7,2,2,3,7,5,1,8,6,2,6,12,4,4,6,2,0,2,15,5,5,7,4,10,9,2,4,11,5,3,15,1,2,0,10,21,6,23,13,7,15,13,20,9,3,3,8,13,7,4,4,12,16,0,8,5,4,8,10,0,0,3,1,5,3,4,9,5,2,16,4,11,1,4,10,8,21,0,7,9,2,0,4,4,60,18,1,2,0,43,45,10,3,5,4,2,4,2,6,1,3,13,4,3,0,0,10,2,3,0,0,0,2,3,5,0,2,0,1,3,13,14,3,5,3,5,0,5,0,2,4,0,2,4,3,5,5,0,9,5,12,4,13,24,2,3,5,2,0,78,0,3,2,2,4,12,20,9,4,6,17,24,1,4,0,4,5,12,7,11,2,17,6,0,0,13,4,0,3,7,5,7,13,31,7,3,0,4,9,5,0,4,8,15,6,2,3,0,7,9,23,18,14,30,12,12,0,3,15,1,6,5,11,5,19,3,9,13,4,9,30,7,4,8,0,6,17,11,14,12,11,11,3,5,3,27,40,9,4,3,22,0,2,6,3,2,13,2,11,17,6,71,6,0,3,1,6,3,1,0,4,3,3,1,22,16,7,3,0,14,8,3,5,4,9,15,3,0,7,5,4,6,2,6,6,6,2,0,2,11,8,8,8,3,0,6,0,3,0,2,11,15,4,16,6,3,4,0,2,33,13,8,5,10,3,1,11,0,4,2,4,13,4,0,0,2,2,2,0,0,4,3,16,2,10,2,2,7,39,15,14,5,2,10,4,4,0,21,4,6,16,22,0,4,4,36,18,2,4,2,4,2,0,6,4,32,3,5,1,2,2,14,0,0,5,1,3,24,4,3,0,7,7,2,24,2,11,2,0,1,2,2,6,3,5,0,2,13,0,4,0,2,17,0,8,0,2,4,0,27,9,12,5,3,5,0,11,6,0,6,6,0,2,2,2,7,4,61,17,10,10,2,3,12,15,11,22,3,5,0,5,5,3,6,0,1,2,12,3,2,6,8,21,2,7,1,1,0,1,10,2,2,0,0,3,3,2,3,0,4,1,4,4,0,1,7,2,0,3,2,3,9,5,2,11,24,5,1,4,2,11,2,5,5,7,8,0,2,8,3,2,3,0,3,2,4,6,2,0,10,7,2,0,6,13,0,34,8,2,0,6,17,3,4,5,2,2,5,2,0,1,2,5,3,7,2,7,4,2,8,4,19,0,4,4,5,9,8,2,16,0,0,10,4,0,5,0,0,4,1,2,6,5,0,6,2,3,7,3,3,7,0,0,3,1,1,2,0,9,8,2,2,7,0,0,5,4,3,4,2,5,0,1,8,14,6,3,6,2,3,6,16,3,5,21,6,2,4,12,7,2,5,0,32,20,4,2,3,2,3,2,4,12,8,7,0,0,7,2,8,4,1,2,3,13,3,34,9,4,0,0,9,3,0,4,7,4,0,4,13,0,8,3,0,9,13,7,6,2,3,0,0,0,2,1,0,7,2,2,2,0,2,0,2,4,2,2,3,2,9,5
SRR6784403,controle,5,9,8,3,12,9,10,13,39,17,7,5,0,4,15,9,6,15,7,5,12,6,5,27,2,4,10,5,2,0,10,14,13,29,20,7,2,12,0,4,2,21,4,11,5,11,20,9,31,25,13,17,13,5,0,12,9,8,12,3,8,12,3,10,29,0,11,0,5,3,31,7,12,2,11,5,14,0,0,17,17,7,25,3,4,6,0,0,23,15,11,0,3,3,53,15,14,3,7,6,16,13,27,14,17,4,0,18,13,34,2,3,5,11,0,10,10,18,13,17,3,5,8,11,14,9,8,0,2,10,8,22,27,19,2,30,6,7,2,22,3,6,33,6,5,0,0,4,163,3,11,4,0,5,14,3,4,0,8,2,11,7,0,17,8,52,73,14,6,16,8,43,13,38,4,2,6,5,26,0,0,13,18,0,9,2,7,6,12,11,4,0,8,7,17,6,13,23,5,8,2,17,0,23,24,0,0,5,5,0,4,8,0,8,29,16,7,65,12,3,9,25,8,0,2,12,13,6,18,45,5,8,14,16,4,5,0,2,0,5,9,19,0,7,66,3,14,5,4,25,25,9,8,8,4,35,11,26,10,10,3,5,2,10,19,7,9,14,10,11,4,21,8,14,30,2,9,2,3,8,11,9,3,17,12,30,20,12,19,36,25,66,30,15,14,28,24,21,3,5,16,0,19,1,14,0,14,41,0,7,2,9,15,3,9,9,9,6,4,29,24,16,3,39,1,15,85,8,5,4,6,8,8,5,21,22,2,2,2,86,131,6,12,16,7,6,0,8,3,2,19,10,6,0,4,14,13,16,26,2,4,8,4,6,19,7,0,7,8,25,30,29,7,2,3,16,8,5,2,8,8,5,10,9,10,17,3,9,10,39,17,39,25,7,12,5,1,9,8,109,6,43,3,5,22,0,10,7,5,3,51,34,0,10,3,2,9,0,19,13,4,13,6,18,7,8,19,0,17,18,34,0,4,14,0,29,25,24,5,4,0,0,23,28,12,10,4,16,35,21,21,111,0,53,8,4,22,11,28,8,9,10,45,0,2,9,0,14,3,7,10,36,0,0,6,14,12,34,33,35,48,6,23,0,6,9,28,18,10,4,45,29,26,9,11,15,5,9,3,39,16,137,37,3,11,0,4,2,1,3,39,10,9,5,18,5,3,3,13,27,9,16,6,1,6,4,8,9,41,7,6,24,2,6,10,18,7,0,30,25,63,19,11,13,81,2,2,7,6,8,45,22,0,10,4,16,11,2,12,26,21,10,12,25,0,0,18,10,3,0,21,25,6,2,2,7,11,0,32,14,9,7,34,5,12,5,0,6,43,16,29,14,16,17,0,17,12,13,13,2,36,20,17,14,4,8,21,13,53,4,18,4,3,1,9,31,6,4,4,3,28,5,4,7,0,2,2,59,5,5,14,7,17,8,43,9,14,15,2,14,6,8,25,10,44,9,4,63,2,4,4,0,17,4,24,7,0,26,11,46,6,13,7,11,9,7,7,2,8,8,3,6,2,0,5,17,12,143,60,10,17,1,15,6,21,22,60,3,16,4,2,6,8,6,8,3,1,11,3,5,0,31,39,0,1,10,2,22,8,8,0,10,6,0,4,3,11,10,1,4,3,25,7,7,0,0,14,2,7,0,7,4,3,4,16,4,24,3,16,2,11,9,3,5,14,0,2,3,4,6,5,0,6,0,2,0,9,3,3,15,15,10,20,9,8,22,29,11,0,12,18,5,1,3,10,6,8,17,7,0,0,3,9,7,3,8,4,7,3,3,4,18,2,11,2,4,10,8,2,12,5,0,27,16,2,7,2,8,3,0,5,3,0,0,7,7,12,0,12,0,0,13,11,2,0,0,9,4,11,4,1,12,7,10,7,6,7,3,8,8,13,6,35,4,11,4,14,3,3,15,10,16,14,4,0,3,8,3,2,9,4,13,5,16,7,0,9,7,13,2,0,27,18,2,3,1,15,10,10,2,6,2,7,14,21,8,23,36,20,5,1,0,4,12,14,4,31,4,9,0,7,16,2,19,0,11,0,3,11,0,8,2,3,14,7,27,0,5,2,8,3,1,2,4,0,8,2,0,5,6,2
SRR6784406,controle,37,24,6,8,181,0,11,59,104,197,15,79,15,13,77,113,7,88,24,57,111,15,5,86,41,33,53,40,9,11,9,20,107,212,117,35,2,36,41,9,0,402,6,4,12,90,28,20,186,55,3,71,11,0,0,56,95,11,16,0,33,70,26,18,126,6,124,2,14,3,143,82,25,37,34,10,76,0,4,56,67,46,72,4,9,22,6,0,38,98,41,0,6,48,159,28,39,34,64,8,117,70,117,24,24,21,0,128,74,40,21,57,40,47,20,40,4,161,63,16,13,5,55,54,83,26,9,8,4,11,15,9,61,71,1,84,19,13,8,126,9,57,37,17,0,9,21,22,630,21,88,5,26,6,42,24,41,0,9,4,94,65,13,24,33,130,80,23,105,72,42,86,84,152,28,7,46,38,18,9,14,53,25,18,88,18,75,88,29,163,6,0,88,5,74,22,32,61,9,0,24,54,0,70,41,36,5,9,17,6,30,77,5,95,45,20,9,93,63,0,26,65,59,0,8,71,13,12,18,95,15,11,47,28,2,2,6,31,0,27,32,131,5,28,230,17,74,35,80,54,20,8,29,79,53,123,29,113,14,50,14,32,7,10,28,0,41,47,52,68,65,65,20,123,206,6,41,25,7,58,40,32,12,22,81,112,98,120,74,143,75,152,210,76,58,91,28,22,18,12,23,0,119,38,134,5,40,211,0,40,15,98,22,21,17,43,34,17,41,164,260,101,15,75,20,19,245,20,31,15,32,44,18,3,123,81,8,4,19,280,398,78,35,62,8,13,17,14,17,0,26,42,19,3,16,22,29,25,29,0,11,35,5,37,29,0,4,19,53,169,71,71,5,6,7,89,13,17,0,16,39,15,17,18,6,16,6,29,31,70,71,120,140,20,36,4,1,27,10,456,47,232,20,24,48,15,55,81,5,13,90,122,0,17,4,5,26,2,28,102,47,66,83,57,76,36,19,2,156,81,108,7,29,99,49,150,47,99,5,26,4,0,173,138,35,23,15,38,72,42,34,434,0,253,52,11,30,40,191,50,23,13,50,152,4,13,0,26,5,12,138,241,3,7,27,115,18,67,80,242,200,5,129,28,28,41,226,137,10,19,251,150,187,20,82,80,43,49,24,92,64,166,107,8,26,0,71,9,15,6,270,22,67,53,25,30,3,24,33,59,56,14,36,10,16,53,5,38,68,26,5,57,15,0,5,133,10,25,118,52,43,6,179,21,117,41,0,14,7,11,53,146,0,55,60,21,12,11,24,21,98,88,62,152,14,4,28,33,0,3,142,23,32,22,5,11,33,0,181,7,15,35,134,14,17,3,4,67,213,140,78,67,11,137,6,36,42,37,41,11,196,82,19,23,60,9,211,19,31,5,100,4,53,26,29,205,5,3,15,82,62,17,18,19,0,41,2,285,16,5,18,0,20,17,89,64,93,21,13,76,22,9,54,7,330,11,22,220,0,5,3,2,57,30,63,23,0,34,25,188,6,81,31,20,20,25,16,26,38,72,39,63,8,13,19,82,54,358,235,97,138,0,6,21,78,43,194,13,88,3,17,16,23,19,6,7,12,17,15,16,0,124,100,24,0,0,21,66,4,47,0,48,24,0,3,7,10,32,26,0,24,77,58,13,3,4,13,36,13,0,25,45,35,14,40,88,19,4,67,32,45,63,12,16,45,2,26,5,11,7,11,6,16,14,2,6,83,7,48,12,31,14,81,7,61,99,147,14,19,32,21,68,0,49,57,11,42,51,0,25,0,7,31,55,3,35,17,22,32,23,39,95,16,4,15,52,30,97,29,17,35,6,51,58,16,5,3,30,32,3,6,0,0,12,8,5,89,2,17,5,28,31,31,79,0,0,18,10,66,0,28,53,48,6,24,102,42,56,19,110,48,49,21,26,48,0,77,57,16,79,25,21,19,8,40,5,27,24,32,23,23,26,7,115,77,12,46,7,97,13,2,40,31,6,0,8,36,25,69,10,12,42,0,12,11,20,206,47,41,13,22,0,8,56,25,54,302,11,66,0,0,33,18,7,0,40,2,0,6,21,14,9,19,16,0,6,0,9,23,6,27,29,41,10,0,54,10,0,126,25,0
SRR6784524,controle,66,15,17,19,79,8,58,11,157,89,68,0,2,0,7,23,38,56,30,13,53,33,11,176,3,2,21,0,61,37,14,31,22,126,31,29,0,86,5,97,0,95,16,54,30,89,378,66,87,5,17,74,61,0,6,41,34,0,6,0,7,64,5,64,407,33,18,18,0,0,58,54,222,4,31,4,45,0,2,61,89,0,597,0,15,2,14,0,120,35,14,0,3,5,196,102,121,23,21,0,46,39,73,128,50,21,0,135,194,112,4,22,20,6,0,93,36,37,104,0,0,47,24,12,78,182,65,12,25,3,36,24,441,106,36,364,26,0,37,166,6,52,99,213,26,57,4,43,707,38,118,11,0,23,61,14,43,0,3,67,88,0,0,31,8,327,93,4,32,74,12,21,26,185,2,8,0,80,14,31,3,2,125,9,5,6,34,27,48,45,11,0,21,33,29,0,36,350,18,0,2,71,0,6,16,10,5,4,5,3,0,42,8,11,230,30,17,102,20,0,105,267,35,10,44,65,4,82,13,20,8,10,306,30,83,2,4,53,0,72,63,21,0,77,199,7,45,12,2,59,45,20,7,2,2,60,121,324,0,4,21,14,8,115,188,0,36,222,39,17,69,41,26,78,188,0,12,0,88,51,144,53,0,50,12,45,405,67,92,284,27,264,188,187,116,89,24,38,28,2,52,0,94,0,158,5,122,324,0,6,10,50,130,11,139,25,157,45,12,165,75,91,14,304,39,53,269,184,0,30,25,0,5,10,163,118,0,3,3,413,303,7,19,31,3,91,45,215,16,15,27,199,44,4,29,19,83,197,18,0,58,42,0,24,20,0,6,23,53,38,368,296,24,0,12,36,7,36,0,7,6,0,118,135,0,4,75,211,15,69,61,130,39,3,57,21,0,114,21,519,40,240,43,22,87,0,138,0,0,6,489,95,0,32,0,7,101,2,32,98,19,151,20,129,4,167,27,5,54,13,379,13,18,43,0,109,555,326,16,9,16,0,75,56,83,83,17,271,123,49,62,349,0,326,43,16,56,168,142,48,54,5,65,0,13,24,0,0,35,0,30,114,19,17,17,38,42,196,291,119,175,64,46,106,8,202,219,17,22,9,108,102,37,98,11,23,29,15,9,489,31,1765,41,2,2,2,32,0,0,24,135,369,3,9,167,33,10,2,51,0,21,36,12,0,23,13,4,13,287,60,24,50,5,0,0,69,0,0,96,155,187,34,17,67,442,0,0,134,67,19,107,39,0,70,14,21,51,0,74,97,48,11,19,63,0,0,48,29,7,0,5,64,13,0,2,3,2,0,62,6,32,18,92,6,13,0,17,40,61,72,84,48,16,62,19,20,10,0,62,33,356,74,6,44,11,0,135,11,27,67,11,13,0,27,132,94,52,65,3,3,65,22,12,0,0,11,24,606,25,18,210,19,20,60,299,32,9,0,0,45,66,0,202,41,71,180,2,226,18,16,13,0,37,8,70,0,0,102,172,364,8,69,6,18,181,23,31,8,0,0,21,27,15,42,42,177,7,960,198,85,35,0,42,24,25,237,522,0,22,0,44,95,42,69,8,13,0,23,21,22,0,38,299,0,0,35,23,50,3,34,0,19,0,0,0,13,41,3,12,0,30,72,67,43,4,0,3,0,6,0,11,24,0,3,17,36,56,0,0,6,49,0,54,48,43,3,2,7,2,3,156,13,0,19,5,6,16,0,19,8,5,132,130,38,72,145,45,371,187,85,47,0,0,4,50,10,8,85,3,18,0,33,72,71,22,311,27,103,99,1,27,102,0,4,15,2,38,24,0,55,1,13,32,212,2,21,22,9,0,0,10,0,0,17,0,2,3,9,45,6,29,6,105,20,0,0,14,121,37,4,0,45,19,30,0,0,15,0,24,41,166,36,41,17,2,0,29,20,7,24,182,71,10,50,44,13,27,11,0,119,15,320,46,100,25,4,27,14,45,22,6,212,345,22,55,55,24,12,23,28,30,0,3,55,17,182,94,18,37,39,0,0,53,2,0,3,74,18,22,0,0,49,10,12,0,25,0,0,103,0,20,21,10,10,0,47,0,0,3,57,7,0,26,13,0,13,2,0,0,311,3
SRR6784528,controle,0,3,0,0,37,0,0,30,22,64,8,23,26,3,4,20,0,9,0,0,43,14,2,7,14,19,21,11,9,0,0,5,26,28,50,20,2,11,0,0,0,119,3,2,5,5,8,10,74,12,3,19,0,0,0,13,11,3,11,0,2,23,17,4,37,1,45,0,9,0,56,35,5,34,4,5,11,0,0,16,48,12,9,0,0,14,0,6,11,28,3,0,0,12,16,15,25,9,0,0,31,3,18,4,8,0,0,14,3,17,10,25,11,18,0,10,41,33,26,0,0,3,10,7,60,5,4,2,4,2,3,3,10,15,0,39,0,0,0,33,4,4,5,4,16,0,19,0,162,0,20,0,5,5,12,1,0,0,0,1,13,26,4,0,0,133,29,5,28,0,8,19,19,90,8,0,9,9,5,3,0,23,22,0,7,4,6,28,8,35,0,0,33,0,8,0,40,6,0,0,0,7,0,0,3,2,4,0,0,0,23,18,0,9,9,4,7,18,40,5,11,10,15,4,22,6,0,7,2,33,0,0,7,10,0,0,0,4,0,4,8,49,0,2,36,10,0,0,17,12,2,6,3,2,37,4,15,22,0,0,0,12,0,2,5,0,33,3,20,29,57,2,3,31,72,15,16,2,1,4,3,2,8,3,0,44,21,34,12,18,22,29,53,16,8,8,5,0,2,2,16,0,3,11,32,0,12,62,0,11,0,30,11,0,5,6,10,0,13,87,99,33,3,30,21,4,28,0,15,0,0,1,26,0,50,38,3,0,0,40,122,32,14,23,0,7,0,0,3,0,25,0,5,0,0,9,4,9,0,0,1,11,6,3,7,0,0,9,5,11,17,14,0,0,4,38,5,0,0,0,13,6,6,0,6,0,2,3,12,24,13,16,37,4,0,4,0,2,7,156,3,77,4,26,9,0,22,26,0,2,22,8,0,0,4,0,0,0,11,47,18,7,30,37,30,6,5,2,25,22,5,0,5,25,5,14,6,32,9,0,0,0,82,61,3,0,0,5,21,14,9,66,0,70,3,0,3,29,17,6,2,9,24,0,0,5,0,0,1,3,30,100,0,5,0,46,7,13,23,56,21,3,4,6,2,16,63,3,17,26,42,62,80,0,37,33,0,18,0,40,4,23,71,0,29,0,10,0,3,5,88,2,23,31,5,2,0,10,4,15,19,5,9,0,2,3,2,0,31,11,0,39,0,0,5,9,11,3,38,32,72,0,48,9,10,14,0,3,0,9,17,22,0,0,21,17,2,0,0,3,28,31,9,52,0,0,7,7,0,0,49,2,0,12,5,0,3,0,59,0,2,13,14,13,12,0,0,14,81,14,4,5,0,19,0,5,7,43,33,4,35,22,4,0,4,6,51,3,0,38,0,0,20,19,2,36,6,1,0,20,4,0,5,12,0,14,0,74,8,0,4,0,15,7,21,9,17,0,4,15,8,25,5,0,93,6,20,34,0,0,2,0,6,6,14,3,0,13,4,65,0,21,21,6,3,0,3,0,3,32,21,3,0,0,20,12,34,89,69,9,0,0,0,5,28,4,40,3,11,0,2,3,2,5,0,0,0,0,10,0,0,26,9,0,2,5,0,8,0,4,0,2,0,0,0,0,0,0,0,0,5,6,19,0,0,2,0,9,0,0,0,0,0,6,0,5,0,3,43,3,25,2,2,14,8,0,12,3,0,3,0,0,36,0,0,0,9,0,14,38,0,2,23,22,6,33,28,12,4,5,8,0,0,16,16,0,18,15,0,0,10,3,3,10,8,0,3,3,2,19,12,21,4,0,0,23,0,33,0,9,19,2,11,21,9,0,0,2,28,3,5,2,0,0,0,4,30,1,7,10,2,12,3,52,0,0,2,3,0,0,12,24,8,7,0,34,20,17,2,5,18,15,4,8,25,4,25,18,8,13,17,8,16,3,0,5,5,0,0,0,4,6,6,0,31,0,26,0,19,19,2,2,9,4,0,6,3,2,7,6,0,0,0,8,0,4,95,6,8,4,13,0,0,46,0,15,128,7,25,0,0,2,0,10,0,19,0,0,0,6,0,15,11,0,0,8,0,0,9,0,7,16,1,16,0,8,49,0,3,12,0
SRR6784540,controle,31,8,37,5,18,0,7,18,46,50,39,28,8,6,5,6,17,23,32,23,23,6,11,102,19,6,14,12,2,19,9,16,16,70,47,10,0,42,19,11,0,71,4,0,48,54,74,52,39,53,16,60,3,0,0,74,23,0,6,0,11,29,12,27,114,1,29,0,20,5,71,18,51,14,48,0,41,0,0,51,34,7,114,17,27,9,10,26,53,36,22,0,0,19,69,81,50,7,24,4,29,14,59,39,53,13,0,56,146,39,8,26,1,17,0,45,12,34,43,13,3,12,17,3,58,39,24,12,5,20,41,14,162,82,19,145,3,37,4,46,6,9,14,46,0,4,19,13,340,12,54,13,6,7,7,0,5,0,11,32,8,15,24,5,5,140,111,46,15,9,3,10,32,125,11,28,0,67,29,28,0,16,57,5,8,12,15,39,4,7,8,0,25,16,21,0,8,84,14,0,2,63,0,60,23,25,3,6,3,6,14,12,3,16,28,22,5,33,12,4,37,85,20,0,0,31,12,34,21,31,5,7,73,11,23,4,4,28,0,47,26,48,0,41,189,11,5,21,27,24,21,9,3,10,13,55,7,127,3,8,26,9,2,31,67,0,16,70,10,9,6,22,29,22,65,4,7,8,24,25,115,55,6,26,14,52,112,21,74,85,24,161,76,44,52,32,17,9,3,0,23,0,97,12,33,3,85,105,0,9,17,36,25,18,42,21,61,33,23,93,59,86,17,77,18,34,134,8,11,54,30,6,15,11,111,57,0,14,15,172,201,33,17,15,0,39,3,63,3,23,28,82,53,0,41,38,71,56,11,1,36,63,0,23,38,2,23,37,24,18,84,81,29,0,24,26,12,4,10,17,15,17,25,12,0,23,6,67,22,115,27,84,39,11,27,30,0,14,4,253,50,66,5,71,32,4,19,22,4,4,147,93,0,29,4,41,33,3,30,48,29,65,17,40,20,46,8,2,47,37,102,7,11,35,16,94,87,91,21,8,7,0,48,46,56,8,2,39,62,50,32,70,0,112,36,0,55,26,61,37,3,14,51,0,0,16,0,0,8,0,30,104,7,6,13,25,32,61,77,46,87,29,28,21,12,60,75,27,18,0,108,106,17,8,27,52,18,21,3,162,47,388,54,11,8,0,0,2,4,14,81,88,27,22,98,20,11,17,19,22,13,5,7,0,24,14,3,22,92,41,20,23,10,0,0,37,5,5,78,82,228,19,55,33,97,16,0,51,29,14,59,36,0,56,19,48,34,0,74,35,42,47,33,48,0,6,14,5,17,2,35,37,0,6,0,4,19,0,30,8,9,13,118,17,11,0,6,36,50,59,27,17,5,74,0,17,0,17,11,15,114,40,4,4,5,0,133,23,45,14,48,11,21,9,15,65,8,11,15,21,25,68,6,0,0,20,0,234,14,10,33,10,7,38,126,10,17,7,7,24,41,4,48,3,27,34,8,148,3,20,0,0,13,33,54,0,0,36,52,109,0,53,10,55,37,9,8,14,8,13,20,10,0,0,9,87,32,317,65,28,34,0,24,23,16,57,165,10,23,3,13,28,23,25,4,0,0,26,19,8,0,27,118,0,25,8,23,15,10,14,0,24,0,0,27,5,43,23,5,0,5,52,27,10,8,0,0,16,12,0,21,27,0,3,22,15,29,2,20,7,22,4,71,29,33,10,2,0,0,22,50,2,6,13,8,30,32,3,21,95,23,31,90,7,12,44,28,20,9,113,44,17,0,27,21,11,10,47,4,7,0,16,29,45,0,53,34,18,62,8,5,111,13,2,23,13,4,14,0,0,11,57,16,73,8,12,0,21,14,9,10,0,0,25,0,2,15,10,29,19,24,6,39,22,0,3,22,11,17,3,18,27,6,24,17,28,5,33,24,17,66,7,14,14,25,3,25,25,4,21,94,41,19,10,0,14,32,8,12,10,8,70,25,28,21,22,41,7,18,0,0,119,104,6,6,2,7,12,26,17,19,11,0,74,17,57,109,23,29,14,16,0,0,12,0,12,37,3,14,0,0,45,14,7,0,10,0,0,14,5,7,0,13,28,0,26,0,0,6,0,10,18,30,3,0,16,12,0,4,52,0
SRR6784551,controle,42,8,14,12,29,0,15,15,39,32,7,31,0,15,14,14,6,14,5,6,23,14,4,25,7,10,14,17,12,0,3,21,31,15,39,13,6,18,4,7,8,86,4,10,10,42,37,20,26,25,7,16,8,0,0,16,8,37,10,2,15,21,12,19,59,4,34,0,5,6,41,14,21,0,8,6,23,0,0,17,35,13,62,0,0,9,2,4,21,22,17,3,3,7,90,23,17,6,24,7,13,14,33,24,45,13,10,29,16,25,7,14,7,13,0,18,4,24,26,23,6,0,15,4,21,17,13,21,0,17,15,15,29,28,2,41,0,2,4,30,7,6,29,22,5,13,0,5,280,0,34,6,2,7,24,1,24,0,4,3,19,22,3,7,2,64,58,34,15,14,6,34,25,56,4,0,3,3,0,0,0,21,20,0,6,5,22,18,18,28,5,0,12,7,17,24,14,29,9,0,2,27,0,0,21,11,0,7,5,0,14,12,13,6,17,10,3,61,29,2,17,35,10,7,7,26,4,11,11,51,4,11,31,20,3,0,4,11,0,16,24,32,0,17,75,10,7,14,5,26,45,0,16,10,9,33,21,56,4,3,8,5,6,22,29,4,19,17,25,25,13,20,20,28,60,9,33,10,13,16,16,5,6,19,4,86,46,25,24,58,16,89,45,25,22,44,17,12,7,6,15,1,29,5,26,2,32,112,0,16,2,12,23,3,15,12,19,18,27,43,68,31,11,35,11,19,114,6,9,5,4,3,33,6,68,30,8,9,3,82,117,18,19,26,5,10,3,11,0,2,8,32,3,6,0,19,8,25,23,0,13,15,3,11,20,2,4,19,10,5,45,39,17,9,0,27,11,8,0,13,14,10,15,11,2,0,3,15,19,73,28,55,41,6,22,12,0,16,22,137,24,96,5,5,17,0,17,16,0,0,59,26,0,8,0,0,15,0,11,28,7,35,10,33,15,21,5,7,21,36,68,6,12,30,2,40,36,40,0,8,2,4,44,35,12,15,4,29,25,38,40,139,0,89,34,4,16,23,32,16,6,0,55,11,0,20,0,7,7,6,15,132,5,0,10,28,18,26,40,65,50,7,14,11,3,22,61,22,14,0,43,39,11,13,27,16,9,21,3,45,19,137,81,0,9,0,9,5,6,2,60,12,17,8,17,10,7,2,10,23,9,11,10,5,23,8,14,7,54,13,34,43,5,0,3,27,3,5,16,35,50,21,30,17,91,6,0,8,11,11,21,54,3,23,17,19,19,4,21,16,17,9,7,25,0,0,18,16,0,5,58,29,9,12,2,4,0,3,43,6,5,13,64,15,4,10,0,0,66,16,42,26,11,24,5,20,14,24,35,4,46,25,24,3,6,4,43,18,39,0,6,10,6,12,18,43,6,12,0,18,43,7,12,0,0,3,8,111,32,4,8,7,5,3,75,14,39,2,5,12,12,3,25,3,60,10,11,147,3,0,1,4,20,10,17,0,0,19,17,45,7,19,14,10,16,6,7,4,3,0,16,7,8,5,12,25,20,181,69,30,31,0,19,5,12,22,92,4,29,0,8,10,19,18,18,9,0,4,3,14,0,25,70,0,2,0,6,28,10,15,0,31,21,9,10,13,25,12,0,0,8,34,17,10,0,3,0,5,5,0,15,9,0,6,16,17,29,7,27,8,20,5,16,10,25,4,4,5,5,5,7,4,4,4,0,2,24,0,15,35,18,15,37,10,15,36,7,0,4,15,19,7,4,6,28,12,14,12,3,20,6,8,16,13,14,16,4,12,15,8,7,26,3,2,15,19,0,15,3,20,13,3,25,23,6,0,0,7,7,3,4,0,15,0,11,5,38,1,19,2,11,14,14,0,0,0,12,9,22,3,3,25,12,16,9,12,10,8,12,4,41,9,15,8,8,7,15,7,6,18,18,20,3,15,76,13,0,4,3,4,5,27,3,33,19,0,9,5,13,2,5,45,32,11,3,0,12,18,19,3,14,4,5,15,13,23,73,70,22,6,3,0,3,19,31,6,61,4,10,0,2,11,21,6,0,11,0,0,5,24,5,8,4,12,2,7,0,0,6,0,2,4,5,7,0,12,4,0,7,11,0
SRR6784554,controle,7,10,0,5,7,9,3,9,17,21,5,23,0,1,5,6,6,8,0,7,13,7,3,19,4,8,8,7,3,0,0,3,11,27,20,9,5,8,0,4,0,45,2,3,9,11,16,12,18,15,0,23,4,0,0,9,3,0,5,0,4,9,6,18,39,0,22,1,3,0,14,9,13,3,3,2,15,0,0,12,12,7,34,3,0,7,5,0,11,9,5,3,0,4,30,11,19,3,6,3,11,7,7,9,17,1,0,11,16,9,4,12,2,7,0,4,2,10,12,0,11,2,7,5,16,12,8,0,0,4,7,2,33,15,2,31,3,0,0,16,3,4,12,13,2,4,0,3,110,16,12,2,2,4,5,0,3,0,4,2,3,13,0,7,1,26,25,8,7,10,8,4,9,44,6,0,3,8,0,0,0,15,19,6,4,3,7,10,4,8,1,0,9,9,20,0,7,15,7,0,0,9,0,8,3,8,0,0,2,0,6,6,4,6,15,6,4,5,14,0,10,21,6,4,2,11,3,11,3,15,0,0,17,6,5,0,6,7,0,8,7,16,0,8,26,5,7,4,6,16,4,2,6,6,6,10,11,30,5,6,11,4,1,9,15,0,10,26,2,10,5,1,3,10,33,3,6,0,11,3,4,7,2,9,0,30,33,3,11,30,13,42,28,15,7,10,6,4,0,0,3,0,20,4,14,2,12,38,0,5,0,21,0,3,10,17,9,6,6,21,36,19,0,17,4,2,24,3,8,0,4,2,8,3,30,12,1,0,3,48,80,13,12,11,2,4,8,8,0,0,7,19,7,1,4,9,6,17,11,0,7,7,4,6,7,0,3,6,12,16,20,24,0,0,2,15,6,4,0,3,10,2,15,4,0,4,0,13,5,11,4,21,18,0,5,2,0,7,6,75,3,40,3,4,5,14,5,12,2,0,38,16,0,5,0,2,14,0,2,20,10,11,6,18,15,10,7,3,14,12,31,0,10,9,0,19,14,38,2,4,2,0,38,20,4,7,2,10,10,13,6,19,0,38,6,0,5,12,26,9,4,0,17,0,2,3,0,0,3,3,9,43,0,0,4,14,6,18,38,18,15,8,8,3,3,13,28,8,6,3,24,18,5,5,12,9,5,13,0,34,10,80,21,3,10,0,2,0,4,2,33,15,10,0,16,12,0,4,5,7,5,3,3,1,6,4,2,2,16,5,0,13,0,2,2,6,3,3,12,9,22,0,15,11,32,7,0,10,8,6,7,7,0,8,11,8,8,7,6,6,13,6,11,12,2,2,5,8,0,4,36,8,0,5,2,0,5,0,26,0,5,12,19,5,6,0,0,22,27,18,11,3,0,26,6,12,2,15,8,5,28,14,5,0,7,7,25,7,0,0,4,0,3,8,8,25,4,3,5,5,13,11,1,0,0,4,3,55,4,0,17,0,4,10,17,3,18,4,3,8,8,7,6,4,32,7,8,37,0,4,2,0,3,4,15,4,0,20,11,37,0,9,7,9,6,2,6,2,6,6,9,4,0,9,5,24,15,79,29,4,8,0,5,4,9,16,40,0,11,4,2,1,4,11,0,0,0,2,3,0,0,13,21,0,4,0,6,12,0,4,0,7,7,0,3,0,0,2,0,1,5,16,13,4,0,0,0,1,12,0,11,0,0,6,8,6,11,2,20,3,13,4,10,3,12,2,9,0,1,0,9,0,7,0,3,0,3,4,8,17,2,8,11,2,0,19,33,0,21,13,5,7,0,5,7,4,5,13,0,4,0,3,3,15,2,12,2,6,12,7,2,13,2,3,0,9,0,14,0,8,9,4,11,18,0,4,3,2,5,0,0,3,0,0,5,2,24,0,0,2,5,3,13,3,0,3,2,9,5,3,4,9,4,0,2,11,4,5,5,4,15,4,9,1,6,0,7,6,1,9,14,6,12,2,5,0,5,0,2,11,4,9,2,13,14,2,7,2,12,0,2,18,23,2,0,1,4,4,9,3,0,0,0,7,0,20,48,4,2,2,4,0,2,10,7,6,38,4,8,0,0,6,2,0,0,3,0,0,2,6,7,0,4,0,2,2,0,0,3,0,1,5,3,3,0,5,8,0,5,20,0
SRR6784564,controle,15,1,2,12,27,0,0,9,24,24,3,23,0,2,18,14,3,8,0,3,25,44,3,4,14,16,17,7,49,2,5,11,28,27,27,16,6,2,4,0,6,141,3,4,3,11,16,8,25,11,7,7,35,0,0,7,18,21,5,0,6,17,6,8,60,26,23,0,12,0,51,19,12,4,6,8,15,0,0,9,16,6,39,2,5,9,0,0,8,15,4,0,2,2,44,9,22,16,15,5,21,8,17,36,15,4,0,35,9,4,4,15,11,8,0,0,10,20,19,0,5,0,13,5,22,9,8,3,15,7,5,7,22,23,0,26,0,0,0,28,5,18,8,13,6,0,0,4,128,0,15,0,15,2,96,22,6,0,3,4,21,25,3,7,33,112,38,5,15,3,27,62,11,41,6,0,7,16,0,2,0,18,16,13,6,2,52,17,56,14,6,8,11,0,8,10,23,18,3,0,27,24,0,0,10,5,0,3,3,2,5,10,8,10,6,8,4,120,23,9,7,12,23,0,5,13,0,3,6,38,4,4,20,13,2,10,6,0,4,6,5,22,0,4,57,6,0,6,6,15,4,2,9,0,10,9,16,31,0,14,6,6,0,5,14,0,12,16,10,13,57,10,4,29,49,0,9,7,6,7,4,6,16,14,4,59,27,12,15,27,7,40,46,34,49,23,8,13,17,4,33,0,20,4,23,0,28,54,0,18,2,16,10,7,9,5,18,33,26,35,53,31,9,34,12,0,94,3,6,3,4,5,14,10,27,72,2,7,7,51,113,11,11,41,8,6,3,4,0,0,11,10,9,4,0,6,10,12,5,0,9,12,0,5,5,2,0,8,9,5,27,34,4,4,6,24,7,0,0,8,10,12,7,2,0,5,9,6,4,27,15,36,32,16,26,4,0,45,4,104,5,92,6,2,35,4,14,19,0,0,32,26,0,2,0,0,12,2,5,31,6,13,16,18,16,8,3,0,18,13,28,0,5,16,9,26,14,12,3,14,6,0,27,36,12,4,4,6,45,18,13,212,0,71,7,0,22,16,31,7,27,12,13,11,0,11,0,7,4,0,15,60,2,15,3,15,14,17,24,44,93,6,25,3,7,21,63,8,12,0,20,39,43,5,19,13,2,13,3,36,7,61,26,0,9,0,2,3,2,4,135,15,19,15,8,4,3,5,4,3,16,64,7,0,2,5,2,17,38,8,16,37,5,0,2,29,12,5,36,24,75,2,17,12,48,5,0,7,12,0,14,55,0,5,9,17,3,12,7,3,12,13,5,20,0,0,2,12,6,4,33,4,0,4,6,0,13,0,38,4,3,11,22,3,11,0,2,8,48,93,41,10,0,28,9,14,6,18,24,4,22,30,10,18,6,13,23,7,28,8,7,3,7,21,25,23,3,4,13,10,5,8,8,2,1,3,2,98,2,6,10,0,4,21,25,23,15,4,14,5,34,0,12,4,49,7,5,20,4,0,0,0,14,13,16,0,5,4,10,47,10,7,20,6,1,2,33,0,6,10,12,10,0,0,0,16,18,93,52,87,45,0,5,17,22,13,40,0,5,0,7,0,6,11,0,0,11,6,3,0,0,55,43,0,2,0,11,16,2,5,0,4,0,0,6,0,0,0,0,10,3,7,10,4,3,2,4,7,0,0,3,0,0,3,4,24,8,4,16,2,13,7,0,4,9,4,5,7,0,0,4,0,12,0,4,0,23,2,10,17,6,4,68,31,17,41,6,262,0,2,5,0,0,6,16,3,21,50,3,0,6,0,6,18,7,7,3,7,13,4,8,25,2,0,0,18,51,20,0,36,6,0,10,17,3,2,0,0,7,0,0,0,0,4,7,4,15,0,3,5,5,12,7,21,0,0,3,4,5,0,3,21,8,0,3,8,10,10,2,10,15,5,5,2,8,2,18,10,7,3,32,7,4,30,34,10,10,3,5,6,18,15,2,7,11,4,11,0,13,4,0,15,18,0,0,2,0,5,11,0,0,0,4,6,9,14,65,12,10,4,5,0,0,28,7,15,73,21,11,0,13,8,0,6,0,11,0,0,4,12,5,14,3,11,6,4,0,0,4,0,5,6,6,18,0,26,3,0,16,17,2
SRR6784567,controle,44,49,5,3,36,19,8,12,68,23,8,8,0,9,22,3,4,19,6,7,17,10,6,23,3,3,6,5,7,6,4,17,14,30,21,12,4,22,0,5,7,26,6,6,27,26,16,39,25,13,15,17,7,5,0,27,14,3,9,0,24,22,4,14,43,4,14,0,5,0,16,17,7,3,28,38,13,0,47,28,44,3,32,6,0,8,0,0,15,13,16,0,0,2,65,12,11,7,12,3,106,6,40,11,46,9,0,15,23,9,2,12,6,5,0,23,6,15,44,33,12,3,5,32,18,12,2,0,2,2,12,22,31,108,0,25,0,10,8,30,0,13,22,12,12,4,3,21,237,5,11,17,3,24,3,6,35,0,0,5,9,10,0,14,0,53,27,15,5,21,9,29,8,81,7,0,22,7,27,4,4,13,23,4,6,3,8,21,4,10,3,0,24,9,25,7,4,29,10,16,0,46,0,11,10,14,9,2,26,0,6,16,7,12,26,9,10,45,8,5,7,44,5,8,24,15,8,7,9,223,15,12,25,37,5,2,3,16,0,20,14,12,0,8,245,3,15,38,4,42,146,13,15,3,10,27,5,39,7,8,125,4,3,7,18,2,8,20,11,19,3,14,26,9,63,12,42,4,4,12,3,11,3,27,20,53,28,15,25,66,13,76,37,13,27,18,11,18,3,3,9,4,28,3,14,8,28,31,0,5,14,18,9,8,8,10,6,7,13,40,52,24,5,24,10,0,253,17,4,9,4,1,17,3,23,18,3,7,14,87,146,57,9,5,7,13,4,3,14,9,27,24,7,6,8,9,14,12,19,0,10,10,4,17,16,0,2,4,6,25,52,27,4,7,6,13,4,6,0,12,6,3,7,10,12,12,8,15,11,24,43,19,24,5,5,3,2,26,12,107,24,70,19,12,19,0,5,11,0,3,46,47,0,1,3,2,8,0,15,16,9,20,6,16,7,9,12,3,20,67,35,0,6,43,7,64,11,34,5,14,9,4,174,24,19,0,0,13,396,68,35,111,0,49,21,4,15,9,47,16,4,4,41,0,3,14,0,0,2,26,3,73,4,8,4,9,8,38,40,34,45,41,243,3,6,9,34,32,4,2,94,24,7,5,10,15,11,8,8,34,11,77,41,3,3,0,10,8,2,2,31,8,7,21,17,9,5,4,20,33,11,3,3,0,2,10,7,15,78,56,16,16,9,8,0,17,3,8,31,22,32,3,12,14,45,3,3,5,8,10,50,21,4,22,7,14,13,23,13,21,16,7,17,53,0,0,24,13,15,7,13,11,6,3,11,4,11,5,129,9,26,3,55,3,0,0,0,12,21,57,66,31,0,70,3,16,10,18,7,20,25,11,8,3,6,4,38,14,36,8,19,10,4,3,7,50,7,14,13,7,18,6,8,15,2,3,2,244,3,3,7,15,8,8,33,4,15,2,3,1,17,8,29,3,22,7,9,81,9,2,71,2,14,7,33,4,0,42,9,111,8,15,5,10,9,5,7,9,3,2,19,4,4,7,55,50,10,157,49,19,5,0,0,2,8,17,56,17,5,10,5,5,15,6,14,7,1,13,3,3,0,33,33,38,9,8,19,26,21,12,0,12,12,10,4,0,5,0,15,3,16,38,6,3,0,2,3,2,11,0,11,6,0,16,14,153,17,7,30,10,6,3,7,15,12,2,1,6,0,3,4,0,1,31,3,11,11,6,23,11,25,6,39,11,27,26,31,11,34,12,7,6,0,32,101,4,4,20,0,0,4,4,17,20,2,5,12,5,10,4,2,21,2,8,3,5,0,7,21,94,2,22,30,15,6,3,0,5,3,8,8,4,12,0,0,10,12,1,16,7,6,3,9,4,0,3,19,4,24,8,6,6,5,0,3,6,7,5,7,8,13,3,12,0,15,2,17,5,9,16,8,9,8,0,0,5,5,6,2,14,10,10,3,37,8,7,9,5,6,8,0,34,17,0,3,2,7,13,17,6,9,2,2,11,18,9,121,35,9,0,4,0,0,13,13,4,25,3,7,0,5,13,0,16,0,21,0,0,2,8,5,6,6,15,0,6,0,0,5,0,1,3,3,5,0,5,0,0,4,5,0
SRR6784574,controle,55,17,17,24,169,0,7,90,76,197,13,154,25,4,24,56,14,41,6,22,129,50,11,80,36,69,80,82,29,0,5,18,103,110,198,85,7,31,5,4,0,541,5,10,24,41,32,20,252,44,6,51,16,0,6,31,59,3,68,0,5,95,47,12,180,11,162,3,31,10,196,69,14,19,11,18,28,0,0,40,103,40,43,11,0,50,7,8,28,75,25,2,2,24,46,19,104,36,27,25,146,59,49,41,70,7,0,101,30,87,36,50,42,58,0,26,24,113,100,0,27,8,75,57,151,11,9,4,14,38,17,11,37,28,5,127,0,3,0,136,2,39,25,22,16,3,3,15,469,13,135,7,18,13,29,2,16,0,6,3,62,136,0,29,0,331,216,22,94,9,16,290,81,216,29,0,10,31,36,11,5,149,8,25,63,9,36,60,22,110,8,2,62,5,22,19,94,38,2,0,0,42,0,29,36,12,0,36,27,3,49,41,12,45,28,14,8,55,143,13,37,39,44,7,9,31,9,14,14,135,9,13,48,35,10,2,0,15,0,18,25,130,0,19,171,33,0,14,42,22,50,27,17,23,99,31,42,156,3,33,25,23,0,12,67,7,98,34,96,42,54,44,20,132,198,45,27,29,8,51,13,34,24,22,16,208,51,127,75,68,86,94,242,69,53,42,21,25,5,2,25,0,91,24,99,5,26,225,0,73,13,80,34,12,17,33,24,0,30,162,262,68,13,173,65,11,122,9,62,17,9,29,42,2,167,95,4,12,11,162,368,96,68,80,9,11,14,18,11,6,26,26,10,3,3,21,28,25,9,0,14,26,8,20,13,0,3,9,24,58,29,42,12,6,20,142,14,0,14,19,69,17,15,9,6,16,14,20,45,64,22,205,163,14,97,12,0,16,4,446,22,220,7,7,68,23,83,79,2,7,61,79,0,10,4,0,22,0,26,144,23,42,90,85,101,16,33,7,112,50,70,0,23,130,9,42,26,157,4,12,0,8,273,193,27,7,18,26,30,39,39,427,0,203,30,0,22,65,108,31,22,21,27,14,0,29,0,0,4,9,73,295,0,31,9,119,7,38,67,231,98,7,86,6,15,68,231,33,28,5,73,181,135,10,157,60,13,136,0,61,19,142,221,0,68,0,12,3,24,3,227,11,100,46,18,20,0,19,18,65,54,46,35,0,3,25,8,11,18,19,4,146,19,3,2,101,18,31,83,257,165,43,111,18,63,28,9,9,12,4,32,99,0,12,87,26,19,0,14,45,70,90,31,157,0,0,6,38,4,10,270,23,0,41,2,0,16,0,204,3,12,91,73,39,20,0,0,34,345,43,51,16,23,108,15,22,34,134,67,21,165,92,7,9,27,27,148,15,21,34,28,14,11,61,4,150,8,8,5,69,20,11,11,2,0,28,4,222,10,8,16,0,5,5,53,55,111,3,18,66,19,27,14,3,381,7,65,132,8,13,30,4,37,35,31,18,0,33,9,214,25,50,75,29,16,11,26,5,12,38,58,56,0,4,16,38,119,257,315,40,35,2,4,13,135,31,151,0,34,7,7,25,14,13,3,6,0,6,18,4,0,117,48,8,8,0,32,43,5,17,0,12,7,0,7,0,10,14,0,0,16,31,119,9,15,3,0,26,6,0,14,4,0,7,44,86,0,7,167,12,103,48,11,20,15,8,5,7,50,8,13,6,51,0,5,3,58,5,51,75,17,13,46,55,17,123,77,79,17,27,140,17,0,30,20,11,73,151,0,0,51,10,30,48,53,3,9,13,31,47,31,60,22,3,5,79,15,126,0,24,70,6,43,82,50,3,0,9,57,0,6,2,2,31,6,35,103,0,7,20,30,28,14,25,0,11,17,8,16,0,23,125,38,10,15,98,54,30,8,56,46,45,10,13,64,11,82,40,25,35,24,14,13,16,11,31,17,9,11,6,18,11,6,29,87,12,85,3,75,24,0,43,40,4,0,6,15,44,28,5,4,29,6,13,12,12,268,32,13,12,12,0,7,134,16,18,305,16,100,0,11,19,5,7,0,105,0,0,0,11,4,47,18,16,12,11,0,0,36,0,20,18,29,30,0,26,15,0,84,16,2
SRR6784579,controle,30,80,6,18,46,0,6,23,74,66,16,48,0,11,21,22,10,23,4,10,56,31,7,41,12,15,20,22,41,10,11,18,43,52,52,31,14,17,0,5,12,190,2,9,18,33,82,73,50,50,4,28,11,3,0,43,25,16,15,0,17,51,15,11,115,7,44,3,13,6,70,32,43,5,20,31,47,0,76,54,28,20,99,18,8,14,4,7,25,32,18,2,0,15,71,17,51,14,58,4,138,34,61,29,25,22,0,52,70,27,13,36,12,26,0,30,19,38,87,25,7,7,25,9,40,30,23,8,16,22,10,9,72,129,8,78,0,4,24,60,8,9,12,37,5,22,8,3,304,12,65,12,5,8,73,16,21,0,8,10,29,41,0,6,33,182,146,22,28,17,50,74,22,286,11,0,0,10,19,17,16,38,34,9,10,11,60,25,47,35,1,0,61,30,25,14,33,43,19,0,13,45,0,15,9,22,16,2,43,6,26,16,15,29,22,25,11,107,50,3,24,64,46,3,7,20,4,17,8,262,27,11,53,12,18,8,6,20,0,30,23,39,0,20,363,10,36,39,16,44,235,10,11,8,24,31,46,88,5,4,9,8,2,24,39,12,29,54,18,17,10,22,20,35,95,3,18,7,20,18,30,16,5,19,29,86,78,38,32,90,19,102,106,49,62,25,21,28,35,5,15,0,35,9,39,0,34,109,0,26,15,27,34,11,41,27,52,72,33,83,122,33,15,60,15,16,301,11,20,5,13,10,33,27,90,39,3,6,10,129,171,120,34,64,22,32,3,42,26,0,19,44,27,16,5,19,4,40,6,1,31,39,10,3,9,9,0,23,21,60,59,54,11,3,9,44,17,15,5,18,19,13,33,9,6,25,9,42,29,80,20,62,61,21,21,11,0,40,9,242,22,161,6,9,26,12,22,26,16,6,93,63,23,16,3,14,41,0,14,53,25,53,19,54,31,33,16,14,49,103,74,0,10,59,17,49,86,96,7,14,2,5,244,42,17,25,8,46,481,59,44,253,12,120,19,3,24,33,60,13,36,21,53,8,2,8,0,8,5,10,23,117,0,17,6,44,24,35,61,81,98,69,277,10,14,36,120,22,15,5,74,55,54,11,46,31,9,40,0,139,33,268,70,5,24,0,7,6,6,9,161,43,30,28,50,17,6,5,24,26,11,27,14,0,7,18,0,42,95,11,14,39,18,2,8,50,15,10,59,55,136,32,37,27,91,11,3,20,21,2,34,45,0,17,28,29,9,12,19,23,15,20,25,94,0,2,22,25,4,7,78,43,0,14,17,3,24,3,197,0,14,23,38,7,17,0,2,20,93,96,55,10,5,120,3,29,9,29,18,39,73,34,17,4,16,5,67,6,110,14,32,3,8,22,49,41,10,23,27,29,22,49,11,4,0,10,0,403,33,6,21,8,15,13,89,20,55,9,12,29,27,3,27,5,92,23,19,87,4,17,103,0,31,10,37,10,6,30,23,229,22,33,32,10,19,5,32,9,19,20,172,9,15,5,59,67,35,218,96,69,81,4,3,27,23,51,120,5,12,5,9,25,8,15,7,11,18,4,2,0,0,59,53,7,15,0,17,28,5,13,4,15,13,5,10,9,20,6,0,0,11,52,36,6,3,0,0,9,18,0,13,0,0,17,10,25,25,7,56,11,38,8,11,6,31,2,13,9,3,11,27,3,28,0,3,3,17,0,28,17,26,24,59,0,6,60,44,0,20,16,31,13,1,44,116,9,26,39,0,17,0,8,29,23,4,15,16,33,33,16,10,55,6,2,9,31,57,29,25,137,13,7,40,46,14,5,3,6,18,0,3,6,3,11,46,14,47,2,10,3,10,10,35,4,0,0,9,22,11,9,3,49,15,6,9,20,22,15,7,21,44,13,16,2,27,10,27,16,8,10,49,17,0,11,0,12,21,11,8,11,17,48,9,41,31,14,23,13,27,3,7,56,82,11,0,7,5,19,10,3,4,3,3,33,10,25,203,37,8,8,3,14,0,28,6,18,102,19,17,0,22,21,0,96,0,30,0,0,10,12,9,5,5,12,4,11,0,4,14,0,5,3,10,18,0,29,7,0,23,9,0
SRR6784585,controle,10,9,4,2,91,0,2,21,25,69,12,34,0,12,2,28,3,14,12,6,41,13,3,15,10,11,22,11,12,2,9,14,37,34,41,17,6,14,0,2,0,167,2,2,5,10,14,14,74,14,6,23,3,0,0,24,32,10,5,5,7,25,14,5,49,4,43,0,4,0,52,23,14,9,8,4,14,0,0,25,32,14,23,4,8,9,0,6,23,20,14,0,2,14,56,8,23,14,9,7,41,33,25,23,35,5,0,47,6,25,6,24,19,11,0,14,2,47,31,14,3,0,28,7,49,6,8,12,10,2,3,0,14,24,1,40,3,3,8,41,3,19,13,9,1,4,14,8,195,0,29,5,3,4,33,12,14,0,5,4,40,25,21,5,30,117,47,5,38,13,18,43,39,44,27,4,12,4,5,18,0,25,14,8,30,9,25,21,12,34,9,0,32,9,25,19,16,16,0,0,19,18,0,5,3,2,0,0,8,0,12,21,13,30,14,15,6,53,20,2,11,19,20,10,0,20,4,2,5,43,10,10,19,9,6,2,4,16,6,5,9,50,0,12,91,7,5,20,20,9,23,0,12,11,22,15,22,50,0,3,4,8,13,10,9,5,21,14,27,31,18,15,8,51,76,2,16,5,4,23,16,6,5,13,22,72,28,8,25,21,24,66,71,23,25,34,7,7,13,0,11,0,23,11,44,9,23,90,0,16,5,26,0,0,11,11,11,41,13,56,82,14,6,36,10,8,96,4,13,0,10,2,19,3,53,55,6,2,7,94,117,27,12,30,0,3,5,0,0,0,7,23,22,6,0,3,18,9,19,1,5,17,13,14,21,2,0,3,22,5,22,18,4,4,5,37,5,0,0,3,10,9,10,5,0,6,3,12,4,17,35,104,41,5,48,3,0,13,12,198,21,66,6,18,13,0,18,40,2,4,45,22,0,0,0,3,0,0,10,32,26,14,27,31,15,10,8,2,36,21,45,17,6,39,3,18,18,43,0,16,0,0,54,48,15,12,6,10,30,35,27,190,0,91,3,0,13,20,39,12,15,4,33,7,0,12,0,19,1,5,34,79,6,8,10,30,8,22,34,83,65,6,39,8,8,16,99,5,15,4,32,63,59,4,38,23,5,19,0,66,18,130,74,0,12,2,3,0,5,5,90,19,27,27,11,2,8,10,6,23,19,12,14,0,7,12,6,6,53,11,0,22,0,0,0,43,9,10,40,37,61,0,27,12,52,15,0,4,12,10,38,89,0,9,21,18,2,11,5,15,26,19,12,42,0,0,11,15,8,0,54,5,4,9,3,12,14,0,67,5,0,12,20,9,22,0,4,6,103,40,21,15,11,20,4,17,28,24,19,0,81,23,6,11,15,2,54,3,15,0,3,0,9,16,5,45,11,4,0,13,10,23,6,8,0,9,0,116,5,3,9,3,4,6,38,21,23,2,7,25,9,10,20,6,134,8,13,67,6,0,0,0,16,12,18,3,0,15,11,92,0,18,14,8,9,2,4,4,4,3,6,28,0,3,12,15,17,105,100,50,36,0,3,5,38,11,75,3,6,9,2,13,10,10,13,4,13,4,7,6,0,57,48,14,0,8,5,22,4,19,0,16,6,0,11,4,5,2,6,0,10,24,20,10,3,0,0,7,11,0,4,30,0,15,24,7,17,3,33,8,23,20,8,10,11,2,1,3,0,12,4,0,16,10,2,0,46,0,20,20,8,5,34,6,6,38,9,12,4,22,5,33,0,10,22,3,22,7,0,14,0,11,19,22,2,4,3,14,9,10,12,30,2,2,5,22,23,33,0,3,14,0,18,29,3,4,0,0,11,3,5,4,15,4,4,2,30,0,12,0,6,9,15,16,0,6,0,5,10,0,8,18,17,0,6,18,16,16,8,41,20,14,9,9,19,7,16,11,5,22,21,8,11,17,0,6,10,3,0,4,17,9,6,27,23,2,14,2,34,3,0,18,13,4,0,0,12,3,15,3,12,0,7,10,10,15,99,23,10,14,10,0,4,18,14,19,105,7,31,0,0,8,0,0,0,47,0,0,6,6,7,0,9,10,0,6,0,0,9,0,11,3,13,3,0,14,0,0,65,15,0
SRR6784590,controle,25,12,8,34,146,40,5,52,68,154,18,89,2,4,21,54,2,28,9,23,94,30,8,46,33,32,58,47,28,2,13,18,83,90,128,47,10,11,5,4,0,407,10,3,17,11,47,20,166,28,3,28,7,0,0,49,78,19,27,0,17,85,30,12,112,13,128,0,29,9,114,65,13,11,10,6,13,0,0,46,121,27,46,5,5,27,4,0,33,60,26,0,0,24,73,14,49,40,28,10,113,44,30,53,45,11,0,98,60,100,24,37,34,37,0,9,0,106,62,0,19,9,70,0,103,8,10,5,3,46,13,14,32,32,0,112,0,0,3,104,6,20,18,16,7,0,5,9,416,4,80,4,16,3,109,14,25,0,0,4,57,65,0,27,41,71,61,19,71,6,27,192,86,188,39,4,6,34,0,4,0,82,25,18,78,0,75,60,47,142,9,0,52,9,19,0,45,28,6,0,27,53,0,19,40,0,0,42,15,5,26,42,22,51,22,20,11,84,76,13,24,31,41,4,11,29,26,2,17,108,5,3,33,22,0,0,6,6,12,14,17,76,0,21,176,15,0,8,35,25,281,7,20,24,56,34,25,89,16,13,4,30,0,9,11,18,51,18,98,79,65,77,12,110,176,30,8,20,5,25,9,19,14,13,7,176,31,62,59,55,70,73,179,58,50,63,9,5,22,0,7,0,61,21,91,3,36,180,0,44,10,36,8,7,9,26,13,40,31,104,181,45,14,104,57,16,177,3,39,3,21,27,18,7,112,80,4,9,5,116,283,58,41,87,15,7,11,0,3,4,13,18,6,13,0,5,27,18,14,0,7,23,6,22,16,0,0,12,32,39,20,60,5,6,14,100,11,2,0,12,45,5,10,14,5,25,7,8,42,52,34,195,137,22,96,9,0,32,10,394,15,201,16,12,90,0,64,118,0,2,70,51,0,12,0,3,12,0,13,99,15,35,67,68,53,14,23,4,67,54,52,0,12,94,11,48,18,71,0,11,2,0,167,165,10,17,16,22,57,11,62,372,0,211,12,3,15,43,74,17,38,0,37,0,2,20,0,0,4,7,99,213,3,10,11,80,19,36,34,230,136,5,82,19,8,39,392,45,24,6,65,148,23,12,95,15,9,68,0,125,23,178,131,0,33,2,8,12,17,6,214,7,78,29,37,15,4,27,8,31,47,36,45,0,7,20,14,6,83,23,10,105,10,7,3,74,29,7,61,169,23,10,80,25,93,21,0,8,5,2,56,110,0,11,62,31,8,30,19,21,46,91,14,123,0,0,7,31,4,13,180,34,0,28,2,5,14,0,181,6,4,61,45,3,10,0,2,16,278,169,36,20,0,45,31,21,43,107,44,16,159,72,11,6,27,7,134,16,13,5,10,4,5,48,0,143,8,7,9,35,18,7,10,4,0,32,0,207,4,6,13,0,3,9,54,71,80,20,9,48,31,17,18,5,366,6,25,88,10,9,9,2,30,37,27,3,0,19,12,173,10,48,31,24,18,6,31,3,12,6,13,49,0,8,31,19,73,196,254,118,45,0,13,16,89,15,139,0,41,18,13,9,11,8,0,0,16,10,7,0,0,115,30,5,4,5,30,46,11,23,0,7,0,0,9,2,12,4,0,4,5,27,2,18,11,0,0,14,38,0,12,0,0,3,52,79,20,4,4,13,50,43,13,15,15,3,14,13,42,3,3,0,16,0,2,3,79,3,26,25,5,9,51,51,6,100,69,29,36,31,18,45,0,16,22,3,56,46,0,0,18,5,13,24,68,6,12,12,8,29,33,63,8,12,3,69,63,88,0,30,34,4,10,62,46,7,0,0,28,5,5,7,0,17,0,0,104,3,7,12,25,34,10,70,0,3,3,7,29,0,11,71,39,11,12,55,27,41,8,62,28,32,39,13,45,0,23,37,22,38,18,17,23,15,17,30,9,5,17,5,32,19,9,32,77,7,39,3,90,6,4,28,23,6,0,8,29,43,16,0,4,7,5,12,15,10,227,35,23,4,7,0,3,62,19,28,256,14,65,5,0,23,0,7,0,105,0,0,5,19,8,39,12,19,0,21,0,0,21,0,19,13,24,23,0,19,5,0,77,9,0
SRR6784591,controle,6,9,2,42,105,34,32,10,19,66,28,4,8,5,22,58,31,18,61,18,53,21,14,54,15,13,49,10,21,0,50,18,50,36,76,14,7,31,0,13,17,248,28,37,34,22,70,54,102,63,17,44,44,0,0,59,65,25,4,2,6,28,2,41,140,6,56,0,11,18,99,25,36,4,55,12,10,0,0,111,21,8,112,24,3,18,5,0,80,37,19,9,15,11,107,39,41,26,34,24,69,43,41,72,12,8,2,107,40,65,2,12,32,7,0,18,9,69,69,12,5,19,40,38,59,43,33,14,3,39,9,41,51,32,3,123,0,13,17,120,5,14,22,14,12,11,0,2,595,26,52,9,9,16,59,16,15,0,10,7,60,17,0,10,15,68,17,48,50,43,23,64,51,95,27,3,38,42,6,3,0,12,17,8,35,0,60,64,47,50,13,0,27,14,30,19,18,60,14,0,18,19,5,64,13,10,7,32,15,11,4,64,0,68,58,47,16,185,4,3,27,64,21,19,14,21,21,31,66,39,2,7,77,14,15,3,0,7,3,14,13,5,0,37,135,4,14,12,20,30,56,26,19,17,12,47,40,152,33,5,4,11,2,15,46,7,12,56,24,8,28,42,13,126,94,8,7,28,25,13,132,20,5,16,22,145,70,44,60,133,28,122,119,77,102,52,19,21,36,6,22,5,40,5,71,11,99,205,4,4,0,26,34,0,39,10,134,60,56,60,45,54,36,92,48,21,210,10,3,3,18,4,65,11,53,16,2,23,67,149,106,25,27,119,37,19,3,33,0,6,43,93,38,6,35,32,24,48,59,0,30,37,5,30,187,2,3,3,47,20,120,140,4,12,9,83,41,8,0,20,6,2,69,23,3,16,24,13,92,171,40,217,86,3,55,9,0,37,40,356,16,85,9,6,31,7,63,35,0,10,134,16,15,25,0,24,8,0,9,45,15,74,48,26,3,21,52,4,100,92,78,0,5,25,6,41,92,86,6,6,4,21,30,38,7,8,10,28,62,21,86,251,11,85,8,26,78,27,54,28,26,14,174,0,2,4,0,36,8,0,27,58,0,0,10,7,27,85,27,169,255,17,41,6,2,32,83,81,14,23,36,64,42,18,59,36,19,5,24,97,35,476,42,7,10,0,4,2,0,0,248,43,21,20,53,12,4,3,11,10,28,32,31,3,25,5,14,15,88,36,12,26,15,17,7,115,9,7,117,77,289,7,16,33,219,2,50,22,47,41,79,19,0,25,4,42,11,12,26,99,11,21,1,81,0,2,19,16,17,30,53,39,5,3,25,28,17,19,51,78,2,8,32,15,4,0,0,60,92,49,77,18,0,34,5,158,22,47,30,18,106,55,21,89,22,0,101,11,87,7,3,2,6,12,26,65,7,12,0,10,152,34,12,7,6,4,15,220,57,21,55,14,6,21,192,19,27,53,7,76,27,23,44,34,280,32,9,170,0,25,25,7,48,14,54,17,4,0,21,150,5,28,4,24,21,2,29,0,32,12,26,60,0,16,25,57,3,588,223,26,82,0,5,28,79,60,211,3,33,13,0,20,58,9,0,0,23,24,9,2,0,141,141,0,11,0,0,62,23,92,0,9,17,15,52,0,52,22,2,6,5,39,5,25,10,0,0,4,39,0,27,12,0,15,121,29,34,6,13,0,31,37,18,12,42,10,7,0,3,14,31,3,4,3,9,4,78,0,0,26,28,29,77,30,9,119,6,72,28,4,11,20,4,18,25,12,47,35,0,7,11,0,27,21,29,25,0,45,43,3,13,65,3,30,0,10,39,46,9,42,9,2,90,83,13,22,6,17,10,3,0,10,0,0,0,0,11,0,29,0,0,13,54,11,0,0,12,17,31,0,4,10,66,12,5,2,42,15,11,75,69,42,85,2,19,0,25,7,16,3,53,87,7,5,58,36,7,19,8,62,20,60,14,54,42,3,17,14,47,26,44,45,131,14,0,15,6,41,2,15,6,0,40,29,30,47,75,62,4,0,0,0,5,3,6,15,96,13,39,0,3,52,4,18,0,52,0,19,4,8,41,43,2,72,0,56,17,0,0,6,5,4,36,8,0,14,4,0,57,14,0
SRR8556880,controle,11,18,11,8,48,16,20,4,51,17,23,0,8,14,23,7,2,18,16,6,10,5,8,19,13,6,11,2,15,2,3,24,28,46,41,10,3,11,2,3,1,5,8,0,16,31,22,21,8,47,1,21,11,14,4,15,39,0,12,8,9,18,0,26,65,2,60,2,7,3,6,12,10,3,10,3,42,19,1,46,26,6,59,2,6,4,4,37,18,34,30,9,14,8,66,27,22,5,15,14,26,14,30,28,23,33,17,47,3,4,2,6,6,17,18,16,22,11,61,16,2,7,48,12,25,16,10,5,6,10,2,2,45,25,9,79,1,6,25,42,5,19,23,2,7,12,1,5,152,6,11,10,6,6,19,0,24,3,33,8,8,18,12,7,6,54,68,9,0,6,51,27,44,50,15,3,14,17,14,6,0,10,12,7,20,24,13,17,20,46,2,26,2,5,8,37,10,20,12,8,3,14,5,4,73,4,7,8,8,9,20,9,17,17,71,12,10,203,13,1,32,52,36,24,3,14,4,3,10,41,3,35,57,33,6,0,1,11,7,14,29,25,46,23,78,2,34,26,14,30,14,4,15,2,21,20,34,51,9,4,12,22,8,4,29,0,9,31,27,19,15,15,12,37,40,14,13,7,12,20,38,18,0,11,26,26,14,81,41,39,60,62,106,95,26,17,25,53,34,5,54,12,28,0,56,10,20,119,18,9,2,13,4,10,30,4,8,23,17,92,44,61,9,18,55,9,198,0,9,4,5,2,27,4,132,38,0,6,6,120,184,28,5,29,19,4,3,17,22,10,21,16,23,3,2,6,24,23,10,1,4,12,2,14,14,16,13,0,3,6,30,80,2,9,11,24,9,1,9,0,10,0,11,4,2,14,8,8,29,26,19,44,54,12,8,5,11,9,8,251,7,41,1,9,13,45,49,16,4,6,67,88,2,19,1,7,13,16,14,54,46,37,23,36,18,0,12,1,31,69,20,2,16,61,12,86,31,44,12,19,17,26,25,49,12,7,43,0,38,31,40,94,22,99,28,22,15,13,53,11,42,7,20,34,89,8,43,20,2,5,69,130,10,19,3,26,54,37,11,152,39,14,5,8,10,58,120,67,37,2,130,15,3,32,20,10,42,4,5,93,15,234,94,7,16,2,7,0,4,7,22,0,0,6,40,9,24,6,8,30,30,38,7,3,15,27,28,5,45,22,8,18,9,4,8,13,19,1,47,69,67,19,23,5,21,8,10,36,15,19,86,40,10,51,12,15,6,4,22,25,14,27,10,53,1,11,11,6,22,4,15,22,15,2,1,18,13,12,1,5,11,14,63,8,7,14,0,18,62,29,50,15,19,67,6,20,7,78,19,18,81,84,17,7,7,29,67,16,35,4,20,0,0,9,6,95,7,4,7,5,15,13,3,33,25,6,7,115,22,4,24,6,18,9,141,0,55,19,3,20,9,0,36,4,1,10,2,75,5,5,4,3,41,3,25,30,22,60,24,59,4,10,8,40,0,4,0,7,1,4,4,3,19,3,0,32,13,232,89,20,56,3,6,10,63,38,141,6,1,9,12,10,7,26,3,3,2,7,4,19,16,52,56,21,8,10,8,8,10,23,9,13,7,7,5,15,12,0,0,4,2,10,15,13,4,4,12,17,6,2,5,12,13,6,13,51,29,3,26,14,31,16,21,11,38,12,2,2,2,1,6,3,22,2,9,9,28,0,5,9,23,0,28,9,15,26,15,36,12,27,10,46,1,5,3,11,4,6,2,9,7,3,30,33,13,5,9,7,18,9,31,62,3,3,9,28,10,14,12,28,0,0,32,13,2,7,5,2,5,1,4,6,6,7,20,6,35,6,0,15,2,10,16,6,1,3,10,13,32,7,0,35,13,1,4,3,11,18,7,5,35,9,12,1,6,0,15,33,0,10,22,43,8,11,2,16,4,2,12,9,2,19,6,69,22,10,6,3,3,10,2,27,28,12,4,3,0,14,3,9,12,1,0,19,31,15,91,44,6,0,0,30,18,0,13,13,3,8,41,8,20,17,10,6,25,36,15,16,1,9,5,3,3,7,7,3,11,0,3,10,4,5,4,3,5,10,5,5,0,19,5
SRR8556900,controle,4,5,2,0,10,4,6,16,21,7,9,0,3,2,4,0,0,9,2,4,0,3,6,11,4,1,0,0,4,0,0,2,3,15,28,0,0,8,1,0,0,3,2,0,21,5,3,9,12,11,0,4,2,3,0,5,8,0,0,3,3,10,0,1,24,0,16,0,7,1,41,3,7,6,4,13,5,1,18,11,8,5,14,0,2,3,0,15,4,8,12,2,2,0,11,6,0,0,3,6,15,7,4,2,13,6,5,4,6,7,3,17,3,5,5,4,10,7,17,21,6,1,164,3,3,7,5,14,1,2,0,0,15,11,4,51,5,2,11,13,20,60,13,0,3,3,3,0,36,3,21,1,0,4,8,0,4,0,1,3,0,3,5,1,7,19,7,1,8,0,5,0,4,96,1,0,6,7,2,0,0,122,7,4,5,4,6,0,2,13,0,3,5,0,52,9,2,0,4,5,2,0,0,172,3,2,5,2,2,3,0,7,3,58,9,3,3,103,3,1,14,9,17,4,1,4,71,4,0,10,2,2,8,9,1,2,1,2,3,12,12,42,5,12,10,2,7,3,4,14,6,1,4,3,5,6,9,13,3,2,2,4,3,3,16,0,119,8,2,52,129,10,14,10,9,4,6,0,4,6,3,7,5,8,2,17,8,8,15,8,9,19,8,8,3,11,7,8,7,1,5,6,12,3,17,0,2,20,3,3,0,5,5,2,4,0,3,9,5,12,14,9,4,7,3,75,46,0,12,0,9,0,2,4,37,8,1,0,6,46,50,17,0,6,5,0,2,4,7,3,8,15,5,0,3,0,5,2,0,0,2,0,6,5,3,125,5,0,9,34,16,15,0,6,0,0,3,0,3,2,0,3,4,6,1,3,4,2,5,19,11,9,7,10,7,3,2,4,2,92,0,14,2,2,4,9,15,133,2,0,93,33,2,2,0,1,4,3,7,22,4,12,17,6,13,0,2,0,20,16,11,0,7,10,0,3,2,17,5,3,2,1,34,19,7,4,6,0,69,37,23,89,9,9,4,15,5,7,8,6,3,1,114,6,26,6,13,60,2,4,10,28,3,6,33,5,60,3,13,14,20,7,8,2,0,25,27,10,1,2,5,3,0,3,9,3,2,10,4,25,4,36,9,5,10,2,3,6,0,4,167,2,13,1,12,10,0,1,9,11,13,3,3,1,2,2,4,3,13,9,5,9,5,0,7,7,7,0,7,11,18,4,7,4,8,0,6,7,9,5,10,14,1,6,11,4,0,0,4,8,16,8,2,34,0,2,2,0,2,0,180,2,4,4,0,5,2,3,5,2,3,0,11,2,2,3,0,2,112,10,12,14,1,27,3,4,2,9,6,4,17,15,6,3,3,5,36,5,3,6,10,1,0,6,3,27,0,3,3,136,2,8,2,3,9,10,0,33,4,3,2,2,5,4,19,3,10,1,0,0,4,0,19,2,3,0,3,17,0,2,3,2,13,0,14,2,4,13,4,23,3,4,4,4,0,0,0,9,6,0,11,0,1,0,17,8,8,66,25,2,14,2,2,10,14,7,26,3,0,4,4,3,2,7,0,3,5,7,0,0,5,15,63,54,5,3,5,0,1,2,92,2,0,2,3,4,49,130,1,0,4,4,5,1,2,17,4,0,4,3,0,0,56,2,12,6,11,5,24,0,5,1,8,11,6,2,2,2,4,70,4,0,2,0,4,2,7,0,3,12,8,0,4,3,8,19,0,59,5,3,16,11,1,1,6,2,0,7,2,1,0,1,4,6,0,5,3,6,3,2,2,25,0,0,0,10,5,131,3,12,0,2,38,3,8,2,0,0,3,0,7,3,0,2,3,0,6,2,0,3,4,2,6,3,0,2,3,0,4,2,3,3,6,0,3,0,2,4,7,2,7,0,10,5,4,0,10,3,0,6,10,14,1,3,2,4,6,2,7,2,0,7,1,29,12,3,3,2,3,7,0,11,6,2,1,3,0,4,4,1,5,4,0,2,10,11,131,12,0,0,1,32,5,0,4,2,0,6,2,5,0,3,1,49,8,5,9,8,11,4,3,3,0,3,2,0,4,2,0,7,0,1,5,0,4,4,0,2,0,2,0
SRR8556918,controle,11,14,0,0,35,38,12,0,54,14,16,1,25,0,5,5,4,0,22,0,8,3,2,21,7,13,3,3,6,2,0,10,25,5,16,0,0,0,0,6,1,6,3,0,9,0,43,21,54,26,0,21,13,0,8,36,25,0,1,9,0,5,3,0,19,3,4,0,37,18,5,3,0,1,2,13,20,24,7,14,23,2,6,0,2,9,0,45,0,44,62,14,2,0,25,49,6,8,18,37,112,3,18,5,0,10,36,103,5,12,3,0,8,3,36,4,29,3,5,16,1,0,1,4,55,0,10,4,0,0,3,0,41,7,11,5,0,0,7,2,4,2,4,0,2,0,0,0,18,45,4,20,0,0,46,0,0,57,7,7,0,11,26,5,3,23,7,5,3,3,23,0,65,100,55,0,17,17,35,1,0,25,0,2,2,67,2,6,7,44,0,53,16,0,0,40,9,0,7,0,0,0,0,9,13,0,3,0,3,2,2,4,53,1,13,0,3,4,27,4,7,0,12,76,9,11,0,0,0,7,0,1,2,3,2,0,0,2,3,3,7,17,0,4,35,19,7,45,1,5,0,0,4,1,29,1,7,37,38,3,2,6,3,3,3,2,18,8,4,5,7,7,18,78,9,1,24,19,0,35,3,0,2,12,8,3,2,51,17,0,0,27,13,3,5,0,5,24,3,7,0,4,74,0,16,1,2,18,52,0,0,0,0,1,0,3,0,32,0,27,17,3,9,17,8,5,54,0,14,3,1,2,0,3,48,9,6,1,0,76,57,10,3,5,12,3,7,0,1,1,0,1,2,0,0,1,8,6,3,0,0,0,2,1,9,0,0,0,0,8,8,8,0,11,3,3,0,0,0,0,2,3,4,0,0,22,1,4,6,2,13,49,23,20,0,0,9,6,0,102,5,24,0,3,36,4,63,21,0,0,0,17,13,30,0,2,13,1,3,6,7,36,33,0,11,8,7,0,11,5,6,0,8,92,2,0,0,4,1,16,1,1,6,71,4,4,6,0,12,13,14,44,7,8,8,20,6,5,129,4,4,0,24,20,123,4,7,25,0,13,27,22,0,38,0,10,47,8,8,23,50,5,0,3,0,14,79,3,1,0,31,19,11,3,8,0,0,14,0,57,11,60,12,0,3,0,2,1,0,1,15,0,0,20,3,3,1,2,2,28,4,47,0,8,1,0,1,12,3,1,0,36,2,2,24,12,0,0,7,37,124,0,22,0,7,27,0,1,1,1,2,40,2,8,16,10,0,0,0,74,14,52,2,3,8,8,0,0,2,2,26,11,25,2,0,1,0,6,2,2,5,6,35,2,3,19,0,0,119,53,49,0,20,7,0,0,2,48,6,27,35,32,3,52,3,72,78,0,7,14,6,5,1,32,0,54,3,0,0,10,26,31,0,4,32,4,1,37,3,0,1,3,2,0,16,0,12,0,0,1,1,0,4,0,5,3,16,25,0,0,10,0,37,0,7,1,30,2,0,185,13,0,9,17,3,0,0,2,0,0,28,6,0,0,0,20,21,38,72,38,3,2,0,6,9,4,40,2,0,2,0,4,2,5,0,0,0,6,0,1,20,47,0,2,1,4,1,0,9,16,2,0,1,3,2,1,0,0,0,1,1,6,4,0,12,12,1,0,0,3,0,8,19,8,12,32,23,0,86,0,23,40,0,3,1,2,4,0,12,1,0,0,3,2,4,5,32,0,0,25,4,3,0,0,9,6,78,61,5,0,6,5,0,0,3,16,0,24,3,2,3,0,4,0,11,0,4,0,5,14,2,10,0,3,0,59,17,4,23,0,6,3,11,9,0,0,2,5,5,0,0,1,15,8,12,10,50,3,4,2,2,2,0,0,2,15,0,2,3,12,2,24,3,0,0,4,23,9,0,7,3,3,2,5,1,0,0,42,0,0,5,6,0,4,0,16,0,7,12,0,5,0,0,53,53,6,0,0,5,1,1,5,0,3,0,3,0,2,3,0,0,0,0,2,3,0,182,6,0,2,5,59,25,0,0,3,3,0,33,5,10,7,3,1,13,9,7,5,0,17,0,13,3,4,5,0,25,0,0,0,2,6,6,6,16,17,0,0,1,0,8
SRR8556942,controle,1,17,3,2,1,7,1,30,4,23,1,0,5,0,1,5,0,11,3,0,0,0,4,3,0,9,4,0,2,2,0,4,8,10,13,0,1,0,1,2,0,0,1,0,2,2,3,9,5,3,3,0,0,2,0,0,3,0,1,1,0,0,0,0,19,0,4,2,0,6,30,3,4,7,3,6,3,0,2,3,2,2,13,4,3,3,0,3,0,8,8,2,1,2,13,12,24,0,0,4,13,3,5,2,1,3,1,8,4,4,10,56,2,0,5,12,4,0,18,19,3,2,180,1,9,0,21,0,7,0,3,11,5,10,2,56,0,1,0,4,17,83,3,0,2,1,4,0,5,3,54,2,2,2,3,0,5,2,3,2,6,0,3,3,5,6,13,8,0,40,10,0,2,126,0,5,1,2,2,0,0,100,0,0,0,1,0,14,2,2,0,4,10,0,31,2,0,0,2,3,0,0,2,150,0,8,1,0,5,0,0,0,11,54,3,0,4,3,3,0,11,0,4,4,0,2,64,0,0,18,2,1,4,9,0,0,0,3,0,8,4,40,0,0,20,2,4,7,0,27,11,0,1,8,4,0,4,7,1,4,5,0,3,7,10,1,116,12,4,77,241,3,3,3,3,0,8,1,1,2,5,3,5,3,2,0,0,2,19,19,4,6,12,0,4,10,4,3,3,0,0,1,12,3,12,0,4,12,2,0,0,2,2,0,4,0,0,7,2,5,3,3,1,7,3,68,39,0,2,1,0,0,3,1,7,3,0,1,3,14,21,26,0,3,1,0,2,2,3,1,7,6,8,0,5,0,7,0,0,0,0,18,2,0,6,138,3,0,0,23,13,11,0,3,2,0,3,0,1,7,2,5,4,0,3,2,0,2,1,4,0,14,13,3,0,0,3,7,0,55,0,12,5,1,0,2,16,24,0,0,78,4,0,4,0,1,4,4,7,21,3,5,6,0,5,6,1,0,3,3,2,0,2,16,0,12,2,6,2,11,2,1,48,6,7,0,7,0,64,36,13,71,1,5,3,2,2,10,10,0,2,0,104,1,34,0,3,50,0,2,4,11,0,5,0,4,49,13,0,13,15,5,16,0,2,0,16,2,0,0,6,7,4,4,9,3,0,13,5,12,2,14,4,3,2,1,0,0,0,1,145,0,5,2,7,0,3,0,4,6,6,3,0,1,0,3,2,4,17,13,3,6,0,0,5,8,1,5,2,15,6,2,9,12,8,4,3,2,1,1,0,3,2,5,3,4,3,0,1,2,2,4,0,11,6,8,2,5,2,0,179,7,3,16,0,2,5,1,0,3,3,0,3,0,5,1,0,2,97,14,6,2,1,10,3,2,0,6,0,2,11,6,2,2,13,6,26,1,4,4,1,0,0,2,10,4,1,2,0,5,2,1,2,2,7,4,0,8,3,6,1,5,0,0,2,0,13,1,2,0,0,0,3,0,0,0,0,9,5,0,5,2,9,0,3,0,3,2,0,190,1,7,2,1,0,0,3,0,2,2,13,0,0,2,27,2,6,13,16,0,2,0,0,5,6,1,11,2,7,0,2,0,0,3,0,1,0,9,3,0,5,10,2,0,3,4,2,3,1,0,58,4,3,0,1,3,2,3,0,1,0,0,2,1,4,43,0,0,6,5,2,9,42,2,4,5,3,2,2,2,0,2,2,6,6,5,2,0,0,56,0,2,0,3,3,1,11,0,0,4,3,3,0,4,0,0,0,414,19,0,5,6,6,1,14,2,0,2,0,0,0,2,0,19,0,3,0,0,3,2,0,6,0,1,2,2,0,128,4,13,0,0,37,17,0,0,2,3,0,0,3,0,1,0,2,5,2,0,0,1,5,3,4,3,1,0,1,2,2,2,0,6,0,0,0,2,2,1,2,4,0,0,2,0,1,4,7,7,0,0,3,5,0,0,3,3,0,0,3,0,0,3,2,13,0,0,2,0,0,2,0,0,20,0,1,2,0,3,7,0,2,0,0,0,1,0,82,5,0,0,5,33,3,0,0,0,2,5,4,5,3,0,0,50,5,4,4,4,14,9,1,2,0,0,2,7,0,0,0,2,0,0,0,0,0,2,3,0,0,3,2
SRR8556969,controle,16,5,5,0,17,2,3,0,11,5,1,0,2,2,8,4,0,7,6,4,8,8,4,5,3,2,0,0,2,0,0,4,7,12,15,0,0,5,18,0,1,3,3,0,8,5,5,4,9,30,5,4,5,2,0,4,22,4,0,1,3,5,0,4,23,0,10,0,10,2,59,19,8,3,18,6,2,2,3,7,6,2,23,0,5,3,3,8,7,14,1,0,5,9,27,5,13,0,2,1,9,11,55,5,3,8,1,8,10,27,3,2,2,5,2,8,3,12,17,9,4,9,55,8,8,9,0,2,2,1,6,4,14,8,0,38,1,1,2,17,15,20,14,2,3,1,0,0,62,6,23,0,0,1,10,0,2,3,3,2,20,11,5,2,4,50,109,10,0,44,9,6,4,21,0,1,22,7,5,1,2,34,0,0,7,2,6,6,24,7,1,10,7,3,12,4,4,7,8,4,0,9,3,29,6,2,4,1,8,6,2,29,3,32,18,10,4,5,0,0,7,9,5,1,120,4,19,3,3,29,1,4,8,5,0,0,2,3,7,2,10,10,3,6,55,4,6,14,1,37,11,0,2,0,2,7,2,12,0,2,11,0,2,2,11,2,38,5,4,17,67,18,13,4,39,2,3,6,6,0,7,3,1,2,5,10,22,12,6,23,10,30,5,10,3,15,12,11,12,1,3,6,6,0,46,0,17,31,0,4,4,3,0,0,3,0,0,5,6,14,25,10,0,8,10,24,49,0,0,6,2,2,7,1,28,16,5,8,2,19,54,6,0,6,0,0,3,8,13,2,5,13,3,3,4,4,5,6,2,0,13,0,0,4,15,28,4,0,3,8,15,18,2,6,2,17,2,2,2,2,0,3,0,3,2,4,0,8,6,29,13,9,13,1,4,4,5,0,0,87,3,42,10,6,2,16,7,5,0,3,51,14,1,8,0,0,4,11,11,17,10,15,2,23,0,0,4,2,7,15,9,0,2,7,6,7,6,11,4,5,2,1,29,10,11,7,11,7,29,23,30,50,4,55,7,5,8,7,10,2,18,13,55,7,9,5,10,28,0,23,12,35,2,2,2,15,43,14,3,25,10,5,15,2,2,16,41,11,9,0,7,20,7,10,3,3,3,0,3,19,3,51,30,5,4,2,4,1,0,2,68,0,0,1,22,8,2,12,0,2,5,3,3,1,1,5,3,1,13,4,5,6,2,1,0,15,7,2,29,17,8,4,5,15,20,0,34,5,6,6,17,5,2,8,3,10,3,3,7,7,6,1,7,22,0,2,15,0,3,4,44,6,3,0,8,10,0,1,2,2,3,0,28,8,0,5,0,8,57,31,14,5,10,26,1,22,5,26,13,4,12,27,13,2,2,2,34,1,13,1,10,1,0,26,6,24,2,4,1,4,6,2,7,8,2,2,3,38,11,3,8,7,2,3,16,0,2,2,0,6,0,0,8,2,1,8,3,19,1,3,2,1,4,3,25,4,1,16,2,88,5,31,2,4,0,0,0,5,2,4,10,4,4,2,7,42,13,73,27,8,8,1,4,5,12,7,23,2,9,9,1,2,2,5,0,3,2,5,3,1,1,15,8,46,3,1,3,3,1,28,17,3,2,1,3,9,7,1,4,2,3,16,0,4,0,40,1,0,1,0,2,2,14,6,15,81,7,2,4,6,5,2,12,13,10,1,5,2,0,14,3,2,0,8,3,4,11,2,0,13,0,0,0,7,5,6,8,1,5,9,4,0,0,6,3,3,0,24,2,5,1,1,2,3,0,2,10,12,9,0,3,24,0,1,0,0,0,41,2,23,0,2,16,25,0,5,7,5,0,1,0,1,0,0,4,2,2,2,3,4,5,2,7,15,1,0,9,0,2,0,0,2,0,0,0,0,5,3,0,7,21,3,4,0,9,0,5,7,6,9,13,16,1,2,30,1,6,3,1,9,0,12,0,10,3,3,2,2,0,4,0,16,4,1,3,3,0,10,6,5,7,4,1,9,11,2,20,21,4,0,1,23,0,0,8,0,0,3,4,0,0,7,1,19,16,9,10,7,6,3,7,0,5,2,0,13,2,3,0,4,0,0,5,2,0,0,1,2,4,5,0
SRR8556973,controle,82,17,9,3,12,10,6,8,82,45,11,0,14,0,15,4,4,28,9,9,4,12,6,12,2,3,3,0,2,8,3,4,21,25,17,0,0,15,7,4,1,3,0,0,25,62,26,38,28,16,0,7,8,1,2,4,10,0,2,2,0,19,0,7,81,6,13,2,6,1,6,15,17,0,6,0,37,8,1,13,9,13,69,1,4,4,0,30,6,14,13,3,8,5,34,28,4,0,14,18,45,0,14,16,6,18,8,22,2,11,0,13,0,7,9,43,6,25,13,7,21,13,4,17,2,4,5,0,2,6,22,4,32,23,5,55,6,11,1,48,2,25,16,5,6,13,0,2,172,2,6,7,4,10,16,0,5,2,17,0,72,7,8,21,7,34,22,14,0,3,3,5,58,18,2,13,7,22,6,0,2,13,15,0,20,17,13,3,17,24,0,6,6,3,5,22,3,14,19,12,1,17,0,1,8,11,19,1,3,1,7,12,10,12,38,3,20,26,4,0,16,28,3,61,0,25,6,0,0,12,6,16,16,38,0,0,6,15,25,4,8,6,15,12,149,4,13,12,4,9,0,7,5,1,1,15,10,47,2,9,12,14,23,24,7,12,7,21,2,5,2,2,15,16,22,0,12,0,18,6,24,9,0,28,7,36,26,18,23,26,28,62,28,16,0,0,1,17,25,0,2,34,34,0,10,1,37,25,3,13,7,4,3,3,16,3,16,18,7,38,69,35,6,8,16,9,108,0,2,17,9,9,35,10,125,25,2,1,0,178,106,9,9,24,10,9,0,14,25,2,4,37,39,0,15,7,14,7,11,6,15,0,8,1,9,1,9,8,6,15,14,39,3,13,3,7,7,4,2,5,12,2,0,7,10,5,12,21,12,25,18,18,28,13,3,13,3,6,6,181,3,88,5,11,2,101,41,4,15,3,33,44,3,6,4,4,12,36,4,49,13,38,27,6,3,5,8,4,28,21,41,0,13,40,2,12,0,48,30,16,2,6,40,26,3,2,20,0,43,33,31,51,31,121,32,71,33,5,66,8,28,2,5,22,49,2,9,13,0,6,49,34,4,16,2,30,18,15,8,16,2,25,9,4,0,31,80,9,13,3,32,41,16,16,45,26,5,5,14,42,14,193,49,1,13,10,0,6,0,2,10,2,0,23,18,22,7,1,12,12,20,16,0,0,2,16,13,9,21,14,12,20,2,0,8,37,11,0,25,21,22,14,38,1,14,2,6,24,16,12,16,20,0,12,36,14,4,0,21,30,9,33,15,23,1,1,8,8,9,2,2,16,8,4,1,13,12,8,0,0,0,2,55,4,11,11,0,5,54,85,18,15,14,32,21,2,3,52,11,11,49,35,6,2,15,14,66,5,57,6,7,0,0,4,16,182,0,8,3,0,13,7,0,1,27,4,0,114,11,2,3,26,4,2,40,3,68,5,0,6,16,0,34,2,0,5,21,52,1,8,9,3,9,0,15,6,6,14,19,81,6,62,17,11,7,0,7,31,8,0,2,0,1,12,0,33,0,132,92,45,16,3,11,21,53,34,49,13,27,4,1,3,5,30,5,6,6,3,4,2,13,48,51,3,6,15,3,6,0,7,1,3,25,8,4,22,13,1,0,1,1,6,11,0,5,1,3,1,14,4,6,1,8,4,3,8,9,2,4,13,5,6,22,1,17,3,13,3,0,1,3,1,17,8,4,3,5,4,12,19,10,3,5,10,7,9,5,105,18,29,31,13,0,4,15,10,0,14,3,1,0,4,7,0,1,6,5,20,5,1,0,83,3,5,0,15,5,1,12,6,0,1,16,10,0,1,3,1,3,9,2,3,3,2,15,0,4,0,3,10,34,4,22,32,0,4,3,4,9,19,8,6,0,4,2,0,9,16,5,6,37,7,16,1,40,0,0,16,0,12,23,12,7,7,75,11,1,8,3,4,0,12,0,36,10,14,14,6,20,7,6,3,17,6,16,3,0,12,6,14,3,5,0,0,29,8,29,14,1,0,7,23,9,0,6,3,1,0,16,7,16,3,7,0,29,40,7,14,1,5,0,25,3,2,5,2,12,5,0,5,0,0,2,0,3,9,22,10,0,16,1
SRR8556986,controle,3,10,2,3,7,6,4,0,31,16,4,0,6,2,0,16,11,2,3,2,0,10,0,11,12,6,12,5,6,0,3,19,3,5,12,3,5,0,0,5,1,4,6,2,25,18,8,13,10,10,2,9,7,18,7,17,33,0,3,1,5,7,3,5,28,0,11,0,5,3,3,12,6,2,17,1,3,13,10,17,23,6,19,4,6,3,3,5,5,36,11,2,4,3,31,7,2,3,27,4,12,4,31,28,9,13,3,30,0,21,13,2,3,6,4,7,4,5,36,10,7,6,11,17,26,4,0,1,2,0,1,7,14,15,2,18,2,2,8,9,0,6,23,15,3,6,3,0,109,6,0,4,0,0,11,3,13,4,9,2,4,10,3,6,11,47,26,10,19,6,4,5,10,41,1,1,1,5,17,7,0,2,4,4,6,16,25,9,3,8,1,3,9,4,5,8,4,11,1,8,0,21,7,8,2,5,8,3,6,3,2,4,5,13,27,3,10,7,4,4,7,5,2,15,3,3,2,14,2,10,2,9,9,8,9,0,0,9,3,2,5,8,2,14,28,0,5,9,2,19,4,6,11,5,5,24,5,32,4,5,4,2,2,3,11,4,1,14,3,4,2,7,9,11,25,4,5,7,7,1,36,3,1,4,12,37,28,44,24,26,10,35,30,23,7,3,22,10,5,5,2,10,28,2,4,2,3,50,6,12,0,5,2,6,10,14,17,12,14,25,15,8,1,16,19,3,43,3,2,6,0,0,13,7,40,19,1,2,2,57,79,8,14,18,2,0,2,2,6,11,5,23,9,0,5,8,27,14,2,0,0,4,7,48,23,0,8,0,0,5,34,19,10,3,4,7,4,2,14,1,7,2,8,0,3,17,2,9,13,16,14,33,25,11,3,2,9,4,0,103,17,16,7,10,4,6,14,2,3,2,10,24,3,7,0,2,5,10,10,10,6,16,9,3,12,8,6,8,11,12,18,0,3,8,4,7,7,14,3,5,3,4,32,5,5,2,9,7,24,10,56,46,3,62,12,5,11,0,31,6,8,13,4,21,24,11,14,5,3,4,35,40,2,8,2,18,14,8,32,37,60,16,0,2,0,34,72,23,18,4,32,11,27,12,4,6,2,0,4,63,11,146,32,0,2,1,0,0,0,0,9,0,0,3,21,10,2,2,0,9,7,10,3,0,5,3,2,6,56,6,2,14,8,2,6,24,3,2,32,34,43,20,19,6,46,4,5,5,0,7,32,6,1,20,8,9,8,1,2,10,32,8,2,22,3,2,4,6,10,2,3,10,7,2,0,7,16,12,1,6,9,7,27,2,0,2,0,17,26,28,26,15,5,10,2,9,3,27,7,8,50,14,8,5,3,14,13,3,32,4,10,5,0,6,9,27,8,0,38,2,16,10,2,3,8,1,4,65,5,0,13,7,5,4,22,0,11,6,0,4,22,0,18,2,2,5,3,29,4,3,2,0,12,2,13,3,3,25,2,20,4,11,10,15,4,0,8,2,0,9,10,0,4,5,0,10,4,78,24,10,40,9,3,16,13,21,22,1,0,3,11,11,4,10,0,4,4,11,2,1,4,58,53,2,6,2,6,0,3,38,0,5,6,3,1,4,8,0,2,6,3,13,8,5,2,3,6,4,4,5,6,5,4,5,42,26,22,1,17,3,9,6,25,5,12,6,1,5,5,2,16,2,0,0,8,0,6,2,0,8,5,5,10,8,4,12,0,4,17,3,17,2,4,14,3,7,0,20,7,23,1,0,9,7,1,6,30,6,7,4,3,43,2,7,2,4,9,0,4,11,3,0,12,7,0,6,2,6,10,0,0,7,2,5,4,9,28,0,7,2,6,13,2,3,2,4,4,2,16,1,2,10,6,0,0,0,4,11,2,15,12,0,4,4,0,0,18,7,0,9,9,14,4,2,18,3,9,4,3,15,14,10,7,21,4,2,23,1,0,1,0,14,11,1,0,3,4,11,17,4,3,0,6,0,11,17,41,32,11,4,0,20,8,0,8,0,0,2,11,0,3,21,0,3,21,10,16,9,2,1,10,3,0,6,3,5,5,3,3,15,0,4,4,7,12,10,0,4,1,0,2
SRR8556990,controle,5,9,0,5,22,5,8,3,46,9,10,1,6,0,2,0,3,4,6,4,8,14,1,18,16,13,6,11,20,2,0,8,12,2,21,0,0,1,0,4,5,6,4,2,2,7,6,9,13,12,0,22,6,8,2,9,23,0,0,4,0,5,0,0,60,3,5,0,14,0,0,21,3,0,32,5,3,4,9,8,4,0,4,3,9,3,0,6,0,8,11,2,1,0,9,4,2,8,9,6,48,11,5,10,14,4,3,21,16,14,0,0,5,5,3,4,5,2,8,1,3,0,4,12,24,0,1,2,0,8,4,5,25,4,1,2,0,0,1,17,1,11,6,4,0,1,2,0,101,4,0,10,0,1,22,0,3,9,0,2,2,8,5,2,2,15,23,7,3,0,22,6,45,37,6,1,1,5,9,0,1,5,0,0,2,21,2,0,2,20,3,14,19,0,5,11,21,4,2,2,2,3,2,5,10,0,5,2,2,3,4,7,1,8,7,8,1,273,3,5,4,12,7,18,2,0,0,0,8,18,1,3,8,8,1,0,0,8,6,0,4,9,1,4,55,0,4,14,8,29,0,3,6,1,3,11,5,19,5,0,3,2,4,18,2,1,3,1,14,3,2,13,3,14,21,0,7,2,0,7,3,3,4,0,23,13,3,19,6,5,5,36,116,16,12,5,15,6,7,6,2,3,28,0,12,4,0,20,24,4,0,16,15,0,0,5,4,7,11,6,7,12,7,14,12,1,11,0,6,2,0,0,4,2,33,24,0,6,2,37,138,11,7,16,12,0,0,0,0,13,8,0,0,0,19,1,3,11,0,0,0,4,2,2,6,0,0,0,3,4,9,20,2,1,3,6,0,1,4,6,2,2,0,0,1,6,0,2,1,11,24,15,11,11,14,1,10,41,5,82,0,49,0,0,7,1,19,20,2,0,3,3,5,6,0,3,12,6,2,6,2,12,10,3,5,0,12,2,3,6,14,4,7,66,0,12,1,0,11,1,1,1,5,27,4,0,24,4,17,5,44,46,20,38,3,5,7,12,18,2,5,3,10,11,20,6,4,6,2,6,19,12,1,9,0,4,15,0,25,11,37,3,4,8,0,18,35,0,0,7,19,7,17,5,14,13,0,3,2,27,5,69,5,0,0,0,0,0,0,0,13,0,0,5,12,3,0,9,0,12,2,6,5,2,4,1,0,8,30,2,0,35,0,5,8,8,1,0,2,6,25,4,6,0,8,8,1,1,0,6,7,20,0,8,8,3,0,0,0,39,18,11,2,11,4,4,0,2,2,2,14,8,9,4,0,9,6,1,0,6,2,0,12,2,1,4,0,12,38,14,24,2,2,5,2,4,0,24,10,11,15,17,1,10,2,25,13,3,4,6,1,2,0,12,3,17,0,3,2,1,5,15,0,4,21,2,1,15,0,0,0,0,5,0,34,4,3,1,4,3,3,0,2,0,1,2,0,32,1,0,18,1,7,19,5,1,9,1,0,43,3,3,3,7,3,0,3,1,12,20,12,0,2,2,0,3,16,67,16,19,10,1,4,3,2,13,17,5,0,2,0,7,0,2,0,0,0,1,0,0,2,21,0,6,2,8,1,25,3,4,2,2,4,2,6,0,3,0,3,3,0,0,0,10,1,1,16,0,9,0,0,0,1,3,7,49,4,2,10,0,5,7,1,0,3,2,4,0,7,4,0,0,2,0,0,1,8,0,0,33,4,3,21,0,2,0,6,4,0,0,2,1,4,9,0,2,8,2,3,4,6,4,2,5,11,0,0,2,0,6,0,4,0,1,0,11,9,3,5,5,3,0,7,8,0,3,2,4,0,0,0,1,2,0,9,1,6,0,0,1,2,0,9,0,1,3,0,0,0,4,0,7,0,2,0,3,21,6,0,2,0,6,2,7,17,3,6,5,0,0,2,1,8,2,11,12,4,2,9,9,2,0,3,28,29,4,8,2,6,13,0,5,0,1,0,0,0,2,0,0,0,2,3,4,6,1,62,9,2,0,1,14,11,0,0,9,1,1,5,7,4,10,0,1,6,5,19,2,0,6,0,5,0,5,2,3,8,0,0,0,2,0,5,4,12,9,14,4,2,1,1
SRR8557003,controle,2,0,0,0,0,0,1,0,1,4,0,0,0,0,0,0,0,2,0,2,0,0,0,0,0,0,0,0,4,0,0,2,0,3,0,3,0,2,0,0,0,0,0,0,0,2,0,0,0,0,0,0,0,1,0,0,0,0,1,0,0,0,0,0,4,0,1,0,0,0,0,0,1,0,0,0,0,0,0,1,0,0,0,1,0,0,2,1,4,0,1,0,0,0,3,1,3,0,0,1,1,0,0,2,1,1,0,2,2,5,0,0,3,0,1,0,1,3,3,0,0,0,1,3,0,0,0,0,1,0,0,0,1,0,1,3,0,2,0,2,0,0,2,0,1,0,0,0,6,0,0,0,0,0,1,0,0,0,1,0,0,1,0,0,0,0,0,1,0,0,0,0,1,2,0,0,0,1,0,0,1,0,0,0,0,0,0,0,0,0,0,0,0,1,0,1,0,0,0,1,0,0,0,0,1,0,0,0,0,0,2,0,0,1,0,1,0,8,0,0,0,2,0,1,0,5,1,0,0,0,0,1,2,3,0,0,0,3,0,2,0,1,0,0,1,0,0,1,3,2,0,1,1,0,2,0,0,0,0,0,0,0,0,0,0,0,0,0,2,0,0,0,0,0,3,0,1,0,2,0,0,0,0,0,0,3,0,5,0,0,2,4,0,2,3,0,1,0,1,0,2,2,1,0,0,2,0,5,2,0,0,3,0,2,0,1,0,0,0,0,0,0,0,4,1,1,3,0,0,0,0,0,0,0,4,3,0,0,0,5,4,0,0,0,0,0,2,0,1,0,0,3,0,0,0,1,0,2,0,0,0,0,0,0,0,0,0,0,0,0,1,2,1,0,1,0,1,0,2,1,0,0,0,0,0,0,0,0,2,0,0,3,5,0,0,0,0,0,0,9,0,3,0,0,2,1,0,0,0,0,0,3,0,0,0,0,2,1,1,2,1,0,0,0,0,0,1,1,0,2,3,0,0,0,0,0,0,3,0,0,0,0,1,2,2,0,1,0,1,1,2,3,2,10,0,0,0,0,0,0,0,0,0,0,3,0,2,0,0,0,2,5,0,2,0,0,3,2,4,0,2,0,0,2,0,5,5,2,0,0,3,0,0,0,0,0,2,0,1,2,0,8,0,0,0,1,0,0,0,0,1,0,0,0,0,0,0,0,0,0,2,1,0,0,1,0,0,0,0,0,0,0,0,0,0,0,1,0,2,0,0,0,3,3,0,0,1,0,0,0,0,0,1,1,2,3,1,2,0,2,1,1,0,2,0,0,0,0,0,0,0,3,1,0,0,1,0,0,0,0,0,2,2,0,2,0,0,0,1,1,1,0,1,0,0,5,2,1,2,0,5,4,0,0,0,0,2,1,1,0,2,0,0,0,0,0,0,0,0,0,3,0,2,0,0,0,0,6,3,0,3,1,0,1,4,0,0,0,0,2,0,0,0,0,0,0,0,0,0,0,0,0,0,0,0,0,0,0,0,1,1,0,1,1,2,0,0,0,0,0,1,0,1,0,0,2,0,11,0,1,3,0,0,0,2,0,4,0,0,0,0,0,3,0,0,0,0,0,0,0,0,1,0,0,0,0,2,0,0,2,0,1,0,0,0,0,1,0,0,0,1,0,0,0,0,0,0,0,0,0,0,1,0,0,1,1,0,0,0,0,0,0,1,1,0,0,0,0,0,0,0,0,0,1,0,0,1,0,0,0,0,0,0,0,0,0,0,0,0,0,1,0,0,6,4,0,0,0,0,0,0,4,0,0,0,0,0,0,0,2,2,0,0,0,0,0,1,2,0,1,0,0,0,0,0,0,0,0,0,0,0,0,0,0,0,0,0,0,0,0,2,0,0,0,0,0,0,0,2,0,0,0,0,0,0,0,2,0,0,2,0,0,0,0,0,0,0,1,0,0,0,0,0,0,0,0,2,0,0,0,0,0,0,1,2,0,0,0,0,0,1,2,0,0,0,0,0,0,0,0,0,0,0,0,0,1,2,0,2,0,0,1,0,0,0,0,1,0,0,0,1,0,2,0,0,1,0,1,1,0,0,0,0,0,0,2,0,1,0,0,0,0,0,0,0,0,0,0,0,1,0
SRR8557024,controle,11,3,6,2,35,8,15,8,41,20,11,1,12,5,14,18,2,23,10,5,11,15,1,10,6,9,0,8,12,19,3,9,11,51,34,6,0,7,5,5,1,2,4,0,5,21,17,14,14,25,0,24,9,6,5,24,28,0,8,2,2,19,3,5,32,3,13,1,5,4,22,10,2,4,15,3,26,4,3,27,16,8,35,1,5,35,1,34,13,11,12,4,10,4,37,18,19,2,6,6,44,6,17,25,10,13,6,41,17,18,13,7,2,10,17,14,6,7,13,10,4,6,18,19,5,13,2,6,0,4,5,5,23,15,3,44,2,2,5,23,1,13,21,10,0,3,0,9,108,7,4,11,2,3,18,3,9,0,16,5,27,13,8,7,10,31,28,16,5,4,15,5,22,39,1,12,14,13,17,5,0,9,18,3,17,7,21,3,11,18,2,7,13,7,12,20,11,7,13,5,3,6,1,3,10,4,0,9,4,2,20,0,10,8,22,4,5,46,10,1,16,24,21,29,2,11,3,5,0,12,6,9,26,16,1,0,5,7,1,8,26,11,22,22,58,0,13,22,12,15,1,2,8,1,19,13,25,43,8,0,15,14,7,7,17,3,2,12,24,3,4,7,20,39,26,2,11,7,8,18,16,4,0,8,21,47,20,35,23,46,29,67,54,19,13,20,12,21,15,3,13,11,24,0,38,2,15,34,8,1,0,12,13,4,11,3,13,20,8,56,19,30,5,21,30,3,110,5,13,11,6,0,14,16,72,27,3,3,6,89,90,5,8,17,6,7,3,8,9,10,10,9,8,4,1,7,14,10,9,4,1,4,4,13,6,1,6,2,0,9,33,21,2,7,8,19,7,1,2,6,10,0,10,0,8,10,6,0,17,33,23,28,48,12,12,4,4,0,4,159,9,32,3,11,16,38,35,4,0,0,10,39,7,9,0,3,7,29,10,25,9,25,9,3,14,18,16,3,26,33,25,4,11,66,0,17,10,31,16,12,3,10,23,32,0,12,12,3,27,13,38,46,14,41,23,19,16,0,28,10,20,4,8,14,63,4,20,8,6,7,31,39,3,7,6,24,23,15,18,31,30,6,9,16,6,37,84,18,5,2,53,16,8,15,10,8,16,19,2,51,35,182,24,3,9,5,3,5,0,6,11,1,4,14,19,11,14,2,4,17,13,9,10,2,17,15,7,7,46,14,12,16,5,3,12,14,6,3,3,11,42,16,16,4,40,4,7,18,8,8,19,34,2,35,30,11,6,0,17,32,29,14,10,20,3,1,8,8,6,3,3,12,6,2,3,7,2,7,4,3,5,4,23,17,1,7,0,9,48,18,28,7,13,19,9,8,9,40,13,13,38,39,8,3,3,16,49,15,24,10,9,2,0,14,14,40,8,5,3,2,12,13,6,5,18,3,1,89,8,0,3,6,8,3,38,12,33,5,2,7,0,3,26,10,7,6,3,19,3,5,5,8,21,3,19,8,5,23,16,52,10,14,10,13,3,4,3,3,3,2,12,6,5,0,1,14,2,199,48,11,28,7,10,13,18,25,88,15,9,2,7,11,11,27,6,4,2,4,3,8,9,28,47,3,7,10,4,9,5,9,1,5,5,3,10,6,8,1,6,6,6,12,11,2,5,1,8,5,5,9,0,8,4,2,14,21,23,0,15,5,23,6,23,2,10,5,1,0,3,3,2,4,0,6,0,3,21,2,3,25,13,13,21,9,14,21,24,16,12,14,17,8,3,6,3,5,0,8,2,4,0,2,20,5,3,9,7,9,5,10,10,27,0,9,0,13,6,4,10,16,3,2,7,11,4,2,1,2,12,3,2,9,4,5,9,5,12,0,7,6,5,14,18,4,4,4,7,7,16,6,0,19,6,8,10,0,24,5,0,5,23,5,31,6,25,2,8,8,2,5,13,37,6,12,13,4,5,7,16,3,4,21,2,44,19,6,9,3,17,7,1,21,12,2,15,1,0,9,8,9,6,0,1,12,37,22,30,38,4,0,2,20,10,0,8,10,2,5,21,7,9,7,2,0,23,29,16,9,3,0,5,7,0,0,0,4,7,4,3,15,0,0,3,2,7,6,1,0,1,2,3
SRR8556885,fbm,10,5,1,0,5,8,18,17,9,8,7,3,7,3,0,5,0,23,17,2,58,32,4,11,5,9,30,4,62,2,13,2,22,68,26,8,14,9,4,14,11,27,3,13,11,1,6,1,23,59,7,59,5,22,1,2,65,51,14,1,14,40,11,4,27,16,6,5,13,5,2,18,5,10,40,1,9,16,27,10,9,0,20,3,2,2,1,8,2,4,0,18,11,1,8,15,31,2,6,7,19,14,20,0,1,6,10,54,5,8,18,13,6,13,7,12,5,37,5,3,8,1,17,2,86,2,7,5,5,4,15,3,31,16,2,9,11,1,0,6,2,1,3,10,6,4,7,4,73,9,7,7,1,4,2,9,14,5,5,2,2,2,2,2,4,84,20,1,39,12,9,0,17,69,5,0,4,2,17,2,0,2,4,5,0,7,46,59,61,57,11,8,27,1,10,4,8,16,1,12,4,5,4,7,8,10,20,4,5,4,17,8,3,1,19,12,6,222,2,2,33,10,19,9,8,51,3,5,0,41,2,13,14,16,4,6,5,4,37,9,12,0,11,5,8,0,14,4,5,10,1,2,5,22,3,5,22,63,1,6,19,30,4,7,32,3,0,9,4,3,25,16,23,12,34,13,0,18,8,8,5,0,3,6,15,47,85,30,64,35,14,28,67,29,40,10,10,1,6,1,13,4,8,2,81,4,9,46,2,1,14,10,40,6,23,5,8,14,16,2,9,8,20,4,7,2,19,10,2,5,1,12,4,1,15,42,11,1,0,56,38,10,2,98,7,7,5,1,2,2,6,4,0,2,8,5,9,13,2,11,18,15,12,7,6,4,5,3,12,0,10,40,2,0,10,65,6,0,12,0,0,2,0,0,0,1,2,31,5,82,3,32,26,16,0,5,13,69,5,38,17,11,4,1,10,0,18,22,4,3,21,29,11,6,8,9,7,4,4,14,4,17,37,62,37,10,7,5,18,28,10,3,2,97,10,25,13,8,18,17,2,10,25,5,3,2,3,60,19,16,46,46,12,82,16,14,0,45,45,5,70,7,10,15,9,0,0,9,41,1,18,5,1,3,13,2,7,24,12,98,38,85,8,2,5,3,103,12,18,2,7,19,11,13,8,24,3,0,6,45,2,66,10,10,24,2,5,4,22,4,134,0,20,23,9,5,4,2,8,1,11,6,0,2,4,2,0,3,51,1,13,9,5,12,33,9,2,5,22,34,115,4,4,5,88,3,9,4,13,8,7,2,5,9,19,2,7,5,19,24,21,25,0,8,2,3,18,2,2,6,45,13,5,7,5,5,3,11,11,13,0,7,5,26,5,7,8,13,10,11,21,2,14,21,3,9,4,58,47,8,70,20,7,5,15,13,8,6,93,4,7,5,28,14,4,21,7,0,6,1,2,4,16,1,1,3,1,53,4,0,15,3,4,10,41,7,12,0,16,7,37,4,11,5,9,8,14,18,2,1,1,3,16,5,41,1,2,57,0,39,6,2,10,5,0,0,10,3,4,19,9,26,4,2,6,9,13,92,32,11,16,2,1,26,16,4,54,25,7,6,7,0,14,7,1,5,49,4,2,3,6,51,44,0,10,3,9,39,0,25,0,7,2,5,12,21,5,1,11,8,6,8,0,9,8,0,30,19,8,11,18,8,5,2,11,31,15,3,28,1,5,23,10,6,6,6,21,0,10,3,1,2,0,28,0,2,21,11,8,12,4,25,9,7,2,20,3,8,5,8,3,15,7,9,74,0,4,27,4,4,65,1,6,5,0,0,3,0,0,0,5,25,7,3,6,14,5,6,3,14,17,10,1,25,17,4,9,3,7,2,2,0,1,1,2,2,14,7,8,4,7,42,3,3,2,0,3,34,2,11,6,11,3,9,4,10,17,0,0,2,12,7,7,3,28,9,18,8,5,12,2,4,4,0,2,9,4,2,4,0,8,0,6,5,16,21,10,0,25,3,13,24,7,3,0,2,4,12,15,13,3,2,6,3,25,3,46,70,7,1,15,8,2,5,0,5,12,3,13,2,3,14,1,11,4,11,15,5,2,0,3,14,5,2,6,25,6,15,3,3,2,5,0,9,16,0,5,10,2,3,10
SRR8556891,fbm,24,15,1,5,0,24,22,26,17,36,6,15,15,7,0,2,6,52,8,4,26,10,7,7,12,6,59,11,79,10,6,14,21,115,19,33,32,4,9,2,7,16,0,11,31,0,24,2,27,31,3,68,9,54,8,6,132,59,15,10,8,48,22,1,47,76,6,9,20,4,0,22,8,13,80,14,32,33,30,8,14,11,47,11,4,0,3,14,22,40,0,14,4,36,22,13,32,6,8,3,54,11,43,7,0,12,16,100,16,16,30,19,3,3,7,12,7,61,29,7,1,4,32,12,158,6,3,9,23,9,4,6,10,14,2,9,3,3,2,43,4,4,3,6,4,8,20,1,97,16,30,2,10,0,0,21,22,19,1,2,3,2,3,5,41,34,27,0,61,8,9,20,32,109,5,1,10,2,18,2,1,6,15,2,0,12,16,32,34,79,10,3,35,1,10,3,22,57,5,14,7,15,21,10,16,10,20,4,1,6,12,19,15,4,13,4,4,80,1,3,66,7,11,14,8,81,3,16,0,49,4,20,7,18,7,9,3,2,36,0,9,0,8,30,32,2,12,16,14,38,14,6,0,27,0,8,17,55,9,1,6,50,5,12,36,11,7,15,30,8,10,46,18,26,81,27,3,59,4,11,12,0,2,25,9,49,125,55,176,76,11,62,230,12,52,31,15,4,1,1,36,4,5,13,155,13,10,44,3,14,10,32,57,7,27,3,7,3,10,2,4,13,24,4,28,4,26,24,2,10,2,19,22,3,65,56,31,4,0,60,65,40,15,135,30,9,2,7,5,16,22,12,5,3,0,7,5,10,3,12,17,3,7,7,3,17,0,0,9,1,9,75,3,8,13,71,10,4,21,0,3,10,5,0,1,1,2,12,15,29,18,31,33,51,5,6,9,41,32,67,48,19,2,6,14,0,13,29,8,9,28,11,10,3,20,16,4,8,4,18,2,17,46,66,29,26,10,2,10,41,29,17,5,102,41,53,51,5,17,2,4,36,53,11,21,2,8,101,37,22,62,66,16,28,10,39,3,10,43,24,104,16,18,18,21,0,2,12,32,3,19,10,4,7,16,7,3,28,7,71,50,27,5,6,5,8,159,14,43,14,9,63,9,1,4,14,3,0,8,59,6,74,10,11,29,3,17,7,22,9,127,12,87,14,5,3,4,6,3,3,23,4,4,12,0,5,1,1,29,2,5,24,12,13,23,20,3,2,7,68,91,20,16,6,217,3,14,3,30,3,8,24,10,20,8,9,8,2,11,16,24,25,6,3,8,4,8,13,4,2,48,8,5,7,3,4,2,16,23,2,6,42,13,27,7,3,10,46,7,25,28,2,9,5,6,13,3,46,40,16,92,31,5,10,30,33,19,3,126,3,2,17,35,6,34,46,6,0,21,1,5,13,32,1,12,2,2,11,2,1,21,0,8,7,26,17,11,0,23,5,49,8,2,5,10,11,37,17,0,3,2,1,10,7,4,1,3,17,0,106,7,3,6,23,2,2,0,3,6,29,11,51,5,4,7,30,14,135,27,19,6,1,4,37,0,7,80,7,8,11,2,7,9,2,0,4,37,8,17,6,12,18,11,2,8,8,19,88,4,23,2,11,2,4,23,13,6,6,12,18,0,10,7,32,8,11,31,27,7,5,39,13,20,3,31,26,16,4,53,0,4,19,10,4,3,10,23,4,4,8,8,3,14,11,5,8,20,6,15,47,5,8,32,19,2,25,15,24,7,3,14,6,9,13,110,1,6,11,1,4,74,26,23,3,10,0,3,5,7,1,12,32,20,5,24,17,3,5,7,29,44,12,3,47,48,4,3,2,3,1,10,1,7,4,1,5,27,11,20,8,4,36,1,7,9,2,2,2,3,10,5,4,0,8,0,6,15,0,19,19,22,34,6,0,28,8,36,4,5,19,1,0,2,0,2,9,3,9,5,11,0,0,2,1,34,15,40,7,84,3,9,17,8,6,1,0,18,9,0,14,1,14,2,23,13,15,100,18,21,2,29,8,2,2,1,5,5,2,17,6,2,15,1,13,17,25,32,4,3,2,8,33,19,6,15,9,6,11,7,4,6,8,2,5,22,6,0,13,8,4,1
SRR8556892,fbm,42,6,0,3,5,15,8,32,8,10,12,10,11,8,0,0,6,104,7,5,4,18,6,3,1,1,43,34,19,6,0,12,14,68,39,0,13,5,7,9,0,14,2,0,12,26,7,7,48,6,10,48,11,7,7,22,52,33,6,4,4,17,9,0,24,136,22,8,29,5,8,9,4,13,80,1,17,34,18,8,7,3,31,16,2,0,6,32,6,19,4,6,3,1,23,15,13,3,5,1,34,44,9,17,1,9,6,116,35,10,19,31,0,4,6,15,5,22,3,8,4,9,6,8,82,6,2,5,8,6,3,3,12,9,1,7,1,4,1,11,6,1,6,16,5,4,5,4,108,13,16,0,6,3,2,36,6,0,5,0,6,0,2,4,3,38,12,1,108,17,8,0,56,93,18,1,6,2,11,5,7,9,0,7,0,12,10,56,29,29,7,3,33,1,3,16,6,96,11,12,4,45,8,14,16,16,18,1,6,4,9,8,4,4,27,2,6,45,0,23,49,15,12,17,10,88,2,12,0,31,9,17,42,37,14,9,1,2,16,8,28,0,8,52,33,0,5,27,15,6,19,6,0,9,0,4,19,74,4,4,6,17,10,12,9,16,1,19,12,4,17,38,11,31,12,45,2,42,13,10,3,2,2,6,9,30,96,38,65,28,48,56,152,27,39,6,5,4,11,0,20,2,18,22,50,9,10,34,2,6,6,9,33,5,13,10,2,3,20,8,0,9,5,1,30,0,21,7,0,17,4,18,4,4,50,60,32,4,4,59,87,21,3,28,21,21,0,5,6,18,21,13,6,3,0,15,8,17,15,7,22,0,5,9,3,20,1,14,36,3,23,66,8,2,35,93,14,4,12,8,3,12,0,8,1,1,20,12,6,23,2,41,23,39,18,3,3,31,33,91,34,31,5,4,2,3,5,25,1,37,15,34,2,3,9,6,2,7,6,28,13,24,50,39,8,81,11,7,10,74,16,18,2,72,58,65,21,2,17,1,3,16,23,35,14,2,2,88,18,13,16,48,12,27,6,24,0,0,50,35,70,10,14,9,13,0,2,5,45,2,11,4,9,6,6,12,4,29,40,122,31,26,9,8,13,13,132,26,28,4,0,13,45,3,0,30,11,11,14,49,2,56,42,12,26,3,14,1,10,37,108,13,59,20,14,16,8,4,9,3,14,1,32,3,1,3,9,3,26,6,9,27,9,9,29,37,2,2,7,98,30,9,21,9,85,8,7,4,14,3,19,3,13,10,2,2,8,6,8,26,35,16,22,8,3,5,33,15,9,5,13,2,4,32,7,14,10,18,21,3,1,5,2,18,11,4,3,17,16,12,12,0,11,21,6,10,3,52,27,20,75,23,8,5,21,34,10,10,84,2,1,16,26,2,20,25,7,5,12,0,0,2,19,4,7,11,2,26,5,2,22,1,15,3,20,0,14,1,38,0,26,9,1,2,15,29,23,16,6,0,2,3,3,0,19,7,4,19,2,94,3,4,4,12,0,3,7,2,11,12,11,30,7,3,12,52,13,91,23,22,10,3,1,69,2,13,43,4,10,1,3,5,3,2,1,3,19,7,25,3,7,5,0,1,15,1,27,93,7,16,1,19,7,5,4,3,12,4,15,3,3,2,3,10,1,9,25,18,6,5,6,4,11,2,17,28,21,7,50,2,25,12,3,5,12,0,10,3,5,1,3,7,9,12,9,2,7,21,2,38,8,6,33,3,13,48,15,28,34,2,40,3,7,26,20,0,22,25,5,3,17,6,40,5,4,2,3,7,3,0,23,37,7,2,27,9,7,12,5,33,47,7,11,32,25,3,1,6,0,4,1,2,2,5,2,4,34,27,25,6,19,34,3,10,10,3,1,0,2,6,4,12,3,9,0,10,35,3,9,21,18,21,18,1,38,5,14,1,7,18,15,5,2,3,7,5,2,0,8,2,5,3,4,6,38,10,24,0,17,2,2,11,2,8,2,0,11,5,27,12,2,11,2,16,13,15,107,33,15,2,22,8,6,6,8,0,2,4,12,3,0,22,2,12,22,34,27,7,2,18,2,22,6,10,5,7,4,7,15,0,2,3,0,4,7,1,8,10,3,0,1
SRR8556894,fbm,16,8,14,9,4,15,8,17,22,13,10,6,5,33,3,16,6,66,1,5,41,15,19,12,4,1,9,2,11,7,8,47,3,51,23,10,11,5,2,4,2,3,5,14,5,23,20,2,14,33,8,8,5,6,5,16,17,12,3,3,0,21,37,2,19,94,1,34,7,2,18,8,12,4,106,1,4,5,3,22,8,1,26,5,0,0,15,87,10,14,17,6,0,3,11,18,9,12,3,6,10,11,33,18,6,13,3,33,29,11,12,23,3,0,0,39,1,13,15,7,0,3,14,38,109,20,6,8,3,17,3,8,13,10,2,21,5,4,3,16,1,3,9,8,6,3,2,2,80,5,2,2,1,2,1,11,11,6,2,2,4,3,1,3,4,105,29,1,7,10,1,0,18,70,1,7,3,7,9,10,5,7,14,0,10,2,5,11,8,27,1,7,7,2,3,12,3,38,3,2,0,39,5,4,5,5,10,4,8,10,2,16,7,7,23,3,18,10,2,0,38,5,4,16,15,47,4,5,14,14,14,11,9,16,6,3,3,13,27,5,36,2,3,44,14,12,7,9,3,34,15,4,3,8,0,5,26,32,4,11,1,12,14,14,5,3,0,7,25,2,11,20,24,15,14,14,0,16,0,13,33,8,1,13,6,20,81,27,46,49,87,58,41,78,19,8,20,1,4,7,40,4,21,6,82,2,21,13,7,8,2,6,17,10,24,19,18,7,14,25,10,8,3,9,46,1,25,7,0,21,11,8,33,8,58,20,6,4,8,155,80,20,3,20,8,13,2,13,5,9,1,7,6,11,10,9,13,22,9,6,7,12,3,7,12,5,0,9,28,5,24,17,6,18,8,70,19,3,11,12,11,3,14,5,1,5,2,9,3,40,3,19,36,15,21,1,2,30,46,38,25,28,3,2,3,3,10,4,10,28,15,19,2,1,21,4,3,14,12,14,5,2,30,12,3,131,3,4,12,13,51,5,3,21,15,74,3,6,11,10,21,10,38,33,14,8,14,65,29,18,32,50,4,47,6,17,7,24,19,40,155,6,39,16,3,0,5,8,45,5,30,16,4,6,14,15,3,46,19,127,36,39,6,12,7,9,101,17,7,4,11,4,12,5,13,52,4,29,19,77,5,107,24,8,8,4,11,5,1,25,30,6,23,11,9,10,9,3,3,4,19,2,7,0,2,19,23,2,79,21,4,10,15,2,11,58,1,2,66,9,44,8,7,10,249,3,3,3,3,6,39,3,3,9,9,5,1,1,14,16,10,9,59,15,5,3,21,7,3,2,5,6,4,5,29,15,9,4,4,1,18,5,3,27,7,2,5,11,9,8,13,12,9,7,2,13,2,39,17,6,42,31,6,5,12,6,26,0,86,3,6,7,4,0,4,85,8,2,24,1,3,0,9,4,15,5,3,37,6,7,11,4,15,4,135,5,39,8,4,19,11,8,13,4,2,5,9,38,8,6,0,6,13,2,11,9,4,14,10,30,4,4,6,6,2,6,7,10,5,17,3,17,0,2,2,147,0,160,4,7,22,4,0,17,0,9,77,12,5,9,4,8,4,2,10,4,10,4,8,2,0,17,6,2,6,1,6,36,4,7,2,10,3,2,4,4,2,19,5,6,3,4,0,12,4,3,16,4,6,4,6,5,6,5,34,10,9,7,12,1,12,0,9,3,9,2,8,3,1,0,5,14,0,6,3,3,1,8,15,24,1,15,63,10,9,28,12,7,43,76,31,1,13,19,32,4,22,23,6,12,38,13,32,33,2,4,7,2,15,0,2,3,1,9,9,5,15,1,3,11,7,8,8,37,8,5,2,3,9,5,7,11,6,1,5,3,7,12,2,1,14,14,13,6,3,1,4,14,8,7,3,1,0,12,4,6,1,4,5,6,24,13,11,0,34,2,6,6,0,1,14,3,4,3,2,4,6,5,12,27,25,0,5,2,10,4,2,8,22,1,8,16,28,6,3,1,6,7,49,19,1,0,2,9,15,31,22,32,29,6,5,0,2,3,5,7,0,2,6,1,5,14,1,7,40,49,12,1,1,2,7,3,4,7,1,0,0,8,0,5,3,14,4,11,7,0,7,2,0,1,2
SRR8556896,fbm,10,2,17,2,5,8,2,22,17,5,1,0,1,13,7,0,0,40,0,3,0,5,0,5,1,3,5,3,4,6,26,20,3,63,9,0,1,2,4,2,1,0,1,0,3,3,11,1,31,5,5,12,3,6,3,9,18,41,3,1,5,9,12,3,8,74,0,16,6,7,2,9,3,5,78,2,7,9,26,19,11,0,5,3,0,0,1,38,0,11,2,3,1,3,11,3,2,5,4,2,16,4,0,4,5,3,7,44,20,8,22,5,0,0,9,6,1,32,8,1,0,5,9,15,40,8,1,0,1,3,9,2,0,5,2,14,1,1,5,5,1,2,2,3,3,1,4,3,51,9,23,0,3,0,0,2,1,8,0,2,2,1,0,0,1,35,11,0,33,10,8,9,18,49,6,3,9,1,11,0,4,1,47,0,0,8,6,51,6,7,11,1,4,2,8,7,3,14,4,5,1,20,5,2,6,5,16,3,0,2,16,6,11,1,8,3,8,30,0,5,68,1,15,6,3,77,1,8,5,25,2,11,7,8,7,13,0,3,9,2,11,1,3,22,6,4,3,3,1,0,3,14,1,30,2,1,14,39,3,0,12,13,11,3,6,5,2,14,6,0,2,22,4,9,9,9,0,16,5,4,7,0,0,3,1,9,37,10,73,25,23,11,55,21,9,2,4,2,1,2,8,0,6,9,29,2,2,21,3,11,2,17,6,1,26,4,2,7,29,10,0,3,3,1,22,0,11,19,0,0,2,3,6,0,12,36,8,0,0,52,34,6,3,7,4,21,3,6,1,17,3,3,1,1,5,1,3,4,3,7,4,12,0,2,2,4,0,5,10,4,8,33,0,6,5,4,5,2,8,0,3,9,17,0,1,1,0,0,6,11,0,10,16,5,0,3,0,18,36,47,9,20,0,0,0,1,5,23,4,35,10,5,11,0,9,2,0,6,22,2,1,11,40,5,5,54,6,0,0,7,14,5,0,28,9,31,10,0,16,2,15,7,32,8,7,4,15,38,13,5,14,23,11,52,9,12,0,0,31,7,39,6,12,6,9,0,2,3,12,2,22,2,2,2,7,5,3,13,10,37,31,12,0,2,3,4,32,19,0,3,0,7,3,0,12,17,0,0,13,29,0,43,9,0,2,5,14,1,9,17,41,4,19,19,8,2,4,0,3,1,4,1,3,4,1,4,9,1,19,1,11,4,6,17,6,21,3,1,27,30,21,1,10,5,37,1,2,2,24,0,24,8,0,1,8,10,7,0,4,5,5,18,18,5,10,2,11,0,4,1,5,4,1,0,17,11,1,12,9,4,0,0,2,6,2,5,3,3,3,8,4,0,2,0,0,0,2,14,5,13,58,18,3,14,2,12,4,1,33,0,0,9,0,4,5,43,16,0,15,0,6,1,6,5,11,3,2,36,0,0,8,3,3,9,20,5,25,1,10,3,14,2,4,2,1,16,5,6,0,1,3,1,15,2,6,1,0,6,5,22,3,4,2,7,0,3,3,7,4,5,0,2,2,0,10,21,17,75,7,12,4,3,2,7,0,12,28,4,1,2,2,1,0,2,1,3,2,2,3,1,9,16,0,3,3,1,11,87,6,9,6,5,4,5,2,2,1,1,1,0,1,2,0,8,4,10,2,5,0,3,5,1,2,0,5,25,4,2,12,1,13,6,1,2,7,0,0,0,0,1,1,1,3,6,1,1,4,3,0,11,12,0,5,1,4,3,0,34,2,5,12,2,3,5,5,1,0,0,0,2,31,11,7,3,0,0,4,0,3,0,3,22,0,1,4,25,1,5,2,10,44,1,0,12,19,3,1,0,16,2,2,0,1,0,0,0,43,10,7,0,9,12,0,4,3,1,3,0,3,1,0,9,0,7,2,1,25,2,3,2,3,10,25,4,13,4,3,1,0,5,30,0,0,5,0,3,4,0,6,4,0,0,1,5,7,2,9,15,30,1,9,3,3,1,1,1,3,4,5,7,1,2,3,5,4,7,24,20,16,2,9,4,1,3,3,0,1,2,8,0,0,16,2,2,18,23,10,8,1,0,5,7,0,1,5,16,6,0,3,2,0,6,2,2,4,10,0,12,4,0,9
SRR8556898,fbm,5,2,2,11,4,20,14,30,9,12,7,0,2,25,0,13,21,25,6,9,99,9,5,15,5,4,13,15,37,3,11,4,7,47,20,10,21,1,0,5,4,8,2,11,15,5,46,3,14,52,2,14,2,24,2,5,43,31,4,12,2,44,7,3,63,49,7,8,8,12,3,20,3,7,63,3,19,2,13,13,5,8,21,0,2,2,5,8,3,27,2,38,4,18,21,13,15,7,9,9,13,4,27,8,1,9,11,50,15,7,7,8,0,0,4,9,6,15,10,17,4,5,25,7,57,4,2,7,9,2,25,3,12,19,11,20,12,6,4,16,1,1,2,11,5,18,4,9,101,5,12,2,2,2,2,5,7,10,2,2,1,4,2,6,18,85,8,4,31,7,29,0,17,24,3,3,4,4,10,0,6,3,12,3,0,6,10,27,15,24,7,5,18,3,13,6,2,32,0,3,2,21,2,4,10,5,1,5,8,4,7,14,1,1,24,13,12,36,0,3,25,3,14,10,10,54,6,3,1,25,1,4,5,7,4,8,2,27,12,49,4,3,8,31,12,2,13,7,4,9,6,6,11,8,1,12,47,44,0,8,2,13,3,3,28,10,3,9,23,6,7,34,18,8,48,3,1,9,4,5,24,0,1,4,4,36,92,38,102,47,39,39,96,24,9,20,8,8,9,2,34,6,20,6,105,5,3,31,0,5,16,16,40,11,19,6,0,8,17,8,14,6,8,7,11,1,11,27,2,7,9,0,34,5,17,29,6,5,2,145,40,14,27,16,7,7,2,2,7,6,7,10,7,8,12,3,1,17,4,13,4,31,9,6,7,8,0,9,7,0,13,26,4,3,7,86,20,1,25,1,12,1,0,2,14,14,6,14,18,69,10,64,42,22,11,2,11,8,20,29,28,40,0,3,0,1,13,25,4,16,23,18,6,6,5,4,1,9,7,22,7,14,28,34,6,22,10,5,17,25,23,4,0,20,7,19,13,11,19,29,2,10,19,8,20,7,11,78,36,13,72,54,9,76,13,10,2,32,21,11,71,6,22,22,8,0,0,8,53,3,28,16,3,7,13,2,1,45,12,106,36,23,4,10,2,13,64,18,19,11,32,24,31,2,0,36,8,7,15,71,3,86,21,12,12,1,13,2,6,7,61,10,17,10,5,6,5,2,9,2,19,3,2,7,3,3,0,1,56,5,9,7,11,8,7,10,4,6,41,40,105,9,4,8,288,2,8,3,11,2,15,8,7,11,23,2,2,7,19,6,17,9,5,42,5,4,47,15,5,1,23,22,6,5,7,8,3,4,7,12,2,23,9,15,4,5,3,20,4,12,6,3,7,10,6,26,2,34,26,7,58,29,4,5,23,16,14,0,72,0,3,8,17,14,2,42,4,1,6,1,13,6,9,8,4,2,4,92,19,5,12,7,14,8,40,12,23,3,11,7,14,7,10,5,8,4,4,37,4,1,3,3,28,9,11,2,0,51,2,51,2,4,3,12,0,4,3,3,4,15,3,8,3,0,5,37,9,162,9,7,3,4,1,14,0,7,62,10,4,7,4,3,15,13,5,5,6,3,3,3,7,67,24,2,5,2,6,80,7,26,1,11,2,4,8,12,2,6,4,10,5,6,1,18,6,4,9,8,6,12,20,11,4,6,9,25,7,6,8,2,4,4,8,8,8,2,18,2,2,3,1,6,10,22,1,9,23,9,6,13,12,4,30,5,2,29,3,8,15,1,6,5,10,7,44,12,19,39,7,2,16,5,18,11,8,0,14,2,1,0,3,24,9,9,28,11,1,5,7,23,12,12,2,29,10,1,3,7,19,3,4,2,5,5,1,1,12,7,10,9,4,8,4,40,1,1,10,3,4,28,2,4,11,5,7,5,11,3,9,6,8,7,16,0,28,7,9,6,2,5,6,7,6,6,2,11,6,2,3,10,13,1,0,2,3,3,11,10,13,3,6,31,2,8,1,1,20,6,38,17,2,3,3,0,26,32,63,64,28,0,7,6,6,5,8,0,4,2,10,3,8,21,0,9,21,22,6,5,1,4,14,5,3,2,4,15,4,8,8,3,0,8,4,5,13,1,0,8,5,3,1
SRR8556902,fbm,14,5,16,9,3,17,12,32,10,26,12,5,9,16,2,4,0,100,2,2,9,8,9,7,2,3,9,10,15,10,8,33,9,124,28,5,3,4,5,6,2,1,1,11,10,19,10,0,48,31,17,53,14,8,4,13,81,23,1,0,0,35,27,4,46,149,5,5,21,12,2,7,7,11,150,4,27,41,36,13,5,0,24,7,0,0,6,64,10,16,1,23,1,0,7,6,11,14,8,1,26,6,12,14,6,10,8,89,27,9,36,19,10,2,10,4,7,23,10,11,0,5,11,7,140,8,3,1,4,9,14,2,13,5,3,16,3,5,2,19,2,3,3,3,5,3,6,0,168,11,28,3,10,2,0,29,17,11,4,0,5,1,4,4,2,45,46,0,55,13,6,0,46,139,21,3,1,7,12,0,5,9,12,3,3,20,7,58,18,52,8,3,22,2,24,12,10,65,13,14,9,8,14,9,17,7,34,0,2,11,18,8,10,2,34,4,11,53,5,10,72,5,24,14,5,118,1,15,8,42,8,32,9,47,15,17,2,3,18,7,38,9,7,67,46,16,7,31,33,5,34,8,0,12,3,2,17,93,10,10,24,10,13,5,9,19,3,23,20,6,15,67,12,34,4,33,2,38,4,7,22,0,0,13,8,21,182,49,121,60,48,97,169,17,110,5,20,2,13,3,18,2,18,9,78,18,19,36,0,4,6,3,21,5,28,9,2,8,22,15,4,12,2,2,55,2,32,2,4,8,8,7,5,4,35,51,31,5,4,48,63,20,3,18,16,9,4,5,6,21,6,7,13,14,4,11,14,5,13,14,29,17,5,4,1,17,1,6,19,7,24,68,1,6,42,30,11,2,9,2,14,12,13,4,2,0,4,10,15,23,2,23,36,19,3,6,0,25,34,114,19,30,8,7,3,2,2,43,5,29,13,13,29,5,29,2,3,5,12,14,8,10,22,39,20,61,8,1,0,27,47,23,2,42,47,50,13,0,18,13,11,25,36,37,17,3,3,94,26,14,28,67,28,75,31,36,3,15,68,5,112,18,38,9,12,5,1,6,36,2,25,11,5,18,10,12,8,27,27,95,35,69,12,8,8,12,74,2,12,8,0,13,49,0,6,104,0,14,14,49,2,136,15,4,11,6,12,3,17,49,108,8,105,19,24,8,12,2,11,6,5,4,14,12,2,7,8,42,38,7,22,17,7,15,23,45,2,4,36,47,23,7,14,9,36,7,6,5,42,1,28,19,4,6,4,16,14,6,9,19,31,19,26,18,16,6,12,13,2,2,27,4,8,4,13,11,6,17,9,0,6,2,2,7,16,8,3,9,7,11,14,9,11,7,3,6,3,60,18,17,161,18,5,6,7,22,12,3,118,2,3,23,8,2,31,60,14,2,10,3,3,0,20,1,14,7,3,37,6,0,21,1,31,3,54,9,29,4,22,39,26,4,4,2,4,11,24,22,8,3,4,3,9,11,9,3,12,8,0,93,5,8,1,37,2,10,9,7,8,20,12,75,1,2,14,63,11,127,31,27,11,5,0,61,0,23,22,5,4,20,8,7,6,2,2,5,6,7,0,2,14,28,4,7,22,2,31,102,4,7,5,5,4,8,7,7,0,7,4,2,4,4,0,20,3,20,18,6,3,8,19,8,20,0,7,36,5,4,50,7,25,26,5,5,7,0,15,6,1,1,3,8,4,5,4,1,5,9,10,30,2,6,35,6,7,19,6,13,19,7,41,3,2,20,13,4,6,9,5,5,65,14,21,37,0,0,5,3,3,0,5,20,5,1,7,33,0,6,8,29,100,10,6,42,48,7,0,4,0,10,3,2,4,4,6,1,52,35,7,4,6,30,6,5,12,1,1,8,3,9,3,20,3,1,4,5,25,8,5,5,13,16,5,1,49,6,12,2,7,10,10,3,1,4,2,7,4,2,17,3,3,1,4,4,21,2,50,6,38,6,1,11,10,11,6,1,6,3,7,11,3,3,5,6,8,12,109,36,15,2,23,8,2,4,11,10,10,9,30,2,1,38,2,7,67,31,35,9,3,2,3,35,23,13,3,8,12,2,12,5,5,5,0,3,11,18,15,35,12,3,11
SRR8556913,fbm,9,8,4,6,0,14,9,31,13,21,3,9,12,10,2,6,2,79,10,0,13,26,3,9,4,4,4,7,34,2,9,10,5,64,36,21,24,5,2,4,2,1,2,7,23,13,4,2,20,7,2,59,18,17,7,8,25,34,3,2,2,19,11,4,21,71,1,34,14,10,9,21,7,5,77,3,18,16,9,14,19,1,10,15,0,6,1,39,3,11,10,4,4,3,8,5,11,13,2,4,26,4,29,3,6,4,4,78,5,27,27,21,6,3,3,12,2,52,13,8,4,2,19,11,86,19,3,7,9,13,6,5,8,31,2,19,7,2,4,18,2,4,6,0,5,5,6,5,85,10,16,6,13,8,2,4,1,7,1,3,1,3,3,9,1,116,52,3,65,8,6,0,15,69,4,3,13,3,10,5,4,3,4,0,4,6,7,69,13,38,9,2,22,3,20,9,5,49,0,11,3,21,4,6,9,9,16,4,0,9,14,0,23,1,12,13,8,160,9,7,36,20,11,7,5,70,2,8,6,31,1,17,7,24,4,18,1,9,33,6,26,2,2,29,39,0,7,9,6,31,14,2,3,25,0,6,44,49,7,3,10,10,1,17,17,6,2,17,34,3,6,91,8,15,34,19,3,40,2,13,20,2,6,15,7,31,55,65,42,22,33,24,136,35,22,16,10,4,2,0,38,11,21,15,49,4,11,30,6,1,7,5,33,16,30,7,11,9,25,17,6,8,4,5,17,0,16,18,2,9,5,10,21,1,79,39,14,1,0,73,36,9,0,40,14,5,0,2,2,8,11,3,3,5,6,2,5,13,19,16,12,12,3,15,7,5,1,5,14,5,17,53,4,18,24,37,6,3,6,7,9,10,0,0,3,11,2,17,13,25,0,11,22,23,0,6,3,8,61,80,40,34,1,3,2,5,5,40,9,22,11,8,4,0,22,6,5,8,6,30,17,30,39,9,21,56,13,3,20,19,24,9,3,43,25,25,19,17,22,8,11,15,28,32,3,3,2,51,21,22,22,51,9,74,4,15,3,22,42,23,76,25,15,15,10,1,5,6,33,5,20,12,3,5,12,15,5,24,14,68,38,25,8,7,5,2,58,7,19,2,0,6,40,3,12,26,0,7,16,44,2,70,24,1,6,2,3,3,12,10,97,8,66,16,5,5,8,3,6,0,10,11,9,10,7,16,11,4,44,18,13,29,15,19,19,4,2,1,18,34,32,6,13,3,91,3,12,2,28,2,23,14,10,4,33,6,13,5,21,16,19,15,15,14,2,11,5,2,2,2,20,14,12,9,8,18,3,20,10,5,8,4,8,9,5,7,7,10,7,16,12,3,5,16,5,2,3,76,25,16,79,29,5,3,10,24,33,2,83,4,12,15,6,0,28,33,11,5,12,0,12,2,29,1,8,10,7,34,1,3,15,3,8,8,53,7,15,0,3,1,13,4,10,0,5,2,17,41,3,1,3,2,19,5,14,2,2,5,0,78,2,3,1,7,0,3,0,3,5,11,6,45,3,2,10,73,7,143,21,19,11,3,0,48,3,5,160,6,11,5,2,0,4,2,13,2,7,7,13,1,7,19,2,1,14,3,19,70,5,7,4,11,3,12,15,7,6,6,5,5,7,2,2,11,6,8,11,11,0,9,14,8,6,13,28,28,6,2,32,8,5,20,5,4,10,6,10,11,4,1,3,1,3,9,2,5,10,4,4,24,2,15,21,8,2,35,9,30,11,49,12,6,6,14,30,4,0,8,5,11,49,1,3,15,14,0,5,0,2,0,15,26,6,0,14,18,6,6,5,33,33,3,1,32,26,12,11,1,11,3,4,9,3,5,2,1,23,4,6,2,17,30,10,0,15,3,4,3,3,6,10,16,8,4,4,8,23,3,5,9,12,19,8,2,20,3,23,9,5,13,9,7,5,0,18,7,3,2,1,14,3,0,2,14,20,6,15,5,65,1,10,16,4,5,3,7,13,4,7,16,1,9,5,2,13,6,99,27,22,0,25,4,3,7,6,3,0,1,9,6,4,25,3,7,32,13,14,10,3,2,8,21,8,4,1,6,6,5,8,0,3,2,2,9,6,6,0,10,4,0,6
SRR8556916,fbm,12,6,9,4,3,25,8,54,17,11,8,5,11,17,1,8,10,119,2,0,9,20,7,6,6,8,34,5,15,22,10,12,14,197,40,17,9,0,4,5,1,2,1,10,20,2,24,1,71,25,8,43,4,15,3,5,72,78,1,3,2,30,27,1,18,96,0,34,14,8,17,22,5,5,135,9,5,41,42,13,10,4,22,7,0,4,1,33,9,24,2,4,4,6,25,2,5,2,4,2,40,2,9,7,0,12,27,164,14,63,58,12,4,2,26,5,1,77,26,7,1,2,15,13,148,14,6,2,3,7,18,2,10,3,2,16,9,5,2,35,4,3,3,3,1,16,5,0,110,10,60,1,10,2,0,11,28,13,2,6,0,2,3,0,11,154,68,0,54,5,6,0,11,92,1,10,14,9,25,1,5,5,0,23,5,20,4,112,11,24,25,6,11,1,16,9,9,44,5,26,5,7,5,8,15,7,21,6,1,4,21,11,14,3,11,5,9,139,2,11,173,4,35,11,4,132,1,7,4,89,6,47,12,34,10,37,3,7,18,5,13,7,10,61,33,5,7,5,6,23,23,4,5,23,3,12,5,52,11,6,27,49,5,6,16,11,1,43,20,1,4,20,34,24,26,15,2,37,18,7,18,0,6,35,5,33,87,87,152,84,22,14,132,35,30,4,15,6,5,1,13,4,20,54,89,10,12,21,6,3,19,3,22,4,100,3,14,7,29,15,15,5,7,4,42,4,33,22,14,5,4,2,9,2,18,38,13,6,2,63,107,40,9,13,23,21,4,5,5,16,8,16,8,3,6,2,7,23,7,5,5,9,11,8,3,11,2,7,14,4,14,73,1,8,34,32,8,5,19,1,12,3,6,3,1,4,4,10,10,26,8,33,19,25,11,6,3,20,23,102,36,44,8,3,5,3,17,59,4,15,11,16,8,3,17,5,6,9,12,45,5,10,60,19,45,73,26,6,0,54,25,17,2,105,35,33,29,0,30,7,17,27,25,27,7,8,3,104,26,20,18,56,31,62,6,54,2,19,162,12,37,29,23,9,25,2,3,4,25,1,11,8,3,8,4,7,1,14,33,79,66,34,7,5,6,10,77,4,7,6,0,4,11,3,2,22,3,11,18,30,11,45,39,6,5,4,35,0,21,12,103,8,61,33,15,22,23,2,5,4,6,4,2,7,0,17,5,5,103,12,30,42,22,32,34,11,3,6,19,53,50,3,9,9,106,4,8,8,69,0,30,12,7,10,4,11,4,2,24,29,6,37,30,8,6,6,15,2,1,1,29,4,8,2,10,6,0,30,29,0,9,13,5,7,25,11,33,10,7,18,9,4,6,3,8,0,0,65,8,40,110,28,3,4,24,41,10,3,84,1,5,33,10,4,17,60,21,12,18,4,3,1,16,9,7,8,7,38,4,1,34,1,8,3,43,20,37,2,7,2,25,9,2,0,8,5,35,15,1,4,14,3,17,21,17,4,3,14,2,45,7,13,6,27,0,6,0,3,8,20,0,20,4,0,34,103,44,123,40,37,11,1,2,23,0,18,21,5,4,0,10,15,2,2,2,2,2,3,12,3,23,32,21,2,11,11,12,171,5,3,11,14,7,11,5,10,0,2,7,5,0,4,3,26,9,1,16,16,1,10,25,6,7,2,10,36,6,2,20,6,34,26,4,4,7,2,5,6,2,2,4,5,9,11,2,3,5,9,6,20,2,6,26,6,2,25,7,23,17,18,24,4,4,32,52,1,6,6,3,4,73,3,9,11,2,3,5,0,0,2,33,21,8,6,11,60,3,21,5,41,90,10,1,20,78,7,2,0,0,8,2,20,1,5,1,8,119,7,14,3,6,5,6,1,4,5,5,15,3,2,3,17,3,4,4,10,19,2,3,0,10,27,2,10,39,4,12,1,6,22,18,4,6,3,3,6,5,2,7,9,2,0,4,4,9,3,58,5,90,3,11,19,5,3,8,1,3,3,10,6,1,6,7,8,18,12,81,34,7,5,27,12,3,5,5,8,6,6,24,13,5,43,4,11,18,20,34,14,1,1,8,29,8,3,6,35,21,4,7,2,8,11,4,16,7,13,1,65,24,0,2
SRR8556917,fbm,1,3,2,2,3,16,11,25,9,12,6,2,2,3,0,10,0,68,1,9,4,4,5,0,3,8,39,4,14,13,3,7,0,99,23,10,6,7,1,1,3,1,2,16,5,3,15,2,41,15,6,37,2,8,0,7,48,95,2,4,0,21,5,0,18,55,3,6,15,4,0,15,2,12,91,3,9,20,14,3,0,2,13,5,2,0,2,9,5,11,1,5,2,3,6,7,8,5,2,0,31,4,13,14,0,0,8,110,5,20,57,8,3,0,15,5,1,47,8,5,0,1,12,3,89,0,2,1,3,2,2,3,2,5,1,3,4,2,3,41,2,2,1,9,0,9,8,0,88,3,12,1,12,1,1,6,17,14,1,3,1,0,2,3,7,44,3,1,44,9,4,8,16,59,6,2,5,2,12,1,4,9,0,5,2,10,9,19,6,12,7,2,8,0,5,3,10,47,0,11,4,16,11,2,17,5,17,1,0,4,14,3,17,2,4,7,3,42,0,8,111,8,8,7,6,90,3,13,3,53,3,34,13,21,7,10,2,3,9,4,9,2,5,17,5,0,6,7,3,17,5,5,0,65,0,1,2,25,13,1,8,46,3,4,4,7,2,14,6,2,5,15,4,26,22,2,2,56,3,8,4,2,2,4,5,7,90,34,88,31,7,23,128,13,21,2,4,5,2,1,12,2,5,30,77,9,2,18,0,12,9,4,8,0,42,3,19,4,19,8,2,2,4,4,25,1,14,8,4,4,0,6,6,1,10,25,9,0,1,28,47,33,0,18,12,22,0,1,1,2,2,4,3,1,3,1,4,4,5,4,3,0,1,5,0,10,0,2,7,2,7,61,2,2,13,29,4,2,9,0,3,3,0,3,1,2,1,4,12,6,1,10,55,16,6,1,3,6,25,68,6,24,3,3,4,0,16,18,8,10,14,12,2,1,11,3,2,7,4,3,4,10,38,18,3,18,3,1,3,30,18,16,7,49,24,31,19,2,4,3,2,12,14,9,10,5,3,65,7,13,11,33,18,34,6,35,2,0,96,13,27,21,10,3,8,1,1,2,22,1,4,4,1,2,6,4,0,7,17,40,57,21,2,3,11,3,52,7,4,3,0,9,10,2,6,9,3,3,7,36,2,34,16,0,2,1,32,4,6,10,69,1,28,15,4,7,3,4,3,1,21,2,0,3,0,2,0,0,21,6,7,15,8,27,17,7,3,6,5,37,33,5,10,1,71,6,4,5,18,1,15,5,2,3,11,10,2,4,33,25,9,27,8,3,0,1,14,0,0,4,24,2,3,0,3,3,5,21,15,3,3,7,4,4,6,4,19,4,8,18,5,0,6,14,3,0,5,51,9,20,70,15,2,3,5,30,10,0,70,0,5,10,5,0,12,30,11,0,5,2,2,2,19,0,6,5,2,15,1,0,12,0,5,2,15,12,9,0,4,0,21,2,6,2,5,2,17,20,4,1,2,1,4,4,6,1,1,13,0,37,3,2,0,5,0,2,0,2,1,5,0,2,2,2,17,25,10,93,49,27,15,2,3,22,0,7,16,7,5,2,2,6,0,2,2,1,5,7,5,3,6,10,2,2,7,4,3,136,2,6,5,6,2,2,5,1,0,1,1,3,1,4,1,15,3,13,8,13,3,3,6,3,5,8,3,17,3,0,0,1,42,6,1,1,0,5,3,0,9,3,0,0,29,3,0,2,3,7,4,11,2,4,27,2,2,17,9,12,23,3,19,0,1,0,22,1,4,6,1,4,41,4,16,7,4,0,5,0,2,1,26,10,4,2,11,31,2,5,3,38,64,7,3,8,32,2,2,1,3,2,0,3,3,0,1,7,76,7,8,0,0,19,1,14,3,2,0,3,2,3,2,11,0,5,0,3,16,0,0,5,11,9,8,19,17,4,20,2,4,15,5,0,3,0,4,2,5,0,1,7,3,2,0,4,7,5,19,4,50,2,8,3,1,1,2,7,1,3,0,7,1,6,0,0,5,2,43,20,6,2,27,8,1,5,0,0,15,6,15,7,11,21,2,3,11,8,22,5,1,0,0,20,0,2,1,21,3,7,5,2,11,1,0,17,3,4,0,8,7,1,4
SRR8556919,fbm,20,11,7,7,1,28,19,41,17,32,3,13,5,27,0,8,2,101,6,2,9,15,5,6,1,4,77,10,4,37,2,12,3,231,16,3,7,5,4,0,0,4,0,2,21,3,14,2,54,11,11,60,6,19,1,5,44,112,3,4,2,12,37,2,20,140,0,43,43,9,13,13,2,6,183,7,15,30,43,15,17,0,23,6,2,0,0,30,11,11,8,12,2,0,10,6,23,7,5,3,69,4,10,3,2,4,15,151,23,51,90,24,7,0,24,17,1,97,12,8,5,6,11,15,71,8,1,5,10,8,11,0,10,0,0,24,8,2,7,64,1,2,0,9,2,12,13,0,138,4,46,1,27,12,1,26,21,16,2,6,4,0,7,0,1,111,32,0,66,11,3,8,28,114,4,5,12,8,23,4,11,4,6,5,1,11,4,70,5,45,22,4,11,7,14,7,3,97,7,56,2,23,6,8,38,15,55,3,7,4,15,0,16,4,28,3,6,152,7,22,229,3,17,14,8,173,2,16,4,87,10,56,7,54,8,30,6,3,19,2,22,6,23,23,21,7,9,2,3,14,11,3,0,63,1,8,6,52,15,4,21,54,19,7,12,28,3,47,6,0,8,19,17,51,16,15,3,49,5,7,15,6,0,20,3,14,103,67,82,21,27,23,258,49,25,2,16,5,1,0,13,2,9,40,177,13,22,32,6,5,5,8,28,7,97,1,25,5,27,15,0,7,4,3,61,5,28,9,2,13,5,10,5,7,24,32,14,10,0,60,169,137,14,40,28,35,0,14,3,14,9,6,4,1,0,8,6,9,6,12,17,6,7,11,0,10,2,3,21,11,15,129,1,9,57,17,14,1,21,5,22,6,9,0,5,0,0,16,15,18,2,36,34,40,14,5,0,18,47,129,12,17,3,7,2,7,40,29,3,36,11,6,9,2,47,13,4,2,9,45,1,29,85,11,26,91,14,0,0,91,24,20,0,118,65,30,45,2,20,4,20,25,13,14,6,3,2,95,20,25,11,45,39,39,7,50,0,0,217,18,36,33,23,11,32,0,2,2,20,3,10,8,6,4,4,5,3,28,44,153,82,43,10,8,2,4,95,3,10,3,0,2,134,1,8,23,2,0,13,46,3,55,40,4,0,17,16,1,20,27,125,2,42,39,7,10,17,4,5,0,2,4,4,5,3,22,12,3,52,8,23,77,21,27,24,47,4,7,26,75,40,9,16,15,97,10,8,13,65,0,28,8,7,7,6,12,8,7,36,50,18,30,39,9,10,8,8,5,2,3,15,17,5,0,14,6,4,37,38,6,7,2,4,23,3,11,28,8,8,29,5,5,6,13,15,7,1,66,5,29,183,59,8,17,23,58,13,3,80,5,3,20,7,0,12,63,15,16,8,1,0,3,30,1,7,5,3,30,3,3,22,1,8,5,55,9,21,3,15,1,45,4,10,2,8,7,51,12,3,4,6,1,13,0,33,3,11,10,4,73,3,12,2,10,2,3,0,17,6,34,7,24,1,3,41,74,25,137,73,52,24,5,0,32,0,27,36,5,4,0,7,8,2,1,3,2,7,8,10,0,10,26,4,11,22,4,5,291,1,4,6,4,3,4,7,4,0,0,2,3,6,0,7,18,10,31,45,15,6,4,13,3,7,4,11,41,4,2,7,2,12,26,1,1,9,4,3,11,7,1,0,4,57,6,3,0,7,7,10,25,1,26,21,12,7,8,7,100,8,6,7,1,4,23,10,2,9,6,3,6,100,4,14,17,16,0,1,6,5,0,52,26,4,9,8,47,5,17,2,46,142,9,1,27,80,3,6,4,0,4,2,9,2,8,0,6,136,6,3,2,11,27,9,4,1,1,1,8,2,7,5,20,0,6,0,9,38,3,0,3,28,64,10,35,24,4,17,2,7,31,3,0,5,13,6,5,5,2,14,11,11,3,3,4,13,4,59,8,124,0,2,12,2,5,8,6,11,9,3,7,1,8,3,12,9,4,67,21,12,3,42,7,10,8,7,0,24,4,22,38,26,28,2,1,31,39,46,8,1,5,3,51,10,5,12,62,16,2,5,2,6,9,2,30,18,18,0,22,15,1,11
SRR8556920,fbm,18,5,4,1,1,30,20,38,17,3,11,0,8,39,3,12,6,84,8,5,19,13,8,20,1,2,6,7,19,3,24,20,7,88,25,5,12,12,9,2,0,4,0,5,19,2,11,6,49,34,12,17,7,13,13,6,59,44,24,1,2,19,15,6,33,114,9,36,8,6,3,22,5,3,123,7,18,28,25,20,36,0,21,6,0,0,0,39,5,17,16,7,6,10,16,3,5,10,10,4,22,11,37,10,9,6,10,52,9,11,27,3,4,6,17,5,1,49,50,8,0,3,12,17,132,10,3,1,1,8,16,11,9,11,3,21,13,6,1,12,1,5,3,6,1,3,0,9,82,15,25,4,10,5,2,15,1,5,2,2,1,4,0,2,11,171,27,1,67,15,5,4,27,83,2,7,24,3,17,0,7,5,23,14,1,11,17,44,8,32,22,0,6,1,12,6,8,73,13,9,1,18,2,5,28,4,18,4,4,7,16,22,3,1,19,11,7,32,1,10,90,7,30,5,13,126,1,4,39,56,2,24,4,28,8,15,0,2,15,5,17,5,6,27,47,7,3,4,10,25,11,2,1,13,0,4,27,69,5,10,24,17,3,7,8,11,3,26,18,4,5,12,16,12,35,26,2,14,5,11,21,10,6,25,10,37,121,69,88,44,56,62,106,49,32,5,25,4,1,5,34,9,13,16,54,4,21,21,2,4,7,9,19,8,51,10,2,17,30,14,7,5,4,10,22,0,10,11,0,11,5,2,25,5,42,31,12,5,6,129,69,5,6,29,8,23,0,14,3,18,7,24,4,2,4,2,3,25,11,6,20,12,12,10,7,3,4,2,27,3,24,88,4,8,14,18,22,5,17,6,12,7,0,0,9,8,2,17,11,72,8,34,33,15,14,4,13,20,14,56,6,8,6,7,2,2,3,31,2,23,25,16,9,0,22,4,5,15,13,38,4,4,39,25,4,92,16,8,27,16,25,10,7,57,17,36,13,4,25,7,12,18,24,23,12,23,11,106,26,12,29,64,13,95,7,28,0,8,42,33,78,15,12,16,6,3,1,3,39,1,29,21,4,13,8,17,5,27,10,117,35,26,1,3,6,14,81,11,10,0,0,11,29,1,6,28,2,31,29,82,0,129,35,1,4,3,5,2,19,23,70,4,45,2,18,7,25,2,12,1,5,1,4,14,0,17,9,0,64,21,13,36,38,10,11,9,3,5,36,61,89,3,14,12,200,0,4,3,55,6,28,0,4,3,25,6,6,11,9,15,22,17,28,18,5,6,6,2,0,2,19,6,9,11,17,12,2,17,8,4,12,4,21,4,8,8,2,9,2,3,10,3,12,0,5,5,2,67,16,14,117,37,13,33,13,24,26,1,102,1,8,21,6,2,26,72,22,2,4,0,13,13,5,1,6,6,3,49,11,6,30,5,14,5,62,20,32,1,11,1,37,4,23,7,0,15,7,39,2,5,1,2,18,3,30,1,0,25,4,78,5,11,1,8,0,1,0,6,4,10,1,13,1,0,13,138,18,164,24,26,20,3,1,20,4,26,48,6,4,7,10,6,2,6,5,1,5,4,9,8,14,21,11,9,8,1,19,86,4,11,7,15,5,10,6,8,8,5,13,1,2,4,2,20,6,0,16,5,3,15,16,3,7,0,16,40,5,0,44,9,12,28,10,1,13,10,4,2,0,0,3,2,0,22,0,5,19,3,0,25,8,10,42,5,8,31,9,13,23,23,21,3,1,9,31,7,0,8,9,9,79,2,21,60,2,1,10,0,5,2,5,32,0,4,7,25,12,3,7,23,74,2,2,30,36,9,9,2,13,4,4,11,3,4,1,0,46,13,10,5,28,9,10,6,12,1,7,5,3,4,0,14,8,3,0,4,33,2,6,0,14,21,10,2,27,1,9,13,0,10,11,3,15,0,15,7,8,15,5,23,6,1,3,8,13,4,29,15,31,5,9,25,20,2,5,8,10,5,58,15,5,1,5,16,27,17,66,63,20,8,8,18,1,3,5,2,1,0,28,0,4,31,2,9,33,15,24,4,0,0,8,19,4,7,4,12,15,3,3,4,0,8,0,2,22,13,4,38,16,2,15
SRR8556938,fbm,30,0,7,4,4,26,16,37,13,14,8,7,5,12,5,21,2,48,2,2,4,9,5,2,1,1,19,9,2,0,7,10,5,80,41,3,4,7,2,3,1,4,3,13,6,2,10,2,20,9,4,27,0,4,4,10,41,30,1,1,0,24,7,2,28,31,4,22,8,2,4,30,3,3,95,2,5,27,38,14,24,0,11,4,2,0,1,19,0,12,4,5,3,2,9,10,6,7,9,2,16,4,23,19,7,0,9,92,8,16,14,7,3,3,19,4,2,23,10,5,1,9,18,13,87,8,4,0,3,6,12,3,14,13,1,14,8,4,3,11,1,6,5,5,1,2,2,3,65,9,10,3,5,10,0,8,2,16,1,0,6,1,2,3,1,111,41,5,30,3,1,13,20,87,6,5,9,6,11,5,8,10,18,5,4,7,9,43,7,15,15,2,16,1,15,7,3,47,3,11,1,19,9,4,13,2,11,2,2,4,27,6,1,3,20,2,9,15,1,2,66,13,15,10,2,77,4,6,4,32,7,25,0,10,8,15,5,2,16,3,6,5,2,25,29,4,2,4,5,34,1,2,3,8,1,3,16,59,8,4,14,12,1,3,1,7,1,31,3,1,16,100,24,11,2,8,0,20,4,11,22,4,1,8,3,17,92,22,51,21,29,22,33,23,40,0,20,4,2,6,11,2,17,0,54,1,13,20,2,11,16,11,17,9,38,8,2,7,20,10,4,3,0,6,21,2,12,23,0,5,4,3,6,1,28,32,18,15,3,63,46,16,10,6,6,10,3,11,1,10,5,10,3,2,5,12,5,8,5,5,14,3,2,7,5,3,2,6,12,3,20,58,4,5,7,23,7,6,6,4,9,3,2,3,2,0,0,20,8,58,2,24,11,12,0,4,1,21,19,46,13,21,8,6,0,4,3,17,9,17,12,9,10,4,23,2,4,23,17,17,6,7,9,7,17,64,13,2,0,3,25,2,0,33,12,22,6,0,14,12,5,14,17,18,5,13,5,48,14,8,15,33,11,32,11,17,4,0,53,21,31,11,15,7,10,2,2,2,12,1,9,12,2,5,3,5,3,12,13,62,12,29,9,3,1,15,39,6,7,7,3,7,31,0,8,9,0,7,17,39,0,84,17,4,4,4,16,0,13,12,58,6,38,5,6,8,16,2,3,1,5,0,0,2,3,19,4,2,46,13,15,13,26,16,12,11,3,1,49,31,56,11,1,14,60,1,8,1,37,1,28,3,2,7,12,5,9,1,13,13,8,22,32,6,7,8,9,2,1,2,15,10,2,2,10,9,2,3,5,5,5,4,8,6,1,4,3,11,4,21,7,8,3,5,1,8,0,40,18,12,59,21,7,13,13,13,23,0,44,0,1,7,0,0,5,56,17,6,14,0,3,1,40,1,8,3,0,45,1,1,13,1,7,4,46,15,18,4,2,4,32,5,5,2,7,2,17,18,4,6,1,4,17,0,31,3,0,19,0,29,3,12,9,4,2,0,0,3,5,14,0,24,4,9,16,53,21,112,12,6,7,8,1,12,0,28,28,8,0,1,8,14,4,3,2,1,5,4,0,5,10,31,10,33,3,0,10,99,5,8,5,5,4,6,3,6,0,28,5,5,2,0,4,15,5,1,8,15,1,13,11,1,10,3,10,43,4,0,13,3,13,11,8,1,9,2,2,4,3,0,3,6,2,7,1,1,9,1,4,14,7,6,14,4,6,33,2,12,2,9,7,6,7,11,11,2,0,3,4,3,24,2,6,17,4,2,3,0,0,1,0,13,2,4,6,35,5,11,6,15,40,5,8,27,20,8,2,1,0,11,4,4,3,7,2,3,47,5,6,3,3,5,6,2,0,2,0,9,2,3,3,7,3,4,0,17,28,5,2,6,43,46,15,0,28,4,7,0,0,5,12,0,1,7,2,5,12,0,6,13,6,5,5,0,5,0,19,7,18,0,3,5,7,3,9,5,11,6,3,11,2,8,2,15,16,21,69,20,21,2,7,5,2,0,7,0,1,3,10,2,0,13,4,1,23,19,10,8,4,3,4,8,5,4,4,11,10,6,0,4,3,5,0,0,23,4,1,30,10,1,7
SRR8556939,fbm,4,8,0,1,3,8,16,41,7,17,0,8,1,7,0,2,8,22,3,5,46,2,3,6,6,7,32,2,13,1,4,4,0,76,29,5,7,4,4,23,12,1,1,35,7,0,22,8,39,9,6,23,2,5,2,2,27,24,2,3,9,71,41,1,46,28,5,1,18,3,0,9,8,20,45,1,3,16,20,5,4,2,37,2,2,2,1,5,3,7,4,9,1,3,32,7,38,6,5,1,28,11,10,0,3,4,17,83,10,28,29,19,0,0,9,14,10,66,13,2,6,3,5,6,82,10,10,9,17,3,11,2,2,3,1,8,1,0,0,27,5,2,3,2,14,7,11,3,86,4,31,5,2,3,0,18,11,13,3,0,1,3,2,5,7,49,12,4,48,4,1,0,12,78,2,0,2,0,10,1,1,2,0,2,0,1,2,34,9,30,6,1,8,2,5,1,10,5,0,2,3,3,3,6,19,12,17,2,0,3,21,31,9,1,15,12,4,148,0,3,79,10,8,10,13,58,3,31,0,14,0,22,12,11,1,13,13,0,26,3,9,0,4,6,16,5,21,4,7,45,15,5,4,18,8,4,6,29,2,5,10,58,2,0,36,9,8,18,23,2,5,32,3,19,13,6,4,38,16,11,12,2,1,1,5,9,133,30,117,40,13,23,105,16,28,13,2,8,9,1,14,4,2,10,94,7,0,35,0,1,0,5,15,0,16,2,5,4,9,0,0,5,1,0,13,1,27,10,0,9,0,32,3,2,50,57,6,0,6,72,17,17,9,18,10,11,3,0,1,2,9,4,6,3,0,0,7,19,3,25,19,0,11,3,5,22,0,0,3,2,11,24,0,2,9,36,1,1,39,0,0,7,4,0,4,8,3,11,14,47,3,18,38,14,0,0,2,20,20,66,32,13,0,1,23,0,1,14,9,3,18,14,2,3,22,7,0,3,4,8,4,29,43,23,22,22,5,1,12,26,26,4,0,43,16,38,12,0,19,11,5,13,10,10,12,0,4,59,14,8,34,36,12,87,5,27,2,11,57,6,74,16,15,15,16,2,2,4,37,3,11,2,4,4,3,4,1,15,11,34,14,29,7,5,6,4,125,8,27,7,0,30,0,1,29,26,2,5,5,51,3,100,17,2,17,1,15,9,19,4,71,1,79,36,2,5,5,2,0,0,2,4,5,4,4,0,0,3,22,1,10,4,3,12,5,10,2,6,8,27,66,15,5,12,177,15,2,1,19,2,5,14,4,9,21,2,0,8,10,22,11,20,0,5,0,1,10,0,0,0,19,2,4,2,3,4,1,7,16,5,7,15,9,4,7,9,14,27,14,14,12,0,5,52,11,5,0,39,8,7,71,11,9,4,20,13,3,0,66,0,1,14,8,0,13,26,4,1,9,0,6,2,22,0,3,0,0,27,3,0,16,2,8,2,32,12,11,0,4,9,60,3,4,6,17,6,22,30,0,0,2,3,17,16,10,1,2,9,0,32,7,2,2,16,0,1,5,1,5,9,2,60,7,4,6,20,10,94,11,5,3,1,7,3,11,9,44,11,4,6,0,0,5,11,0,7,0,6,3,1,5,37,4,1,3,4,3,56,1,15,4,5,0,4,14,1,7,0,3,14,9,13,4,45,3,6,4,29,0,6,66,26,19,2,5,14,19,1,17,0,8,7,3,12,5,0,5,2,6,4,1,1,12,8,2,0,2,5,21,12,5,13,11,3,1,3,2,10,1,2,5,11,18,18,16,1,7,12,3,18,12,2,3,9,0,0,9,0,3,0,2,22,15,3,8,18,1,3,9,31,44,13,0,28,29,2,3,1,0,1,0,0,0,0,2,1,23,10,4,2,4,27,0,9,3,2,1,8,0,9,4,11,0,12,0,11,8,0,9,13,5,29,3,3,39,9,13,7,3,20,2,0,0,2,4,4,4,2,5,0,6,3,9,13,14,5,20,0,40,5,4,28,0,0,0,2,9,13,10,13,0,5,2,2,7,2,75,41,9,2,18,4,2,8,0,0,0,8,12,8,4,23,2,3,9,18,9,6,9,0,1,15,3,0,0,16,5,12,8,2,11,0,0,16,5,5,4,19,7,2,6
SRR8556944,fbm,28,9,4,4,1,37,33,94,6,13,7,17,1,11,3,2,7,99,6,3,6,25,5,0,6,1,20,11,13,0,2,12,5,225,22,0,8,1,7,13,5,3,2,2,21,9,2,4,78,17,5,50,6,0,4,26,80,123,9,2,2,25,11,1,42,87,0,16,19,7,19,32,5,19,104,13,7,87,86,12,2,0,40,6,4,4,0,23,3,4,7,2,1,8,33,15,17,9,6,1,58,4,12,2,1,4,31,165,13,20,72,29,0,7,59,14,0,50,15,5,4,5,10,11,147,6,2,3,9,6,11,2,12,2,0,21,2,1,0,19,3,2,3,13,6,8,14,3,112,8,48,1,5,3,0,7,41,40,1,0,0,1,1,0,2,222,12,4,47,9,1,16,48,207,16,2,30,5,46,0,6,4,4,31,1,40,19,111,10,12,34,0,0,0,6,13,18,21,12,16,0,12,19,4,34,11,13,2,4,4,72,0,45,7,11,4,6,68,3,6,250,4,15,16,5,84,1,16,7,89,13,25,12,9,6,79,6,3,56,7,16,0,12,19,36,3,13,9,8,11,19,2,3,66,1,7,4,90,6,1,35,36,6,4,16,5,3,72,45,2,16,17,6,25,4,20,1,69,12,28,8,15,3,10,1,8,211,54,182,80,42,39,105,36,13,3,9,7,1,3,12,10,5,20,89,6,7,36,2,6,6,5,28,1,84,3,0,3,27,3,0,4,4,7,43,3,23,7,0,6,1,14,3,8,43,92,28,3,1,34,51,46,38,15,7,47,0,6,4,12,11,11,2,5,2,17,7,20,14,5,12,6,7,14,2,13,3,0,21,7,5,109,2,1,8,42,1,1,9,8,7,10,0,8,2,6,0,22,15,13,13,49,52,16,20,1,0,8,26,122,14,55,4,9,0,6,0,91,6,18,14,14,13,0,13,8,3,9,3,28,4,23,18,21,81,75,10,1,3,11,24,14,10,111,25,25,9,2,27,6,3,34,13,26,1,0,1,133,18,25,8,55,43,58,6,44,0,0,108,29,41,28,15,5,34,0,0,1,4,0,11,8,8,1,7,8,3,19,30,65,25,16,11,9,1,2,74,4,11,6,0,6,115,1,13,2,3,0,21,18,0,29,13,3,6,3,59,0,45,25,130,2,94,24,15,24,28,0,9,5,11,12,2,0,7,27,10,2,53,12,47,9,15,76,15,55,1,4,44,24,24,9,10,6,108,3,10,3,114,0,21,44,5,5,6,3,3,12,25,13,38,60,20,4,2,2,6,2,2,4,32,2,2,0,7,7,2,13,17,6,4,7,0,25,8,22,3,10,7,41,16,2,2,8,7,6,6,46,5,35,117,7,14,17,25,27,5,0,88,4,8,36,11,0,20,82,39,3,10,1,16,4,12,0,5,0,1,17,1,0,57,0,17,0,57,0,21,0,8,0,73,1,11,0,12,15,18,7,5,2,18,3,10,3,34,3,0,15,0,96,1,8,0,50,3,0,0,4,7,115,1,32,4,7,50,51,71,76,23,13,0,1,0,18,0,45,6,11,3,0,0,1,0,4,5,6,9,12,9,2,32,59,0,1,8,16,8,274,0,6,21,1,4,2,9,14,0,1,9,7,10,12,6,36,8,28,15,18,3,4,10,6,17,2,6,57,6,2,36,2,29,8,1,4,5,4,2,2,2,1,0,9,55,4,2,4,11,7,22,13,5,10,36,1,6,3,3,44,10,8,24,2,7,13,39,1,12,11,1,4,179,13,37,13,9,1,1,8,3,5,3,56,10,0,4,163,9,14,5,45,143,11,3,21,83,4,1,4,0,10,2,2,3,2,2,12,173,9,4,1,6,37,1,11,4,9,0,2,4,2,5,32,0,10,4,13,79,7,3,5,13,18,15,6,102,7,7,1,2,24,10,5,8,4,3,2,3,0,1,7,8,4,2,3,18,9,85,1,12,3,4,9,1,5,4,1,5,10,17,9,2,17,0,0,22,3,112,16,20,16,17,26,0,4,4,0,0,3,42,10,0,72,3,2,27,21,14,14,1,3,1,35,0,4,9,30,42,5,7,2,8,7,0,6,12,24,1,70,30,2,17
SRR8556945,fbm,11,15,5,3,1,39,17,37,14,20,2,12,3,33,5,12,12,143,9,9,9,15,5,4,5,6,23,14,19,12,2,22,7,146,42,5,4,16,3,11,2,1,2,8,12,4,13,6,82,14,7,32,1,9,3,6,43,77,3,6,0,28,27,1,37,122,5,40,17,12,2,31,6,8,156,4,42,30,19,17,52,5,16,5,2,2,2,47,20,26,8,14,3,13,13,11,13,10,3,1,32,13,40,21,4,6,9,105,8,42,17,16,0,4,24,10,2,65,32,13,4,5,20,12,117,14,6,1,6,4,21,9,13,9,3,25,3,8,6,23,1,2,3,8,5,8,13,13,91,9,23,6,12,11,0,11,12,16,5,3,8,1,6,3,8,91,75,0,27,20,5,12,31,148,12,10,14,3,8,4,9,12,4,9,3,7,10,51,16,32,9,3,28,7,20,6,9,83,5,11,8,15,15,3,17,12,25,2,3,3,32,3,12,1,21,7,18,42,6,14,138,1,31,6,8,166,2,21,14,58,6,31,9,20,18,28,9,4,35,15,17,4,9,36,54,7,6,4,14,0,18,1,2,39,0,9,20,73,16,6,10,57,4,5,15,17,3,24,15,0,6,37,14,17,14,21,2,41,11,14,33,8,1,43,8,66,90,43,61,49,43,31,122,80,18,4,13,4,2,1,15,8,17,18,110,10,6,21,6,5,9,8,41,7,62,12,13,9,11,13,28,7,1,2,52,3,22,24,2,13,12,6,22,5,36,44,17,11,5,90,96,45,12,10,23,38,0,13,5,23,6,3,5,3,3,7,3,8,7,14,11,3,16,7,3,13,10,7,19,6,23,80,2,18,27,33,19,6,6,1,22,13,4,7,7,10,2,22,12,55,8,75,24,17,14,13,3,13,51,97,10,30,11,7,19,11,16,37,2,23,19,19,24,2,25,7,3,8,17,47,3,24,43,14,17,102,22,5,18,30,57,16,0,87,28,35,24,17,35,9,16,19,45,20,6,6,6,113,17,16,17,54,22,78,15,47,3,15,96,22,67,20,21,13,20,0,4,3,26,2,17,4,4,10,16,10,0,23,12,74,31,34,8,2,11,19,71,13,12,4,7,8,31,0,2,12,7,7,17,54,0,96,31,1,9,5,28,1,6,28,80,1,40,19,23,13,22,2,17,0,23,4,7,2,1,26,16,5,50,12,19,33,31,17,25,33,9,6,19,45,29,7,10,23,129,3,6,7,50,0,41,10,3,8,19,5,14,5,15,38,24,36,58,24,3,4,33,7,2,2,14,4,7,4,14,14,3,18,27,7,7,18,5,36,5,16,12,31,9,13,16,0,5,7,8,6,1,63,17,18,124,67,9,9,15,37,30,2,107,1,2,8,10,0,17,60,21,6,11,0,6,6,10,0,10,4,3,40,4,7,19,1,5,11,45,14,29,0,8,1,33,2,7,3,7,7,26,38,3,6,2,1,30,12,25,0,3,28,0,78,1,11,1,13,4,3,0,10,1,31,5,30,0,4,13,81,13,202,22,18,9,3,1,18,0,25,38,7,8,3,17,10,3,5,4,5,2,8,10,5,10,25,13,1,20,10,16,133,2,7,7,14,2,8,6,12,2,4,2,7,3,0,2,27,5,15,32,7,2,16,27,8,9,5,3,22,7,1,41,8,16,22,14,4,14,9,11,1,3,0,7,4,4,22,1,4,12,3,4,14,9,2,32,2,7,10,21,58,5,14,13,21,6,21,42,0,0,0,5,3,39,7,16,35,5,2,10,0,5,3,21,20,11,1,9,43,1,10,7,41,108,12,3,31,39,11,3,4,5,11,6,6,3,17,0,10,22,2,7,3,9,26,13,10,4,1,2,15,2,7,8,11,5,8,0,14,40,4,8,2,31,12,13,14,32,7,12,1,4,11,14,3,13,7,7,5,9,8,8,23,2,5,5,4,10,3,51,4,54,5,19,14,10,4,8,12,12,13,10,16,6,1,8,12,21,32,127,42,19,3,14,20,4,6,10,0,0,3,19,8,7,48,2,5,27,28,19,7,1,4,8,15,3,0,4,30,10,4,7,2,11,11,0,17,23,10,2,20,9,1,15
SRR8556947,fbm,10,5,4,4,0,30,18,82,15,29,4,22,10,1,0,0,2,38,1,2,13,18,0,0,3,3,27,14,2,5,0,27,5,218,6,6,12,0,16,14,9,1,1,0,14,0,4,0,67,0,7,25,7,14,5,9,75,72,0,2,0,24,0,0,37,33,0,6,26,5,0,17,10,14,90,16,13,48,105,3,7,2,25,12,0,0,0,8,0,10,2,1,0,4,7,2,4,2,0,1,38,4,3,0,0,2,37,145,10,3,55,34,2,3,40,4,0,19,3,1,0,2,5,6,105,0,0,0,15,9,3,7,3,2,0,2,0,0,0,45,5,2,1,14,0,0,9,0,126,6,79,1,5,1,1,18,4,24,0,0,2,0,0,0,4,138,51,0,46,1,0,8,61,216,0,0,33,6,36,1,1,5,0,2,0,25,0,108,4,20,29,0,0,0,5,2,19,19,0,10,2,10,25,3,17,11,24,0,0,0,27,14,28,0,3,0,1,68,0,7,172,3,2,16,3,85,2,7,5,55,3,17,5,8,1,46,11,0,39,0,6,0,10,0,17,11,12,11,4,46,13,2,1,35,0,2,4,44,13,2,36,21,3,0,6,6,0,65,9,1,2,10,0,30,8,18,3,62,18,17,0,0,0,6,1,2,188,70,113,49,16,21,97,12,9,4,1,7,0,0,25,5,2,15,105,16,3,25,0,0,0,0,27,1,72,0,0,1,7,2,0,5,4,9,27,2,7,10,0,8,0,23,4,1,36,19,13,4,0,15,13,44,15,27,9,28,0,1,1,1,20,0,1,1,3,6,0,8,0,10,6,0,7,25,0,16,2,0,0,1,3,84,1,4,11,30,1,0,5,0,2,11,2,2,1,1,0,2,19,4,0,39,80,18,3,5,0,8,18,82,8,21,0,8,0,1,6,75,0,10,6,0,17,0,19,13,3,9,2,7,3,37,34,7,97,22,12,2,0,17,5,7,0,80,31,21,14,2,5,1,2,26,18,8,2,0,1,111,31,17,4,44,28,11,1,67,0,8,90,13,33,22,8,1,23,0,0,1,2,2,3,0,4,0,1,2,3,2,9,23,19,44,7,0,5,1,96,0,4,13,0,0,6,1,28,11,3,0,3,17,0,14,3,2,3,0,44,0,0,8,95,2,85,22,4,1,23,3,11,2,0,17,0,0,1,3,0,11,79,6,49,7,3,29,29,20,0,8,8,34,38,9,11,2,10,7,13,0,90,0,11,0,4,4,2,3,8,8,22,22,21,42,6,2,0,0,32,0,0,0,26,0,6,0,1,3,1,8,20,0,1,5,0,17,0,24,7,8,11,7,3,0,0,5,3,5,0,32,4,32,107,3,4,0,42,32,12,3,67,2,5,44,3,0,20,37,32,1,1,7,0,1,7,0,1,0,1,10,0,0,56,0,2,1,17,15,3,0,21,0,93,4,11,0,18,0,17,5,2,0,10,2,12,12,4,1,0,9,0,59,2,2,0,10,0,1,0,1,1,30,6,54,2,0,36,31,58,28,10,13,2,0,0,38,0,27,11,12,3,0,0,4,0,0,1,1,2,5,14,1,33,46,2,5,7,12,13,149,0,1,10,0,6,6,1,9,0,0,3,17,3,0,0,29,3,26,8,27,3,3,12,2,23,2,5,34,5,2,72,0,12,0,0,1,0,4,1,4,4,0,0,0,0,0,3,5,1,2,20,17,0,0,15,0,0,6,2,135,2,20,9,0,5,9,18,0,0,2,3,5,79,6,25,0,30,6,0,5,0,0,11,29,13,0,2,95,1,36,5,55,115,28,1,47,104,5,1,0,0,1,0,0,2,1,0,20,160,3,0,1,2,28,0,0,6,4,1,0,0,5,6,31,0,6,0,13,32,0,0,3,3,64,0,2,36,18,15,0,5,21,0,0,0,2,2,7,3,0,0,0,2,1,0,5,25,3,86,0,9,1,3,5,0,1,0,0,4,3,0,2,0,3,0,0,16,0,148,22,0,3,11,19,0,2,1,0,0,8,23,17,0,49,5,2,4,19,23,14,4,4,0,49,0,4,11,28,43,1,3,0,20,12,0,8,5,32,0,37,30,0,24
SRR8556948,fbm,14,6,4,4,1,15,18,27,15,21,10,5,7,32,0,8,17,70,1,2,35,35,7,16,5,2,22,2,20,0,4,24,3,133,29,28,6,4,2,13,7,0,1,7,8,3,15,3,20,6,5,15,1,22,5,0,39,49,1,0,0,24,18,6,38,83,2,12,9,2,3,39,12,16,114,4,2,20,21,16,10,8,11,3,2,0,1,42,13,25,3,1,2,8,28,12,12,5,3,1,27,10,18,15,0,9,6,59,8,18,14,10,2,4,14,10,9,51,24,4,3,11,20,7,75,17,5,0,5,7,8,2,15,6,5,8,4,1,4,20,1,2,3,2,12,10,5,4,104,3,12,2,3,1,0,6,7,9,1,0,2,3,3,3,20,70,1,4,32,15,2,0,6,90,0,2,9,8,4,1,5,1,6,10,3,12,11,60,18,18,18,3,10,2,9,8,0,23,4,3,4,10,3,4,8,9,5,1,0,2,22,26,15,8,22,0,9,381,1,4,105,6,16,8,8,59,3,15,5,37,2,7,18,7,5,28,2,4,18,4,26,5,6,31,26,7,7,19,14,20,10,5,2,15,1,2,10,44,2,2,15,37,3,5,20,6,4,21,27,5,10,23,10,14,27,5,0,19,12,13,9,2,0,4,2,12,123,32,77,44,18,66,65,43,32,3,8,12,5,3,20,9,11,13,96,6,7,44,4,4,9,7,41,9,19,2,2,9,13,14,4,6,4,12,28,1,13,18,4,12,2,10,10,5,33,47,10,2,1,72,80,17,10,21,7,43,2,7,8,12,17,8,15,1,6,9,11,10,6,12,11,15,9,8,3,10,1,6,12,4,17,45,1,1,11,30,8,0,8,6,12,5,2,4,5,2,2,7,8,40,1,37,49,11,3,4,5,13,18,93,15,16,3,3,9,1,13,14,1,12,17,22,8,2,22,6,6,19,21,20,4,8,14,15,18,49,5,2,18,13,39,6,0,41,11,45,10,0,27,6,7,13,21,21,16,7,4,84,15,10,33,31,16,77,18,19,0,8,26,12,83,7,17,11,17,0,3,6,32,4,23,8,4,9,8,10,1,28,22,79,6,37,3,4,4,9,73,6,4,4,0,11,7,0,20,30,0,3,6,16,2,54,26,2,5,1,27,4,1,27,41,6,91,15,13,6,5,5,5,1,7,1,7,7,3,3,0,16,63,0,23,5,15,12,10,16,3,1,11,33,70,16,12,5,66,5,6,3,38,0,16,18,4,7,19,6,6,4,11,13,7,16,5,4,3,7,0,2,2,4,10,4,3,9,10,10,2,6,14,6,3,13,3,6,1,7,5,9,11,18,14,0,4,29,1,6,0,44,9,9,58,19,5,3,25,13,10,1,63,0,4,17,5,2,8,51,11,2,8,0,3,5,2,10,14,3,0,33,1,1,19,0,4,9,64,32,29,1,7,10,44,1,12,2,10,8,21,34,6,2,1,4,22,12,30,4,2,18,2,56,3,3,1,10,2,4,15,3,3,8,2,31,4,2,13,41,18,110,8,10,0,3,0,35,0,23,50,10,6,13,3,1,15,0,4,8,3,8,2,0,13,35,23,2,2,6,2,105,2,7,6,13,1,4,12,9,0,1,2,6,3,13,1,10,5,0,10,27,2,7,24,4,10,1,4,16,5,2,14,5,8,18,3,9,6,4,5,2,6,3,6,2,2,5,1,3,11,10,6,8,13,6,13,5,2,6,3,13,9,11,12,4,6,6,30,6,0,6,2,5,32,6,39,27,1,2,11,3,0,1,4,25,11,0,6,21,3,5,6,31,52,10,4,26,38,4,4,0,0,5,3,0,3,1,2,0,21,13,5,3,13,24,6,6,1,3,1,2,3,10,2,13,3,10,4,8,20,0,6,14,17,27,7,3,15,8,14,7,4,12,10,0,1,4,2,5,8,2,6,8,8,0,0,8,4,3,15,9,35,3,7,22,11,4,2,13,9,6,12,15,3,0,2,15,10,15,51,45,19,2,8,10,5,1,5,0,0,3,24,4,4,25,2,7,28,21,11,8,4,1,3,9,7,0,6,8,8,3,18,2,8,3,0,6,8,9,19,13,5,4,10
SRR8556952,fbm,11,7,1,2,6,9,8,16,17,3,3,2,8,0,2,9,0,38,9,8,20,7,0,11,7,12,46,11,40,2,3,7,7,41,18,8,10,4,11,3,2,13,1,11,11,1,4,8,15,25,9,19,3,10,2,15,33,12,9,2,9,5,3,3,19,22,5,4,5,6,4,7,3,7,40,2,12,17,10,4,2,1,23,6,0,0,0,18,5,6,7,1,5,4,11,5,14,2,4,0,13,6,23,6,0,1,9,44,3,19,18,13,3,0,6,10,1,30,13,6,0,9,10,2,72,0,1,2,3,1,5,2,14,18,0,10,7,6,0,8,3,2,6,1,1,2,3,4,52,10,1,3,5,1,0,10,3,10,1,3,6,1,3,2,6,58,43,0,34,4,0,0,31,46,2,3,5,3,5,0,2,1,12,3,0,2,11,36,22,35,10,6,71,0,10,8,3,55,0,8,2,31,11,6,7,3,11,0,2,5,2,0,1,2,7,7,2,50,3,4,39,16,10,4,16,36,2,4,5,23,1,13,9,21,2,3,2,2,26,0,10,0,2,41,14,0,3,5,0,21,5,4,2,10,3,1,13,22,4,4,8,18,2,5,19,7,4,12,6,3,13,46,6,19,0,19,0,24,1,1,1,4,1,3,6,37,19,33,20,14,15,16,90,20,21,9,4,4,10,3,22,2,7,16,84,1,15,27,3,0,2,1,38,7,12,7,2,5,15,3,2,2,4,8,11,3,22,8,4,6,1,2,6,0,37,18,13,3,1,56,18,12,6,43,20,11,2,2,5,7,8,6,4,3,4,2,0,4,0,7,15,6,3,2,1,12,0,2,5,0,8,24,0,2,18,28,5,5,3,0,0,4,0,0,2,0,7,9,5,14,3,36,25,29,0,3,0,50,58,42,22,22,0,2,2,1,5,11,6,11,12,11,1,0,12,3,2,6,6,10,14,6,26,42,11,14,2,10,6,21,16,7,0,50,33,11,16,11,14,7,8,10,21,15,6,4,7,30,14,16,26,45,6,42,2,17,2,15,31,12,56,8,19,11,11,6,2,3,20,3,14,5,4,2,19,6,6,7,30,50,30,40,22,0,9,3,44,2,8,2,7,17,36,1,4,21,7,0,5,35,2,44,9,3,20,0,3,6,7,7,101,2,50,10,11,6,1,4,5,1,5,2,0,2,0,0,3,2,22,5,5,11,4,7,8,6,1,4,11,23,61,6,12,0,84,3,8,3,8,0,12,13,10,4,15,3,8,4,17,13,16,10,3,5,9,1,7,2,4,2,6,1,2,0,1,8,2,2,8,4,4,7,3,6,8,4,7,4,7,6,8,0,15,7,2,3,0,47,32,4,97,15,1,18,3,11,11,2,98,3,2,9,3,2,26,23,2,1,3,3,0,1,18,5,8,2,1,28,8,1,3,0,8,8,21,0,20,0,10,2,8,2,5,6,3,4,23,14,0,1,2,5,8,5,20,7,0,19,0,47,2,3,0,5,0,1,3,2,1,5,3,47,2,0,6,14,4,106,16,12,10,1,0,24,3,16,61,6,11,3,4,0,0,6,0,0,29,10,2,2,0,7,4,3,9,1,25,60,1,10,1,4,0,3,9,2,3,2,6,5,2,6,1,18,4,1,10,19,0,4,3,6,11,2,34,11,1,0,3,2,0,14,7,5,6,8,7,2,2,3,0,1,6,1,4,0,8,0,0,45,8,8,37,4,1,6,5,9,11,5,13,6,4,5,9,1,4,6,1,5,27,2,11,5,3,1,0,0,4,1,9,37,3,0,4,6,7,2,4,12,21,6,3,23,12,3,1,2,3,0,4,0,6,2,4,5,11,17,3,4,2,13,4,3,8,2,3,2,0,4,3,7,0,1,6,3,17,0,6,8,3,16,8,4,37,7,16,2,3,9,1,2,1,0,11,3,2,3,1,0,0,1,1,6,26,4,9,0,66,4,8,2,1,0,2,2,14,6,8,24,1,7,2,2,12,4,60,6,18,1,10,2,0,5,1,0,0,1,5,5,6,13,1,10,16,19,7,3,0,1,6,17,3,3,0,1,4,4,0,0,2,3,2,2,21,2,0,7,1,2,2
SRR8556953,fbm,26,3,3,6,1,15,21,45,14,7,11,2,6,10,3,6,10,56,4,10,23,16,13,2,1,8,24,11,21,2,9,14,3,97,31,17,4,11,6,13,1,5,3,4,10,6,15,0,41,11,1,34,1,27,2,15,54,24,2,3,4,15,16,1,36,85,1,7,15,6,0,29,9,9,101,5,3,29,13,10,5,2,13,6,2,0,5,21,3,11,0,5,4,7,14,10,10,3,5,5,29,4,21,14,5,4,11,86,24,14,45,16,0,2,12,10,4,29,21,5,5,3,22,9,80,12,1,1,10,4,22,11,13,8,1,6,1,4,1,24,4,1,4,3,4,1,9,1,65,4,21,3,5,0,0,9,7,14,2,0,4,1,1,1,10,136,37,3,56,7,21,12,31,120,6,7,16,5,16,3,1,3,18,7,5,9,7,62,27,32,10,5,2,0,5,5,2,61,2,8,7,22,6,1,8,7,15,1,3,8,25,17,13,3,9,4,12,35,0,9,36,8,14,18,11,90,1,11,4,26,3,12,2,11,11,15,5,3,24,3,16,2,7,16,42,7,10,11,0,8,12,5,2,25,0,1,24,61,3,2,11,15,6,3,20,13,2,23,14,3,10,49,14,23,17,34,2,29,12,13,11,0,0,11,13,16,80,33,56,46,29,48,104,30,18,2,10,5,5,1,22,1,10,15,28,10,9,23,2,3,14,10,19,6,31,9,4,7,16,5,4,11,2,5,24,3,9,6,4,7,8,15,4,5,49,45,14,5,3,35,53,24,5,30,14,35,2,6,5,9,7,10,5,3,7,6,6,8,8,20,8,12,0,10,1,16,1,5,14,1,26,37,2,3,9,44,10,3,7,2,9,3,2,9,0,1,0,25,5,12,2,17,48,15,6,3,3,8,16,73,12,23,3,3,10,5,3,24,3,18,12,6,5,0,18,6,3,10,6,6,8,12,37,12,26,54,19,0,8,20,36,13,2,86,22,27,16,2,21,6,6,16,13,25,11,12,5,93,18,11,14,51,11,67,3,26,0,2,50,4,38,16,19,7,17,2,2,3,10,1,15,8,3,6,16,8,2,19,34,47,34,37,9,4,3,8,76,5,14,2,0,9,13,0,6,16,8,24,9,22,5,42,18,3,3,2,28,4,20,22,67,10,70,15,18,9,18,2,2,0,5,4,5,0,0,4,2,5,54,11,15,8,8,17,21,11,0,2,22,34,45,14,7,12,77,4,2,1,41,0,19,15,2,2,10,5,6,6,13,20,6,14,15,19,9,3,7,2,5,3,27,5,3,2,4,7,3,8,9,3,2,12,2,10,11,8,4,6,10,23,8,8,8,5,2,0,4,33,12,20,105,21,5,7,30,23,22,3,56,1,1,20,9,0,20,45,10,0,10,1,2,5,12,3,6,4,3,28,0,6,22,0,16,9,25,15,16,3,5,2,39,2,3,2,4,6,22,30,4,1,1,1,20,16,10,4,5,7,8,69,1,4,0,11,2,1,3,5,3,24,4,18,3,0,13,78,13,56,17,10,4,3,0,30,0,16,38,5,4,6,7,1,2,5,6,3,12,9,9,0,11,27,15,2,10,3,19,79,12,5,4,10,1,6,16,16,0,4,4,2,1,0,1,32,5,3,20,14,1,5,14,1,8,2,4,45,5,0,51,5,17,23,4,2,3,2,3,4,6,2,1,10,16,4,3,0,5,6,40,26,3,6,32,8,6,23,5,13,12,0,29,6,9,11,45,2,10,8,8,3,57,3,15,39,6,0,8,2,3,3,3,29,18,1,8,26,1,9,4,20,63,10,2,26,26,10,1,1,0,3,2,0,2,0,2,4,14,13,12,2,10,35,6,4,5,1,7,2,4,4,2,13,3,10,7,15,17,0,2,3,11,37,17,2,32,8,22,4,4,15,11,3,0,0,2,4,5,2,6,2,2,1,4,2,16,2,30,8,25,1,10,9,10,1,1,7,13,4,34,21,1,7,4,13,10,11,112,30,17,4,21,13,4,6,1,2,0,1,6,3,5,39,4,8,19,18,13,6,3,3,7,16,0,1,4,8,8,3,3,9,2,8,0,5,11,9,10,18,5,2,10
SRR8556955,fbm,42,7,5,2,12,67,27,75,27,22,9,12,7,57,6,32,11,106,2,5,39,6,23,9,5,5,17,4,23,8,23,13,3,168,37,21,12,10,2,4,4,0,2,10,22,3,30,10,57,24,19,21,1,38,1,21,59,88,5,3,6,14,27,8,68,92,7,45,13,8,13,34,9,7,119,11,6,34,34,15,75,5,43,1,1,10,3,44,6,24,6,21,3,23,25,7,4,12,23,4,55,9,38,25,15,15,17,154,24,22,73,12,7,2,45,8,9,79,15,9,0,7,23,34,180,24,24,0,10,4,15,2,24,7,4,27,20,9,4,40,2,7,5,21,2,9,3,20,161,7,45,2,6,9,2,5,13,12,9,6,9,5,5,3,15,142,96,5,38,16,17,0,11,123,2,22,16,13,29,15,8,12,46,11,17,25,17,37,15,21,15,1,21,7,31,21,16,69,9,16,1,23,5,11,33,7,19,9,4,4,27,22,4,10,28,6,14,204,1,6,129,6,30,14,8,108,3,13,36,48,6,16,14,11,21,29,7,20,19,20,31,16,7,56,44,3,13,10,15,21,19,8,6,44,2,7,43,110,8,11,15,78,4,5,33,12,7,48,7,5,41,35,32,13,32,11,1,49,3,21,34,0,5,21,11,122,141,55,112,85,90,77,134,95,20,3,22,5,11,8,20,3,38,14,70,4,11,33,10,9,23,22,22,8,65,24,5,18,32,32,10,14,9,7,58,2,46,41,0,22,10,8,35,9,51,63,14,13,4,184,174,20,7,49,7,10,3,13,10,21,6,28,8,2,6,2,15,10,7,14,20,14,24,7,4,8,11,29,26,7,34,88,2,11,15,48,25,15,23,2,33,7,0,3,9,10,3,25,18,68,25,23,50,17,33,17,19,23,44,87,18,105,6,17,2,4,9,46,6,44,34,19,5,4,24,3,8,34,45,47,8,11,31,24,36,136,19,5,7,28,72,5,2,64,7,110,16,10,53,10,21,29,47,46,14,21,9,163,50,27,41,78,28,59,25,52,13,14,65,54,95,19,44,22,11,6,3,8,73,3,47,11,11,17,21,18,6,53,39,89,78,44,3,9,7,39,198,6,20,4,12,10,56,3,6,16,6,4,22,61,3,100,38,19,18,4,62,6,28,29,85,10,68,9,15,21,22,9,25,7,34,5,6,0,4,34,17,16,131,30,24,29,29,23,34,29,7,6,58,44,53,13,24,30,323,1,34,2,63,2,53,2,16,4,23,16,20,8,20,28,50,29,41,13,4,12,16,0,1,3,26,12,6,12,16,15,7,14,12,2,14,10,4,19,1,14,3,27,4,42,16,9,7,12,8,23,4,66,21,17,164,50,7,5,26,19,78,1,94,0,20,15,6,6,12,101,29,4,8,5,16,6,37,7,10,4,4,26,11,0,26,1,21,8,79,30,47,2,9,8,43,4,16,5,7,5,13,32,1,10,18,2,14,21,31,4,2,41,0,53,14,40,6,30,13,6,5,18,11,39,3,31,6,2,24,177,18,268,10,23,16,11,3,46,0,17,60,9,3,1,18,34,4,42,7,2,9,2,6,4,13,74,39,7,6,10,10,135,3,9,6,25,8,11,9,20,7,22,6,4,2,4,1,35,10,26,11,12,1,22,20,13,10,0,12,81,13,4,4,3,15,26,18,6,32,28,7,2,3,1,11,12,5,15,2,6,14,12,6,6,8,20,44,18,7,118,0,77,26,22,28,37,12,32,67,5,18,7,11,9,56,5,12,23,1,2,7,3,4,1,6,49,6,3,8,77,7,15,3,43,54,10,3,51,46,24,2,8,3,22,6,14,3,26,1,4,45,12,21,3,11,37,11,12,4,1,7,17,13,4,3,34,3,15,2,3,12,5,8,6,43,37,35,3,19,10,7,2,0,7,19,1,9,1,6,5,8,13,15,15,17,1,5,2,14,4,40,22,29,4,7,20,8,1,8,6,21,19,7,14,24,7,12,15,33,47,112,58,21,2,8,11,4,0,5,2,6,3,35,5,7,45,2,12,51,54,22,29,1,4,7,18,16,1,2,23,16,7,38,7,3,1,0,2,12,13,5,35,22,4,19
SRR8556963,fbm,23,13,1,8,1,25,21,74,13,28,10,29,18,24,1,6,2,96,0,3,12,30,9,3,1,2,36,11,6,0,8,19,5,243,15,0,5,5,25,13,6,0,0,2,14,3,4,2,74,5,1,52,14,2,5,6,90,88,0,3,0,10,18,2,35,94,2,24,20,17,12,88,3,16,126,9,30,61,90,15,17,0,28,10,1,0,6,36,13,6,3,8,4,0,28,10,32,2,8,1,61,0,7,12,6,4,24,137,16,9,28,28,0,0,44,22,0,71,7,3,0,2,17,9,98,6,1,5,16,3,4,0,5,0,0,17,6,1,3,30,3,4,1,20,1,16,39,0,166,24,49,1,22,6,0,40,8,57,4,3,0,1,7,0,4,172,43,1,94,14,2,0,56,237,28,6,34,2,37,1,5,21,0,28,3,18,14,87,8,17,45,0,9,2,17,6,60,50,5,18,3,7,23,9,29,18,35,0,2,4,63,0,0,4,13,1,11,165,2,11,204,3,19,14,6,161,0,7,9,67,6,38,18,15,7,55,8,0,37,4,14,3,21,27,62,5,6,7,6,5,23,2,0,6,0,5,11,79,20,2,36,36,6,0,12,12,2,46,15,1,5,32,9,68,4,42,1,74,15,22,17,2,4,13,5,13,187,88,124,26,43,40,196,45,23,0,19,6,1,2,22,2,20,14,70,15,12,42,4,6,10,6,34,3,76,3,0,2,10,8,4,3,2,1,52,3,20,11,2,7,5,16,7,4,49,97,40,5,3,53,97,30,22,15,14,71,0,7,3,26,19,0,4,7,1,7,12,18,4,13,23,6,12,6,3,20,2,3,16,6,19,114,1,5,26,66,8,5,1,1,9,8,4,2,4,1,2,10,21,22,1,23,56,33,0,1,2,8,37,91,14,46,11,11,0,8,2,94,1,31,28,11,24,2,40,9,2,14,14,37,2,29,48,7,62,116,25,2,3,35,26,21,0,104,39,50,21,4,14,2,11,29,19,15,4,8,0,167,30,26,10,56,34,34,3,68,0,0,92,24,54,26,25,6,20,0,4,2,21,1,15,2,3,8,2,4,1,10,11,56,23,45,5,8,12,1,93,4,14,16,0,0,21,1,35,14,0,2,13,46,2,81,37,5,9,1,31,0,41,23,136,4,155,43,9,3,35,0,8,11,2,13,30,8,4,18,13,12,76,10,48,31,21,23,20,74,4,5,10,75,42,11,22,4,182,14,14,2,94,0,26,10,7,8,8,5,27,13,18,17,30,73,25,6,4,2,0,0,1,7,27,3,6,0,10,11,3,15,27,2,8,0,0,37,28,18,10,8,0,15,5,0,4,12,13,3,4,63,5,24,145,22,2,47,41,33,13,1,84,1,3,47,11,0,39,73,28,8,5,1,5,0,15,1,15,7,2,20,4,5,34,1,8,0,29,7,14,3,30,1,102,2,0,0,11,8,18,27,2,4,1,6,15,0,25,1,0,25,0,123,3,8,0,25,2,2,3,1,4,54,0,51,3,3,38,89,50,99,25,8,7,1,0,89,0,26,24,21,1,0,7,8,0,2,2,3,0,14,18,2,41,77,7,16,21,7,13,205,2,3,15,9,5,7,9,25,1,4,2,7,1,0,1,31,12,0,22,23,5,11,22,2,24,1,8,68,4,6,36,9,8,75,2,9,4,11,0,4,4,1,1,7,0,13,6,1,4,5,32,28,6,6,17,2,5,10,3,26,18,8,20,9,14,16,20,1,4,2,2,9,37,3,19,17,19,0,4,6,4,1,16,27,25,4,11,74,4,26,1,66,116,15,4,74,110,8,3,2,0,6,2,11,3,9,1,7,104,8,2,6,9,38,5,3,12,4,0,8,2,1,3,52,0,13,0,52,38,2,2,2,23,54,13,0,79,14,33,1,0,46,3,4,0,7,0,6,4,3,5,4,6,0,2,3,31,2,86,3,32,1,4,28,2,11,4,4,3,5,7,10,4,0,3,12,7,8,107,26,15,5,26,18,1,3,4,0,0,7,42,14,0,44,4,2,20,27,19,12,1,0,3,53,3,3,13,30,34,2,0,2,36,10,0,15,5,26,0,70,17,1,31
SRR8556968,fbm,15,5,5,1,3,25,12,36,18,13,8,4,9,18,0,19,6,72,2,9,13,20,17,4,6,5,9,6,23,4,8,17,7,65,50,12,6,4,6,12,3,5,0,0,20,2,23,14,46,7,17,42,6,15,5,18,56,18,11,2,2,6,0,7,54,60,9,9,11,6,10,36,7,5,92,9,9,37,29,21,23,1,16,11,1,2,1,23,2,28,6,14,2,8,8,8,13,12,12,2,31,15,46,15,12,5,13,73,16,31,62,7,4,9,19,4,0,27,18,10,1,11,29,10,166,10,1,0,3,13,12,6,22,11,2,30,10,2,5,16,3,7,3,2,4,3,4,13,133,6,34,6,5,11,0,20,5,22,2,2,0,2,1,2,18,89,50,0,25,6,7,4,15,122,2,11,14,3,21,4,6,2,6,2,2,16,4,77,11,25,25,4,13,11,15,8,6,45,3,10,6,24,8,2,27,6,15,5,7,6,24,11,12,1,21,6,17,156,5,10,93,14,23,17,4,90,3,12,12,53,7,32,4,19,5,11,3,22,23,17,15,7,8,19,30,14,7,6,6,15,16,3,4,13,4,4,33,88,7,10,14,28,3,3,15,25,0,15,20,2,7,75,32,27,15,13,2,30,19,9,28,0,0,15,9,32,125,42,54,75,44,36,161,57,22,10,18,10,8,3,24,11,20,20,111,9,23,31,6,3,7,13,40,16,66,11,8,14,25,22,14,12,4,11,26,0,7,31,0,12,12,2,7,3,39,61,22,6,5,83,70,18,10,22,8,8,7,12,10,10,3,21,4,1,4,10,8,6,4,15,13,24,0,11,5,5,3,6,9,1,20,65,2,10,16,44,12,7,19,0,16,2,6,3,7,0,1,4,15,41,3,27,46,20,6,5,1,6,29,94,8,39,4,6,5,3,4,56,8,15,16,26,5,8,23,4,13,10,18,15,4,12,86,14,22,39,11,2,8,19,16,10,0,54,26,26,23,8,15,9,8,20,18,23,20,13,10,136,13,17,28,58,27,65,10,29,2,19,65,12,62,14,18,14,15,1,2,4,27,3,22,8,4,15,7,8,3,29,21,71,47,68,5,14,6,22,80,9,21,20,7,11,17,1,8,30,2,5,11,60,10,74,8,9,6,2,24,3,4,20,90,10,45,10,13,2,9,3,2,0,10,6,2,7,4,20,2,4,43,5,22,16,21,23,20,14,3,3,31,47,75,14,15,12,74,1,8,0,75,2,25,10,9,11,25,3,20,2,26,26,33,25,9,23,5,8,10,6,4,12,28,10,10,0,14,11,2,19,10,8,3,10,2,9,16,12,7,16,10,14,12,7,7,15,0,9,6,58,8,18,93,34,7,36,26,34,20,2,79,1,10,20,4,2,23,57,20,7,4,0,5,5,12,5,10,8,13,65,2,2,28,0,7,3,100,9,34,6,13,2,40,2,7,4,6,7,28,35,9,4,6,3,33,8,24,1,4,8,2,100,3,12,1,14,10,6,7,4,4,7,2,38,0,0,20,49,30,140,29,10,4,1,1,25,0,23,47,6,5,2,11,3,2,5,10,0,0,11,18,3,18,31,7,15,8,2,15,105,7,7,10,12,1,8,8,13,3,15,11,7,6,13,0,23,6,14,12,10,8,12,25,5,7,1,6,47,3,8,23,6,25,22,11,3,6,8,10,10,2,1,2,3,3,13,1,6,4,8,2,19,11,14,18,14,7,13,7,76,8,16,7,5,8,10,37,4,6,17,8,4,86,4,11,11,1,2,5,2,13,3,6,32,4,0,4,40,8,8,4,46,86,9,2,52,60,19,8,6,13,6,3,1,3,3,0,1,44,2,4,4,6,32,5,10,11,1,4,12,0,9,9,17,8,10,2,5,51,8,5,2,23,26,11,3,34,3,20,1,2,11,14,3,5,12,10,6,11,0,3,18,11,4,7,3,17,4,52,12,41,5,4,9,11,10,4,6,7,6,17,11,2,1,6,9,27,17,100,36,17,12,8,5,8,4,3,2,17,4,22,4,1,45,1,7,10,21,13,10,2,0,9,13,8,0,6,22,10,0,3,2,5,5,0,4,10,13,0,25,23,1,9
SRR8556971,fbm,11,5,4,3,2,69,15,78,21,61,8,15,4,0,0,1,0,41,1,0,4,9,3,6,3,6,24,19,8,3,3,5,3,143,43,3,7,8,0,6,7,14,5,4,7,3,10,0,53,20,6,31,4,3,1,16,80,43,1,3,0,20,0,1,25,43,1,3,14,7,2,5,5,11,50,2,24,44,38,6,7,2,13,9,1,0,1,5,5,6,2,1,2,3,13,10,6,2,0,0,45,2,6,6,0,2,14,78,13,9,41,25,8,5,13,2,1,15,13,4,0,4,7,5,132,0,3,0,18,16,14,2,2,3,0,4,5,0,0,28,5,1,2,10,2,0,18,0,117,1,47,0,4,2,0,10,15,17,4,10,2,0,9,15,6,40,58,6,54,4,10,0,28,148,1,4,9,2,11,2,2,2,0,18,1,9,11,48,12,17,15,4,4,0,14,3,14,20,0,13,6,19,15,9,15,8,16,3,7,1,9,9,14,2,6,2,1,46,1,6,224,10,11,5,12,56,1,21,2,81,5,12,0,15,3,19,11,2,70,2,7,1,5,19,17,5,14,4,1,8,11,2,5,19,0,3,8,26,5,3,11,23,4,7,21,8,3,26,5,2,9,25,6,61,13,13,2,45,12,34,4,2,9,4,2,3,53,35,80,53,18,20,142,23,14,0,6,6,5,1,6,5,4,19,50,4,2,29,5,5,6,4,11,0,48,1,2,5,24,4,2,11,4,4,27,4,21,6,0,10,4,6,2,4,17,47,20,1,1,17,38,16,23,7,10,45,0,2,2,2,6,4,2,1,6,4,11,23,6,39,3,9,9,13,0,14,2,2,17,1,10,113,1,4,13,28,2,2,6,4,9,6,0,0,0,1,1,16,13,20,5,19,40,11,6,3,0,11,17,68,6,26,2,3,7,1,5,26,2,7,5,9,7,2,14,8,0,11,1,7,4,34,44,17,28,10,14,3,0,32,22,7,3,73,25,8,5,0,9,6,5,35,14,34,2,2,0,94,26,21,9,76,19,65,3,48,0,0,49,6,43,12,11,7,44,2,4,2,7,3,3,0,5,1,7,3,4,6,42,32,39,15,9,5,2,0,73,0,5,7,3,9,7,2,6,7,3,5,9,6,2,8,19,1,5,1,10,2,22,1,107,2,40,25,5,5,11,5,11,3,4,4,0,0,0,4,5,3,24,8,23,15,8,7,11,24,2,2,6,46,49,3,6,5,3,5,8,9,53,2,12,2,1,7,10,15,5,4,22,13,34,51,12,12,3,4,12,2,1,3,18,6,8,2,9,4,6,6,16,0,1,5,11,4,24,6,11,8,13,49,6,2,8,14,3,5,0,45,24,17,97,6,3,4,16,17,12,2,116,6,1,25,14,0,14,21,16,9,2,3,0,1,18,1,3,3,2,26,5,0,18,1,8,5,39,0,9,0,11,1,34,3,4,0,14,2,20,8,2,7,8,4,9,12,0,4,7,5,2,99,5,7,3,19,0,0,3,0,3,36,4,26,2,0,17,33,19,35,11,12,4,3,2,30,6,16,26,10,3,0,2,6,0,2,2,3,0,2,4,7,9,29,0,1,5,2,5,92,4,14,6,3,4,1,10,2,4,0,8,12,0,0,2,27,3,22,4,13,1,3,27,4,18,4,4,42,4,0,26,0,8,7,2,3,6,7,6,1,6,5,0,2,44,1,1,3,0,3,29,3,1,8,6,7,1,17,9,54,3,7,17,7,9,21,13,0,4,3,1,2,44,1,8,5,5,1,3,0,4,4,15,10,14,4,2,36,3,11,11,49,92,17,1,30,31,6,4,1,13,2,0,2,1,2,1,8,46,3,5,0,0,18,1,0,3,1,1,2,0,3,4,22,3,9,4,6,23,1,6,6,5,32,4,4,33,10,34,0,32,13,7,0,2,4,6,17,5,0,2,2,0,0,1,2,19,8,41,0,43,3,2,6,0,1,0,0,3,8,5,5,0,7,1,2,12,2,129,15,0,3,12,12,4,6,1,5,1,8,31,10,4,59,2,3,11,11,30,19,2,9,0,14,15,9,6,7,11,1,0,0,5,9,0,19,6,12,0,19,7,0,6
SRR8556980,fbm,16,2,17,3,3,28,12,50,14,11,8,21,8,13,6,6,4,93,2,4,9,13,11,6,4,2,18,14,3,0,6,21,3,130,30,3,8,0,10,4,2,1,4,10,12,5,10,3,79,19,6,29,15,1,9,15,58,63,6,4,0,19,27,4,33,85,4,17,31,6,16,9,6,5,101,3,13,48,45,7,7,0,35,16,2,2,10,30,0,8,3,4,1,0,12,6,11,12,5,3,29,0,19,18,9,7,16,111,14,10,62,26,9,10,18,26,2,42,15,9,1,8,18,14,123,10,9,1,7,12,17,5,18,3,1,20,2,6,6,36,2,1,1,14,1,7,5,5,121,10,42,2,10,1,0,19,20,33,3,4,4,0,2,10,8,156,44,0,63,6,8,0,28,184,17,4,13,5,27,3,10,4,4,14,2,18,9,101,21,23,29,2,6,4,18,7,17,22,3,11,9,8,11,6,27,11,34,4,2,4,51,0,30,3,17,3,8,294,0,12,93,5,11,10,8,122,3,10,3,93,5,21,12,32,8,44,8,7,36,9,40,1,15,20,46,18,11,9,1,8,21,7,2,42,3,8,13,60,14,7,21,33,3,7,13,16,0,30,15,0,3,28,16,40,17,39,1,56,4,14,13,6,3,12,2,22,162,82,102,82,41,45,95,32,18,12,2,10,3,4,21,4,16,16,123,8,9,26,2,4,7,3,25,7,56,5,0,5,18,14,5,7,3,4,28,1,16,24,6,3,9,8,9,8,57,80,34,6,7,103,64,6,5,7,14,40,7,8,8,13,11,19,3,3,4,2,11,11,7,20,21,6,4,4,4,16,3,4,11,3,17,104,1,2,15,47,13,3,19,7,3,13,11,7,5,3,2,13,17,31,3,98,52,25,14,4,7,15,30,67,10,25,5,3,7,3,7,53,4,17,18,17,24,4,36,7,5,8,16,17,1,13,35,25,23,73,13,0,0,32,54,11,3,59,30,23,15,7,32,5,13,27,15,23,10,15,0,146,14,17,13,51,19,60,10,39,0,8,74,12,45,21,21,10,23,0,2,4,28,1,14,0,5,4,8,15,0,21,27,74,28,29,11,17,3,4,90,24,9,12,5,8,12,5,6,28,12,9,19,96,2,116,16,7,5,3,30,0,21,9,107,2,152,22,13,21,16,14,11,6,2,1,0,0,6,11,6,7,79,8,19,23,24,32,20,10,2,3,30,49,80,14,21,13,81,6,11,6,63,1,26,0,8,10,17,5,13,12,7,18,52,28,22,22,5,12,25,9,0,6,25,14,5,9,13,8,3,13,22,4,10,0,5,22,23,10,11,2,12,24,8,5,7,26,5,5,3,43,12,28,73,18,9,48,16,39,21,3,67,1,5,38,8,0,28,75,27,7,2,4,2,8,12,10,14,5,3,19,3,3,31,1,5,9,40,20,18,8,30,14,60,10,10,2,12,14,20,12,10,2,0,4,20,7,15,0,2,15,0,87,4,19,3,25,6,4,5,20,2,19,16,35,2,10,22,54,21,134,17,25,4,7,0,36,0,46,53,6,7,2,8,10,7,7,3,3,0,7,15,9,14,48,13,20,25,0,29,150,2,7,11,5,6,8,6,5,3,4,0,3,6,2,0,20,9,0,25,8,2,7,31,4,18,6,7,57,5,5,46,6,12,26,4,3,7,3,6,1,7,4,11,5,0,2,1,3,15,9,8,30,15,17,16,4,9,31,2,31,5,11,25,2,9,11,10,4,9,9,3,8,122,4,19,13,18,4,4,5,1,4,10,25,7,4,8,50,3,20,4,19,118,2,1,32,63,9,2,2,0,6,6,6,3,2,2,9,107,11,11,2,4,32,3,7,20,1,3,8,5,1,6,32,13,18,11,39,59,8,2,8,7,32,3,5,61,6,21,0,2,24,10,7,2,3,8,6,4,0,9,7,3,1,2,5,19,1,48,7,41,2,2,14,7,4,1,5,3,11,7,12,1,4,8,5,20,17,132,32,15,4,11,10,3,4,3,2,0,2,49,3,0,45,7,2,21,24,21,15,3,5,3,23,13,2,2,22,24,6,12,3,31,11,0,6,10,4,3,45,12,0,17
SRR8556982,fbm,16,2,18,0,4,45,18,62,21,20,4,8,6,26,2,16,2,123,1,9,3,17,7,10,7,6,13,7,9,10,4,35,0,126,53,3,8,5,3,8,3,3,1,11,2,3,24,3,72,12,11,53,5,2,3,23,60,51,2,4,2,35,35,5,34,131,0,37,10,6,3,15,6,3,176,6,12,41,42,27,7,3,9,6,0,2,7,38,8,19,6,12,2,4,15,6,7,17,11,4,44,4,24,19,6,9,18,128,37,52,42,17,4,6,30,7,1,16,37,8,2,3,20,19,165,10,11,0,6,18,17,8,11,4,1,24,4,1,5,34,0,3,3,2,2,7,1,6,112,9,60,2,9,1,0,11,21,15,3,2,3,3,2,10,7,162,52,1,31,3,13,0,47,133,0,7,3,6,35,1,12,1,6,19,5,14,0,71,10,16,21,2,4,3,16,12,18,54,3,13,11,24,10,3,23,3,35,3,0,1,32,6,26,3,40,7,14,28,1,10,170,2,15,10,4,139,1,7,8,46,2,25,9,22,6,53,3,4,18,15,45,12,5,30,23,22,12,7,1,3,27,2,2,45,1,2,20,110,4,5,19,44,22,6,15,25,0,37,6,0,3,12,27,33,19,7,2,40,11,11,31,0,4,15,11,40,143,37,98,117,49,70,124,44,33,10,27,9,7,2,14,3,22,16,98,9,7,27,2,3,9,8,14,9,73,10,5,8,27,27,12,5,4,4,41,5,12,26,16,10,10,8,24,4,28,90,22,5,2,98,62,15,13,13,14,22,4,11,3,11,2,15,4,2,5,1,3,21,7,14,17,24,4,4,2,12,6,12,19,5,35,79,0,2,15,16,13,7,15,1,11,9,11,7,6,4,2,15,21,36,2,27,41,8,20,8,0,13,28,90,10,44,6,6,5,4,7,46,3,17,36,14,8,2,29,4,1,16,12,25,8,27,40,14,26,97,25,5,7,34,70,6,2,63,21,25,18,4,38,10,21,28,27,38,7,18,5,91,25,15,18,63,22,128,11,48,7,2,72,5,41,22,32,11,29,5,4,2,25,2,17,16,6,14,11,12,1,30,54,124,40,42,2,8,3,31,63,5,4,3,3,0,31,0,2,60,8,18,20,55,5,99,46,2,12,9,42,3,43,16,88,6,61,12,16,11,23,4,5,2,23,3,14,3,0,8,12,6,80,14,20,20,18,27,21,20,3,7,52,90,59,8,7,29,98,1,8,3,73,1,39,0,4,3,19,5,10,16,11,21,11,40,38,15,15,10,13,9,3,3,15,11,2,4,18,11,2,14,12,5,1,8,7,7,14,9,11,6,11,18,12,7,10,8,8,3,1,55,5,20,111,41,3,3,35,24,25,3,86,2,1,27,5,16,17,80,28,2,2,2,3,3,22,1,13,11,0,54,16,1,35,5,17,8,55,17,38,10,15,1,55,5,7,2,7,15,20,17,2,4,9,1,10,16,6,3,7,9,4,84,5,9,10,23,0,8,3,25,2,15,4,12,1,0,22,91,27,160,37,24,11,9,1,16,0,35,18,4,6,2,10,15,0,3,5,4,3,7,7,6,19,53,26,2,11,7,15,185,10,5,17,12,10,7,13,6,4,1,5,4,11,6,2,23,10,7,11,7,8,12,25,1,9,6,7,47,4,6,65,8,20,32,7,3,14,4,11,0,4,2,4,2,11,19,0,2,4,3,4,8,5,10,16,3,13,25,10,19,5,41,16,2,5,16,39,2,4,8,7,8,11,16,6,17,4,2,10,0,1,10,20,30,5,3,7,56,4,13,18,52,103,9,4,43,72,8,3,3,3,12,5,4,1,1,0,7,87,6,11,0,6,19,10,3,4,3,3,5,3,2,0,19,19,7,4,7,28,4,3,2,24,23,3,13,27,9,4,3,4,14,11,3,12,1,7,3,13,2,18,27,0,4,14,4,10,2,37,7,51,3,3,14,2,11,2,6,13,9,63,9,7,4,8,8,20,21,142,39,10,8,15,13,5,6,7,3,18,3,42,9,1,45,3,3,27,39,23,14,1,6,10,13,12,0,2,31,12,6,0,3,0,23,6,13,1,18,23,54,17,2,11
SRR8556984,fbm,17,43,4,3,3,18,23,40,14,29,7,10,5,12,4,0,0,68,5,10,0,6,5,9,2,4,21,6,10,12,4,8,0,93,23,0,6,0,13,2,7,3,2,7,12,2,12,2,46,13,8,46,7,10,10,19,19,58,10,0,0,4,7,6,28,81,0,9,28,7,30,13,12,10,73,3,9,42,39,8,8,2,14,9,1,0,8,32,8,6,3,1,2,0,16,6,6,11,0,2,43,4,6,6,4,1,13,82,35,23,29,27,4,0,9,4,2,37,18,5,4,3,9,11,82,6,4,11,10,1,4,9,6,7,0,15,3,3,0,19,3,3,2,6,1,6,4,0,85,8,37,2,13,1,0,34,5,16,1,0,0,1,3,6,1,119,70,1,53,7,2,192,32,143,4,6,15,7,23,3,8,3,17,0,4,10,16,60,6,35,18,4,16,0,24,9,23,59,5,11,5,13,7,13,18,5,34,4,1,5,31,0,13,5,10,8,5,241,3,8,133,2,26,13,6,139,2,14,1,54,13,26,2,26,2,45,5,7,27,7,10,1,13,11,46,9,15,5,10,15,19,3,2,21,1,7,22,47,18,0,17,30,1,5,20,3,4,20,7,3,11,27,7,28,19,20,4,63,5,15,12,28,1,4,7,19,117,55,107,28,45,41,101,41,21,3,7,2,5,3,25,4,4,22,89,4,7,36,2,5,6,2,17,6,32,5,20,4,21,9,1,5,0,4,26,1,33,9,2,7,3,12,7,2,40,42,24,0,1,24,53,33,15,23,23,28,2,11,4,5,14,4,6,1,10,3,4,11,6,11,15,9,19,5,5,14,2,3,14,1,12,88,0,7,30,46,1,0,4,1,12,4,0,4,3,4,7,6,9,33,3,359,40,14,0,0,4,10,44,86,4,66,5,3,2,2,17,40,7,23,9,17,12,2,19,5,3,7,9,27,3,21,34,39,28,64,6,1,7,32,18,14,8,74,23,30,23,2,12,11,4,29,12,27,9,3,2,127,15,18,8,56,26,33,5,44,0,13,102,22,55,17,32,11,15,2,0,4,30,4,16,0,3,3,8,8,6,23,25,46,31,26,7,3,2,3,80,2,4,2,16,23,16,1,13,12,0,5,12,27,5,30,15,0,3,0,22,9,4,12,110,1,56,10,20,10,12,2,2,0,21,6,2,4,0,5,3,4,23,7,14,14,12,25,21,13,4,4,12,65,40,19,34,20,85,7,3,10,45,0,33,37,3,6,2,0,2,5,25,28,19,21,15,5,6,3,15,0,1,1,7,15,10,0,12,11,3,16,18,1,8,0,4,18,30,9,22,7,10,30,6,9,5,15,4,18,7,52,4,16,102,22,6,5,26,36,39,1,43,3,4,31,3,4,23,30,23,3,2,0,7,4,15,1,3,8,3,8,5,0,15,3,8,3,67,9,11,1,10,8,56,1,14,2,6,18,26,11,2,1,4,2,5,4,26,4,5,3,17,68,7,5,2,14,0,0,0,2,0,54,2,33,1,2,13,54,30,97,25,18,7,1,3,43,0,22,46,6,12,2,3,9,0,2,5,3,6,3,5,7,10,19,2,3,16,3,15,170,6,9,6,9,3,7,4,17,4,2,4,7,10,2,6,18,3,26,13,17,1,3,18,0,13,2,7,57,7,0,19,0,30,18,8,6,7,7,10,9,5,1,1,4,43,16,2,0,1,3,10,30,0,17,40,4,8,22,51,70,4,94,10,8,11,15,13,1,4,15,5,2,49,0,14,5,4,0,1,2,1,3,24,27,4,0,5,43,1,12,5,30,87,13,5,41,37,5,13,3,0,5,3,2,1,2,2,5,57,9,5,5,3,26,11,6,7,9,0,3,7,4,7,24,13,13,2,9,38,4,5,3,9,19,8,12,34,14,20,1,3,34,5,5,2,2,2,8,6,0,3,8,5,0,1,10,28,3,25,0,39,2,0,11,6,1,2,3,9,3,22,13,1,11,0,2,11,5,134,19,10,4,23,9,0,6,2,7,1,2,24,9,18,38,6,4,34,23,32,13,1,0,3,26,3,0,5,21,18,3,5,5,10,3,8,9,12,13,0,27,9,0,11
SRR8556985,fbm,10,6,6,3,7,23,12,28,27,27,8,7,5,30,2,29,8,123,2,5,9,11,18,3,5,3,11,18,12,2,17,15,5,92,28,5,8,6,9,6,2,10,7,5,13,9,12,2,51,14,17,29,2,24,2,12,47,23,1,2,2,28,38,4,58,128,0,32,7,9,7,39,4,4,97,4,15,14,32,14,48,2,29,6,3,0,2,41,10,16,11,6,1,4,7,15,4,13,3,3,26,15,19,30,2,6,10,49,5,11,19,23,7,3,14,12,7,29,29,7,5,15,24,24,81,12,7,1,6,10,7,16,11,4,0,38,9,1,6,23,3,5,1,12,13,3,7,4,102,5,39,2,4,12,2,26,14,27,4,0,0,3,2,13,11,180,49,2,27,8,19,12,32,125,4,3,18,3,11,6,14,8,9,8,2,11,16,41,11,30,14,1,24,1,22,4,10,41,11,6,5,15,5,3,9,8,9,7,4,6,28,14,10,7,11,9,10,215,1,5,114,9,21,12,5,76,2,9,13,40,4,5,5,15,17,33,1,6,13,12,32,6,9,32,47,22,4,5,8,22,20,8,2,20,10,1,33,67,6,8,22,37,5,17,18,13,3,16,22,4,11,35,24,18,2,20,1,23,6,19,19,4,0,40,7,47,103,37,134,52,49,64,96,47,12,2,11,5,4,6,23,3,16,11,107,6,9,33,6,3,9,1,24,7,33,4,2,6,10,5,9,22,6,10,44,0,14,18,4,7,11,11,15,3,25,33,16,10,5,103,128,10,4,48,6,18,5,8,3,18,17,14,1,8,6,8,11,17,18,16,6,15,34,7,8,7,2,8,36,9,25,83,0,18,13,18,4,3,8,4,8,11,2,3,7,9,0,12,6,50,1,69,46,16,8,5,3,28,12,73,10,22,1,5,3,6,8,41,7,22,17,22,9,3,19,2,8,13,18,32,2,10,11,19,26,132,13,3,3,13,32,5,8,51,21,62,10,2,24,4,26,11,32,23,18,8,6,82,33,15,19,65,13,28,14,25,0,8,37,42,45,12,37,16,18,3,5,3,23,4,21,16,2,5,10,24,2,21,15,109,25,20,14,9,14,13,95,14,19,4,25,20,39,0,2,18,7,5,26,55,5,85,32,5,10,6,28,5,9,20,46,5,31,11,17,10,20,3,11,2,6,3,2,6,3,30,10,7,73,16,25,10,44,15,21,26,2,5,29,38,40,12,15,23,179,2,17,6,43,3,35,9,7,14,15,8,7,3,11,12,23,19,34,10,5,4,15,11,4,5,10,7,3,4,17,13,8,5,10,13,19,4,5,24,13,15,5,10,5,31,3,2,7,5,10,6,3,39,14,12,117,43,4,0,19,10,28,3,83,3,4,13,7,10,3,72,24,15,9,1,24,3,27,9,7,4,3,42,12,2,23,1,15,3,36,46,38,4,17,11,25,1,12,2,6,0,27,29,4,4,4,1,25,2,34,1,6,39,2,66,2,11,0,24,2,2,0,6,2,20,12,17,4,4,15,127,23,167,12,13,5,7,4,23,0,25,39,3,4,4,17,3,2,2,2,12,2,4,8,8,13,24,4,8,11,4,10,143,3,5,5,13,4,12,6,18,1,3,1,5,9,8,0,20,2,6,6,1,2,24,17,2,1,2,8,34,3,3,39,4,12,34,14,8,16,6,14,2,0,1,3,10,4,13,4,5,6,4,2,13,10,8,31,3,3,28,34,20,10,142,23,5,10,23,40,4,4,6,12,9,72,3,18,21,1,2,8,3,0,1,9,15,7,0,8,45,11,20,11,30,36,6,2,34,36,8,3,8,0,15,4,5,3,12,2,10,77,12,6,1,7,22,10,10,2,5,7,6,9,4,9,17,5,7,4,9,34,9,6,25,25,35,29,0,18,6,7,5,6,17,21,15,5,1,2,6,12,0,8,5,9,0,1,0,13,2,37,6,17,1,7,19,4,2,10,3,8,5,22,13,2,2,2,8,15,12,143,40,48,5,13,11,1,5,6,2,7,9,19,2,5,32,4,4,40,47,11,13,2,4,4,12,32,1,5,29,11,3,10,3,2,5,6,11,16,13,2,32,12,0,17
SRR8556989,fbm,12,13,4,0,8,23,12,45,14,15,9,7,8,27,3,0,6,115,3,4,16,26,11,7,9,13,35,11,28,4,22,19,3,112,43,15,10,6,8,6,1,6,3,0,4,3,6,1,45,13,0,41,13,16,3,3,75,56,1,1,9,26,5,4,47,73,5,3,22,21,7,55,12,9,87,6,4,30,35,9,18,2,18,19,1,2,9,9,8,9,1,10,1,15,5,10,6,5,10,2,40,4,15,7,2,4,11,120,13,11,5,10,5,0,13,14,5,54,5,7,0,6,18,21,100,14,5,0,6,20,12,0,3,18,0,8,7,1,2,11,0,4,4,1,2,0,0,4,172,10,26,0,9,1,2,55,25,20,2,3,7,3,1,0,13,184,9,0,45,7,8,0,22,127,12,1,11,6,13,2,2,7,32,13,0,15,11,69,16,43,32,2,36,0,12,8,6,29,5,9,4,10,5,7,18,6,23,1,12,2,35,8,3,2,9,4,6,744,5,12,71,15,13,9,2,99,1,7,2,75,3,29,2,27,5,28,4,3,24,6,31,5,21,19,37,3,2,6,3,5,12,5,4,7,3,0,22,110,5,5,23,13,1,0,9,11,2,34,0,7,3,5,16,24,22,21,0,44,3,13,9,6,6,0,10,36,114,47,78,55,39,60,195,40,19,3,16,4,5,6,17,9,18,15,127,6,10,44,3,3,4,7,26,5,46,4,0,9,27,17,9,7,6,2,30,2,6,10,0,9,2,10,11,5,36,71,24,0,2,54,65,9,13,19,13,53,2,9,6,3,9,5,4,3,1,4,9,11,2,15,18,9,0,3,11,13,3,13,5,0,5,57,1,7,25,35,4,1,8,1,2,21,2,2,5,5,3,14,25,18,0,12,27,14,0,3,3,13,31,88,10,34,2,3,9,6,5,53,7,24,16,12,12,2,18,3,1,4,14,24,5,17,49,25,35,51,21,2,5,42,10,15,7,55,36,52,32,2,20,4,2,23,22,20,23,0,14,137,13,20,22,56,27,48,11,23,2,6,75,15,75,14,16,12,13,1,1,6,43,6,11,15,2,4,9,9,5,24,21,63,22,3,4,10,4,2,81,12,3,4,14,6,13,1,0,15,5,0,5,55,0,100,12,2,6,2,30,0,14,5,81,1,108,5,30,12,25,5,18,0,15,4,12,11,1,5,3,3,87,14,22,13,21,23,10,12,0,2,27,28,36,7,23,7,129,0,7,3,56,0,14,22,3,4,10,2,9,6,8,25,34,24,17,7,4,14,16,4,8,4,28,5,13,13,13,12,3,14,20,5,5,22,0,9,3,16,2,16,12,12,9,4,9,21,0,20,3,60,15,26,128,18,6,35,18,22,18,2,86,1,2,26,4,2,17,62,20,0,6,3,3,2,15,5,4,6,10,28,10,3,26,2,7,13,53,23,12,1,31,9,57,9,7,0,5,6,18,25,4,3,0,2,16,2,24,4,2,13,0,98,2,5,2,20,2,4,3,3,1,9,7,31,1,3,17,54,14,131,18,13,8,3,1,24,0,15,54,16,4,3,5,5,11,6,2,4,6,6,32,6,19,26,2,2,14,1,26,170,4,3,12,10,7,6,5,5,11,5,3,7,8,4,1,36,11,1,9,11,4,9,7,3,14,3,12,20,8,3,48,0,17,25,9,5,2,10,4,1,2,2,8,6,0,13,1,2,8,5,0,32,1,20,11,3,15,23,39,9,1,2,4,16,10,18,32,0,7,9,1,0,86,0,3,13,4,0,1,0,3,1,8,27,13,1,10,40,1,15,3,41,87,8,9,33,57,7,6,3,9,5,4,5,7,4,2,4,91,12,8,2,5,33,11,9,11,4,4,5,4,6,2,30,5,4,11,17,21,2,0,5,9,28,24,2,42,3,20,2,2,12,6,4,2,0,6,8,11,0,5,6,8,8,1,11,20,9,43,6,32,3,14,11,3,2,0,1,3,3,23,9,3,4,5,6,19,9,104,34,20,7,22,9,1,1,4,0,8,7,27,5,5,40,4,10,23,22,16,7,1,12,11,34,0,3,6,25,15,1,23,8,3,3,0,9,13,20,1,40,12,0,18
SRR8556994,fbm,10,10,2,2,2,7,16,16,2,5,2,17,8,19,1,5,2,43,11,0,0,9,3,5,1,1,12,4,32,2,3,5,17,49,44,8,10,3,7,1,3,7,3,8,21,5,3,6,48,5,2,51,8,0,3,8,55,54,6,3,5,13,7,1,23,72,3,13,12,4,4,8,6,4,54,1,9,20,7,4,0,0,30,18,3,0,0,10,10,0,2,5,6,2,7,6,8,2,5,2,16,12,15,11,0,4,1,103,2,17,0,11,0,0,1,7,0,29,11,7,0,2,21,10,40,15,2,3,5,2,3,5,18,9,1,5,1,5,0,13,3,1,8,9,1,3,7,0,67,18,19,1,4,1,0,31,7,14,2,10,0,2,2,0,1,81,41,0,96,13,1,47,61,55,14,1,14,7,4,1,1,6,6,3,0,5,22,38,12,35,4,2,8,1,6,4,12,17,0,12,2,5,11,4,7,2,11,1,2,4,6,0,2,2,5,1,1,28,1,7,26,6,3,1,2,60,0,3,3,24,4,18,2,14,1,6,3,6,19,0,7,0,7,13,17,5,8,6,8,34,11,2,2,20,1,4,10,59,11,0,4,30,2,3,3,6,2,7,8,1,10,24,18,18,13,10,0,29,7,5,3,0,5,5,5,18,42,41,17,16,10,21,86,11,17,7,11,1,2,0,19,3,4,12,86,6,9,38,2,3,9,2,19,8,18,3,2,3,14,10,4,5,15,4,35,4,7,4,2,3,1,7,2,2,16,41,10,0,2,38,45,13,3,31,5,4,0,1,1,6,4,0,1,3,4,2,11,13,14,18,4,3,2,2,1,5,0,0,5,2,8,28,0,2,22,35,1,2,0,1,3,16,0,0,1,5,0,20,3,26,1,14,21,15,3,1,0,23,17,40,6,16,0,3,5,1,3,16,6,9,8,15,3,3,21,1,1,3,7,13,3,12,24,29,9,29,4,6,0,12,25,12,4,69,23,36,12,0,10,3,2,15,12,11,2,4,1,98,7,11,15,34,10,29,3,15,0,0,59,13,58,10,7,10,4,0,2,5,16,2,10,4,1,0,11,8,3,21,23,46,25,31,3,3,4,2,82,9,10,4,0,11,24,0,8,19,0,5,2,36,2,49,9,1,18,1,8,0,10,7,78,10,66,17,16,2,3,0,3,3,0,7,3,8,0,9,8,0,13,9,4,6,8,7,12,19,0,4,10,42,69,9,8,6,46,6,3,2,13,1,17,17,7,5,10,2,8,4,8,18,20,7,14,6,0,2,29,0,3,2,28,8,1,0,3,5,6,13,18,8,1,2,0,11,17,3,5,4,6,3,10,2,16,11,2,0,2,31,26,10,69,6,4,23,12,24,3,0,50,3,7,17,21,2,20,23,3,2,7,0,0,5,5,0,5,3,4,9,2,1,12,2,6,13,27,5,9,0,0,0,9,5,4,0,10,6,22,6,1,1,2,6,19,15,12,2,0,7,0,55,6,0,5,6,0,0,3,0,1,21,2,35,2,3,4,18,1,116,20,13,3,0,2,9,2,2,32,5,5,1,5,1,2,4,0,2,22,6,19,3,2,20,0,1,5,18,29,57,0,1,1,6,4,4,10,8,6,4,11,3,6,6,0,20,3,5,17,6,3,3,9,10,18,1,8,20,10,2,10,0,13,1,4,6,0,1,2,3,5,1,3,9,3,11,0,2,16,1,6,21,0,13,14,7,2,8,6,16,4,2,34,6,6,11,34,3,7,2,0,4,48,3,3,3,22,0,4,0,0,1,4,7,15,1,11,8,4,4,4,8,28,6,1,27,22,2,1,0,5,3,2,2,1,1,2,10,0,8,4,1,12,12,1,0,14,2,2,2,0,1,4,1,0,9,0,5,6,1,0,3,0,25,4,4,18,4,26,1,4,12,4,6,1,0,2,2,5,0,1,0,0,0,0,2,12,22,25,2,21,1,2,10,5,2,0,1,7,4,10,10,1,15,3,8,11,8,26,11,8,0,22,4,0,9,0,2,0,5,4,5,5,21,1,4,14,21,19,3,2,1,0,21,3,0,8,5,0,3,3,7,8,4,0,10,1,2,15,8,1,1,1
SRR8557002,fbm,15,10,1,2,4,23,6,31,10,14,7,4,8,22,0,7,4,43,5,3,10,2,6,3,7,0,12,3,16,1,7,19,3,69,7,8,9,1,3,1,2,2,1,0,9,3,6,2,43,13,7,26,7,11,5,8,47,30,6,0,0,3,14,1,18,60,0,19,10,8,16,12,3,4,45,4,3,14,19,12,18,6,19,6,2,19,1,16,16,14,3,3,1,11,9,7,8,0,5,2,16,2,14,7,6,5,2,70,10,10,16,12,2,0,10,5,1,35,13,4,0,5,15,14,52,10,4,1,2,6,3,5,6,5,1,25,3,0,3,17,1,12,2,2,0,3,4,5,71,4,7,1,6,6,1,12,8,2,5,0,2,5,1,3,14,41,8,13,33,7,6,9,20,109,4,4,4,2,5,2,5,7,0,5,0,4,7,69,9,43,8,0,18,0,15,7,5,20,10,6,1,16,6,8,24,6,10,2,2,3,5,9,6,1,15,6,4,23,0,8,57,3,8,3,3,116,1,4,4,25,4,17,2,7,4,10,1,13,7,4,12,2,8,21,23,2,3,5,2,5,25,2,4,12,3,0,17,34,5,1,4,11,2,4,8,15,0,7,8,1,22,35,9,13,11,17,2,27,4,8,12,7,2,4,2,27,66,19,91,41,42,29,82,54,47,8,15,4,7,7,14,7,8,20,70,2,18,20,0,5,8,6,17,4,29,16,4,7,27,7,3,3,5,4,13,3,11,10,0,6,5,3,10,3,28,23,13,2,0,61,34,12,6,21,8,18,3,10,4,8,1,7,2,3,1,13,1,7,3,5,13,15,3,1,1,8,1,3,3,2,9,55,2,5,7,25,3,0,6,4,3,7,0,3,1,3,2,26,10,26,8,23,25,14,9,1,62,3,29,46,4,33,0,2,4,6,2,19,2,23,3,11,1,4,12,2,1,5,14,29,6,14,34,18,5,76,9,0,8,21,5,8,4,35,16,18,19,14,5,5,11,11,28,17,12,5,12,74,17,13,25,29,8,35,6,19,0,6,33,18,54,5,27,14,6,2,2,4,13,3,15,10,2,8,3,7,0,25,9,75,31,20,6,7,5,6,27,13,13,4,5,4,11,3,2,17,4,3,18,25,0,34,39,2,6,3,24,6,9,5,62,1,27,9,6,12,3,2,6,0,22,3,0,12,3,4,3,6,25,6,7,6,11,13,17,8,1,4,15,40,41,18,17,17,60,4,23,2,8,1,21,7,7,11,4,2,5,1,7,12,30,6,14,26,4,7,9,2,3,5,8,6,15,2,7,8,3,9,11,3,4,4,7,9,6,6,4,21,5,16,6,3,9,0,7,16,2,45,26,2,60,16,3,0,5,18,9,2,53,5,9,2,0,6,18,42,8,5,3,2,3,1,51,6,2,4,4,28,2,2,3,1,8,4,81,30,20,4,13,5,12,0,14,4,3,9,12,20,3,2,3,0,13,6,8,3,2,10,2,47,2,8,2,8,3,1,0,4,3,6,2,32,0,4,4,46,2,68,10,17,5,31,2,19,2,9,47,4,1,3,3,18,4,3,3,1,3,4,10,3,5,13,8,5,10,5,17,116,1,7,1,20,1,6,4,8,3,4,2,3,6,9,0,10,2,9,18,13,3,3,4,4,8,4,5,15,6,4,13,1,9,4,4,3,8,4,8,3,1,2,2,11,3,5,0,2,4,6,6,17,7,6,18,3,2,14,2,11,5,12,7,2,6,7,37,2,7,8,4,2,53,1,11,5,5,1,3,2,6,0,7,20,6,1,6,17,1,3,6,32,32,3,5,21,28,0,8,1,22,1,0,5,2,5,1,3,9,6,9,4,3,29,3,4,5,3,6,0,2,4,2,7,8,1,0,4,20,8,11,2,8,28,5,2,21,6,6,10,0,14,6,0,3,0,6,2,5,0,1,8,6,1,2,7,13,2,7,5,14,1,5,19,1,1,6,4,3,9,18,8,9,5,2,5,8,11,36,26,12,3,9,0,2,3,3,11,1,0,4,3,5,43,0,3,21,20,10,4,0,3,9,18,3,0,0,1,7,3,8,2,0,2,0,4,9,2,0,22,4,0,2
SRR8557004,fbm,26,13,5,1,1,11,7,58,9,19,7,8,25,19,0,5,4,79,0,6,0,11,4,0,6,7,31,4,4,1,4,7,0,159,30,8,4,0,29,2,3,0,2,0,13,6,7,6,66,7,0,68,9,0,8,9,49,63,0,7,4,26,3,3,25,73,4,17,33,9,3,69,5,9,131,6,12,65,62,6,0,0,12,20,0,2,0,17,3,3,6,8,0,0,15,5,42,0,9,1,45,13,13,3,2,2,28,186,11,14,4,4,0,0,37,14,0,77,26,3,0,1,11,6,86,4,10,0,16,5,7,6,5,2,1,5,0,2,1,34,6,2,3,13,1,7,23,5,192,20,49,2,22,5,1,31,6,30,0,19,0,0,4,5,12,126,40,3,69,8,4,4,32,183,28,2,25,2,19,3,6,7,0,23,1,30,5,194,8,27,33,5,2,0,7,4,15,31,1,13,5,10,25,3,21,9,28,1,2,4,65,0,1,2,9,6,4,426,1,8,143,6,16,13,5,119,1,15,4,81,3,35,11,23,2,54,9,4,26,6,13,4,5,24,26,12,8,8,7,13,29,3,0,0,0,2,19,84,15,0,24,24,1,5,12,15,6,41,3,2,5,22,2,40,17,44,1,85,13,10,7,4,1,6,5,6,141,93,134,24,48,45,153,22,20,0,16,6,3,3,27,10,8,32,81,11,14,20,2,4,12,6,19,4,59,5,2,6,30,5,0,6,0,1,34,1,15,6,0,8,0,8,16,3,31,48,25,3,3,56,50,21,6,19,19,66,0,5,3,8,21,1,1,0,0,6,4,6,9,15,18,0,0,13,0,21,0,5,7,1,17,110,6,8,38,92,4,1,7,5,5,0,0,0,1,4,0,15,20,18,4,23,39,18,0,1,0,3,28,84,6,15,0,2,12,3,2,84,0,1,14,6,14,0,24,1,1,3,4,20,4,27,33,2,38,53,22,2,3,26,25,14,2,73,72,31,14,4,28,7,7,27,11,24,12,3,1,185,13,15,15,56,23,50,6,57,7,0,119,33,35,31,11,8,16,0,0,4,29,0,10,4,1,6,2,10,0,20,25,26,22,55,5,8,6,1,70,13,24,7,9,2,13,1,6,14,2,0,14,47,5,55,8,2,11,2,37,4,44,9,148,6,118,5,4,5,21,6,2,1,2,4,2,9,0,6,4,5,79,4,30,11,7,29,12,8,2,5,27,76,25,8,29,6,200,8,5,3,93,0,11,30,7,5,6,3,11,6,12,29,16,36,16,5,5,3,12,25,1,0,20,7,9,4,5,9,10,9,21,1,3,0,2,15,1,14,12,15,3,5,21,0,3,25,10,18,0,63,4,21,136,11,2,9,22,31,8,1,84,1,2,39,12,0,36,32,24,1,9,1,6,10,12,1,7,2,1,19,3,1,48,2,4,7,40,25,20,0,29,0,51,0,11,2,7,4,34,14,0,2,0,6,5,0,15,0,3,21,0,105,2,0,0,20,2,1,0,2,4,59,2,30,2,0,34,32,46,79,34,33,7,3,1,51,6,42,24,22,3,2,3,3,4,2,0,0,3,11,16,8,13,33,4,9,20,0,36,211,0,1,11,6,1,9,12,10,3,0,5,12,1,2,0,27,9,0,17,9,1,7,19,5,16,4,11,32,8,4,109,1,12,61,4,12,10,7,0,5,16,0,1,8,0,4,1,1,6,3,10,26,3,22,20,6,5,5,0,17,3,5,8,9,5,15,6,3,0,3,5,4,75,1,13,0,7,3,3,0,3,3,15,25,16,0,6,73,6,19,6,41,93,4,1,34,87,4,6,3,0,3,4,5,2,2,0,17,93,12,7,4,3,44,4,3,14,2,2,10,0,1,6,35,5,13,4,36,38,3,5,3,6,35,3,10,73,20,20,6,2,28,7,3,2,0,3,8,2,0,2,4,2,2,2,6,21,2,69,7,54,5,3,7,0,6,3,0,4,3,7,3,0,0,2,6,8,13,129,19,8,8,17,21,1,7,8,3,0,4,41,7,0,55,4,1,14,19,27,16,1,0,2,51,8,3,11,26,20,1,12,4,0,4,16,6,6,24,7,60,20,2,22
SRR8557006,fbm,10,3,3,1,3,24,2,53,31,17,3,2,5,14,7,5,12,72,4,3,31,19,10,11,4,3,24,4,19,7,6,12,9,67,37,8,9,3,0,0,2,0,0,2,19,6,15,3,30,17,1,11,2,15,3,15,50,52,2,3,0,6,26,1,63,60,2,13,5,7,3,10,1,8,59,4,12,20,12,4,12,6,16,2,0,0,7,23,2,11,7,16,3,3,14,3,9,9,3,2,26,0,28,4,1,5,10,58,28,11,25,5,4,0,8,9,3,28,5,7,6,12,16,23,91,8,13,4,5,6,2,0,9,6,6,5,2,0,2,16,1,1,5,2,5,3,1,8,57,10,23,1,9,4,0,5,8,6,2,10,2,5,1,3,25,112,8,0,29,5,14,0,12,77,5,3,8,0,6,1,5,0,23,5,2,10,18,42,12,38,12,4,25,2,7,6,5,46,3,8,2,27,4,6,17,14,18,6,1,4,25,6,2,2,7,1,4,53,0,2,62,9,28,12,3,63,1,2,7,25,1,6,5,15,4,15,0,9,22,13,22,4,6,22,9,3,5,8,5,3,8,6,1,18,0,9,31,46,12,4,9,35,2,4,11,8,0,7,4,3,3,12,8,12,17,14,1,24,3,8,14,9,3,4,7,33,64,32,95,36,48,45,92,43,8,8,8,5,2,3,10,3,20,10,63,10,6,18,0,3,2,31,9,8,23,4,8,8,25,5,6,14,4,13,22,2,22,23,2,9,9,4,9,5,17,39,11,2,2,60,37,7,10,12,15,19,3,7,2,8,14,10,3,3,5,2,3,10,6,7,19,6,1,10,7,1,1,9,23,4,29,42,2,4,17,19,8,2,27,0,11,4,2,0,2,1,0,16,7,64,20,20,19,11,3,4,3,20,35,45,33,11,2,8,5,2,11,19,2,33,13,18,8,3,7,1,6,14,8,21,5,6,25,23,12,70,13,3,10,25,24,11,0,41,17,49,13,0,15,5,4,15,41,21,9,7,2,55,16,13,15,38,12,42,13,21,2,15,38,13,78,10,13,9,13,0,1,5,26,1,13,19,4,9,7,12,4,10,26,60,43,17,3,13,8,14,86,7,5,9,9,24,24,2,12,28,7,0,30,76,0,60,10,2,12,1,21,8,10,11,53,1,55,6,15,8,7,6,2,4,10,2,5,0,6,3,1,0,45,8,16,14,14,13,17,17,5,2,8,23,34,10,6,5,182,3,9,9,21,2,23,12,0,4,17,11,7,1,13,12,22,22,17,20,6,3,18,9,2,6,18,3,2,5,6,13,6,7,5,8,7,20,2,3,4,4,6,13,2,8,12,0,4,12,7,5,4,26,19,6,61,20,2,16,13,20,14,2,71,0,6,16,3,0,7,33,11,0,5,3,15,0,7,6,9,7,3,50,2,0,22,0,11,10,25,7,41,4,7,6,16,2,3,4,4,8,14,26,7,3,3,1,21,9,16,1,2,21,0,45,1,20,0,9,0,2,3,11,8,4,6,45,2,0,10,47,15,163,14,16,6,3,2,18,0,20,57,3,5,7,8,1,7,9,3,1,5,2,4,7,9,15,18,3,10,1,12,102,3,6,6,5,4,9,2,5,0,6,4,3,0,13,1,12,3,3,10,9,2,4,7,4,6,1,9,27,2,2,16,5,21,13,7,2,7,8,1,2,1,3,9,4,3,5,1,5,15,2,0,11,11,13,15,5,4,17,7,11,3,6,19,2,5,2,36,6,0,9,8,6,56,3,25,3,4,0,3,0,0,1,11,14,2,0,10,27,4,6,7,16,44,2,3,5,22,4,4,3,0,12,1,4,3,2,4,1,27,10,4,1,6,23,8,6,1,1,2,5,2,5,6,14,8,4,6,5,17,0,5,16,11,15,24,6,20,2,9,5,4,11,11,0,1,2,4,6,7,0,5,8,0,0,6,8,12,2,24,13,16,1,5,26,10,7,1,6,4,8,15,12,1,4,5,10,6,13,41,31,10,5,7,11,2,6,2,2,11,2,13,1,5,21,2,5,15,29,10,6,1,1,3,14,10,3,3,24,11,4,0,8,0,3,0,3,8,5,2,18,8,4,15
SRR8557009,fbm,5,2,5,4,1,22,13,46,19,13,6,21,10,26,0,23,0,63,8,3,6,18,5,14,2,9,34,14,19,5,6,24,12,97,30,19,17,18,22,8,8,5,1,7,30,0,10,1,37,27,15,42,12,7,6,9,66,96,9,3,0,28,40,3,25,90,0,23,21,12,5,54,6,17,121,5,2,46,69,12,8,6,16,14,0,0,2,12,11,12,5,11,4,12,12,4,37,2,4,3,46,4,36,14,1,7,17,165,22,16,56,44,2,4,23,9,2,38,18,10,6,8,13,10,148,6,1,2,9,2,19,16,7,3,1,10,2,5,2,19,3,5,2,11,4,9,16,1,137,10,33,0,11,6,0,24,8,22,1,15,3,1,7,0,8,156,33,2,63,12,5,12,44,155,19,3,28,9,24,5,3,8,0,15,5,12,14,95,18,28,18,4,20,3,7,8,29,28,6,10,3,36,8,8,24,11,25,1,3,5,38,3,14,5,17,6,9,159,2,9,130,3,14,6,16,192,4,9,8,87,10,22,14,12,1,30,8,3,33,6,7,5,17,24,36,7,15,4,10,11,21,0,2,42,3,5,14,76,11,1,25,22,9,3,6,10,1,29,12,2,15,42,17,44,6,26,3,50,14,18,12,0,4,8,2,29,137,41,87,33,18,38,136,21,15,10,24,2,3,1,24,1,9,15,134,4,7,40,6,6,10,9,45,10,54,5,0,7,9,14,1,9,1,7,48,1,19,6,2,5,4,11,5,11,23,75,26,3,4,52,73,14,9,29,15,52,4,11,4,16,8,16,3,3,10,8,10,32,13,16,21,6,5,8,4,15,3,3,16,1,11,95,5,7,22,68,5,4,14,0,6,5,0,3,3,1,1,6,21,42,6,142,62,35,8,1,0,36,42,98,30,44,5,6,7,5,4,28,1,15,20,16,20,3,23,12,2,9,4,33,1,30,33,17,36,39,20,4,0,23,27,8,3,74,44,45,25,4,8,8,9,27,30,11,8,15,0,127,25,26,25,64,19,22,8,40,0,4,86,16,37,16,16,11,17,0,1,5,27,2,12,5,1,7,10,6,3,13,15,37,33,51,9,10,4,17,121,8,27,8,0,4,28,1,15,18,8,7,8,40,0,57,25,0,5,3,25,0,3,19,97,3,130,21,15,3,12,2,16,0,25,8,4,16,0,25,7,5,70,10,16,19,21,26,20,32,2,8,29,72,65,16,17,12,66,9,12,1,57,2,24,43,6,2,11,2,8,13,19,33,8,37,11,17,4,6,23,4,2,2,14,5,8,0,7,9,10,18,21,1,12,7,2,25,7,14,5,16,8,27,3,3,3,12,9,0,4,56,7,14,123,30,9,10,27,28,13,0,105,1,7,24,6,10,24,54,23,7,9,0,2,11,15,5,2,3,2,37,5,4,24,0,7,10,36,7,23,0,27,3,47,6,10,0,8,2,29,22,3,6,0,3,10,8,21,3,0,16,12,125,8,13,1,7,0,3,3,4,2,10,10,46,2,0,24,93,44,142,13,30,5,1,1,47,0,21,40,7,4,0,15,1,4,3,2,2,7,12,19,2,21,49,10,6,11,4,14,96,5,7,10,12,3,7,9,13,2,3,3,10,1,0,3,32,6,8,23,18,5,11,19,13,7,2,16,28,5,1,37,7,4,52,4,5,9,12,2,9,12,1,3,4,6,6,1,5,6,1,15,32,2,6,44,9,3,5,3,20,12,2,3,8,12,14,20,1,0,12,3,6,58,1,6,19,19,1,8,3,1,1,13,21,7,1,7,60,6,12,3,32,102,24,2,36,54,9,3,6,0,8,5,3,4,13,2,15,54,3,5,1,13,30,3,3,9,3,1,8,2,4,4,23,0,17,4,37,18,1,2,9,15,61,8,2,40,25,26,2,2,25,10,2,2,3,7,12,7,3,4,8,2,3,4,2,34,5,57,5,38,5,9,18,6,5,6,3,8,9,25,11,1,8,4,5,14,9,99,26,15,1,29,7,0,2,7,0,0,4,31,6,5,41,2,7,20,27,34,8,6,4,3,37,3,4,7,19,16,4,8,4,33,11,0,10,16,8,2,36,10,2,20
SRR8557012,fbm,15,8,10,3,2,60,5,9,19,58,11,18,8,33,0,11,0,36,6,0,0,16,0,0,3,6,25,13,15,3,3,28,18,127,21,13,8,1,11,5,4,20,0,0,12,3,4,0,77,24,5,35,5,1,6,5,72,8,3,5,0,35,24,1,23,176,4,29,10,4,2,4,8,12,93,2,22,33,23,19,2,0,13,16,0,5,3,59,2,5,1,1,6,4,7,11,12,12,2,3,52,16,31,9,0,12,4,81,40,4,9,21,2,5,6,6,1,41,14,3,0,0,23,12,84,17,5,1,7,13,29,0,9,2,0,32,2,8,0,23,10,2,2,10,1,7,17,2,114,6,6,4,5,1,0,19,8,6,5,5,1,0,2,1,3,22,32,0,39,6,33,47,68,58,7,3,3,3,3,1,9,7,0,0,4,5,7,33,7,25,0,1,6,0,7,12,18,30,1,13,4,16,64,8,13,11,34,1,1,15,5,15,6,6,13,5,17,1155,2,8,77,2,11,11,3,41,1,8,4,65,3,11,6,15,19,6,1,0,49,2,73,1,15,40,36,7,7,3,4,7,11,5,0,10,0,4,13,57,9,1,2,23,23,17,11,13,0,22,0,2,6,58,34,90,2,17,1,19,3,9,17,0,0,4,5,25,86,48,38,42,47,45,94,42,26,8,15,1,2,0,15,0,3,3,47,5,8,26,5,3,6,1,18,5,47,2,6,5,17,27,8,2,14,5,58,4,47,14,0,17,1,12,4,2,37,27,19,6,7,61,91,28,2,14,38,7,3,2,6,7,6,3,4,7,5,3,7,15,3,22,20,6,4,2,9,8,3,8,12,14,30,102,0,2,25,55,18,0,1,0,3,10,17,0,5,1,4,8,2,11,1,35,55,21,0,1,4,25,21,67,9,13,1,2,7,7,4,25,1,14,8,13,12,0,10,2,5,17,19,29,4,11,23,42,5,99,13,1,7,13,48,8,2,47,24,22,7,2,13,3,16,31,47,15,9,4,2,42,21,24,15,44,18,21,5,37,0,0,41,16,73,9,28,11,10,1,1,3,19,3,15,2,3,5,7,13,3,14,4,119,41,18,5,7,19,4,76,1,16,8,0,0,89,0,10,34,4,12,12,19,2,62,16,3,10,12,7,0,7,30,120,1,63,33,22,5,9,3,0,4,17,6,3,6,0,5,22,2,25,4,1,11,4,5,8,39,1,1,33,59,72,8,18,9,99,7,2,25,8,0,39,6,5,7,6,5,5,7,7,19,9,27,55,3,18,3,11,8,4,1,10,0,3,13,20,7,3,10,15,4,4,0,3,20,12,2,0,3,11,21,11,0,4,11,4,5,0,45,16,9,109,26,7,39,14,16,3,0,97,3,0,15,15,4,19,34,6,2,17,1,2,4,4,3,17,1,3,22,1,0,10,1,4,7,58,18,31,11,13,5,14,2,2,2,9,18,6,3,1,4,2,1,4,3,16,3,2,5,9,90,1,0,0,22,0,2,0,18,8,13,6,16,1,0,5,29,0,69,8,9,3,9,0,28,0,6,57,3,4,0,10,1,6,3,2,6,11,19,19,1,3,23,23,8,9,1,20,40,5,9,2,15,6,5,13,15,0,4,9,6,0,0,0,7,1,1,13,5,3,2,21,3,4,0,2,34,9,12,54,1,9,6,2,4,8,2,7,2,6,1,2,4,3,4,1,8,9,7,21,28,3,18,20,1,6,3,132,9,10,0,9,1,2,11,43,2,13,5,2,5,15,18,6,22,7,2,3,0,4,0,11,12,9,1,25,13,1,7,4,33,24,9,3,13,20,5,1,4,5,6,2,0,0,16,0,7,11,23,14,4,15,10,2,5,6,1,0,5,6,13,0,3,3,18,4,7,27,0,3,3,8,30,2,0,8,16,12,2,36,7,0,2,4,0,0,7,2,0,13,23,10,0,1,2,15,12,22,3,33,1,2,2,1,2,5,4,3,3,44,10,1,11,3,15,4,23,43,19,6,0,11,4,2,0,10,0,0,8,8,2,1,45,0,3,30,53,22,18,2,2,0,26,5,3,10,4,3,0,0,3,10,8,0,6,2,2,2,4,0,0,13
SRR8557013,fbm,6,25,6,2,4,9,20,19,12,14,5,7,2,8,3,3,2,53,7,6,42,19,10,21,1,1,30,11,37,0,9,7,7,44,30,16,16,5,6,10,6,7,0,6,17,3,9,2,10,26,2,15,1,10,4,10,42,56,4,2,2,13,5,1,18,71,8,5,6,2,14,28,1,12,57,2,2,10,10,7,16,9,38,0,2,8,1,11,6,9,2,6,5,10,14,7,8,11,8,2,9,6,19,10,2,10,3,35,13,7,16,9,0,2,6,7,0,21,13,9,1,5,30,13,88,10,3,5,6,4,5,0,16,9,2,15,8,4,7,25,2,3,5,6,0,3,12,8,52,4,13,2,0,2,0,0,2,17,4,2,2,3,4,1,14,78,24,2,21,5,8,0,12,49,1,3,12,5,4,2,4,5,14,9,2,2,5,38,18,23,4,5,20,5,22,10,10,58,5,4,0,34,2,0,7,11,10,1,0,4,7,14,2,1,10,4,3,12,0,1,36,4,5,5,16,48,2,3,3,25,7,2,4,7,4,11,6,9,11,3,15,6,7,21,16,0,13,3,3,10,4,5,2,15,3,6,28,54,10,3,8,14,1,8,8,9,1,16,14,2,6,9,13,9,24,4,3,21,1,5,19,13,0,4,7,31,118,26,57,27,71,20,114,38,29,3,7,0,3,4,7,3,16,2,91,1,11,13,0,1,13,1,29,10,15,4,5,3,20,15,6,4,2,3,17,0,7,25,0,6,4,9,18,1,41,40,7,1,1,45,53,18,13,32,0,13,0,9,6,8,6,8,8,0,0,2,3,19,8,5,6,12,1,4,4,3,2,5,23,5,14,18,2,3,3,71,9,7,8,2,14,0,2,2,4,0,12,9,4,38,1,14,24,12,6,8,4,33,61,29,19,32,3,7,0,6,2,11,2,23,11,18,7,7,6,3,6,7,6,25,5,10,29,7,26,56,7,1,12,5,27,1,5,25,14,26,8,6,10,7,5,8,36,18,9,3,8,46,16,14,43,32,8,38,7,7,0,11,24,22,69,6,16,21,16,1,2,6,29,2,28,24,10,4,11,11,7,22,13,65,18,58,9,3,7,10,60,5,17,5,0,19,38,1,19,14,0,5,14,29,13,49,20,3,5,1,1,7,11,6,35,4,15,22,21,8,6,0,2,2,5,6,5,1,0,7,1,10,49,2,6,12,9,5,13,21,9,5,13,13,69,14,4,9,59,5,5,4,14,2,15,5,3,5,8,8,3,4,9,13,3,10,32,15,6,6,3,0,6,0,13,7,2,2,10,6,6,1,3,11,5,8,3,16,3,11,14,13,7,18,3,7,15,14,3,13,2,33,17,11,47,39,5,1,27,8,14,0,74,2,4,2,5,0,5,44,8,0,9,0,12,0,7,0,6,5,3,24,8,6,4,2,16,5,33,12,12,1,0,0,26,4,7,8,7,8,6,28,3,1,1,3,12,5,24,4,2,51,0,25,3,2,1,7,0,4,3,2,1,12,4,21,3,0,9,33,6,83,7,7,9,3,1,9,0,9,72,10,6,1,7,5,0,1,6,1,13,3,8,1,3,21,21,3,2,1,0,34,4,8,2,7,3,6,7,10,4,10,4,4,2,8,0,28,2,4,5,11,2,7,17,5,13,2,8,16,12,5,6,3,0,8,10,8,10,5,2,0,5,0,1,16,3,4,0,2,7,2,0,18,3,15,49,4,5,11,0,10,25,5,15,2,7,6,63,1,0,8,5,5,25,0,9,24,1,0,3,0,6,0,2,3,10,2,4,12,12,6,1,15,18,5,7,23,19,6,8,5,9,8,8,0,7,2,2,7,12,11,15,1,2,13,5,4,0,7,4,8,4,6,4,14,3,10,9,15,6,5,0,6,21,22,7,0,13,4,4,6,2,18,13,0,2,2,4,2,4,2,5,17,5,0,6,2,18,5,13,7,4,0,3,8,10,2,2,0,2,4,12,9,1,1,1,6,25,11,28,33,19,6,6,2,0,2,6,3,1,3,8,2,0,9,1,7,33,29,7,2,0,0,8,7,6,2,5,5,11,1,3,2,3,2,0,4,26,4,0,10,4,3,3
SRR8557016,fbm,11,11,5,3,1,16,6,20,9,41,2,3,5,19,3,2,2,58,4,3,19,21,9,10,2,2,43,23,13,26,8,4,3,127,23,3,6,1,6,4,3,1,3,2,10,4,32,5,41,25,7,35,4,7,5,19,48,56,3,4,2,19,7,2,36,122,4,19,15,8,12,7,6,11,73,4,5,18,29,7,8,1,31,4,0,6,5,22,6,17,4,5,4,0,9,4,20,11,11,6,32,11,9,2,6,6,9,91,15,47,32,7,0,3,11,9,4,78,15,8,1,4,30,8,106,10,4,0,3,17,13,3,7,7,1,13,1,6,1,56,3,1,4,3,3,22,5,0,146,6,6,0,9,4,0,9,21,6,5,2,2,1,2,0,2,103,48,1,71,5,10,4,20,115,10,3,14,3,10,6,8,3,4,13,1,9,4,42,6,47,7,5,24,1,21,11,8,28,4,31,7,33,7,11,22,9,23,8,2,1,4,8,12,4,21,7,8,40,3,19,64,17,11,9,5,111,2,9,7,53,3,18,9,29,3,11,4,6,18,5,15,0,19,22,18,5,8,11,5,11,14,5,2,33,3,13,6,31,12,2,19,42,5,8,8,16,1,25,4,5,4,36,14,25,12,13,1,65,7,7,20,8,2,16,2,16,63,40,83,38,31,48,142,25,23,7,18,3,5,2,16,6,9,27,97,6,14,81,0,3,4,2,35,8,44,5,16,5,18,9,10,10,3,7,40,3,11,9,4,14,3,6,0,5,34,55,13,4,2,104,126,22,4,8,20,23,7,7,5,7,6,8,5,2,2,2,7,15,9,15,7,3,4,11,1,7,0,6,31,6,30,68,6,5,34,48,3,2,13,6,11,4,0,6,1,1,2,22,7,32,2,37,28,23,8,3,3,26,53,110,10,20,1,4,2,3,16,23,0,18,4,12,4,2,19,10,2,13,10,22,3,15,87,17,16,86,13,5,5,43,21,11,3,103,31,24,27,2,19,10,6,22,37,18,9,3,1,98,21,14,32,57,20,51,10,36,0,2,114,25,28,18,27,10,17,1,4,3,38,9,12,7,2,1,4,20,3,13,38,97,58,46,14,11,1,4,89,7,8,10,3,18,58,6,13,36,2,3,8,41,3,79,18,2,3,5,18,17,12,11,102,3,32,30,13,6,16,4,2,3,5,2,0,3,4,17,13,5,35,5,15,27,8,17,22,12,12,14,27,74,49,14,14,20,104,8,6,8,30,7,29,4,2,6,2,11,6,6,27,22,17,16,37,8,8,3,6,4,1,2,9,4,6,5,3,12,5,21,30,5,10,8,3,12,25,8,14,11,9,22,4,3,6,8,10,6,4,64,16,26,93,21,6,9,32,39,8,3,86,7,0,5,1,0,18,48,21,3,9,5,12,0,27,4,8,14,1,24,8,3,19,1,4,6,65,5,20,3,14,5,45,9,5,0,12,13,34,28,2,4,6,7,10,2,32,3,2,13,2,62,4,3,7,15,0,3,5,6,12,15,4,38,0,0,17,53,19,96,23,45,14,3,0,22,0,13,33,4,3,1,4,5,5,3,2,4,10,11,8,0,10,34,5,4,12,7,10,153,5,9,5,2,2,10,7,10,4,2,3,9,3,2,5,14,2,7,19,15,1,8,14,2,8,3,8,27,8,3,19,3,16,11,9,3,3,14,11,5,6,3,6,9,2,5,0,0,9,4,10,21,2,12,25,9,4,28,9,16,8,6,16,6,3,13,11,1,13,3,4,3,13,6,16,3,9,0,5,2,4,1,49,23,9,2,8,21,4,5,8,48,84,11,2,25,28,7,12,7,3,0,3,7,6,2,2,4,42,2,10,4,10,32,4,6,1,6,2,2,0,9,0,22,3,4,0,9,32,0,8,2,11,31,5,25,25,6,15,6,4,30,15,2,1,0,6,5,3,0,8,5,5,3,2,3,8,4,24,4,75,3,7,31,5,5,6,2,5,4,15,11,1,3,2,9,12,4,96,14,14,2,22,13,3,7,2,2,0,3,26,17,21,23,2,3,26,21,34,10,1,2,2,31,0,4,15,27,9,8,5,4,8,10,10,19,9,6,6,22,9,6,4
SRR8557018,fbm,15,15,7,12,3,35,12,46,25,31,16,15,11,13,7,15,10,88,5,14,26,15,4,6,6,0,16,14,14,3,13,21,7,76,50,17,5,11,4,3,3,8,1,7,16,3,32,0,29,10,10,13,2,6,5,12,55,21,6,4,2,10,11,3,26,91,0,24,13,18,14,9,4,17,126,4,10,41,23,24,35,3,31,6,0,0,3,57,22,30,9,7,4,5,14,10,15,7,8,2,28,11,42,15,9,6,7,59,43,20,5,30,0,4,10,16,3,30,18,6,5,6,15,26,66,8,4,3,6,13,5,2,10,3,1,22,9,3,6,52,10,2,4,12,5,7,11,6,136,12,24,1,5,11,2,5,15,18,5,4,2,3,2,2,8,56,19,4,37,9,6,0,18,96,10,7,27,12,13,3,13,3,49,7,4,6,5,34,4,14,7,0,13,7,18,19,15,38,10,6,1,13,36,3,16,5,15,4,1,2,9,37,5,2,34,6,14,160,2,4,103,10,14,5,3,101,2,14,13,51,10,11,7,16,8,14,10,11,30,13,10,7,10,54,22,18,10,11,3,5,13,5,3,11,3,16,22,50,7,5,8,42,5,6,9,10,3,31,7,0,5,43,36,40,21,10,4,58,10,2,26,4,1,12,4,53,99,37,65,73,41,43,126,42,12,10,19,3,8,3,10,4,19,13,78,4,19,36,6,0,4,12,28,9,45,3,7,6,21,18,14,8,7,6,36,3,36,16,6,11,9,13,15,5,32,67,7,6,3,67,84,17,10,19,9,11,9,13,7,20,14,5,12,1,6,7,8,15,4,34,9,12,5,3,2,10,6,13,17,3,18,62,2,8,12,31,7,3,10,2,2,3,4,3,6,5,2,7,10,26,5,43,31,19,14,4,2,33,18,76,23,18,8,11,10,7,6,17,13,22,21,10,4,2,29,3,6,19,15,35,3,19,24,5,15,115,13,1,14,19,72,6,2,69,17,38,10,2,18,11,17,33,45,53,6,8,3,54,24,15,20,44,20,67,9,41,0,10,47,27,75,7,34,14,13,7,2,2,41,2,17,21,3,7,10,13,4,16,19,78,25,25,11,5,13,21,74,9,15,6,0,6,23,1,25,16,3,14,25,38,3,55,11,9,10,5,12,1,10,19,37,3,52,21,31,26,13,6,6,9,6,6,4,2,0,25,16,6,19,9,14,20,19,16,11,24,8,8,43,40,39,12,9,40,89,5,5,8,36,0,23,11,13,11,21,2,5,7,19,18,30,23,57,11,5,6,29,9,3,5,12,7,4,5,8,24,6,9,17,3,5,8,3,17,20,4,11,6,2,14,22,6,5,14,0,15,6,39,5,5,77,31,14,8,29,12,18,0,92,3,12,16,10,0,15,69,16,8,12,1,5,6,20,1,10,3,1,47,9,1,24,0,30,4,71,17,33,2,7,6,30,10,15,4,10,13,14,35,3,9,9,3,18,17,26,0,7,17,2,39,7,5,6,20,7,2,7,9,5,31,3,22,1,2,14,86,7,190,12,12,8,7,1,17,0,13,38,10,4,0,16,11,8,7,3,1,2,8,7,7,12,19,11,4,8,4,10,58,1,4,4,15,7,6,8,20,6,4,2,7,0,4,9,29,4,10,4,9,1,17,34,4,6,2,5,30,9,2,34,14,8,7,6,6,18,8,1,5,3,0,2,15,3,7,2,1,4,10,8,13,14,12,43,25,6,19,22,36,17,12,15,4,9,19,32,3,4,5,4,6,27,13,42,9,10,6,2,0,1,2,12,24,9,1,3,18,11,4,6,33,52,14,14,37,32,7,11,8,3,9,4,5,3,5,0,10,28,12,6,2,4,15,9,6,0,7,3,12,3,7,3,14,13,6,7,8,19,7,17,5,32,19,8,3,17,12,16,8,22,11,15,5,7,3,11,3,7,4,12,15,6,3,5,4,10,7,27,19,44,3,0,27,5,7,6,3,3,8,12,13,5,3,8,11,39,14,45,44,24,7,13,8,0,6,2,2,10,3,27,9,1,22,1,2,39,37,20,11,1,2,3,11,19,5,10,5,8,3,10,5,10,11,0,10,11,8,1,12,8,3,5
SRR8557019,fbm,18,14,2,0,5,13,3,2,10,10,14,0,15,16,2,6,4,39,2,0,13,14,8,16,1,6,2,0,24,0,15,15,0,22,28,0,4,4,7,0,0,2,2,11,8,2,33,2,28,28,1,33,9,22,10,6,22,0,2,1,2,15,31,1,35,104,9,7,10,4,5,4,4,0,74,0,5,12,0,14,14,0,33,14,2,0,9,29,14,10,2,18,4,0,25,3,18,6,4,1,26,12,12,4,2,1,0,30,6,17,14,8,0,0,0,17,2,23,10,6,4,0,22,18,52,2,6,1,3,3,5,5,5,11,5,21,4,8,7,2,2,1,6,1,6,9,4,11,59,3,0,4,10,0,3,26,2,2,5,0,0,0,2,3,1,73,17,1,20,2,1,0,34,29,23,2,0,9,3,4,9,0,4,0,2,4,16,50,32,27,2,5,44,1,15,5,16,8,8,8,2,3,0,1,9,12,17,1,2,1,12,0,10,5,4,2,6,24,0,15,5,8,8,5,3,35,1,3,6,29,3,10,5,18,3,0,0,3,3,2,19,5,6,19,50,5,3,5,3,26,12,9,10,20,5,8,16,75,8,4,4,16,8,5,10,7,1,1,14,3,5,15,19,7,10,19,2,19,1,2,15,0,1,7,5,38,34,46,43,15,37,48,82,21,13,12,9,1,3,4,6,9,14,15,41,4,14,15,4,0,4,2,10,3,3,12,4,6,19,3,7,4,1,1,23,8,18,12,8,4,3,0,11,2,15,11,6,2,2,99,70,4,0,11,19,7,3,10,7,14,7,6,3,11,5,2,15,11,10,14,14,6,4,4,10,3,5,9,12,2,12,29,0,8,13,49,3,1,7,1,2,12,6,3,1,7,0,21,9,34,2,20,15,18,6,1,5,8,59,66,26,35,5,0,0,2,5,10,1,18,8,12,2,9,9,3,0,4,12,37,12,4,29,17,0,49,6,5,26,38,17,6,2,25,29,24,16,9,25,1,11,13,21,13,11,8,1,58,13,15,34,27,7,34,7,11,3,13,33,5,80,7,4,21,6,14,0,4,32,1,27,0,1,9,6,14,0,34,19,85,74,9,3,5,1,11,49,13,3,5,16,7,29,0,0,18,11,5,6,71,8,72,46,4,5,3,7,6,0,14,42,0,27,7,13,39,3,8,26,0,5,4,5,9,10,5,5,2,50,5,3,24,11,3,18,32,3,4,13,97,61,8,26,8,82,1,2,4,4,4,26,7,5,4,19,0,9,2,4,13,28,2,28,22,3,4,5,0,8,3,7,3,9,5,6,8,4,15,17,9,8,0,5,16,5,3,3,6,8,2,10,2,8,10,2,10,3,50,35,6,57,16,12,0,5,17,18,0,52,2,10,6,0,0,14,24,1,1,7,0,3,1,18,6,6,0,5,41,3,4,1,3,18,2,41,18,20,4,25,6,5,2,6,2,0,10,17,38,3,0,0,2,22,2,12,1,0,20,0,75,1,3,2,9,7,4,0,5,3,0,0,16,7,10,0,35,0,143,16,15,0,8,1,42,2,9,28,5,5,3,2,2,5,8,2,4,0,3,9,13,0,4,13,4,6,4,32,47,1,6,0,11,3,4,3,5,2,10,0,0,2,0,1,8,1,0,23,10,3,20,13,13,8,2,8,10,11,1,20,0,17,14,3,4,12,3,1,2,0,0,3,3,0,11,1,0,8,16,0,24,7,18,8,2,5,33,31,0,5,10,17,6,4,8,28,3,16,9,3,1,13,0,15,5,4,0,6,5,7,0,11,26,9,3,42,1,4,0,2,3,27,0,2,8,10,3,5,10,5,5,2,13,5,1,0,0,0,11,8,10,4,34,6,3,8,5,7,10,2,7,0,9,6,4,6,0,31,5,11,5,3,11,17,0,18,5,12,2,0,11,17,0,9,2,2,8,2,4,4,6,6,1,11,3,8,2,0,3,58,1,9,13,0,6,3,2,0,10,23,22,1,0,2,0,13,13,21,33,18,0,11,0,0,6,1,0,0,0,5,0,0,20,0,2,16,14,30,0,2,0,6,14,6,1,2,5,0,11,15,7,0,5,7,0,10,2,5,0,0,7,0
SRR8557020,fbm,8,8,7,4,1,23,13,36,13,10,14,9,5,13,1,7,10,57,5,3,16,18,4,12,5,1,29,10,30,7,9,5,9,95,32,8,31,11,1,10,4,7,5,11,19,4,7,1,39,28,13,18,9,12,5,19,50,57,12,5,4,10,5,0,21,61,5,16,12,3,5,15,3,4,104,3,9,30,28,17,10,7,12,3,2,2,8,24,5,24,0,16,4,12,24,4,13,22,3,4,24,4,19,8,1,12,17,43,2,26,36,8,4,2,17,16,1,27,10,15,3,5,19,8,113,8,7,9,5,5,12,8,18,11,2,31,1,7,3,27,1,1,6,6,2,8,5,8,72,9,11,4,8,2,0,7,7,6,5,3,5,0,1,5,11,138,40,1,44,9,12,82,20,67,2,3,11,8,13,6,4,3,0,19,4,8,39,55,35,50,16,8,12,3,5,10,5,16,3,11,2,16,5,3,20,11,13,3,2,7,13,6,7,1,23,11,3,215,0,12,82,12,6,7,6,101,2,4,1,52,2,16,7,24,2,16,4,7,33,5,16,4,3,16,13,3,9,12,5,15,17,8,4,26,0,4,44,83,9,2,16,40,6,8,8,8,3,19,4,2,6,29,23,25,17,8,2,29,5,15,9,0,3,13,5,24,76,33,103,27,40,37,100,37,18,5,16,4,2,1,18,8,10,15,127,10,12,26,2,0,6,13,8,9,51,7,14,5,27,13,7,6,7,5,31,1,7,20,4,7,7,6,10,3,35,53,10,3,3,48,64,7,6,35,8,34,3,3,4,13,6,8,4,4,4,5,2,4,9,7,4,12,11,9,4,7,1,3,5,2,17,44,9,5,20,29,11,3,9,2,2,6,6,2,3,4,6,9,17,27,2,22,36,35,18,3,4,41,49,56,4,61,3,1,2,4,12,23,4,18,11,22,12,2,17,3,2,8,9,11,10,25,32,37,22,53,10,5,18,28,26,11,0,77,17,35,22,2,37,9,9,22,38,25,11,5,11,59,30,15,40,68,17,51,6,32,0,8,61,11,91,13,18,16,5,0,1,9,22,2,16,11,4,6,12,9,0,22,20,71,35,51,10,5,7,7,51,22,24,3,12,16,16,1,4,20,3,9,16,85,0,35,29,2,20,2,29,6,22,11,88,1,46,16,7,10,18,6,5,2,8,2,7,4,1,13,4,3,46,12,24,17,20,21,14,14,9,10,43,55,89,6,7,9,72,3,5,2,52,1,24,11,9,9,6,11,5,3,22,8,15,27,9,11,8,0,16,4,4,1,37,8,10,5,14,14,0,12,13,6,3,8,14,12,7,6,11,14,8,17,17,2,4,15,5,20,0,44,27,13,94,26,4,10,15,12,20,0,96,0,5,16,11,4,9,69,8,5,10,0,7,2,9,6,5,10,1,55,4,2,20,10,3,12,67,3,32,9,7,14,41,3,12,7,9,17,4,47,4,1,0,5,14,5,19,3,2,12,6,46,5,4,5,10,3,4,23,5,14,7,2,23,2,4,15,52,16,107,21,20,9,8,3,46,0,17,52,10,3,7,2,11,8,9,4,3,19,7,5,0,10,24,16,2,4,1,10,119,9,14,5,5,1,5,8,9,4,3,5,2,10,8,2,14,7,0,10,6,2,6,20,9,5,4,5,37,8,5,18,3,0,14,5,3,7,10,5,3,0,1,0,7,0,1,0,4,11,0,6,13,2,8,23,13,4,26,12,7,5,17,6,1,10,7,32,3,13,5,3,4,59,8,14,13,4,0,7,0,0,1,20,33,3,2,8,33,5,13,7,29,65,10,1,44,27,0,8,2,15,6,1,5,5,3,0,1,58,8,5,5,3,19,10,5,4,1,7,0,2,4,9,20,11,10,6,14,27,4,8,11,8,9,11,5,38,8,6,7,0,7,15,4,0,0,4,3,5,2,11,4,0,0,0,5,10,2,33,4,32,5,3,37,7,2,2,0,9,9,10,20,5,2,3,5,7,12,94,24,25,1,6,6,4,5,9,0,20,5,12,6,6,34,2,7,20,22,11,9,1,0,12,22,6,9,4,10,7,4,10,0,3,2,2,9,17,5,2,22,6,3,19
SRR8557022,fbm,10,11,7,1,1,29,12,95,20,45,5,13,1,11,1,1,0,103,2,3,19,18,3,7,9,5,28,40,32,7,2,15,3,240,23,3,18,4,6,4,2,5,1,4,29,0,21,6,94,11,7,36,0,6,0,15,60,144,3,3,6,13,4,2,34,60,0,8,38,6,3,17,4,15,113,7,12,47,58,14,8,3,24,1,2,0,5,14,5,13,3,6,1,16,24,5,37,7,2,2,73,4,9,6,3,7,29,110,20,44,58,23,2,4,34,2,1,18,18,11,6,10,14,5,198,6,6,3,9,9,13,2,4,6,0,17,1,4,0,103,2,4,2,2,2,38,14,4,131,2,82,1,12,4,8,0,35,45,4,3,5,4,7,7,10,239,69,1,28,8,0,0,58,121,7,2,12,3,23,3,3,7,4,27,3,23,21,77,22,41,29,10,9,0,9,2,5,28,5,15,3,35,19,10,17,16,25,1,0,3,28,0,28,2,17,1,6,463,1,9,206,10,28,11,4,158,2,2,5,67,4,31,0,23,4,45,4,3,35,3,9,1,15,8,9,8,15,9,7,11,23,2,1,49,4,2,8,55,24,3,28,99,7,6,28,10,0,42,13,10,9,87,11,40,43,4,1,51,18,21,7,0,0,12,1,14,147,39,174,48,22,59,150,33,15,5,10,6,4,7,20,8,5,32,203,8,3,26,2,1,3,2,27,7,106,1,23,5,30,3,0,11,3,11,38,3,22,0,4,3,0,18,8,1,21,50,5,2,2,22,95,27,18,35,16,37,2,1,1,5,14,5,5,3,1,7,6,15,9,24,3,6,5,22,2,17,7,16,4,1,16,123,2,7,30,16,0,2,9,11,12,5,4,3,2,5,1,17,19,21,8,26,77,62,3,0,4,13,48,109,14,47,2,5,8,2,26,38,0,12,17,6,8,4,34,14,1,11,8,18,1,38,37,14,69,28,18,3,9,87,31,14,2,98,40,21,26,2,23,8,4,27,28,30,7,0,0,98,26,22,9,69,36,75,3,72,2,4,226,7,23,28,14,5,22,0,1,5,25,2,9,2,3,1,13,4,7,8,32,56,60,51,11,2,4,0,63,7,30,8,5,10,15,2,15,20,4,3,20,21,6,19,15,3,9,1,29,5,44,9,110,4,47,32,13,15,15,0,5,2,2,11,4,0,2,15,4,6,153,7,53,37,14,35,31,14,3,13,28,70,28,10,5,4,59,8,7,7,71,4,17,31,20,7,2,0,0,12,43,21,19,57,16,10,7,3,2,23,0,1,15,4,4,4,4,4,7,27,37,4,8,8,0,34,12,26,7,15,7,49,11,4,11,17,5,9,4,58,21,28,139,38,9,8,25,49,19,1,119,0,3,31,23,0,24,52,33,0,1,1,3,9,20,3,5,3,2,27,5,1,34,0,8,7,44,9,18,0,5,5,65,1,7,3,14,3,26,12,4,4,15,2,18,19,15,2,3,12,0,96,5,7,3,6,4,1,3,0,0,65,11,60,1,7,31,46,27,37,29,58,10,5,3,62,0,37,23,9,3,0,3,6,4,1,3,1,2,8,1,1,27,53,7,1,9,7,3,217,3,5,12,4,4,1,12,6,2,3,5,8,2,2,1,12,9,27,13,31,5,1,4,8,11,5,7,62,0,2,89,1,12,28,2,6,2,1,17,3,4,9,2,1,20,1,0,1,3,3,2,1,0,0,20,2,4,8,7,15,1,4,5,24,13,10,33,0,6,15,6,4,75,5,16,5,10,3,2,2,3,3,38,32,15,2,5,65,5,20,12,70,97,14,0,27,114,3,5,1,0,0,1,3,4,5,0,11,106,9,0,5,0,43,1,0,0,4,0,5,2,4,10,13,0,11,6,19,45,1,11,19,3,27,0,30,40,23,6,7,5,36,4,0,0,1,3,5,4,0,3,3,0,2,2,8,15,7,79,0,84,1,1,6,1,4,1,0,2,5,5,10,1,6,2,14,6,0,141,19,6,8,29,12,5,11,0,0,26,3,41,32,1,74,6,5,12,14,21,22,1,2,0,27,3,3,8,34,12,2,8,0,0,12,0,37,14,19,3,47,30,0,5
SRR8557023,fbm,9,11,7,7,5,15,23,11,10,31,2,9,2,14,1,2,6,59,11,4,16,18,12,10,5,1,18,13,66,2,8,14,35,105,32,3,34,6,12,5,4,22,2,10,31,2,12,5,53,12,8,94,4,1,2,5,31,65,25,4,4,23,11,1,28,72,2,26,14,4,3,6,7,8,90,1,11,23,19,19,10,0,23,2,0,0,6,47,5,4,3,5,12,1,25,12,7,9,8,1,14,36,39,8,2,5,3,63,15,23,12,22,3,9,8,19,1,32,13,5,0,3,23,13,75,4,4,8,13,11,3,3,36,17,2,12,6,6,1,38,2,1,4,16,3,7,2,3,97,7,7,2,5,2,2,5,10,7,1,0,2,0,2,3,5,34,41,1,26,13,17,0,45,74,11,4,5,5,12,0,5,9,6,3,0,5,55,29,36,18,3,4,20,2,6,8,17,52,4,10,5,10,8,3,9,9,13,4,1,11,3,0,5,5,24,0,6,64,3,10,84,7,16,13,10,70,2,3,4,39,8,18,5,12,9,14,6,10,43,5,40,3,8,34,13,3,8,6,14,15,6,2,1,17,1,2,28,69,10,3,10,30,12,5,28,6,3,16,15,0,30,14,36,14,10,5,2,23,5,4,11,2,4,24,3,46,115,26,74,14,64,53,114,27,41,6,14,2,8,5,11,2,12,19,116,3,6,59,7,5,6,2,38,15,29,3,16,4,25,9,7,4,24,6,23,3,25,16,2,7,6,23,21,4,42,49,15,6,2,42,90,43,4,74,9,20,0,6,4,13,9,8,6,1,0,10,7,17,13,8,11,3,5,5,0,13,1,8,31,1,12,38,1,7,30,53,2,1,7,5,11,3,4,2,2,8,4,44,6,32,2,22,29,26,3,1,5,82,38,52,25,34,4,3,7,2,15,20,9,12,21,21,9,4,19,7,3,20,13,14,4,17,18,58,10,81,7,10,8,22,30,11,5,103,17,26,16,6,9,3,5,24,38,21,13,2,3,36,15,15,30,50,8,43,8,9,0,2,35,6,93,13,20,22,8,2,3,7,23,1,12,2,3,7,26,18,9,13,7,145,56,33,13,5,11,1,119,25,27,5,0,13,8,2,8,11,3,5,18,53,2,64,15,7,23,2,10,7,27,22,161,7,26,17,12,25,2,7,5,6,0,6,9,4,2,10,2,9,17,9,5,22,21,7,24,29,4,4,9,26,240,12,7,16,116,5,5,4,13,2,24,12,1,19,23,16,2,2,6,17,6,12,11,5,4,3,2,0,0,2,48,4,2,2,11,12,6,15,15,6,9,0,10,29,3,2,10,7,8,16,19,0,18,8,6,10,4,25,58,8,108,35,7,8,18,15,16,1,73,2,15,12,22,10,6,54,2,6,11,0,2,6,16,3,10,3,4,30,15,3,14,0,4,21,46,12,16,2,3,0,18,8,12,0,9,11,10,24,9,1,1,2,16,9,21,2,0,11,0,47,14,4,0,8,0,3,3,3,6,10,12,25,4,4,3,49,4,110,43,21,5,0,3,22,2,11,51,13,0,2,6,9,2,4,5,2,32,6,5,5,3,20,7,2,9,6,12,51,1,13,2,7,5,3,2,28,1,1,33,7,1,0,2,12,5,5,51,22,4,7,12,10,17,3,9,21,19,3,7,4,8,7,7,6,10,3,9,6,3,1,0,4,5,18,3,0,19,14,4,19,1,22,38,6,4,13,0,10,14,3,22,4,9,5,47,3,0,12,3,7,84,5,21,11,2,0,3,3,5,1,13,18,5,9,14,8,5,12,10,15,40,8,2,9,14,3,5,2,9,4,0,10,3,3,2,2,10,10,4,6,3,19,1,9,0,2,0,3,2,13,10,7,3,5,0,7,8,1,8,14,26,31,3,5,27,1,19,1,5,15,10,14,10,2,2,7,5,0,4,11,6,4,3,9,23,32,16,0,72,6,4,8,5,10,4,3,3,9,10,13,4,1,9,16,12,14,92,17,18,0,20,8,3,3,2,3,0,9,7,7,0,26,1,12,26,22,19,3,0,4,3,13,4,1,5,7,3,9,3,8,3,2,2,8,59,5,8,7,1,1,1
SRR8557025,fbm,6,21,2,3,3,19,12,19,13,5,7,0,12,13,13,7,2,71,4,3,27,16,5,8,3,3,9,0,18,4,7,19,0,33,37,0,5,7,9,2,0,1,3,10,13,5,10,8,32,32,7,13,10,6,15,28,50,24,5,0,2,5,9,1,19,119,1,35,14,6,9,16,5,1,63,5,4,26,15,10,18,6,8,7,0,3,1,39,21,29,3,5,3,16,6,7,6,8,8,2,33,8,35,11,8,3,5,43,8,2,9,6,9,2,9,16,1,43,19,15,3,9,12,15,127,4,12,2,0,7,11,8,10,3,2,19,1,2,2,6,1,3,4,11,7,1,0,3,65,9,18,1,10,7,2,25,6,5,6,0,2,2,3,2,18,30,28,0,26,15,7,8,22,112,14,7,11,2,9,0,11,2,4,9,1,13,14,72,27,40,14,6,12,1,16,16,8,8,11,13,4,28,6,6,21,2,11,9,2,7,5,3,18,6,22,5,9,430,6,8,42,7,22,6,8,78,2,3,5,40,7,14,9,29,7,20,1,0,7,3,21,5,5,30,32,7,1,5,7,5,33,4,3,16,8,14,24,63,6,4,16,19,3,5,7,10,3,8,8,10,3,62,21,22,24,23,5,28,2,3,11,11,7,7,1,20,74,43,74,33,40,60,80,68,18,0,11,4,8,2,12,6,22,15,42,1,7,27,5,0,11,14,17,8,22,5,8,6,10,13,6,10,0,6,17,3,9,30,0,6,3,0,6,3,50,28,10,4,1,70,55,9,6,14,7,25,2,11,4,12,7,13,11,2,2,2,9,13,13,10,22,6,2,5,1,5,0,2,20,2,17,38,6,2,23,34,4,5,14,0,13,12,0,0,6,3,0,16,11,50,3,30,14,23,3,3,8,29,10,42,11,41,2,5,5,5,7,40,2,32,26,26,1,4,17,5,4,5,9,44,7,10,25,12,17,117,15,6,3,23,15,20,0,34,22,58,32,5,18,5,13,18,45,34,8,15,3,129,14,11,20,42,9,56,12,17,5,9,32,23,66,11,23,13,9,1,4,3,24,4,16,7,4,7,11,15,6,19,37,92,38,15,9,20,13,19,62,6,12,4,0,19,16,0,4,27,5,3,13,51,0,66,28,8,2,4,48,3,17,6,76,7,6,2,25,19,14,7,3,0,5,1,15,10,0,28,7,3,37,15,11,24,17,11,21,13,1,1,22,69,21,6,21,34,116,2,7,1,24,0,28,2,4,3,6,5,10,1,4,15,29,19,47,7,1,6,7,0,0,2,16,12,13,5,16,16,1,10,18,6,17,20,0,14,11,10,4,15,0,17,16,4,7,5,0,26,3,38,13,8,92,19,11,31,7,24,16,2,66,3,6,19,2,0,11,48,13,13,2,0,3,0,8,1,11,5,3,32,2,1,17,1,4,4,85,5,32,5,10,7,20,8,14,2,1,14,15,6,4,3,13,7,15,2,24,0,1,11,0,59,3,4,0,21,0,3,0,3,4,2,4,21,5,3,11,60,15,140,11,14,7,1,0,33,0,23,55,17,4,2,6,3,5,7,1,14,0,8,15,6,12,14,8,2,9,13,16,67,2,10,3,9,8,13,2,7,2,11,1,5,2,6,1,11,4,7,11,3,2,19,16,10,3,2,17,25,3,2,24,5,13,22,5,5,9,4,4,8,0,0,2,5,34,8,2,1,5,13,18,30,12,13,30,3,2,8,0,8,2,20,16,2,1,12,30,6,0,3,8,6,16,3,26,29,6,0,7,2,6,1,7,21,0,2,13,27,13,9,2,18,52,4,8,18,12,9,2,8,3,12,9,13,6,2,4,0,37,24,21,3,12,12,9,4,11,4,1,10,0,3,3,10,14,7,4,0,48,3,8,10,18,11,10,0,27,3,17,0,0,12,8,4,5,4,8,10,5,6,5,13,6,1,2,2,25,6,8,9,57,6,6,20,4,12,2,2,5,4,12,10,2,0,1,10,12,12,93,34,22,2,18,3,1,8,3,2,0,4,21,0,3,19,1,8,22,19,19,6,1,0,7,30,7,5,6,6,7,7,21,0,0,1,0,0,12,10,7,20,3,13,8
SRR8557026,fbm,45,8,2,0,0,42,24,56,13,86,5,26,6,15,2,2,0,26,5,2,13,13,5,3,2,12,76,26,10,9,2,7,11,41,50,0,10,4,7,9,3,1,10,0,33,2,18,10,47,6,20,66,14,0,8,13,32,26,2,1,0,25,3,2,32,64,0,20,46,10,8,0,21,38,87,0,24,36,32,11,10,0,54,8,3,2,0,23,5,5,4,1,2,0,9,21,4,2,10,2,40,6,12,5,1,1,3,153,27,13,12,34,2,0,0,8,1,99,8,10,0,1,7,12,110,6,0,4,19,17,0,2,7,2,0,12,2,1,0,32,1,1,3,16,0,2,13,1,152,7,24,1,7,6,1,39,10,2,1,2,2,0,2,2,3,42,9,0,116,6,8,0,40,108,17,3,2,14,4,5,7,13,0,0,0,18,4,40,7,57,0,5,20,0,15,6,25,22,5,15,8,42,27,11,11,4,26,8,3,3,0,6,1,1,23,5,3,54,5,12,98,8,22,21,5,81,1,16,4,100,8,34,2,32,5,12,17,4,55,4,10,0,19,9,36,2,24,1,7,6,14,0,2,8,0,5,3,38,10,2,1,39,4,1,20,21,3,10,6,3,19,5,6,24,8,24,1,66,21,11,11,4,2,8,1,11,32,33,68,19,38,10,189,20,35,2,11,3,6,2,37,4,7,39,100,8,14,112,2,8,2,2,23,1,21,9,2,4,24,5,1,0,10,6,26,1,17,20,4,16,3,31,5,3,28,72,47,6,5,41,78,18,26,20,14,18,0,8,7,8,5,5,10,2,3,1,4,28,6,29,32,12,4,4,2,25,2,0,9,0,14,93,2,7,23,38,10,2,5,1,5,28,0,0,0,2,0,30,1,20,0,6,62,39,3,8,0,15,44,89,6,33,3,7,0,3,6,22,3,6,11,6,2,0,30,17,0,2,14,28,2,64,52,28,16,59,13,3,0,27,16,21,0,79,67,26,11,0,9,7,1,22,13,24,13,5,16,93,16,12,12,28,8,63,2,49,2,0,89,12,46,26,12,8,15,1,2,1,11,3,6,2,1,2,7,3,0,10,10,49,39,14,11,8,9,1,162,5,13,34,0,23,7,3,11,14,0,0,14,30,2,33,12,6,2,3,5,0,2,7,114,3,56,37,8,3,2,8,3,2,0,6,0,8,1,21,3,12,35,2,11,12,27,4,21,11,1,20,14,63,49,20,18,9,33,2,7,0,3,0,19,2,3,25,8,5,3,19,26,49,30,12,50,11,2,5,23,13,7,3,25,5,11,9,17,6,1,11,29,12,8,5,2,7,3,4,8,21,26,16,10,0,9,13,3,13,0,29,8,21,97,18,4,52,19,39,20,3,83,4,5,30,32,0,35,28,0,2,4,3,0,12,37,0,3,13,3,40,3,3,4,3,4,1,83,3,13,10,30,11,61,4,8,0,25,11,34,12,2,2,1,2,14,5,13,2,3,6,2,156,1,12,0,22,0,0,0,1,0,14,40,64,0,10,14,40,0,93,26,33,9,2,1,34,0,2,58,7,3,1,1,6,0,7,1,0,10,13,15,1,0,13,0,1,6,9,16,35,6,6,0,8,2,10,25,5,0,2,1,17,2,4,3,38,2,14,10,28,1,13,22,4,40,10,4,10,3,2,28,1,4,25,3,1,1,5,11,5,1,1,1,9,0,6,1,0,9,1,2,23,0,10,13,8,3,0,4,13,0,5,7,4,15,33,10,1,40,14,1,1,42,3,6,3,6,0,0,0,10,5,16,36,26,4,5,5,4,9,6,43,81,23,4,90,37,2,2,2,11,4,1,7,1,4,2,26,20,3,5,4,3,69,9,1,7,10,1,3,3,14,9,7,3,21,2,26,24,11,0,3,9,94,5,2,38,4,52,0,9,38,2,2,4,1,3,7,14,0,1,2,14,2,0,4,41,13,39,3,39,15,1,6,4,3,2,0,9,17,14,11,4,16,2,6,34,6,62,22,10,0,32,6,0,15,5,3,10,9,3,14,0,14,2,2,11,51,30,14,8,23,18,36,6,0,9,10,3,1,10,0,19,19,0,27,21,5,1,5,0,0,0
SRR8557030,fbm,26,6,3,9,5,29,18,22,12,17,7,8,4,8,4,6,2,82,1,2,62,26,5,4,5,5,14,20,11,3,17,28,5,42,9,18,6,4,5,4,2,3,4,18,24,2,10,0,24,13,8,25,9,2,3,7,30,26,4,0,0,15,23,3,23,43,8,13,6,7,3,21,13,3,41,4,13,17,14,12,5,0,27,6,6,0,0,31,6,12,9,6,4,1,7,7,13,3,8,2,16,9,13,10,3,3,8,36,5,29,12,11,12,7,6,9,1,31,21,5,3,4,6,18,64,4,1,8,1,7,15,3,5,15,0,36,10,4,1,14,2,3,4,5,0,12,0,11,119,7,8,4,7,0,0,18,6,10,3,3,0,1,0,3,7,144,6,1,27,9,3,8,16,67,3,3,12,6,5,9,1,2,9,4,3,5,7,12,15,30,9,4,6,1,10,18,13,42,4,18,0,33,0,0,14,5,13,3,8,1,7,0,6,1,12,5,8,39,5,5,44,17,5,8,6,74,2,2,5,28,1,9,12,34,7,10,2,3,18,18,19,5,6,32,42,2,10,7,3,39,24,5,4,7,0,9,26,36,4,0,5,45,5,4,12,11,4,10,9,5,3,21,6,11,19,9,1,13,1,7,13,11,4,6,6,19,52,34,91,26,46,42,143,73,34,8,17,4,3,7,38,6,12,10,37,2,19,24,4,4,7,7,26,7,24,3,17,9,27,20,3,7,4,22,16,4,22,25,8,27,1,10,16,3,45,21,12,4,0,87,78,1,9,6,6,20,2,5,1,8,6,3,4,3,2,3,3,12,4,15,8,21,4,3,0,12,6,2,3,3,17,40,0,2,21,43,1,2,4,0,5,3,0,0,0,13,2,9,6,23,0,18,19,28,9,5,7,8,22,72,28,78,3,0,2,3,17,11,2,47,10,25,3,4,7,7,11,21,24,7,5,17,24,40,22,79,13,5,5,27,5,8,5,42,7,58,12,2,20,18,5,8,40,20,12,5,12,80,21,21,27,53,20,21,9,20,2,13,35,42,72,9,21,15,10,2,3,4,28,2,28,14,10,7,12,15,7,20,20,103,25,51,5,3,9,7,91,9,15,5,9,29,11,0,0,20,9,3,13,44,5,77,38,1,16,2,2,10,0,7,51,1,6,11,10,8,7,6,9,3,5,4,7,4,2,6,3,11,40,8,7,18,25,13,13,12,1,3,20,54,58,4,14,2,138,1,6,1,19,0,32,11,5,5,13,2,2,6,29,11,10,13,21,11,4,5,3,2,4,1,18,13,9,0,13,16,9,12,8,3,8,0,4,7,0,4,21,5,8,6,7,4,6,15,2,3,0,69,19,11,79,42,9,3,11,19,31,0,85,6,4,16,6,6,16,46,7,7,3,0,4,11,19,3,16,8,5,30,8,6,10,3,10,3,89,26,29,2,5,8,20,5,18,11,3,12,21,16,1,1,1,7,18,9,32,2,1,31,0,55,1,4,0,16,2,4,5,3,6,7,9,48,5,0,9,30,5,151,30,15,6,5,0,37,7,5,42,4,4,4,7,2,3,8,6,0,6,10,8,13,8,19,0,5,7,2,25,56,8,15,3,23,2,4,4,6,3,1,4,2,0,8,0,8,1,7,15,8,1,16,16,15,10,2,10,20,10,2,15,3,26,14,5,4,13,8,10,5,2,3,2,2,3,3,1,2,19,6,4,11,6,12,21,10,6,19,13,6,5,34,11,17,5,12,57,4,16,14,5,10,17,2,3,36,2,0,5,0,2,0,24,30,4,3,36,7,8,4,3,16,26,13,5,36,19,5,7,2,15,3,1,4,3,2,2,2,31,18,0,1,2,22,7,1,5,4,11,5,2,8,3,7,0,4,21,10,15,2,6,2,12,19,16,6,46,0,5,7,2,10,7,8,7,0,4,8,4,0,5,7,6,1,2,8,2,2,5,5,51,2,4,3,4,0,1,0,8,1,7,36,1,6,3,2,26,17,42,46,8,11,8,1,0,7,2,7,7,0,11,3,0,18,2,3,33,33,8,7,1,0,10,11,4,2,5,2,2,15,5,0,2,5,2,14,7,4,0,7,3,8,2
