sample_id,group,00010,00020,00030,00040,00051,00052,00053,00061,00071,00120,00121,00130,00190,00195,00220,00230,00240,00250,00260,00261,00270,00280,00290,00300,00310,00330,00332,00333,00340,00350,00360,00362,00380,00400,00401,00410,00430,00450,00460,00471,00473,00480,00500,00511,00513,00520,00521,00523,00524,00525,00531,00540,00550,00561,00562,00564,00600,00603,00604,00620,00625,00626,00627,00630,00640,00650,00660,00670,00680,00710,00720,00730,00740,00750,00760,00770,00780,00790,00860,00900,00908,00910,00920,00940,00950,00960,00966,00970,00983,01040,01051,01055,01100,01110,01120,01130,01200,01210,01212,01220,01230,01501,01502,01503,01523,02010,02020,02024,02025,02026,02030,02040,02060,03010,03013,03018,03020,03030,03060,03070,03320,03410,03420,03430,03440,04016,04066,04068,04070,04112,04122,04141,04142,04146,04151,04152,04211,04212,04213,04216,04217,04612,04621,04626,04657,04659,04714,04724,04727,04910,04914,04915,04920,04922,04930,04931,04940,04964,05010,05111,05120,05134,05152,05165,05200,05203,05206,05215,05230,05418,04013,05016
ERR911956,controle,13877.099095774129,5130.097804022882,11533.493264439934,5314.633696253922,7852.002214430706,10140.24727809559,2371.2862151688505,3718.3982284554345,1706.9570031371102,359.8449898505259,433.6593467429415,747.3703635357077,7187.673002398967,2389.7398043919543,6855.508396383097,25512.087100941135,20271.267761579627,14347.665620963278,12068.647351909945,2795.71876730024,9272.928584609706,1328.6584240634804,7021.590699391031,6394.168665805499,1125.6689426093376,3321.6460601587005,442.8861413544935,987.2670234360583,2629.636464292305,2343.6058313341946,2546.595312788337,258.35024912345455,276.8038383465584,7852.002214430706,3386.2336224395644,2472.780955895922,1494.7407270714154,3183.244140985422,3146.336962539214,756.5971581472596,378.2985790736298,1780.7713600295258,10297.102786491972,3413.9140062742204,322.9378114043181,11533.493264439934,5453.0356154272,3312.419265547149,1448.6067540136555,1134.8957372208895,498.2469090238052,1854.5857169219412,4078.2432183059605,1753.0909761948699,867.318693485883,2601.956080457649,2832.625945746448,830.4115150396751,322.9378114043181,10398.597527219043,479.7933198007012,332.1646060158701,184.53589223103893,6504.890201144122,4013.655656025097,4281.232699760103,2712.677615796272,2786.4919726886883,12114.781324967707,5812.880605277726,8110.352463554162,2897.213508027311,2371.2862151688505,1411.699575567448,3496.955157778188,7067.724672448791,3386.2336224395644,2740.357999630928,2435.873777449714,2371.2862151688505,230.66986528879866,4927.10832256874,3100.202989481454,2454.3273666728182,1550.101494740727,2177.523528326259,452.1129359660454,12465.39952020668,2675.7704373500646,221.44307067724674,1328.6584240634804,424.43255213138957,158866.9496217014,72513.37885218675,47019.745340468726,61985.60620040598,30596.050931906255,10841.483668573537,3653.8106661745705,830.4115150396751,46512.271636833364,2989.481454142831,1439.3799594021036,2103.709171433844,1439.3799594021036,8774.681675585902,7870.45580365381,9642.000369071784,212.21627606569479,2205.203912160915,941.1330503782985,1033.4009964938182,1134.8957372208895,29193.57815095036,802.7311312050194,11016.792766193024,2915.667097250415,8045.764901273297,4318.139878206311,7335.301716183798,1097.9885587746817,3063.2958110352465,6458.756228086363,7464.476840745525,9900.350618195238,1291.7512456172724,1928.4000738143568,267.57704373500644,304.48422218121425,3266.285292489389,1125.6689426093376,728.9167743126037,452.1129359660454,1605.4622624100389,461.3397305775973,332.1646060158701,239.8966599003506,3653.8106661745705,1217.936888724857,1088.7617641631296,2740.357999630928,332.1646060158701,1153.3493264439933,1070.3081749400258,332.1646060158701,332.1646060158701,830.4115150396751,1605.4622624100389,1734.637386971766,627.4220335855323,332.1646060158701,332.1646060158701,904.2258719320909,1217.936888724857,581.2880605277727,1430.153164790552,802.7311312050194,405.97896290828567,405.97896290828567,2186.7503229378112,931.9062557667467,2380.513009780402,2675.7704373500646,572.0612659162207,387.52537368518176,618.1952389739805,378.2985790736298,332.1646060158701,1079.5349695515777,1273.2976563941686,166.08230300793505,175.309097619487
ERR911979,controle,13098.205713178364,3479.3485250204794,10314.72689316198,5188.193117055855,7214.142891118412,8147.841482642895,1515.058091907652,3285.5620248927567,1876.2056603274991,713.4866595611617,863.2307732962203,290.6797501915844,7760.26848238745,5188.193117055855,5135.342253384657,24927.990698247995,16163.555806107797,9548.38936992962,7936.438027958106,3285.5620248927567,6518.273186114317,1083.4427052595418,6562.315572506981,5117.725298827592,669.4442731684973,3144.626388436231,634.210364054366,537.3171139905045,810.3799096250232,1171.5274780448703,863.2307732962203,334.72213658424863,123.31868189946005,8332.819505492085,748.7205686752931,537.3171139905045,3118.2009566006323,5699.08479921076,3690.7519797052682,748.7205686752931,264.2543183559858,880.8477278532861,13115.822667735429,1286.0376826657978,79.27629550679575,14727.774009706942,5954.530640288213,5267.46941256265,273.0627956345187,3030.116183815304,387.57300025544583,475.65777304077443,6447.805367886053,3250.328115778625,819.188386903556,6676.825777127908,1400.5478872867247,405.1899548125116,88.0847727853286,17062.020488518152,396.3814775339787,273.0627956345187,202.5949774062558,6438.996890607521,4994.406616928131,3127.0094338791655,1708.844592035375,4280.919957366969,12684.207281087318,8508.989051062743,12904.41921305064,2942.031411029975,2422.3312515965363,748.7205686752931,3012.4992292582383,4166.409752746043,1321.271591779929,6121.891708580338,4783.003162243343,4492.323412051758,369.95604569838014,3585.050252362874,4738.960775850678,3056.5416156509027,369.95604569838014,581.3595003831688,229.02040924185434,16709.681397376837,3488.1570022990127,317.105182027183,1153.9105234878048,1277.2292053872648,162472.36340253858,67111.78838514186,47433.65014489945,59140.116448069624,30230.694019924777,9072.731596888847,2880.3720700802455,713.4866595611617,40686.35654954328,4483.514934773226,1118.6766143736731,1268.420728108732,1858.5887057704333,13996.670395588713,10411.62014322584,10693.491416138892,1435.7817964008561,1268.420728108732,1145.1020462092717,229.02040924185434,1761.6954557065721,29341.037814792955,431.61538664811013,13309.609167863153,2202.119319633215,3928.5808662256554,4139.984320910445,7531.248073145595,1506.2496146291192,2378.2888652038723,6104.274754023271,4686.109912179481,6483.039277000185,176.1695455706572,2228.5447514688135,158.5525910135915,1065.8257507024762,1356.5055008940603,2254.9701833044123,1004.166409752746,140.93563645652577,1374.1224554511261,669.4442731684973,352.3390911413144,140.93563645652577,3021.307706536771,3840.4960934403266,687.0612277255631,2633.734706281325,572.5510231046359,6474.230799721652,2202.119319633215,572.5510231046359,572.5510231046359,563.7425458261031,819.188386903556,863.2307732962203,590.1679776617017,572.5510231046359,572.5510231046359,616.5934094973003,757.529045953826,140.93563645652577,1312.4631145013961,1312.4631145013961,475.65777304077443,132.1271591779929,2193.310842354682,1479.8241827935205,2748.2449109022523,2677.777092673989,132.1271591779929,546.1255912690374,149.74411373505862,317.105182027183,572.5510231046359,572.5510231046359,7249.376800232543,0.0,0.0
ERR911990,controle,13255.93484664703,4342.834863975048,11956.333391093398,6368.047132212789,9216.340322301161,9833.651013689136,2653.3529717553283,4711.055276381909,1808.6120256454685,541.5006064806793,649.8007277768152,292.4103274995668,6573.817362675446,2675.0129960145555,8382.429388320916,23122.075896725004,17663.74978339976,15584.38745451395,11468.982845260787,2360.9426442557615,8793.96984924623,823.0809218506325,6173.106913879744,5501.6461618437015,1873.5920984231502,4147.8946456420035,433.2004851845434,1581.1817709235836,2664.182983884942,2555.8828625888063,2761.653093051464,509.0105700918385,357.3904002772483,7689.308612025645,3086.553456939872,2631.692947496101,1613.6718073124243,2978.253335643736,3389.7937965690526,931.3810431467683,519.8405822214521,2176.8324380523304,11523.132905908855,3465.6038814763474,552.3306186102928,12649.454167388669,4505.285045919251,2436.7527291630568,1169.6413099982672,1613.6718073124243,812.250909721019,1245.4513949055622,4353.664876104661,2328.452607866921,974.7010916652226,2577.5428868480335,3021.5733841621905,1364.5815283313118,552.3306186102928,11772.223184889966,433.2004851845434,314.07035175879395,368.2204124068619,6378.877144342401,4624.415179345001,4104.574597123549,3010.7433720325766,3389.7937965690526,12086.293536648762,7191.12805406342,8425.749436839369,3270.663663143303,1581.1817709235836,1321.2614798128575,3108.213481199099,6649.627447582741,4202.044706290071,2458.412753422284,2631.692947496101,2458.412753422284,552.3306186102928,5848.206549991336,3877.1443424016634,2252.6425229596257,1830.272049904696,2371.7726563853753,184.11020620343095,13385.894992202391,3119.043493328713,465.69052157338416,1646.161843701265,563.1606307399064,163154.13273262867,66842.83486397505,47652.05337029978,59532.57667648588,30464.824120603014,10234.361462484838,4559.43510656732,963.871079535609,44370.55969502686,3010.7433720325766,2003.5522439785132,1440.3916132386069,1592.0117830531972,10775.862068965518,9606.22075896725,9822.821001559521,866.4009703690868,2025.2122682377403,725.6108126841102,855.5709582394733,2458.412753422284,27064.20031190435,682.2907641656559,10245.19147461445,2263.4725350892395,5609.946283139837,3714.6941604574595,5739.906428695201,1505.3716860162883,2555.8828625888063,6454.687229249697,6097.296828972449,8404.089412580142,736.4408248137238,1516.201698145902,476.52053370299774,205.77023046265813,3281.4936752729163,1537.861722405129,758.100849072951,931.3810431467683,2144.34240166349,335.73037601802116,259.92029111072605,433.2004851845434,3768.8442211055276,1732.8019407381737,1418.7315889793797,2739.993068792237,216.6002425922717,1375.4115404609254,1169.6413099982672,216.6002425922717,216.6002425922717,1083.0012129613585,1386.241552590539,1494.5416738866747,487.3505458326113,216.6002425922717,216.6002425922717,1180.4713221278807,1158.8112978686536,660.6307399064287,1061.3411887021314,844.7409461098597,671.4607520360423,238.26026685149887,1137.1512736094264,552.3306186102928,1873.5920984231502,2718.33304453301,660.6307399064287,693.1207762952695,703.9507884248831,638.9707156472016,216.6002425922717,1223.791370646335,1884.4221105527638,270.75030324033963,281.5803153699532
ERR911991,controle,15339.752009350863,4121.127405497246,11435.526046248207,6494.993191704725,12652.58413968453,11953.679491968622,2879.969151794859,3747.5749213732274,1482.1598563630448,409.70272452311804,494.05328545434827,361.5024039909865,6434.742791039561,2614.867388868136,7217.997999686699,22304.69832624387,18749.924686999166,16339.908660392592,11592.177087977634,2494.366587537807,8760.408256714907,831.455529179269,6976.9963970260405,5687.637822791521,1626.7608179594395,3615.024039909865,602.5040066516442,1156.807692771157,2663.0677094002676,1759.311699422801,2614.867388868136,662.7544073168086,361.5024039909865,7290.298480484896,2819.718751129695,2289.5152252762477,1156.807692771157,3542.7235591116682,2373.8657862074783,795.3052887801704,674.8044874498415,1819.5621000879655,11628.327328376732,3530.673478978635,373.55248412401943,14580.596960969791,4097.02724523118,2084.663863014689,988.1065709086965,1397.8092954318147,518.1534457204141,723.004807981973,4313.928687625773,2000.3133020834591,662.7544073168086,2217.2147444780508,3699.374600841096,1084.5072119729596,325.35216359188786,10206.417872678854,301.2520033258221,216.90144239459192,156.6510417294275,5820.188704254883,2723.318110065432,3783.725161772326,3627.0741200428984,3651.174280308964,15038.50000602504,7687.95112487498,7880.752407003507,3422.222757781339,518.1534457204141,1554.4603371612423,3422.222757781339,6567.293672502922,3916.276043235687,2892.019231927892,2976.3697928591223,2843.8189113957606,397.6526443900852,5314.085338667503,3012.5200332582212,1265.258413968453,1518.3100967621433,1807.5120199549326,578.4038463855785,11664.477568775834,2638.9675491342014,228.9515225276248,1289.3585742345188,542.2536059864798,163411.13668405896,69022.85900201237,46091.55650885079,60816.75443141697,29896.248810054585,10700.471158133203,3759.62500150626,698.9046477159073,47814.71796787449,3072.7704339233856,1494.2099364960777,1241.1582537023871,1349.608974899683,9977.466350151228,7965.1029679347375,9073.710340173762,349.4523238579537,2590.76722860207,1903.9126610191959,2012.3633822164916,1277.3084941014858,28161.037270897854,976.0564907756637,10122.067311747624,2060.563702748623,4976.683094942581,4000.6266041669182,6085.290467181607,1253.20833383542,3241.471555785846,6000.939906250376,6193.741188378903,7049.2968778242375,614.5540867846771,1759.311699422801,650.7043271837757,192.80128212852614,3807.8253220383917,1192.9579331702555,976.0564907756637,469.9531251882825,2156.9643438128865,843.5056093123019,433.80288478918385,566.3537662525456,2952.269632593057,2337.7155458083794,1277.3084941014858,3084.8205140564182,506.1033655873812,1024.256811307795,1000.1566510417296,494.05328545434827,494.05328545434827,964.0064106426308,1554.4603371612423,1638.8108980924721,1024.256811307795,494.05328545434827,506.1033655873812,1084.5072119729596,1590.6105775603407,542.2536059864798,1554.4603371612423,710.9547278489401,469.9531251882825,277.15184305975635,2410.016026606577,939.906250376565,1590.6105775603407,2084.663863014689,542.2536059864798,482.0032053213154,578.4038463855785,566.3537662525456,494.05328545434827,1132.7075325050912,1506.2600166291106,433.80288478918385,457.9030450552496
ERR911995,controle,15921.844006237206,5632.577726390377,11636.417638136052,4242.996404060548,10246.836315806222,9451.27449004487,1283.5064122283156,3214.069776075865,2259.3955851622413,392.47716737560063,477.3370954568116,466.72960444666023,8539.030263171851,3638.3694164819194,6820.61671952733,25150.361185068898,22063.581301114846,15189.92712653676,8008.655712664284,1739.6285256648243,7096.411485791266,1336.5438672790724,4508.183679314332,4327.856332141759,1622.9461245531593,2991.312464862686,742.5243707105958,1092.571574045591,4136.921493959035,1845.703435766338,1538.0861964719484,837.9917898019581,201.542329192876,5356.782960126441,1803.2734717257326,1538.0861964719484,1060.749101015137,3224.677267086016,3351.9671592078325,997.1041549542286,837.9917898019581,933.4592088933205,10968.145704496515,3659.584398502222,562.1970235380226,11912.212404399988,4953.698301740689,3595.939452441314,837.9917898019581,2482.15289637542,710.7018976801417,1898.740890817095,4444.538733253424,2704.910207588599,1506.2637234414942,2789.77013566981,3065.5649019337457,1113.7865560658938,562.1970235380226,14998.992288354037,710.7018976801417,498.5520774771143,148.50487414211915,5314.352996085836,3447.434578299195,4921.875828710235,1771.4509986952785,4158.136475979337,11625.8101471259,10268.051297826525,11742.492548237566,2471.545405365269,1516.8712144516458,1124.3940470760451,3373.182141228135,5017.3432478015975,1516.8712144516458,2980.7049738525343,3871.7342187052495,3107.994865974351,509.15956848726574,4062.669056887974,2630.657770517539,1983.6008188983058,774.3468437410498,965.2816819237745,201.542329192876,14892.917378252521,2216.965621121636,243.97229323348148,753.1318617207471,933.4592088933205,161159.61091722976,65458.827023644095,47574.59718052889,57174.37654471587,32575.604892174855,7520.7111261973205,3659.584398502222,1325.936376268921,41316.177484539585,3192.854794055562,1665.376088593765,1866.918417786641,1081.9640830354397,13821.560786227234,8242.020514887614,9949.826567521985,159.1123651522705,2598.835297487085,859.2067718222609,604.626987578628,753.1318617207471,38865.84706119461,509.15956848726574,10840.855812374699,3755.0518175935845,6650.896863364908,3330.75217718753,7563.141090237927,1219.8614661674073,3956.5941467864604,4624.866080425996,5876.550019623858,8740.572592364728,944.0666999034718,1909.3483818272464,243.97229323348148,392.47716737560063,3415.612105268741,1241.07644818771,1092.571574045591,827.3842987918067,1304.7213942486183,891.029244852715,572.8045145481739,180.32734717257327,3532.294506380406,1113.7865560658938,891.029244852715,2842.8075907205666,562.1970235380226,1686.5910706140676,1718.4135436445217,562.1970235380226,562.1970235380226,657.6644426293848,1368.3663403095265,1506.2637234414942,1251.6839391978615,562.1970235380226,562.1970235380226,742.5243707105958,1241.07644818771,106.07491010151368,1591.1236515227054,912.2442268730177,562.1970235380226,477.3370954568116,1548.6936874820997,625.8419695989307,2789.77013566981,2864.0225727408692,95.46741909136232,583.4120055583253,106.07491010151368,922.851717883169,562.1970235380226,944.0666999034718,1972.9933278881547,84.85992808121095,95.46741909136232
ERR912003,controle,13201.789892268413,4145.575532208275,9643.355959042425,6609.791030967272,5995.9611774857885,10942.184344669911,2161.748614434787,4964.015336850252,1574.6070154524994,231.2982056596892,275.778629825014,524.8690051508331,6814.400982127765,2686.61761958562,6787.712727628571,27168.643080180413,18628.40164043804,15185.6168100419,10933.288259836845,3238.174879235648,10399.523169852948,978.5693316371464,6867.777491126156,6654.271455132596,1788.1130514460585,4154.471617041339,729.4789563113275,2126.1642751025274,2473.111583592061,2010.5151722726828,2126.1642751025274,409.2199023209885,409.2199023209885,7561.672108105223,3247.0709640687132,2054.9955964380074,1574.6070154524994,4581.483689028459,3229.2787944025836,578.2455141492229,782.8554653097173,1636.879609283954,11564.910282984458,4563.691519362328,560.453344483093,12828.154329279685,4367.977653034899,1743.632627280734,1129.8027737992509,934.0889074718217,871.816313640367,1494.5422519549145,4946.223167184122,2054.9955964380074,444.80424165324837,2259.6055475985017,3682.979120888897,1227.6597069629656,560.453344483093,11449.261180154614,462.5964113193784,293.570799491144,373.6355629887286,6049.337686484178,3932.069496214716,3754.147799553417,3158.1101157380635,2846.74714658079,11235.755144161054,5391.027408837371,7846.346822763303,3104.7336067396736,1868.1778149436434,1708.048287948474,4029.926429378431,5960.376838153528,4190.0559563736,2731.098043750945,2820.058892081595,2597.656771254971,515.9729203177682,5266.482221174461,4207.84812603973,2677.7215347525553,1539.0226761202396,1974.930832940423,364.73947815566373,12356.66183312724,2401.9429049275413,257.9864601588841,889.6084833064967,391.42773265485863,164444.12813920595,68099.52939711233,44186.8533658337,59932.923520358694,27373.253031340904,10426.211424352143,4910.6388278518625,791.7515501427822,44925.22840697809,3923.1734113816515,1974.930832940423,2677.7215347525553,1183.1792827976408,9847.96591020292,7606.152532270547,9990.30326753196,213.50603599355924,2953.500164577569,738.3750411443923,409.2199023209885,987.4654164702115,28298.44585397966,1423.373573290395,12294.389239295786,2170.644699267852,7179.140460283429,4305.705059203444,7410.438665943118,1254.3479614621606,2953.500164577569,5862.519904989814,6093.818110649503,9972.51109786583,533.7650899838981,1521.2305064541094,693.8946169790675,293.570799491144,2989.084503909829,960.7771619710165,622.7259383145478,782.8554653097173,2188.436868933982,640.5181079806778,471.4924961524433,676.1024473129376,3709.6673753880914,1921.554323942033,1209.8675372968355,2713.3058740848155,453.7003264863134,756.1672108105223,1298.8283856274854,453.7003264863134,453.7003264863134,942.9849923048866,1539.0226761202396,1601.2952699516943,631.6220231476127,453.7003264863134,453.7003264863134,1014.1536709694064,1645.775694117019,1023.0497558024714,1396.6853187912,631.6220231476127,257.9864601588841,302.4668843242089,2081.683850937203,836.2319743081069,1432.26965812346,2642.1371954202955,1014.1536709694064,427.0120719871185,1094.218434466991,444.80424165324837,453.7003264863134,1378.89314912507,996.3615013032766,569.349429316158,604.9337686484178
ERR912047,controle,10022.550739163118,3897.6586207856562,13279.87972939113,3702.7756897463737,10495.837857401375,9382.221108605474,1002.2550739163117,3062.44605918873,1531.223029594365,584.6487931178485,696.0104679974387,445.4466995183608,9577.104039644755,3090.286477908628,7628.274729251928,15924.719507781398,17762.187143294635,12695.230936273281,8352.125615969264,946.5742364765166,9577.104039644755,528.9679556780534,4036.8607143851445,2227.233497591804,1030.0954926362094,4816.392438542275,417.6062807984632,250.56376847907794,1865.3080542331359,3368.6906651076033,3730.6161084662717,1614.7442857540577,334.08502463877056,8797.572315487625,3730.6161084662717,556.808374397951,1057.9359113561068,1948.8293103928281,4426.62657646371,1614.7442857540577,417.6062807984632,974.4146551964141,11915.69921211615,3034.6056404688325,1531.223029594365,15896.8790890615,6848.743005094797,4955.594532141764,723.8508867173363,3758.456527186169,2477.797266070882,2923.2439655892426,4287.424482864222,2004.5101478326235,1419.8613547147747,3897.6586207856562,2449.9568473509844,2310.7547537514965,1531.223029594365,12388.986330354408,473.2871182382583,334.08502463877056,278.4041871989755,4927.754113421866,4816.392438542275,3869.818202065759,1503.3826108744674,3034.6056404688325,8212.923522369776,10050.391157883014,9437.90194604527,2505.6376847907795,2227.233497591804,1531.223029594365,3368.6906651076033,2672.6801971101645,1252.8188423953898,3619.254433586681,6514.657980456026,1781.7867980734432,389.7658620785657,3925.4990395055543,1559.0634483142628,3424.3715025473984,3313.009827667808,3257.328990228013,445.4466995183608,14894.624015145188,1865.3080542331359,640.3296305576436,3925.4990395055543,1503.3826108744674,159859.68428965172,62139.81458281133,44516.82953311618,51198.53002589159,29650.045936690887,7349.870542052952,3006.765221748935,2227.233497591804,38642.5011832178,5345.360394220329,1308.4996798351847,1308.4996798351847,1475.54219215457,14644.06024666611,14978.14527130488,12723.071354993179,167.04251231938528,3897.6586207856562,751.6913054372337,1920.9888916729308,1920.9888916729308,40925.41551824939,417.6062807984632,8296.444778529469,1865.3080542331359,4732.871182382582,4287.424482864222,9048.136083966703,1308.4996798351847,3173.8077340683203,9660.62529580445,10078.231576602911,8714.051059327932,696.0104679974387,1169.297586235697,167.04251231938528,556.808374397951,5456.722069099919,1753.9463793535456,528.9679556780534,1586.9038670341602,1364.1805172749798,584.6487931178485,111.3616748795902,0.0,5039.115788301456,473.2871182382583,1336.3400985550822,2282.914335031599,501.1275369581559,2199.3930788719063,2561.318522230574,501.1275369581559,501.1275369581559,863.0529803168239,779.5317241571314,807.3721428770289,278.4041871989755,501.1275369581559,501.1275369581559,974.4146551964141,389.7658620785657,194.88293103928285,445.4466995183608,1141.4571675157995,556.808374397951,306.24460591887305,1030.0954926362094,501.1275369581559,4009.020295665247,2867.5631281494475,194.88293103928285,445.4466995183608,222.7233497591804,2422.1164286310864,501.1275369581559,306.24460591887305,1531.223029594365,0.0,0.0
ERR912079,controle,15647.91413148616,4602.327685731224,11342.007550937627,7628.94318075447,8611.81316109707,11966.051982901183,1138.8810883334895,4212.299915754002,2152.9532902742676,171.61221878997785,202.81444038815562,343.2244375799557,7550.937626759025,3713.064370183157,6552.4665356173355,24493.743954569563,23386.065087834253,13151.73640363194,5663.203220069268,717.6510967580892,8986.239820275203,780.0555399544447,6521.2643140191585,3947.0810321694908,1326.094417922556,4259.1032481512675,998.4710911416894,1232.4877531280226,3837.8732565758683,2324.5655090642454,1622.515523105245,483.63443477175576,327.62332678086676,5694.405441667447,2215.357733470623,780.0555399544447,452.43221317357796,3338.637711005024,3260.6321570095793,858.0610939498893,733.252207557178,1528.9088583107118,13650.971949202783,3588.255483790446,280.8199943836001,10561.952010983183,4664.73212892758,1622.515523105245,1310.493307123467,982.8699803426005,577.2410995662892,936.0666479453337,5803.61321726107,1435.3021935161785,2199.7566226715344,2199.7566226715344,3089.019938219601,624.0444319635558,280.8199943836001,13884.988611189116,811.2577615526225,608.443321164467,249.61777278542235,4415.114356142157,2246.5599550688007,4009.4854753658456,2636.5877250460235,5163.9676744984245,9220.256482261537,10140.722019407782,9641.486473836938,2496.177727854223,530.4377671690224,1731.7232986988674,2324.5655090642454,4321.507691347624,4025.086586164935,2386.969952260601,5304.377671690224,2418.1721738587785,202.81444038815562,3463.446597397735,2184.155511872445,1560.1110799088895,546.0388779681113,1575.7121907079784,904.8644263471559,17379.63743018503,2823.80105463509,530.4377671690224,1310.493307123467,405.62888077631123,163421.63562045616,63106.49318231458,42996.66136228899,54291.865580829355,28612.437205529033,9220.256482261537,4290.305469749446,1216.886642328934,43402.290243065305,2652.188835845112,2121.7510686760897,1591.3133015070673,1794.127741895223,14509.03304315267,8596.212050297981,9922.306468220537,202.81444038815562,2028.1444038815562,1045.274423538956,390.02776997722236,1404.0999719180006,40859.30918281381,624.0444319635558,12824.113076851072,3198.2277138132235,5101.563231302069,2652.188835845112,6630.472089612781,1263.6899747262005,4711.535461324846,5647.60210927018,4695.9343505257575,6739.679865206403,327.62332678086676,1388.4988611189117,312.0222159817779,390.02776997722236,4539.923242534868,733.252207557178,1747.3244094979564,811.2577615526225,1903.3355174888452,936.0666479453337,343.2244375799557,187.21332958906675,7769.353177946269,686.4488751599114,1310.493307123467,3182.6266030141346,811.2577615526225,1263.6899747262005,1216.886642328934,764.4544291553559,764.4544291553559,982.8699803426005,1341.695528721645,1404.0999719180006,858.0610939498893,764.4544291553559,811.2577615526225,1123.2799775344004,1232.4877531280226,218.41555118724455,1076.4766451371338,2199.7566226715344,499.2355455708447,452.43221317357796,2277.762176666979,577.2410995662892,6006.427657649225,6349.65209522918,218.41555118724455,873.6622047489782,234.01666198633342,670.8477643608225,764.4544291553559,608.443321164467,1279.2910855252894,0.0,0.0
ERR912133,controle,13198.00552969256,4537.183637781507,8979.842616442564,4407.21223149089,7668.312971146347,9275.232176193966,1417.8698868067206,3603.752628967082,1063.4024151050405,319.02072453151214,378.0986364817922,531.7012075525203,7124.796181203772,2800.2930264432734,5966.869106978283,25226.268402769576,18940.378571259775,12548.148498239478,9688.777559845925,2150.435994990193,10421.343668029396,1524.2101283172246,9877.826878086822,5246.118581184867,1217.0049861757686,4856.2043623130185,1287.8984805161047,2091.3580830399133,3426.518893116242,1476.9477987570008,2126.804830210081,1784.1529408984568,342.65188931162413,5458.799064205875,2008.649006309521,1146.1114918354326,1276.0828981260486,4879.835527093131,2386.747642791313,1122.4803270553205,543.5167899425762,732.5661081834725,10468.60599758962,3591.937046577026,319.02072453151214,11756.504478105726,4868.0199447030745,3036.604674244393,874.3530968641444,2351.300895621145,366.28305409173623,1914.124347189073,5718.741876787107,2197.698324550417,827.0907673039204,3072.0514214145614,4194.531748469882,1252.4517333459366,319.02072453151214,11012.122787532197,366.28305409173623,200.8649006309521,106.34024151050404,6014.131436538508,3532.859134626746,5494.245811376043,5553.3237233263235,3686.461705697474,13068.034123401942,6002.315854148451,9464.281494434861,3509.2279698466336,661.6726138431363,1276.0828981260486,3166.5760805350096,5742.373041567219,1760.5217761183449,3343.8098163858494,2729.3995321029374,2835.7397736134412,236.31164780112013,4064.5603421792657,3131.129333364842,1713.259446558121,1394.2387220266087,1465.132216366945,614.4102842829124,12264.574520878134,2953.8955975140016,129.97140629061604,1039.7712503249284,697.1193610133043,157111.7990405747,66060.92114280313,45974.431079707916,57270.12784460146,28759.127537396318,11898.291466786397,3461.96564028641,626.2258666729683,45809.01292624714,2812.1086088333295,2174.067159770305,2753.030696883049,1346.9763924663846,13410.686012713566,11945.553796346621,11614.717489425055,330.83630692156817,2244.960654110641,2563.9813786421532,2008.649006309521,1465.132216366945,34158.84868965191,850.7219320840323,11921.922631566511,2634.8748729824893,7112.980598813715,4548.999220171562,7325.6610818347235,732.5661081834725,2741.215114492993,5210.671834014698,6439.492402580523,9688.777559845925,1299.7140629061607,2244.960654110641,141.7869886806721,354.46747170168015,4371.765484320722,1595.1036226575607,779.8284377436964,602.5947018928563,590.7791195028003,1063.4024151050405,330.83630692156817,141.7869886806721,3391.0721459460738,1063.4024151050405,460.80771321218424,3095.6825861946736,850.7219320840323,2185.882742160361,1512.3945459271688,862.5375144740884,862.5375144740884,307.2051421414562,1583.2880402675048,1654.1815346078408,1027.9556679348725,862.5375144740884,862.5375144740884,319.02072453151214,1358.7919748564407,354.46747170168015,1713.259446558121,803.4596025238084,460.80771321218424,330.83630692156817,1346.9763924663846,1181.5582390056006,1772.337358508401,2729.3995321029374,342.65188931162413,850.7219320840323,366.28305409173623,1217.0049861757686,862.5375144740884,1016.1400855448164,2304.0385660609213,70.89349434033605,70.89349434033605
ERR912200,controle,17537.66824495878,4283.9357311609765,9587.389347998705,6019.076748130067,6744.502936015449,8244.370594751443,1137.1545647933026,2401.7488652961993,2529.1886010057938,950.8964895254339,1146.9576213863484,627.3956219549256,6068.092031095295,3666.343165799096,5705.3789371526045,26272.191669362506,20047.25073277848,12498.897156133282,7577.762746424335,2607.613053750159,9332.50987657952,1205.7759609446225,7587.565803017381,5058.3772020115875,803.8506406297483,3636.933996019959,637.1986785479712,313.6978109774628,2205.6877334352853,2352.733582330971,1539.0798851081768,431.3344900940113,166.6519620817771,5283.847503651639,852.865923594977,548.9711692105599,1529.276828515131,4489.799919614937,4274.13267456793,1244.9881873168054,774.4414708506112,735.2292444784284,12724.367457773333,2450.764148261428,176.4550186748228,12783.185797331607,3950.631806997422,3029.144487251125,264.68252801223423,2362.5366389240166,225.47030164005136,205.86418845395994,4225.117391602702,3225.205619112039,1382.2309796194454,3538.903430089502,2156.672450470057,578.380338989697,176.4550186748228,15557.450813163543,1068.5331686419825,754.8353576645197,431.3344900940113,6960.1701810624545,3980.0409767765586,3303.630071856405,2391.945808703154,2950.7200345067595,11293.12119518866,8636.492858473272,11175.48451607211,2538.9916575988395,764.6384142575655,1450.8523757707653,3274.2209020772675,5734.788106931742,1431.246262584674,3215.4025625189934,3303.630071856405,2421.354978482291,441.137546687057,4450.587693242753,3950.631806997422,3519.2973169034103,372.5161505357371,833.2598104088854,999.9117724906627,18263.094432844162,4803.4977305923985,117.63667911654855,1323.412640061171,990.108715897617,158397.7884304326,67494.04464311973,47936.94673999353,59818.251330764935,31957.964493329022,11087.257006734699,2558.5977707849306,1607.7012812594967,43055.02455665677,2764.461959238891,2460.5672048544734,1156.760677979394,1450.8523757707653,13430.187532472624,11116.666176513838,10969.620327618151,980.3056593045711,1039.1239988628454,1548.8829417012223,1823.3685263065024,1401.837092805537,35967.414639884715,441.137546687057,12616.533835249831,2686.037506494525,5225.029164093365,3754.5706751365074,7273.867992039918,1421.4432059916282,2146.8693938770107,5323.059730023821,5342.665843209913,6234.743993177073,254.87947141918852,2793.8711290180277,166.6519620817771,303.89475438441707,3264.417845484222,1529.276828515131,1784.1562999343193,480.34977305923985,1039.1239988628454,441.137546687057,235.2733582330971,49.01528296522856,3323.2361850424963,833.2598104088854,490.15282965228556,3029.144487251125,313.6978109774628,3832.995127880873,2156.672450470057,323.5008675705085,323.5008675705085,333.3039241635542,970.5026027115255,1009.7148290837082,637.1986785479712,323.5008675705085,313.6978109774628,421.5314335009656,686.2139615131998,176.4550186748228,2078.2479977256908,1411.6401493985825,843.0628670019312,166.6519620817771,745.0323010714742,1911.5960356439139,2970.3261476928506,2784.068072424982,166.6519620817771,294.09169779137136,186.25807526786855,676.4109049201542,323.5008675705085,470.5467164661942,3823.1920712878277,0.0,0.0
SRR24907834,controle,13170.452376407711,5030.949199683691,11261.69116243558,5003.681182341232,9407.465983148366,10975.376980339759,1049.8186676846726,2086.003326698116,1186.1587543969677,409.02026013688544,490.8243121642625,313.58219943827885,6503.422136176479,3885.692471300412,6039.8658413546755,23191.448749761406,18596.78782755706,10266.408529435825,9475.636026504513,1540.642979848935,8657.595506230742,668.0664248902461,6939.710413655823,4253.810705423609,1527.0089711777057,4035.6665666839363,163.6081040547542,558.9943555204102,2849.5078122869686,2222.343413410411,2126.9053527118044,1117.9887110408204,40.90202601368855,6803.370326943528,2017.8332833419681,858.9425462874594,1567.9109971913942,3653.9143238895103,3299.4300984375427,736.2364682463939,354.4842254519674,2385.951517465165,12270.607804106563,1908.761213972132,436.28827747934446,11248.057153764348,7580.50882120361,5208.1913124096745,1022.5506503422135,3653.9143238895103,599.8963815340986,395.3862514656559,4117.470618711313,2481.3895781637716,1990.565265999509,2399.5855261363945,2549.5596215199193,1104.3547023695908,436.28827747934446,10116.4344340523,518.0923295067215,286.31418209581983,0.0,4717.367000245412,2017.8332833419681,3926.5944973141,3626.646306547051,3653.9143238895103,12925.04022032558,6544.324162190167,8753.033566929349,3149.4560030540183,1363.4008671229515,2972.2138903280343,2944.9458729855755,5617.21157254656,1676.9830665612305,3381.2341504649194,4321.980748779756,4321.980748779756,286.31418209581983,3572.110271862133,2808.60578627328,2685.8997082322144,1404.30289313664,1949.6632399858206,1240.6947890818858,15583.671911215337,2835.8738036157392,286.31418209581983,1172.5247457257383,736.2364682463939,153328.06151664714,68033.70326943528,44024.213999400105,58067.2429307665,28726.856270280587,12529.653968859924,2004.1992746707388,572.6283641916397,44760.4504676465,3081.28595969787,1349.7668584517219,1363.4008671229515,1186.1587543969677,16183.568292749434,9898.290295312627,10457.284650833037,218.14413873967223,1486.1069451640171,1199.7927630681972,2249.61143075287,1145.2567283832793,39838.573337332644,749.8704769176234,11288.95917977804,1636.0810405475418,6598.860196875085,2454.121560821313,8248.575246093857,1554.2769885201647,3872.058462629182,6448.886101491561,6503.422136176479,11793.41750061353,804.4065116025414,1813.3231532735256,436.28827747934446,572.6283641916397,3708.4503585744283,1922.3952226433616,1936.029231314591,1022.5506503422135,2222.343413410411,1063.4526763559022,586.2623728628691,272.6801734245903,2794.9717776020507,2440.4875521500835,490.8243121642625,2699.5337169034437,954.380606986066,4103.836610040084,3940.22850598533,940.7465983148364,940.7465983148364,299.9481907670493,927.1125896436071,940.7465983148364,340.85021678073787,940.7465983148364,940.7465983148364,504.45832083549203,572.6283641916397,163.6081040547542,708.9684509039348,736.2364682463939,968.0146156572955,177.2421127259837,722.6024595751643,1527.0089711777057,4976.413164998773,1581.5450058626236,149.97409538352466,899.844572301148,163.6081040547542,1431.570910479099,940.7465983148364,1049.8186676846726,1840.5911706159845,231.77814741090177,218.14413873967223
SRR24907871,controle,14083.322823390927,5689.382155519121,12317.652499264304,4834.573506537185,9711.18678269643,12766.076708566305,1050.9942405515617,3363.1815697649977,2886.730847381623,0.0,0.0,504.47723546474964,7721.3043539188075,2760.6115385154353,5997.673799414246,26316.895783411106,20781.65944983955,10846.260562492116,8015.582741273244,1541.458219475624,8449.993694034556,896.8484186039993,6249.912417146621,2914.757360462998,840.7953924412494,3895.685318311122,462.4374658426872,588.5567747088746,2676.5319992713103,1919.8161460741862,2186.0680203472484,546.5170050868121,168.1590784882499,6305.96544330937,1779.6835806673114,938.8881882260619,1975.869172236936,5226.944689676434,3629.43344403806,616.5832877902496,252.23861773237482,2073.961968021749,11238.631745631368,2648.5054861899357,448.42420930199967,10706.127997085241,6502.151034878996,4428.189066857247,1163.1002928770615,2970.810386625748,630.596544330937,952.9014447667494,4680.427684589622,3265.088773980185,1541.458219475624,2298.1740726727485,3405.22133938706,1709.6172979638739,448.42420930199967,10453.889379352868,770.729109737812,238.22536119168734,56.05302616274996,4876.613276159246,3755.5527529042474,4554.308375723434,3012.8501562478104,4316.083014531748,12233.57296002018,6824.455935314808,9472.961421504742,3110.9429520326225,1877.7763764521237,2578.439203486498,3671.4732136601224,5675.368898978433,2172.054763806561,4105.884166421434,4049.831140258685,3587.3936744159973,42.03976962206247,3951.738344473872,2676.5319992713103,3405.22133938706,1135.0737797956867,1737.6438110452489,952.9014447667494,13817.070949117864,2774.6247950561233,238.22536119168734,1961.8559156962485,854.8086489819369,158728.1568363672,68062.38701811915,44730.314877874465,58491.33280082959,28082.566107537732,10257.703787783243,3335.1550566836227,574.5435181681871,40946.73561188885,2718.571768893373,1863.7631199114362,1443.3654236908114,938.8881882260619,10944.353358276929,9472.961421504742,10369.809840108745,182.17233502893737,1036.9809840108744,1149.0870363363742,1737.6438110452489,1163.1002928770615,34963.07506901529,238.22536119168734,11602.976415689243,1849.7498633707487,7328.933170779557,3727.5262398228724,7749.3308670001825,2200.0812768879364,3587.3936744159973,6992.615013803057,7819.39714970362,9795.266321940557,798.7556228191869,1709.6172979638739,672.6363139529996,224.21210465099983,4288.056501450372,1779.6835806673114,1219.1533190398115,910.861675144687,2382.2536119168735,700.6628270343745,630.596544330937,434.4109527613122,3138.969465113998,2396.266868457561,1261.193088661874,2578.439203486498,546.5170050868121,2564.4259469458107,2914.757360462998,546.5170050868121,546.5170050868121,1107.0472667143117,1359.2858844466864,1401.325654068749,532.5037485461246,546.5170050868121,546.5170050868121,1415.3389106094364,602.570031249562,14.01325654068749,1036.9809840108744,560.5302616274996,868.8219055226244,126.11930886618741,994.9412143888119,1499.4184498535615,4778.520480374435,1723.6305545045614,14.01325654068749,532.5037485461246,14.01325654068749,1093.0340101736242,546.5170050868121,616.5832877902496,1275.2063452025618,364.34467005787474,336.3181569764998
SRR24907892,controle,13296.619687692475,3876.6711351038007,10615.557407340313,5072.279989855439,12209.702547009167,13260.389116336364,1050.6865693271984,2681.0622803521615,2572.37056628383,326.0751422049926,362.30571356110283,797.0725698344263,5108.51056121155,1195.6088547516395,4130.285134596573,25216.47766385276,18948.58881924568,10977.863120901417,9492.409695300896,833.3031411905365,7354.805985290388,470.99742762943373,7934.495126988152,4347.668562733234,1666.606282381073,5180.971703923771,688.3808557660954,398.53628491721315,2644.831708996051,1449.2228542444113,1702.8368537371834,905.7642839027571,144.92228542444116,6847.577986304844,1195.6088547516395,579.6891416977646,1195.6088547516395,4130.285134596573,2028.911995942176,1123.1477120394188,688.3808557660954,1485.4534256005218,12572.00826057027,3188.290279337705,688.3808557660954,12282.163689721387,6702.655700880403,4637.513133582117,869.5337125466468,2427.4482808593893,1449.2228542444113,398.53628491721315,5651.9691315532045,2499.9094235716098,1521.683996956632,2862.2151371327127,3296.981993406036,1630.375711024963,688.3808557660954,7717.111698851491,362.30571356110283,434.7668562733234,36.23057135611029,5869.352559689866,3152.059707981595,4383.899134089344,3840.4405637476902,4383.899134089344,12499.54711785805,4891.127133074889,6630.194558168182,3333.212564762146,2173.834281366617,2210.064852722727,4130.285134596573,8043.186841056484,2137.6037100105073,3804.2099923915803,4528.821419513785,5180.971703923771,108.69171406833085,3949.132277816021,2065.1425672982864,1557.9145683127422,869.5337125466468,1268.0699974638599,978.2254266149778,14854.534256005218,3550.595992898808,253.613999492772,1086.9171406833084,615.9197130538748,161660.80939096407,74997.28270714829,39527.55334951632,62968.73301691967,24636.788522154995,10941.632549545307,2536.1399949277197,1195.6088547516395,43476.68562733234,4528.821419513785,2463.6788522154993,1340.5311401760807,1956.4508532299556,12608.23883192638,8840.259410890909,14818.303684649107,326.0751422049926,1992.6814245860655,1376.7617115321907,1666.606282381073,1412.9922828883011,37136.33564001304,217.3834281366617,9347.487409876454,1304.3005688199703,5289.663417992102,5036.0494184993295,8333.031411905366,1050.6865693271984,2898.4457084888227,5724.430274265425,6449.041701387631,7318.575413934277,1231.8394261077497,760.841998478316,326.0751422049926,253.613999492772,4709.974276294337,1775.297996449404,797.0725698344263,1594.1451396688526,1521.683996956632,652.1502844099851,0.0,289.8445708488823,4311.4379913771245,1847.7591391616245,1594.1451396688526,2210.064852722727,615.9197130538748,2463.6788522154993,2499.9094235716098,615.9197130538748,615.9197130538748,760.841998478316,398.53628491721315,398.53628491721315,470.99742762943373,615.9197130538748,615.9197130538748,797.0725698344263,543.4585703416542,108.69171406833085,760.841998478316,1449.2228542444113,1014.455997971088,144.92228542444116,1666.606282381073,1702.8368537371834,4492.590848157675,2499.9094235716098,108.69171406833085,652.1502844099851,108.69171406833085,1304.3005688199703,615.9197130538748,724.6114271222057,1050.6865693271984,253.613999492772,217.3834281366617
SRR24907906,controle,13047.711781888996,6426.4849074975655,11976.630963972737,4284.323271665045,10175.267770204478,10905.550146056476,1119.7663096397273,3456.6699123661147,1996.1051606621227,0.0,0.0,243.42745861733204,8033.1061343719575,2482.960077896787,5501.460564751705,26582.278481012658,22200.584225900682,11927.94547224927,7594.93670886076,2239.5326192794546,8130.47711781889,827.653359298929,7156.767283349563,3894.8393378773126,778.9678675754625,4625.121713729309,827.653359298929,584.2259006815968,2775.0730282375853,1850.0486854917235,1850.0486854917235,389.48393378773125,0.0,6134.371957156767,1606.6212268743914,1898.73417721519,2142.1616358325223,4722.492697176242,2823.7585199610517,1071.0808179162611,535.5404089581306,1411.8792599805258,10321.324245374879,3067.1859785783836,389.48393378773125,12999.026290165531,7887.049659201558,5306.718597857838,876.3388510223953,4186.952288218111,730.2823758519961,535.5404089581306,3359.2989289191823,1996.1051606621227,1509.2502434274586,1996.1051606621227,3456.6699123661147,973.7098344693281,389.48393378773125,9444.985394352483,827.653359298929,146.0564751703992,0.0,5063.291139240507,3456.6699123661147,5160.6621226874395,3018.500486854917,4284.323271665045,10516.066212268743,6280.428432327167,9785.783836416747,3310.613437195716,1022.3953261927945,1557.935735150925,3407.9844206426487,7789.678675754625,2288.218111002921,3359.2989289191823,4625.121713729309,3213.2424537487827,243.42745861733204,4040.8958130477117,3213.2424537487827,1801.3631937682571,1217.1372930866603,1606.6212268743914,681.5968841285297,17478.09152872444,3164.5569620253164,292.1129503407984,2093.4761441090554,1996.1051606621227,153261.92794547224,66163.58325219085,44839.337877312566,60126.582278481015,28140.214216163582,10954.23563777994,3261.927945472249,292.1129503407984,38997.07887049659,2726.387536514119,1703.9922103213244,1509.2502434274586,1947.4196689386563,12658.227848101265,8325.219084712757,10905.550146056476,389.48393378773125,1217.1372930866603,1411.8792599805258,1071.0808179162611,827.653359298929,34810.12658227848,243.42745861733204,10613.437195715676,2142.1616358325223,8276.533592989288,3359.2989289191823,10029.21129503408,2190.8471275559887,4089.581304771178,6183.057448880234,7448.88023369036,9006.815968841285,973.7098344693281,1509.2502434274586,340.79844206426486,97.37098344693281,4235.637779941577,2044.790652385589,778.9678675754625,584.2259006815968,2239.5326192794546,632.9113924050633,389.48393378773125,292.1129503407984,3943.524829600779,1996.1051606621227,1850.0486854917235,3067.1859785783836,584.2259006815968,1703.9922103213244,1996.1051606621227,584.2259006815968,584.2259006815968,1752.6777020447905,1119.7663096397273,1557.935735150925,535.5404089581306,584.2259006815968,584.2259006815968,1850.0486854917235,584.2259006815968,48.685491723466406,925.0243427458618,1168.4518013631937,1557.935735150925,535.5404089581306,1411.8792599805258,1655.306718597858,3894.8393378773126,2726.387536514119,48.685491723466406,681.5968841285297,48.685491723466406,1509.2502434274586,584.2259006815968,925.0243427458618,1071.0808179162611,243.42745861733204,243.42745861733204
SRR24907908,controle,14996.485198781535,4061.548074669999,12614.231039600094,6717.17566195423,11442.630633445286,13668.671405139421,1757.4006092322113,2460.3608529250955,1288.7604467702881,117.16004061548074,156.21338748730767,390.53346871826915,4569.241584003749,1991.7206904631726,6092.322112004998,22689.994532531437,17456.84605170663,11403.57728657346,9450.909942982113,1249.7070998984614,9489.96328985394,742.0135905647114,8513.629618058269,4959.775052722018,2616.5742404124035,6092.322112004998,390.53346871826915,781.0669374365383,3436.6945247207686,2694.6809341560574,3046.161056002499,1405.9204873857689,156.21338748730767,6131.375458876826,2382.254159181442,859.1736311801922,1171.6004061548076,5037.881746465672,3710.067952823557,312.42677497461534,234.32008123096148,2186.9874248223073,12340.857611497306,4686.4016246192305,859.1736311801922,14176.364914473172,7146.7624775443255,5584.62860267125,663.9068968210576,3788.174646567211,2030.7740373349995,624.8535499492307,4608.294930875576,2460.3608529250955,1249.7070998984614,1366.8671405139419,4100.601421541826,1249.7070998984614,859.1736311801922,10505.350308521442,468.64016246192296,234.32008123096148,0.0,4686.4016246192305,2343.2008123096152,4256.814809029134,4725.454971491056,4178.70811528548,13551.51136452394,5272.201827696634,6443.802233851441,3046.161056002499,1874.5606498476918,2108.8807310786533,1991.7206904631726,6092.322112004998,3241.427790361634,3905.3346871826916,3866.281340310865,3475.7478715925954,0.0,4100.601421541826,2343.2008123096152,3671.01460595173,1796.453956104038,2577.5208935405763,1015.3870186674998,16402.405686167305,3514.8012184644226,507.6935093337499,663.9068968210576,1366.8671405139419,160626.4156838241,69944.54424744201,43114.89494649692,59165.82051081778,25111.30203858471,12379.910958369132,2382.254159181442,1288.7604467702881,44013.121924548934,1991.7206904631726,1952.6673435913458,1132.5470592829804,1366.8671405139419,10544.403655393267,9255.64320862298,5623.6819495430755,117.16004061548074,1601.1872217449036,1093.4937124111536,937.2803249238459,2069.8273842068265,39092.40021869874,0.0,9021.32312739202,1444.9738342575959,5818.94868390221,3124.267749746153,5115.988440209326,781.0669374365383,4256.814809029134,6639.068968210576,5428.415215183942,8943.216433648364,1054.4403655393266,1327.8137936421151,624.8535499492307,78.10669374365384,4295.868155900961,1601.1872217449036,1054.4403655393266,2421.3075060532688,1327.8137936421151,820.1202843083652,195.26673435913457,546.7468562055768,3671.01460595173,2186.9874248223073,585.8002030774038,2265.094118565961,781.0669374365383,2186.9874248223073,2226.040771694134,781.0669374365383,781.0669374365383,234.32008123096148,781.0669374365383,781.0669374365383,429.5868155900961,781.0669374365383,781.0669374365383,312.42677497461534,468.64016246192296,78.10669374365384,546.7468562055768,273.3734281027884,351.4801218464422,156.21338748730767,2265.094118565961,820.1202843083652,3007.1077091306724,1523.0805280012496,78.10669374365384,781.0669374365383,78.10669374365384,1757.4006092322113,781.0669374365383,1757.4006092322113,1210.6537530266344,429.5868155900961,390.53346871826915
SRR24907938,controle,14309.984317825405,5880.815473078934,10977.52221641401,5031.364349189755,9147.935180345008,9997.386304234187,849.4511238891793,4116.570831155254,1306.8478829064297,326.71197072660743,392.0543648719289,718.7663355985363,8559.853633037115,5684.7882906429695,5096.706743335076,23588.604286461057,17315.734448510193,11238.891792995295,8559.853633037115,784.1087297438578,7971.772085729221,849.4511238891793,4835.3371667537895,3071.0925248301096,1306.8478829064297,4769.994772608468,784.1087297438578,1568.2174594877156,2156.2990067956093,2221.6414009409305,2417.6685833768947,718.7663355985363,196.02718243596445,5227.391531625719,1829.5870360690017,1502.8750653423942,849.4511238891793,2548.353371667538,2809.7229482488237,588.0815473078934,588.0815473078934,1698.9022477783585,10585.467851542082,3136.434918975431,326.71197072660743,13525.875588081546,6011.500261369577,4704.652378463147,457.3967590172504,3659.1740721380033,522.7391531625718,718.7663355985363,3593.8316779926818,2352.3261892315736,1306.8478829064297,3724.5164662833245,2809.7229482488237,1372.1902770517513,326.71197072660743,17315.734448510193,980.1359121798222,718.7663355985363,0.0,6272.869837950862,3397.804495556717,4704.652378463147,2352.3261892315736,6076.842655514898,13199.16361735494,10193.413486670152,10062.72869837951,2548.353371667538,1764.24464192368,2025.6142185049662,2679.0381599581806,4051.2284370099323,1502.8750653423942,4508.625196027183,2352.3261892315736,2156.2990067956093,457.3967590172504,3397.804495556717,1829.5870360690017,2483.0109775222163,1176.1630946157868,1568.2174594877156,457.3967590172504,19798.745426032412,1045.4783063251436,457.3967590172504,1894.929430214323,2286.983795086252,149307.3706220596,65081.0245687402,43910.08886565604,58481.44276006273,32213.800313643493,8494.511238891793,4051.2284370099323,980.1359121798222,37506.534239414534,4051.2284370099323,1045.4783063251436,1502.8750653423942,3593.8316779926818,10781.495033978044,15159.435441714584,10977.52221641401,718.7663355985363,2679.0381599581806,1502.8750653423942,3463.146889702039,1633.559853633037,45805.01829587036,261.3695765812859,11761.630946157868,1437.5326711970727,5162.049137480397,2875.0653423941453,6860.951385258756,784.1087297438578,2679.0381599581806,6076.842655514898,5750.130684788291,7318.348144276007,457.3967590172504,1568.2174594877156,261.3695765812859,196.02718243596445,3659.1740721380033,1829.5870360690017,522.7391531625718,980.1359121798222,1698.9022477783585,326.71197072660743,457.3967590172504,130.68478829064296,3005.7501306847885,1960.2718243596444,849.4511238891793,3593.8316779926818,326.71197072660743,4116.570831155254,3855.2012545739676,326.71197072660743,326.71197072660743,718.7663355985363,1437.5326711970727,1437.5326711970727,1176.1630946157868,326.71197072660743,326.71197072660743,849.4511238891793,1568.2174594877156,196.02718243596445,2221.6414009409305,718.7663355985363,784.1087297438578,392.0543648719289,1437.5326711970727,1045.4783063251436,5880.815473078934,2156.2990067956093,196.02718243596445,326.71197072660743,196.02718243596445,718.7663355985363,326.71197072660743,914.7935180345008,784.1087297438578,130.68478829064296,130.68478829064296
SRR24907942,controle,15936.127232500721,5418.924551896624,10324.814826690608,3302.658158848238,10805.784461474332,10613.396607560842,609.2282040593838,2148.3310353673005,1923.878539134896,160.32321159457464,192.38785391348958,448.904992464809,6893.89809856671,3078.2056626158333,5418.924551896624,24882.162439477986,17475.230063808638,12184.564081187675,7406.932375669349,1699.4260429024914,8721.58271074486,1090.1978388431075,5483.053836534454,4713.502420880495,1795.619969859236,3366.787443486068,288.5817808702344,352.7110655080643,2629.3006701510244,1314.6503350755122,1923.878539134896,801.6160579728734,96.19392695674479,4489.049924648091,1282.5856927565972,801.6160579728734,2789.623881745599,3655.3692243563023,2661.3653124699395,737.4867733350435,737.4867733350435,1795.619969859236,13435.085131625357,2404.84817391862,96.19392695674479,12184.564081187675,6509.122390739732,4072.209574502196,801.6160579728734,3078.2056626158333,641.2928463782986,384.77570782697916,5002.084201750729,1988.0078237727257,2116.2663930483855,4040.144932183282,2533.1067431942797,705.4221310161286,96.19392695674479,14493.218328149549,480.969634783724,96.19392695674479,64.12928463782987,5322.730624939879,4937.9549171129,5194.47205566422,2020.072466091641,4008.0802898643665,12216.62872350659,7310.738448712605,9972.103761182543,3014.0763779780036,1442.908904351172,2404.84817391862,3847.757078269792,6669.445602334306,1154.3271234809376,2468.97745855645,4104.274216821112,3206.4642318914935,641.2928463782986,4040.144932183282,2468.97745855645,2116.2663930483855,801.6160579728734,1218.4564081187675,545.0989194215538,17122.518998300573,3334.722801167153,224.4524962324045,1667.3614005835766,673.3574886972136,152403.2449418027,70189.5020361048,47872.51098214,57812.550101003624,29820.11735659089,8465.065572193542,1988.0078237727257,545.0989194215538,41940.55215314073,2917.8824510212585,2084.201750729471,833.6807002917883,1474.973546670087,13178.567993074037,9811.78054958797,12665.533715971398,160.32321159457464,2693.4299547888545,1090.1978388431075,673.3574886972136,1667.3614005835766,40048.73825632475,192.38785391348958,12505.210504376824,1571.1674736268317,6252.605252188412,4424.92064001026,9138.423060890756,1314.6503350755122,3238.528874210408,4873.82563247507,6124.346682912753,8016.160579728733,1154.3271234809376,2693.4299547888545,64.12928463782987,448.904992464809,4873.82563247507,994.0039118863629,929.8746272485331,801.6160579728734,1058.1331965241927,609.2282040593838,1026.068554205278,0.0,3815.6924359508766,2052.137108410556,801.6160579728734,3270.593516529323,545.0989194215538,1635.2967582646615,1603.2321159457467,545.0989194215538,545.0989194215538,609.2282040593838,1603.2321159457467,1699.4260429024914,833.6807002917883,545.0989194215538,545.0989194215538,673.3574886972136,1314.6503350755122,448.904992464809,1250.5210504376823,2308.6542469618753,769.5514156539583,1058.1331965241927,1154.3271234809376,1507.0381889890018,3687.4338666752174,3334.722801167153,448.904992464809,609.2282040593838,448.904992464809,1859.7492544970662,545.0989194215538,1988.0078237727257,1474.973546670087,0.0,0.0
SRR24907950,controle,16364.054240404505,2206.389335784877,21305.447023672717,8756.60767639623,19535.738910595268,20592.967133992184,2872.9027809698923,1677.775224086417,689.4966674327741,206.8490002298322,252.8154447253505,551.5973339462192,6182.486784647207,2689.0370029878186,4045.047115605608,16226.154906917951,16961.618018846242,10962.997012181107,13698.000459664445,459.6644449551827,3907.1477821190533,735.4631119282924,13812.91657090324,6734.084118593427,2803.953114226614,4596.644449551827,137.8993334865548,344.74833371638704,8273.960009193288,1838.6577798207309,2114.4564467938403,2068.490002298322,252.8154447253505,7239.715008044128,4228.912893587681,1034.245001149161,7400.597563778441,1424.9597793610665,1126.1778901401976,160.88255573431394,298.7818892208688,1378.9933348655481,7308.664674787405,7377.614341530682,68.9496667432774,12502.87290278097,19489.77246609975,18110.779131234198,459.6644449551827,8503.79223167088,91.93288899103655,1264.0772236267526,1562.8591128476212,2252.3557802803953,1149.1611123879568,5240.174672489083,7262.698230291887,942.3121121581245,68.9496667432774,8480.809009423121,160.88255573431394,91.93288899103655,0.0,3493.449781659389,7078.832452309814,2275.339002528154,3148.7014479430018,1700.7584463341761,18087.795908986438,3194.6678924385196,8687.658009652952,1424.9597793610665,390.7147782119053,2091.4732245460814,2114.4564467938403,5079.292116754769,1356.010112617789,6619.16800735463,1723.7416685819353,1631.8087795908987,321.7651114686279,3562.399448402666,1378.9933348655481,1126.1778901401976,1195.127556883475,1631.8087795908987,482.6476672029419,6067.5706734084115,3355.550448172834,91.93288899103655,781.4295564238106,919.3288899103654,153550.9078372788,69662.14663295794,42082.27993564698,72718.9151919099,29970.121811077912,6642.15122960239,1746.7248908296945,1378.9933348655481,47874.05194208228,6412.319007124799,620.5470006894967,6182.486784647207,643.5302229372558,7262.698230291887,6251.436451390485,7653.413008503791,0.0,620.5470006894967,68.9496667432774,0.0,965.2953344058838,40473.45437830384,344.74833371638704,12387.956791542174,712.4798896805332,2252.3557802803953,4711.560560790624,4619.627671799587,781.4295564238106,1769.7081130774534,3769.248448632498,3516.433003907148,3378.5336704205934,2114.4564467938403,1700.7584463341761,275.7986669731096,229.83222247759136,3723.28200413698,827.3960009193288,229.83222247759136,114.91611123879568,781.4295564238106,183.8657779820731,689.4966674327741,252.8154447253505,2068.490002298322,735.4631119282924,528.6141116984601,1447.9430016088256,160.88255573431394,275.7986669731096,459.6644449551827,160.88255573431394,160.88255573431394,413.6980004596644,1172.144334635716,1195.127556883475,229.83222247759136,160.88255573431394,160.88255573431394,413.6980004596644,229.83222247759136,0.0,666.5134451850149,160.88255573431394,137.8993334865548,137.8993334865548,1310.0436681222707,252.8154447253505,574.5805561939784,1310.0436681222707,0.0,137.8993334865548,0.0,0.0,160.88255573431394,735.4631119282924,344.74833371638704,206.8490002298322,183.8657779820731
SRR24907956,controle,12310.97869469897,5284.164371240655,7982.461071448649,4778.2337399516555,8881.893304851312,11186.688402945641,1124.2902917533306,3429.0853898476585,787.0032042273316,281.07257293833266,337.2870875259992,449.7161167013323,6689.527235932318,1911.2934959806623,5396.593400415987,23553.88161223228,17988.64466805329,13154.19641351397,11299.117432120973,2585.867671032661,9556.467479903311,393.5016021136658,8038.6755860363155,4946.877283714654,1574.0064084546632,5171.735342065322,505.9306312889989,1292.9338355163304,3766.372477373658,2585.867671032661,2923.15475855866,1630.2209230423296,168.6435437629996,7813.817527685647,2192.366068918995,3091.79830232166,1855.0789813929957,4328.517623250324,4103.659564899657,224.85805835066614,674.5741750519984,1630.2209230423296,10961.830344594975,3260.441846084659,0.0,12592.051267637306,6914.3852942829835,4778.2337399516555,1461.57737927933,3204.2273314969925,281.07257293833266,562.1451458766653,5733.880487941987,2529.6531564449942,1686.4354376299962,1461.57737927933,2529.6531564449942,899.4322334026646,0.0,9331.609421552645,674.5741750519984,281.07257293833266,0.0,6520.883692169318,3260.441846084659,3991.2305357243245,4609.590196188656,3878.801506548991,12423.407723874305,4497.1611670133225,8207.319129799314,2417.224127269661,1798.8644668053291,2417.224127269661,3541.5144190229917,8263.533644386982,3485.299904435325,2866.9402439709934,5340.3788858283215,2754.51121479566,112.42902917533307,4665.804710776322,3710.1579627859915,3766.372477373658,1686.4354376299962,2192.366068918995,1068.0757771656642,12816.90932598797,2079.937039743662,1011.8612625779978,618.3596604643318,1461.57737927933,161729.15846871663,72123.22221597617,47501.264826578226,60374.388667153864,26870.537972904604,12535.836753049638,3316.6563606723257,2023.7225251559955,46489.403564000226,3372.8708752599923,2248.5805835066612,1686.4354376299962,1742.6499522176625,10287.256169542976,8151.104615211649,9162.965877789646,505.9306312889989,1068.0757771656642,1517.7918938669964,562.1451458766653,2079.937039743662,36202.14739445725,1011.8612625779978,10231.04165495531,1574.0064084546632,5227.949856652988,3148.0128169093264,7083.028838045983,843.2177188149981,3766.372477373658,7757.603013097982,5677.66597335432,8094.890100623982,1686.4354376299962,1461.57737927933,562.1451458766653,449.7161167013323,5565.236944178987,1461.57737927933,449.7161167013323,281.07257293833266,1461.57737927933,337.2870875259992,449.7161167013323,449.7161167013323,3372.8708752599923,2585.867671032661,393.5016021136658,1798.8644668053291,281.07257293833266,1124.2902917533306,1124.2902917533306,281.07257293833266,281.07257293833266,337.2870875259992,1292.9338355163304,1405.3628646916634,505.9306312889989,281.07257293833266,281.07257293833266,505.9306312889989,393.5016021136658,0.0,562.1451458766653,337.2870875259992,449.7161167013323,337.2870875259992,1349.1483501039968,281.07257293833266,2361.0096126819944,1742.6499522176625,0.0,224.85805835066614,0.0,899.4322334026646,281.07257293833266,337.2870875259992,843.2177188149981,337.2870875259992,337.2870875259992
SRR24907957,controle,12481.934042832743,4204.440940743661,11496.518197345946,4927.079227433977,9985.547234266194,10773.87991065563,854.027066088556,3021.9419261595062,1379.5821836815137,0.0,0.0,262.7775587964788,6832.216528708448,4007.357771646301,5321.245565628696,27591.64367363027,21679.148600709497,13270.266719222178,12284.850873735382,1839.4429115753514,7357.771646301406,1510.9709630797531,6766.522139009329,4532.912889239258,1905.1373012744712,5846.800683221653,1051.1102351859151,788.3326763894363,3021.9419261595062,1905.1373012744712,2299.3036394691894,1248.1934042832743,131.3887793982394,7949.021153593484,1839.4429115753514,2233.6092497700697,1445.2765733806332,3941.663381947182,3087.6363158586255,459.86072789383786,197.08316909735908,1379.5821836815137,8737.35382998292,3744.5802128498226,131.3887793982394,11365.129417947708,6700.827749310209,4204.440940743661,854.027066088556,2364.998029168309,722.6382866903166,525.5551175929576,4467.218499540139,3350.4138746551043,2759.1643673630274,1839.4429115753514,4861.384837734857,1773.7485218762317,131.3887793982394,6832.216528708448,197.08316909735908,0.0,0.0,5978.189462619892,3678.885823150703,3678.885823150703,3284.7194849559846,4467.218499540139,13401.655498620417,6372.35580081461,6109.578242018131,2890.5531467612664,722.6382866903166,2496.3868085665486,4007.357771646301,6963.605308106688,3416.108264354224,3875.968992248062,4467.218499540139,4598.607278938379,591.2495072920773,2627.7755879647875,2956.2475364603865,2036.5260806727106,1248.1934042832743,1773.7485218762317,919.7214557876757,16226.514255682567,4138.746551044541,722.6382866903166,1642.3597424779923,1445.2765733806332,163907.50229930365,69767.44186046511,40730.52161345421,60241.75535409276,26343.450269347,10051.241623965314,3021.9419261595062,985.4158454867955,44803.57377479963,2364.998029168309,2102.2204703718303,1248.1934042832743,1248.1934042832743,8803.04821968204,7226.382866903166,10576.796741558272,0.0,1708.054132177112,1182.4990145841546,919.7214557876757,1510.9709630797531,33307.055577453684,525.5551175929576,9854.158454867955,2299.3036394691894,6635.133359611089,2299.3036394691894,3810.2746025489423,1379.5821836815137,3613.191433451583,9065.825778478516,8277.493102089082,8671.659440283798,525.5551175929576,1182.4990145841546,788.3326763894363,1051.1102351859151,4795.690448035738,1379.5821836815137,525.5551175929576,197.08316909735908,2102.2204703718303,394.16633819471815,0.0,722.6382866903166,4729.996058336618,2562.0811982656683,1905.1373012744712,2299.3036394691894,394.16633819471815,1970.831690973591,1379.5821836815137,394.16633819471815,394.16633819471815,1182.4990145841546,1051.1102351859151,1510.9709630797531,722.6382866903166,394.16633819471815,394.16633819471815,1248.1934042832743,985.4158454867955,197.08316909735908,1051.1102351859151,2167.9148600709495,854.027066088556,459.86072789383786,1708.054132177112,722.6382866903166,3810.2746025489423,2167.9148600709495,197.08316909735908,394.16633819471815,197.08316909735908,1116.8046248850349,394.16633819471815,1182.4990145841546,1051.1102351859151,656.9438969911969,591.2495072920773
SRR24907983,controle,12675.989906374549,3348.819658986393,14385.774591420419,6980.63816239417,14126.358984034148,13925.901469235667,1521.1187887649457,2087.116477607716,1037.6624295450795,353.7485555267316,412.7066481145202,282.9988444213853,6060.8919180246685,3195.528618258142,5035.0211069971465,21059.830672358086,19397.21246138245,10353.041058415678,11461.453199066103,1320.6612739664647,7157.512440157536,613.1641629130015,10305.874584345447,6662.264462420112,2405.490177581775,3702.568214513124,259.41560738626987,495.2479777374242,5365.186425488762,1686.201448010754,1674.4098294931964,530.6228332900974,153.29104072825038,5164.728910690282,2546.9895997924673,542.4144518076552,3513.9023182322007,3195.528618258142,4044.5251515222985,613.1641629130015,424.4982666320779,1521.1187887649457,10907.247128740892,4221.399429285664,601.3725443954437,12664.19828785699,14822.064476570054,12982.57198783105,306.58208145650076,7735.301747517864,813.6216777114827,341.9569370091739,3384.1945145390655,2771.030351626064,1957.4086739145816,3973.775440416952,4233.191047803221,1238.1199443435605,601.3725443954437,9551.210999221754,695.7054925359055,247.6239888687121,23.58323703511544,4221.399429285664,4504.398273707049,3289.8615663986043,4221.399429285664,3348.819658986393,13076.90493597151,5424.144518076551,8348.465910430865,2511.6147442397946,1697.9930665283116,3478.5274626795276,3124.778907152796,4669.480932952857,1603.66011838785,5365.186425488762,2829.9884442138527,2311.157229441313,0.0,3348.819658986393,2299.3656109237554,3796.901162653586,1096.620522132868,1462.1606961771572,1014.079192509964,11720.868806452374,3608.2352663726624,400.9150295969625,742.8719666061364,1615.4517369054076,155779.07223545504,71150.62613494329,40445.251515222975,65620.35705020871,27674.92866070797,10117.208688064524,1910.2421998443506,955.1210999221753,45786.854703676625,3608.2352663726624,1438.5774591420418,2334.7404664764285,978.7043369572908,11225.62082871495,8183.383251185058,7428.719666061364,176.8742777633658,1426.785840624484,1285.2864184137916,2205.0326627832937,825.4132962290404,36094.14428224418,412.7066481145202,11897.74308421574,1049.454048062637,4810.98035516355,2676.6974034856025,6072.683536542226,1061.245666580195,2405.490177581775,4681.272551470414,4834.563592198665,6108.058392094898,837.2049147465982,1190.9534702733297,176.8742777633658,306.58208145650076,4952.479777374242,1556.4936443176189,990.4959554748484,1049.454048062637,1438.5774591420418,530.6228332900974,0.0,153.29104072825038,3006.862721977219,1709.7846850458693,613.1641629130015,1686.201448010754,530.6228332900974,3407.7777515741814,3171.9453812230263,518.8312147725397,518.8312147725397,483.4563592198665,365.5401740442893,389.1234110794047,318.3736999740584,518.8312147725397,518.8312147725397,483.4563592198665,518.8312147725397,117.9161851755772,495.2479777374242,731.0803480885786,448.0815036671934,0.0,1214.536707308445,1249.9115628611185,4504.398273707049,1603.66011838785,106.12456665801948,495.2479777374242,117.9161851755772,813.6216777114827,518.8312147725397,754.6635851236941,1190.9534702733297,117.9161851755772,106.12456665801948
SRR24907984,controle,13487.040385774564,5010.548523206751,11094.78601567209,4313.5925256178425,9625.527426160337,10039.933694996986,809.9758890898131,2684.2224231464734,3023.2820976491867,94.18324291742013,113.01989150090415,197.78481012658227,8014.993972272453,3805.0030138637735,5519.13803496082,24911.467751657623,20183.468957203135,12093.128390596747,9126.356238698012,1346.820373719108,8241.033755274262,1149.0355635925255,6931.886678722122,4596.142254370102,1572.8601567209162,3663.728149487643,329.6413502109705,395.56962025316454,2882.007233273056,1563.4418324291742,1271.4737793851718,376.7329716696805,235.45810729355034,5264.843279083786,1648.2067510548522,922.9957805907173,2486.4376130198916,3729.656419529837,2712.4773960217,951.2507534659434,753.465943339361,1167.8722121760095,11424.427365883063,2467.6009644364076,301.38637733574444,11961.271850512358,7468.731163351416,5406.118143459916,621.6094032549729,3965.1145268233877,753.465943339361,414.4062688366486,3757.9113924050635,1817.7365883062087,1789.4816154309826,2618.2941531042798,2373.4177215189875,696.955997588909,282.5497287522604,12837.176009644363,1365.657022302592,809.9758890898131,56.509945750452076,6093.655816757083,5076.476793248945,4304.1742013261,3060.9553948161542,4144.062688366485,12159.056660638938,6931.886678722122,9606.690777576852,3136.301989150091,1346.820373719108,3522.453285111513,3955.6962025316457,5246.006630500301,1186.7088607594937,4200.572634116938,4285.337552742616,2872.588908981314,56.509945750452076,4360.684147076552,2194.4695599758893,2137.9596142254372,715.792646172393,1120.7805907172994,574.5177817962627,17235.53345388788,2750.150693188668,226.0397830018083,1158.4538878842677,1469.258589511754,154677.1398432791,67821.35322483424,45547.01627486438,58789.18022905365,29187.386980108502,9625.527426160337,2608.8758288125377,998.3423749246533,42947.558770343574,2797.242314647378,1676.4617239300785,1365.657022302592,2137.9596142254372,11914.180229053647,9295.886075949365,12865.43098251959,291.9680530440024,2608.8758288125377,2147.3779385171792,1177.2905364677517,1083.1072935503314,39622.89029535865,583.9361060880047,10991.18444846293,2043.7763713080171,5980.635925256179,3560.126582278481,8937.98975286317,1403.33031946956,2844.333936106088,5886.452682338758,7016.6515973478,7327.456298975286,1186.7088607594937,1506.931886678722,188.36648583484026,197.78481012658227,4191.154309825196,1883.6648583484027,791.1392405063291,791.1392405063291,1544.6051838456901,631.0277275467149,555.6811332127787,65.92827004219409,3211.6485834840264,1864.8282097649185,1130.1989150090417,3032.700421940928,536.8444846292948,2269.8161543098254,1883.6648583484027,555.6811332127787,555.6811332127787,1026.5973477998793,1393.911995177818,1563.4418324291742,734.629294755877,555.6811332127787,593.3544303797469,1026.5973477998793,866.4858348402653,113.01989150090415,1393.911995177818,1761.2266425557566,913.5774562989753,423.8245931283906,1488.095238095238,1280.8921036769138,3682.564798071127,2721.895720313442,103.60156720916216,565.0994575045208,150.69318866787222,1855.4098854731767,555.6811332127787,602.7727546714889,1318.565400843882,65.92827004219409,244.87643158529235
SRR24908007,controle,13525.698827772769,5569.40539967114,11722.272317403067,7107.622129104122,12836.153397337295,13366.572959210735,1803.4265103697023,2705.139765554554,1326.0489046836049,0.0,0.0,689.5454304354745,5251.153662547075,2121.6782474937677,6365.034742481303,25194.929188988488,20315.069219752826,12199.649923089164,9653.636026096643,848.671298997507,8964.090595661168,583.461518060786,8858.00668328648,3978.1467140508144,2121.6782474937677,7266.747997666154,795.6293428101628,583.461518060786,4561.6082321116,3341.6432398026836,3606.8530207394047,689.5454304354745,0.0,7425.873866228187,3023.3915026786185,1219.9649923089162,689.5454304354745,4349.440407362224,3235.5593274279954,477.3776056860977,0.0,2599.055853179865,11191.852755529624,3553.811064552061,0.0,13578.740783960113,6683.286479605367,4296.3984511748795,1856.4684665570467,2599.055853179865,371.29369331140936,636.5034742481303,4084.230626425503,2546.013896992521,1485.1747732456374,1379.090860870949,3925.1047578634702,424.3356494987535,0.0,9123.2164642232,159.12586856203257,159.12586856203257,106.08391237468838,6046.783005357237,2121.6782474937677,3606.8530207394047,4561.6082321116,3872.062801676126,11722.272317403067,6524.160611043335,7584.999734790219,2015.594335119079,1803.4265103697023,1538.2167294329815,3872.062801676126,6311.9927862939585,2652.0978093672097,4508.566275924256,3765.9788893014374,4508.566275924256,0.0,2758.181721741898,4137.272582612847,3182.5173712406513,2280.8041160558,3023.3915026786185,1538.2167294329815,15010.873601018406,2174.720203681112,424.3356494987535,901.7132551848512,1060.8391237468838,161459.71463427573,73357.02540709701,44077.865591683025,60626.95592213441,27422.691348856944,12623.985572587917,2652.0978093672097,742.5873866228187,42115.31321275128,3023.3915026786185,2121.6782474937677,1485.1747732456374,1219.9649923089162,9388.426245159922,8009.335384288974,7797.1675595395955,477.3776056860977,1166.923036121572,636.5034742481303,371.29369331140936,2546.013896992521,33045.13870471543,477.3776056860977,9759.71993847133,1750.3845541823582,5463.321487296452,3765.9788893014374,5357.237574921763,1273.0069484962605,4243.356494987535,8698.880814724447,6046.783005357237,7638.041690977563,159.12586856203257,583.461518060786,583.461518060786,265.20978093672096,3765.9788893014374,1962.5523789317351,1219.9649923089162,159.12586856203257,2280.8041160558,848.671298997507,0.0,530.4195618734419,3765.9788893014374,2386.8880284304887,1379.090860870949,2174.720203681112,848.671298997507,1326.0489046836049,1538.2167294329815,848.671298997507,848.671298997507,954.7552113721954,424.3356494987535,477.3776056860977,318.25173712406513,848.671298997507,848.671298997507,1007.7971675595395,318.25173712406513,0.0,795.6293428101628,1166.923036121572,689.5454304354745,0.0,1591.2586856203257,530.4195618734419,1803.4265103697023,1485.1747732456374,0.0,795.6293428101628,0.0,424.3356494987535,848.671298997507,1909.5104227443908,954.7552113721954,424.3356494987535,424.3356494987535
SRR24908040,controle,15869.430168859773,4292.087874851753,13045.688145930988,7285.254419156266,13158.637826848139,13892.810752809624,1581.29553284012,2936.691703845937,2315.468458801604,0.0,0.0,282.3742022928785,6494.606652736206,2880.2168633873607,4517.987236686056,23775.907833060373,18241.373468119953,11577.34229400802,10334.895803919353,1298.9213305472413,7285.254419156266,1468.3458519229684,8245.326706952053,5026.260800813238,2710.792342011634,5929.858248150449,677.6980855029085,903.5974473372112,3727.339470265996,2428.418139718755,1976.6194160501498,1976.6194160501498,790.64776642006,6607.556333653357,2258.993618343028,1750.7200542158469,2258.993618343028,3106.1162252216636,3219.065906138815,734.1729259614842,621.2232450443328,2880.2168633873607,8979.499632913537,3501.4401084316937,112.9496809171514,11859.716496300898,6381.656971819054,4348.56271531033,960.0722877957869,3219.065906138815,169.42452137572712,1073.0219687129384,2202.5187778844524,2597.8426610944825,2202.5187778844524,2880.2168633873607,3614.3897893488447,734.1729259614842,112.9496809171514,10730.219687129384,1185.9716496300898,1411.8710114643927,508.2735641271813,5365.109843564692,4179.138193934603,4009.713672558875,3783.8143107245724,3444.965267973118,12989.213305472413,6946.405376404812,8301.801547410629,2541.3678206359064,1863.669735132998,1750.7200542158469,2315.468458801604,8019.42734511775,2202.5187778844524,5026.260800813238,3614.3897893488447,4348.56271531033,112.9496809171514,3783.8143107245724,3162.59106568024,2823.7420229287854,1073.0219687129384,1524.8206923815442,903.5974473372112,13610.436550516744,3275.5407465973913,508.2735641271813,2202.5187778844524,621.2232450443328,157395.3803580505,72400.74546789406,45857.57045236347,61218.72705709607,28180.945388829277,10165.471282543625,3332.0155870559665,2597.8426610944825,43146.778110351835,2541.3678206359064,1073.0219687129384,1976.6194160501498,1411.8710114643927,14005.760433726775,9713.67255887502,10899.644208505111,282.3742022928785,1920.1445755915738,1073.0219687129384,508.2735641271813,2258.993618343028,36878.07081944994,225.8993618343028,11238.493251256565,1411.8710114643927,5365.109843564692,3727.339470265996,7341.729259614842,1298.9213305472413,2033.0942565087253,6607.556333653357,4969.785960354662,6268.707290901903,1185.9716496300898,903.5974473372112,282.3742022928785,395.32388321003,3783.8143107245724,1411.8710114643927,169.42452137572712,395.32388321003,1468.3458519229684,169.42452137572712,282.3742022928785,169.42452137572712,1920.1445755915738,1694.2452137572711,1863.669735132998,1750.7200542158469,169.42452137572712,847.1226068786356,903.5974473372112,169.42452137572712,169.42452137572712,790.64776642006,903.5974473372112,847.1226068786356,395.32388321003,169.42452137572712,169.42452137572712,903.5974473372112,564.748404585757,112.9496809171514,734.1729259614842,734.1729259614842,847.1226068786356,169.42452137572712,1807.1948946744224,790.64776642006,1694.2452137572711,1242.4464900886655,112.9496809171514,451.7987236686056,112.9496809171514,1411.8710114643927,169.42452137572712,1073.0219687129384,677.6980855029085,112.9496809171514,112.9496809171514
SRR24908049,controle,13795.006207752793,5655.952545178645,10415.22968685336,4000.55180024831,9794.454407504483,12967.305835287625,758.7253414264037,3034.901365705615,1241.5505586977513,758.7253414264037,965.6504345426955,758.7253414264037,6690.578010760105,3310.8014898606707,5931.852669333701,23727.410677334803,15588.357014760657,11449.855152434819,10967.029935163471,2276.176024279211,7863.153538419092,620.7752793488756,7173.403228031452,4138.5018623258375,1241.5505586977513,5173.1273279072975,551.8002483101117,758.7253414264037,4069.5268312870744,2965.9263346668504,2621.0511794730305,689.7503103876397,0.0,7380.328321147745,2414.126086356739,1655.4007449303353,965.6504345426955,4000.55180024831,2827.9762725893224,1034.6254655814594,482.82521727134775,1724.375775969099,12415.505586977513,2552.076148434267,137.95006207752792,12760.380742171335,6138.777762449992,3655.6766450544906,1241.5505586977513,2621.0511794730305,206.92509311629192,482.82521727134775,4966.202234791005,2207.2009932404467,1034.6254655814594,2965.9263346668504,2414.126086356739,896.6754035039315,137.95006207752792,15657.33204579942,689.7503103876397,758.7253414264037,0.0,4690.302110635949,3586.701614015726,5449.027452062353,2896.951303628087,3379.776520899434,13243.205959442683,6483.6529176438125,9035.72906607808,2965.9263346668504,1724.375775969099,2138.225962201683,4483.377017519658,5724.927576217409,1724.375775969099,3310.8014898606707,4069.5268312870744,3793.6267071320185,275.90012415505583,2345.1510553179746,2069.2509311629187,2000.275900124155,1724.375775969099,2345.1510553179746,620.7752793488756,15864.257138915711,2138.225962201683,620.7752793488756,482.82521727134775,551.8002483101117,156090.49524072284,69733.75638019037,44971.72023727411,61180.852531383636,30693.888812249963,11863.705338667402,2965.9263346668504,1103.6004966202233,45109.67029935163,4690.302110635949,1655.4007449303353,1103.6004966202233,1793.350807007863,14760.65664229549,11518.830183473583,11449.855152434819,344.87515519381986,1517.4506828528074,2345.1510553179746,1724.375775969099,1034.6254655814594,34418.54048834322,0.0,10967.029935163471,2000.275900124155,5311.0773899848255,3793.6267071320185,7311.353290108981,1034.6254655814594,1862.325838046627,4897.227203752242,5931.852669333701,7863.153538419092,551.8002483101117,1241.5505586977513,137.95006207752792,68.97503103876396,3862.601738170782,1586.4257138915714,1586.4257138915714,275.90012415505583,1448.4756518140434,689.7503103876397,0.0,68.97503103876396,3862.601738170782,1862.325838046627,551.8002483101117,2207.2009932404467,620.7752793488756,2276.176024279211,2414.126086356739,620.7752793488756,620.7752793488756,482.82521727134775,620.7752793488756,689.7503103876397,413.85018623258384,620.7752793488756,620.7752793488756,482.82521727134775,689.7503103876397,206.92509311629192,965.6504345426955,1655.4007449303353,965.6504345426955,137.95006207752792,1241.5505586977513,1379.5006207752795,3517.726582976962,3034.901365705615,206.92509311629192,620.7752793488756,206.92509311629192,827.7003724651677,620.7752793488756,827.7003724651677,1103.6004966202233,68.97503103876396,68.97503103876396
SRR6784403,controle,13611.615245009074,3664.6656428870583,8969.705430685466,4502.303504118386,6805.807622504537,8690.492810275025,2163.89780818093,4327.79561636186,2373.307273488762,663.129973474801,802.7362836800223,453.7205081669691,6526.5950020940945,4257.9924612592495,7364.232863325423,23663.269579785006,20382.521289962304,15251.989389920425,7119.921820466285,2792.1262041044256,9109.311740890687,1745.0788775652659,4921.12243473405,5130.531900041882,628.2283959234957,3315.6498673740057,1535.669412257434,1675.2757224626555,2268.602540834846,2443.1104285913725,1745.0788775652659,349.0157755130532,314.11419796174783,7050.118665363674,2128.9962306296247,942.3425938852436,628.2283959234957,3629.764065335753,3525.059332681837,1710.1773000139608,872.5394387826329,628.2283959234957,11971.241100097724,3420.3546000279216,593.3268183721905,16089.62725115175,2617.6183163478986,1465.8662571548234,698.0315510261064,1745.0788775652659,837.6378612313277,2024.2914979757086,6631.299734748011,3141.1419796174787,907.4410163339383,3699.5672204383636,2303.5041183861513,1151.7520591930756,593.3268183721905,15635.906742984784,872.5394387826329,1012.1457489878543,279.2126204104426,6805.807622504537,3769.3703755409742,5339.941365349714,1954.488342873098,3210.9451347200893,9179.1148959933,10226.162222532459,10156.359067429848,3978.7798408488065,767.834706128717,698.0315510261064,2443.1104285913725,4467.401926567081,2478.0120061426774,2094.094653078319,5235.236632695797,2652.519893899204,558.4252408208852,5095.630322490576,3769.3703755409742,2024.2914979757086,767.834706128717,1396.0631020522128,209.40946530783194,16613.15091442133,3908.976685746196,279.2126204104426,1151.7520591930756,977.244171436549,162780.95769928803,60868.35124947647,44499.511377914285,52212.760016752756,28305.179394108614,8411.280189864583,4537.205081669692,1675.2757224626555,40939.55046768114,4223.090883707943,1989.3899204244033,1989.3899204244033,1430.964679603518,14135.138908278654,8830.099120480247,9842.2448694681,1081.948904090465,3141.1419796174787,2338.4056959374566,2408.208851040067,1081.948904090465,30643.58509004607,1151.7520591930756,11273.209549071616,4572.106659220996,6456.791846991484,4781.516124528828,9423.425938852435,1012.1457489878543,4048.582995951417,6247.382381683652,7224.626553120202,9563.032249057656,349.0157755130532,2617.6183163478986,174.5078877565266,314.11419796174783,2373.307273488762,1884.6851877704871,942.3425938852436,1081.948904090465,1081.948904090465,942.3425938852436,244.31104285913725,104.70473265391597,4257.9924612592495,907.4410163339383,732.9331285774117,3385.4530224766163,523.5236632695797,1430.964679603518,1221.5552142956863,523.5236632695797,523.5236632695797,593.3268183721905,1570.5709898087393,1640.37414491135,1047.0473265391595,523.5236632695797,523.5236632695797,663.129973474801,1919.5867653217924,732.9331285774117,2303.5041183861513,1745.0788775652659,558.4252408208852,244.31104285913725,2094.094653078319,767.834706128717,2687.421471450509,4083.484573502722,732.9331285774117,663.129973474801,802.7362836800223,802.7362836800223,523.5236632695797,593.3268183721905,2652.519893899204,104.70473265391597,104.70473265391597
SRR6784406,controle,14848.133828772585,3670.66327681916,8063.42424743881,5468.385660343298,6047.568185579107,7273.629894844524,3226.8740691709418,5077.249409534698,2452.123418530832,443.78920764821805,534.0514193732794,519.0077174191025,7988.205737667925,3670.66327681916,8522.257157041206,23475.696899493025,17751.568305928722,17375.475757074302,10004.061799527628,3723.316233658779,8815.609345147654,1692.4164698448994,5430.776405457855,4753.809817519895,1195.9743053570623,2482.2108224391854,804.8380545484633,1541.9794503031308,1639.7635130052804,2361.8612068057705,2226.4678892181787,233.1773802897417,436.2673566711296,8228.904968934756,2489.7326734162743,1391.5424307613619,1150.8431994945317,4069.321378604847,2813.1722654310774,1511.8920463947768,526.5295683961909,1496.8483444406,11666.390865464173,2617.6041400267777,692.0102898921366,13907.902456636528,3640.5758729108056,2369.3830577828594,1083.1465407007356,1098.1902426549125,767.228799663021,1399.0642817384503,6213.048907075053,1474.2827915093346,774.7506506401096,4633.460201886481,1481.804642486423,887.5784152964361,692.0102898921366,17247.604290463798,353.5269959231568,346.0051449460683,714.5758428234019,7220.976938004905,5701.563040633039,3309.6144299189145,2572.473034164247,2579.9948851413355,11215.079806838867,8394.385690430701,10846.509108961533,3294.5707279647377,1918.0719991575527,827.4036074797286,2775.5630105456353,4618.416499932303,2895.91262617905,2467.167120485009,2640.1696929580435,2008.334210882614,323.43959201480305,6438.704436387707,4069.321378604847,1669.8509169136341,1083.1465407007356,1594.6324071427498,285.83033712936077,13607.02841755299,3053.8714966979073,127.87146661050352,1045.5372858152934,443.78920764821805,163344.5158184526,62649.49678816964,47650.92593985528,57414.28850811608,32073.17256630512,8371.820137499435,5175.033472236849,1338.8894739217426,41798.92587968047,3166.6992613542343,1654.8072149594573,1887.984595249199,1872.9408932950219,8740.39083537677,7852.812420080334,9515.141486016879,300.8740390835377,2677.778947843485,1918.0719991575527,1030.4935838611166,1150.8431994945317,28372.4218855776,1188.4524543799737,9515.141486016879,4498.066884298889,6363.485926616821,4152.06173935282,5588.735275976712,1737.5475757074303,2324.2519519203283,6265.701863914672,6799.7532832879515,9266.920403772961,985.3624779985859,1722.5038737532532,338.4832939689799,406.1799527627758,2828.2159673852543,1346.4113248988313,1564.5450032343958,661.9228859837829,1925.5938501346411,1060.5809877694703,270.7866351751839,278.30848615227234,3452.529598483595,767.228799663021,1361.4550268530081,3256.9614730792955,767.228799663021,2324.2519519203283,1399.0642817384503,767.228799663021,767.228799663021,1128.2776465632662,1745.0694266845185,1767.6349796157838,834.9254584568171,767.228799663021,759.7069486859326,1218.5398582883277,2610.0822890496893,1361.4550268530081,2008.334210882614,737.1413957546673,300.8740390835377,120.34961563341507,1699.9383208219879,834.9254584568171,1150.8431994945317,3023.7840927895536,1391.5424307613619,834.9254584568171,1489.3264934635115,556.6169723045447,767.228799663021,1188.4524543799737,5137.424217351406,67.69665879379598,67.69665879379598
SRR6784524,controle,9562.643867148965,2486.024334100625,11798.750411048997,8174.942453140415,4518.250575468596,7083.196317000986,690.5623150279514,5511.344952318317,2972.7063465965143,499.83558040118385,605.0641236435383,302.53206182176916,6603.091088457744,6293.982242683327,8510.35843472542,26379.48043406774,19881.61788885235,11608.02367642223,5254.850378165078,1591.5817165406118,10825.386386057218,506.412364353831,6392.634001973035,5886.221637619205,894.4426175600132,4643.209470568891,1920.4209141729696,848.405129891483,697.1390989805985,1433.7389016770799,907.5961854653075,493.25879644853666,374.87668530088786,5577.112791844788,3038.474186122986,374.87668530088786,269.6481420585334,1736.2709634988491,4662.9398224268325,1321.9335744820783,1091.7461361394278,894.4426175600132,19493.587635646167,1926.9976981256166,256.49457415323906,14646.497862545215,3669.8454455771125,1335.0871423873725,973.364024991779,927.326537323249,1256.1657349556067,1506.0835251561984,6155.869779677738,1657.3495560670833,677.408747122657,4695.8237421900685,1742.8477474514962,388.0302532061822,256.49457415323906,14061.164090759617,782.6372903650115,644.5248273594212,85.49819138441302,6169.023347583032,2058.5333771785595,2847.747451496218,1045.7086484708977,2551.7921736270964,5366.655705360079,10332.12758960868,8089.444261756002,3571.193686287406,637.9480434067741,420.91417296941796,3077.934889838869,3137.125945412693,3564.6169023347584,2104.57086484709,4985.202236106545,3446.2347911871097,874.7122657020717,3761.920420914173,5004.932587964486,2972.7063465965143,453.79809273265374,1196.9746793817824,85.49819138441302,16954.949029924366,4340.677408747122,453.79809273265374,2959.55277869122,414.3373890167708,163189.74021703386,67490.9569220651,42466.293982242685,52449.85202236106,28280.170996382767,12259.125287734298,5629.727063465965,914.1729694179546,44616.902334758306,4123.643538309766,2367.642222952976,190.72673462676752,1637.6192042091416,19769.81256165735,12528.773429792831,10634.659651430451,249.91779020059192,2288.72081552121,315.6856297270635,203.88030253206182,4452.482735942124,34271.62117724433,1348.2407102926668,13811.246300559027,4340.677408747122,3426.5044393291682,3446.2347911871097,15764.551134495232,1926.9976981256166,1900.6905623150278,6037.487668530089,4097.336402499178,5649.457415323906,72.34462347911871,1506.0835251561984,118.3821111476488,1992.7655376520884,3610.6543900032884,2065.1101611312065,322.2624136797106,1177.2443275238409,1729.694179546202,72.34462347911871,32.88391976323578,98.65175928970734,6524.169681025978,177.5731667214732,1367.9710621506083,3623.807957908583,59.1910555738244,519.5659322591252,907.5961854653075,59.1910555738244,59.1910555738244,1150.937191713252,2190.0690562315026,2216.3761920420916,315.6856297270635,59.1910555738244,59.1910555738244,1236.4353830976652,657.6783952647156,263.07135810588625,1012.824728707662,2163.761920420914,203.88030253206182,230.18743834265044,1341.6639263400198,815.5212101282473,3584.3472541927,6570.207168694508,269.6481420585334,65.76783952647156,282.8017099638277,39.460703715882936,59.1910555738244,335.41598158500494,1262.742518908254,144.68924695823742,151.26603091088458
SRR6784528,controle,14263.978699125144,4482.9647340107595,8422.53980329294,5080.693365212193,5080.693365212193,8232.353420637939,2390.914524805738,6520.675976742923,2200.7281421507364,190.18638265500192,244.52534912785958,190.18638265500192,7553.1163397272185,1494.3215780035864,8857.251535075804,24398.195946313102,16953.757539531598,18882.790849318048,11384.013476063685,5814.269412595772,11275.33554311797,1521.4910612400154,5596.913546704342,6547.845459979351,1168.2877791664403,2418.084008042167,326.0337988371461,2092.0502092050206,1032.440362984296,1385.643645057871,1168.2877791664403,760.7455306200077,978.1013965114383,7716.133239145792,1548.660544476444,2418.084008042167,1222.626745639298,5488.235613758627,3260.3379883714615,1385.643645057871,434.7117317828615,1032.440362984296,10568.92897897082,4972.0154322664785,787.9150138564364,8938.759984785089,3858.066619572896,4048.2530022278975,407.5422485464327,543.3896647285769,760.7455306200077,2608.2703906971688,5352.388197576482,4075.422485464326,135.84741618214423,2662.609357170026,3939.575069282182,1793.1858936043036,787.9150138564364,14834.537847090149,624.8981144378635,380.37276531000384,706.4065641471499,6792.37080910721,4102.591968700755,4211.26990164647,3151.6600554257457,2526.7619409878826,10813.45432809868,7851.980655327936,10867.793294571538,3042.9821224800307,760.7455306200077,815.0844970928654,3966.7445525186113,5189.371298157909,3260.3379883714615,2635.4398739335975,2173.5586589143077,1439.9826115307287,706.4065641471499,6602.184426452209,4754.659566375047,2092.0502092050206,950.9319132750095,815.0844970928654,0.0,9536.488615986524,2336.5755583328805,244.52534912785958,1059.6098462207249,326.0337988371461,163207.08580122807,61321.5236646199,48714.88344291692,59392.490354833455,29288.702928870294,9699.505515405097,6520.675976742923,950.9319132750095,45617.56235396402,3097.321088952888,1195.457262402869,1983.3722762593056,733.5760473835787,10731.945878389393,6221.811661142205,12688.14867141227,135.84741618214423,4374.286801065044,2553.9314242243113,271.69483236428846,597.7286312014345,27522.686518502418,1195.457262402869,9862.52241482367,3178.8295386621744,5977.286312014346,5352.388197576482,5026.354398739336,1467.1520947671575,2200.7281421507364,4836.168016084334,7362.929957072217,9183.285333912949,543.3896647285769,1548.660544476444,679.2370809107211,163.01689941857305,2390.914524805738,570.5591479650056,842.2539803292941,950.9319132750095,1929.033309786448,1494.3215780035864,597.7286312014345,570.5591479650056,3369.0159213171764,1956.2027930228767,1168.2877791664403,3070.1516057164595,461.8812150192903,1222.626745639298,1005.2708797478672,461.8812150192903,461.8812150192903,950.9319132750095,1684.5079606585882,1766.0164103678749,1630.1689941857308,461.8812150192903,461.8812150192903,1005.2708797478672,2744.1178068793133,950.9319132750095,2309.406075096452,679.2370809107211,135.84741618214423,407.5422485464327,2852.7957398250287,652.0675976742922,1032.440362984296,2553.9314242243113,978.1013965114383,489.05069825571917,1059.6098462207249,244.52534912785958,461.8812150192903,923.7624300385806,5542.574580231484,434.7117317828615,434.7117317828615
SRR6784540,controle,12285.249427791414,3378.0988886744067,10547.941427901718,6949.231999558779,7018.172793205195,10134.296666023218,2219.8935554146096,5597.992444089016,1406.3921903868957,951.3829523205471,1144.4171745305132,579.1026666298983,5349.8055869619175,4177.812094972837,7045.749110663762,25480.517331715524,17772.936602046164,12850.563935692027,7293.935967790861,2109.5882855803434,9568.982158122604,1627.0027300554284,5308.441110774068,5142.983206022668,951.3829523205471,4232.96472988997,2082.011968121777,1709.7316824311283,1475.3329840333122,1433.9685078454625,1640.7908887847116,275.76317458566587,344.7039682320823,5901.331936133249,2054.4356506632103,813.5013650277142,579.1026666298983,2992.030444254474,4315.69368226567,1185.781650718363,910.0184761326973,234.39869839781596,15428.949618068003,3254.005460110857,399.85660314921546,16435.485205305682,3515.9804759672393,868.6539999448473,854.8658412155642,620.4671428177481,799.7132062984309,1006.5355872376804,7542.12282491796,3460.8278410501066,910.0184761326973,4894.796348895568,3584.9212696136556,1737.3079998896947,399.85660314921546,15208.339078399471,496.3737142541985,344.7039682320823,523.950031712765,6976.808317017346,4632.821333039186,3846.8962854700385,1489.1211427625956,3309.15809502799,8893.362380387724,8769.268951824173,10313.542729503903,3336.7344124865567,868.6539999448473,565.3145079006149,3074.759396630174,3833.108126740755,4012.354190221438,3047.1830791716075,3405.675206132973,2537.0212061881257,772.1368888398644,4591.456856851336,2854.1488569616413,1944.1303808289442,813.5013650277142,1240.9342856354963,317.1276507735157,15360.008824421586,2716.2672696688087,537.7381904420483,1751.0961586189778,358.4921269613656,159790.97151366406,65562.69475774205,45266.525108237045,53649.72561564129,28431.183299782148,9968.83876127182,5694.509555193999,689.4079364641645,41874.63806083336,3943.4133965750216,2798.996222044508,1061.6882221548135,2068.223809392494,17510.96158618978,12492.071808730663,11995.698094476464,386.0684444199322,2219.8935554146096,1158.2053332597966,854.8658412155642,2798.996222044508,26707.663458621737,785.9250475691476,14215.591649891074,3226.4291426522905,4301.905523536387,4991.3134600005515,10396.271681879602,1020.3237459669637,2302.6225077903096,6838.926729724513,5294.652952044784,6811.350412265946,413.64476187849874,2564.597523646692,220.61053966853268,1130.6290158012298,4122.659460055705,2026.8593332046437,455.00923806634864,523.950031712765,1089.26453961338,427.4329206077821,151.66974602211621,179.2460634806828,5666.933237735433,606.6789840884649,592.8908253591815,2936.877809337341,261.9750158563825,1475.3329840333122,1199.5698094476465,261.9750158563825,261.9750158563825,510.1618729834818,1530.4856189504453,1571.8500951382953,744.5605713812978,261.9750158563825,261.9750158563825,537.7381904420483,1378.815872928329,523.950031712765,1847.6132697239611,1957.9185395582274,234.39869839781596,96.51711110498304,1433.9685078454625,1751.0961586189778,3005.8186029837575,5873.755618674682,537.7381904420483,275.76317458566587,565.3145079006149,620.4671428177481,261.9750158563825,427.4329206077821,2578.3856823759756,0.0,0.0
SRR6784551,controle,13178.002702044252,4584.616066089345,8526.942924852163,6865.85014728356,6533.631591769838,8128.280658235699,2923.5232885207415,3942.326858762818,1793.9801997740913,664.4371110274413,775.1766295320148,155.03532590640296,7131.624991694536,3388.6292662399505,9523.598591393324,22280.791123120194,19755.93010121592,16987.44213860158,7928.949524927465,2768.4879626143384,9678.633917299729,1107.3951850457354,4695.355584593918,4938.98252530398,1107.3951850457354,2746.340058913424,1040.9514739429912,1351.022125755797,2414.121503399703,1683.2406812695178,1506.0574516622,753.0287258311,442.95807401829416,6090.673517751545,1594.6490664658588,1328.8742220548827,1063.099377643906,3720.847821753671,2502.7131182033622,1417.4658368585413,952.3598591393325,797.3245332329294,11782.684768886624,2391.9735996987883,442.95807401829416,14086.066753781755,2480.5652145024474,1173.8388961484795,708.7329184292706,1063.099377643906,620.1413036256118,1195.9867998493942,6732.962725078071,2325.529888596044,996.6556665411618,3809.43943655733,2391.9735996987883,1195.9867998493942,420.81017031737946,15924.342760957676,620.1413036256118,708.7329184292706,243.62694071006177,8061.836947132954,3388.6292662399505,3233.5939403335474,1638.9448738676883,4340.989125379282,9523.598591393324,10320.923124626255,11760.53686518571,3388.6292662399505,575.8454962237824,1195.9867998493942,2547.0089256051915,4562.46816238843,2857.0795774179974,2790.635866315253,4584.616066089345,2569.1568293061064,420.81017031737946,6644.371110274413,4783.947199397577,1173.8388961484795,553.6975925228677,841.6203406347589,332.2185555137207,15592.124205443954,2569.1568293061064,155.03532590640296,1461.7616442603708,642.2892073265266,162100.50718699477,57983.2118889947,48636.796527208695,50962.326415804746,29766.782574029367,8327.61179154393,3942.326858762818,1240.2826072512237,42258.200261345264,4097.362184669221,2081.9029478859825,2436.269407100618,908.0640517375031,13908.883524174436,11472.61411707382,8681.978250758564,442.95807401829416,3255.7418440344622,1351.022125755797,819.4724369338442,1638.9448738676883,32003.720847821758,1306.7263183539678,11694.093154082966,3964.4747624637325,5758.454962237824,3189.2981329317176,5935.6381918451425,1195.9867998493942,3853.7352439591596,6201.413036256118,6201.413036256118,7729.618391619233,243.62694071006177,2081.9029478859825,376.51436291555,908.0640517375031,3233.5939403335474,1107.3951850457354,3034.262807025315,797.3245332329294,1107.3951850457354,1395.3179331576266,354.3664592146353,199.33113330823235,5071.869947509468,974.5077628402471,797.3245332329294,5071.869947509468,974.5077628402471,2126.198755287812,1860.4239108768354,974.5077628402471,974.5077628402471,642.2892073265266,2613.4526367079357,2657.7484441097654,1063.099377643906,974.5077628402471,974.5077628402471,775.1766295320148,1749.684392372262,597.9933999246971,2059.755044185068,1882.5718145777503,620.1413036256118,332.2185555137207,2015.4592367832386,664.4371110274413,2989.9669996234857,4783.947199397577,620.1413036256118,1040.9514739429912,642.2892073265266,487.25388142012355,974.5077628402471,597.9933999246971,4252.397510575624,177.18322960731766,199.33113330823235
SRR6784554,controle,12516.531267712073,4061.9686378235406,9824.2962403174,7557.150954090308,4912.1481201587,7840.544114868694,2833.9316077838653,4345.361798601927,2078.2165123748346,472.32193463064425,566.786321556773,519.5541280937086,7935.008501794823,4628.754959380313,9210.277725297563,22435.2918949556,17003.589646703193,14783.676553939164,8407.330436425467,3117.324768562252,11949.7449461553,1700.3589646703192,5904.024182883053,5384.470054789344,1275.2692235027394,3400.7179293406384,1558.662384281126,1039.1082561874173,1842.0555450595125,1416.9658038919326,1369.7336104288684,377.8575477045154,519.5541280937086,6376.346117513697,1605.8945777441904,1700.3589646703192,1086.3404496504818,3778.575477045154,3636.8788966559605,1511.4301908180616,850.1794823351596,944.6438692612885,13036.085395805781,3447.950122803703,377.8575477045154,9918.760627243528,2267.145286227092,1228.037030039675,566.786321556773,1322.5014169658039,708.4829019459663,1558.662384281126,8171.169469110146,2456.07406007935,755.7150954090308,4014.736444360476,3306.25354241451,1275.2692235027394,377.8575477045154,15067.06971471755,614.0185150198375,283.3931607783865,802.9472888720952,6706.971471755148,4203.665218212734,3306.25354241451,2314.3774796901566,2597.770640468543,9351.974305686756,10202.153788021915,11099.56546382014,2550.5384470054787,661.2507084829019,614.0185150198375,2833.9316077838653,4959.380313621764,3070.0925750991873,2975.628188173059,5809.559795956924,2456.07406007935,991.8760627243529,5904.024182883053,4487.05837899112,2125.448705837899,614.0185150198375,944.6438692612885,188.9287738522577,14453.051199697715,2456.07406007935,236.16096731532213,2030.9843189117703,802.9472888720952,162525.97770640466,63621.76459474778,46759.871528433774,52711.1279047799,29614.585301341394,9729.831853391272,4345.361798601927,472.32193463064425,47940.67636501039,4534.290572454184,2786.6994143208008,2550.5384470054787,802.9472888720952,14783.676553939164,10438.314755337238,11288.494237672398,472.32193463064425,4345.361798601927,1039.1082561874173,614.0185150198375,1889.287738522577,28481.012658227846,897.4116757982241,10107.689401095786,3873.039863971283,4061.9686378235406,3589.6467031928964,7037.596825996599,1086.3404496504818,2550.5384470054787,5856.791989419989,4298.129605138863,6281.881730587568,330.62535424145096,1700.3589646703192,94.46438692612885,991.8760627243529,3825.8076705082185,1511.4301908180616,1794.8233515964482,708.4829019459663,1086.3404496504818,1228.037030039675,283.3931607783865,94.46438692612885,3684.111090119025,944.6438692612885,897.4116757982241,3636.8788966559605,944.6438692612885,3447.950122803703,1842.0555450595125,944.6438692612885,944.6438692612885,755.7150954090308,1842.0555450595125,1842.0555450595125,991.8760627243529,944.6438692612885,944.6438692612885,802.9472888720952,1558.662384281126,519.5541280937086,1416.9658038919326,897.4116757982241,141.69658038919326,377.8575477045154,2314.3774796901566,708.4829019459663,1653.126771207255,3920.272057434347,566.786321556773,991.8760627243529,566.786321556773,566.786321556773,944.6438692612885,519.5541280937086,5101.076894010957,0.0,0.0
SRR6784564,controle,14736.724364531194,5872.319006739185,10234.61312603115,5285.087106065267,5592.6847683230335,6319.733788205028,2656.525264953441,5424.9042252733425,1482.0614636056039,755.0124437236095,894.8295629316854,1873.5493973882162,10066.83258298146,3048.0131987360533,8500.880847851011,25978.020748860494,21783.507172618214,16358.602947344873,9227.929867733004,3187.830317944129,8305.136880959704,1342.244344397528,4138.586728559045,4586.0015100248875,531.3050529906882,1677.80543049691,475.37820530745785,1985.403092754677,1426.1346159223735,1146.5003775062219,1062.6101059813764,195.74396689130617,307.59766225776684,6123.989821313722,1817.6225497049859,1314.2809205559129,1090.5735298229915,3243.7571656273594,2796.3423841615167,2013.366516596292,950.7564106149157,615.1953245155337,11576.85747042868,2600.5984172702106,587.2319006739185,10961.662145913146,4697.855205391348,3299.6840133105898,1090.5735298229915,1146.5003775062219,922.7929867733005,4138.586728559045,5089.3431391739605,2041.3299404379075,307.59766225776684,2796.3423841615167,2237.0739073292134,1090.5735298229915,587.2319006739185,15044.322026788961,195.74396689130617,111.85369536646067,307.59766225776684,5872.319006739185,3327.647437152205,5816.392159055955,1733.7322781801404,3299.6840133105898,10570.174212130534,10150.722854506304,11045.55241743799,2432.8178742205196,1649.8420066552949,615.1953245155337,4753.7820530745785,3439.5011325186656,2348.927602695674,2125.2202119627527,2460.7812980621347,2153.183635804368,699.0855960403792,5704.538463689494,4222.47700008389,1593.9151589720645,671.122172198764,782.9758675652247,167.780543049691,14373.199854590195,1985.403092754677,111.85369536646067,1873.5493973882162,447.4147814658427,162886.94387740834,60708.59316014653,49187.662537401084,57213.16517994463,34814.46268281088,7354.380470344789,5564.721344481418,950.7564106149157,39008.97625905316,2404.8544503789044,1985.403092754677,1593.9151589720645,1118.5369536646067,12779.284695618131,9815.161768406924,9172.003020049775,866.8661390900702,2628.5618411118257,1426.1346159223735,894.8295629316854,1174.463801347837,27767.679874723864,1006.683258298146,10094.796006823075,4753.7820530745785,7773.831827969017,3691.171947093202,4977.4894438075,1006.683258298146,4334.3306954503505,4893.599172282655,11213.332960487682,12220.016218785828,391.48793378261234,3970.806185509354,475.37820530745785,615.1953245155337,1454.0980397639887,699.0855960403792,1510.024887447219,755.0124437236095,1482.0614636056039,1146.5003775062219,363.5245099409972,391.48793378261234,4278.40384776712,1230.3906490310674,922.7929867733005,2964.1229272112078,447.4147814658427,1537.9883112888342,671.122172198764,447.4147814658427,447.4147814658427,699.0855960403792,2013.366516596292,2181.147059645983,1146.5003775062219,447.4147814658427,447.4147814658427,755.0124437236095,1845.585973546601,615.1953245155337,1817.6225497049859,922.7929867733005,866.8661390900702,1342.244344397528,1593.9151589720645,838.902715248455,2684.488688795056,3858.952490142893,643.1587483571489,475.37820530745785,671.122172198764,1090.5735298229915,447.4147814658427,838.902715248455,3719.1353709348173,419.4513576242275,447.4147814658427
SRR6784567,controle,19350.39497191072,4886.028541294475,13194.429496975827,4390.9683807227875,11644.675950838373,6091.392410512495,1657.3753201747777,3228.653221119697,1506.7048365225253,1119.2664499881616,1334.5099980628079,774.8767730687273,6306.635958587141,3314.7506403495554,7942.486923954455,18295.70158634495,17693.01965173594,17951.311909425516,5596.332249940809,2410.7277384360405,8652.790632600789,947.0716115284445,7081.512731655868,3852.8595105361715,473.53580576422223,4369.4440259153225,645.7306442239393,602.6819346090101,2841.2148345853334,4025.0543489958886,3938.95692976603,882.4985471060504,452.0114509567575,6586.452571084182,3551.5185432316666,430.48709614929294,387.43838653436364,3422.372414386879,5359.5643470586965,1162.315159603091,408.9627413418283,301.34096730450506,11128.091435459222,3099.507092274909,516.5845153791515,14335.220301771455,1700.424029789707,1377.5587076777374,365.914031726899,1764.9970942121008,796.4011278761919,4390.9683807227875,4972.125960524334,1721.9483845971718,990.1203211433738,4261.822251877999,2475.3008028584345,796.4011278761919,516.5845153791515,12699.369336404141,774.8767730687273,645.7306442239393,193.71919326718182,4541.63886437504,2518.3495124733636,4003.529994188424,1915.6675778643537,3616.09160765406,14873.32917195807,14851.804817150605,10589.982565272607,2539.873867280828,1054.6933855657676,2087.8624163240706,2087.8624163240706,3422.372414386879,1334.5099980628079,2884.263544200263,3357.799349964485,2260.057254783788,279.8166124970404,3293.226285542091,2475.3008028584345,3121.0314470823737,2927.312253815192,2669.0199961256158,947.0716115284445,11623.151596030908,2690.5443509330808,172.19483845971718,1054.6933855657676,1033.169030758303,153705.41768010505,65434.038614692516,49656.68654082094,53358.875567704854,36203.964786155535,9341.569986439657,2970.3609634301215,1205.3638692180202,43737.488968768164,1980.2406422867475,1592.8022557523839,2905.787899007727,1442.1317721001315,12290.406595062312,9858.154501818808,11278.761919111474,258.29225768957576,1334.5099980628079,1614.3266105598484,1312.9856432553433,904.022901913515,34568.11382078822,817.9254826836566,14550.4638498461,2970.3609634301215,4692.309348027293,8631.266277793324,11149.615790266687,731.828063453798,2389.203383628576,3766.762091306313,5445.661766288556,5790.05144320799,301.34096730450506,6392.7333778170005,172.19483845971718,452.0114509567575,2712.0687057405457,1334.5099980628079,710.3037086463333,710.3037086463333,667.2549990314039,645.7306442239393,150.67048365225253,129.14612884478788,6823.220473966293,667.2549990314039,817.9254826836566,1915.6675778643537,408.9627413418283,2109.386771131535,1119.2664499881616,344.38967691943435,344.38967691943435,344.38967691943435,731.828063453798,774.8767730687273,839.4498374911212,344.38967691943435,408.9627413418283,387.43838653436364,1269.936933640414,387.43838653436364,2023.2893519016768,882.4985471060504,387.43838653436364,258.29225768957576,817.9254826836566,559.6332249940808,1356.0343528702729,6564.928216276718,387.43838653436364,430.48709614929294,408.9627413418283,236.76790288211112,344.38967691943435,279.8166124970404,3637.615962461525,150.67048365225253,150.67048365225253
SRR6784574,controle,13011.975823103203,4880.429477794046,9370.424597364568,5721.365018583174,6179.374554191538,7658.520103615272,3401.283928370312,5098.171716034089,1681.8710815782558,330.3675338814431,397.94271126628377,367.90929909524345,8506.963997447161,1741.9379059203363,8882.381649585164,24004.204677703947,19739.460149416227,18365.431542591134,9768.367308630852,4294.77794045876,12666.591583136238,1696.887787663776,6224.424672448098,5758.906783796974,1411.570372038893,2733.0405075646654,735.8185981904869,2004.730262416939,1313.9617824830125,2184.9307354431808,2139.8806171866204,127.6420017269212,675.7517738484064,8852.348237414122,2327.589443255622,2522.8066223673836,1546.7207268085747,4084.544055261478,2845.665803206067,1126.2529564140107,1073.69448511469,953.560836430529,9926.042722528815,3558.9593422682738,705.7851860194465,11622.93051019259,2612.9068588805044,1268.911664226452,818.4104816608477,533.093066035965,750.8353042760072,1922.138378946578,6074.257611592898,1554.2290798513345,330.3675338814431,2117.35555805834,2462.739798025303,1291.4367233547323,705.7851860194465,15084.281262904982,165.18376694072154,90.10023651312085,427.976123437324,6066.749258550137,4827.871006494725,3619.026166610354,3025.866276232309,2342.606149341142,10459.13578856478,8214.138228779517,11007.245560686264,3273.641926643391,1306.4534294402522,533.093066035965,3401.283928370312,5533.656192514171,3806.734992679356,2147.38897022938,2913.2409805909074,1471.6371963809738,848.443893831888,6659.909148928183,4182.152644817359,1944.6634380748583,1268.911664226452,1591.770845065135,105.11694259864099,12208.582047527874,2642.9402710515446,105.11694259864099,1456.6204902954537,172.69211998348163,165776.92683109958,59646.356571686,48218.643240605175,54015.09178961595,30941.922889214253,9483.04989300597,5150.730187333408,750.8353042760072,47475.31628937193,4677.703945639524,2275.0309719563015,3296.166985771671,916.0190712167285,8266.696700078837,9941.059428614333,10616.811202462739,187.7088260690018,4970.529714307167,765.8520103615272,578.1431842925253,563.1264782070053,26849.870480910013,1569.2457859368549,9956.076134699853,3528.925930097233,6870.1430341254645,3386.267222284792,4362.3531178436015,1216.3531929271314,3018.3579231895483,5773.923489882494,6216.916319405338,10218.868491196456,360.4009460524834,1802.004730262417,360.4009460524834,285.3174156248827,2124.8639111011,705.7851860194465,1636.8209633216954,668.2434208056463,1524.1956676802945,1629.3126102789354,548.1097721214852,300.3341217104028,2582.8734467094646,1464.1288433382138,991.1026016443294,3408.792281413072,885.9856590456883,2350.114502383902,1539.2123737658144,885.9856590456883,885.9856590456883,803.3937755753276,1704.396140706536,1771.9713180913766,1374.028606825093,885.9856590456883,885.9856590456883,863.4605999174081,2440.214738897023,916.0190712167285,1922.138378946578,473.02624169388446,127.6420017269212,390.43435822352365,3123.474865788189,548.1097721214852,833.4271877463678,2192.439088485941,938.5441303450089,931.0357773022488,1006.1193077298494,285.3174156248827,885.9856590456883,923.5274242594887,5015.579832563727,375.4176521380036,390.43435822352365
SRR6784579,controle,15465.414870501842,5879.413917711444,11201.096870896901,5530.832064882702,9167.702729395907,7970.905034683895,2509.7893403669405,3811.1615909275765,1324.6110407492185,569.3503596202781,685.5443105631921,766.8800762232318,9527.90397731894,2951.326353950013,7506.129230912238,20450.13536595285,18207.59211275461,15825.616118424874,7157.547378083497,2416.834179612609,10759.559857313827,859.835236977563,5437.876904128371,4740.713198470888,1150.3201143348479,3590.39308413604,929.5516075433113,1231.6558799948873,2742.1772422527683,3021.042724515762,3009.4233294214705,313.72366754586756,209.14911169724505,7273.74132902641,3206.953046024424,1138.7007192405563,708.7831007517748,3543.9155037588744,5135.772631676796,1266.5140652777616,732.0218909403576,743.641286034649,11898.260576554385,5066.056261111046,360.2012479230331,12316.558799948874,2161.2074875381986,917.93221244902,662.3055203746093,917.93221244902,557.7309645259868,4113.2658633791525,6169.898795068729,1254.8946701834702,592.589149808861,2916.4681686671393,4438.608926019312,592.589149808861,360.2012479230331,11689.111464857138,348.5818528287418,278.8654822629934,278.8654822629934,5159.011421865377,2904.848773572848,3671.72884979608,1545.379547540755,3753.064615456119,13211.252222209312,10132.112522222093,11131.380500331154,2684.0802667813114,1010.8873732033511,1359.4692260320928,3021.042724515762,3671.72884979608,2428.453574706901,3741.445220361828,2962.9457490443046,1626.7153132007948,662.3055203746093,4322.414975076397,3543.9155037588744,3334.766392061629,1928.819585652371,2265.782043386821,488.0145939602384,11979.596342214423,1835.86442489804,197.52971660295364,1475.6631769750065,569.3503596202781,163717.27687856572,60327.8993295609,47372.273799426,50009.87648583015,34346.93189872536,8180.054146381139,3915.7361467761993,627.4473350917351,43317.104911518305,3427.7215528159604,1777.767449426583,3323.146996967338,999.2679781090595,11886.641181460094,11131.380500331154,11886.641181460094,546.1115694316954,3253.4306264015895,1034.126163391934,1835.86442489804,1928.819585652371,29722.412651197377,859.835236977563,14547.48265805282,3125.6172803643844,5217.108397336834,6007.227263748649,9400.090631281735,859.835236977563,2451.692364895484,4090.0270731905694,5251.966582619709,6681.15217921755,383.4400381116159,5135.772631676796,116.19395094291392,743.641286034649,2811.8936128185164,732.0218909403576,1254.8946701834702,488.0145939602384,894.6934222604372,929.5516075433113,244.0072969801192,92.95516075433113,6320.9509312945165,650.6861252803179,743.641286034649,2904.848773572848,697.1637056574835,2579.5057109326885,1498.9019671635895,697.1637056574835,697.1637056574835,499.63398905452976,1417.5662015035496,1440.8049916921325,871.4546320718543,697.1637056574835,697.1637056574835,546.1115694316954,1475.6631769750065,488.0145939602384,1835.86442489804,1161.9395094291392,336.9624577344503,395.0594332059073,1812.625634709457,790.1188664118146,2172.82688263249,6309.331536200225,499.63398905452976,755.2606811289405,534.492174337404,650.6861252803179,697.1637056574835,534.492174337404,4380.511950547854,69.71637056574835,69.71637056574835
SRR6784585,controle,14077.810394013313,3721.0071526026377,8951.089428205234,5498.8216810683425,5953.61144416422,7979.493116136768,3617.64584280812,4982.015132095754,2315.293339397197,392.77297721916733,475.4620250547815,289.41166742464964,8641.00549882168,2666.721792698557,8951.089428205234,23525.03410923223,20217.472195807666,16641.170876917353,10067.391573986026,3927.729772191673,11225.038243684625,1136.974407739695,5478.149419109439,5478.149419109439,1178.318931657502,2563.3604829040396,599.4955968082027,1633.10869475338,1943.192624136933,2666.721792698557,2728.7385785752676,516.8065489725886,289.41166742464964,8930.41716624633,2852.772150328689,1343.6970273287302,1343.6970273287302,3886.385248273866,3886.385248273866,1653.7809567122836,558.1510728903957,1488.402861041055,12134.61776987638,2377.3101252739075,372.10071526026377,12010.584198122959,3224.8728655889527,1240.3357175342126,1095.6298838218877,764.8736924794312,558.1510728903957,1467.7305990821515,4857.981560342332,1529.7473849588623,537.478810931492,2790.7553644519785,1757.1422665068012,785.5459544383347,372.10071526026377,15710.919088766692,413.4452391780709,372.10071526026377,661.5123826849133,6718.4851366436515,3969.07429610948,3555.6290569314097,2459.9991731095215,2976.80572208211,10811.593004506552,8206.887997684707,9715.963120684664,3100.8392938355314,2005.2094100136437,764.8736924794312,3824.368462397156,4175.796915698516,3617.64584280812,2170.5875056848718,1674.453218671187,2067.2261958903546,537.478810931492,6367.056683342291,4299.830487451936,2294.6210774382935,1074.957621862984,1798.4867904246082,454.78976309587796,11927.895150287344,2377.3101252739075,268.739405465746,1116.3021457807913,206.72261958903545,163269.5249514202,61541.32385165585,47649.56381527267,54678.13288129987,31897.300202588165,9240.501095629885,5126.720965808079,1653.7809567122836,43804.523090916606,3204.200603630049,1695.1254806300906,1798.4867904246082,1715.797742588994,9757.307644602472,9157.81204779427,10480.836813164096,496.134287013685,3431.595485177988,1074.957621862984,744.2014305205275,992.26857402737,27370.07483358829,1198.9911936164053,10832.265266465456,4320.50274941084,8206.887997684707,4093.1078678629015,6491.090255095713,1550.4196469177657,4361.847273328647,7069.913589945012,6863.190970355976,11018.315624095589,764.8736924794312,2211.932029602679,289.41166742464964,289.41166742464964,2770.083102493075,950.924050109563,909.5795261917559,330.75619134245665,1715.797742588994,806.2182163972382,248.0671435068425,227.39488154793898,3886.385248273866,888.9072642328524,1219.663455575309,3679.6626286848305,516.8065489725886,1240.3357175342126,1136.974407739695,516.8065489725886,516.8065489725886,1012.9408359862737,2170.5875056848718,2191.2597676437754,847.5627403150453,516.8065489725886,516.8065489725886,1095.6298838218877,2211.932029602679,1074.957621862984,1571.0919088766693,868.2350022739488,578.8233348492993,289.41166742464964,2149.915243725968,764.8736924794312,1591.7641708355727,3410.9232232190843,1095.6298838218877,558.1510728903957,1178.318931657502,682.1846446438169,516.8065489725886,1054.2853599040807,3907.0575102327693,186.05035763013188,206.72261958903545
SRR6784590,controle,14586.709886547813,3938.7885869360375,8819.8710941917,4673.777844785345,8348.724134031887,9111.982209490785,2770.3441257397008,4994.1577776940185,1894.0107798424485,527.6845953789906,640.7598658173457,518.2616561757943,8895.25460781727,2336.8889223926726,8405.261769251065,25159.247672534017,22096.792431495232,17677.433945196186,10516.000150767026,3976.480343748822,10271.003731483925,1404.017941276243,5380.498285025065,5700.878217933739,1290.9426708378878,2384.0036184086543,593.6451698013644,1545.3620293241868,1573.6308469337757,2148.4301383287475,2082.469563906374,160.18996645433643,687.874561833327,8433.530586860654,2459.387132034224,1959.9713542648224,1677.2831781689345,3703.2151068561307,3194.3763898835327,1177.8674003995325,593.6451698013644,1611.3226037465606,11901.172213636877,3043.6093626323923,254.41935848629905,15161.509177942784,3090.7240586483736,1309.7885492442804,1017.6774339451962,537.1075345821869,339.2258113150654,2035.3548678903924,5041.27247371,819.7957106780747,339.2258113150654,2242.65953036071,2402.849496815046,499.41577776940187,254.41935848629905,15877.6525573857,141.34408804794393,94.2293920319626,499.41577776940187,6247.408691719121,4805.698993630092,3335.7204779314766,2449.964192831028,2939.9570313972335,12617.315593079795,8066.035957935999,10808.111266066111,2836.3047001620744,1752.6666917945045,725.5663186461121,3279.1828427122987,4777.430176020504,3618.4086540273643,1790.3584486072898,2487.655949643813,1281.5197316346914,499.41577776940187,6379.329840563869,3486.4875051826166,1912.8566582488409,1262.6738532282989,1545.3620293241868,84.80645282876635,11580.792280728205,2704.3835513173267,179.03584486072896,1140.1756435867476,244.9964192831028,167276.01673514003,60363.34853567524,47510.459462515544,53578.832309373945,31915.495081225738,8490.068222079832,5126.078926538766,1008.2544947419999,43496.28736195394,3750.329802872112,1404.017941276243,2638.422976894953,1752.6666917945045,9517.168595228224,8678.527006143755,9479.476838415438,461.7240209566168,3194.3763898835327,1526.5161509177942,555.9534129885794,706.7204402397196,27373.63838528514,1196.7132788059253,10327.541366703103,4457.050243111832,6907.01443594286,4155.516188609551,5700.878217933739,1375.749123666654,3703.2151068561307,6614.903320643775,5889.337001997663,10431.19369793826,480.5698993630093,1969.3942934680188,386.3405073310467,292.1111152990841,2044.7778070935888,593.6451698013644,1545.3620293241868,263.8422976894953,1667.8602389657383,1243.8279748219065,386.3405073310467,320.37993290867286,2996.494666616411,1620.7455429497568,1121.329765180355,3420.526930760243,810.3727714748784,1752.6666917945045,1140.1756435867476,810.3727714748784,810.3727714748784,942.2939203196262,1865.7419622328598,1950.548415061626,1027.1003731483925,810.3727714748784,810.3727714748784,1017.6774339451962,2402.849496815046,1102.4838867739625,1460.5555764954206,621.9139874109533,376.9175681278504,292.1111152990841,2374.5806792054577,678.4516226301308,1027.1003731483925,2553.6165240661867,1130.7527043835514,876.3333458972522,1206.1362180091214,518.2616561757943,810.3727714748784,1102.4838867739625,4249.745580641514,433.455203347028,452.30108175342053
SRR6784591,controle,12799.016902200514,2697.270445622403,9539.381189923246,6467.200566530935,6144.361246784625,7581.516928235944,1697.5099715693116,4863.418139404101,2374.431125876092,218.69760369911376,260.3542901179926,531.1227518407048,9914.291367693158,5019.630713474897,8352.165626985201,23838.0388032034,21661.476937816984,12986.47199108547,9372.754444247732,2488.987013528009,9903.877196088437,947.689616029493,4582.235506076669,4894.660654218261,499.88023702654573,3155.49399623007,1176.8013913333264,1614.1965987315539,2062.005977734501,2322.3602678524935,3009.6955937639937,541.5369234454246,468.6377222123866,8133.468023286088,2364.0169542713725,1499.6407110796372,999.7604740530915,3967.7993813982066,4092.769440654843,1145.5588765191671,426.98103579350783,1072.6596752861294,13298.897139227061,2020.3492913156226,312.4251481415911,13413.453026878977,4498.922133238912,1218.4580777522053,1280.9431073805233,645.6786394926215,551.9510950501442,2228.6327234100163,4436.437103610593,2968.038907345115,812.3053851681368,3988.627724607646,1666.2674567551526,666.506982702061,312.4251481415911,17339.595721858306,624.8502962831822,541.5369234454246,229.11177530383344,7279.505951699072,3738.687606094373,3863.6576653510097,1333.013965404122,3905.3143517698886,8872.874207221186,10559.970007185779,10466.242462743301,3176.322339439509,1635.0249419409931,791.4770419586974,2915.9680493215164,4082.3552690501233,4103.183612259563,1645.439113545713,4082.3552690501233,2062.005977734501,479.0518938171063,5717.380210991118,3228.3931974631078,1968.2784332920237,895.6187580058944,1468.3981962654782,145.79840246607583,14975.578767586932,4728.033908542745,354.0818345604699,1645.439113545713,343.6676629557502,167439.05106068339,60808.34799995834,48332.170417504145,50706.60154338023,30565.593659852326,8362.579798589923,5196.671630755131,1353.8423086135615,40115.389021380295,2707.684617227123,1572.539912312675,1291.357278985243,2145.319350572259,16308.592732991054,12038.782375055975,8477.135686241838,718.5778407256595,2790.9979900648805,447.8093790029472,177.04091728023494,1832.8942024306675,19849.411078595753,1697.5099715693116,10924.466013350968,5165.429115940972,8070.98299365777,2426.5019838996905,7675.244472678421,1364.256480218281,4134.4261270737225,7185.778407256595,5946.49198629495,11299.376191120879,656.0928110973413,1666.2674567551526,551.9510950501442,281.182633327432,2197.390208595857,1155.973048123887,999.7604740530915,583.1936098643033,1593.3682555221144,468.6377222123866,83.31337283775763,385.324349374629,5446.611749268405,1020.5888172625308,1031.0029888672505,4269.810357935078,302.01097653687134,1020.5888172625308,645.6786394926215,312.4251481415911,312.4251481415911,843.5478999822959,2364.0169542713725,2405.6736406902514,1114.3163617050081,312.4251481415911,302.01097653687134,968.5179592389323,2072.4201493392206,812.3053851681368,1718.3383147787508,2280.703581433615,468.6377222123866,239.52594690855315,1655.8532851504326,812.3053851681368,3769.930120908532,5123.772429522093,822.7195567728565,874.790414796455,885.2045864011747,812.3053851681368,312.4251481415911,624.8502962831822,2041.1776345250616,510.2944086312654,531.1227518407048
SRR8556880,controle,11118.293471234649,4955.828485240249,9394.527041585865,4977.37556561086,6162.4649859943975,5602.240896358543,1098.901098901099,2779.573367808662,4352.510234863176,280.11204481792714,344.75328592975654,344.75328592975654,5602.240896358543,2628.7438052143934,8230.984701572937,26287.438052143934,18961.43072613661,16548.157724628312,8489.549666020253,2283.9905192846372,10601.163542340013,883.4302951950011,4567.9810385692745,4546.433958198664,1055.8069381598793,3447.532859297565,646.4124111182934,667.9594914889033,1982.3313940961,2003.8784744667096,1831.5018315018315,624.8653307476836,258.5649644473174,5516.052574876105,1163.5423400129282,1659.1251885369531,1831.5018315018315,4675.716440422322,2046.9726352079294,883.4302951950011,818.7890540831718,2046.9726352079294,11053.65223012282,2240.896358543417,301.65912518853696,10708.898944193063,3016.5912518853697,1702.2193492781728,861.8832148243913,1249.7306614953673,1055.8069381598793,452.48868778280547,6550.312432665374,1853.0489118724413,430.94160741219565,2585.649644473174,1572.936867054514,517.1299288946348,301.65912518853696,15255.332902391725,948.0715363068305,840.3361344537816,64.64124111182934,8554.190907132084,3619.9095022624438,4309.416074121957,1831.5018315018315,3770.739064856712,9372.979961215255,8037.060978237448,8877.39711269123,4460.245636716225,1379.0131437190262,1443.6543848308554,3167.420814479638,5106.658047834519,2477.9142426201247,3038.1383322559795,3576.8153415212237,2607.1967248437836,409.3945270415859,6722.689075630253,3921.5686274509803,1206.6365007541478,775.6948933419521,1206.6365007541478,474.03576815341523,19069.166127989658,2348.6317603964662,495.582848524025,1185.089420383538,560.2240896358543,155742.2969187675,62012.497306614954,43805.214393449685,53178.19435466494,29325.576384399912,9890.10989010989,2714.9321266968323,1120.4481792717086,41628.9592760181,1917.6901529842705,2995.04417151476,2240.896358543417,1249.7306614953673,13014.43654384831,13596.207713854774,13725.490196078432,387.84744667097607,2887.308769661711,3490.627020038785,2327.0846800258564,991.16569704805,31243.266537384185,840.3361344537816,11053.65223012282,4050.8511096746392,5925.44710191769,4223.227752639517,8769.661710838182,1422.1073044602456,3490.627020038785,7412.195647489765,6334.841628959276,8015.513897866838,344.75328592975654,1702.2193492781728,150.82956259426848,86.18832148243914,5343.675931911226,2714.9321266968323,991.16569704805,732.6007326007326,1982.3313940961,1400.5602240896358,193.92372333548803,64.64124111182934,5946.994182288299,2003.8784744667096,840.3361344537816,4804.998922645982,1098.901098901099,3921.5686274509803,2973.4970911441496,1098.901098901099,1098.901098901099,1034.2598577892695,2348.6317603964662,2283.9905192846372,1314.3719026071967,1098.901098901099,1098.901098901099,1077.3540185304892,1465.2014652014652,193.92372333548803,1659.1251885369531,2585.649644473174,711.0536522301228,86.18832148243914,1917.6901529842705,1379.0131437190262,4395.604395604396,4761.904761904762,193.92372333548803,1163.5423400129282,172.37664296487827,1141.9952596423186,1098.901098901099,732.6007326007326,3663.003663003663,64.64124111182934,64.64124111182934
SRR8556900,controle,15489.340887783803,2364.162556556475,21522.031549341704,8070.7618310031385,17079.036399951085,14144.213915949946,2038.0711694452373,3138.629600945665,1997.3097460563322,0.0,0.0,366.85281050014265,8885.990298781235,3872.3352219459507,3383.1981412790933,21685.07724289732,21929.64578323075,11617.00566583785,11209.391431948803,407.6142338890474,5298.985040557616,1019.0355847226186,11657.767089226756,8478.376064892187,1589.6955121672847,3668.528105001427,652.1827742224758,1426.649818611666,6073.452084946806,1508.1726653894755,896.7513145559043,203.8071169445237,163.04569355561895,9252.843109281375,5543.553580891045,855.9898911669997,5869.644968002282,2364.162556556475,1508.1726653894755,489.13708066685695,652.1827742224758,692.9441976113807,5135.939347001998,3750.050951779236,366.85281050014265,13981.168222394326,12636.041250560469,10108.833000448376,163.04569355561895,5706.599274446664,489.13708066685695,1100.558431500428,1956.5483226674278,1630.4569355561896,692.9441976113807,2282.6397097786653,3587.005258223617,896.7513145559043,366.85281050014265,15204.01092406147,896.7513145559043,570.6599274446663,81.52284677780948,3913.0966453348556,6970.20339950271,1915.7868992785227,4116.9037622793785,1671.2183589450942,16712.183589450946,4524.517996168426,10475.685810948518,1997.3097460563322,978.2741613337139,1915.7868992785227,2038.0711694452373,5421.26931072433,1997.3097460563322,6807.157705947092,1997.3097460563322,1263.604125056047,0.0,2649.492520278808,1548.93408877838,937.512737944809,529.8985040557617,815.2284677780948,81.52284677780948,8193.046101169854,2649.492520278808,326.0913871112379,815.2284677780948,489.13708066685695,156890.71862389432,71577.05947091672,42717.97171157217,69946.60253536054,26291.11808584356,8559.898911669996,2975.583907390046,692.9441976113807,49484.367994130356,6684.873435780377,1059.7970081115234,7092.487669669425,529.8985040557617,11902.335629560184,6970.20339950271,6277.25920189133,407.6142338890474,2038.0711694452373,937.512737944809,692.9441976113807,815.2284677780948,40068.47919129336,529.8985040557617,11290.914278726614,1548.93408877838,3342.4367178901884,2445.6854033342843,3587.005258223617,570.6599274446663,1548.93408877838,3260.913871112379,3668.528105001427,4035.3809155015692,2160.355439611951,407.6142338890474,122.28427016671424,0.0,2975.583907390046,1182.0812782782375,326.0913871112379,570.6599274446663,855.9898911669997,366.85281050014265,81.52284677780948,122.28427016671424,2364.162556556475,489.13708066685695,1915.7868992785227,1752.741205722904,366.85281050014265,1671.2183589450942,1019.0355847226186,366.85281050014265,366.85281050014265,570.6599274446663,774.46704438919,815.2284677780948,489.13708066685695,366.85281050014265,366.85281050014265,489.13708066685695,652.1827742224758,244.56854033342847,570.6599274446663,652.1827742224758,163.04569355561895,122.28427016671424,815.2284677780948,978.2741613337139,1630.4569355561896,1834.2640525007134,244.56854033342847,366.85281050014265,203.8071169445237,489.13708066685695,366.85281050014265,448.37565727795214,1752.741205722904,122.28427016671424,122.28427016671424
SRR8556918,controle,13291.997674869212,2828.909126138345,7905.444681263321,6471.614028289091,9881.80585157915,12865.723696957954,1201.317574113544,2828.909126138345,736.2914163921721,0.0,0.0,310.01743848091456,4456.500678163146,1511.3350125944585,8021.701220693664,25460.182135245108,20267.39004068979,14222.049990311954,15074.59794613447,1278.8219337337725,13253.245495059096,387.5217981011432,6045.340050377834,3720.2092617709745,1705.0959116450301,8254.214299554349,1201.317574113544,968.804495252858,5347.800813795776,4650.261577213718,3603.9527223406317,310.01743848091456,193.7608990505716,9688.04495252858,3216.4309242394884,4921.526835884519,232.5130788606859,2790.156946328231,7672.931602402635,271.2652586708002,77.50435962022864,2053.865529936059,15190.854485564812,7324.161984111606,0.0,12981.980236388297,3565.2005425305174,1123.8132144933152,3332.6874636698312,310.01743848091456,77.50435962022864,1356.326293354001,4340.244138732804,3022.670025188917,2053.865529936059,1162.5653943034295,7014.144545630692,1085.061034683201,0.0,5735.32261189692,232.5130788606859,193.7608990505716,0.0,7246.657624491378,1433.83065297423,2325.130788606859,2363.8829684169737,4921.526835884519,11741.910482464638,5154.039914745204,4301.491958922689,1046.3088548730866,2557.643867467545,775.0435962022864,5192.792094555319,6704.127107149778,8990.505715946521,2635.1482270877736,4960.279015694633,4572.757217593489,193.7608990505716,3913.9701608215464,4068.978880062003,6277.85312923852,3293.935283859717,3952.7223406316607,1511.3350125944585,12710.714977717496,3216.4309242394884,581.2826971517147,620.0348769618291,155.00871924045728,165278.04689013757,72776.59368339469,39372.21468707615,51424.1426080217,27901.56946328231,10850.610346832009,2867.66130594846,736.2914163921721,45805.07653555513,2867.66130594846,1743.8480914551444,1472.5828327843442,2518.891687657431,5851.5791513272625,6936.640186010463,5037.783375314862,116.25653943034295,1240.0697539236583,465.0261577213718,542.5305173416004,2325.130788606859,33714.396434799455,38.75217981011432,9959.31021119938,2712.652586708002,5154.039914745204,3448.9440031001745,5309.048633985662,542.5305173416004,5347.800813795776,8331.718659174578,5735.32261189692,9959.31021119938,155.00871924045728,1395.0784731641154,465.0261577213718,1821.352451075373,3913.9701608215464,968.804495252858,348.76961829102885,116.25653943034295,1743.8480914551444,426.27397791125753,77.50435962022864,620.0348769618291,5115.28773493509,2635.1482270877736,1898.8568106956016,1976.3611703158303,426.27397791125753,852.5479558225151,658.7870567719434,426.27397791125753,426.27397791125753,542.5305173416004,581.2826971517147,813.7957760124007,658.7870567719434,426.27397791125753,426.27397791125753,426.27397791125753,581.2826971517147,77.50435962022864,1007.5566750629723,736.2914163921721,232.5130788606859,77.50435962022864,3138.92656461926,348.76961829102885,813.7957760124007,1782.6002712652587,116.25653943034295,465.0261577213718,77.50435962022864,1046.3088548730866,426.27397791125753,1433.83065297423,1240.0697539236583,503.77833753148616,465.0261577213718
SRR8556942,controle,15182.581527045499,2440.929505955868,20308.53348955282,11033.001366920524,16061.316149189612,16207.771919546962,2001.5621948838118,2831.478226908807,585.8230814294084,0.0,0.0,390.5487209529389,6883.421206795548,2929.115407147042,2733.8410466705723,17721.1482132396,18062.878344073422,10154.26674477641,9861.355204061707,683.4602616676431,5077.133372388205,829.9160320249952,11960.554579183752,11374.731497754345,3222.026947861746,3124.389767623511,1269.2833430970513,878.7346221441124,7225.151337629369,878.7346221441124,1074.008982620582,927.5532122632297,195.27436047646944,7176.332747510252,4735.403241554384,390.5487209529389,6981.058387033782,1855.1064245264595,7957.43018941613,244.09295059558679,829.9160320249952,292.9115407147042,12009.373169302871,4979.496192149971,341.73013083382153,12888.107791446984,24555.750829916033,18843.975785979303,341.73013083382153,9129.076352274948,390.5487209529389,732.2788517867605,2196.836555360281,1415.7391134544034,341.73013083382153,2196.836555360281,4247.21734036321,488.18590119117357,341.73013083382153,9275.532122632298,0.0,0.0,48.81859011911736,3710.212849052919,9129.076352274948,2538.5666861941027,5760.593634055848,1611.013473930873,16500.68346026167,3173.2083577426283,11179.457137277876,1513.3762936926382,1074.008982620582,1269.2833430970513,1074.008982620582,3563.757078695567,732.2788517867605,4979.496192149971,1659.8320640499903,1366.9205233352861,976.3718023823471,2538.5666861941027,1855.1064245264595,7615.700058582308,488.18590119117357,634.6416715485257,244.09295059558679,5028.314782269088,2245.6551454793985,48.81859011911736,781.0974419058778,1074.008982620582,151972.27104081234,75668.81468463191,40763.522749462994,79232.57176332748,26166.764303846903,7322.788517867604,2880.296817027924,195.27436047646944,49062.68306971295,8347.97891036907,585.8230814294084,7615.700058582308,390.5487209529389,10251.903925014647,4393.673110720562,5858.230814294084,341.73013083382153,537.004491310291,488.18590119117357,195.27436047646944,1415.7391134544034,35637.57078695567,585.8230814294084,9519.625073227886,1074.008982620582,2685.0224565514545,3075.5711775043937,3319.6641280999806,927.5532122632297,1757.469244288225,2636.2038664323377,2880.296817027924,3612.5756688146844,2196.836555360281,927.5532122632297,97.63718023823472,48.81859011911736,2148.017965241164,195.27436047646944,585.8230814294084,439.3673110720562,585.8230814294084,585.8230814294084,341.73013083382153,97.63718023823472,634.6416715485257,341.73013083382153,1171.6461628588168,1366.9205233352861,537.004491310291,927.5532122632297,1074.008982620582,537.004491310291,537.004491310291,488.18590119117357,488.18590119117357,488.18590119117357,146.4557703573521,537.004491310291,537.004491310291,390.5487209529389,634.6416715485257,0.0,341.73013083382153,97.63718023823472,146.4557703573521,0.0,1269.2833430970513,292.9115407147042,488.18590119117357,390.5487209529389,0.0,585.8230814294084,0.0,146.4557703573521,537.004491310291,292.9115407147042,1025.1903925014644,97.63718023823472,97.63718023823472
SRR8556969,controle,14687.629292511378,3258.171286719073,12722.383119569713,6723.210591642533,11170.872983036823,7809.267687215556,1810.095159288374,8223.003723624328,2844.4352503103023,465.4530409598676,568.8870500620604,155.15101365328923,6619.7765825403385,2947.8692594124946,5792.304509722797,19911.046752172115,17945.80057923045,14739.346297062473,7550.682664460074,1344.6421183285063,8378.154737277617,1189.4911046752172,5895.738518824989,5275.134464211833,1706.6611501861812,2585.85022755482,206.86801820438558,1965.2461729416632,3154.7372776168804,1137.7741001241209,1396.3591228796029,9464.21183285064,206.86801820438558,6981.795614398014,2275.5482002482418,155.15101365328923,2637.5672321059164,1861.8121638394705,4964.832436905255,413.73603640877116,775.7550682664461,672.3210591642531,14222.17625155151,1706.6611501861812,206.86801820438558,17738.932561026064,7705.833678113364,5844.021514273893,362.0190318576748,3051.3032685146873,982.6230864708316,1189.4911046752172,4447.66239139429,1499.7931319817956,982.6230864708316,6361.1915597848565,2016.9631774927598,982.6230864708316,206.86801820438558,9412.494828299546,103.43400910219279,103.43400910219279,0.0,4395.945386843194,4757.964418700869,3930.4923458833264,2482.4162184526276,4240.794373189905,11791.477037649978,8378.154737277617,9309.060819197352,2482.4162184526276,413.73603640877116,2068.680182043856,2792.7182457592057,2741.001241208109,2120.3971865949525,5378.568473314025,2637.5672321059164,2068.680182043856,568.8870500620604,3516.756309474555,1396.3591228796029,4395.945386843194,517.170045510964,1034.340091021928,620.6040546131569,12308.647083160944,2896.1522548613984,103.43400910219279,1034.340091021928,1706.6611501861812,155875.05171700456,64335.953661563915,44166.32188663633,58802.23417459661,26996.27637567232,6206.040546131569,8378.154737277617,7550.682664460074,41735.6226727348,4033.9263549855195,1551.5101365328921,2585.85022755482,2844.4352503103023,11170.872983036823,9671.079851055028,9309.060819197352,310.30202730657845,2120.3971865949525,1706.6611501861812,1603.2271410839885,413.73603640877116,38011.99834505586,1241.2081092263138,13498.13818783616,1758.3781547372776,5378.568473314025,4395.945386843194,5895.738518824989,2275.5482002482418,2327.265204799338,5482.002482416218,5999.172527927182,8067.852709971039,1603.2271410839885,3103.0202730657843,103.43400910219279,258.585022755482,2896.1522548613984,827.4720728175423,1137.7741001241209,775.7550682664461,1499.7931319817956,155.15101365328923,258.585022755482,0.0,2585.85022755482,1603.2271410839885,2327.265204799338,1965.2461729416632,51.717004551096394,2482.4162184526276,1706.6611501861812,51.717004551096394,51.717004551096394,2172.1141911460486,1396.3591228796029,1344.6421183285063,517.170045510964,51.717004551096394,51.717004551096394,1965.2461729416632,982.6230864708316,517.170045510964,2430.6992139015306,672.3210591642531,362.0190318576748,413.73603640877116,1137.7741001241209,1292.92511377741,2999.586263963591,3258.171286719073,568.8870500620604,103.43400910219279,465.4530409598676,1706.6611501861812,51.717004551096394,362.0190318576748,2223.831195697145,0.0,0.0
SRR8556973,controle,12943.55903847847,5224.384373807637,8482.286988934871,5958.146224061518,4813.477737665464,7572.422294620058,4696.075841624842,4343.8701535029795,1262.0703824366765,469.6075841624842,587.0094802031052,704.4113762437263,6897.361392386488,5018.93105573655,8423.58604091456,20750.78512517977,15350.297907311202,13765.37231076282,6192.95001614276,5106.982477767016,10008.511637462945,763.1123242640368,5106.982477767016,2846.995978985061,322.8552141117079,4461.2720495436,469.6075841624842,440.257110152329,939.2151683249684,2230.6360247718,1643.626544568695,2846.995978985061,528.3085321827948,6809.309970356022,1467.5237005077631,763.1123242640368,440.257110152329,7924.627982741921,3551.407355228787,1144.6684863960554,616.3599542132605,2758.944556954595,12708.75524639723,1115.3180123859,0.0,12767.456194417538,3668.809251269408,2377.388394822576,557.65900619295,1878.4303366499369,146.7523700507763,1350.121804467142,6633.207126295089,2465.439816853042,851.1637462945027,6281.001438173226,1438.1732264976079,616.3599542132605,0.0,10302.016377564498,645.7104282234158,293.5047401015526,498.95805817263954,3903.61304335065,2054.5331807108682,5165.683425787326,1350.121804467142,3052.4492970561473,8834.492677056734,8893.193625077045,9333.450735229373,4519.97299756391,821.8132722843475,1496.8741745179184,1761.028440609316,5312.435795838102,2318.687446802266,3052.4492970561473,4138.416835431892,3991.6644653811163,88.05142203046579,3786.211147310029,5136.332951777172,1937.1312846702474,1438.1732264976079,1761.028440609316,293.5047401015526,13912.124680813595,1761.028440609316,322.8552141117079,1995.8322326905582,234.8037920812421,143846.67312377095,58612.896598280066,42470.13589269467,53858.11980863491,28469.959789850604,10712.923013706672,4109.0663614217365,1584.9255965483844,41178.715036247835,2025.182706700713,1849.0798626397816,498.95805817263954,792.4627982741922,14939.39127116903,15232.896011270583,13736.021836752663,675.060902233571,2142.584602741334,2700.243608934284,5312.435795838102,1731.6779665991605,31170.20339878489,1262.0703824366765,14381.732264976079,645.7104282234158,5664.641483959966,3991.6644653811163,9039.94599512782,1584.9255965483844,3580.757829238942,5664.641483959966,5400.487217868568,10390.067799594965,322.8552141117079,4519.97299756391,587.0094802031052,322.8552141117079,2846.995978985061,3111.150245076458,3551.407355228787,176.10284406093157,3111.150245076458,2201.285550761645,0.0,733.7618502538816,5870.0948020310525,2318.687446802266,146.7523700507763,3463.355933198321,1878.4303366499369,8482.286988934871,8188.782248833319,1849.0798626397816,1849.0798626397816,264.1542660913974,704.4113762437263,675.060902233571,381.5561621320184,1849.0798626397816,1878.4303366499369,205.45331807108687,968.5656423351237,587.0094802031052,1085.9675383757449,939.2151683249684,293.5047401015526,352.20568812186315,851.1637462945027,2465.439816853042,7132.16518446773,4696.075841624842,616.3599542132605,2171.9350767514898,498.95805817263954,528.3085321827948,1849.0798626397816,939.2151683249684,6046.197646091984,675.060902233571,645.7104282234158
SRR8556986,controle,14409.638554216868,5638.55421686747,9397.590361445784,3228.9156626506024,6602.409638554216,7951.807228915663,578.3132530120482,3662.6506024096384,2795.1807228915663,1012.0481927710842,1204.8192771084339,481.92771084337346,6987.951807228916,3855.4216867469877,7903.614457831325,30554.21686746988,19662.65060240964,13975.903614457831,8192.77108433735,3036.144578313253,9349.397590361446,819.277108433735,3710.843373493976,4337.349397590361,1156.6265060240964,2120.4819277108436,481.92771084337346,385.54216867469876,1638.55421686747,1590.3614457831327,1975.9036144578313,240.96385542168673,289.1566265060241,6602.409638554216,1012.0481927710842,915.6626506024096,963.8554216867469,4000.0,2361.44578313253,1349.3975903614457,1445.7831325301206,1012.0481927710842,12819.277108433735,5156.626506024096,867.4698795180723,13686.746987951807,3373.4939759036142,1301.2048192771085,1253.012048192771,963.8554216867469,2265.0602409638554,2216.867469879518,6313.253012048192,2072.289156626506,1204.8192771084339,3277.10843373494,2698.7951807228915,1204.8192771084339,867.4698795180723,9975.903614457831,385.54216867469876,337.34939759036143,0.0,6843.373493975903,3951.8072289156626,5927.710843373495,1156.6265060240964,5734.939759036144,8626.506024096385,8867.469879518072,10602.409638554216,3373.4939759036142,1445.7831325301206,1204.8192771084339,3277.10843373494,6072.289156626506,2265.0602409638554,1783.132530120482,4240.963855421687,3228.9156626506024,96.38554216867469,5349.397590361446,3325.3012048192772,1301.2048192771085,819.277108433735,1108.433734939759,385.54216867469876,19421.68674698795,2602.409638554217,192.77108433734938,1204.8192771084339,771.0843373493975,150409.6385542169,63325.301204819276,45686.7469879518,53349.39759036145,30120.481927710844,8433.734939759037,3807.2289156626503,1060.2409638554218,37686.7469879518,4096.385542168675,3855.4216867469877,674.6987951807229,2602.409638554217,15614.457831325302,10120.481927710844,14554.216867469879,0.0,4096.385542168675,722.8915662650603,481.92771084337346,1301.2048192771085,30361.44578313253,626.5060240963855,9879.518072289156,5975.903614457831,7759.036144578313,3903.6144578313256,9975.903614457831,1108.433734939759,5493.975903614458,7614.4578313253005,9156.626506024097,10216.867469879518,722.8915662650603,1638.55421686747,433.73493975903614,963.8554216867469,3614.4578313253014,1397.5903614457832,1060.2409638554218,2409.6385542168678,1060.2409638554218,819.277108433735,867.4698795180723,192.77108433734938,4433.734939759036,1783.132530120482,289.1566265060241,4048.192771084337,481.92771084337346,1301.2048192771085,1060.2409638554218,481.92771084337346,481.92771084337346,385.54216867469876,2168.6746987951806,2409.6385542168678,1253.012048192771,481.92771084337346,481.92771084337346,819.277108433735,1542.168674698795,192.77108433734938,2265.0602409638554,1204.8192771084339,1204.8192771084339,481.92771084337346,2120.4819277108436,2168.6746987951806,1975.9036144578313,3855.4216867469877,192.77108433734938,578.3132530120482,192.77108433734938,530.1204819277109,481.92771084337346,1012.0481927710842,1638.55421686747,144.57831325301206,289.1566265060241
SRR8556990,controle,13047.068538398018,5505.092210294522,7927.332782824112,3358.1062482796588,5284.888521882742,10900.082576383154,1045.9675199559592,4954.58298926507,770.7129094412331,165.15276630883568,220.2036884117809,1431.3239746765757,9468.758601706579,2091.9350399119185,8257.638315441784,19157.720891824938,19267.822736030826,9799.06413432425,9028.351224883017,1816.6804293971925,11505.642719515552,1871.7313515001376,6606.110652353426,2697.495183044316,605.5601431323975,6881.365262868153,990.916597853014,990.916597853014,1816.6804293971925,5284.888521882742,4789.4302229562345,110.10184420589044,330.30553261767136,6661.161574456371,3578.30993669144,4349.022846132672,550.5092210294523,2752.546105147261,2587.3933388384257,2257.0878062207544,275.25461051472615,1926.7822736030828,11505.642719515552,4899.532067162125,330.30553261767136,7266.72171758877,3908.6154693091107,2532.34241673548,1101.0184420589046,2036.884117808973,880.8147536471236,2422.24057252959,4238.921001926782,3248.0044040737685,880.8147536471236,1816.6804293971925,4679.328378750344,2477.291494632535,330.30553261767136,33470.960638590695,715.6619873382879,275.25461051472615,0.0,4569.226534544454,3798.5136251032204,5615.194054500414,2642.444260941371,3963.666391412056,11340.489953206716,11946.050096339113,10789.980732177264,2532.34241673548,1871.7313515001376,660.6110652353427,3798.5136251032204,7101.5689512799345,2367.1896504266447,1431.3239746765757,3578.30993669144,3248.0044040737685,110.10184420589044,3963.666391412056,1926.7822736030828,2146.9859620148636,3468.208092485549,4459.124690338564,660.6110652353427,18056.702449766035,2697.495183044316,550.5092210294523,2862.6479493531515,1431.3239746765757,175612.44150839528,58519.13019543077,44260.94137076796,50756.9501789155,33746.21524910542,12001.10101844206,4954.58298926507,715.6619873382879,38040.18717313515,2642.444260941371,1156.0693641618498,1871.7313515001376,1816.6804293971925,8312.689237544728,7817.230938618221,10184.420589044867,110.10184420589044,1211.120286264795,330.30553261767136,220.2036884117809,1816.6804293971925,28956.785026149188,770.7129094412331,8202.587393338838,5670.244976603358,6440.957886044592,3963.666391412056,7321.772639691715,660.6110652353427,2972.7497935590422,4624.277456647399,8202.587393338838,7597.027250206441,330.30553261767136,3578.30993669144,220.2036884117809,660.6110652353427,2752.546105147261,880.8147536471236,990.916597853014,1816.6804293971925,1045.9675199559592,110.10184420589044,0.0,275.25461051472615,3468.208092485549,1926.7822736030828,1211.120286264795,1816.6804293971925,110.10184420589044,385.35645472061657,495.458298926507,110.10184420589044,110.10184420589044,605.5601431323975,1156.0693641618498,1541.4258188824663,550.5092210294523,110.10184420589044,110.10184420589044,495.458298926507,495.458298926507,165.15276630883568,1431.3239746765757,2146.9859620148636,495.458298926507,770.7129094412331,990.916597853014,220.2036884117809,2752.546105147261,2202.036884117809,110.10184420589044,165.15276630883568,990.916597853014,825.7638315441783,110.10184420589044,1101.0184420589046,605.5601431323975,275.25461051472615,275.25461051472615
SRR8557003,controle,12784.09090909091,7812.5,8522.727272727272,3551.1363636363635,6392.045454545455,9943.181818181818,2840.909090909091,1420.4545454545455,0.0,0.0,0.0,0.0,8522.727272727272,3551.1363636363635,6392.045454545455,23437.5,15625.0,9943.181818181818,7102.272727272727,8522.727272727272,4971.590909090909,2130.681818181818,6392.045454545455,4971.590909090909,2840.909090909091,1420.4545454545455,0.0,1420.4545454545455,710.2272727272727,1420.4545454545455,2130.681818181818,0.0,0.0,2840.909090909091,710.2272727272727,1420.4545454545455,1420.4545454545455,6392.045454545455,1420.4545454545455,4261.363636363636,0.0,0.0,9232.954545454546,1420.4545454545455,0.0,12784.09090909091,2130.681818181818,1420.4545454545455,1420.4545454545455,1420.4545454545455,1420.4545454545455,710.2272727272727,7812.5,2130.681818181818,3551.1363636363635,2840.909090909091,2130.681818181818,0.0,0.0,17755.68181818182,0.0,0.0,1420.4545454545455,7812.5,2840.909090909091,4971.590909090909,5681.818181818182,2840.909090909091,10653.40909090909,12073.863636363636,9232.954545454546,5681.818181818182,710.2272727272727,2130.681818181818,7812.5,4261.363636363636,2130.681818181818,2130.681818181818,4971.590909090909,3551.1363636363635,2130.681818181818,7102.272727272727,7102.272727272727,1420.4545454545455,710.2272727272727,710.2272727272727,710.2272727272727,19176.136363636364,4261.363636363636,0.0,2840.909090909091,1420.4545454545455,145596.5909090909,54687.5,55397.72727272727,44034.09090909091,29829.545454545456,10653.40909090909,1420.4545454545455,0.0,35511.36363636364,2130.681818181818,2840.909090909091,710.2272727272727,0.0,16335.227272727272,12073.863636363636,14914.772727272728,0.0,4971.590909090909,0.0,710.2272727272727,3551.1363636363635,28409.090909090908,1420.4545454545455,9943.181818181818,3551.1363636363635,9232.954545454546,3551.1363636363635,10653.40909090909,2130.681818181818,1420.4545454545455,10653.40909090909,7102.272727272727,12784.09090909091,710.2272727272727,1420.4545454545455,1420.4545454545455,0.0,4261.363636363636,2130.681818181818,0.0,0.0,0.0,1420.4545454545455,1420.4545454545455,0.0,7812.5,710.2272727272727,0.0,4971.590909090909,0.0,710.2272727272727,710.2272727272727,0.0,0.0,0.0,3551.1363636363635,3551.1363636363635,2130.681818181818,0.0,0.0,2130.681818181818,2840.909090909091,2130.681818181818,2130.681818181818,3551.1363636363635,2840.909090909091,0.0,2130.681818181818,0.0,4971.590909090909,7812.5,2840.909090909091,0.0,2130.681818181818,0.0,0.0,1420.4545454545455,0.0,0.0,0.0
SRR8557024,controle,12141.166786706452,5693.315498851048,7030.90167026786,4630.105977981274,7236.684158178139,7682.5462153170765,1577.665740645471,4630.105977981274,3018.143156017423,171.48540659189905,240.07956922865864,411.56497582055766,6413.554206537024,3155.331481290942,8197.002435092774,26408.75261515245,18863.39472510889,16736.975683369346,7682.5462153170765,2332.201529649827,10906.471859244779,720.2387076859759,5384.641766985629,3223.925643927702,823.1299516411153,5110.265116438591,411.56497582055766,1131.8036835065336,1611.962821963851,2949.5489933806634,2503.686936241726,308.67373186541823,308.67373186541823,6619.336694447303,1852.0423911925095,1817.7453098741298,788.8328703227355,4218.541002160716,3018.143156017423,1406.180334053572,548.7533010940768,1852.0423911925095,12895.702575710808,2743.766505470385,274.3766505470384,11489.522241657234,2983.846074699043,1749.1511472373702,1166.1007648249135,1268.9920087800529,720.2387076859759,548.7533010940768,5967.692149398086,2675.172342833625,1200.3978461432932,4012.758514250437,2640.8752615152453,1268.9920087800529,274.3766505470384,11283.739753746957,754.5357890043557,411.56497582055766,308.67373186541823,7099.49583290462,2846.657749425524,4149.946839523956,2057.824879102788,4561.511815344514,9191.617793325788,8059.814109819255,9500.291525191205,3566.8964571115,1714.8540659189903,1509.0715780087114,4149.946839523956,5281.7505230304905,2812.360668107144,2743.766505470385,4527.2147340261345,2229.3102856946875,548.7533010940768,4835.888465891553,3909.8672702952977,1543.3686593270913,1714.8540659189903,2640.8752615152453,651.6445450492163,17422.917309736942,3292.5198065644613,480.1591384573173,926.0211955962548,445.8620571389375,149741.05703604623,63895.462496141576,45169.256096306206,52268.75192921082,29049.627876667695,11455.225160338854,4664.403059299654,754.5357890043557,40779.22968755359,2126.419041739548,1646.2599032822307,823.1299516411153,2195.0132043763074,14816.339129540076,11798.195973522654,12689.920087800527,1131.8036835065336,3395.411050519601,2263.6073670130672,2675.172342833625,1097.5066021881537,27540.556298658983,651.6445450492163,11283.739753746957,2366.4986109682063,6413.554206537024,4081.352676887197,10254.827314195561,1852.0423911925095,3704.084782385019,6619.336694447303,7236.684158178139,8231.299516411153,274.3766505470384,2297.904448331447,411.56497582055766,411.56497582055766,3635.4906197482596,2640.8752615152453,1303.2890900984326,651.6445450492163,2400.7956922865865,1440.4774153719518,617.3474637308365,240.07956922865864,5281.7505230304905,1783.44822855575,994.6153582330144,3635.4906197482596,1063.209520869774,4149.946839523956,3841.2731076585383,1063.209520869774,1063.209520869774,1131.8036835065336,1200.3978461432932,1200.3978461432932,1234.694927461673,1063.209520869774,1063.209520869774,1337.5861714168125,1406.180334053572,171.48540659189905,1611.962821963851,1131.8036835065336,685.9416263675962,514.456219775697,2435.092773604966,926.0211955962548,4149.946839523956,4012.758514250437,205.78248791027883,1543.3686593270913,137.1883252735192,1028.912439551394,1063.209520869774,994.6153582330144,2572.2810988784854,240.07956922865864,240.07956922865864
SRR8556885,fbm,14245.4917208554,11999.731849567606,7977.475363679024,3150.7675806127236,5094.858215458873,6603.204397667092,905.0077093249313,5865.790708587518,6368.57276932359,167.59402024535765,402.22564858885835,1675.9402024535764,13306.965207481397,1675.9402024535764,5497.0838640477305,24167.057719380573,18938.124287725415,12301.401086009251,8044.512971777168,4458.000938526514,11597.506200978749,1675.9402024535764,2044.6470469933633,4994.301803311658,1508.3461822082188,3016.6923644164376,636.8572769323591,1374.2709660119326,3117.2487765636524,1709.459006502648,1541.8649862572902,603.3384728832875,2647.985519876651,4826.7077830663,1206.676945766575,670.3760809814306,703.8948850305021,2279.278675336864,2078.165851042435,1843.5342226989342,938.5265133740028,1877.0530267480055,6871.354830059664,4290.406918281156,636.8572769323591,8312.66340416974,2312.7974793859357,938.5265133740028,1642.421398404505,201.11282429442917,1206.676945766575,2346.316283435007,4491.519742575585,2882.6171482201516,1005.564121472146,2715.023127974794,2480.3914996312933,1072.601729570289,636.8572769323591,23865.388482938928,402.22564858885835,502.782060736073,67.03760809814307,11195.280552389891,5195.4146276060865,9888.047194476101,1374.2709660119326,5899.309512636589,5027.820607360729,8413.219816316954,14815.311389689616,2547.4291077294365,1206.676945766575,502.782060736073,3787.624857545083,2983.173560367366,4290.406918281156,2446.8726955822217,2279.278675336864,2949.6547563182944,972.0453174230743,5228.9334316551585,2849.09834417108,1173.1581417175034,770.9324931286451,1374.2709660119326,100.55641214721459,16658.84561238855,1608.9025943554334,335.1880404907153,837.9701012267882,301.66923644164376,164108.0646242542,60333.847288328754,49406.71716833144,54535.09418783938,36200.30837299725,6335.053965274519,6268.016357176376,1273.7145538647183,31641.751022323522,5027.820607360729,1575.3837903063618,3519.474425152511,3284.84279680901,12770.664342696253,10122.678822819602,11563.987396929679,402.22564858885835,1072.601729570289,301.66923644164376,67.03760809814307,502.782060736073,25273.178252999933,335.1880404907153,5329.489843802373,4726.151370919086,5698.19668834216,4994.301803311658,7206.542870550379,2647.985519876651,3351.8804049071528,5396.527451900516,6670.242005765234,9519.340349936314,770.9324931286451,905.0077093249313,1608.9025943554334,469.2632566870014,1877.0530267480055,1977.6094388952201,368.7068445397868,1474.8273781591472,4357.444526379299,569.819668834216,737.4136890795736,1877.0530267480055,5094.858215458873,3653.5496413487967,1810.0154186498626,2178.7222631896493,402.22564858885835,703.8948850305021,837.9701012267882,402.22564858885835,402.22564858885835,2480.3914996312933,1608.9025943554334,1608.9025943554334,536.3008647851445,402.22564858885835,402.22564858885835,2178.7222631896493,1374.2709660119326,1106.1205336193605,1039.0829255212175,1206.676945766575,201.11282429442917,1072.601729570289,2580.9479117785077,871.4889052758597,2815.5795401220084,3687.0684453978683,1206.676945766575,435.74445263792984,1039.0829255212175,2379.8350874840785,402.22564858885835,1575.3837903063618,1307.2333579137896,435.74445263792984,469.2632566870014
SRR8556891,fbm,15490.491107767444,10507.880910683012,7547.914456969487,3107.964776399201,4859.278261513036,9101.896845169087,1405.9840655139242,5821.267358969932,4242.618583656052,369.99580671419056,517.9941293998668,1109.9874201425719,12851.187686539553,2269.307614513702,5401.938778027182,22150.415628622875,15465.824720653165,15169.828075281814,7917.910263683678,4365.950519227449,9915.887619940308,1282.6521299425272,2910.633679484966,4513.948841913125,591.993290742705,4341.284132113169,271.33025825707307,937.3227103426161,5253.940455341506,2367.97316297082,2466.6387114279373,665.992452085543,2861.300905256407,5771.934584741372,1578.6487753138797,863.3235489997779,838.6571618854987,2022.6437433709084,3403.9614217705534,3107.964776399201,1134.653807256851,1479.9832268567623,10285.883426654498,5056.609358427271,912.6563232283368,12382.526331368244,2885.967292370686,1109.9874201425719,2219.9748402851437,542.6605165141461,1208.652968599689,2713.302582570731,4883.9446486273155,2959.9664537135245,665.992452085543,2219.9748402851437,3527.29335734195,2244.641227399423,912.6563232283368,16131.817172738709,567.3269036284255,221.99748402851435,295.9966453713525,10705.212007597247,5451.271552255741,10162.551491083103,1825.3126464566735,5796.6009718556525,6388.594262598357,8090.574973483634,12678.522976739596,2935.3000665992454,1356.6512912853655,320.6630324856318,3773.9572284847436,2589.970646999334,4760.612713055919,2491.3050985422165,3897.2891640561406,1233.3193557139687,715.3252263141018,6067.931230112726,1701.9807108852767,2318.6403887422607,1208.652968599689,1652.6479366567178,345.3294195999112,19511.112207394985,2737.96896968501,197.33109691423496,1035.9882587997336,863.3235489997779,155496.90436841716,64083.27372289781,47778.79184035915,55622.70294269999,34730.27305690535,7893.243876569398,6240.595939912681,1085.3210330282923,33472.287314077104,2787.301743913569,1529.316001085321,3107.964776399201,3724.624454256185,10507.880910683012,7843.911102340841,11741.200266396982,493.32774228558736,838.6571618854987,616.6596778569843,147.99832268567624,591.993290742705,27947.016600478528,1282.6521299425272,4489.282454798846,3872.622776941861,5969.265681655608,4883.9446486273155,6141.930391455564,3379.295034656274,4267.284970770331,5549.937100712858,6807.922843541107,7769.911940998002,838.6571618854987,1085.3210330282923,1874.6454206852322,567.3269036284255,1627.9815495424386,1603.315162428159,345.3294195999112,1874.6454206852322,4883.9446486273155,369.99580671419056,665.992452085543,2195.308453170864,3181.963937742039,2688.636195456452,3502.626970227671,1701.9807108852767,246.66387114279368,295.9966453713525,542.6605165141461,246.66387114279368,246.66387114279368,3749.2908413704645,1257.985742828248,1282.6521299425272,295.9966453713525,246.66387114279368,246.66387114279368,3058.632002170642,1134.653807256851,1331.984904171086,1011.3218716854542,591.993290742705,493.32774228558736,246.66387114279368,3107.964776399201,813.9907747712193,2219.9748402851437,1307.3185170568067,1899.3118077995116,295.9966453713525,1652.6479366567178,1011.3218716854542,246.66387114279368,1849.9790335709529,443.9949680570287,789.3243876569398,1109.9874201425719
SRR8556892,fbm,14612.358387316237,7601.975922146301,6951.223119472299,5353.920785636111,7039.962138018754,9879.61073150531,2869.2282663353744,4614.428964415653,3253.7640133700124,1360.6649510456414,2218.475463661372,384.5357470346378,12216.404886561953,3490.4013961605583,5649.717514124294,22184.754636613718,16949.15254237288,10471.204188481675,7365.338539355755,4998.964711450291,7956.931996332121,1478.9836424409145,5324.341112787292,4318.632235927471,502.85443842991094,3579.1404147070134,147.89836424409148,887.3901854645487,4851.0663472062,2691.7502292424647,2307.2144822078267,680.3324755228207,3046.706303428284,6359.629662495932,2277.634809359008,2366.3738279054637,1331.085278196823,5146.863075694383,4170.733871683379,2543.851864998373,562.0137841275476,828.2308397669121,12098.086195166681,4791.907001508563,414.11541988345607,13429.171473363505,2395.9535007542813,798.6511669180938,3105.8656491259208,177.47803709290974,1271.9259324991865,2011.4177537196438,4377.791581625107,2810.068920637738,502.85443842991094,3963.6761617416514,4170.733871683379,1863.5193894755523,414.11541988345607,15677.226609873696,798.6511669180938,591.5934569763659,354.9560741858195,8992.220546040762,5679.297186973112,9672.55302156358,3697.4591061022866,5206.022421392019,6093.412606856568,9051.379891738397,10914.89928121395,2573.4315378471915,1893.0990623243708,325.3764013370012,3046.706303428284,3638.29976040465,3312.9233590676486,1715.6210252314609,3874.9371431951963,1893.0990623243708,354.9560741858195,5827.1955512172035,2780.4892477889193,2691.7502292424647,857.8105126157304,2011.4177537196438,739.4918212204573,18783.092258999615,3549.560741858195,354.9560741858195,621.1731298251842,177.47803709290974,158044.19203123613,66702.16227408525,48096.54805217854,52622.23799804774,33158.813263525306,10559.94320702813,4791.907001508563,1124.0275682550953,38601.47306770787,1922.678735173189,1626.8820066850062,2603.0112106960096,3253.7640133700124,16091.34202975715,6655.426390984116,9583.814003017125,976.1292040110037,1005.7088768598219,680.3324755228207,414.11541988345607,1538.1429881385511,23722.89762475227,502.85443842991094,5087.703729996746,5294.761439938474,5383.500458484929,3934.096488892833,4525.689945869199,1686.0413523826428,2514.2721921495545,5117.2834028455645,6714.585736681753,9169.69858313367,709.912148371639,1331.085278196823,1567.7226609873696,443.69509273227436,2336.794155056645,2070.5770994172804,502.85443842991094,1715.6210252314609,3342.503031916467,621.1731298251842,709.912148371639,1833.939716626734,4081.994853136924,3076.2859762771022,916.969858313367,1981.8380808708257,414.11541988345607,857.8105126157304,857.8105126157304,414.11541988345607,414.11541988345607,1301.5056053480048,1124.0275682550953,2188.8957908125535,473.2747655810927,414.11541988345607,414.11541988345607,1183.1869139527319,1035.2885497086402,591.5934569763659,621.1731298251842,1715.6210252314609,562.0137841275476,591.5934569763659,4111.574525985742,1153.6072411039133,1715.6210252314609,2100.156772266099,591.5934569763659,414.11541988345607,532.4341112787292,266.2170556393646,414.11541988345607,1212.76658680155,946.5495311621854,621.1731298251842,621.1731298251842
SRR8556894,fbm,13274.194066788801,7970.944621219425,7842.380998296531,3471.2178189181373,8774.467264487514,8485.199112911003,1092.7907948445986,6588.885674798316,5656.799408607334,1285.6362292289396,1542.7634750747275,964.2271719217048,10156.526210908623,3246.2314788030726,4306.881367916948,24587.792884003473,20248.7706103558,9931.539870793558,6846.012920644103,5592.5175971458875,10124.3853051779,2378.4270240735386,3471.2178189181373,5271.108539838653,1414.1998521518335,2410.567929804262,610.6772088837464,1028.5089833831519,3439.076913187414,1285.6362292289396,1542.7634750747275,2956.9633272265614,2217.722495419921,3792.626876225372,610.6772088837464,385.69086876868187,514.2544916915759,4467.585896570566,2121.2997782277507,1992.7361553048563,385.69086876868187,610.6772088837464,10702.921608330922,3246.2314788030726,192.84543438434093,13209.912255327356,2603.413364188603,996.3680776524282,996.3680776524282,578.5363031530228,739.2408318066404,1349.9180406903868,4692.57223668563,2764.11789284222,1960.5952495741328,8742.326358756789,2764.11789284222,1124.931700575322,192.84543438434093,15524.057467939447,707.0999260759168,707.0999260759168,160.70452865361744,8228.071867065215,6363.899334683252,11217.176100022498,1349.9180406903868,3406.93600745669,4596.14951949346,9160.158133256196,12920.644103750843,3792.626876225372,1478.4816636132807,610.6772088837464,2410.567929804262,4242.599556455501,2057.0179667663037,2153.440683958474,4788.9949538778,3021.2451386880084,289.2681515765114,4435.444990839842,2828.399704303667,1028.5089833831519,321.4090573072349,803.5226432680873,257.12724584578797,21020.152347893163,3856.908687686819,321.4090573072349,546.3953974222993,1028.5089833831519,153376.4021470125,60521.32549095234,48789.89489923826,51393.308263426865,30790.987690033107,8967.312698871854,8581.621830103173,1414.1998521518335,32526.596599492175,2410.567929804262,1542.7634750747275,1703.468003728345,1671.3270979976214,14399.125767364125,11185.035194291775,13338.475878250249,1157.0726063060456,1799.8907209205156,2506.990646996432,867.8044547295343,1124.931700575322,31594.51033330119,1028.5089833831519,7231.703789412786,5753.222125799505,4949.699482531418,3342.654195995243,6846.012920644103,3728.345064763925,3085.526950149455,5399.672162761547,6813.87201491338,6653.167486259763,289.2681515765114,771.3817375373637,192.84543438434093,449.9726802301289,1735.6089094590686,707.0999260759168,1221.3544177674928,932.0862661909813,1992.7361553048563,1510.6225693440042,449.9726802301289,192.84543438434093,5367.531257030823,1607.0452865361747,1767.7498151897921,3824.7677819560954,1253.495323498216,1446.3407578825572,1928.4543438434096,1253.495323498216,1253.495323498216,2442.7088355349856,385.69086876868187,353.5499630379584,867.8044547295343,1253.495323498216,1253.495323498216,2121.2997782277507,1317.7771349596633,353.5499630379584,1735.6089094590686,3792.626876225372,1349.9180406903868,482.1135859608524,1992.7361553048563,96.42271719217047,3535.4996303795842,5046.122199723589,385.69086876868187,1382.05894642111,321.4090573072349,1189.2135120367693,1253.495323498216,610.6772088837464,2249.863401150644,96.42271719217047,96.42271719217047
SRR8556896,fbm,16379.67240655187,8099.838003239936,7979.840403191936,3539.929201415972,6059.878802423951,8639.82720345593,779.9844003119938,2699.9460010799785,4979.90040199196,1199.9760004799903,1499.970000599988,359.9928001439971,7139.857202855943,3359.932801343973,8099.838003239936,26759.464810703786,18839.62320753585,13799.724005519889,4619.907601847964,4439.911201775964,8879.822403551929,2999.940001199976,4679.906401871963,4979.90040199196,899.9820003599928,5279.894402111958,359.9928001439971,239.9952000959981,4739.905201895962,1499.970000599988,2099.9580008399835,1799.9640007199855,1739.9652006959861,5219.895602087958,1679.9664006719865,959.9808003839923,779.9844003119938,3719.92560148797,2159.9568008639826,2879.942401151977,959.9808003839923,419.99160016799664,12839.743205135897,4799.904001919961,179.99640007199855,9839.80320393592,2219.955600887982,479.9904001919962,2459.95080098398,299.99400011999757,1139.977200455991,1739.9652006959861,6059.878802423951,1859.962800743985,1319.9736005279894,3899.922001559969,3239.935201295974,959.9808003839923,179.99640007199855,19019.61960760785,179.99640007199855,239.9952000959981,359.9928001439971,8279.834403311934,8399.832003359934,12479.7504049919,1919.9616007679847,5759.884802303954,4679.906401871963,11579.768404631906,10379.792404151918,2759.9448011039776,1139.977200455991,299.99400011999757,1799.9640007199855,3719.92560148797,4079.9184016319673,1559.9688006239876,3599.928001439971,1979.960400791984,119.99760004799904,6779.864402711945,2939.941201175977,1139.977200455991,839.9832003359933,1199.9760004799903,179.99640007199855,17819.64360712786,2639.947201055979,59.99880002399952,479.9904001919962,0.0,156896.86206275874,62338.753224935506,50758.984820303594,47819.04361912762,32699.346013079736,9479.810403791924,5039.89920201596,479.9904001919962,38999.22001559969,1919.9616007679847,1619.967600647987,2459.95080098398,2579.9484010319793,9779.804403911923,9479.810403791924,10199.796004079919,839.9832003359933,1859.962800743985,1259.97480050399,479.9904001919962,779.9844003119938,31199.37601247975,359.9928001439971,7379.852402951941,4919.90160196796,4019.9196016079677,2999.940001199976,5639.887202255954,1799.9640007199855,2999.940001199976,6059.878802423951,3839.9232015359694,5819.883602327954,119.99760004799904,539.9892002159957,359.9928001439971,599.9880002399951,1799.9640007199855,1919.9616007679847,1379.9724005519888,299.99400011999757,1739.9652006959861,1859.962800743985,1379.9724005519888,419.99160016799664,4139.917201655967,1259.97480050399,1499.970000599988,5039.89920201596,1439.9712005759884,1499.970000599988,1799.9640007199855,1439.9712005759884,1439.9712005759884,1619.967600647987,1259.97480050399,1739.9652006959861,1559.9688006239876,1439.9712005759884,1439.9712005759884,1439.9712005759884,3059.9388012239756,1799.9640007199855,1439.9712005759884,1619.967600647987,1079.9784004319913,299.99400011999757,4199.916001679967,1439.9712005759884,2159.9568008639826,3479.9304013919723,1799.9640007199855,1559.9688006239876,1559.9688006239876,359.9928001439971,1439.9712005759884,2459.95080098398,1919.9616007679847,419.99160016799664,419.99160016799664
SRR8556898,fbm,13032.685146876292,8516.066749413874,8895.32478278858,3378.8442973382985,5413.0464763480895,7309.336643221625,655.0820576472211,5999.172527927182,7550.682664460074,724.0380637153496,896.4280788856709,482.6920424768997,10481.312922355537,1620.4661426010205,3792.5803337470693,27720.314439387672,22686.525996414286,9619.362846503931,8447.110743345746,4654.530409598676,12446.5590952972,1137.7741001241209,2516.8942214866915,4413.184388360227,1034.340091021928,2482.4162184526276,620.6040546131569,724.0380637153496,2482.4162184526276,1379.1201213625707,1654.9441456350846,1620.4661426010205,2034.202179009792,4033.9263549855195,586.1260515790925,1034.340091021928,1103.2960970900567,3309.8882912701692,2516.8942214866915,2620.3282305888843,1034.340091021928,965.3840849537994,13274.031168114743,2344.50420631637,344.78003034064267,11032.960970900565,2103.1581850779203,448.2140394428354,1585.9881395669563,241.34602123844985,620.6040546131569,1413.598124396635,6240.518549165633,2689.2842366570126,999.8620879878638,5137.222452075576,1448.0761274306992,861.9500758516067,310.30202730657845,15859.881395669563,1068.818094055992,758.5160667494139,275.8240242725142,8550.544752447937,5240.6564611777685,9964.142876844573,1482.5541304647634,4930.35443387119,5137.222452075576,8929.802785822645,13549.855192387256,4240.794373189905,758.5160667494139,724.0380637153496,3171.9762791339126,3827.0583367811337,3068.54227003172,1448.0761274306992,4964.832436905255,2999.586263963591,482.6920424768997,4654.530409598676,3275.4102882361053,1999.7241759757276,413.73603640877116,655.0820576472211,206.86801820438558,21583.229899324233,3551.2343125086195,241.34602123844985,2068.680182043856,310.30202730657845,156116.39773824302,58612.60515790925,49579.368362984416,48786.37429320093,34029.788994621435,6068.128533995311,6585.298579506275,1310.1641152944421,29306.302578954626,3275.4102882361053,2068.680182043856,2689.2842366570126,1999.7241759757276,12481.037098331266,8585.022755482003,12515.515101365329,517.170045510964,1068.818094055992,1758.3781547372776,275.8240242725142,861.9500758516067,31237.070748862225,1413.598124396635,6619.7765825403385,5619.914494552476,8688.456764584194,5619.914494552476,7654.116673562267,3309.8882912701692,5964.694524893118,7102.468625017239,7309.336643221625,9757.274858640189,586.1260515790925,620.6040546131569,792.9940697834782,724.0380637153496,2896.1522548613984,1103.2960970900567,827.4720728175423,965.3840849537994,3378.8442973382985,1068.818094055992,413.73603640877116,896.4280788856709,5447.524479382154,2034.202179009792,2620.3282305888843,2482.4162184526276,758.5160667494139,965.3840849537994,1103.2960970900567,758.5160667494139,758.5160667494139,3516.756309474555,1103.2960970900567,1241.2081092263138,861.9500758516067,758.5160667494139,758.5160667494139,2965.1082609295268,999.8620879878638,448.2140394428354,1413.598124396635,1344.6421183285063,206.86801820438558,275.8240242725142,3620.190318576748,896.4280788856709,2482.4162184526276,4482.140394428355,448.2140394428354,827.4720728175423,413.73603640877116,2137.636188111984,758.5160667494139,827.4720728175423,1758.3781547372776,172.39001517032133,172.39001517032133
SRR8556902,fbm,14850.8379742202,9778.544722461893,8497.398488770361,3163.6468219729654,5699.793447852119,10144.586503516615,967.3961356446258,4261.772165137136,3320.5218709964183,183.02089052736162,235.31257353517924,183.02089052736162,9647.815514942347,3137.5009804690562,6928.647998535833,22406.986168849846,17386.984600099353,11739.482835255054,7451.564828614009,5725.939289356028,9438.64878291108,1045.833660156352,5595.210081836483,4836.980678223129,287.60425654299684,3320.5218709964183,287.60425654299684,496.7709885742673,3738.855335058959,1699.4796977540723,1647.1880147462546,549.0626715820849,653.6460375977201,4941.564044238764,915.1044526368081,2510.000784375245,679.7918791016289,3738.855335058959,3712.70949355505,2431.5632598635184,287.60425654299684,1281.1462336915313,10275.315711036159,5935.106021387298,339.89593955081443,10379.899077051796,2405.41741835961,653.6460375977201,2091.667320312704,209.1667320312704,549.0626715820849,2248.542369336157,4131.042957617591,1882.500588281434,601.3543545899025,3006.771772949512,4104.8971161136815,1281.1462336915313,339.89593955081443,17648.443015138444,1307.2920751954402,1019.6878186524434,209.1667320312704,8863.440269825085,5882.81433837948,11713.336993751143,4209.480482129317,4418.647214160588,5333.751666797396,10850.524224122153,11739.482835255054,2823.750882422151,1621.0421732423458,366.04178105472323,4863.126519727037,4601.668104687949,3660.4178105472324,2353.125735351792,4601.668104687949,758.2294036133553,261.458415039088,7425.4189871101,3895.7303840824115,2170.104844824431,601.3543545899025,784.3752451172641,758.2294036133553,21544.173399220854,2954.480089941695,313.75009804690563,1098.1253431641699,104.5833660156352,155724.63199728084,61991.79020576778,53442.1000339896,51428.87023818862,33309.80207597981,11242.711846680786,4497.084738672314,1045.833660156352,39323.34562187884,2797.6050409182417,1359.5837582032577,2745.3133579104247,3320.5218709964183,11687.191152247235,8968.023635840718,12497.71223886841,1333.437916699349,1333.437916699349,941.250294140717,444.4793055664496,967.3961356446258,29126.467435354407,418.3334640625408,5150.730776270035,3921.8762255863207,4470.938897168406,4863.126519727037,7922.189975684368,1699.4796977540723,2248.542369336157,5752.085130859937,5908.96017988339,6405.731168457657,313.75009804690563,1359.5837582032577,1019.6878186524434,313.75009804690563,2300.8340523439747,1777.9172222657985,679.7918791016289,1385.7295997071665,2536.146625879154,888.9586111328993,915.1044526368081,1176.562867675896,3921.8762255863207,2693.0216749026067,1621.0421732423458,2693.0216749026067,732.0835621094465,862.8127696289905,888.9586111328993,705.9377206055377,705.9377206055377,1856.354746777525,1228.8545506837138,1594.896331738437,575.2085130859937,705.9377206055377,732.0835621094465,1621.0421732423458,915.1044526368081,522.916830078176,679.7918791016289,1621.0421732423458,1150.4170261719873,209.1667320312704,4392.501372656679,549.0626715820849,1725.625539257981,3111.3551389651475,549.0626715820849,862.8127696289905,470.6251470703585,1150.4170261719873,705.9377206055377,1411.8754412110754,1124.2711846680786,888.9586111328993,862.8127696289905
SRR8556913,fbm,16290.806874081645,9806.426883025619,7698.204816967994,2810.9627547434998,5717.753785216892,9231.457228646264,926.3399987222897,5334.440682297323,4440.043442151665,670.7979301092442,830.5117229923976,574.9696543793522,10604.995847441385,3513.703443429374,4727.52826934134,22264.102727911584,16163.035839775124,11116.079984667474,7059.34964543538,4280.32964926851,9039.80067718648,2842.9055133201305,3194.2758576630677,4503.928959304925,1724.9089631380566,3897.016546348943,415.2558614961988,798.5689644157669,5142.784130837539,1820.7372388679487,1469.366894525011,1469.366894525011,2715.1344790136077,4216.444132115249,926.3399987222897,1884.6227560212099,798.5689644157669,4024.7875806554657,3577.588960582636,1756.851721714687,511.08413722609083,990.225515875551,10221.682744521817,4024.7875806554657,766.6262058391363,13735.386187951191,3162.3330990864374,1181.882067335335,2267.9358589407784,702.7406886858749,1661.0234459847952,1692.966204561426,5046.955855107647,1724.9089631380566,702.7406886858749,3897.016546348943,3034.562064779914,1661.0234459847952,766.6262058391363,21976.617900721907,1054.1110330288122,830.5117229923976,479.1413786494602,8752.315849996805,6963.521369705488,11275.793777550629,1916.5655145978408,3226.2186162396983,6516.322749632659,9231.457228646264,13384.015843608253,2970.676547626653,990.225515875551,287.4848271896761,2938.733789050022,4024.7875806554657,3385.932409122852,1597.1379288315338,2906.791030473392,2715.1344790136077,319.4275857663068,4951.127579377756,3865.073787772312,2363.76413467067,734.6834472625055,1022.1682744521817,255.54206861304542,19548.968248897974,3290.1041333929597,127.77103430652271,606.912412955983,926.3399987222897,159266.59426308057,62064.77991439341,51012.585446879195,53759.66268446943,36830.00063885517,7730.147575544624,6867.693093975596,894.397240145659,35552.29029578994,2459.592410400562,2299.8786175174087,1852.6799974445794,1437.4241359483804,8975.91516003322,8592.602057113652,8592.602057113652,1054.1110330288122,1022.1682744521817,1565.1951702549031,574.9696543793522,734.6834472625055,26895.802721523032,606.912412955983,6612.151025362551,3641.4744777358974,5078.898613684278,4056.730339232096,5717.753785216892,1661.0234459847952,2427.649651823932,5621.9255094869995,6771.864818245704,7634.3192998147315,127.77103430652271,1852.6799974445794,798.5689644157669,191.65655145978408,3290.1041333929597,2235.9931003641473,862.4544815690283,2235.9931003641473,2235.9931003641473,798.5689644157669,1054.1110330288122,894.397240145659,3928.9593049255736,3577.588960582636,1277.710343065227,2204.0503417875166,479.1413786494602,1054.1110330288122,990.225515875551,479.1413786494602,479.1413786494602,1469.366894525011,1022.1682744521817,1341.5958602184885,894.397240145659,479.1413786494602,479.1413786494602,1245.7675844885964,1916.5655145978408,1469.366894525011,1437.4241359483804,1820.7372388679487,415.2558614961988,830.5117229923976,4855.299303647864,926.3399987222897,3162.3330990864374,3002.619306203284,1565.1951702549031,543.0268958027216,1373.5386187951192,319.4275857663068,479.1413786494602,2044.3365489043633,1149.9393087587043,670.7979301092442,702.7406886858749
SRR8556916,fbm,18303.90708044904,8711.207902310025,8814.912758289907,4433.382593139924,7596.3807005263025,10733.45259391771,803.7126338440797,4640.792305099686,4485.235021129864,181.4834979647922,233.33592595473283,777.7864198491094,10318.633169998184,2748.1786834668533,6222.291358792875,25641.02564102564,15944.621606906743,15400.171113012368,5444.504938943765,4122.26802520028,9229.732182209433,2255.5806175624175,3888.932099245547,5392.652510953825,933.3437038189313,4822.275803064479,311.11456793964373,674.0815638692281,5003.759301029271,1555.5728396982188,2281.5068315573876,1374.0893417334266,2359.285473542299,5755.6195068834095,1037.0485597988127,1400.015555728397,622.2291358792875,2229.654403567447,2437.064115527209,1451.8679837183377,414.81942391952504,907.417489823961,8996.396256254699,4770.423375074538,337.0407819346141,11640.87008374167,3214.850535376319,674.0815638692281,3811.1534572606365,362.9669959295844,544.4504938943766,2670.4000414819425,4537.087449119806,1348.1631277384563,1140.7534157786938,4977.8330870343,2722.2524694718827,933.3437038189313,337.0407819346141,20222.446916076846,596.3029218843172,233.33592595473283,1011.1223458038423,10629.747737937829,7570.454486531332,10526.042881957947,2462.9903295221798,4640.792305099686,6196.3651447979055,11770.501153716523,10811.231235902622,1996.318477612714,440.7456379144954,466.67185190946566,1866.6874076378626,3629.669959295844,4796.3495890695085,1374.0893417334266,2359.285473542299,1374.0893417334266,129.63106997485158,7544.528272536361,2074.0971195976254,985.196131808872,881.4912758289908,1140.7534157786938,103.70485597988126,17940.940084519458,3577.8175313059032,285.18835394467345,414.81942391952504,544.4504938943766,156464.70145964585,63804.412641621944,50504.26486220217,54652.45910139743,34378.159757330635,9955.6661740686,6144.512716807965,362.9669959295844,38759.68992248062,3059.293251406497,1581.4990536931891,3214.850535376319,2566.695185502061,10059.371030048482,8322.314692385471,9333.437038189313,1348.1631277384563,1088.9009877887531,1218.5320577636046,622.2291358792875,596.3029218843172,26781.779056804335,959.2699178139017,6040.807860828083,4433.382593139924,4355.6039511550125,4563.013663114775,5444.504938943765,1944.4660496227734,3629.669959295844,4977.8330870343,4096.34181120531,6611.18456871743,285.18835394467345,1192.6058437686345,933.3437038189313,544.4504938943766,1762.9825516579815,1244.458271758575,907.417489823961,855.5650618340204,2774.1048974618234,1166.6796297736641,1425.9417697233673,1088.9009877887531,3525.965103315963,2774.1048974618234,2177.8019755775063,2203.728189572477,907.417489823961,1062.974773793783,1088.9009877887531,907.417489823961,907.417489823961,2074.0971195976254,674.0815638692281,1088.9009877887531,466.67185190946566,907.417489823961,907.417489823961,1840.7611936428923,1788.9087656529516,1762.9825516579815,648.1553498742579,1425.9417697233673,388.8932099245547,518.5242798994063,2385.211687537269,570.3767078893469,1400.015555728397,2074.0971195976254,1814.834979647922,959.2699178139017,1581.4990536931891,829.6388478390501,907.417489823961,2748.1786834668533,1633.3514816831298,751.860205854139,725.9339918591688
SRR8556917,fbm,18691.995991460066,10718.487211886193,8670.646159208749,3006.4049496753955,6274.236416713869,9759.923314888241,740.708465862054,5097.817088580018,4139.253191582066,697.1373796348744,871.421724543593,958.5638969979522,10369.918522068756,3093.5471221297544,6274.236416713869,28059.77953030369,15903.446472920568,13899.176506470305,5533.527950851815,6274.236416713869,8191.364210709772,958.5638969979522,3398.544725720012,6056.38098557797,261.4265173630779,5707.812295760534,130.71325868153895,392.13977604461684,7842.795520892336,2178.554311358982,2875.6916909938564,740.708465862054,958.5638969979522,4879.961657444121,1437.8458454969282,1089.277155679491,1002.1349832251318,2744.978432312317,2701.4073460851378,1350.7036730425689,653.5662934076947,522.8530347261558,9672.781142433882,5010.674916125659,914.9928107707726,10805.629384340551,3442.1158119471916,740.708465862054,4357.108622717964,479.2819484989761,2178.554311358982,2962.833863448216,3616.40015685591,1742.843449087186,653.5662934076947,3921.397760446168,3049.976035902575,1437.8458454969282,914.9928107707726,18517.71164655135,479.2819484989761,304.99760359025754,1176.4193281338503,10631.345039431833,10282.776349614394,11415.624591521067,2265.6964838133417,6666.376192758486,6056.38098557797,11023.48481547645,11720.622195111324,2134.9832251318026,435.7108622717965,174.2843449087186,2178.554311358982,3093.5471221297544,2614.265173630779,1437.8458454969282,1786.4145353143654,609.9952071805151,304.99760359025754,6317.807502941048,2832.120604766677,1524.9880179512875,1307.1325868153895,1655.7012766328266,261.4265173630779,18212.71404296109,3267.831467038473,217.85543113589824,740.708465862054,697.1373796348744,153544.50786458107,61914.513528822274,55858.132543244305,54333.14452529302,34944.01115419807,10152.063090932856,5489.956864624634,1045.7060694523116,36468.99917214936,2962.833863448216,1394.2747592697488,3224.2603808112935,2788.5495185394975,9890.63657356978,6187.094244259509,7929.937693346696,784.2795520892337,784.2795520892337,784.2795520892337,87.1421724543593,217.85543113589824,23833.384166267268,1829.9856215415452,5882.096640669251,4923.5327436713,5838.525554442072,2439.9808287220603,3572.8290706287307,2962.833863448216,3137.1182083569347,4879.961657444121,6274.236416713869,9542.067883752341,261.4265173630779,304.99760359025754,1002.1349832251318,1002.1349832251318,1394.2747592697488,1699.272362860006,435.7108622717965,1394.2747592697488,3485.686898174372,609.9952071805151,2439.9808287220603,1132.8482419066709,2614.265173630779,3616.40015685591,2527.123001176419,1437.8458454969282,348.5686898174372,653.5662934076947,566.4241209533354,348.5686898174372,348.5686898174372,3137.1182083569347,1002.1349832251318,1524.9880179512875,392.13977604461684,348.5686898174372,348.5686898174372,2744.978432312317,1655.7012766328266,1829.9856215415452,740.708465862054,1176.4193281338503,479.2819484989761,174.2843449087186,3137.1182083569347,479.2819484989761,1045.7060694523116,1350.7036730425689,1917.1277939959043,392.13977604461684,1655.7012766328266,914.9928107707726,348.5686898174372,3659.9712430830905,958.5638969979522,871.421724543593,827.8506383164133
SRR8556919,fbm,15478.047166690298,8199.820407391653,8979.630417316508,4655.229453187769,6734.722812987382,9712.179214518645,1087.0078926225249,5884.020983978449,5364.147644028545,543.5039463112624,661.6569781180585,2197.6463916064085,9830.332246325439,4111.725506876506,6191.2188666761185,24906.659104872633,15785.245049387966,15643.461411219812,5080.580367692235,3379.17670967437,6616.569781180585,1984.9709343541756,2882.933976085826,3875.419443262914,1039.7466798998062,5836.759771255731,165.41424452951463,307.19788269766997,7089.18190840777,2103.1239661609716,3001.0870078926228,1890.4485089087386,2504.8442743040787,6592.939174819226,1559.6200198497095,1417.836381681554,921.5936480930101,3213.7624651448555,4182.617325960585,2126.754572522331,401.72030814310693,1110.638498983884,9546.76496998913,5009.688548608157,401.72030814310693,10043.007703577674,2457.5830615813597,425.3509145044662,3190.131858783496,212.6754572522331,779.8100099248547,2552.105487026797,4820.643697717283,1606.8812325724277,850.7018290089324,4040.8336877924285,3639.113379649322,1110.638498983884,401.72030814310693,20393.213289853018,236.30606361359233,259.93666997495154,803.4406162862139,10704.664681695733,8601.540715534762,11271.799234368353,1984.9709343541756,4158.986719599225,4938.79672952408,11319.060447091073,9523.13436362777,2221.276997967768,756.1794035634954,259.93666997495154,2079.4933597996123,3024.7176142539815,3497.3297414811664,2055.862753438253,3024.7176142539815,1984.9709343541756,496.2427335885439,6333.002504844274,2221.276997967768,1630.5118389337872,1394.2057753201948,1677.7730516565055,47.26121272271846,15123.588071269909,2646.627912472234,47.26121272271846,425.3509145044662,307.19788269766997,158112.3871638546,64393.402334703904,48986.246987097686,50923.95670872914,31995.841013280402,7821.730705609906,7089.18190840777,732.5487972021361,36745.592891913606,2859.3033697244673,968.8548608157284,3048.348220615341,1630.5118389337872,9783.071033602722,8979.630417316508,10090.268916300392,945.2242544543693,567.1345526726216,1228.7915307906799,732.5487972021361,756.1794035634954,25095.703955763503,1701.4036580178647,6285.741292121556,6191.2188666761185,6333.002504844274,2882.933976085826,3710.0051987333995,3828.1582305401957,2717.519731556312,6876.5064511555365,6403.894323928353,10161.16073538447,212.6754572522331,708.918190840777,1205.1609244293209,567.1345526726216,1417.836381681554,1535.98941348835,519.8733399499031,945.2242544543693,3969.941868708351,708.918190840777,2032.2321470768943,1394.2057753201948,3544.590954203885,2812.042157001749,3142.870646060778,1890.4485089087386,472.61212722718466,968.8548608157284,992.4854671770878,472.61212722718466,472.61212722718466,3875.419443262914,756.1794035634954,1559.6200198497095,543.5039463112624,472.61212722718466,472.61212722718466,3355.546103313011,2055.862753438253,2032.2321470768943,756.1794035634954,2055.862753438253,283.5672763363108,330.82848905902927,2788.4115506403896,638.0263717566993,1394.2057753201948,2268.5382106904863,2103.1239661609716,543.5039463112624,1819.556689824661,307.19788269766997,472.61212722718466,3639.113379649322,779.8100099248547,1181.5303180679616,1157.8997117066024
SRR8556920,fbm,17929.839757470767,9585.679226216256,10856.070448967806,3955.5363072036957,7044.896780713151,9094.84625378952,923.9208892738559,4763.96708531832,5543.525335643135,519.7055002165439,635.1956113757759,202.10769452865597,9239.20889273856,4186.5165295221595,6005.485780280063,24541.648621336797,18853.760646744624,10480.727587700303,5197.05500216544,3955.5363072036957,9383.5715316876,2714.0176122419516,3147.1055290890718,4648.476974159088,1270.3912227515518,4532.9868629998555,692.9406669553919,664.068139165584,4244.261585101775,1501.3714450700159,2049.9494730763677,2714.0176122419516,2367.5472787642557,3782.301140464848,1039.4110004330878,923.9208892738559,692.9406669553919,3811.1736682546557,3262.595640248304,1790.096722968096,288.72527789808,837.3033059044319,11693.37375487224,3984.408834993504,259.85275010827195,10711.707810018766,2338.6747509744478,981.665944853472,1357.0088061209758,606.323083585968,346.47033347769593,981.665944853472,5197.05500216544,2021.0769452865597,923.9208892738559,6958.279197343728,2742.8901400317595,1154.90111159232,259.85275010827195,16919.301284827485,635.1956113757759,461.96044463692795,259.85275010827195,8344.16053125451,7073.769308502959,13223.617727732062,1876.71430633752,5543.525335643135,5889.995669120832,12010.971560560127,12328.569366248015,2367.5472787642557,952.7934170636639,490.832972426736,2194.312112025408,3609.065973726,4619.60444636928,1559.116500649632,5456.907752273712,2396.419806554064,144.36263894904,4475.24180742024,2338.6747509744478,2107.694528655984,548.578028006352,1270.3912227515518,86.61758336942398,22607.18925941966,3580.193445936192,317.59780568788796,895.048361484048,664.068139165584,156691.208315288,61036.52374765411,53500.79399451422,50526.923632164,34473.79818103075,8113.180308936048,6698.426447235455,1443.6263894904,34762.52345892883,1963.331889706944,2136.567056445792,2078.8220008661756,2829.5077234011837,11866.608921611087,10249.74736538184,9845.531976324528,404.21538905731194,952.7934170636639,1587.98902843944,375.34286126750396,606.323083585968,26245.12776093547,750.6857225350079,6438.573697127184,4590.731918579472,6120.975891439295,1934.459361917136,5889.995669120832,1385.8813339107837,3320.3406958279197,7362.49458640104,6438.573697127184,7275.8770030316155,115.49011115923199,1616.8615562292478,664.068139165584,288.72527789808,1905.5868341273278,1385.8813339107837,1183.7736393821278,750.6857225350079,1905.5868341273278,1068.283528222896,750.6857225350079,750.6857225350079,3926.663779413888,2887.2527789808,1587.98902843944,2742.8901400317595,895.048361484048,923.9208892738559,923.9208892738559,895.048361484048,895.048361484048,1414.7538617005919,606.323083585968,1010.5384726432799,692.9406669553919,895.048361484048,895.048361484048,1241.518694961744,1732.3516673884799,1270.3912227515518,1530.2439728598238,2049.9494730763677,490.832972426736,375.34286126750396,2049.9494730763677,981.665944853472,2136.567056445792,3666.8110293056156,1299.26375054136,952.7934170636639,1126.0285838025118,1126.0285838025118,895.048361484048,1559.116500649632,1328.136278331168,548.578028006352,519.7055002165439
SRR8556938,fbm,15597.075548334687,8935.824532900082,9382.615759545086,3858.651502843217,6214.459788789602,11332.25020308692,2193.3387489845654,6823.720552396426,5158.407798537774,771.7303005686434,934.1998375304631,324.9390739236393,9748.17221770918,4061.7384240454912,5808.285946385053,22502.03086921202,15393.988627132412,13769.293257514217,4792.85134037368,3614.9471974004873,8813.972380178717,3208.7733549959385,3452.4776604386675,5199.025182778229,1015.4346060113728,3086.9212022745737,243.7043054427295,852.9650690495532,4914.703493095044,1299.7562956945571,1665.3127538586514,1827.7822908204712,1705.9301380991064,4833.468724614135,731.1129163281885,812.3476848090983,852.9650690495532,3330.6255077173028,2924.451665312754,1909.0170593013809,446.7912266450041,487.408610885459,11900.89358245329,5117.790414297319,284.3216896831844,16287.57108042242,5158.407798537774,1827.7822908204712,3411.860276198213,1096.6693744922827,690.4955320877335,1990.2518277822908,6498.781478472786,1990.2518277822908,2112.1039805036553,4386.677497969131,3533.7124289195776,1015.4346060113728,284.3216896831844,15150.284321689684,365.55645816409424,324.9390739236393,121.85215272136475,8245.329000812348,7717.303005686434,10966.693744922826,2112.1039805036553,4427.294882209586,4630.381803411859,11210.398050365557,11413.484971567832,1949.634443541836,1380.991064175467,203.08692120227457,1787.1649065800163,3980.5036555645815,5605.199025182778,2843.216896831844,4386.677497969131,2071.4865962632007,203.08692120227457,6580.016246953696,2518.277822908205,1259.1389114541025,609.2607636068237,852.9650690495532,162.46953696181964,17303.005686433797,2761.982128350934,324.9390739236393,1056.0519902518276,1299.7562956945571,158164.09423233144,64337.936636880586,52274.57351746548,54670.99918765231,31884.646628757113,8651.502843216898,7839.155158407798,1502.8432168968318,35743.29813160033,3046.3038180341186,1909.0170593013809,2558.8952071486597,2599.5125913891143,11251.01543460601,8610.885458976441,12307.06742485784,1056.0519902518276,1340.3736799350122,1665.3127538586514,934.1998375304631,1421.608448415922,21892.7701056052,365.55645816409424,6661.2510154346055,3452.4776604386675,4508.529650690495,4142.973192526401,7473.598700243705,1909.0170593013809,2437.043054427295,5727.0511779041435,4792.85134037368,7270.51177904143,162.46953696181964,1462.225832656377,284.3216896831844,812.3476848090983,2680.7473598700244,1787.1649065800163,690.4955320877335,852.9650690495532,1665.3127538586514,731.1129163281885,446.7912266450041,324.9390739236393,4021.1210398050366,2152.7213647441104,1584.0779853777415,2518.277822908205,690.4955320877335,1056.0519902518276,1056.0519902518276,690.4955320877335,690.4955320877335,1990.2518277822908,812.3476848090983,893.5824532900082,609.2607636068237,690.4955320877335,690.4955320877335,1746.5475223395613,1177.9041429731926,812.3476848090983,1299.7562956945571,1665.3127538586514,365.55645816409424,365.55645816409424,4670.999187652315,568.6433793663688,1990.2518277822908,4142.973192526401,852.9650690495532,771.7303005686434,731.1129163281885,446.7912266450041,690.4955320877335,1177.9041429731926,1177.9041429731926,324.9390739236393,324.9390739236393
SRR8556939,fbm,13994.079427934335,8957.748644804122,7189.2660797354965,4305.870593210565,5382.3382415132055,9765.099381031101,845.7960093806466,4690.323324747223,3575.4104032909154,115.33581946099727,115.33581946099727,768.9054630733151,9649.763561570106,1422.4751066856331,5228.557148898542,21606.243512360154,17069.701280227597,14070.969974241667,10149.55211256776,4498.096958978894,9649.763561570106,2152.9352966052825,2498.9427549882744,4959.440236822882,422.8980046903233,4651.878051593557,730.4601899196493,38.44527315366576,4498.096958978894,2037.5994771442852,2152.9352966052825,1153.3581946099725,692.0149167659837,8381.069547499133,1499.3656529929644,499.78855099765485,307.5621852293261,1614.701472453962,1345.5845603783014,1499.3656529929644,1230.2487409173043,845.7960093806466,7804.390450194149,4920.994963669217,538.2338241513206,11687.36303871439,3267.8482180615893,922.6865556879782,2921.8407596785974,768.9054630733151,1114.912921456307,2037.5994771442852,3075.6218522932604,3536.9651301372496,538.2338241513206,3306.293491215255,3383.1840375225866,1114.912921456307,538.2338241513206,21913.80569758948,346.00745838299184,384.45273153665755,269.1169120756603,10918.457575641074,6420.360616662181,7804.390450194149,1960.7089308369539,4152.089500595902,4844.104417361886,8803.967552189459,11226.019760870402,3460.074583829918,1038.0223751489755,307.5621852293261,3344.738764368921,2498.9427549882744,4344.315866364231,2422.052208680943,2844.9502133712663,1499.3656529929644,1384.0298335319674,6689.477528737842,1460.9203798392987,1076.4676483026412,1076.4676483026412,1614.701472453962,153.78109261466304,18838.18384529622,2076.044750297951,0.0,1653.1467456076275,1614.701472453962,160201.4532313252,64511.16835185114,49786.62873399715,54015.60878090039,31563.56925915959,7689.0546307331515,4574.987505286225,2191.3805697589482,38906.61643150974,3806.08204221291,1614.701472453962,3460.074583829918,2691.1691207566028,13648.071969551343,6228.134250893852,14070.969974241667,1153.3581946099725,1076.4676483026412,384.45273153665755,0.0,461.3432778439891,26911.69120756603,2076.044750297951,7189.2660797354965,2883.395486524932,4574.987505286225,5882.1267925108605,9149.97501057245,3613.855676444581,2768.0596670639347,4920.994963669217,4498.096958978894,7073.930260274499,461.3432778439891,884.2412825343124,845.7960093806466,499.78855099765485,1614.701472453962,1460.9203798392987,576.6790973049863,1691.5920187612933,3498.519856983584,1038.0223751489755,1460.9203798392987,961.1318288416439,3114.067125446926,2614.278574449271,2422.052208680943,1883.818384529622,422.8980046903233,1422.4751066856331,961.1318288416439,422.8980046903233,422.8980046903233,3844.5273153665757,1422.4751066856331,1499.3656529929644,692.0149167659837,422.8980046903233,422.8980046903233,2960.286032832263,2152.9352966052825,2306.716389219945,845.7960093806466,1191.8034677636385,230.67163892199454,76.89054630733152,5343.892968359541,922.6865556879782,1422.4751066856331,3075.6218522932604,2652.723847602937,461.3432778439891,2306.716389219945,461.3432778439891,422.8980046903233,2806.5049402176005,2152.9352966052825,576.6790973049863,884.2412825343124
SRR8556944,fbm,14838.287812484281,8173.633117046426,9858.659021175998,4778.431668427142,7217.946783360998,13681.40435591771,1609.5769830491424,4627.533826266284,3495.800010059856,301.7956843217142,377.2446054021427,1207.1827372868568,8249.082038126855,3194.004325738142,7544.892108042855,25728.082088426134,12901.76550475328,13379.608671595997,5834.716563553141,4300.588501584427,8852.673406770282,2011.971228811428,2766.4604396157133,4954.479150948141,502.992807202857,5960.464765353855,75.44892108042855,653.8906493637141,7041.8993008399975,2338.916553493285,1911.3726673708566,679.040289723857,1156.883456566571,6941.300739399427,1735.3251848498567,1005.985614405714,603.5913686434284,4225.139580503999,3722.146773301142,1433.5295005281423,553.2920879231426,402.3942457622856,9934.107942256425,8425.129520647855,176.04748252099995,11493.385644585283,3017.956843217142,477.84316684271414,3747.2964136612845,201.1971228811428,1685.0259041295708,3520.9496504199988,4149.690659423571,1282.6316583672854,955.6863336854283,3093.4057642975704,4325.73814194457,578.4417282832856,176.04748252099995,16120.919470851568,452.6935264825713,502.992807202857,402.3942457622856,12549.670539711282,7217.946783360998,7972.435994165283,2263.4676324128563,6815.552537598712,5457.471958150999,10613.148231980284,10462.250389819426,1634.7266234092854,704.1899300839998,276.6460439615713,1358.080579447714,1735.3251848498567,6815.552537598712,1232.3323776469997,2238.3179920527136,1508.978421608571,377.2446054021427,9405.965494693426,3495.800010059856,2188.0187113324278,1358.080579447714,1685.0259041295708,201.1971228811428,18409.536743624565,2691.011518535285,176.04748252099995,955.6863336854283,251.4964036014285,156782.85800513052,64257.33112016498,51808.25914189427,51581.91237865298,31889.74397666113,7947.286353805141,5180.825914189428,603.5913686434284,38705.29651425984,1861.073386650571,1936.5223077309995,3973.6431769025703,3571.2489311402846,8877.823047130427,12046.677732508426,11493.385644585283,3143.7050450178563,880.2374126049997,1458.6791408882852,1106.5841758462852,352.0949650419999,21804.73819224385,754.4892108042854,5633.519440671998,2841.909360696142,6463.457572556713,5809.566923192998,5331.723756350285,2188.0187113324278,3068.2561239374277,5231.125194909713,6614.35541471757,9506.564056133997,402.3942457622856,1332.9309390875712,1081.4345354861425,1282.6316583672854,1634.7266234092854,1710.1755444897137,502.992807202857,427.54388612242843,2867.0590010562846,628.7410090035712,1609.5769830491424,1257.4820180071424,3571.2489311402846,2188.0187113324278,2439.5151149338562,2213.1683516925705,502.992807202857,880.2374126049997,1056.2848951259998,502.992807202857,502.992807202857,2037.120869171571,804.7884915245712,1031.1352547658569,402.3942457622856,502.992807202857,502.992807202857,1785.6244655701423,1207.1827372868568,1131.7338162064282,653.8906493637141,1458.6791408882852,502.992807202857,603.5913686434284,2967.6575624968564,1508.978421608571,1659.876263769428,1986.8215884512852,1156.883456566571,603.5913686434284,1005.985614405714,477.84316684271414,502.992807202857,2137.7194306121423,729.3395704441426,880.2374126049997,855.0877722448569
SRR8556945,fbm,16035.210542571811,9754.967569237106,8854.11304437352,3654.895500875116,7181.097498198291,11222.073509729229,1106.76413054669,6305.981674045094,5353.649747760733,386.08051065582214,463.2966127869865,1029.5480284155256,8931.329146504686,3757.8503037166683,6100.072068361989,26201.99732317513,16601.46195820035,13512.817872953774,5276.433645629569,2908.4731802738597,7978.997220220323,2265.0056625141565,3165.860187377741,4710.18223000103,1055.2867291259136,4324.101719345208,283.12570781426956,283.12570781426956,5713.9915577061665,1467.1059404921239,2393.699166066097,2522.392669618038,2625.3474724595903,5224.956244208793,1055.2867291259136,1673.015546175229,875.1158241531967,3037.1666838258006,2754.040976011531,2676.8248738803663,514.7740142077628,643.4675177597035,11325.028312570781,5971.378564810048,334.6031092350458,12689.179450221352,2342.221764645321,257.3870071038814,2419.4378667764854,102.95480284155256,1183.9802326778545,1647.276845464841,5533.82065273345,1312.6737362297952,952.3319262843611,4504.272624317925,4066.7147122413257,772.1610213116443,308.8644085246577,17373.622979511994,231.64830639349324,205.90960568310513,386.08051065582214,8905.590445794296,8622.464737980028,11968.495830330485,2007.6186554102746,4298.36301863482,4941.830536394523,10527.12859054875,11608.15402038505,1750.2316483063935,489.0353134973746,334.6031092350458,2007.6186554102746,3680.634201585504,3500.463296612787,1750.2316483063935,4015.2373108205493,2162.050859672604,308.8644085246577,6048.594666941213,2470.9152681972614,1827.447750437558,694.9449191804797,1183.9802326778545,102.95480284155256,17759.703490167816,4504.272624317925,51.47740142077628,849.3771234428086,0.0,157263.46134047152,65041.69669515082,52095.13023782559,52223.823741377535,32765.3660043241,7876.042417378771,7541.439308143725,1081.025429836302,35751.055286729126,2110.573458251827,1956.1412539894984,2007.6186554102746,1981.8799546998866,12328.83764027592,8390.816431586532,10346.957685576032,1389.8898383609594,1286.935035519407,1724.4929475960053,849.3771234428086,1003.8093277051373,24837.846185524555,772.1610213116443,5533.82065273345,2908.4731802738597,6280.242973334706,2470.9152681972614,4813.137032842582,2548.131370328426,3577.6793987439514,8751.158241531968,5533.82065273345,7798.8263152476065,283.12570781426956,1673.015546175229,617.7288170493154,591.9901163389272,1956.1412539894984,1389.8898383609594,772.1610213116443,1312.6737362297952,2445.1765674868734,952.3319262843611,566.2514156285391,720.6836198908678,2985.689282405024,2419.4378667764854,2110.573458251827,2316.4830639349325,720.6836198908678,1364.1511376505714,1467.1059404921239,694.9449191804797,694.9449191804797,2599.608771749202,797.8997220220324,1364.1511376505714,643.4675177597035,694.9449191804797,720.6836198908678,2265.0056625141565,1750.2316483063935,1467.1059404921239,1441.3672397817356,1647.276845464841,797.8997220220324,386.08051065582214,3680.634201585504,566.2514156285391,2290.7443632245445,2342.221764645321,1518.5833419129003,952.3319262843611,1312.6737362297952,591.9901163389272,694.9449191804797,1827.447750437558,1827.447750437558,386.08051065582214,360.3418099454339
SRR8556947,fbm,14411.641248076116,7765.4960123128585,8360.151112354833,6611.165523996082,6925.982929900658,14866.377501049392,1539.1073177557016,5421.855323912131,3497.971176717504,349.79711767175036,419.75654120610045,2238.7015530992026,6716.104659297607,2798.376941374003,7940.394571148734,23681.2648663775,13851.965859801316,14516.58038337764,7730.516300545683,3672.869735553379,7170.840912270883,1888.9044354274522,3672.869735553379,5037.078494473206,279.8376941374003,5841.611865118231,0.0,209.87827060305023,7450.6786064082835,2063.8029942633275,1958.8638589618022,279.8376941374003,559.6753882748006,6856.023506366308,1259.2696236183015,559.6753882748006,559.6753882748006,2483.559535469428,2868.336364908353,1923.8841471946273,209.87827060305023,699.5942353435007,9969.217853644886,10913.670071358612,559.6753882748006,11018.609206660138,3882.7480061564293,1049.391353015251,4582.3422414999295,629.6348118091507,804.5333706450259,6786.064082831957,3742.8291590877293,1364.2087589198266,594.6551000419756,3043.2349237442286,6436.266965160207,1224.2899118511264,559.6753882748006,17524.835595354696,104.93913530152511,104.93913530152511,559.6753882748006,10738.771512522737,7205.820624038058,7940.394571148734,3497.971176717504,6716.104659297607,5421.855323912131,12102.980271442564,9759.339583041836,2798.376941374003,454.7362529732755,104.93913530152511,2203.7218413320275,1294.2493353854766,9199.664194767036,1224.2899118511264,1364.2087589198266,769.5536588778508,104.93913530152511,8989.785924163985,2868.336364908353,1923.8841471946273,1189.3102000839513,1609.0667412900518,349.79711767175036,18154.470407163844,2378.6204001679025,139.91884706870016,1189.3102000839513,1469.1478942213516,161921.08577025324,62158.947810270045,49391.35301525115,50300.8255211977,30747.166643346856,8605.00909472506,5666.713306282357,314.81740590457537,39981.81054988107,2728.417517839653,2168.7421295648523,5771.652441583881,4722.26108856863,6751.084371064782,10284.03525954946,10738.771512522737,2168.7421295648523,524.6956765076255,104.93913530152511,69.95942353435008,314.81740590457537,23576.325731075976,1364.2087589198266,4757.240800335805,1679.0261648244018,6436.266965160207,5701.693018049531,5631.733594515181,3078.2146355114032,3218.1334825801036,5526.794459213656,5421.855323912131,8605.00909472506,419.75654120610045,979.4319294809011,1574.0870295228767,1329.2290471526514,1259.2696236183015,1084.3710647824262,104.93913530152511,1084.3710647824262,4337.484259129705,139.91884706870016,1679.0261648244018,1853.9247236602769,2868.336364908353,2518.539247236603,4127.605988526655,1574.0870295228767,69.95942353435008,174.89855883587518,734.5739471106758,69.95942353435008,69.95942353435008,3428.011753183154,909.472505946551,1259.2696236183015,174.89855883587518,69.95942353435008,69.95942353435008,3008.255211977053,559.6753882748006,594.6551000419756,244.85798237022527,874.492794179376,839.5130824122009,629.6348118091507,3393.0320414159787,1084.3710647824262,629.6348118091507,1119.3507765496013,629.6348118091507,104.93913530152511,559.6753882748006,34.97971176717504,69.95942353435008,1888.9044354274522,174.89855883587518,1714.005876591577,1679.0261648244018
SRR8556948,fbm,13161.419959812458,7066.309444072338,9444.072337575351,3583.3891493636975,5090.421969189551,6932.350971198928,1205.6262558606832,6095.110515740121,4722.036168787676,334.8961821835231,535.8338914936369,468.85465505693236,7669.12257200268,2377.762893503014,7267.247153382452,24983.255190890824,16275.954454119224,14501.00468854655,6128.600133958473,3650.368385800402,8372.404554588078,1741.4601473543203,3750.837240455459,4554.588077695914,636.3027461486939,4286.671131949095,703.2819825853985,535.8338914936369,3616.8787675820495,1707.9705291359678,2377.762893503014,1674.4809109176156,1339.5847287340923,5626.255860683188,1205.6262558606832,770.2612190221031,770.2612190221031,2310.78365706631,2310.78365706631,2645.6798392498326,703.2819825853985,535.8338914936369,8807.769591426657,3884.7957133288683,502.3442732752846,8941.728064300067,2277.294038847957,870.7300736771601,1808.4393837910247,401.8754186202277,736.7716008037509,2009.3770931011384,4018.7541862022767,2779.638312123242,837.2404554588078,3516.4099129269925,2846.617548559946,770.2612190221031,502.3442732752846,33958.47287340924,870.7300736771601,401.8754186202277,669.7923643670462,9544.541192230408,6999.330207635633,9845.94775619558,2411.2525117213663,3750.837240455459,4755.525787006028,10180.843938379103,10917.615539182852,3081.0448760884124,1038.1781647689218,535.8338914936369,4018.7541862022767,3281.9825853985267,3549.8995311453446,1440.0535833891495,2478.2317481580712,1808.4393837910247,368.38580040187543,7970.52913596785,2176.8251841929005,1741.4601473543203,770.2612190221031,1406.563965170797,602.8131279303416,18452.779638312124,3482.9202947086405,502.3442732752846,1172.136637642331,669.7923643670462,173744.13931681178,60448.76088412592,51640.99129269926,50401.87541862023,29973.20830542532,9176.155391828534,6865.371734762223,1239.1158740790356,38914.93636972539,1841.929002009377,1440.0535833891495,2143.3355659745475,2143.3355659745475,12592.09645010047,7836.570663094441,11486.939048894843,1808.4393837910247,1306.09511051574,602.8131279303416,301.4065639651708,736.7716008037509,24916.27595445412,803.7508372404554,5827.193569993302,3348.961821835231,4922.97387809779,3148.0241125251173,4822.505023442733,2980.5760214333554,3817.8164768921633,5157.401205626255,5291.359678499665,7200.267916945747,301.4065639651708,1741.4601473543203,435.36503683858007,301.4065639651708,1607.5016744809109,803.7508372404554,971.1989283322171,837.2404554588078,2377.762893503014,1071.6677829872738,435.36503683858007,468.85465505693236,3750.837240455459,2076.3563295378435,2444.742129939719,3583.3891493636975,937.7093101138647,1507.0328198258542,1306.09511051574,937.7093101138647,937.7093101138647,2980.5760214333554,1574.0120562625586,1674.4809109176156,602.8131279303416,937.7093101138647,937.7093101138647,2578.7006028131277,1875.4186202277294,1507.0328198258542,1105.1574012056262,2009.3770931011384,870.7300736771601,1205.6262558606832,1640.9912926992633,870.7300736771601,2411.2525117213663,3382.451440053583,1540.5224380442062,1038.1781647689218,1339.5847287340923,301.4065639651708,937.7093101138647,2042.866711319491,2277.294038847957,301.4065639651708,301.4065639651708
SRR8556952,fbm,16278.00640146319,12711.476909007773,6310.013717421125,3155.0068587105625,4481.024234110654,11522.633744855968,1188.8431641518061,5715.592135345221,5121.170553269319,1463.1915866483769,1783.2647462277093,1280.2926383173296,12299.954275262917,1463.1915866483769,4572.473708276178,21079.103795153176,19021.4906264289,11385.459533607682,6950.16003657979,4069.5016003657975,9282.12162780064,868.7700045724738,3703.703703703704,4755.372656607225,594.4215820759031,3840.877914951989,548.6968449931413,1143.1184270690444,4069.5016003657975,1371.7421124828531,1005.944215820759,1234.567901234568,548.6968449931413,4526.748971193415,823.0452674897119,1371.7421124828531,823.0452674897119,2514.860539551898,3840.877914951989,2514.860539551898,731.5957933241884,1326.0173754000916,8870.598994055785,3657.9789666209417,777.3205304069502,11339.73479652492,2743.4842249657063,1371.7421124828531,1874.7142203932328,548.6968449931413,1005.944215820759,1188.8431641518061,4389.574759945131,3795.153177869227,502.9721079103795,2560.5852766346593,4572.473708276178,3429.355281207133,777.3205304069502,17832.64746227709,594.4215820759031,548.6968449931413,1051.668952903521,7681.755829903978,5029.721079103796,12528.577960676726,1691.8152720621856,5807.041609510746,6584.3621399176955,7773.205304069502,15409.236396890718,2560.5852766346593,1234.567901234568,137.17421124828533,2286.236854138089,5212.620027434842,3657.9789666209417,2057.61316872428,1737.5400091449476,1737.5400091449476,594.4215820759031,4846.822130772748,1783.2647462277093,2560.5852766346593,548.6968449931413,1005.944215820759,228.62368541380886,17969.821673525377,2469.135802469136,137.17421124828533,777.3205304069502,868.7700045724738,153452.21764974852,59259.25925925926,47965.2491998171,51806.12711476909,34613.62597165067,7773.205304069502,5898.491083676268,2652.0347508001832,33973.479652492,1554.6410608139004,2652.0347508001832,2240.512117055327,3703.703703703704,11659.807956104252,7178.783721993599,9967.992684042067,411.52263374485597,868.7700045724738,365.7978966620942,182.8989483310471,457.2473708276177,29629.62962962963,548.6968449931413,5669.86739826246,5486.968449931413,7773.205304069502,5395.518975765889,7590.306355738454,3703.703703703704,3337.90580704161,7544.581618655692,8001.828989483311,10425.240054869684,274.34842249657066,914.4947416552354,823.0452674897119,457.2473708276177,2103.337905807042,1188.8431641518061,1371.7421124828531,1463.1915866483769,3337.90580704161,1326.0173754000916,1005.944215820759,960.2194787379973,3795.153177869227,3337.90580704161,2789.2089620484685,2560.5852766346593,868.7700045724738,1051.668952903521,1371.7421124828531,868.7700045724738,868.7700045724738,3749.4284407864657,1280.2926383173296,1463.1915866483769,411.52263374485597,868.7700045724738,868.7700045724738,3155.0068587105625,1417.466849565615,1234.567901234568,1188.8431641518061,1097.3936899862827,502.9721079103795,274.34842249657066,3383.630544124371,1828.9894833104709,3017.8326474622772,3017.8326474622772,1554.6410608139004,914.4947416552354,1326.0173754000916,1417.466849565615,868.7700045724738,1828.9894833104709,1463.1915866483769,777.3205304069502,960.2194787379973
SRR8556953,fbm,16212.153747047456,8159.759501825209,8839.739460310642,4867.224966001002,6978.7416791926125,12347.004509340777,1359.959916970868,5046.167060339274,2362.035645265192,787.3452150883974,930.4988905590151,679.979958485434,8446.066852766444,2719.919833941736,7014.530098060268,23763.51012812254,15639.539045164984,13241.714981032137,6406.126977310142,3829.360818839024,9949.180445207932,2075.728294323957,3364.1113735595163,5332.47441128051,250.518932073581,3865.149237706678,107.36525660296329,1073.652566029633,3614.630305633097,2147.305132059266,1825.2093622503758,823.1336339560518,894.7104716913607,5439.839667883472,1288.3830792355595,1145.2294037649417,1324.1714981032137,2397.8240641328466,3614.630305633097,2755.708252809391,715.7683773530886,930.4988905590151,11523.870875384726,6620.8574905160685,823.1336339560518,14029.060196120536,2719.919833941736,751.556796220743,2791.496671677045,250.518932073581,1359.959916970868,1825.2093622503758,4509.340777324458,2898.861928280008,1002.075728294324,5189.320735809892,4688.28287166273,1932.574618853339,823.1336339560518,16391.095841385726,608.4031207501253,679.979958485434,465.24944527950754,8553.432109369407,8088.182664089901,9698.66151313435,2290.4588075298834,4903.013384868656,5833.512275427672,9770.238350869658,10593.37198482571,3149.3808603535895,966.2873094266695,357.8841886765443,2111.516713191611,2898.861928280008,5189.320735809892,1860.9977811180302,3149.3808603535895,1324.1714981032137,322.0957698088899,6585.069071648414,2934.650347147663,2254.670388662229,1002.075728294324,1395.7483358385225,393.6726075441987,19289.957769665736,3077.804022618281,429.46102641185314,1181.017822632596,322.0957698088899,158256.38823276787,64526.51921838093,51606.90000715768,53825.78197695226,33068.499033712695,8696.585784840026,5582.99334335409,1682.0556867797582,37577.83981103715,3328.322954691862,1825.2093622503758,2863.0735094123543,3435.688211294825,14064.84861498819,8302.913177295828,10700.737241428675,1324.1714981032137,1288.3830792355595,644.1915396177798,501.037864147162,858.9220528237063,25266.62372056403,751.556796220743,6620.8574905160685,3936.7260754419867,4151.456588647914,4223.033426383222,5081.955479206928,1181.017822632596,2540.977739603464,6084.0312075012525,5189.320735809892,8267.124758428174,393.6726075441987,1932.574618853339,858.9220528237063,572.6147018824709,1395.7483358385225,1968.3630377209934,501.037864147162,1467.3251735738315,1717.8441056474126,823.1336339560518,1646.2672679121035,1002.075728294324,3077.804022618281,2075.728294323957,1145.2294037649417,2326.247226397538,536.8262830148165,966.2873094266695,1288.3830792355595,536.8262830148165,536.8262830148165,894.7104716913607,1145.2294037649417,1646.2672679121035,679.979958485434,536.8262830148165,536.8262830148165,823.1336339560518,1324.1714981032137,930.4988905590151,1216.8062415002505,1288.3830792355595,1002.075728294324,572.6147018824709,3793.572399971369,1109.440984897287,1968.3630377209934,2075.728294323957,966.2873094266695,572.6147018824709,823.1336339560518,644.1915396177798,536.8262830148165,2469.4009018681554,894.7104716913607,572.6147018824709,572.6147018824709
SRR8556955,fbm,14840.90549311382,6807.028652841538,9221.149279721387,4293.968656007599,6886.180148804812,8785.81605192338,1761.1207851828399,4946.968497704606,5085.483615640335,435.3332277980054,534.2725977520976,989.3936995409214,7974.513218299825,3106.696216558493,5441.665347475067,25803.387684027228,16740.541396232387,12011.239512426784,6114.453063162894,4076.3020421085957,10269.906601234763,2552.635744815577,3680.5445622922275,5876.998575273073,870.6664555960108,4254.392908025961,771.7270856419186,455.1211017888238,4432.483773943328,1939.2116511002057,2513.05999683394,2671.3629887604875,2097.514643026753,4610.574639860693,1127.9088174766503,712.3634636694633,593.6362197245528,3225.4234605034035,2572.4236188063956,1464.3026753205636,771.7270856419186,455.1211017888238,11912.300142472692,4076.3020421085957,138.515117935729,11833.148646509419,3462.877948393225,1207.060313439924,2730.726610732943,455.1211017888238,1246.636061421561,1385.15117935729,7440.240620547728,1068.5451955041951,1444.5148013297453,6668.51353490581,2453.696374861485,316.6059838530948,138.515117935729,19293.177141047967,850.8785816051923,474.9089757796422,296.8181098622764,8825.391799905017,6391.483299034352,10091.815735317397,2057.938895045116,4689.7261358239675,5461.453221465886,10566.72471109704,11279.088174766503,2671.3629887604875,949.8179515592844,514.484723761279,2156.8782649992086,3838.847554218775,3917.999050182049,2117.3025170175715,4472.059521924964,1978.7873990818428,59.36362197245528,5857.210701282254,3166.0598385309486,1404.9390533481082,930.030077568466,1226.8481874307424,178.09086591736582,20638.75257242362,3304.5749564666776,277.030235871458,1226.8481874307424,395.7574798163686,160776.47617539973,61757.95472534431,52358.71457970556,51725.50261199937,31126.325787557384,9379.452271647935,6411.27117302517,1147.6966914674688,36924.17286686718,4016.9384201361404,2987.968972613582,2552.635744815577,2176.666138990027,10863.542820959317,10566.72471109704,10309.482349216401,930.030077568466,870.6664555960108,1780.9086591736584,652.9998416970082,949.8179515592844,30117.144214025648,949.8179515592844,5085.483615640335,3819.0596802279565,6727.877156878265,3720.120310273864,5362.513851511793,1266.4239354123793,3007.756846604401,6846.604400823176,7816.210226373279,8449.422194079467,277.030235871458,969.6058255501028,415.545353807187,652.9998416970082,2196.454012980845,1345.575431375653,910.2422035776476,534.2725977520976,1721.545037201203,949.8179515592844,1147.6966914674688,455.1211017888238,3007.756846604401,1860.060155136932,1484.090549311382,2216.241886971664,890.4543295868292,1127.9088174766503,1207.060313439924,890.4543295868292,890.4543295868292,1226.8481874307424,633.2119677061896,791.5149596327371,316.6059838530948,890.4543295868292,890.4543295868292,1108.120943485832,1543.4541712838372,1365.3633053664714,870.6664555960108,1484.090549311382,237.4544878898211,98.93936995409214,1820.4844071552952,1108.120943485832,1939.2116511002057,2315.181256925756,1404.9390533481082,930.030077568466,1226.8481874307424,534.2725977520976,890.4543295868292,2255.8176349533005,1543.4541712838372,336.3938578439132,336.3938578439132
SRR8556963,fbm,15223.665223665224,8008.658008658009,7960.557960557961,6253.006253006253,7599.807599807599,12121.212121212122,1875.9018759018759,7527.657527657528,3727.7537277537276,168.35016835016836,432.9004329004329,817.7008177008178,8297.258297258299,3535.353535353536,7599.807599807599,21717.171717171717,12121.212121212122,13227.513227513227,4689.75468975469,2405.0024050024053,7647.907647907648,3463.2034632034633,3054.353054353054,4304.9543049543045,553.1505531505532,5026.455026455026,96.2000962000962,456.95045695045695,5844.1558441558445,2212.6022126022126,2910.05291005291,1827.8018278018278,1418.951418951419,5483.405483405483,1467.051467051467,673.4006734006734,986.0509860509861,2645.5026455026455,3848.0038480038484,1779.7017797017797,384.8003848003848,288.6002886002886,10678.210678210678,9427.609427609426,817.7008177008178,11952.861952861953,3391.0533910533914,697.4506974506974,2982.202982202982,240.50024050024052,1010.10101010101,4232.804232804233,4906.204906204906,2958.1529581529585,1250.6012506012505,4810.004810004811,5892.255892255892,1563.2515632515633,817.7008177008178,20610.87061087061,312.6503126503126,312.6503126503126,288.6002886002886,10365.560365560366,7239.05723905724,8874.458874458875,2188.5521885521885,5820.10582010582,4834.054834054834,12193.362193362194,9523.809523809525,1707.5517075517075,408.8504088504089,192.4001924001924,2573.3525733525735,2164.5021645021643,6950.456950456951,1755.6517556517556,2837.902837902838,889.8508898508899,697.4506974506974,8104.8581048581045,2573.3525733525735,2645.5026455026455,1274.6512746512747,1611.3516113516114,168.35016835016836,18759.01875901876,2501.202501202501,216.45021645021646,769.6007696007696,96.2000962000962,163612.31361231362,64430.01443001443,49759.49975949976,50000.0,31361.23136123136,8249.158249158249,8393.458393458393,2332.852332852333,37373.73737373737,2813.852813852814,1972.1019721019723,3848.0038480038484,3703.703703703704,11495.911495911496,9066.859066859068,11856.661856661856,2068.302068302068,649.3506493506494,1202.5012025012027,601.2506012506013,601.2506012506013,22414.622414622416,625.3006253006253,5146.705146705147,2116.4021164021165,4497.354497354498,4304.9543049543045,5459.355459355459,1972.1019721019723,1996.1519961519962,4858.104858104858,4593.554593554593,7239.05723905724,408.8504088504089,1996.1519961519962,1467.051467051467,1875.9018759018759,1563.2515632515633,913.9009139009139,288.6002886002886,1370.8513708513708,2958.1529581529585,408.8504088504089,649.3506493506494,1707.5517075517075,3126.5031265031266,2934.102934102934,1683.5016835016834,2020.20202020202,312.6503126503126,865.8008658008658,1274.6512746512747,312.6503126503126,312.6503126503126,1515.1515151515152,1034.151034151034,1443.001443001443,432.9004329004329,312.6503126503126,336.7003367003367,1346.8013468013469,1515.1515151515152,1515.1515151515152,601.2506012506013,1034.151034151034,432.9004329004329,721.5007215007215,5339.105339105339,697.4506974506974,1418.951418951419,1779.7017797017797,1563.2515632515633,336.7003367003367,1370.8513708513708,168.35016835016836,312.6503126503126,1755.6517556517556,649.3506493506494,1274.6512746512747,1250.6012506012505
SRR8556968,fbm,15008.353189275053,8353.18927505272,9613.014542765592,3916.4133322378334,8435.351792512256,9941.66461260373,849.0126804151946,6737.326431681867,3231.7256867417086,657.3001396762796,766.8501629556596,520.3626105770547,7887.601676115356,2957.8506285432586,7065.976501520006,24593.980226220796,16624.21603264591,11831.402514173034,6326.5138443841915,5340.563634869773,9503.464519486211,1533.7003259113192,2711.3630761646536,6134.801303645277,328.6500698381398,4272.450907895818,136.93752909922495,465.58759893736476,3889.0258264179884,1752.800372470079,2081.450442308219,794.2376687755046,821.6251745953496,4847.588530112563,1122.8877386136444,1506.3128200914741,1205.0502560731795,4573.713471914113,4025.963355517213,3176.9506751020185,465.58759893736476,739.4626571358147,10845.452304658615,5559.663681428532,575.1376222167447,11886.177525812724,3012.6256401829482,985.9502095144195,1780.1878782899241,575.1376222167447,1068.1127269739545,1971.900419028839,6655.163914222332,1122.8877386136444,1424.1503026319394,2985.238134363103,3259.1131925615537,1150.2752444334894,575.1376222167447,20047.65426012653,410.8125872976748,219.10004655875989,438.20009311751977,6846.876454961247,6080.026292005587,8764.001862350397,1533.7003259113192,5970.476268726206,6573.0013967627965,11091.93985703722,12105.277572371484,2656.5880645249636,766.8501629556596,410.8125872976748,2081.450442308219,3724.700791498918,5066.688576671322,1807.575384109769,3669.925779859228,1588.4753375510093,328.6500698381398,5011.913565031632,2820.913099444034,2574.425547065429,931.1751978747295,1259.8252677128694,164.3250349190699,20568.016870703585,3615.150768219538,219.10004655875989,1341.9877851724043,410.8125872976748,158464.1086736231,60060.80026292006,49242.735464081285,50639.49826089338,32344.644373236926,8298.414263413031,6764.713937501712,465.58759893736476,35329.88250760003,3122.1756634623284,1862.350395749459,2683.9755703448086,3259.1131925615537,12214.827595650864,8709.226850710706,12926.902746966834,766.8501629556596,1232.4377618930243,1698.0253608303892,931.1751978747295,1588.4753375510093,23251.992441048395,657.3001396762796,7339.851559718456,3752.088297318763,4491.550954454578,5943.088762906362,6408.676361843727,2464.8755237860487,3368.6632158409334,5258.401117410237,5559.663681428532,7230.301536439076,246.48755237860487,1177.6627502533345,410.8125872976748,575.1376222167447,2437.4880179662036,1341.9877851724043,1013.3377153342644,1150.2752444334894,2191.000465587599,1095.5002327937996,1561.0878317311642,465.58759893736476,4628.488483553803,2191.000465587599,2629.2005587051185,2848.300605263879,876.4001862350395,1232.4377618930243,1013.3377153342644,876.4001862350395,876.4001862350395,2766.1380878043437,1013.3377153342644,1424.1503026319394,712.0751513159697,876.4001862350395,876.4001862350395,2410.100512146359,1205.0502560731795,657.3001396762796,1670.6378550105442,2848.300605263879,629.9126338564347,547.7501163968998,3532.988250760003,931.1751978747295,2629.2005587051185,4491.550954454578,684.6876454961247,1040.7252211541095,575.1376222167447,328.6500698381398,876.4001862350395,2245.775477227289,1889.737901569304,356.03757565798486,328.6500698381398
SRR8556971,fbm,15476.274413029683,10576.041740111401,8919.128534160614,5675.809067193119,9447.930621166184,9483.184093633223,1480.645843615596,4371.430585912713,2256.222237890432,669.815976873722,775.576394274836,1304.378481280406,10928.576464781781,4618.204893181979,6557.145878869069,20658.53486568427,12973.277867869985,13819.361207078899,8954.382006627653,5922.583374462384,10329.267432842134,1374.885426214482,3349.0798843686107,6204.611154198688,176.26736233519,6980.187548473525,352.53472467038,423.04166960445605,5041.246562786435,2644.0104350278502,1903.6875132200523,669.815976873722,1269.1250088133681,6063.597264330536,1692.1666784178242,1410.13889868152,528.80208700557,2502.996545159698,4512.444475780864,1339.631953747444,810.8298667418741,810.8298667418741,9976.732708171754,7438.482690545018,1233.87153634633,10258.760487908057,2150.461820489318,528.80208700557,2467.74307269266,176.26736233519,1938.9409856870902,6098.850736797574,4582.9514207149405,1269.1250088133681,599.309031939646,3278.5729394345344,5041.246562786435,1128.111118945216,1233.87153634633,16992.173729112317,493.54861453853204,387.788197137418,599.309031939646,10787.562574913629,5429.034759923852,9447.930621166184,2326.7291828245084,6028.343791863499,6733.413241204258,10505.534795177326,14841.711908622998,2785.0243248960023,458.29514207149407,211.52083480222802,2150.461820489318,2679.263907494888,4970.739617852359,1480.645843615596,1938.9409856870902,740.322921807798,176.26736233519,9165.902841429881,2150.461820489318,3067.052104632306,1586.40626101671,1903.6875132200523,105.76041740111401,15828.809137700062,2185.7152929563563,317.28125220334204,810.8298667418741,246.77430726926602,157618.2754001269,65254.17753648734,54607.62885144187,54819.14968624409,35641.260664175425,8883.875061693576,4441.937530846788,1339.631953747444,39378.12874568145,3595.8541916378763,1586.40626101671,4406.684058379751,3736.8680815060284,9553.691038567298,7403.2292180779805,7720.510470281322,1445.3923711485581,1022.3507015441021,423.04166960445605,282.027779736304,352.53472467038,26968.90643728407,951.8437566100262,5993.0903193964605,3666.3611365719526,4018.8958612423326,3384.3333568356484,3736.8680815060284,1445.3923711485581,2855.531269830078,4688.711838116054,4794.472255517168,8637.100754424311,423.04166960445605,810.8298667418741,1022.3507015441021,1339.631953747444,2044.7014030882042,1304.378481280406,387.788197137418,1938.9409856870902,2608.756962560812,528.80208700557,1515.899316082634,1163.3645914122542,3419.5868293026865,2714.517379961926,1339.631953747444,1586.40626101671,282.027779736304,599.309031939646,669.815976873722,282.027779736304,282.027779736304,1586.40626101671,1233.87153634633,1551.152788549672,528.80208700557,282.027779736304,282.027779736304,1410.13889868152,810.8298667418741,458.29514207149407,599.309031939646,1515.899316082634,458.29514207149407,282.027779736304,4054.14933370937,423.04166960445605,1269.1250088133681,2150.461820489318,493.54861453853204,317.28125220334204,423.04166960445605,987.0972290770641,282.027779736304,1797.9270958189381,740.322921807798,493.54861453853204,458.29514207149407
SRR8556980,fbm,15312.223782041285,7903.083242343888,10320.802786876722,4627.463214267145,8215.047054541674,11048.718348671555,1455.8311235896635,4419.487339468621,4003.535589871575,181.97889044870794,233.9728591483388,779.9095304944626,8864.971663287059,3457.598918525451,7097.17672749961,25789.0084750169,17417.979514376333,11152.706286070816,6551.240056153486,3535.589871574897,8111.05911714241,2989.653200228773,3145.6351063276657,4783.445120366037,727.9155617948318,3951.541621171944,441.94873394686215,597.9306400457547,4783.445120366037,1325.8462018405864,1351.843186190402,1871.7828731867105,1117.870327042063,5745.333541309208,935.8914365933553,961.8884209431706,883.8974678937243,3769.562730723236,3223.6260593771126,2131.7527166848645,415.9517495970467,441.94873394686215,8968.959600686321,7435.137524047211,571.9336556959393,10372.796755576353,2365.7255758332035,363.9577808974159,2599.698434981542,155.98190609889252,909.8944522435398,3015.650184578589,5017.417979514376,2703.686372380804,1403.8371548900327,3197.629075027297,4913.430042115114,1507.8250922892944,571.9336556959393,24983.10196017262,337.9607965476005,155.98190609889252,285.9668278479696,9800.863099880415,7435.137524047211,8085.0621327925965,2235.740654084126,4731.451151666407,6291.270212655331,11386.679145219156,9982.841990329121,2599.698434981542,779.9095304944626,311.96381219778505,2469.7135132324647,2885.665262829512,4523.475276867884,1871.7828731867105,3171.6320906774813,1351.843186190402,259.9698434981542,6655.227993552748,1871.7828731867105,2105.7557323350493,675.921593095201,935.8914365933553,207.97587479852336,18665.834763167473,3145.6351063276657,207.97587479852336,779.9095304944626,181.97889044870794,165392.81443352572,62782.71720480424,49550.252170748194,50018.19788904487,32002.287734622783,8501.013882389641,5147.402901263454,2417.7195445328343,38709.50969687517,2755.6803410804346,1455.8311235896635,2963.6562158789584,2651.692403681173,12192.585660063432,10086.829927728384,13076.483127957157,1611.8130296885563,441.94873394686215,883.8974678937243,545.936671346124,441.94873394686215,21369.521135548275,961.8884209431706,6187.2822752560705,3197.629075027297,6265.273228305517,4289.502417719545,6785.212915301825,3405.60494982582,4523.475276867884,6005.303384807362,6135.288306556439,8838.974678937242,285.9668278479696,1429.8341392398481,727.9155617948318,1195.8612800915093,2001.7677949357876,1273.8522331409556,545.936671346124,1299.849217490771,2937.6592315291427,571.9336556959393,1481.8281079394792,831.9034991940935,2573.701450631727,1871.7828731867105,2183.746685384496,1741.7979514376334,441.94873394686215,961.8884209431706,1039.8793739926168,441.94873394686215,441.94873394686215,2937.6592315291427,961.8884209431706,1429.8341392398481,311.96381219778505,441.94873394686215,441.94873394686215,2547.704466281911,1039.8793739926168,961.8884209431706,649.9246087453855,1377.8401705402173,831.9034991940935,311.96381219778505,1949.7738262361568,701.9185774450164,1221.858264441325,2027.7647792856026,987.885405292986,727.9155617948318,857.9004835439089,753.9125461446472,441.94873394686215,2339.728591483388,1221.858264441325,571.9336556959393,545.936671346124
SRR8556982,fbm,15242.74064476793,8815.385006224118,9602.926606203795,4623.631328912938,7672.179457866525,10415.872773924752,914.5644386860757,4750.654167619337,4547.4176256891,584.3050580494372,711.3278967558367,787.5415999796763,8281.889083657241,3429.616645072784,7367.324644971166,27309.910321875872,17554.556309224397,13743.871148032416,5944.6688514594925,4699.845032136778,9171.048954602038,2261.0065289739096,3048.548128953586,5487.386632116454,965.3735741686355,5360.363793410055,635.1141935319971,330.25938063663847,4852.272438584458,1930.747148337271,2133.98369026751,1625.8923354419123,2006.9608515611105,5995.477986942053,1346.442090287834,1016.1827096511953,635.1141935319971,2896.1207225059065,3378.8075095902245,2718.2887483169475,381.06851611919825,584.3050580494372,12549.856464192262,5258.745522444936,101.61827096511952,10466.681909407313,2642.0750450931077,381.06851611919825,2921.5252902471866,203.23654193023904,1168.6101160988744,2235.60196123263,4903.081574067017,939.9690064273557,1270.2283870639942,4369.58565150014,3073.952696694866,355.66394837791836,101.61827096511952,17071.86952214008,685.9233290145568,635.1141935319971,482.68678708431776,10390.468206183472,8129.461677209562,11000.17783197419,1829.1288773721515,4649.035896654218,4852.272438584458,11050.986967456749,11203.414373904428,3251.7846708838247,1016.1827096511953,355.66394837791836,2235.60196123263,3150.1663999187053,4674.440464395498,1422.6557935116734,3861.494296674542,1625.8923354419123,177.83197418895918,6935.446993369408,2845.311587023347,2083.1745547849505,990.7781419099153,1244.8238193227141,177.83197418895918,20298.249625282624,3531.234916037904,101.61827096511952,787.5415999796763,76.21370322383964,157482.91542819398,63358.99194675203,53070.14201153367,50377.257830958006,32848.10608947489,8967.812412671798,6274.928232096131,711.3278967558367,37039.85976678607,2743.693316058227,1752.915174148312,3023.143561212306,2845.311587023347,10669.918451337551,8332.698219139802,10873.15499326779,1625.8923354419123,1702.106038665752,1397.2512257703934,609.7096257907172,990.7781419099153,25709.42255417524,889.1598709447959,6147.905393389732,5385.768361151336,4801.4633031018975,2972.3344257297463,5639.814038564134,2159.38825800879,3099.3572644361457,5919.264283718213,4674.440464395498,6452.76020628509,203.23654193023904,889.1598709447959,381.06851611919825,431.87765160175803,1930.747148337271,1625.8923354419123,990.7781419099153,355.66394837791836,2032.3654193023906,1194.0146838401545,1092.396412875035,457.28221934303787,3455.0212128140643,1956.1517160785509,2006.9608515611105,3226.380103142545,914.5644386860757,1168.6101160988744,1270.2283870639942,914.5644386860757,914.5644386860757,2261.0065289739096,1066.991845133755,1422.6557935116734,1041.5872773924752,914.5644386860757,939.9690064273557,2006.9608515611105,1219.4192515814343,355.66394837791836,1397.2512257703934,1625.8923354419123,1244.8238193227141,431.87765160175803,1981.5562838198307,812.9461677209562,1651.2969031831924,3073.952696694866,381.06851611919825,965.3735741686355,330.25938063663847,635.1141935319971,914.5644386860757,1549.6786322180728,1676.7014709244722,304.8548128953586,304.8548128953586
SRR8556984,fbm,14131.01683822217,7794.371392872017,8389.361575534003,4313.678824299399,7377.878265008627,10233.83114178616,1070.982328791575,5325.162134824775,2855.952876777533,386.74361873029096,446.2426369964895,654.4892009281847,9311.596358660083,3123.698458975427,6306.895936217053,28500.029749509133,21479.145594097696,10442.077705717855,6396.144463616351,2558.45778544654,8508.3596120664,1665.972511453561,2736.954840245136,3837.68667816981,356.99410959719165,5087.166061759981,416.49312786339027,922.2347831260784,7615.874338073421,1963.467602784554,2141.96465758315,773.4872374605819,922.2347831260784,6872.1366097459395,1576.7239840542632,1070.982328791575,535.4911643957875,3242.6964955078242,3867.4361873029093,1011.4833105253763,654.4892009281847,862.7357648598799,11007.318379246743,6396.144463616351,624.7396917950854,10531.326233117154,2469.209258047242,743.7377283274826,2231.2131849824477,356.99410959719165,1725.4715297197597,2290.7122032486463,3956.684714702207,1755.221038852859,773.4872374605819,3450.9430594395194,4849.1699886951865,1725.4715297197597,624.7396917950854,23591.36074254775,356.99410959719165,297.49509133099303,654.4892009281847,8597.6081394657,5533.408698756471,7229.13071934313,2112.2151484500505,4730.171952162789,5860.653299220563,10590.825251383352,8151.365502469209,2528.708276313441,803.2367465936812,89.24852739929791,3391.444041173321,2231.2131849824477,4283.9293151663,2171.714166716249,2528.708276313441,1636.2230023204618,148.74754566549652,5711.905753555066,2260.962694115547,2320.4617123817457,1100.7318379246742,1398.2269292556673,118.99803653239721,18801.68977211876,3183.1974772416256,178.49705479859583,743.7377283274826,386.74361873029096,166151.00850835964,62057.47605164515,44624.26369964895,47688.46314035818,28440.530731242932,7199.381210210031,5741.655262688166,654.4892009281847,38495.864818230504,2826.203367644434,1874.219075385256,2766.7043493782353,2112.2151484500505,10233.83114178616,8329.862557267805,9876.837032188969,2082.465639316951,773.4872374605819,594.9901826619861,892.485273992979,505.74165526268814,27072.05331112037,832.9862557267805,6901.886118879039,2885.7023859106325,11185.815434045338,3599.6906051050155,4878.919497828286,2231.2131849824477,9966.085559588268,14577.259475218658,4938.418516094484,14755.756530017254,356.99410959719165,1517.2249657880645,743.7377283274826,654.4892009281847,2082.465639316951,2260.962694115547,297.49509133099303,1903.9685845183553,2647.706312845838,505.74165526268814,951.9842922591777,862.7357648598799,3302.195513774023,2469.209258047242,1963.467602784554,1755.221038852859,327.24460046409234,624.7396917950854,803.2367465936812,297.49509133099303,297.49509133099303,2439.459748914143,1219.7298744570714,1576.7239840542632,416.49312786339027,297.49509133099303,327.24460046409234,2141.96465758315,1130.4813470577735,981.733801392277,565.2406735288868,2141.96465758315,386.74361873029096,178.49705479859583,2617.9568037127387,892.485273992979,2022.9666210507526,2439.459748914143,1011.4833105253763,327.24460046409234,892.485273992979,565.2406735288868,297.49509133099303,1546.9744749211638,713.9882191943833,773.4872374605819,743.7377283274826
SRR8556985,fbm,12903.758322786553,7896.329719914158,7786.276344026853,4512.1884113795195,6960.876024872063,8171.4631596324225,962.9670390139217,6410.609145435536,6603.20255323832,412.700159577395,495.24019149287403,550.2668794365268,9299.5102624773,4649.75513123865,6878.335992956584,26000.110053375887,18323.88708523634,10702.690805040445,5667.748858196225,3851.868156055687,8446.596599350685,2586.2543333516755,3494.1946844219447,4347.108347548561,825.40031915479,3521.7080283937707,302.6467836900897,495.24019149287403,3769.328124140208,1623.2872943377538,1925.9340780278435,1870.9073900841909,1925.9340780278435,4594.728443294998,852.9136631266164,852.9136631266164,715.3469432674847,3549.2213723655977,2916.4144610135913,1815.8807021405382,495.24019149287403,687.8335992956584,10922.797556815056,4952.401914928741,192.59340780278436,10647.664117096792,2421.1742695207176,880.4270070984427,1210.5871347603588,522.7535354647003,660.3202553238322,1898.4207340560172,4897.3752269850875,1870.9073900841909,1705.8273262532327,7070.929400759369,3384.1413085346394,605.2935673801794,192.59340780278436,22726.022120728554,660.3202553238322,495.24019149287403,385.1868156055687,9024.376822759039,6658.2292411819735,11060.364276674187,1953.4474219996696,3769.328124140208,5585.2088262807465,10207.45061354757,11913.277939800802,2338.6342376052385,1265.6138227040115,302.6467836900897,2916.4144610135913,4264.568315633082,3439.167996478292,2613.767677323502,3301.60127661916,2723.8210532108073,82.54003191547902,6025.422329829968,2888.9011170417652,2063.500797886975,632.8069113520057,1017.9937269575745,137.5667198591317,18901.667308644694,4209.541627689429,192.59340780278436,1458.2072305067957,550.2668794365268,164227.1501678314,61932.537280581084,47295.43828756947,51862.65338689264,30374.731744896275,8391.569911407032,7703.736312111374,1100.5337588730536,34089.03318109283,1870.9073900841909,1650.80063830958,1568.2606063941012,2806.361085126286,9877.290485885655,11390.524404336104,14141.858801518738,1265.6138227040115,1017.9937269575745,2641.2810212953286,1320.6405106476643,825.40031915479,25257.249766136578,742.860287239311,6438.122489407363,4127.00159577395,5997.908985858141,4814.835195069609,6630.715897210147,2723.8210532108073,4292.081659604909,7208.4961206185,5887.855609970836,8859.296758928082,440.21350354922134,1513.2339184504483,467.7268475210477,1045.5070709294007,2146.0408298024545,1733.340670225059,962.9670390139217,880.4270070984427,2861.3877730699387,1293.1271666758378,632.8069113520057,522.7535354647003,2641.2810212953286,1623.2872943377538,2146.0408298024545,2833.8744290981126,1017.9937269575745,1348.1538546194904,1513.2339184504483,1017.9937269575745,1017.9937269575745,2696.307709238981,1045.5070709294007,1210.5871347603588,522.7535354647003,1017.9937269575745,1017.9937269575745,2366.147581577065,1183.0737907885325,687.8335992956584,962.9670390139217,1045.5070709294007,660.3202553238322,275.1334397182634,2833.8744290981126,495.24019149287403,1815.8807021405382,2173.5541737742806,715.3469432674847,1238.1004787321851,632.8069113520057,522.7535354647003,1017.9937269575745,1100.5337588730536,1678.3139822814064,330.1601276619161,302.6467836900897
SRR8556989,fbm,17173.446373739844,9103.013505067796,7418.276677264204,3749.8981005950923,5570.500801608652,8396.510964375968,951.0611124697698,6005.271595880547,3777.071275237086,271.73174641993427,407.5976196299014,652.1561914078421,8559.550012227928,1766.2563517295728,7228.064454770251,19917.93701258118,12146.40906497106,12282.274938181026,5652.020325534632,3695.551751311106,9700.823347191654,1874.9490502975461,2635.797940273362,4456.400641286921,217.3853971359474,3722.724925953099,353.2512703459145,543.4634928398685,4673.786038422869,1711.9100024455856,2554.278416347382,1385.8319067416646,407.5976196299014,4239.0152441509745,1249.9660335316976,1277.139208173691,978.2342871117634,2554.278416347382,3396.646830249178,2037.9880981495069,271.73174641993427,1032.5806363957502,10135.594141463547,5488.981277682671,570.6366674818619,9700.823347191654,2527.1052417053884,570.6366674818619,2907.5296866932963,298.90492106192767,923.8879378277765,2499.932067063395,3858.590799163066,2744.4906388413356,1358.6587320996712,3315.127306323198,3804.244449879079,1603.217303877612,570.6366674818619,45433.54800141301,244.55857177794084,217.3853971359474,516.2903181978751,9320.398902203744,5733.5398494606125,9891.035569685608,1874.9490502975461,4836.82508627483,5027.037308768784,12798.565256378903,12119.235890329066,2391.2393684954213,815.1952392598027,326.07809570392106,2092.334447433494,2336.8930192114344,4048.80302165702,1413.005081383658,3614.0322273851257,706.502540691829,135.86587320996713,6847.6400097823425,3396.646830249178,2608.6247656313685,1032.5806363957502,1304.3123828156843,135.86587320996713,19782.071139371215,3668.378576669112,298.90492106192767,1168.4465096057172,108.6926985679737,185837.34137659302,60514.65992771936,50949.70245373767,47960.653243118395,34374.06592212168,7907.393820820086,6467.2155647944355,1874.9490502975461,36140.322273851256,2472.758892421402,1521.6977799516317,2771.6638134833292,2635.797940273362,10869.26985679737,7662.835249042145,8287.818265807995,978.2342871117634,1222.7928588897041,624.9830167658488,489.1171435558817,380.4244449879079,23396.10336675634,380.4244449879079,4048.80302165702,2907.5296866932963,3287.954131681204,2146.6807967174805,4972.690959484797,3206.434607755224,2717.3174641993423,5081.38365805277,4429.227466644928,5543.3276269666585,298.90492106192767,1467.351430667645,923.8879378277765,489.1171435558817,2499.932067063395,1331.4855574576777,380.4244449879079,1249.9660335316976,3396.646830249178,326.07809570392106,135.86587320996713,1059.7538110377436,3423.8200048911713,2662.9711149153554,2662.9711149153554,2173.853971359474,326.07809570392106,951.0611124697698,815.1952392598027,326.07809570392106,326.07809570392106,3152.0882584712376,1249.9660335316976,1739.083177087579,326.07809570392106,326.07809570392106,326.07809570392106,2744.4906388413356,1358.6587320996712,1304.3123828156843,570.6366674818619,1793.429526371566,733.6757153338225,706.502540691829,3831.4176245210724,815.1952392598027,2336.8930192114344,2554.278416347382,1331.4855574576777,326.07809570392106,1168.4465096057172,489.1171435558817,326.07809570392106,1222.7928588897041,1032.5806363957502,923.8879378277765,896.714763185783
SRR8556994,fbm,14438.96256732902,10138.958041008464,6970.533653193319,2987.3715656542795,5250.531842665097,11180.01176843344,1629.475399447789,5612.637486986829,4662.110170642285,226.31602770108177,271.57923324129814,1720.0018105282218,10908.432535192142,1810.5282216086541,5748.427103607477,22541.076359027746,15253.700267052913,12854.750373421446,5476.847870366179,2534.739510252116,8373.693024940025,1629.475399447789,2308.4234825510343,2987.3715656542795,814.7376997238945,3213.6875933553615,316.8424387815145,769.4744941836781,5476.847870366179,2217.8970714706015,2353.6866880912503,1448.4225772869236,3621.0564432173082,6020.006336848776,1403.1593717467072,1629.475399447789,1674.7386049880054,2444.213099171683,3802.109265378174,1674.7386049880054,226.31602770108177,1448.4225772869236,13760.014484225774,5522.111075906396,1267.369755126058,14348.436156248586,4118.951704159689,1403.1593717467072,4254.741320780337,588.4216720228126,1448.4225772869236,2444.213099171683,3847.3724709183907,1991.5810437695197,1584.2121939075726,2308.4234825510343,3530.530032136876,2263.160277010818,1267.369755126058,15615.805911374644,271.57923324129814,316.8424387815145,497.89526094237993,10501.063685330195,7558.955325216132,10138.958041008464,1991.5810437695197,7966.324175078079,4571.583759561852,10501.063685330195,13035.803195582312,1855.7914271488705,1674.7386049880054,226.31602770108177,4662.110170642285,2761.055537953198,3666.319648757525,2172.633865930385,3440.0036210564435,2082.107454849953,316.8424387815145,6834.744036572671,2308.4234825510343,2172.633865930385,905.2641108043271,1403.1593717467072,271.57923324129814,15887.38514461594,2851.5819490336303,90.52641108043272,950.5273163445435,1448.4225772869236,155071.74218078124,66355.85932195719,51237.948671524915,54406.37305934006,35350.563526908976,6336.84877563029,6563.164803331371,407.36884986194724,33902.14094962205,3847.3724709183907,543.1584664825963,3032.634771194496,3440.0036210564435,9776.852396686732,8826.32508034219,10184.221246548681,543.1584664825963,1312.6329606662744,1086.3169329651926,633.684877563029,90.52641108043272,25121.079074820078,995.7905218847599,4526.320554021636,4526.320554021636,4616.846965102069,3258.950798895578,4933.689403883583,3530.530032136876,1810.5282216086541,4752.636581722718,6201.059159009642,8464.21943602046,905.2641108043271,995.7905218847599,2217.8970714706015,1131.580138505409,1403.1593717467072,1855.7914271488705,362.1056443217309,2353.6866880912503,5431.584664825963,860.0009052641109,588.4216720228126,2580.0027157923328,4390.530937400987,3349.4772099760107,2534.739510252116,2308.4234825510343,407.36884986194724,678.9480831032454,724.2112886434618,362.1056443217309,362.1056443217309,3666.319648757525,1720.0018105282218,2172.633865930385,588.4216720228126,362.1056443217309,407.36884986194724,3168.424387815145,1493.6857828271397,1222.1065495858415,1131.580138505409,1629.475399447789,407.36884986194724,407.36884986194724,3621.0564432173082,316.8424387815145,2353.6866880912503,1629.475399447789,1222.1065495858415,407.36884986194724,1086.3169329651926,271.57923324129814,362.1056443217309,995.7905218847599,995.7905218847599,950.5273163445435,950.5273163445435
SRR8557002,fbm,15886.770652801848,10769.992572418914,8541.718247090863,2805.9750763390275,6767.351654700008,9903.441445902452,1155.4015020219526,5983.329206899398,4992.985062309152,660.2294297268301,825.2867871585377,742.7581084426838,9697.119749112817,2971.032433770735,4415.284311298175,25377.56870512503,18981.596104646364,9862.177106544525,5364.364116530494,2517.1247008335395,7757.6957992902535,1898.1596104646364,2475.860361475613,4869.192044235372,949.0798052323182,3218.6184699182963,288.85037550548816,1361.723198811587,4208.962614508541,1320.4588594536601,1568.0448956012215,1774.3665923908559,1320.4588594536601,3837.5835602872,866.5511265164645,825.2867871585377,990.3441445902452,3177.35413056037,3424.940166707931,2599.653379549394,495.1720722951226,1155.4015020219526,11471.486341503673,4992.985062309152,247.5860361475613,13204.588594536603,4745.399026161591,2393.331682759759,2847.239415696955,1279.1945200957332,1774.3665923908559,1691.837913675002,5446.892795246348,1361.723198811587,784.0224478006107,3878.8478996451267,4580.341668729884,1114.1371626640257,247.5860361475613,15144.012544359166,577.7007510109763,618.9650903689032,618.9650903689032,7427.581084426839,6107.122224973178,12007.922753156721,1402.9875381695138,5446.892795246348,5488.157134604276,11058.842947924402,13245.852933894528,2888.503755054882,371.3790542213419,495.1720722951226,3961.3765783609806,2228.2743253280514,2434.596022117686,1733.102253032929,4043.905257076834,2021.952628538417,288.85037550548816,4910.456383593299,2517.1247008335395,2021.952628538417,577.7007510109763,742.7581084426838,165.05735743170752,23066.765701081127,3301.1471486341507,330.11471486341503,701.4937690847569,247.5860361475613,152801.84864240323,59998.34942642569,49434.6785507964,52777.090038788476,36683.99768919699,6519.765618552447,7014.93769084757,701.4937690847569,31072.047536518938,2558.3890401914664,2393.331682759759,3094.825451844516,2888.503755054882,11512.7506808616,9862.177106544525,9985.970124618305,453.90773293719565,1279.1945200957332,660.2294297268301,742.7581084426838,1196.6658413798796,25666.41908063052,742.7581084426838,8087.810514153668,4497.81299001403,8087.810514153668,2558.3890401914664,3589.9975241396387,2558.3890401914664,3507.468845423785,5075.513741025006,8830.56862259635,10109.763142692087,206.32169678963442,1237.9301807378065,618.9650903689032,165.05735743170752,4456.548650656103,1691.837913675002,907.8154658743913,990.3441445902452,2599.653379549394,990.3441445902452,701.4937690847569,742.7581084426838,5075.513741025006,2764.7107369811006,2352.0673434018317,2805.9750763390275,784.0224478006107,1196.6658413798796,1485.5162168853676,784.0224478006107,784.0224478006107,2682.182058265247,825.2867871585377,1320.4588594536601,784.0224478006107,784.0224478006107,784.0224478006107,2352.0673434018317,1650.5735743170753,1526.7805562432945,1072.872823306099,3589.9975241396387,701.4937690847569,247.5860361475613,4580.341668729884,866.5511265164645,3383.675827350004,4580.341668729884,1320.4588594536601,907.8154658743913,1155.4015020219526,618.9650903689032,784.0224478006107,1774.3665923908559,1072.872823306099,742.7581084426838,742.7581084426838
SRR8557004,fbm,16324.99124484793,8458.823846340345,7946.9841868484145,4983.701947684599,6088.198055009294,11125.77786158778,1912.6639907330082,5360.846959941811,3528.999757549635,269.3892944694378,323.2671533633253,673.4732361735944,10586.999272648905,3744.5111931251854,5549.419466070418,19827.052072950624,11044.96107324695,12472.72433393497,5576.358395517362,3044.099027504647,7515.961315697315,2343.6868618841086,2936.343309716872,4714.312653215161,538.7785889388756,4687.373723768217,350.2060828102691,377.1450122572129,6357.587349478732,2020.4197085207836,2882.465450822984,1724.0914846044018,1320.0075429002452,5845.7476899868,1400.8243312410764,1050.6182484308074,646.5343067266506,3448.1829692088036,3986.9615581476787,1562.4579079227392,377.1450122572129,511.8396594919318,10775.57177877751,7973.923116295357,565.7175183858194,12176.396110018588,4013.9004875946225,969.8014600899761,4498.801217639611,269.3892944694378,915.9236011960885,3394.3051103149164,4094.7172759354544,2182.053285202446,781.2289539613696,2397.564720777996,4929.824088790711,1373.8854017941328,565.7175183858194,32811.61606637752,188.57250612860645,134.6946472347189,942.8625306430323,8889.846717491446,6950.243797311495,10021.281754263086,2208.9922146493896,5360.846959941811,4714.312653215161,11933.945744996094,11125.77786158778,1912.6639907330082,754.2900245144258,188.57250612860645,1993.4807790738394,2208.9922146493896,6896.365938417607,1777.9693434982894,2693.8929446943775,754.2900245144258,1023.6793189838636,6680.854502842057,3097.9768863985346,2882.465450822984,1023.6793189838636,1535.5189784757954,188.57250612860645,18803.372753966756,2451.442579671884,242.45036502249403,619.595377279707,323.2671533633253,170846.69055251745,59750.545513321296,51372.53845532178,48490.0730044988,32784.67713693058,7192.694162333989,5926.564478327631,2451.442579671884,35505.509011071896,2774.709733035209,1535.5189784757954,3663.694404784354,2909.404380269928,11583.739662185824,8081.6788340831345,12311.090757253307,1885.7250612860646,565.7175183858194,619.595377279707,727.351095067482,835.1068128552571,23787.074701651356,646.5343067266506,3852.26691091296,1804.908272945233,4013.9004875946225,4741.251582662106,5791.869831092912,2182.053285202446,4013.9004875946225,5657.175183858194,4660.434794321273,5818.808760539856,404.08394170415664,888.9846717491447,1589.396837369683,1131.4350367716388,1616.3357668166266,2155.1143557555024,511.8396594919318,1562.4579079227392,3313.488321974085,754.2900245144258,323.2671533633253,1858.7861318391206,3528.999757549635,3340.4272514210284,1858.7861318391206,1427.7632606880202,511.8396594919318,1050.6182484308074,1346.9464723471888,511.8396594919318,511.8396594919318,1993.4807790738394,673.4732361735944,996.7403895369197,350.2060828102691,511.8396594919318,511.8396594919318,1751.0304140513456,1643.2746962635706,1858.7861318391206,619.595377279707,1266.1296840063576,296.3282239163816,269.3892944694378,3097.9768863985346,754.2900245144258,1346.9464723471888,2047.3586379677272,1912.6639907330082,538.7785889388756,1670.2136257105142,296.3282239163816,511.8396594919318,1616.3357668166266,1131.4350367716388,1373.8854017941328,1320.0075429002452
SRR8557006,fbm,15013.546056592413,9068.332329921734,7977.122215532811,3348.8862131246237,6133.353401565322,7074.051776038531,1091.2101143889224,4628.236002408188,4816.37567730283,1053.582179409994,1279.3497892835642,338.6514148103552,10234.798314268513,3687.537627934979,5794.701986754967,25775.13546056592,18588.199879590607,12605.358217940999,6697.7724262492475,5681.818181818182,10422.937989163154,1392.2335942203492,4628.236002408188,5004.515352197471,564.4190246839254,4289.584587597832,1053.582179409994,602.0469596628537,4440.096327513546,1768.5129440096327,2144.792293798916,1768.5129440096327,1467.489464178206,5380.794701986754,1166.465984346779,940.698374473209,602.0469596628537,4703.491872366045,3160.746538229982,2633.955448524985,451.5352197471403,978.3263094521374,9820.8910295003,4440.096327513546,376.2793497892836,9557.495484647801,1919.0246839253462,413.9072847682119,1994.2805538832029,188.1396748946418,1053.582179409994,1166.465984346779,5305.5388320288985,2182.420228777845,1166.465984346779,3499.397953040337,2859.723058398555,903.0704394942805,376.2793497892836,17007.82661047562,602.0469596628537,564.4190246839254,451.5352197471403,7788.98254063817,5456.050571944612,10084.2865743528,2521.0716435882,4778.747742323901,5681.818181818182,10197.170379289584,12793.497892835641,3085.4906682721253,1542.7453341360626,263.3955448524985,2031.9084888621312,4440.096327513546,3198.3744732089103,1618.0012040939193,3537.0258880192655,1919.0246839253462,338.6514148103552,5832.329921733895,3311.2582781456954,1768.5129440096327,940.698374473209,1241.7218543046358,263.3955448524985,20883.503913305238,4289.584587597832,112.88380493678507,2257.6760987357015,112.88380493678507,155967.79048765806,62688.13967489464,50120.40939193257,53544.551475015054,33263.094521372666,10009.030704394941,5305.5388320288985,1956.6526189042747,37402.16736905478,2784.4671884406985,1994.2805538832029,2031.9084888621312,2483.4437086092717,12341.962673088501,9406.98374473209,9783.263094521371,790.1866345574955,1279.3497892835642,752.5586995785671,301.02347983142687,1128.8380493678508,26000.903070439494,978.3263094521374,5192.655027092113,5004.515352197471,6095.725466586394,3461.770018061409,5305.5388320288985,2295.30403371463,4176.700782661047,5079.771222155328,5794.701986754967,6547.260686333534,150.51173991571343,865.4425045153522,564.4190246839254,263.3955448524985,1580.373269114991,1128.8380493678508,1768.5129440096327,714.9307645996388,2144.792293798916,2144.792293798916,1128.8380493678508,639.6748946417821,3687.537627934979,1618.0012040939193,1956.6526189042747,2897.3509933774835,1542.7453341360626,1843.7688139674895,1655.6291390728477,1542.7453341360626,1542.7453341360626,2897.3509933774835,752.5586995785671,790.1866345574955,451.5352197471403,1542.7453341360626,1542.7453341360626,1919.0246839253462,1279.3497892835642,940.698374473209,1128.8380493678508,865.4425045153522,489.1631547260687,1241.7218543046358,3424.1420830824804,564.4190246839254,2332.931968693558,3574.653822998194,1542.7453341360626,1730.8850090307044,1354.6056592414209,790.1866345574955,1542.7453341360626,1580.373269114991,2784.4671884406985,526.791089704997,1166.465984346779
SRR8557009,fbm,17299.007475824765,9236.343224555405,8572.959457045901,4694.715893144184,8623.988977623556,11047.891205062127,765.4428086648126,6353.175311917945,4388.538769678258,893.016610108948,1097.1346924195645,663.3837675095042,9159.798943688924,3291.404077258694,6659.35243538387,23065.343301099685,16380.476105426987,12502.232541525273,6404.204832495599,2985.226953792769,8879.136580511826,2679.049830326844,2500.4465083050545,4260.964968234124,714.4132880871584,4847.804454877146,357.2066440435792,561.324726354196,4771.260174010666,1888.0922613732043,1990.1513025285126,1709.4889393514147,1224.7084938637001,5536.702982675478,1122.649452708392,893.016610108948,663.3837675095042,2143.2398642614753,3903.7583241905445,2372.872706860919,280.662363177098,612.3542469318501,11430.612609394535,6914.50003827214,688.8985277983313,11558.18641083867,3572.066440435792,969.5608909754293,3776.1845227464087,433.75092491006046,1403.3118158854898,3291.404077258694,4720.230653433011,2245.298905416784,969.5608909754293,5026.4077768989355,4490.597810833568,1658.4594187737607,688.8985277983313,20641.441073661113,229.6328425994438,229.6328425994438,255.14760288827088,8292.297093868803,6991.044319138622,9976.271272931392,1377.7970555966626,5460.158701808997,5102.9520577654175,12629.806342969408,10256.933636108488,2423.902227438573,688.8985277983313,484.78044548771464,2653.535070038017,2628.02030974919,4745.745413721838,1811.547980506723,3342.4335978363483,1581.9151379072794,867.5018498201209,5205.011098920726,2092.210343683821,2985.226953792769,1046.1051718419105,1556.4003776184522,102.05904115530835,15308.856173296252,2245.298905416784,229.6328425994438,561.324726354196,280.662363177098,161661.52119000844,62051.897022427474,49677.23828234634,49830.3268440793,32939.55553287577,7093.10336029393,7169.647641160412,1275.7380144413544,34062.20498558416,3265.889316969867,1377.7970555966626,3699.6402418799275,3495.522159569311,12170.540657770522,8700.533258490037,10971.346924195646,1250.2232541525273,893.016610108948,1224.7084938637001,433.75092491006046,1046.1051718419105,22427.47429387901,739.9280483759856,5230.525859209553,2092.210343683821,7884.060929247569,4056.8468859235068,5128.466818054244,2934.197433215115,4465.08305054474,7909.575689536397,5868.39486643023,10996.861684484475,255.14760288827088,1250.2232541525273,969.5608909754293,816.4723292424668,1250.2232541525273,1581.9151379072794,637.8690072206772,1377.7970555966626,3495.522159569311,637.8690072206772,1224.7084938637001,1122.649452708392,3240.3745566810403,2449.4169877274003,2551.4760288827088,2398.387467149746,561.324726354196,944.0461306866022,1479.856096751971,561.324726354196,561.324726354196,3138.3155155257314,1020.5904115530835,1352.2822953078355,382.7214043324063,561.324726354196,561.324726354196,2730.0793509044984,969.5608909754293,893.016610108948,1020.5904115530835,1122.649452708392,714.4132880871584,433.75092491006046,2883.1679126374606,561.324726354196,1581.9151379072794,2372.872706860919,867.5018498201209,586.839486643023,765.4428086648126,816.4723292424668,561.324726354196,1786.033220217896,944.0461306866022,944.0461306866022,918.5313703977752
SRR8557012,fbm,11924.896087143472,8456.35660025799,7481.725670058764,4529.167263866992,8685.681525010748,6392.432277483159,1605.2744732693136,2780.5647126272033,2751.899097033109,458.6498495055181,659.3091586641823,659.3091586641823,9832.306148774545,4299.842339114232,4987.81711337251,20925.899383689266,17084.70689408055,13558.83617600688,6019.779274759925,3726.5300272323348,8513.68783144618,1777.2681668338828,2608.571019062634,3841.1924896087144,687.9747742582772,3382.5426401031964,171.9936935645693,458.6498495055181,2465.24294109216,2235.9180163394008,2895.227175003583,1949.261860398452,2264.583631933496,4557.832879461087,1977.927475992547,831.3028522287516,1003.296545793321,2751.899097033109,3267.880177726817,1805.9337824279776,343.9873871291386,544.6466962878028,11953.561702737567,2895.227175003583,343.9873871291386,11150.92446610291,2063.9243227748316,544.6466962878028,2063.9243227748316,200.6593091586642,1232.62147054608,2149.921169557116,3296.545793320912,1719.936935645693,1318.6183173283646,2350.5804787157804,2809.2303282212984,1318.6183173283646,343.9873871291386,66188.90640676509,143.32807797047442,143.32807797047442,57.33123118818976,8886.340834169414,5589.795040848502,10233.624767091873,1146.6246237637954,4156.514261143758,4930.48588218432,9287.659452486743,12842.195786154509,2350.5804787157804,1117.9590081697004,372.6530027232335,2665.902250250824,3095.8864841622476,1433.2807797047442,1232.62147054608,2981.224021785868,1863.2650136161674,315.32177153504375,6908.413358176867,1146.6246237637954,2235.9180163394008,1289.9527017342696,1834.5993980220724,57.33123118818976,15536.763651999427,1691.2713200515982,286.65615594094885,573.3123118818977,171.9936935645693,211752.9023935789,53031.388849075534,44833.0227891644,48616.88404758492,31675.505231474846,7797.047441593808,3927.1893363909985,544.6466962878028,31245.520997563424,2608.571019062634,888.6340834169414,2350.5804787157804,2981.224021785868,9574.315608427692,7023.075820553247,6277.76981510678,429.98423391142325,1117.9590081697004,1031.9621613874158,401.3186183173284,487.315465099613,22015.19277626487,630.6435430700875,4787.157804213846,4385.839185896517,5589.795040848502,2293.249247527591,3239.2145621327218,1203.9558549519852,1662.6057044575032,5417.801347283933,6220.43858391859,8456.35660025799,515.9810806937079,1318.6183173283646,1146.6246237637954,458.6498495055181,1232.62147054608,1060.6277769815108,745.306005446467,1146.6246237637954,2350.5804787157804,888.6340834169414,200.6593091586642,1318.6183173283646,3984.5205675791885,2379.2460943098754,974.630930199226,2837.8959438153934,831.3028522287516,1375.9495485165544,1662.6057044575032,831.3028522287516,831.3028522287516,1203.9558549519852,859.9684678228465,1203.9558549519852,573.3123118818977,831.3028522287516,831.3028522287516,1060.6277769815108,1347.2839329224594,1031.9621613874158,1232.62147054608,1805.9337824279776,802.6372366346568,458.6498495055181,2837.8959438153934,343.9873871291386,2006.593091586642,2665.902250250824,1060.6277769815108,888.6340834169414,917.2996990110362,831.3028522287516,831.3028522287516,1175.2902393578902,1519.2776264870288,716.6403898523721,687.9747742582772
SRR8557013,fbm,16123.542925210582,8891.346890155706,9189.143197481493,3445.9286990555606,7572.534671998639,8125.584957032247,1021.0159108312771,8338.296605122097,8338.296605122097,1488.9815366289458,1786.7778439547349,680.6772738875181,10678.124734110439,2424.9127882242833,4084.0636433251084,22377.265379052158,15910.831277120737,9614.566493661194,8125.584957032247,4679.656257976687,10167.6167786948,1914.4048328086444,2765.2514251680423,4594.571598740747,553.0502850336084,2722.7090955500726,1063.558240449247,1403.896877393006,5487.960520718115,1403.896877393006,850.8465923593976,1233.7275589211265,935.9312515953374,5445.418191100145,680.6772738875181,595.5926146515784,1531.5238662469158,4296.775291414958,2595.0821066961626,2042.0318216625542,340.33863694375907,595.5926146515784,12252.190929975326,3488.47102867353,170.16931847187954,10167.6167786948,2467.455117842253,638.1349442695482,1403.896877393006,425.4232961796988,425.4232961796988,1191.1852293031568,5573.045179954055,3105.590062111801,1574.0661958648855,4296.775291414958,3105.590062111801,1106.1005700672167,170.16931847187954,13826.257125840211,1063.558240449247,808.3042627414277,170.16931847187954,6721.688079639242,7019.484386965029,10593.0400748745,1233.7275589211265,5998.468476133753,7062.026716583,8763.719901301794,13400.833829660512,3360.844039819621,1871.8625031906747,638.1349442695482,2977.9630732578917,2850.3360844039817,3445.9286990555606,2595.0821066961626,3360.844039819621,2212.2011401344334,297.7963073257892,5147.621883774355,2382.3704586063136,1446.439207010976,340.33863694375907,808.3042627414277,85.08465923593977,21824.215094018546,3531.0133582915,255.25397770781927,723.219603505488,382.88096656172894,152726.9633285119,63515.69811962902,50370.118267676335,53773.50463711393,33948.77903513997,7062.026716583,8848.804560537734,2084.5741512805243,35735.5568790947,1999.4894920445845,1914.4048328086444,1531.5238662469158,3318.3017102016506,11911.852293031567,7615.077001616608,13315.749170424571,1191.1852293031568,1403.896877393006,1148.6428996851866,1106.1005700672167,1233.7275589211265,31523.86624691568,1361.3545477750363,6764.230409257211,3998.978984089169,7104.56904620097,5743.214498425934,6721.688079639242,3488.47102867353,3616.09801752744,5870.841487279843,7700.161660852548,9274.227856717434,170.16931847187954,1191.1852293031568,467.9656257976687,978.4735812133072,2637.6244363141327,1063.558240449247,553.0502850336084,1021.0159108312771,3233.2170509657108,595.5926146515784,680.6772738875181,553.0502850336084,3531.0133582915,2042.0318216625542,2765.2514251680423,1701.6931847187952,510.50795541563855,1361.3545477750363,1276.2698885390964,510.50795541563855,510.50795541563855,3658.6403471454096,510.50795541563855,553.0502850336084,382.88096656172894,510.50795541563855,510.50795541563855,3148.132391729771,978.4735812133072,808.3042627414277,1021.0159108312771,1191.1852293031568,255.25397770781927,808.3042627414277,1786.7778439547349,127.62698885390964,3190.674721347741,2552.539777078193,850.8465923593976,553.0502850336084,723.219603505488,1233.7275589211265,510.50795541563855,1063.558240449247,1318.8122181570664,297.7963073257892,297.7963073257892
SRR8557016,fbm,15042.93751850755,8172.934557299378,9860.823215872077,2901.984009475866,7136.511696772283,9771.986970684038,592.2416345869115,4885.993485342019,4116.079360379034,977.1986970684039,1273.3195143618598,1421.3799230085874,11815.220610008882,4086.467278649689,7314.184187148357,24074.62244595795,15783.23956174119,14657.980456026058,6070.476754515842,3731.122297897542,7669.529167900503,1776.7249037607344,2665.0873556411016,4767.545158424637,710.6899615042937,4382.588095943144,473.79330766952916,473.79330766952916,7136.511696772283,1569.4403316553153,2132.0698845128813,1154.8711874444773,1184.483269173823,6277.761326621261,1332.5436778205508,2043.2336393248445,1450.992004737933,2753.923600829138,4264.139769025763,2072.84572105419,266.50873556411017,1302.9315960912052,9623.92656203731,5093.278057447439,444.1812259401836,10512.289013917678,2102.4578027835355,384.9570624814924,2428.1907018063366,177.67249037607343,1125.2591057151317,2191.294047971572,3968.018951732307,1954.3973941368079,592.2416345869115,4027.243115190998,4086.467278649689,1184.483269173823,444.1812259401836,16375.4811963281,296.12081729345573,148.06040864672786,414.56914421083803,10156.944033165531,6366.597571809299,9594.314480307965,1747.1128220313888,4826.769321883328,6129.700917974534,12437.07432632514,11844.83269173823,2961.2081729345573,1066.0349422564407,384.9570624814924,2546.6390287237195,2517.0269469943737,2961.2081729345573,1984.0094758661535,2842.759846017175,2428.1907018063366,533.0174711282203,7462.244595795084,1628.6644951140065,1954.3973941368079,799.5262066923306,1332.5436778205508,296.12081729345573,16257.032869410717,2694.6994373704474,59.224163458691145,977.1986970684039,296.12081729345573,154782.35119928932,65827.65768433521,48978.38318033758,51465.798045602605,32750.9623926562,7106.8996150429375,5744.743855493041,355.34498075214685,39384.06870002961,2576.251110453065,1421.3799230085874,2783.535682558484,2665.0873556411016,13147.764287829435,8350.607047675452,10482.676932188333,947.5866153390583,858.7503701510216,1628.6644951140065,917.9745336097127,355.34498075214685,27657.684335208767,1717.5007403020431,6870.002961208173,5330.174711282203,6248.149244891915,3790.3464613562332,5655.907610305005,2576.251110453065,2398.5786200769912,4797.1572401539825,5715.1317737636955,9061.297009179745,118.44832691738229,888.3624518803672,799.5262066923306,236.89665383476458,2102.4578027835355,1421.3799230085874,621.8537163162571,1302.9315960912052,2813.1477642878294,829.1382884216761,1095.647023985786,947.5866153390583,3849.5706248149245,3109.268581581285,2132.0698845128813,2783.535682558484,562.6295528575658,858.7503701510216,947.5866153390583,562.6295528575658,562.6295528575658,2635.475273911756,2546.6390287237195,3405.389398874741,414.56914421083803,562.6295528575658,562.6295528575658,2309.7423748889546,1835.9490672194254,2043.2336393248445,621.8537163162571,2753.923600829138,325.7328990228013,592.2416345869115,3138.8806633106306,710.6899615042937,2161.6819662422267,2546.6390287237195,2102.4578027835355,592.2416345869115,1835.9490672194254,1006.8107787977495,562.6295528575658,2665.0873556411016,1154.8711874444773,917.9745336097127,888.3624518803672
SRR8557018,fbm,15377.420774647886,8280.149647887325,9160.43133802817,5391.725352112676,9930.677816901409,7399.867957746478,1430.4577464788733,5996.919014084507,5199.163732394366,330.1056338028169,412.6320422535211,1210.3873239436618,8885.343309859154,3218.529929577465,5199.163732394366,22997.359154929578,16780.36971830986,12901.62852112676,6382.042253521127,4071.3028169014083,8060.079225352113,2063.1602112676055,3878.741197183099,4208.846830985915,577.6848591549295,3356.0739436619715,302.59683098591546,962.8080985915493,5721.830985915493,2310.739436619718,1457.9665492957747,990.3169014084507,1705.5457746478871,6134.463028169013,1182.8785211267605,990.3169014084507,577.6848591549295,2860.9154929577467,2420.7746478873237,1953.125,220.07042253521126,495.15845070422534,11443.661971830987,4428.917253521127,467.6496478873239,12956.646126760563,2145.68661971831,605.1936619718309,1457.9665492957747,165.05281690140845,935.2992957746478,1843.0897887323943,5556.778169014085,1925.6161971830986,1650.5281690140844,5749.3397887323945,2640.845070422535,880.2816901408451,467.6496478873239,21181.778169014087,1347.931338028169,1430.4577464788733,302.59683098591546,8087.588028169013,6189.4806338028175,10260.783450704224,1870.5985915492956,4236.3556338028175,5199.163732394366,12048.855633802816,11443.661971830987,2668.3538732394363,935.2992957746478,412.6320422535211,2860.9154929577467,4043.7940140845067,4043.7940140845067,2503.3010563380285,3163.512323943662,1733.0545774647887,385.1232394366197,6519.586267605634,2888.424295774648,1402.948943661972,742.737676056338,1072.843309859155,275.0880281690141,18320.86267605634,3823.723591549296,605.1936619718309,632.7024647887324,110.03521126760563,159853.65316901408,67506.60211267606,49955.98591549296,53724.691901408456,31552.596830985913,7454.885563380281,6822.1830985915485,1210.3873239436618,37329.44542253521,2365.757042253521,1512.9841549295775,1843.0897887323943,2420.7746478873237,11856.294014084508,10370.81866197183,9380.50176056338,825.2640845070422,1210.3873239436618,2283.230633802817,907.7904929577464,1127.8609154929577,25088.028169014087,1595.5105633802818,5859.375,3246.0387323943664,5886.883802816901,3163.512323943662,4263.864436619719,2173.1954225352115,3356.0739436619715,5941.901408450704,6877.200704225353,8060.079225352113,385.1232394366197,880.2816901408451,522.6672535211267,797.7552816901409,2228.2130281690143,1568.0017605633805,1045.3345070422533,1292.9137323943662,2090.6690140845067,1155.369718309859,330.1056338028169,605.1936619718309,4456.4260563380285,1650.5281690140844,1623.0193661971832,3080.9859154929577,880.2816901408451,1457.9665492957747,1705.5457746478871,880.2816901408451,880.2816901408451,1925.6161971830986,935.2992957746478,1100.3521126760563,907.7904929577464,880.2816901408451,880.2816901408451,1678.0369718309857,1457.9665492957747,715.2288732394367,1815.5809859154929,1843.0897887323943,467.6496478873239,412.6320422535211,4043.7940140845067,687.7200704225352,2888.424295774648,3191.0211267605637,715.2288732394367,962.8080985915493,632.7024647887324,302.59683098591546,880.2816901408451,660.2112676056338,1870.5985915492956,275.0880281690141,275.0880281690141
SRR8557019,fbm,15330.495961087467,8034.395900286633,8555.54590462955,2822.8958568574653,6774.9500564579175,8729.262572743855,1085.7291757144096,3648.0500304004167,5211.500043429168,130.2875010857292,173.71666811430558,0.0,11682.44593068705,2475.4625206288542,5037.783375314862,24928.34187440285,22279.162685659692,11769.304264744202,4994.354208286285,3300.6166941718056,11812.733431772778,1216.016676800139,2301.745852514549,4429.775036914792,608.0083384000695,3257.1875271432295,998.870841657257,1172.5875097715625,3083.470859028924,2605.750021714584,2649.1791887431596,1085.7291757144096,738.2958394857986,5472.075045600625,1606.8791800573265,2258.3166854859724,1867.454182228785,4169.200034743334,4777.208373143403,1606.8791800573265,347.43333622861115,912.0125076001042,12985.32094154434,3040.0416920003477,564.5791713714931,10640.145922001217,2605.750021714584,1259.4458438287154,1216.016676800139,477.7208373143403,1172.5875097715625,651.437505428646,4560.062538000521,3300.6166941718056,1606.8791800573265,2996.612524971771,2909.7541909146184,1910.8833492573613,564.5791713714931,16155.650134630418,1216.016676800139,998.870841657257,564.5791713714931,5341.787544514897,6688.091722400764,12290.454269087119,1302.875010857292,3561.191696343264,6514.375054286459,10162.425084686876,11725.875097715625,1997.741683314514,1433.162511943021,477.7208373143403,2996.612524971771,3648.0500304004167,1389.7333449144446,1216.016676800139,4950.9250412577085,1433.162511943021,738.2958394857986,4733.7792061148275,2388.6041865717016,3648.0500304004167,998.870841657257,1476.5916789715973,217.14583514288196,20498.56683748806,2736.0375228003127,608.0083384000695,1433.162511943021,1129.1583427429862,153218.1012768175,60279.68383566403,49596.10874663424,48293.23373577695,31659.86276383219,6818.379223486493,4560.062538000521,998.870841657257,36871.36280726136,2692.608355771736,3083.470859028924,1302.875010857292,1780.595848171632,19065.404325545038,8729.262572743855,13376.183444801529,390.8625032571875,1520.0208460001738,868.5833405715279,1129.1583427429862,1042.3000086858335,30400.416920003474,304.00416920003477,9033.26674194389,7469.81672891514,5993.225049943542,2605.750021714584,5385.216711543472,2345.175019543125,2736.0375228003127,6253.800052115,7122.383392686528,7382.958394857987,173.71666811430558,2736.0375228003127,521.1500043429168,130.2875010857292,3300.6166941718056,1824.0250152002084,825.1541735429514,1606.8791800573265,1910.8833492573613,1259.4458438287154,1259.4458438287154,608.0083384000695,4212.62920177191,3126.9000260575,1129.1583427429862,2779.4666898288892,825.1541735429514,1172.5875097715625,1476.5916789715973,825.1541735429514,825.1541735429514,1650.3083470859028,738.2958394857986,1824.0250152002084,1042.3000086858335,825.1541735429514,825.1541735429514,1476.5916789715973,1954.3125162859378,912.0125076001042,1346.304177885868,2909.7541909146184,651.437505428646,694.8666724572223,3517.762529314688,1520.0208460001738,2692.608355771736,4212.62920177191,955.4416746286806,955.4416746286806,825.1541735429514,1476.5916789715973,825.1541735429514,1259.4458438287154,1780.595848171632,608.0083384000695,608.0083384000695
SRR8557020,fbm,14107.400251479745,10365.872358695986,7575.060569816297,2698.807004630907,6440.334897414666,6931.02708007483,1012.0526267365904,6378.9983745821455,4538.902689606526,460.0239212439047,582.696966908946,521.3604440764253,9323.151470543136,2514.7974361333454,4998.926610850431,24350.59956451069,16775.538994694394,12113.963259422824,7268.377955653694,5520.287054926856,9599.165823289479,2085.4417763057013,3036.1578802097706,5336.277486429294,582.696966908946,3618.854847118717,644.0334897414666,1104.0574109853712,3956.2057226975808,1165.393933817892,1717.4226393105776,1748.0909007268378,1686.754377894317,4170.883552611403,1134.7256724016315,1380.071763731714,950.7161039040697,4078.878768362621,3005.4896187935105,1257.3987180666727,214.6778299138222,1226.7304566504124,8679.11798080167,3925.5374612813202,184.00956849756187,9077.805379213052,1441.4082865642347,552.0287054926856,1196.0621952341521,245.34609133008252,460.0239212439047,2238.783083387003,4753.580519520348,1901.4322078081393,920.0478424878094,3496.1818014536757,2453.460913300825,705.3700125739872,184.00956849756187,23890.575643266784,306.6826141626031,92.00478424878094,306.6826141626031,9476.492777624437,6685.680988744748,10764.55975710737,2392.1243904683042,5673.628362008158,6286.993590333364,9967.184960284601,13034.011101910633,2545.465697549606,2024.1052534731807,705.3700125739872,2085.4417763057013,2545.465697549606,5673.628362008158,1625.4178550617967,3864.2009384487997,1840.0956849756187,368.01913699512374,5336.277486429294,3802.8644156162786,1717.4226393105776,674.7017511577268,1012.0526267365904,337.3508755788634,17879.59640567976,3250.8357101235933,429.3556598276444,552.0287054926856,460.0239212439047,160272.3341613764,59956.45106878891,51706.688747814886,51154.6600423222,34900.48149170424,7452.387524151256,7268.377955653694,1686.754377894317,33428.40494372374,3312.1722329561135,1840.0956849756187,3618.854847118717,2974.82135737725,8893.79581071549,8311.098843806545,12665.991964915509,705.3700125739872,1533.4130708130156,950.7161039040697,552.0287054926856,368.01913699512374,28828.16573128469,1073.389149569111,7851.0749225626405,3925.5374612813202,6532.339681663447,5520.287054926856,5550.9553163431165,3680.1913699512374,3189.4991872910728,5704.296623424419,6378.9983745821455,7973.747968227682,337.3508755788634,766.7065354065078,1012.0526267365904,337.3508755788634,2392.1243904683042,1134.7256724016315,1073.389149569111,1073.389149569111,3833.532677032539,1226.7304566504124,1134.7256724016315,1165.393933817892,5152.267917931733,2392.1243904683042,2668.138743214647,2606.8022203821265,950.7161039040697,1441.4082865642347,1594.7495936455364,950.7161039040697,950.7161039040697,3588.186585702457,828.0430582390284,1410.7400251479744,858.7113196552888,950.7161039040697,950.7161039040697,3097.4944030422917,1349.4035023154536,705.3700125739872,1196.0621952341521,2514.7974361333454,214.6778299138222,552.0287054926856,2177.446560554482,1073.389149569111,3036.1578802097706,3496.1818014536757,950.7161039040697,1073.389149569111,828.0430582390284,1012.0526267365904,950.7161039040697,1625.4178550617967,1901.4322078081393,674.7017511577268,828.0430582390284
SRR8557022,fbm,14148.910701460378,9552.310270529088,7517.356954752214,4309.312903998085,5865.453674886282,8522.863299018434,1340.675125688293,5578.166147953077,4500.8379219535545,837.9219535551831,1005.5063442662197,1843.428297821403,10390.232224084271,3375.6284414651664,6080.919320086186,25089.777352166628,14508.020110126885,12880.057457505387,8044.0507541297575,6080.919320086186,9001.675843907109,1747.6657888436678,3136.2221690208285,6176.681829063921,287.2875269332057,6320.325592530525,335.16878142207327,311.22815417763945,6918.841273641369,2370.1220971989464,2609.528369643285,622.4563083552789,2082.8345702657407,6224.563083552789,1627.9626526214986,1173.0907349772565,670.3375628441465,3495.3315776873355,3303.806559731865,1388.5563801771607,622.4563083552789,1053.3875987550875,9624.13215226239,5266.9379937754375,143.64376346660285,10007.18218817333,2370.1220971989464,502.75317213310984,2346.181469954513,335.16878142207327,287.2875269332057,4452.956667464688,3543.212832176203,718.2188173330142,957.6250897773522,4141.728513287048,2681.350251376586,167.58439071103663,143.64376346660285,30500.359109408666,359.1094086665071,430.93129039980846,861.8625807996169,11467.560450083793,6847.0193919080675,9839.597797462293,2633.4689968877187,5290.8786210198705,5338.759875508738,10318.41034235097,10485.994733062005,2274.3595882212117,1005.5063442662197,215.46564519990423,1627.9626526214986,2058.893943021307,4716.30356715346,1149.1501077328228,2202.53770648791,1029.4469715106536,790.0406990663156,6942.781900885803,2753.1721331098875,2106.775197510175,1508.2595163993296,1891.3095523102704,191.52501795547042,16255.685898970552,3423.5096959540338,239.40627244433804,742.159444577448,239.40627244433804,171319.1285611683,62125.92769930572,48264.30452477855,51113.23916686617,30428.537227675366,8786.210198707206,5817.572420397415,718.2188173330142,34642.08762269572,2848.9346420876227,933.6844625329184,3686.856595642806,2394.0627244433804,8498.922671774,8594.685180751736,11563.322959061526,1268.8532439549915,1244.9126167105578,574.5750538664114,239.40627244433804,550.6344266219775,23701.220971989467,2274.3595882212117,5913.33492937515,3327.747186976299,5889.394302130716,5434.522384486474,5410.58175724204,3806.559731864975,2968.637778309792,5649.988029686378,5673.9286569308115,9145.319607373713,598.5156811108451,430.93129039980846,1244.9126167105578,981.5657170217859,1197.0313622216902,1220.9719894661241,406.99066315537465,670.3375628441465,4357.194158486953,718.2188173330142,1532.2001436437633,1436.4376346660283,3064.4002872875267,2585.587742398851,3543.212832176203,1819.487670576969,406.99066315537465,670.3375628441465,957.6250897773522,406.99066315537465,406.99066315537465,4500.8379219535545,670.3375628441465,981.5657170217859,622.4563083552789,406.99066315537465,406.99066315537465,3878.381613598276,933.6844625329184,359.1094086665071,813.9813263107493,1220.9719894661241,406.99066315537465,406.99066315537465,3399.5690687096003,790.0406990663156,1388.5563801771607,1532.2001436437633,383.05003591094084,454.8719176442423,335.16878142207327,335.16878142207327,406.99066315537465,1484.318889154896,766.1000718218817,646.3969355997127,622.4563083552789
SRR8557023,fbm,13820.007257771864,11310.027821458812,6925.123986936011,3175.2751905165114,6259.828232732551,8044.030482641828,907.2214830047176,5110.681020926575,4778.033143824845,302.4071610015725,362.88859320188703,1844.6836821095924,13154.711503568406,2207.5722753114796,5927.180355630821,22317.64848191605,19293.576871900324,12217.24930446353,6743.679690335067,3054.3123261158826,8709.326236845289,2298.294423611951,2691.423732913995,3417.2009193177696,1028.1843474053467,2782.145881214467,483.851457602516,1149.1472118059755,4929.236724325631,1451.5543728075481,1542.2765211080198,1602.7579533083344,3598.645215918713,5292.125317527519,1149.1472118059755,1542.2765211080198,937.4621991048749,3901.0523769202855,2177.331559211322,1814.4429660094352,876.9807669045604,483.851457602516,9949.195596951735,4294.18168622233,604.814322003145,10795.935647756138,2268.053707511794,876.9807669045604,1723.7208177089633,272.1664449014153,937.4621991048749,1512.0358050078626,4263.940970122173,2540.220152413209,1542.2765211080198,4505.866698923431,3054.3123261158826,1270.1100762066044,604.814322003145,16904.560299987905,211.68501270110076,181.44429660094352,725.7771864037741,12066.045723962743,7076.327567436797,10856.417079956453,1632.9986694084917,6925.123986936011,5201.403169227047,9767.751300350792,15120.358050078627,2751.90516511431,2661.183016813838,272.1664449014153,3114.793758316197,3507.9230676182415,2691.423732913995,3296.2380549171403,2268.053707511794,2056.3686948106933,211.68501270110076,7076.327567436797,3175.2751905165114,1300.3507923067618,393.12930930204425,1058.4250635055039,181.44429660094352,18991.169710898754,2661.183016813838,211.68501270110076,756.0179025039313,393.12930930204425,155800.16934801015,63717.188823031334,52044.272408370634,55310.26974718761,37498.48796419499,7046.0868513366395,6471.513245433652,1179.3879279061327,34776.82351518084,3598.645215918713,1239.8693601064472,2903.1087456150963,2177.331559211322,11854.360711261643,9646.788435950162,10644.732067255352,756.0179025039313,1179.3879279061327,816.4993347042458,453.6107415023588,1451.5543728075481,23345.832829321396,1330.591508406919,5382.84746582799,6169.106084432079,5836.458207330349,3507.9230676182415,4263.940970122173,3507.9230676182415,2540.220152413209,6743.679690335067,6955.364703036168,8013.789766541672,725.7771864037741,695.5364703036167,1179.3879279061327,695.5364703036167,2177.331559211322,3296.2380549171403,453.6107415023588,1542.2765211080198,3749.8487964194996,574.5736059029878,423.3700254022015,1360.8322245070763,3961.5338091206,1693.480101608806,2207.5722753114796,2993.8308939155677,483.851457602516,695.5364703036167,786.2586186040885,483.851457602516,483.851457602516,3235.756622716826,1874.9243982097498,2298.294423611951,695.5364703036167,483.851457602516,483.851457602516,2812.3865973146244,1602.7579533083344,846.740050804403,1602.7579533083344,1693.480101608806,514.0921737026733,544.3328898028306,1481.7950889077053,544.3328898028306,3326.4787710172977,2509.979436313052,876.9807669045604,544.3328898028306,756.0179025039313,544.3328898028306,483.851457602516,1330.591508406919,967.702915205032,393.12930930204425,393.12930930204425
SRR8557025,fbm,13584.560624367305,7412.728994546583,8327.07442118669,3036.9330241974985,6367.762792672174,8327.07442118669,653.103876171505,3788.0024817947296,4212.520001306208,914.3454266401071,1208.2421709172845,163.27596904287626,9241.419847826797,2841.001861346047,6367.762792672174,23446.42915455703,17470.52868758776,11886.490546321393,6106.521242203573,4506.416745583385,10449.66201874408,2416.484341834569,3657.3817065604285,4212.520001306208,1077.6213956829833,3722.692094177579,751.0694575972309,653.103876171505,5094.2102341377395,1861.3460470887894,1894.0012408973648,1730.7252718544885,2416.484341834569,5616.693335074943,1469.4837213858866,2024.6220161316658,783.7246514058061,4408.451164157659,4049.2440322633315,2645.070698494596,195.93116285145152,979.6558142572576,9339.385429252523,5061.5550403291645,555.1382947457793,10057.799693041177,1698.070078045913,653.103876171505,1273.5525585344349,261.24155046860204,1273.5525585344349,751.0694575972309,4539.071939391961,1894.0012408973648,1110.2765894915585,3951.2784508376058,4343.140776540508,1730.7252718544885,555.1382947457793,34516.53985566404,457.17271332005356,326.5519380857525,261.24155046860204,7706.62573882376,5714.65891650067,9992.489305424027,1861.3460470887894,4832.968683669138,5192.175815563465,9176.109460209647,10188.420468275479,2253.2083727916925,1077.6213956829833,261.24155046860204,2220.553178983117,4441.106357966234,2743.0362799203212,1991.9668223230906,4212.520001306208,2089.9324037488163,163.27596904287626,5257.486203180616,2155.2427913659667,2220.553178983117,947.0006204486824,1338.8629461515854,163.27596904287626,18417.529308036443,4081.899226071907,228.58635666002678,555.1382947457793,130.62077523430102,175293.08036443198,59269.176762564086,43431.407765405085,48950.1355190543,29487.640009143455,8718.936746889594,5257.486203180616,751.0694575972309,36965.67939130719,2449.139535643144,1534.794109003037,2220.553178983117,3428.7953499004016,14596.871632433138,8849.557522123894,11298.697057767038,751.0694575972309,979.6558142572576,1926.65643470594,1012.3110080658329,1077.6213956829833,24262.808999771416,228.58635666002678,5355.451784606342,5028.899846520589,4571.727133200536,3951.2784508376058,5747.314110309244,1665.414884237338,2971.622636580348,6041.210854586421,5845.279691734971,6498.383567906475,228.58635666002678,1371.5181399601606,881.6902328315318,489.8279071286288,2808.3466675374716,1436.828527577311,1142.931783300134,1698.070078045913,2122.5875975573917,1436.828527577311,620.4486823629298,1012.3110080658329,5322.796590797766,2122.5875975573917,1273.5525585344349,3102.243411814649,1012.3110080658329,1371.5181399601606,1502.1389151944618,1012.3110080658329,1012.3110080658329,1208.2421709172845,1012.3110080658329,1404.1733337687358,620.4486823629298,1012.3110080658329,1012.3110080658329,1077.6213956829833,1698.070078045913,1240.8973647258597,1502.1389151944618,2873.657055154622,1142.931783300134,522.4831009372041,3265.5193808575254,718.4142637886555,3200.208993240375,4212.520001306208,1306.20775234301,1077.6213956829833,1142.931783300134,1306.20775234301,1012.3110080658329,1338.8629461515854,1600.1044966201875,947.0006204486824,947.0006204486824
SRR8557026,fbm,17747.131633979538,8619.227943254395,7262.7592833323915,4493.302435991635,7630.136212061267,9721.358729441023,3136.833776069632,6301.927315887639,3306.3923585598823,1186.9100774317526,1412.9881874187533,1441.2479511671281,8025.772904538518,3193.353303566382,6612.7847171197645,16164.584864070537,14779.856440400159,12010.399593059401,8732.266998247895,3475.950941050133,7375.798338325892,3080.314248572882,2543.3787373537557,4408.52314474651,649.9745662126264,3221.6130673147572,84.7792912451252,423.89645622562597,4917.198892217261,1695.5858249025039,1780.365116147629,1102.1307861866276,3080.314248572882,6951.901882100266,1384.728423670378,1639.0662974057536,791.2733849545018,3702.0290510371333,5425.874639688012,2091.2225173797547,706.4940937093767,1073.8710224382523,14808.116204148533,5708.472277171763,1526.0272424122534,14299.440456677783,2825.9763748375067,791.2733849545018,3843.3278697790083,113.03905499350026,2317.300627366755,3334.6521223082573,3984.6266885208843,2741.197083592381,593.4550387158763,5030.237947210761,3504.210704798508,2062.9627536313797,1526.0272424122534,16447.182501554285,169.5585824902504,141.29881874187532,734.7538574577516,9947.436839428023,7319.278810829141,9043.12439948002,2006.4432261346294,4295.484089753009,7799.694794551518,11303.905499350027,11897.360538065901,3052.0544848245067,847.7929124512519,254.3378737353756,2091.2225173797547,2571.638501102131,3334.6521223082573,1667.3260611541286,3278.1325948115073,1469.5077149155031,84.7792912451252,7743.175267054768,1752.105352399254,3956.366924772509,989.0917311931272,1299.9491324252529,28.259763748375065,13649.465890465155,2486.8592098570057,113.03905499350026,791.2733849545018,169.5585824902504,148476.79873396258,66184.3666986944,49369.80726841124,52195.78364324874,35013.847284236705,7149.7202283388915,6980.161645848641,423.89645622562597,38913.69468151246,2882.4959023342562,1299.9491324252529,3080.314248572882,2515.1189736053807,9806.138020686147,8958.345108234895,9099.64392697677,1045.6112586898773,1497.7674786638784,819.5331487028768,565.1952749675013,480.41598372237604,20403.549426326797,1102.1307861866276,7036.681173345391,2628.1580285988807,4747.64030972701,3871.587633527384,2995.5349573277567,2486.8592098570057,2006.4432261346294,4097.665743514384,5708.472277171763,9099.64392697677,1243.4296049285028,1271.6893686768778,2204.261572373255,480.41598372237604,2967.2751935793817,1723.8455886508789,367.3769287288758,3362.9118860566327,4521.56219974001,904.3124399480021,932.5722036963772,2571.638501102131,5991.0699146555135,2430.3396823602557,1667.3260611541286,3306.3923585598823,339.1171649805008,734.7538574577516,706.4940937093767,339.1171649805008,339.1171649805008,2543.3787373537557,3334.6521223082573,3786.8083422822588,1017.3514949415024,339.1171649805008,339.1171649805008,2232.52133612163,2599.8982648505057,2430.3396823602557,1073.8710224382523,2712.937319844006,536.9355112191262,339.1171649805008,2232.52133612163,1073.8710224382523,1921.6639348895042,4238.964562256259,2486.8592098570057,395.6366924772509,2176.00180862488,395.6366924772509,339.1171649805008,2317.300627366755,706.4940937093767,989.0917311931272,960.8319674447521
SRR8557030,fbm,16981.792717086835,10119.04761904762,7633.0532212885155,3431.372549019608,6442.577030812325,8858.543417366947,2065.826330532213,5952.380952380952,4726.8907563025205,1190.4761904761906,1435.5742296918768,455.18207282913164,10294.117647058823,2275.9103641456586,4516.806722689076,26470.58823529412,20973.389355742296,12464.98599439776,5567.226890756303,4446.778711484593,8578.431372549021,2380.952380952381,3606.4425770308126,5077.030812324931,630.2521008403362,3186.2745098039213,210.0840336134454,595.2380952380953,3501.40056022409,1575.6302521008404,1225.4901960784314,1190.4761904761906,1190.4761904761906,5392.156862745098,1050.4201680672268,980.3921568627451,700.2801120448179,4026.6106442577025,3746.498599439776,2591.0364145658264,490.19607843137254,910.3641456582633,8718.487394957983,3081.2324929971987,175.07002801120447,11239.495798319327,2170.8683473389356,945.3781512605042,1155.4621848739496,700.2801120448179,1015.4061624649861,2380.952380952381,4936.9747899159665,1505.6022408963586,875.3501400560225,2731.09243697479,2415.9663865546217,700.2801120448179,175.07002801120447,17331.932773109245,735.2941176470588,595.2380952380953,420.1680672268908,7352.941176470588,6127.450980392156,10504.20168067227,2275.9103641456586,4341.736694677871,7002.80112044818,10539.21568627451,15021.008403361346,3116.24649859944,665.2661064425771,385.15406162464984,3396.358543417367,4061.6246498599444,3186.2745098039213,2100.8403361344535,3256.3025210084033,1015.4061624649861,420.1680672268908,5217.086834733893,3501.40056022409,1995.798319327731,560.2240896358543,875.3501400560225,245.09803921568627,22408.963585434172,5007.002801120449,245.09803921568627,735.2941176470588,1260.5042016806724,154166.6666666667,58823.529411764706,50560.224089635856,49299.71988795518,35504.20168067227,8228.29131652661,7177.871148459383,1680.6722689075632,32563.025210084037,2556.0224089635853,1645.6582633053222,1995.798319327731,2170.8683473389356,9593.837535014007,6617.64705882353,8683.473389355742,875.3501400560225,1715.686274509804,1260.5042016806724,1435.5742296918768,1015.4061624649861,31757.703081232492,1260.5042016806724,9103.641456582634,5707.282913165266,4761.904761904762,4376.750700280112,6337.5350140056025,1365.546218487395,4061.6246498599444,6757.703081232493,7002.80112044818,7492.997198879552,210.0840336134454,2240.896358543417,560.2240896358543,490.19607843137254,2521.008403361345,1925.7703081232494,1120.4481792717086,1085.4341736694678,2380.952380952381,1575.6302521008404,770.3081232492997,630.2521008403362,5462.18487394958,3956.582633053221,1225.4901960784314,3186.2745098039213,1015.4061624649861,1470.5882352941176,1155.4621848739496,1015.4061624649861,1015.4061624649861,1330.5322128851542,805.3221288515406,1050.4201680672268,875.3501400560225,1015.4061624649861,1015.4061624649861,1050.4201680672268,1715.686274509804,980.3921568627451,1155.4621848739496,3081.2324929971987,875.3501400560225,945.3781512605042,3886.5546218487398,1120.4481792717086,3221.2885154061623,3991.596638655462,1225.4901960784314,1085.4341736694678,1050.4201680672268,525.2100840336134,1015.4061624649861,1085.4341736694678,1925.7703081232494,385.15406162464984,1050.4201680672268
