sample_id,group,00010,00020,00030,00040,00051,00052,00053,00061,00071,00120,00121,00130,00190,00195,00220,00230,00240,00250,00260,00261,00270,00280,00290,00300,00310,00330,00332,00333,00340,00350,00360,00362,00380,00400,00401,00410,00430,00450,00460,00471,00473,00480,00500,00511,00513,00520,00521,00523,00524,00525,00531,00540,00550,00561,00562,00564,00600,00603,00604,00620,00625,00626,00627,00630,00640,00650,00660,00670,00680,00710,00720,00730,00740,00750,00760,00770,00780,00790,00860,00900,00908,00910,00920,00940,00950,00960,00966,00970,00983,01040,01051,01055,01100,01110,01120,01130,01200,01210,01212,01220,01230,01501,01502,01503,01523,02010,02020,02024,02025,02026,02030,02040,02060,03010,03013,03018,03020,03030,03060,03070,03320,03410,03420,03430,03440,04016,04066,04068,04070,04112,04122,04141,04142,04146,04151,04152,04211,04212,04213,04216,04217,04612,04621,04626,04657,04659,04714,04724,04727,04910,04914,04915,04920,04922,04930,04931,04940,04964,05010,05111,05120,05134,05152,05165,05200,05203,05206,05215,05230,05418,ko00010,ko00020,ko00030,ko00040,ko00051,ko00052,ko00053,ko00061,ko00071,ko00120,ko00121,ko00130,ko00190,ko00195,ko00220,ko00230,ko00240,ko00250,ko00260,ko00261,ko00270,ko00280,ko00290,ko00300,ko00310,ko00330,ko00332,ko00333,ko00340,ko00350,ko00360,ko00362,ko00380,ko00400,ko00401,ko00410,ko00430,ko00450,ko00460,ko00471,ko00473,ko00480,ko00500,ko00511,ko00513,ko00520,ko00521,ko00523,ko00524,ko00525,ko00531,ko00540,ko00550,ko00561,ko00562,ko00564,ko00600,ko00603,ko00604,ko00620,ko00625,ko00626,ko00627,ko00630,ko00640,ko00650,ko00660,ko00670,ko00680,ko00710,ko00720,ko00730,ko00740,ko00750,ko00760,ko00770,ko00780,ko00790,ko00860,ko00900,ko00908,ko00910,ko00920,ko00940,ko00950,ko00960,ko00966,ko00970,ko00983,ko01040,ko01051,ko01055,ko01100,ko01110,ko01120,ko01130,ko01200,ko01210,ko01212,ko01220,ko01230,ko01501,ko01502,ko01503,ko01523,ko02010,ko02020,ko02024,ko02025,ko02026,ko02030,ko02040,ko02060,ko03010,ko03013,ko03018,ko03020,ko03030,ko03060,ko03070,ko03320,ko03410,ko03420,ko03430,ko03440,ko04016,ko04066,ko04068,ko04070,ko04112,ko04122,ko04141,ko04142,ko04146,ko04151,ko04152,ko04211,ko04212,ko04213,ko04216,ko04217,ko04612,ko04621,ko04626,ko04657,ko04659,ko04714,ko04724,ko04727,ko04910,ko04914,ko04915,ko04920,ko04922,ko04930,ko04931,ko04940,ko04964,ko05010,ko05111,ko05120,ko05134,ko05152,ko05165,ko05200,ko05203,ko05206,ko05215,ko05230,ko05418,04013,05016,ko04013,ko05016
ERR911956,controle,1504,556,1250,576,851,1099,257,403,185,39,47,81,779,259,743,2765,2197,1555,1308,303,1005,144,761,693,122,360,48,107,285,254,276,28,30,851,367,268,162,345,341,82,41,193,1116,370,35,1250,591,359,157,123,54,201,442,190,94,282,307,90,35,1127,52,36,20,705,435,464,294,302,1313,630,879,314,257,153,379,766,367,297,264,257,25,534,336,266,168,236,49,1351,290,24,144,46,17218,7859,5096,6718,3316,1175,396,90,5041,324,156,228,156,951,853,1045,23,239,102,112,123,3164,87,1194,316,872,468,795,119,332,700,809,1073,140,209,29,33,354,122,79,49,174,50,36,26,396,132,118,297,36,125,116,36,36,90,174,188,68,36,36,98,132,63,155,87,44,44,237,101,258,290,62,42,67,41,36,117,138,1504,556,1250,576,851,1099,257,403,185,39,47,81,779,259,743,2765,2197,1555,1308,303,1005,144,761,693,122,360,48,107,285,254,276,28,30,851,367,268,162,345,341,82,41,193,1116,370,35,1250,591,359,157,123,54,201,442,190,94,282,307,90,35,1127,52,36,20,705,435,464,294,302,1313,630,879,314,257,153,379,766,367,297,264,257,25,534,336,266,168,236,49,1351,290,24,144,46,17218,7859,5096,6718,3316,1175,396,90,5041,324,156,228,156,951,853,1045,23,239,102,112,123,3164,87,1194,316,872,468,795,119,332,700,809,1073,140,209,29,33,354,122,79,49,174,50,36,26,396,132,118,297,36,125,116,36,36,90,174,188,68,36,36,98,132,63,155,87,44,44,237,101,258,290,62,42,67,41,36,117,138,18,19,18,19
ERR911979,controle,1487,395,1171,589,819,925,172,373,213,81,98,33,881,589,583,2830,1835,1084,901,373,740,123,745,581,76,357,72,61,92,133,98,38,14,946,85,61,354,647,419,85,30,100,1489,146,9,1672,676,598,31,344,44,54,732,369,93,758,159,46,10,1937,45,31,23,731,567,355,194,486,1440,966,1465,334,275,85,342,473,150,695,543,510,42,407,538,347,42,66,26,1897,396,36,131,145,18445,7619,5385,6714,3432,1030,327,81,4619,509,127,144,211,1589,1182,1214,163,144,130,26,200,3331,49,1511,250,446,470,855,171,270,693,532,736,20,253,18,121,154,256,114,16,156,76,40,16,343,436,78,299,65,735,250,65,65,64,93,98,67,65,65,70,86,16,149,149,54,15,249,168,312,304,15,62,17,36,65,65,823,1487,395,1171,589,819,925,172,373,213,81,98,33,881,589,583,2830,1835,1084,901,373,740,123,745,581,76,357,72,61,92,133,98,38,14,946,85,61,354,647,419,85,30,100,1489,146,9,1672,676,598,31,344,44,54,732,369,93,758,159,46,10,1937,45,31,23,731,567,355,194,486,1440,966,1465,334,275,85,342,473,150,695,543,510,42,407,538,347,42,66,26,1897,396,36,131,145,18445,7619,5385,6714,3432,1030,327,81,4619,509,127,144,211,1589,1182,1214,163,144,130,26,200,3331,49,1511,250,446,470,855,171,270,693,532,736,20,253,18,121,154,256,114,16,156,76,40,16,343,436,78,299,65,735,250,65,65,64,93,98,67,65,65,70,86,16,149,149,54,15,249,168,312,304,15,62,17,36,65,65,823,0,0,0,0
ERR911990,controle,1224,401,1104,588,851,908,245,435,167,50,60,27,607,247,774,2135,1631,1439,1059,218,812,76,570,508,173,383,40,146,246,236,255,47,33,710,285,243,149,275,313,86,48,201,1064,320,51,1168,416,225,108,149,75,115,402,215,90,238,279,126,51,1087,40,29,34,589,427,379,278,313,1116,664,778,302,146,122,287,614,388,227,243,227,51,540,358,208,169,219,17,1236,288,43,152,52,15065,6172,4400,5497,2813,945,421,89,4097,278,185,133,147,995,887,907,80,187,67,79,227,2499,63,946,209,518,343,530,139,236,596,563,776,68,140,44,19,303,142,70,86,198,31,24,40,348,160,131,253,20,127,108,20,20,100,128,138,45,20,20,109,107,61,98,78,62,22,105,51,173,251,61,64,65,59,20,113,174,1224,401,1104,588,851,908,245,435,167,50,60,27,607,247,774,2135,1631,1439,1059,218,812,76,570,508,173,383,40,146,246,236,255,47,33,710,285,243,149,275,313,86,48,201,1064,320,51,1168,416,225,108,149,75,115,402,215,90,238,279,126,51,1087,40,29,34,589,427,379,278,313,1116,664,778,302,146,122,287,614,388,227,243,227,51,540,358,208,169,219,17,1236,288,43,152,52,15065,6172,4400,5497,2813,945,421,89,4097,278,185,133,147,995,887,907,80,187,67,79,227,2499,63,946,209,518,343,530,139,236,596,563,776,68,140,44,19,303,142,70,86,198,31,24,40,348,160,131,253,20,127,108,20,20,100,128,138,45,20,20,109,107,61,98,78,62,22,105,51,173,251,61,64,65,59,20,113,174,25,26,25,26
ERR911991,controle,1273,342,949,539,1050,992,239,311,123,34,41,30,534,217,599,1851,1556,1356,962,207,727,69,579,472,135,300,50,96,221,146,217,55,30,605,234,190,96,294,197,66,56,151,965,293,31,1210,340,173,82,116,43,60,358,166,55,184,307,90,27,847,25,18,13,483,226,314,301,303,1248,638,654,284,43,129,284,545,325,240,247,236,33,441,250,105,126,150,48,968,219,19,107,45,13561,5728,3825,5047,2481,888,312,58,3968,255,124,103,112,828,661,753,29,215,158,167,106,2337,81,840,171,413,332,505,104,269,498,514,585,51,146,54,16,316,99,81,39,179,70,36,47,245,194,106,256,42,85,83,41,41,80,129,136,85,41,42,90,132,45,129,59,39,23,200,78,132,173,45,40,48,47,41,94,125,1273,342,949,539,1050,992,239,311,123,34,41,30,534,217,599,1851,1556,1356,962,207,727,69,579,472,135,300,50,96,221,146,217,55,30,605,234,190,96,294,197,66,56,151,965,293,31,1210,340,173,82,116,43,60,358,166,55,184,307,90,27,847,25,18,13,483,226,314,301,303,1248,638,654,284,43,129,284,545,325,240,247,236,33,441,250,105,126,150,48,968,219,19,107,45,13561,5728,3825,5047,2481,888,312,58,3968,255,124,103,112,828,661,753,29,215,158,167,106,2337,81,840,171,413,332,505,104,269,498,514,585,51,146,54,16,316,99,81,39,179,70,36,47,245,194,106,256,42,85,83,41,41,80,129,136,85,41,42,90,132,45,129,59,39,23,200,78,132,173,45,40,48,47,41,94,125,36,38,36,38
ERR911995,controle,1501,531,1097,400,966,891,121,303,213,37,45,44,805,343,643,2371,2080,1432,755,164,669,126,425,408,153,282,70,103,390,174,145,79,19,505,170,145,100,304,316,94,79,88,1034,345,53,1123,467,339,79,234,67,179,419,255,142,263,289,105,53,1414,67,47,14,501,325,464,167,392,1096,968,1107,233,143,106,318,473,143,281,365,293,48,383,248,187,73,91,19,1404,209,23,71,88,15193,6171,4485,5390,3071,709,345,125,3895,301,157,176,102,1303,777,938,15,245,81,57,71,3664,48,1022,354,627,314,713,115,373,436,554,824,89,180,23,37,322,117,103,78,123,84,54,17,333,105,84,268,53,159,162,53,53,62,129,142,118,53,53,70,117,10,150,86,53,45,146,59,263,270,9,55,10,87,53,89,186,1501,531,1097,400,966,891,121,303,213,37,45,44,805,343,643,2371,2080,1432,755,164,669,126,425,408,153,282,70,103,390,174,145,79,19,505,170,145,100,304,316,94,79,88,1034,345,53,1123,467,339,79,234,67,179,419,255,142,263,289,105,53,1414,67,47,14,501,325,464,167,392,1096,968,1107,233,143,106,318,473,143,281,365,293,48,383,248,187,73,91,19,1404,209,23,71,88,15193,6171,4485,5390,3071,709,345,125,3895,301,157,176,102,1303,777,938,15,245,81,57,71,3664,48,1022,354,627,314,713,115,373,436,554,824,89,180,23,37,322,117,103,78,123,84,54,17,333,105,84,268,53,159,162,53,53,62,129,142,118,53,53,70,117,10,150,86,53,45,146,59,263,270,9,55,10,87,53,89,186,8,9,8,9
ERR912003,controle,1484,466,1084,743,674,1230,243,558,177,26,31,59,766,302,763,3054,2094,1707,1229,364,1169,110,772,748,201,467,82,239,278,226,239,46,46,850,365,231,177,515,363,65,88,184,1300,513,63,1442,491,196,127,105,98,168,556,231,50,254,414,138,63,1287,52,33,42,680,442,422,355,320,1263,606,882,349,210,192,453,670,471,307,317,292,58,592,473,301,173,222,41,1389,270,29,100,44,18485,7655,4967,6737,3077,1172,552,89,5050,441,222,301,133,1107,855,1123,24,332,83,46,111,3181,160,1382,244,807,484,833,141,332,659,685,1121,60,171,78,33,336,108,70,88,246,72,53,76,417,216,136,305,51,85,146,51,51,106,173,180,71,51,51,114,185,115,157,71,29,34,234,94,161,297,114,48,123,50,51,155,112,1484,466,1084,743,674,1230,243,558,177,26,31,59,766,302,763,3054,2094,1707,1229,364,1169,110,772,748,201,467,82,239,278,226,239,46,46,850,365,231,177,515,363,65,88,184,1300,513,63,1442,491,196,127,105,98,168,556,231,50,254,414,138,63,1287,52,33,42,680,442,422,355,320,1263,606,882,349,210,192,453,670,471,307,317,292,58,592,473,301,173,222,41,1389,270,29,100,44,18485,7655,4967,6737,3077,1172,552,89,5050,441,222,301,133,1107,855,1123,24,332,83,46,111,3181,160,1382,244,807,484,833,141,332,659,685,1121,60,171,78,33,336,108,70,88,246,72,53,76,417,216,136,305,51,85,146,51,51,106,173,180,71,51,51,114,185,115,157,71,29,34,234,94,161,297,114,48,123,50,51,155,112,64,68,64,68
ERR912047,controle,360,140,477,133,377,337,36,110,55,21,25,16,344,111,274,572,638,456,300,34,344,19,145,80,37,173,15,9,67,121,134,58,12,316,134,20,38,70,159,58,15,35,428,109,55,571,246,178,26,135,89,105,154,72,51,140,88,83,55,445,17,12,10,177,173,139,54,109,295,361,339,90,80,55,121,96,45,130,234,64,14,141,56,123,119,117,16,535,67,23,141,54,5742,2232,1599,1839,1065,264,108,80,1388,192,47,47,53,526,538,457,6,140,27,69,69,1470,15,298,67,170,154,325,47,114,347,362,313,25,42,6,20,196,63,19,57,49,21,4,0,181,17,48,82,18,79,92,18,18,31,28,29,10,18,18,35,14,7,16,41,20,11,37,18,144,103,7,16,8,87,18,11,55,360,140,477,133,377,337,36,110,55,21,25,16,344,111,274,572,638,456,300,34,344,19,145,80,37,173,15,9,67,121,134,58,12,316,134,20,38,70,159,58,15,35,428,109,55,571,246,178,26,135,89,105,154,72,51,140,88,83,55,445,17,12,10,177,173,139,54,109,295,361,339,90,80,55,121,96,45,130,234,64,14,141,56,123,119,117,16,535,67,23,141,54,5742,2232,1599,1839,1065,264,108,80,1388,192,47,47,53,526,538,457,6,140,27,69,69,1470,15,298,67,170,154,325,47,114,347,362,313,25,42,6,20,196,63,19,57,49,21,4,0,181,17,48,82,18,79,92,18,18,31,28,29,10,18,18,35,14,7,16,41,20,11,37,18,144,103,7,16,8,87,18,11,55,0,0,0,0
ERR912079,controle,1003,295,727,489,552,767,73,270,138,11,13,22,484,238,420,1570,1499,843,363,46,576,50,418,253,85,273,64,79,246,149,104,31,21,365,142,50,29,214,209,55,47,98,875,230,18,677,299,104,84,63,37,60,372,92,141,141,198,40,18,890,52,39,16,283,144,257,169,331,591,650,618,160,34,111,149,277,258,153,340,155,13,222,140,100,35,101,58,1114,181,34,84,26,10475,4045,2756,3480,1834,591,275,78,2782,170,136,102,115,930,551,636,13,130,67,25,90,2619,40,822,205,327,170,425,81,302,362,301,432,21,89,20,25,291,47,112,52,122,60,22,12,498,44,84,204,52,81,78,49,49,63,86,90,55,49,52,72,79,14,69,141,32,29,146,37,385,407,14,56,15,43,49,39,82,1003,295,727,489,552,767,73,270,138,11,13,22,484,238,420,1570,1499,843,363,46,576,50,418,253,85,273,64,79,246,149,104,31,21,365,142,50,29,214,209,55,47,98,875,230,18,677,299,104,84,63,37,60,372,92,141,141,198,40,18,890,52,39,16,283,144,257,169,331,591,650,618,160,34,111,149,277,258,153,340,155,13,222,140,100,35,101,58,1114,181,34,84,26,10475,4045,2756,3480,1834,591,275,78,2782,170,136,102,115,930,551,636,13,130,67,25,90,2619,40,822,205,327,170,425,81,302,362,301,432,21,89,20,25,291,47,112,52,122,60,22,12,498,44,84,204,52,81,78,49,49,63,86,90,55,49,52,72,79,14,69,141,32,29,146,37,385,407,14,56,15,43,49,39,82,0,0,0,0
ERR912133,controle,1117,384,760,373,649,785,120,305,90,27,32,45,603,237,505,2135,1603,1062,820,182,882,129,836,444,103,411,109,177,290,125,180,151,29,462,170,97,108,413,202,95,46,62,886,304,27,995,412,257,74,199,31,162,484,186,70,260,355,106,27,932,31,17,9,509,299,465,470,312,1106,508,801,297,56,108,268,486,149,283,231,240,20,344,265,145,118,124,52,1038,250,11,88,59,13297,5591,3891,4847,2434,1007,293,53,3877,238,184,233,114,1135,1011,983,28,190,217,170,124,2891,72,1009,223,602,385,620,62,232,441,545,820,110,190,12,30,370,135,66,51,50,90,28,12,287,90,39,262,72,185,128,73,73,26,134,140,87,73,73,27,115,30,145,68,39,28,114,100,150,231,29,72,31,103,73,86,195,1117,384,760,373,649,785,120,305,90,27,32,45,603,237,505,2135,1603,1062,820,182,882,129,836,444,103,411,109,177,290,125,180,151,29,462,170,97,108,413,202,95,46,62,886,304,27,995,412,257,74,199,31,162,484,186,70,260,355,106,27,932,31,17,9,509,299,465,470,312,1106,508,801,297,56,108,268,486,149,283,231,240,20,344,265,145,118,124,52,1038,250,11,88,59,13297,5591,3891,4847,2434,1007,293,53,3877,238,184,233,114,1135,1011,983,28,190,217,170,124,2891,72,1009,223,602,385,620,62,232,441,545,820,110,190,12,30,370,135,66,51,50,90,28,12,287,90,39,262,72,185,128,73,73,26,134,140,87,73,73,27,115,30,145,68,39,28,114,100,150,231,29,72,31,103,73,86,195,6,6,6,6
ERR912200,controle,1789,437,978,614,688,841,116,245,258,97,117,64,619,374,582,2680,2045,1275,773,266,952,123,774,516,82,371,65,32,225,240,157,44,17,539,87,56,156,458,436,127,79,75,1298,250,18,1304,403,309,27,241,23,21,431,329,141,361,220,59,18,1587,109,77,44,710,406,337,244,301,1152,881,1140,259,78,148,334,585,146,328,337,247,45,454,403,359,38,85,102,1863,490,12,135,101,16158,6885,4890,6102,3260,1131,261,164,4392,282,251,118,148,1370,1134,1119,100,106,158,186,143,3669,45,1287,274,533,383,742,145,219,543,545,636,26,285,17,31,333,156,182,49,106,45,24,5,339,85,50,309,32,391,220,33,33,34,99,103,65,33,32,43,70,18,212,144,86,17,76,195,303,284,17,30,19,69,33,48,390,1789,437,978,614,688,841,116,245,258,97,117,64,619,374,582,2680,2045,1275,773,266,952,123,774,516,82,371,65,32,225,240,157,44,17,539,87,56,156,458,436,127,79,75,1298,250,18,1304,403,309,27,241,23,21,431,329,141,361,220,59,18,1587,109,77,44,710,406,337,244,301,1152,881,1140,259,78,148,334,585,146,328,337,247,45,454,403,359,38,85,102,1863,490,12,135,101,16158,6885,4890,6102,3260,1131,261,164,4392,282,251,118,148,1370,1134,1119,100,106,158,186,143,3669,45,1287,274,533,383,742,145,219,543,545,636,26,285,17,31,333,156,182,49,106,45,24,5,339,85,50,309,32,391,220,33,33,34,99,103,65,33,32,43,70,18,212,144,86,17,76,195,303,284,17,30,19,69,33,48,390,0,0,0,0
SRR24907834,controle,966,369,826,367,690,805,77,153,87,30,36,23,477,285,443,1701,1364,753,695,113,635,49,509,312,112,296,12,41,209,163,156,82,3,499,148,63,115,268,242,54,26,175,900,140,32,825,556,382,75,268,44,29,302,182,146,176,187,81,32,742,38,21,0,346,148,288,266,268,948,480,642,231,100,218,216,412,123,248,317,317,21,262,206,197,103,143,91,1143,208,21,86,54,11246,4990,3229,4259,2107,919,147,42,3283,226,99,100,87,1187,726,767,16,109,88,165,84,2922,55,828,120,484,180,605,114,284,473,477,865,59,133,32,42,272,141,142,75,163,78,43,20,205,179,36,198,70,301,289,69,69,22,68,69,25,69,69,37,42,12,52,54,71,13,53,112,365,116,11,66,12,105,69,77,135,966,369,826,367,690,805,77,153,87,30,36,23,477,285,443,1701,1364,753,695,113,635,49,509,312,112,296,12,41,209,163,156,82,3,499,148,63,115,268,242,54,26,175,900,140,32,825,556,382,75,268,44,29,302,182,146,176,187,81,32,742,38,21,0,346,148,288,266,268,948,480,642,231,100,218,216,412,123,248,317,317,21,262,206,197,103,143,91,1143,208,21,86,54,11246,4990,3229,4259,2107,919,147,42,3283,226,99,100,87,1187,726,767,16,109,88,165,84,2922,55,828,120,484,180,605,114,284,473,477,865,59,133,32,42,272,141,142,75,163,78,43,20,205,179,36,198,70,301,289,69,69,22,68,69,25,69,69,37,42,12,52,54,71,13,53,112,365,116,11,66,12,105,69,77,135,17,16,17,16
SRR24907871,controle,1005,406,879,345,693,911,75,240,206,0,0,36,551,197,428,1878,1483,774,572,110,603,64,446,208,60,278,33,42,191,137,156,39,12,450,127,67,141,373,259,44,18,148,802,189,32,764,464,316,83,212,45,68,334,233,110,164,243,122,32,746,55,17,4,348,268,325,215,308,873,487,676,222,134,184,262,405,155,293,289,256,3,282,191,243,81,124,68,986,198,17,140,61,11327,4857,3192,4174,2004,732,238,41,2922,194,133,103,67,781,676,740,13,74,82,124,83,2495,17,828,132,523,266,553,157,256,499,558,699,57,122,48,16,306,127,87,65,170,50,45,31,224,171,90,184,39,183,208,39,39,79,97,100,38,39,39,101,43,1,74,40,62,9,71,107,341,123,1,38,1,78,39,44,91,1005,406,879,345,693,911,75,240,206,0,0,36,551,197,428,1878,1483,774,572,110,603,64,446,208,60,278,33,42,191,137,156,39,12,450,127,67,141,373,259,44,18,148,802,189,32,764,464,316,83,212,45,68,334,233,110,164,243,122,32,746,55,17,4,348,268,325,215,308,873,487,676,222,134,184,262,405,155,293,289,256,3,282,191,243,81,124,68,986,198,17,140,61,11327,4857,3192,4174,2004,732,238,41,2922,194,133,103,67,781,676,740,13,74,82,124,83,2495,17,828,132,523,266,553,157,256,499,558,699,57,122,48,16,306,127,87,65,170,50,45,31,224,171,90,184,39,183,208,39,39,79,97,100,38,39,39,101,43,1,74,40,62,9,71,107,341,123,1,38,1,78,39,44,91,26,24,26,24
SRR24907892,controle,367,107,293,140,337,366,29,74,71,9,10,22,141,33,114,696,523,303,262,23,203,13,219,120,46,143,19,11,73,40,47,25,4,189,33,16,33,114,56,31,19,41,347,88,19,339,185,128,24,67,40,11,156,69,42,79,91,45,19,213,10,12,1,162,87,121,106,121,345,135,183,92,60,61,114,222,59,105,125,143,3,109,57,43,24,35,27,410,98,7,30,17,4462,2070,1091,1738,680,302,70,33,1200,125,68,37,54,348,244,409,9,55,38,46,39,1025,6,258,36,146,139,230,29,80,158,178,202,34,21,9,7,130,49,22,44,42,18,0,8,119,51,44,61,17,68,69,17,17,21,11,11,13,17,17,22,15,3,21,40,28,4,46,47,124,69,3,18,3,36,17,20,29,367,107,293,140,337,366,29,74,71,9,10,22,141,33,114,696,523,303,262,23,203,13,219,120,46,143,19,11,73,40,47,25,4,189,33,16,33,114,56,31,19,41,347,88,19,339,185,128,24,67,40,11,156,69,42,79,91,45,19,213,10,12,1,162,87,121,106,121,345,135,183,92,60,61,114,222,59,105,125,143,3,109,57,43,24,35,27,410,98,7,30,17,4462,2070,1091,1738,680,302,70,33,1200,125,68,37,54,348,244,409,9,55,38,46,39,1025,6,258,36,146,139,230,29,80,158,178,202,34,21,9,7,130,49,22,44,42,18,0,8,119,51,44,61,17,68,69,17,17,21,11,11,13,17,17,22,15,3,21,40,28,4,46,47,124,69,3,18,3,36,17,20,29,7,6,7,6
SRR24907906,controle,268,132,246,88,209,224,23,71,41,0,0,5,165,51,113,546,456,245,156,46,167,17,147,80,16,95,17,12,57,38,38,8,0,126,33,39,44,97,58,22,11,29,212,63,8,267,162,109,18,86,15,11,69,41,31,41,71,20,8,194,17,3,0,104,71,106,62,88,216,129,201,68,21,32,70,160,47,69,95,66,5,83,66,37,25,33,14,359,65,6,43,41,3148,1359,921,1235,578,225,67,6,801,56,35,31,40,260,171,224,8,25,29,22,17,715,5,218,44,170,69,206,45,84,127,153,185,20,31,7,2,87,42,16,12,46,13,8,6,81,41,38,63,12,35,41,12,12,36,23,32,11,12,12,38,12,1,19,24,32,11,29,34,80,56,1,14,1,31,12,19,22,268,132,246,88,209,224,23,71,41,0,0,5,165,51,113,546,456,245,156,46,167,17,147,80,16,95,17,12,57,38,38,8,0,126,33,39,44,97,58,22,11,29,212,63,8,267,162,109,18,86,15,11,69,41,31,41,71,20,8,194,17,3,0,104,71,106,62,88,216,129,201,68,21,32,70,160,47,69,95,66,5,83,66,37,25,33,14,359,65,6,43,41,3148,1359,921,1235,578,225,67,6,801,56,35,31,40,260,171,224,8,25,29,22,17,715,5,218,44,170,69,206,45,84,127,153,185,20,31,7,2,87,42,16,12,46,13,8,6,81,41,38,63,12,35,41,12,12,36,23,32,11,12,12,38,12,1,19,24,32,11,29,34,80,56,1,14,1,31,12,19,22,5,5,5,5
SRR24907908,controle,384,104,323,172,293,350,45,63,33,3,4,10,117,51,156,581,447,292,242,32,243,19,218,127,67,156,10,20,88,69,78,36,4,157,61,22,30,129,95,8,6,56,316,120,22,363,183,143,17,97,52,16,118,63,32,35,105,32,22,269,12,6,0,120,60,109,121,107,347,135,165,78,48,54,51,156,83,100,99,89,0,105,60,94,46,66,26,420,90,13,17,35,4113,1791,1104,1515,643,317,61,33,1127,51,50,29,35,270,237,144,3,41,28,24,53,1001,0,231,37,149,80,131,20,109,170,139,229,27,34,16,2,110,41,27,62,34,21,5,14,94,56,15,58,20,56,57,20,20,6,20,20,11,20,20,8,12,2,14,7,9,4,58,21,77,39,2,20,2,45,20,45,31,384,104,323,172,293,350,45,63,33,3,4,10,117,51,156,581,447,292,242,32,243,19,218,127,67,156,10,20,88,69,78,36,4,157,61,22,30,129,95,8,6,56,316,120,22,363,183,143,17,97,52,16,118,63,32,35,105,32,22,269,12,6,0,120,60,109,121,107,347,135,165,78,48,54,51,156,83,100,99,89,0,105,60,94,46,66,26,420,90,13,17,35,4113,1791,1104,1515,643,317,61,33,1127,51,50,29,35,270,237,144,3,41,28,24,53,1001,0,231,37,149,80,131,20,109,170,139,229,27,34,16,2,110,41,27,62,34,21,5,14,94,56,15,58,20,56,57,20,20,6,20,20,11,20,20,8,12,2,14,7,9,4,58,21,77,39,2,20,2,45,20,45,31,11,10,11,10
SRR24907938,controle,219,90,168,77,140,153,13,63,20,5,6,11,131,87,78,361,265,172,131,12,122,13,74,47,20,73,12,24,33,34,37,11,3,80,28,23,13,39,43,9,9,26,162,48,5,207,92,72,7,56,8,11,55,36,20,57,43,21,5,265,15,11,0,96,52,72,36,93,202,156,154,39,27,31,41,62,23,69,36,33,7,52,28,38,18,24,7,303,16,7,29,35,2285,996,672,895,493,130,62,15,574,62,16,23,55,165,232,168,11,41,23,53,25,701,4,180,22,79,44,105,12,41,93,88,112,7,24,4,3,56,28,8,15,26,5,7,2,46,30,13,55,5,63,59,5,5,11,22,22,18,5,5,13,24,3,34,11,12,6,22,16,90,33,3,5,3,11,5,14,12,219,90,168,77,140,153,13,63,20,5,6,11,131,87,78,361,265,172,131,12,122,13,74,47,20,73,12,24,33,34,37,11,3,80,28,23,13,39,43,9,9,26,162,48,5,207,92,72,7,56,8,11,55,36,20,57,43,21,5,265,15,11,0,96,52,72,36,93,202,156,154,39,27,31,41,62,23,69,36,33,7,52,28,38,18,24,7,303,16,7,29,35,2285,996,672,895,493,130,62,15,574,62,16,23,55,165,232,168,11,41,23,53,25,701,4,180,22,79,44,105,12,41,93,88,112,7,24,4,3,56,28,8,15,26,5,7,2,46,30,13,55,5,63,59,5,5,11,22,22,18,5,5,13,24,3,34,11,12,6,22,16,90,33,3,5,3,11,5,14,12,2,2,2,2
SRR24907942,controle,497,169,322,103,337,331,19,67,60,5,6,14,215,96,169,776,545,380,231,53,272,34,171,147,56,105,9,11,82,41,60,25,3,140,40,25,87,114,83,23,23,56,419,75,3,380,203,127,25,96,20,12,156,62,66,126,79,22,3,452,15,3,2,166,154,162,63,125,381,228,311,94,45,75,120,208,36,77,128,100,20,126,77,66,25,38,17,534,104,7,52,21,4753,2189,1493,1803,930,264,62,17,1308,91,65,26,46,411,306,395,5,84,34,21,52,1249,6,390,49,195,138,285,41,101,152,191,250,36,84,2,14,152,31,29,25,33,19,32,0,119,64,25,102,17,51,50,17,17,19,50,53,26,17,17,21,41,14,39,72,24,33,36,47,115,104,14,19,14,58,17,62,46,497,169,322,103,337,331,19,67,60,5,6,14,215,96,169,776,545,380,231,53,272,34,171,147,56,105,9,11,82,41,60,25,3,140,40,25,87,114,83,23,23,56,419,75,3,380,203,127,25,96,20,12,156,62,66,126,79,22,3,452,15,3,2,166,154,162,63,125,381,228,311,94,45,75,120,208,36,77,128,100,20,126,77,66,25,38,17,534,104,7,52,21,4753,2189,1493,1803,930,264,62,17,1308,91,65,26,46,411,306,395,5,84,34,21,52,1249,6,390,49,195,138,285,41,101,152,191,250,36,84,2,14,152,31,29,25,33,19,32,0,119,64,25,102,17,51,50,17,17,19,50,53,26,17,17,21,41,14,39,72,24,33,36,47,115,104,14,19,14,58,17,62,46,0,0,0,0
SRR24907950,controle,712,96,927,381,850,896,125,73,30,9,11,24,269,117,176,706,738,477,596,20,170,32,601,293,122,200,6,15,360,80,92,90,11,315,184,45,322,62,49,7,13,60,318,321,3,544,848,788,20,370,4,55,68,98,50,228,316,41,3,369,7,4,0,152,308,99,137,74,787,139,378,62,17,91,92,221,59,288,75,71,14,155,60,49,52,71,21,264,146,4,34,40,6681,3031,1831,3164,1304,289,76,60,2083,279,27,269,28,316,272,333,0,27,3,0,42,1761,15,539,31,98,205,201,34,77,164,153,147,92,74,12,10,162,36,10,5,34,8,30,11,90,32,23,63,7,12,20,7,7,18,51,52,10,7,7,18,10,0,29,7,6,6,57,11,25,57,0,6,0,0,7,32,15,712,96,927,381,850,896,125,73,30,9,11,24,269,117,176,706,738,477,596,20,170,32,601,293,122,200,6,15,360,80,92,90,11,315,184,45,322,62,49,7,13,60,318,321,3,544,848,788,20,370,4,55,68,98,50,228,316,41,3,369,7,4,0,152,308,99,137,74,787,139,378,62,17,91,92,221,59,288,75,71,14,155,60,49,52,71,21,264,146,4,34,40,6681,3031,1831,3164,1304,289,76,60,2083,279,27,269,28,316,272,333,0,27,3,0,42,1761,15,539,31,98,205,201,34,77,164,153,147,92,74,12,10,162,36,10,5,34,8,30,11,90,32,23,63,7,12,20,7,7,18,51,52,10,7,7,18,10,0,29,7,6,6,57,11,25,57,0,6,0,0,7,32,15,9,8,9,8
SRR24907956,controle,219,94,142,85,158,199,20,61,14,5,6,8,119,34,96,419,320,234,201,46,170,7,143,88,28,92,9,23,67,46,52,29,3,139,39,55,33,77,73,4,12,29,195,58,0,224,123,85,26,57,5,10,102,45,30,26,45,16,0,166,12,5,0,116,58,71,82,69,221,80,146,43,32,43,63,147,62,51,95,49,2,83,66,67,30,39,19,228,37,18,11,26,2877,1283,845,1074,478,223,59,36,827,60,40,30,31,183,145,163,9,19,27,10,37,644,18,182,28,93,56,126,15,67,138,101,144,30,26,10,8,99,26,8,5,26,6,8,8,60,46,7,32,5,20,20,5,5,6,23,25,9,5,5,9,7,0,10,6,8,6,24,5,42,31,0,4,0,16,5,6,15,219,94,142,85,158,199,20,61,14,5,6,8,119,34,96,419,320,234,201,46,170,7,143,88,28,92,9,23,67,46,52,29,3,139,39,55,33,77,73,4,12,29,195,58,0,224,123,85,26,57,5,10,102,45,30,26,45,16,0,166,12,5,0,116,58,71,82,69,221,80,146,43,32,43,63,147,62,51,95,49,2,83,66,67,30,39,19,228,37,18,11,26,2877,1283,845,1074,478,223,59,36,827,60,40,30,31,183,145,163,9,19,27,10,37,644,18,182,28,93,56,126,15,67,138,101,144,30,26,10,8,99,26,8,5,26,6,8,8,60,46,7,32,5,20,20,5,5,6,23,25,9,5,5,9,7,0,10,6,8,6,24,5,42,31,0,4,0,16,5,6,15,6,6,6,6
SRR24907957,controle,190,64,175,75,152,164,13,46,21,0,0,4,104,61,81,420,330,202,187,28,112,23,103,69,29,89,16,12,46,29,35,19,2,121,28,34,22,60,47,7,3,21,133,57,2,173,102,64,13,36,11,8,68,51,42,28,74,27,2,104,3,0,0,91,56,56,50,68,204,97,93,44,11,38,61,106,52,59,68,70,9,40,45,31,19,27,14,247,63,11,25,22,2495,1062,620,917,401,153,46,15,682,36,32,19,19,134,110,161,0,26,18,14,23,507,8,150,35,101,35,58,21,55,138,126,132,8,18,12,16,73,21,8,3,32,6,0,11,72,39,29,35,6,30,21,6,6,18,16,23,11,6,6,19,15,3,16,33,13,7,26,11,58,33,3,6,3,17,6,18,16,190,64,175,75,152,164,13,46,21,0,0,4,104,61,81,420,330,202,187,28,112,23,103,69,29,89,16,12,46,29,35,19,2,121,28,34,22,60,47,7,3,21,133,57,2,173,102,64,13,36,11,8,68,51,42,28,74,27,2,104,3,0,0,91,56,56,50,68,204,97,93,44,11,38,61,106,52,59,68,70,9,40,45,31,19,27,14,247,63,11,25,22,2495,1062,620,917,401,153,46,15,682,36,32,19,19,134,110,161,0,26,18,14,23,507,8,150,35,101,35,58,21,55,138,126,132,8,18,12,16,73,21,8,3,32,6,0,11,72,39,29,35,6,30,21,6,6,18,16,23,11,6,6,19,15,3,16,33,13,7,26,11,58,33,3,6,3,17,6,18,16,10,9,10,9
SRR24907983,controle,1075,284,1220,592,1198,1181,129,177,88,30,35,24,514,271,427,1786,1645,878,972,112,607,52,874,565,204,314,22,42,455,143,142,45,13,438,216,46,298,271,343,52,36,129,925,358,51,1074,1257,1101,26,656,69,29,287,235,166,337,359,105,51,810,59,21,2,358,382,279,358,284,1109,460,708,213,144,295,265,396,136,455,240,196,0,284,195,322,93,124,86,994,306,34,63,137,13211,6034,3430,5565,2347,858,162,81,3883,306,122,198,83,952,694,630,15,121,109,187,70,3061,35,1009,89,408,227,515,90,204,397,410,518,71,101,15,26,420,132,84,89,122,45,0,13,255,145,52,143,45,289,269,44,44,41,31,33,27,44,44,41,44,10,42,62,38,0,103,106,382,136,9,42,10,69,44,64,101,1075,284,1220,592,1198,1181,129,177,88,30,35,24,514,271,427,1786,1645,878,972,112,607,52,874,565,204,314,22,42,455,143,142,45,13,438,216,46,298,271,343,52,36,129,925,358,51,1074,1257,1101,26,656,69,29,287,235,166,337,359,105,51,810,59,21,2,358,382,279,358,284,1109,460,708,213,144,295,265,396,136,455,240,196,0,284,195,322,93,124,86,994,306,34,63,137,13211,6034,3430,5565,2347,858,162,81,3883,306,122,198,83,952,694,630,15,121,109,187,70,3061,35,1009,89,408,227,515,90,204,397,410,518,71,101,15,26,420,132,84,89,122,45,0,13,255,145,52,143,45,289,269,44,44,41,31,33,27,44,44,41,44,10,42,62,38,0,103,106,382,136,9,42,10,69,44,64,101,10,9,10,9
SRR24907984,controle,1432,532,1178,458,1022,1066,86,285,321,10,12,21,851,404,586,2645,2143,1284,969,143,875,122,736,488,167,389,35,42,306,166,135,40,25,559,175,98,264,396,288,101,80,124,1213,262,32,1270,793,574,66,421,80,44,399,193,190,278,252,74,30,1363,145,86,6,647,539,457,325,440,1291,736,1020,333,143,374,420,557,126,446,455,305,6,463,233,227,76,119,61,1830,292,24,123,156,16423,7201,4836,6242,3099,1022,277,106,4560,297,178,145,227,1265,987,1366,31,277,228,125,115,4207,62,1167,217,635,378,949,149,302,625,745,778,126,160,20,21,445,200,84,84,164,67,59,7,341,198,120,322,57,241,200,59,59,109,148,166,78,59,63,109,92,12,148,187,97,45,158,136,391,289,11,60,16,197,59,64,140,1432,532,1178,458,1022,1066,86,285,321,10,12,21,851,404,586,2645,2143,1284,969,143,875,122,736,488,167,389,35,42,306,166,135,40,25,559,175,98,264,396,288,101,80,124,1213,262,32,1270,793,574,66,421,80,44,399,193,190,278,252,74,30,1363,145,86,6,647,539,457,325,440,1291,736,1020,333,143,374,420,557,126,446,455,305,6,463,233,227,76,119,61,1830,292,24,123,156,16423,7201,4836,6242,3099,1022,277,106,4560,297,178,145,227,1265,987,1366,31,277,228,125,115,4207,62,1167,217,635,378,949,149,302,625,745,778,126,160,20,21,445,200,84,84,164,67,59,7,341,198,120,322,57,241,200,59,59,109,148,166,78,59,63,109,92,12,148,187,97,45,158,136,391,289,11,60,16,197,59,64,140,7,26,7,26
SRR24908007,controle,255,105,221,134,242,252,34,51,25,0,0,13,99,40,120,475,383,230,182,16,169,11,167,75,40,137,15,11,86,63,68,13,0,140,57,23,13,82,61,9,0,49,211,67,0,256,126,81,35,49,7,12,77,48,28,26,74,8,0,172,3,3,2,114,40,68,86,73,221,123,143,38,34,29,73,119,50,85,71,85,0,52,78,60,43,57,29,283,41,8,17,20,3044,1383,831,1143,517,238,50,14,794,57,40,28,23,177,151,147,9,22,12,7,48,623,9,184,33,103,71,101,24,80,164,114,144,3,11,11,5,71,37,23,3,43,16,0,10,71,45,26,41,16,25,29,16,16,18,8,9,6,16,16,19,6,0,15,22,13,0,30,10,34,28,0,15,0,8,16,36,18,255,105,221,134,242,252,34,51,25,0,0,13,99,40,120,475,383,230,182,16,169,11,167,75,40,137,15,11,86,63,68,13,0,140,57,23,13,82,61,9,0,49,211,67,0,256,126,81,35,49,7,12,77,48,28,26,74,8,0,172,3,3,2,114,40,68,86,73,221,123,143,38,34,29,73,119,50,85,71,85,0,52,78,60,43,57,29,283,41,8,17,20,3044,1383,831,1143,517,238,50,14,794,57,40,28,23,177,151,147,9,22,12,7,48,623,9,184,33,103,71,101,24,80,164,114,144,3,11,11,5,71,37,23,3,43,16,0,10,71,45,26,41,16,25,29,16,16,18,8,9,6,16,16,19,6,0,15,22,13,0,30,10,34,28,0,15,0,8,16,36,18,8,8,8,8
SRR24908040,controle,281,76,231,129,233,246,28,52,41,0,0,5,115,51,80,421,323,205,183,23,129,26,146,89,48,105,12,16,66,43,35,35,14,117,40,31,40,55,57,13,11,51,159,62,2,210,113,77,17,57,3,19,39,46,39,51,64,13,2,190,21,25,9,95,74,71,67,61,230,123,147,45,33,31,41,142,39,89,64,77,2,67,56,50,19,27,16,241,58,9,39,11,2787,1282,812,1084,499,180,59,46,764,45,19,35,25,248,172,193,5,34,19,9,40,653,4,199,25,95,66,130,23,36,117,88,111,21,16,5,7,67,25,3,7,26,3,5,3,34,30,33,31,3,15,16,3,3,14,16,15,7,3,3,16,10,2,13,13,15,3,32,14,30,22,2,8,2,25,3,19,12,281,76,231,129,233,246,28,52,41,0,0,5,115,51,80,421,323,205,183,23,129,26,146,89,48,105,12,16,66,43,35,35,14,117,40,31,40,55,57,13,11,51,159,62,2,210,113,77,17,57,3,19,39,46,39,51,64,13,2,190,21,25,9,95,74,71,67,61,230,123,147,45,33,31,41,142,39,89,64,77,2,67,56,50,19,27,16,241,58,9,39,11,2787,1282,812,1084,499,180,59,46,764,45,19,35,25,248,172,193,5,34,19,9,40,653,4,199,25,95,66,130,23,36,117,88,111,21,16,5,7,67,25,3,7,26,3,5,3,34,30,33,31,3,15,16,3,3,14,16,15,7,3,3,16,10,2,13,13,15,3,32,14,30,22,2,8,2,25,3,19,12,2,2,2,2
SRR24908049,controle,200,82,151,58,142,188,11,44,18,11,14,11,97,48,86,344,226,166,159,33,114,9,104,60,18,75,8,11,59,43,38,10,0,107,35,24,14,58,41,15,7,25,180,37,2,185,89,53,18,38,3,7,72,32,15,43,35,13,2,227,10,11,0,68,52,79,42,49,192,94,131,43,25,31,65,83,25,48,59,55,4,34,30,29,25,34,9,230,31,9,7,8,2263,1011,652,887,445,172,43,16,654,68,24,16,26,214,167,166,5,22,34,25,15,499,0,159,29,77,55,106,15,27,71,86,114,8,18,2,1,56,23,23,4,21,10,0,1,56,27,8,32,9,33,35,9,9,7,9,10,6,9,9,7,10,3,14,24,14,2,18,20,51,44,3,9,3,12,9,12,16,200,82,151,58,142,188,11,44,18,11,14,11,97,48,86,344,226,166,159,33,114,9,104,60,18,75,8,11,59,43,38,10,0,107,35,24,14,58,41,15,7,25,180,37,2,185,89,53,18,38,3,7,72,32,15,43,35,13,2,227,10,11,0,68,52,79,42,49,192,94,131,43,25,31,65,83,25,48,59,55,4,34,30,29,25,34,9,230,31,9,7,8,2263,1011,652,887,445,172,43,16,654,68,24,16,26,214,167,166,5,22,34,25,15,499,0,159,29,77,55,106,15,27,71,86,114,8,18,2,1,56,23,23,4,21,10,0,1,56,27,8,32,9,33,35,9,9,7,9,10,6,9,9,7,10,3,14,24,14,2,18,20,51,44,3,9,3,12,9,12,16,1,1,1,1
SRR6784403,controle,390,105,257,129,195,249,62,124,68,19,23,13,187,122,211,678,584,437,204,80,261,50,141,147,18,95,44,48,65,70,50,10,9,202,61,27,18,104,101,49,25,18,343,98,17,461,75,42,20,50,24,58,190,90,26,106,66,33,17,448,25,29,8,195,108,153,56,92,263,293,291,114,22,20,70,128,71,60,150,76,16,146,108,58,22,40,6,476,112,8,33,28,4664,1744,1275,1496,811,241,130,48,1173,121,57,57,41,405,253,282,31,90,67,69,31,878,33,323,131,185,137,270,29,116,179,207,274,10,75,5,9,68,54,27,31,31,27,7,3,122,26,21,97,15,41,35,15,15,17,45,47,30,15,15,19,55,21,66,50,16,7,60,22,77,117,21,19,23,23,15,17,76,390,105,257,129,195,249,62,124,68,19,23,13,187,122,211,678,584,437,204,80,261,50,141,147,18,95,44,48,65,70,50,10,9,202,61,27,18,104,101,49,25,18,343,98,17,461,75,42,20,50,24,58,190,90,26,106,66,33,17,448,25,29,8,195,108,153,56,92,263,293,291,114,22,20,70,128,71,60,150,76,16,146,108,58,22,40,6,476,112,8,33,28,4664,1744,1275,1496,811,241,130,48,1173,121,57,57,41,405,253,282,31,90,67,69,31,878,33,323,131,185,137,270,29,116,179,207,274,10,75,5,9,68,54,27,31,31,27,7,3,122,26,21,97,15,41,35,15,15,17,45,47,30,15,15,19,55,21,66,50,16,7,60,22,77,117,21,19,23,23,15,17,76,3,3,3,3
SRR6784406,controle,1974,488,1072,727,804,967,429,675,326,59,71,69,1062,488,1133,3121,2360,2310,1330,495,1172,225,722,632,159,330,107,205,218,314,296,31,58,1094,331,185,153,541,374,201,70,199,1551,348,92,1849,484,315,144,146,102,186,826,196,103,616,197,118,92,2293,47,46,95,960,758,440,342,343,1491,1116,1442,438,255,110,369,614,385,328,351,267,43,856,541,222,144,212,38,1809,406,17,139,59,21716,8329,6335,7633,4264,1113,688,178,5557,421,220,251,249,1162,1044,1265,40,356,255,137,153,3772,158,1265,598,846,552,743,231,309,833,904,1232,131,229,45,54,376,179,208,88,256,141,36,37,459,102,181,433,102,309,186,102,102,150,232,235,111,102,101,162,347,181,267,98,40,16,226,111,153,402,185,111,198,74,102,158,683,1974,488,1072,727,804,967,429,675,326,59,71,69,1062,488,1133,3121,2360,2310,1330,495,1172,225,722,632,159,330,107,205,218,314,296,31,58,1094,331,185,153,541,374,201,70,199,1551,348,92,1849,484,315,144,146,102,186,826,196,103,616,197,118,92,2293,47,46,95,960,758,440,342,343,1491,1116,1442,438,255,110,369,614,385,328,351,267,43,856,541,222,144,212,38,1809,406,17,139,59,21716,8329,6335,7633,4264,1113,688,178,5557,421,220,251,249,1162,1044,1265,40,356,255,137,153,3772,158,1265,598,846,552,743,231,309,833,904,1232,131,229,45,54,376,179,208,88,256,141,36,37,459,102,181,433,102,309,186,102,102,150,232,235,111,102,101,162,347,181,267,98,40,16,226,111,153,402,185,111,198,74,102,158,683,9,9,9,9
SRR6784524,controle,1454,378,1794,1243,687,1077,105,838,452,76,92,46,1004,957,1294,4011,3023,1765,799,242,1646,77,972,895,136,706,292,129,106,218,138,75,57,848,462,57,41,264,709,201,166,136,2964,293,39,2227,558,203,148,141,191,229,936,252,103,714,265,59,39,2138,119,98,13,938,313,433,159,388,816,1571,1230,543,97,64,468,477,542,320,758,524,133,572,761,452,69,182,13,2578,660,69,450,63,24813,10262,6457,7975,4300,1864,856,139,6784,627,360,29,249,3006,1905,1617,38,348,48,31,677,5211,205,2100,660,521,524,2397,293,289,918,623,859,11,229,18,303,549,314,49,179,263,11,5,15,992,27,208,551,9,79,138,9,9,175,333,337,48,9,9,188,100,40,154,329,31,35,204,124,545,999,41,10,43,6,9,51,192,1454,378,1794,1243,687,1077,105,838,452,76,92,46,1004,957,1294,4011,3023,1765,799,242,1646,77,972,895,136,706,292,129,106,218,138,75,57,848,462,57,41,264,709,201,166,136,2964,293,39,2227,558,203,148,141,191,229,936,252,103,714,265,59,39,2138,119,98,13,938,313,433,159,388,816,1571,1230,543,97,64,468,477,542,320,758,524,133,572,761,452,69,182,13,2578,660,69,450,63,24813,10262,6457,7975,4300,1864,856,139,6784,627,360,29,249,3006,1905,1617,38,348,48,31,677,5211,205,2100,660,521,524,2397,293,289,918,623,859,11,229,18,303,549,314,49,179,263,11,5,15,992,27,208,551,9,79,138,9,9,175,333,337,48,9,9,188,100,40,154,329,31,35,204,124,545,999,41,10,43,6,9,51,192,22,23,22,23
SRR6784528,controle,525,165,310,187,187,303,88,240,81,7,9,7,278,55,326,898,624,695,419,214,415,56,206,241,43,89,12,77,38,51,43,28,36,284,57,89,45,202,120,51,16,38,389,183,29,329,142,149,15,20,28,96,197,150,5,98,145,66,29,546,23,14,26,250,151,155,116,93,398,289,400,112,28,30,146,191,120,97,80,53,26,243,175,77,35,30,0,351,86,9,39,12,6007,2257,1793,2186,1078,357,240,35,1679,114,44,73,27,395,229,467,5,161,94,10,22,1013,44,363,117,220,197,185,54,81,178,271,338,20,57,25,6,88,21,31,35,71,55,22,21,124,72,43,113,17,45,37,17,17,35,62,65,60,17,17,37,101,35,85,25,5,15,105,24,38,94,36,18,39,9,17,34,204,525,165,310,187,187,303,88,240,81,7,9,7,278,55,326,898,624,695,419,214,415,56,206,241,43,89,12,77,38,51,43,28,36,284,57,89,45,202,120,51,16,38,389,183,29,329,142,149,15,20,28,96,197,150,5,98,145,66,29,546,23,14,26,250,151,155,116,93,398,289,400,112,28,30,146,191,120,97,80,53,26,243,175,77,35,30,0,351,86,9,39,12,6007,2257,1793,2186,1078,357,240,35,1679,114,44,73,27,395,229,467,5,161,94,10,22,1013,44,363,117,220,197,185,54,81,178,271,338,20,57,25,6,88,21,31,35,71,55,22,21,124,72,43,113,17,45,37,17,17,35,62,65,60,17,17,37,101,35,85,25,5,15,105,24,38,94,36,18,39,9,17,34,204,16,16,16,16
SRR6784540,controle,891,245,765,504,509,735,161,406,102,69,83,42,388,303,511,1848,1289,932,529,153,694,118,385,373,69,307,151,124,107,104,119,20,25,428,149,59,42,217,313,86,66,17,1119,236,29,1192,255,63,62,45,58,73,547,251,66,355,260,126,29,1103,36,25,38,506,336,279,108,240,645,636,748,242,63,41,223,278,291,221,247,184,56,333,207,141,59,90,23,1114,197,39,127,26,11589,4755,3283,3891,2062,723,413,50,3037,286,203,77,150,1270,906,870,28,161,84,62,203,1937,57,1031,234,312,362,754,74,167,496,384,494,30,186,16,82,299,147,33,38,79,31,11,13,411,44,43,213,19,107,87,19,19,37,111,114,54,19,19,39,100,38,134,142,17,7,104,127,218,426,39,20,41,45,19,31,187,891,245,765,504,509,735,161,406,102,69,83,42,388,303,511,1848,1289,932,529,153,694,118,385,373,69,307,151,124,107,104,119,20,25,428,149,59,42,217,313,86,66,17,1119,236,29,1192,255,63,62,45,58,73,547,251,66,355,260,126,29,1103,36,25,38,506,336,279,108,240,645,636,748,242,63,41,223,278,291,221,247,184,56,333,207,141,59,90,23,1114,197,39,127,26,11589,4755,3283,3891,2062,723,413,50,3037,286,203,77,150,1270,906,870,28,161,84,62,203,1937,57,1031,234,312,362,754,74,167,496,384,494,30,186,16,82,299,147,33,38,79,31,11,13,411,44,43,213,19,107,87,19,19,37,111,114,54,19,19,39,100,38,134,142,17,7,104,127,218,426,39,20,41,45,19,31,187,0,0,0,0
SRR6784551,controle,595,207,385,310,295,367,132,178,81,30,35,7,322,153,430,1006,892,767,358,125,437,50,212,223,50,124,47,61,109,76,68,34,20,275,72,60,48,168,113,64,43,36,532,108,20,636,112,53,32,48,28,54,304,105,45,172,108,54,19,719,28,32,11,364,153,146,74,196,430,466,531,153,26,54,115,206,129,126,207,116,19,300,216,53,25,38,15,704,116,7,66,29,7319,2618,2196,2301,1344,376,178,56,1908,185,94,110,41,628,518,392,20,147,61,37,74,1445,59,528,179,260,144,268,54,174,280,280,349,11,94,17,41,146,50,137,36,50,63,16,9,229,44,36,229,44,96,84,44,44,29,118,120,48,44,44,35,79,27,93,85,28,15,91,30,135,216,28,47,29,22,44,27,192,595,207,385,310,295,367,132,178,81,30,35,7,322,153,430,1006,892,767,358,125,437,50,212,223,50,124,47,61,109,76,68,34,20,275,72,60,48,168,113,64,43,36,532,108,20,636,112,53,32,48,28,54,304,105,45,172,108,54,19,719,28,32,11,364,153,146,74,196,430,466,531,153,26,54,115,206,129,126,207,116,19,300,216,53,25,38,15,704,116,7,66,29,7319,2618,2196,2301,1344,376,178,56,1908,185,94,110,41,628,518,392,20,147,61,37,74,1445,59,528,179,260,144,268,54,174,280,280,349,11,94,17,41,146,50,137,36,50,63,16,9,229,44,36,229,44,96,84,44,44,29,118,120,48,44,44,35,79,27,93,85,28,15,91,30,135,216,28,47,29,22,44,27,192,8,9,8,9
SRR6784554,controle,265,86,208,160,104,166,60,92,44,10,12,11,168,98,195,475,360,313,178,66,253,36,125,114,27,72,33,22,39,30,29,8,11,135,34,36,23,80,77,32,18,20,276,73,8,210,48,26,12,28,15,33,173,52,16,85,70,27,8,319,13,6,17,142,89,70,49,55,198,216,235,54,14,13,60,105,65,63,123,52,21,125,95,45,13,20,4,306,52,5,43,17,3441,1347,990,1116,627,206,92,10,1015,96,59,54,17,313,221,239,10,92,22,13,40,603,19,214,82,86,76,149,23,54,124,91,133,7,36,2,21,81,32,38,15,23,26,6,2,78,20,19,77,20,73,39,20,20,16,39,39,21,20,20,17,33,11,30,19,3,8,49,15,35,83,12,21,12,12,20,11,108,265,86,208,160,104,166,60,92,44,10,12,11,168,98,195,475,360,313,178,66,253,36,125,114,27,72,33,22,39,30,29,8,11,135,34,36,23,80,77,32,18,20,276,73,8,210,48,26,12,28,15,33,173,52,16,85,70,27,8,319,13,6,17,142,89,70,49,55,198,216,235,54,14,13,60,105,65,63,123,52,21,125,95,45,13,20,4,306,52,5,43,17,3441,1347,990,1116,627,206,92,10,1015,96,59,54,17,313,221,239,10,92,22,13,40,603,19,214,82,86,76,149,23,54,124,91,133,7,36,2,21,81,32,38,15,23,26,6,2,78,20,19,77,20,73,39,20,20,16,39,39,21,20,20,17,33,11,30,19,3,8,49,15,35,83,12,21,12,12,20,11,108,0,0,0,0
SRR6784564,controle,527,210,366,189,200,226,95,194,53,27,32,67,360,109,304,929,779,585,330,114,297,48,148,164,19,60,17,71,51,41,38,7,11,219,65,47,39,116,100,72,34,22,414,93,21,392,168,118,39,41,33,148,182,73,11,100,80,39,21,538,7,4,11,210,119,208,62,118,378,363,395,87,59,22,170,123,84,76,88,77,25,204,151,57,24,28,6,514,71,4,67,16,5825,2171,1759,2046,1245,263,199,34,1395,86,71,57,40,457,351,328,31,94,51,32,42,993,36,361,170,278,132,178,36,155,175,401,437,14,142,17,22,52,25,54,27,53,41,13,14,153,44,33,106,16,55,24,16,16,25,72,78,41,16,16,27,66,22,65,33,31,48,57,30,96,138,23,17,24,39,16,30,133,527,210,366,189,200,226,95,194,53,27,32,67,360,109,304,929,779,585,330,114,297,48,148,164,19,60,17,71,51,41,38,7,11,219,65,47,39,116,100,72,34,22,414,93,21,392,168,118,39,41,33,148,182,73,11,100,80,39,21,538,7,4,11,210,119,208,62,118,378,363,395,87,59,22,170,123,84,76,88,77,25,204,151,57,24,28,6,514,71,4,67,16,5825,2171,1759,2046,1245,263,199,34,1395,86,71,57,40,457,351,328,31,94,51,32,42,993,36,361,170,278,132,178,36,155,175,401,437,14,142,17,22,52,25,54,27,53,41,13,14,153,44,33,106,16,55,24,16,16,25,72,78,41,16,16,27,66,22,65,33,31,48,57,30,96,138,23,17,24,39,16,30,133,15,16,15,16
SRR6784567,controle,899,227,613,204,541,283,77,150,70,52,62,36,293,154,369,850,822,834,260,112,402,44,329,179,22,203,30,28,132,187,183,41,21,306,165,20,18,159,249,54,19,14,517,144,24,666,79,64,17,82,37,204,231,80,46,198,115,37,24,590,36,30,9,211,117,186,89,168,691,690,492,118,49,97,97,159,62,134,156,105,13,153,115,145,136,124,44,540,125,8,49,48,7141,3040,2307,2479,1682,434,138,56,2032,92,74,135,67,571,458,524,12,62,75,61,42,1606,38,676,138,218,401,518,34,111,175,253,269,14,297,8,21,126,62,33,33,31,30,7,6,317,31,38,89,19,98,52,16,16,16,34,36,39,16,19,18,59,18,94,41,18,12,38,26,63,305,18,20,19,11,16,13,169,899,227,613,204,541,283,77,150,70,52,62,36,293,154,369,850,822,834,260,112,402,44,329,179,22,203,30,28,132,187,183,41,21,306,165,20,18,159,249,54,19,14,517,144,24,666,79,64,17,82,37,204,231,80,46,198,115,37,24,590,36,30,9,211,117,186,89,168,691,690,492,118,49,97,97,159,62,134,156,105,13,153,115,145,136,124,44,540,125,8,49,48,7141,3040,2307,2479,1682,434,138,56,2032,92,74,135,67,571,458,524,12,62,75,61,42,1606,38,676,138,218,401,518,34,111,175,253,269,14,297,8,21,126,62,33,33,31,30,7,6,317,31,38,89,19,98,52,16,16,16,34,36,39,16,19,18,59,18,94,41,18,12,38,26,63,305,18,20,19,11,16,13,169,7,7,7,7
SRR6784574,controle,1733,650,1248,762,823,1020,453,679,224,44,53,49,1133,232,1183,3197,2629,2446,1301,572,1687,226,829,767,188,364,98,267,175,291,285,17,90,1179,310,336,206,544,379,150,143,127,1322,474,94,1548,348,169,109,71,100,256,809,207,44,282,328,172,94,2009,22,12,57,808,643,482,403,312,1393,1094,1466,436,174,71,453,737,507,286,388,196,113,887,557,259,169,212,14,1626,352,14,194,23,22079,7944,6422,7194,4121,1263,686,100,6323,623,303,439,122,1101,1324,1414,25,662,102,77,75,3576,209,1326,470,915,451,581,162,402,769,828,1361,48,240,48,38,283,94,218,89,203,217,73,40,344,195,132,454,118,313,205,118,118,107,227,236,183,118,118,115,325,122,256,63,17,52,416,73,111,292,125,124,134,38,118,123,668,1733,650,1248,762,823,1020,453,679,224,44,53,49,1133,232,1183,3197,2629,2446,1301,572,1687,226,829,767,188,364,98,267,175,291,285,17,90,1179,310,336,206,544,379,150,143,127,1322,474,94,1548,348,169,109,71,100,256,809,207,44,282,328,172,94,2009,22,12,57,808,643,482,403,312,1393,1094,1466,436,174,71,453,737,507,286,388,196,113,887,557,259,169,212,14,1626,352,14,194,23,22079,7944,6422,7194,4121,1263,686,100,6323,623,303,439,122,1101,1324,1414,25,662,102,77,75,3576,209,1326,470,915,451,581,162,402,769,828,1361,48,240,48,38,283,94,218,89,203,217,73,40,344,195,132,454,118,313,205,118,118,107,227,236,183,118,118,115,325,122,256,63,17,52,416,73,111,292,125,124,134,38,118,123,668,50,52,50,52
SRR6784579,controle,1331,506,964,476,789,686,216,328,114,49,59,66,820,254,646,1760,1567,1362,616,208,926,74,468,408,99,309,80,106,236,260,259,27,18,626,276,98,61,305,442,109,63,64,1024,436,31,1060,186,79,57,79,48,354,531,108,51,251,382,51,31,1006,30,24,24,444,250,316,133,323,1137,872,958,231,87,117,260,316,209,322,255,140,57,372,305,287,166,195,42,1031,158,17,127,49,14090,5192,4077,4304,2956,704,337,54,3728,295,153,286,86,1023,958,1023,47,280,89,158,166,2558,74,1252,269,449,517,809,74,211,352,452,575,33,442,10,64,242,63,108,42,77,80,21,8,544,56,64,250,60,222,129,60,60,43,122,124,75,60,60,47,127,42,158,100,29,34,156,68,187,543,43,65,46,56,60,46,377,1331,506,964,476,789,686,216,328,114,49,59,66,820,254,646,1760,1567,1362,616,208,926,74,468,408,99,309,80,106,236,260,259,27,18,626,276,98,61,305,442,109,63,64,1024,436,31,1060,186,79,57,79,48,354,531,108,51,251,382,51,31,1006,30,24,24,444,250,316,133,323,1137,872,958,231,87,117,260,316,209,322,255,140,57,372,305,287,166,195,42,1031,158,17,127,49,14090,5192,4077,4304,2956,704,337,54,3728,295,153,286,86,1023,958,1023,47,280,89,158,166,2558,74,1252,269,449,517,809,74,211,352,452,575,33,442,10,64,242,63,108,42,77,80,21,8,544,56,64,250,60,222,129,60,60,43,122,124,75,60,60,47,127,42,158,100,29,34,156,68,187,543,43,65,46,56,60,46,377,6,6,6,6
SRR6784585,controle,681,180,433,266,288,386,175,241,112,19,23,14,418,129,433,1138,978,805,487,190,543,55,265,265,57,124,29,79,94,129,132,25,14,432,138,65,65,188,188,80,27,72,587,115,18,581,156,60,53,37,27,71,235,74,26,135,85,38,18,760,20,18,32,325,192,172,119,144,523,397,470,150,97,37,185,202,175,105,81,100,26,308,208,111,52,87,22,577,115,13,54,10,7898,2977,2305,2645,1543,447,248,80,2119,155,82,87,83,472,443,507,24,166,52,36,48,1324,58,524,209,397,198,314,75,211,342,332,533,37,107,14,14,134,46,44,16,83,39,12,11,188,43,59,178,25,60,55,25,25,49,105,106,41,25,25,53,107,52,76,42,28,14,104,37,77,165,53,27,57,33,25,51,189,681,180,433,266,288,386,175,241,112,19,23,14,418,129,433,1138,978,805,487,190,543,55,265,265,57,124,29,79,94,129,132,25,14,432,138,65,65,188,188,80,27,72,587,115,18,581,156,60,53,37,27,71,235,74,26,135,85,38,18,760,20,18,32,325,192,172,119,144,523,397,470,150,97,37,185,202,175,105,81,100,26,308,208,111,52,87,22,577,115,13,54,10,7898,2977,2305,2645,1543,447,248,80,2119,155,82,87,83,472,443,507,24,166,52,36,48,1324,58,524,209,397,198,314,75,211,342,332,533,37,107,14,14,134,46,44,16,83,39,12,11,188,43,59,178,25,60,55,25,25,49,105,106,41,25,25,53,107,52,76,42,28,14,104,37,77,165,53,27,57,33,25,51,189,9,10,9,10
SRR6784590,controle,1548,418,936,496,886,967,294,530,201,56,68,55,944,248,892,2670,2345,1876,1116,422,1090,149,571,605,137,253,63,164,167,228,221,17,73,895,261,208,178,393,339,125,63,171,1263,323,27,1609,328,139,108,57,36,216,535,87,36,238,255,53,27,1685,15,10,53,663,510,354,260,312,1339,856,1147,301,186,77,348,507,384,190,264,136,53,677,370,203,134,164,9,1229,287,19,121,26,17752,6406,5042,5686,3387,901,544,107,4616,398,149,280,186,1010,921,1006,49,339,162,59,75,2905,127,1096,473,733,441,605,146,393,702,625,1107,51,209,41,31,217,63,164,28,177,132,41,34,318,172,119,363,86,186,121,86,86,100,198,207,109,86,86,108,255,117,155,66,40,31,252,72,109,271,120,93,128,55,86,117,451,1548,418,936,496,886,967,294,530,201,56,68,55,944,248,892,2670,2345,1876,1116,422,1090,149,571,605,137,253,63,164,167,228,221,17,73,895,261,208,178,393,339,125,63,171,1263,323,27,1609,328,139,108,57,36,216,535,87,36,238,255,53,27,1685,15,10,53,663,510,354,260,312,1339,856,1147,301,186,77,348,507,384,190,264,136,53,677,370,203,134,164,9,1229,287,19,121,26,17752,6406,5042,5686,3387,901,544,107,4616,398,149,280,186,1010,921,1006,49,339,162,59,75,2905,127,1096,473,733,441,605,146,393,702,625,1107,51,209,41,31,217,63,164,28,177,132,41,34,318,172,119,363,86,186,121,86,86,100,198,207,109,86,86,108,255,117,155,66,40,31,252,72,109,271,120,93,128,55,86,117,451,46,48,46,48
SRR6784591,controle,1229,259,916,621,590,728,163,467,228,21,25,51,952,482,802,2289,2080,1247,900,239,951,91,440,470,48,303,113,155,198,223,289,52,45,781,227,144,96,381,393,110,41,103,1277,194,30,1288,432,117,123,62,53,214,426,285,78,383,160,64,30,1665,60,52,22,699,359,371,128,375,852,1014,1005,305,157,76,280,392,394,158,392,198,46,549,310,189,86,141,14,1438,454,34,158,33,16078,5839,4641,4869,2935,803,499,130,3852,260,151,124,206,1566,1156,814,69,268,43,17,176,1906,163,1049,496,775,233,737,131,397,690,571,1085,63,160,53,27,211,111,96,56,153,45,8,37,523,98,99,410,29,98,62,30,30,81,227,231,107,30,29,93,199,78,165,219,45,23,159,78,362,492,79,84,85,78,30,60,196,1229,259,916,621,590,728,163,467,228,21,25,51,952,482,802,2289,2080,1247,900,239,951,91,440,470,48,303,113,155,198,223,289,52,45,781,227,144,96,381,393,110,41,103,1277,194,30,1288,432,117,123,62,53,214,426,285,78,383,160,64,30,1665,60,52,22,699,359,371,128,375,852,1014,1005,305,157,76,280,392,394,158,392,198,46,549,310,189,86,141,14,1438,454,34,158,33,16078,5839,4641,4869,2935,803,499,130,3852,260,151,124,206,1566,1156,814,69,268,43,17,176,1906,163,1049,496,775,233,737,131,397,690,571,1085,63,160,53,27,211,111,96,56,153,45,8,37,523,98,99,410,29,98,62,30,30,81,227,231,107,30,29,93,199,78,165,219,45,23,159,78,362,492,79,84,85,78,30,60,196,49,51,49,51
SRR8556880,controle,516,230,436,231,286,260,51,129,202,13,16,16,260,122,382,1220,880,768,394,106,492,41,212,211,49,160,30,31,92,93,85,29,12,256,54,77,85,217,95,41,38,95,513,104,14,497,140,79,40,58,49,21,304,86,20,120,73,24,14,708,44,39,3,397,168,200,85,175,435,373,412,207,64,67,147,237,115,141,166,121,19,312,182,56,36,56,22,885,109,23,55,26,7228,2878,2033,2468,1361,459,126,52,1932,89,139,104,58,604,631,637,18,134,162,108,46,1450,39,513,188,275,196,407,66,162,344,294,372,16,79,7,4,248,126,46,34,92,65,9,3,276,93,39,223,51,182,138,51,51,48,109,106,61,51,51,50,68,9,77,120,33,4,89,64,204,221,9,54,8,53,51,34,170,516,230,436,231,286,260,51,129,202,13,16,16,260,122,382,1220,880,768,394,106,492,41,212,211,49,160,30,31,92,93,85,29,12,256,54,77,85,217,95,41,38,95,513,104,14,497,140,79,40,58,49,21,304,86,20,120,73,24,14,708,44,39,3,397,168,200,85,175,435,373,412,207,64,67,147,237,115,141,166,121,19,312,182,56,36,56,22,885,109,23,55,26,7228,2878,2033,2468,1361,459,126,52,1932,89,139,104,58,604,631,637,18,134,162,108,46,1450,39,513,188,275,196,407,66,162,344,294,372,16,79,7,4,248,126,46,34,92,65,9,3,276,93,39,223,51,182,138,51,51,48,109,106,61,51,51,50,68,9,77,120,33,4,89,64,204,221,9,54,8,53,51,34,170,3,3,3,3
SRR8556900,controle,380,58,528,198,419,347,50,77,49,0,0,9,218,95,83,532,538,285,275,10,130,25,286,208,39,90,16,35,149,37,22,5,4,227,136,21,144,58,37,12,16,17,126,92,9,343,310,248,4,140,12,27,48,40,17,56,88,22,9,373,22,14,2,96,171,47,101,41,410,111,257,49,24,47,50,133,49,167,49,31,0,65,38,23,13,20,2,201,65,8,20,12,3849,1756,1048,1716,645,210,73,17,1214,164,26,174,13,292,171,154,10,50,23,17,20,983,13,277,38,82,60,88,14,38,80,90,99,53,10,3,0,73,29,8,14,21,9,2,3,58,12,47,43,9,41,25,9,9,14,19,20,12,9,9,12,16,6,14,16,4,3,20,24,40,45,6,9,5,12,9,11,43,380,58,528,198,419,347,50,77,49,0,0,9,218,95,83,532,538,285,275,10,130,25,286,208,39,90,16,35,149,37,22,5,4,227,136,21,144,58,37,12,16,17,126,92,9,343,310,248,4,140,12,27,48,40,17,56,88,22,9,373,22,14,2,96,171,47,101,41,410,111,257,49,24,47,50,133,49,167,49,31,0,65,38,23,13,20,2,201,65,8,20,12,3849,1756,1048,1716,645,210,73,17,1214,164,26,174,13,292,171,154,10,50,23,17,20,983,13,277,38,82,60,88,14,38,80,90,99,53,10,3,0,73,29,8,14,21,9,2,3,58,12,47,43,9,41,25,9,9,14,19,20,12,9,9,12,16,6,14,16,4,3,20,24,40,45,6,9,5,12,9,11,43,3,3,3,3
SRR8556918,controle,343,73,204,167,255,332,31,73,19,0,0,8,115,39,207,657,523,367,389,33,342,10,156,96,44,213,31,25,138,120,93,8,5,250,83,127,6,72,198,7,2,53,392,189,0,335,92,29,86,8,2,35,112,78,53,30,181,28,0,148,6,5,0,187,37,60,61,127,303,133,111,27,66,20,134,173,232,68,128,118,5,101,105,162,85,102,39,328,83,15,16,4,4265,1878,1016,1327,720,280,74,19,1182,74,45,38,65,151,179,130,3,32,12,14,60,870,1,257,70,133,89,137,14,138,215,148,257,4,36,12,47,101,25,9,3,45,11,2,16,132,68,49,51,11,22,17,11,11,14,15,21,17,11,11,11,15,2,26,19,6,2,81,9,21,46,3,12,2,27,11,37,32,343,73,204,167,255,332,31,73,19,0,0,8,115,39,207,657,523,367,389,33,342,10,156,96,44,213,31,25,138,120,93,8,5,250,83,127,6,72,198,7,2,53,392,189,0,335,92,29,86,8,2,35,112,78,53,30,181,28,0,148,6,5,0,187,37,60,61,127,303,133,111,27,66,20,134,173,232,68,128,118,5,101,105,162,85,102,39,328,83,15,16,4,4265,1878,1016,1327,720,280,74,19,1182,74,45,38,65,151,179,130,3,32,12,14,60,870,1,257,70,133,89,137,14,138,215,148,257,4,36,12,47,101,25,9,3,45,11,2,16,132,68,49,51,11,22,17,11,11,14,15,21,17,11,11,11,15,2,26,19,6,2,81,9,21,46,3,12,2,27,11,37,32,13,12,13,12
SRR8556942,controle,311,50,416,226,329,332,41,58,12,0,0,8,141,60,56,363,370,208,202,14,104,17,245,233,66,64,26,18,148,18,22,19,4,147,97,8,143,38,163,5,17,6,246,102,7,264,503,386,7,187,8,15,45,29,7,45,87,10,7,190,0,0,1,76,187,52,118,33,338,65,229,31,22,26,22,73,15,102,34,28,20,52,38,156,10,13,5,103,46,1,16,22,3113,1550,835,1623,536,150,59,4,1005,171,12,156,8,210,90,120,7,11,10,4,29,730,12,195,22,55,63,68,19,36,54,59,74,45,19,2,1,44,4,12,9,12,12,7,2,13,7,24,28,11,19,22,11,11,10,10,10,3,11,11,8,13,0,7,2,3,0,26,6,10,8,0,12,0,3,11,6,21,311,50,416,226,329,332,41,58,12,0,0,8,141,60,56,363,370,208,202,14,104,17,245,233,66,64,26,18,148,18,22,19,4,147,97,8,143,38,163,5,17,6,246,102,7,264,503,386,7,187,8,15,45,29,7,45,87,10,7,190,0,0,1,76,187,52,118,33,338,65,229,31,22,26,22,73,15,102,34,28,20,52,38,156,10,13,5,103,46,1,16,22,3113,1550,835,1623,536,150,59,4,1005,171,12,156,8,210,90,120,7,11,10,4,29,730,12,195,22,55,63,68,19,36,54,59,74,45,19,2,1,44,4,12,9,12,12,7,2,13,7,24,28,11,19,22,11,11,10,10,10,3,11,11,8,13,0,7,2,3,0,26,6,10,8,0,12,0,3,11,6,21,2,2,2,2
SRR8556969,controle,284,63,246,130,216,151,35,159,55,9,11,3,128,57,112,385,347,285,146,26,162,23,114,102,33,50,4,38,61,22,27,183,4,135,44,3,51,36,96,8,15,13,275,33,4,343,149,113,7,59,19,23,86,29,19,123,39,19,4,182,2,2,0,85,92,76,48,82,228,162,180,48,8,40,54,53,41,104,51,40,11,68,27,85,10,20,12,238,56,2,20,33,3014,1244,854,1137,522,120,162,146,807,78,30,50,55,216,187,180,6,41,33,31,8,735,24,261,34,104,85,114,44,45,106,116,156,31,60,2,5,56,16,22,15,29,3,5,0,50,31,45,38,1,48,33,1,1,42,27,26,10,1,1,38,19,10,47,13,7,8,22,25,58,63,11,2,9,33,1,7,43,284,63,246,130,216,151,35,159,55,9,11,3,128,57,112,385,347,285,146,26,162,23,114,102,33,50,4,38,61,22,27,183,4,135,44,3,51,36,96,8,15,13,275,33,4,343,149,113,7,59,19,23,86,29,19,123,39,19,4,182,2,2,0,85,92,76,48,82,228,162,180,48,8,40,54,53,41,104,51,40,11,68,27,85,10,20,12,238,56,2,20,33,3014,1244,854,1137,522,120,162,146,807,78,30,50,55,216,187,180,6,41,33,31,8,735,24,261,34,104,85,114,44,45,106,116,156,31,60,2,5,56,16,22,15,29,3,5,0,50,31,45,38,1,48,33,1,1,42,27,26,10,1,1,38,19,10,47,13,7,8,22,25,58,63,11,2,9,33,1,7,43,0,0,0,0
SRR8556973,controle,441,178,289,203,164,258,160,148,43,16,20,24,235,171,287,707,523,469,211,174,341,26,174,97,11,152,16,15,32,76,56,97,18,232,50,26,15,270,121,39,21,94,433,38,0,435,125,81,19,64,5,46,226,84,29,214,49,21,0,351,22,10,17,133,70,176,46,104,301,303,318,154,28,51,60,181,79,104,141,136,3,129,175,66,49,60,10,474,60,11,68,8,4901,1997,1447,1835,970,365,140,54,1403,69,63,17,27,509,519,468,23,73,92,181,59,1062,43,490,22,193,136,308,54,122,193,184,354,11,154,20,11,97,106,121,6,106,75,0,25,200,79,5,118,64,289,279,63,63,9,24,23,13,63,64,7,33,20,37,32,10,12,29,84,243,160,21,74,17,18,63,32,206,441,178,289,203,164,258,160,148,43,16,20,24,235,171,287,707,523,469,211,174,341,26,174,97,11,152,16,15,32,76,56,97,18,232,50,26,15,270,121,39,21,94,433,38,0,435,125,81,19,64,5,46,226,84,29,214,49,21,0,351,22,10,17,133,70,176,46,104,301,303,318,154,28,51,60,181,79,104,141,136,3,129,175,66,49,60,10,474,60,11,68,8,4901,1997,1447,1835,970,365,140,54,1403,69,63,17,27,509,519,468,23,73,92,181,59,1062,43,490,22,193,136,308,54,122,193,184,354,11,154,20,11,97,106,121,6,106,75,0,25,200,79,5,118,64,289,279,63,63,9,24,23,13,63,64,7,33,20,37,32,10,12,29,84,243,160,21,74,17,18,63,32,206,23,22,23,22
SRR8556986,controle,299,117,195,67,137,165,12,76,58,21,25,10,145,80,164,634,408,290,170,63,194,17,77,90,24,44,10,8,34,33,41,5,6,137,21,19,20,83,49,28,30,21,266,107,18,284,70,27,26,20,47,46,131,43,25,68,56,25,18,207,8,7,0,142,82,123,24,119,179,184,220,70,30,25,68,126,47,37,88,67,2,111,69,27,17,23,8,403,54,4,25,16,3121,1314,948,1107,625,175,79,22,782,85,80,14,54,324,210,302,0,85,15,10,27,630,13,205,124,161,81,207,23,114,158,190,212,15,34,9,20,75,29,22,50,22,17,18,4,92,37,6,84,10,27,22,10,10,8,45,50,26,10,10,17,32,4,47,25,25,10,44,45,41,80,4,12,4,11,10,21,34,299,117,195,67,137,165,12,76,58,21,25,10,145,80,164,634,408,290,170,63,194,17,77,90,24,44,10,8,34,33,41,5,6,137,21,19,20,83,49,28,30,21,266,107,18,284,70,27,26,20,47,46,131,43,25,68,56,25,18,207,8,7,0,142,82,123,24,119,179,184,220,70,30,25,68,126,47,37,88,67,2,111,69,27,17,23,8,403,54,4,25,16,3121,1314,948,1107,625,175,79,22,782,85,80,14,54,324,210,302,0,85,15,10,27,630,13,205,124,161,81,207,23,114,158,190,212,15,34,9,20,75,29,22,50,22,17,18,4,92,37,6,84,10,27,22,10,10,8,45,50,26,10,10,17,32,4,47,25,25,10,44,45,41,80,4,12,4,11,10,21,34,3,6,3,6
SRR8556990,controle,237,100,144,61,96,198,19,90,14,3,4,26,172,38,150,348,350,178,164,33,209,34,120,49,11,125,18,18,33,96,87,2,6,121,65,79,10,50,47,41,5,35,209,89,6,132,71,46,20,37,16,44,77,59,16,33,85,45,6,608,13,5,0,83,69,102,48,72,206,217,196,46,34,12,69,129,43,26,65,59,2,72,35,39,63,81,12,328,49,10,52,26,3190,1063,804,922,613,218,90,13,691,48,21,34,33,151,142,185,2,22,6,4,33,526,14,149,103,117,72,133,12,54,84,149,138,6,65,4,12,50,16,18,33,19,2,0,5,63,35,22,33,2,7,9,2,2,11,21,28,10,2,2,9,9,3,26,39,9,14,18,4,50,40,2,3,18,15,2,20,11,237,100,144,61,96,198,19,90,14,3,4,26,172,38,150,348,350,178,164,33,209,34,120,49,11,125,18,18,33,96,87,2,6,121,65,79,10,50,47,41,5,35,209,89,6,132,71,46,20,37,16,44,77,59,16,33,85,45,6,608,13,5,0,83,69,102,48,72,206,217,196,46,34,12,69,129,43,26,65,59,2,72,35,39,63,81,12,328,49,10,52,26,3190,1063,804,922,613,218,90,13,691,48,21,34,33,151,142,185,2,22,6,4,33,526,14,149,103,117,72,133,12,54,84,149,138,6,65,4,12,50,16,18,33,19,2,0,5,63,35,22,33,2,7,9,2,2,11,21,28,10,2,2,9,9,3,26,39,9,14,18,4,50,40,2,3,18,15,2,20,11,5,5,5,5
SRR8557003,controle,18,11,12,5,9,14,4,2,0,0,0,0,12,5,9,33,22,14,10,12,7,3,9,7,4,2,0,2,1,2,3,0,0,4,1,2,2,9,2,6,0,0,13,2,0,18,3,2,2,2,2,1,11,3,5,4,3,0,0,25,0,0,2,11,4,7,8,4,15,17,13,8,1,3,11,6,3,3,7,5,3,10,10,2,1,1,1,27,6,0,4,2,205,77,78,62,42,15,2,0,50,3,4,1,0,23,17,21,0,7,0,1,5,40,2,14,5,13,5,15,3,2,15,10,18,1,2,2,0,6,3,0,0,0,2,2,0,11,1,0,7,0,1,1,0,0,0,5,5,3,0,0,3,4,3,3,5,4,0,3,0,7,11,4,0,3,0,0,2,0,18,11,12,5,9,14,4,2,0,0,0,0,12,5,9,33,22,14,10,12,7,3,9,7,4,2,0,2,1,2,3,0,0,4,1,2,2,9,2,6,0,0,13,2,0,18,3,2,2,2,2,1,11,3,5,4,3,0,0,25,0,0,2,11,4,7,8,4,15,17,13,8,1,3,11,6,3,3,7,5,3,10,10,2,1,1,1,27,6,0,4,2,205,77,78,62,42,15,2,0,50,3,4,1,0,23,17,21,0,7,0,1,5,40,2,14,5,13,5,15,3,2,15,10,18,1,2,2,0,6,3,0,0,0,2,2,0,11,1,0,7,0,1,1,0,0,0,5,5,3,0,0,3,4,3,3,5,4,0,3,0,7,11,4,0,3,0,0,2,0,0,0,0,0
SRR8557024,controle,354,166,205,135,211,224,46,135,88,5,7,12,187,92,239,770,550,488,224,68,318,21,157,94,24,149,12,33,47,86,73,9,9,193,54,53,23,123,88,41,16,54,376,80,8,335,87,51,34,37,21,16,174,78,35,117,77,37,8,329,22,12,9,207,83,121,60,133,268,235,277,104,50,44,121,154,82,80,132,65,16,141,114,45,50,77,19,508,96,14,27,13,4366,1863,1317,1524,847,334,136,22,1189,62,48,24,64,432,344,370,33,99,66,78,32,803,19,329,69,187,119,299,54,108,193,211,240,8,67,12,12,106,77,38,19,70,42,18,7,154,52,29,106,31,121,112,31,31,33,35,35,36,31,31,39,41,5,47,33,20,15,71,27,121,117,6,45,4,30,31,29,75,354,166,205,135,211,224,46,135,88,5,7,12,187,92,239,770,550,488,224,68,318,21,157,94,24,149,12,33,47,86,73,9,9,193,54,53,23,123,88,41,16,54,376,80,8,335,87,51,34,37,21,16,174,78,35,117,77,37,8,329,22,12,9,207,83,121,60,133,268,235,277,104,50,44,121,154,82,80,132,65,16,141,114,45,50,77,19,508,96,14,27,13,4366,1863,1317,1524,847,334,136,22,1189,62,48,24,64,432,344,370,33,99,66,78,32,803,19,329,69,187,119,299,54,108,193,211,240,8,67,12,12,106,77,38,19,70,42,18,7,154,52,29,106,31,121,112,31,31,33,35,35,36,31,31,39,41,5,47,33,20,15,71,27,121,117,6,45,4,30,31,29,75,7,7,7,7
SRR8556885,fbm,425,358,238,94,152,197,27,175,190,5,12,50,397,50,164,721,565,367,240,133,346,50,61,149,45,90,19,41,93,51,46,18,79,144,36,20,21,68,62,55,28,56,205,128,19,248,69,28,49,6,36,70,134,86,30,81,74,32,19,712,12,15,2,334,155,295,41,176,150,251,442,76,36,15,113,89,128,73,68,88,29,156,85,35,23,41,3,497,48,10,25,9,4896,1800,1474,1627,1080,189,187,38,944,150,47,105,98,381,302,345,12,32,9,2,15,754,10,159,141,170,149,215,79,100,161,199,284,23,27,48,14,56,59,11,44,130,17,22,56,152,109,54,65,12,21,25,12,12,74,48,48,16,12,12,65,41,33,31,36,6,32,77,26,84,110,36,13,31,71,12,47,39,425,358,238,94,152,197,27,175,190,5,12,50,397,50,164,721,565,367,240,133,346,50,61,149,45,90,19,41,93,51,46,18,79,144,36,20,21,68,62,55,28,56,205,128,19,248,69,28,49,6,36,70,134,86,30,81,74,32,19,712,12,15,2,334,155,295,41,176,150,251,442,76,36,15,113,89,128,73,68,88,29,156,85,35,23,41,3,497,48,10,25,9,4896,1800,1474,1627,1080,189,187,38,944,150,47,105,98,381,302,345,12,32,9,2,15,754,10,159,141,170,149,215,79,100,161,199,284,23,27,48,14,56,59,11,44,130,17,22,56,152,109,54,65,12,21,25,12,12,74,48,48,16,12,12,65,41,33,31,36,6,32,77,26,84,110,36,13,31,71,12,47,39,13,14,13,14
SRR8556891,fbm,628,426,306,126,197,369,57,236,172,15,21,45,521,92,219,898,627,615,321,177,402,52,118,183,24,176,11,38,213,96,100,27,116,234,64,35,34,82,138,126,46,60,417,205,37,502,117,45,90,22,49,110,198,120,27,90,143,91,37,654,23,9,12,434,221,412,74,235,259,328,514,119,55,13,153,105,193,101,158,50,29,246,69,94,49,67,14,791,111,8,42,35,6304,2598,1937,2255,1408,320,253,44,1357,113,62,126,151,426,318,476,20,34,25,6,24,1133,52,182,157,242,198,249,137,173,225,276,315,34,44,76,23,66,65,14,76,198,15,27,89,129,109,142,69,10,12,22,10,10,152,51,52,12,10,10,124,46,54,41,24,20,10,126,33,90,53,77,12,67,41,10,75,18,628,426,306,126,197,369,57,236,172,15,21,45,521,92,219,898,627,615,321,177,402,52,118,183,24,176,11,38,213,96,100,27,116,234,64,35,34,82,138,126,46,60,417,205,37,502,117,45,90,22,49,110,198,120,27,90,143,91,37,654,23,9,12,434,221,412,74,235,259,328,514,119,55,13,153,105,193,101,158,50,29,246,69,94,49,67,14,791,111,8,42,35,6304,2598,1937,2255,1408,320,253,44,1357,113,62,126,151,426,318,476,20,34,25,6,24,1133,52,182,157,242,198,249,137,173,225,276,315,34,44,76,23,66,65,14,76,198,15,27,89,129,109,142,69,10,12,22,10,10,152,51,52,12,10,10,124,46,54,41,24,20,10,126,33,90,53,77,12,67,41,10,75,18,32,45,32,45
SRR8556892,fbm,494,257,235,181,238,334,97,156,110,46,75,13,413,118,191,750,573,354,249,169,269,50,180,146,17,121,5,30,164,91,78,23,103,215,77,80,45,174,141,86,19,28,409,162,14,454,81,27,105,6,43,68,148,95,17,134,141,63,14,530,27,20,12,304,192,327,125,176,206,306,369,87,64,11,103,123,112,58,131,64,12,197,94,91,29,68,25,635,120,12,21,6,5343,2255,1626,1779,1121,357,162,38,1305,65,55,88,110,544,225,324,33,34,23,14,52,802,17,172,179,182,133,153,57,85,173,227,310,24,45,53,15,79,70,17,58,113,21,24,62,138,104,31,67,14,29,29,14,14,44,38,74,16,14,14,40,35,20,21,58,19,20,139,39,58,71,20,14,18,9,14,41,32,494,257,235,181,238,334,97,156,110,46,75,13,413,118,191,750,573,354,249,169,269,50,180,146,17,121,5,30,164,91,78,23,103,215,77,80,45,174,141,86,19,28,409,162,14,454,81,27,105,6,43,68,148,95,17,134,141,63,14,530,27,20,12,304,192,327,125,176,206,306,369,87,64,11,103,123,112,58,131,64,12,197,94,91,29,68,25,635,120,12,21,6,5343,2255,1626,1779,1121,357,162,38,1305,65,55,88,110,544,225,324,33,34,23,14,52,802,17,172,179,182,133,153,57,85,173,227,310,24,45,53,15,79,70,17,58,113,21,24,62,138,104,31,67,14,29,29,14,14,44,38,74,16,14,14,40,35,20,21,58,19,20,139,39,58,71,20,14,18,9,14,41,32,21,21,21,21
SRR8556894,fbm,413,248,244,108,273,264,34,205,176,40,48,30,316,101,134,765,630,309,213,174,315,74,108,164,44,75,19,32,107,40,48,92,69,118,19,12,16,139,66,62,12,19,333,101,6,411,81,31,31,18,23,42,146,86,61,272,86,35,6,483,22,22,5,256,198,349,42,106,143,285,402,118,46,19,75,132,64,67,149,94,9,138,88,32,10,25,8,654,120,10,17,32,4772,1883,1518,1599,958,279,267,44,1012,75,48,53,52,448,348,415,36,56,78,27,35,983,32,225,179,154,104,213,116,96,168,212,207,9,24,6,14,54,22,38,29,62,47,14,6,167,50,55,119,39,45,60,39,39,76,12,11,27,39,39,66,41,11,54,118,42,15,62,3,110,157,12,43,10,37,39,19,70,413,248,244,108,273,264,34,205,176,40,48,30,316,101,134,765,630,309,213,174,315,74,108,164,44,75,19,32,107,40,48,92,69,118,19,12,16,139,66,62,12,19,333,101,6,411,81,31,31,18,23,42,146,86,61,272,86,35,6,483,22,22,5,256,198,349,42,106,143,285,402,118,46,19,75,132,64,67,149,94,9,138,88,32,10,25,8,654,120,10,17,32,4772,1883,1518,1599,958,279,267,44,1012,75,48,53,52,448,348,415,36,56,78,27,35,983,32,225,179,154,104,213,116,96,168,212,207,9,24,6,14,54,22,38,29,62,47,14,6,167,50,55,119,39,45,60,39,39,76,12,11,27,39,39,66,41,11,54,118,42,15,62,3,110,157,12,43,10,37,39,19,70,3,3,3,3
SRR8556896,fbm,273,135,133,59,101,144,13,45,83,20,25,6,119,56,135,446,314,230,77,74,148,50,78,83,15,88,6,4,79,25,35,30,29,87,28,16,13,62,36,48,16,7,214,80,3,164,37,8,41,5,19,29,101,31,22,65,54,16,3,317,3,4,6,138,140,208,32,96,78,193,173,46,19,5,30,62,68,26,60,33,2,113,49,19,14,20,3,297,44,1,8,0,2615,1039,846,797,545,158,84,8,650,32,27,41,43,163,158,170,14,31,21,8,13,520,6,123,82,67,50,94,30,50,101,64,97,2,9,6,10,30,32,23,5,29,31,23,7,69,21,25,84,24,25,30,24,24,27,21,29,26,24,24,24,51,30,24,27,18,5,70,24,36,58,30,26,26,6,24,41,32,273,135,133,59,101,144,13,45,83,20,25,6,119,56,135,446,314,230,77,74,148,50,78,83,15,88,6,4,79,25,35,30,29,87,28,16,13,62,36,48,16,7,214,80,3,164,37,8,41,5,19,29,101,31,22,65,54,16,3,317,3,4,6,138,140,208,32,96,78,193,173,46,19,5,30,62,68,26,60,33,2,113,49,19,14,20,3,297,44,1,8,0,2615,1039,846,797,545,158,84,8,650,32,27,41,43,163,158,170,14,31,21,8,13,520,6,123,82,67,50,94,30,50,101,64,97,2,9,6,10,30,32,23,5,29,31,23,7,69,21,25,84,24,25,30,24,24,27,21,29,26,24,24,24,51,30,24,27,18,5,70,24,36,58,30,26,26,6,24,41,32,7,7,7,7
SRR8556898,fbm,378,247,258,98,157,212,19,174,219,21,26,14,304,47,110,804,658,279,245,135,361,33,73,128,30,72,18,21,72,40,48,47,59,117,17,30,32,96,73,76,30,28,385,68,10,320,61,13,46,7,18,41,181,78,29,149,42,25,9,460,31,22,8,248,152,289,43,143,149,259,393,123,22,21,92,111,89,42,144,87,14,135,95,58,12,19,6,626,103,7,60,9,4528,1700,1438,1415,987,176,191,38,850,95,60,78,58,362,249,363,15,31,51,8,25,906,41,192,163,252,163,222,96,173,206,212,283,17,18,23,21,84,32,24,28,98,31,12,26,158,59,76,72,22,28,32,22,22,102,32,36,25,22,22,86,29,13,41,39,6,8,105,26,72,130,13,24,12,62,22,24,51,378,247,258,98,157,212,19,174,219,21,26,14,304,47,110,804,658,279,245,135,361,33,73,128,30,72,18,21,72,40,48,47,59,117,17,30,32,96,73,76,30,28,385,68,10,320,61,13,46,7,18,41,181,78,29,149,42,25,9,460,31,22,8,248,152,289,43,143,149,259,393,123,22,21,92,111,89,42,144,87,14,135,95,58,12,19,6,626,103,7,60,9,4528,1700,1438,1415,987,176,191,38,850,95,60,78,58,362,249,363,15,31,51,8,25,906,41,192,163,252,163,222,96,173,206,212,283,17,18,23,21,84,32,24,28,98,31,12,26,158,59,76,72,22,28,32,22,22,102,32,36,25,22,22,86,29,13,41,39,6,8,105,26,72,130,13,24,12,62,22,24,51,5,5,5,5
SRR8556902,fbm,568,374,325,121,218,388,37,163,127,7,9,7,369,120,265,857,665,449,285,219,361,40,214,185,11,127,11,19,143,65,63,21,25,189,35,96,26,143,142,93,11,49,393,227,13,397,92,25,80,8,21,86,158,72,23,115,157,49,13,675,50,39,8,339,225,448,161,169,204,415,449,108,62,14,186,176,140,90,176,29,10,284,149,83,23,30,29,824,113,12,42,4,5956,2371,2044,1967,1274,430,172,40,1504,107,52,105,127,447,343,478,51,51,36,17,37,1114,16,197,150,171,186,303,65,86,220,226,245,12,52,39,12,88,68,26,53,97,34,35,45,150,103,62,103,28,33,34,27,27,71,47,61,22,27,28,62,35,20,26,62,44,8,168,21,66,119,21,33,18,44,27,54,43,568,374,325,121,218,388,37,163,127,7,9,7,369,120,265,857,665,449,285,219,361,40,214,185,11,127,11,19,143,65,63,21,25,189,35,96,26,143,142,93,11,49,393,227,13,397,92,25,80,8,21,86,158,72,23,115,157,49,13,675,50,39,8,339,225,448,161,169,204,415,449,108,62,14,186,176,140,90,176,29,10,284,149,83,23,30,29,824,113,12,42,4,5956,2371,2044,1967,1274,430,172,40,1504,107,52,105,127,447,343,478,51,51,36,17,37,1114,16,197,150,171,186,303,65,86,220,226,245,12,52,39,12,88,68,26,53,97,34,35,45,150,103,62,103,28,33,34,27,27,71,47,61,22,27,28,62,35,20,26,62,44,8,168,21,66,119,21,33,18,44,27,54,43,34,33,34,33
SRR8556913,fbm,510,307,241,88,179,289,29,167,139,21,26,18,332,110,148,697,506,348,221,134,283,89,100,141,54,122,13,25,161,57,46,46,85,132,29,59,25,126,112,55,16,31,320,126,24,430,99,37,71,22,52,53,158,54,22,122,95,52,24,688,33,26,15,274,218,353,60,101,204,289,419,93,31,9,92,126,106,50,91,85,10,155,121,74,23,32,8,612,103,4,19,29,4986,1943,1597,1683,1153,242,215,28,1113,77,72,58,45,281,269,269,33,32,49,18,23,842,19,207,114,159,127,179,52,76,176,212,239,4,58,25,6,103,70,27,70,70,25,33,28,123,112,40,69,15,33,31,15,15,46,32,42,28,15,15,39,60,46,45,57,13,26,152,29,99,94,49,17,43,10,15,64,36,510,307,241,88,179,289,29,167,139,21,26,18,332,110,148,697,506,348,221,134,283,89,100,141,54,122,13,25,161,57,46,46,85,132,29,59,25,126,112,55,16,31,320,126,24,430,99,37,71,22,52,53,158,54,22,122,95,52,24,688,33,26,15,274,218,353,60,101,204,289,419,93,31,9,92,126,106,50,91,85,10,155,121,74,23,32,8,612,103,4,19,29,4986,1943,1597,1683,1153,242,215,28,1113,77,72,58,45,281,269,269,33,32,49,18,23,842,19,207,114,159,127,179,52,76,176,212,239,4,58,25,6,103,70,27,70,70,25,33,28,123,112,40,69,15,33,31,15,15,46,32,42,28,15,15,39,60,46,45,57,13,26,152,29,99,94,49,17,43,10,15,64,36,21,22,21,22
SRR8556916,fbm,706,336,340,171,293,414,31,179,173,7,9,30,398,106,240,989,615,594,210,159,356,87,150,208,36,186,12,26,193,60,88,53,91,222,40,54,24,86,94,56,16,35,347,184,13,449,124,26,147,14,21,103,175,52,44,192,105,36,13,780,23,9,39,410,292,406,95,179,239,454,417,77,17,18,72,140,185,53,91,53,5,291,80,38,34,44,4,692,138,11,16,21,6035,2461,1948,2108,1326,384,237,14,1495,118,61,124,99,388,321,360,52,42,47,24,23,1033,37,233,171,168,176,210,75,140,192,158,255,11,46,36,21,68,48,35,33,107,45,55,42,136,107,84,85,35,41,42,35,35,80,26,42,18,35,35,71,69,68,25,55,15,20,92,22,54,80,70,37,61,32,35,106,63,706,336,340,171,293,414,31,179,173,7,9,30,398,106,240,989,615,594,210,159,356,87,150,208,36,186,12,26,193,60,88,53,91,222,40,54,24,86,94,56,16,35,347,184,13,449,124,26,147,14,21,103,175,52,44,192,105,36,13,780,23,9,39,410,292,406,95,179,239,454,417,77,17,18,72,140,185,53,91,53,5,291,80,38,34,44,4,692,138,11,16,21,6035,2461,1948,2108,1326,384,237,14,1495,118,61,124,99,388,321,360,52,42,47,24,23,1033,37,233,171,168,176,210,75,140,192,158,255,11,46,36,21,68,48,35,33,107,45,55,42,136,107,84,85,35,41,42,35,35,80,26,42,18,35,35,71,69,68,25,55,15,20,92,22,54,80,70,37,61,32,35,106,63,29,28,29,28
SRR8556917,fbm,429,246,199,69,144,224,17,117,95,16,20,22,238,71,144,644,365,319,127,144,188,22,78,139,6,131,3,9,180,50,66,17,22,112,33,25,23,63,62,31,15,12,222,115,21,248,79,17,100,11,50,68,83,40,15,90,70,33,21,425,11,7,27,244,236,262,52,153,139,253,269,49,10,4,50,71,60,33,41,14,7,145,65,35,30,38,6,418,75,5,17,16,3524,1421,1282,1247,802,233,126,24,837,68,32,74,64,227,142,182,18,18,18,2,5,547,42,135,113,134,56,82,68,72,112,144,219,6,7,23,23,32,39,10,32,80,14,56,26,60,83,58,33,8,15,13,8,8,72,23,35,9,8,8,63,38,42,17,27,11,4,72,11,24,31,44,9,38,21,8,84,22,429,246,199,69,144,224,17,117,95,16,20,22,238,71,144,644,365,319,127,144,188,22,78,139,6,131,3,9,180,50,66,17,22,112,33,25,23,63,62,31,15,12,222,115,21,248,79,17,100,11,50,68,83,40,15,90,70,33,21,425,11,7,27,244,236,262,52,153,139,253,269,49,10,4,50,71,60,33,41,14,7,145,65,35,30,38,6,418,75,5,17,16,3524,1421,1282,1247,802,233,126,24,837,68,32,74,64,227,142,182,18,18,18,2,5,547,42,135,113,134,56,82,68,72,112,144,219,6,7,23,23,32,39,10,32,80,14,56,26,60,83,58,33,8,15,13,8,8,72,23,35,9,8,8,63,38,42,17,27,11,4,72,11,24,31,44,9,38,21,8,84,22,20,19,20,19
SRR8556919,fbm,655,347,380,197,285,411,46,249,227,23,28,93,416,174,262,1054,668,662,215,143,280,84,122,164,44,247,7,13,300,89,127,80,106,279,66,60,39,136,177,90,17,47,404,212,17,425,104,18,135,9,33,108,204,68,36,171,154,47,17,863,10,11,34,453,364,477,84,176,209,479,403,94,32,11,88,128,148,87,128,84,21,268,94,69,59,71,2,640,112,2,18,13,6691,2725,2073,2155,1354,331,300,31,1555,121,41,129,69,414,380,427,40,24,52,31,32,1062,72,266,262,268,122,157,162,115,291,271,430,9,30,51,24,60,65,22,40,168,30,86,59,150,119,133,80,20,41,42,20,20,164,32,66,23,20,20,142,87,86,32,87,12,14,118,27,59,96,89,23,77,13,20,154,33,655,347,380,197,285,411,46,249,227,23,28,93,416,174,262,1054,668,662,215,143,280,84,122,164,44,247,7,13,300,89,127,80,106,279,66,60,39,136,177,90,17,47,404,212,17,425,104,18,135,9,33,108,204,68,36,171,154,47,17,863,10,11,34,453,364,477,84,176,209,479,403,94,32,11,88,128,148,87,128,84,21,268,94,69,59,71,2,640,112,2,18,13,6691,2725,2073,2155,1354,331,300,31,1555,121,41,129,69,414,380,427,40,24,52,31,32,1062,72,266,262,268,122,157,162,115,291,271,430,9,30,51,24,60,65,22,40,168,30,86,59,150,119,133,80,20,41,42,20,20,164,32,66,23,20,20,142,87,86,32,87,12,14,118,27,59,96,89,23,77,13,20,154,33,50,49,50,49
SRR8556920,fbm,621,332,376,137,244,315,32,165,192,18,22,7,320,145,208,850,653,363,180,137,325,94,109,161,44,157,24,23,147,52,71,94,82,131,36,32,24,132,113,62,10,29,405,138,9,371,81,34,47,21,12,34,180,70,32,241,95,40,9,586,22,16,9,289,245,458,65,192,204,416,427,82,33,17,76,125,160,54,189,83,5,155,81,73,19,44,3,783,124,11,31,23,5427,2114,1853,1750,1194,281,232,50,1204,68,74,72,98,411,355,341,14,33,55,13,21,909,26,223,159,212,67,204,48,115,255,223,252,4,56,23,10,66,48,41,26,66,37,26,26,136,100,55,95,31,32,32,31,31,49,21,35,24,31,31,43,60,44,53,71,17,13,71,34,74,127,45,33,39,39,31,54,46,621,332,376,137,244,315,32,165,192,18,22,7,320,145,208,850,653,363,180,137,325,94,109,161,44,157,24,23,147,52,71,94,82,131,36,32,24,132,113,62,10,29,405,138,9,371,81,34,47,21,12,34,180,70,32,241,95,40,9,586,22,16,9,289,245,458,65,192,204,416,427,82,33,17,76,125,160,54,189,83,5,155,81,73,19,44,3,783,124,11,31,23,5427,2114,1853,1750,1194,281,232,50,1204,68,74,72,98,411,355,341,14,33,55,13,21,909,26,223,159,212,67,204,48,115,255,223,252,4,56,23,10,66,48,41,26,66,37,26,26,136,100,55,95,31,32,32,31,31,49,21,35,24,31,31,43,60,44,53,71,17,13,71,34,74,127,45,33,39,39,31,54,46,19,18,19,18
SRR8556938,fbm,384,220,231,95,153,279,54,168,127,19,23,8,240,100,143,554,379,339,118,89,217,79,85,128,25,76,6,21,121,32,41,45,42,119,18,20,21,82,72,47,11,12,293,126,7,401,127,45,84,27,17,49,160,49,52,108,87,25,7,373,9,8,3,203,190,270,52,109,114,276,281,48,34,5,44,98,138,70,108,51,5,162,62,31,15,21,4,426,68,8,26,32,3894,1584,1287,1346,785,213,193,37,880,75,47,63,64,277,212,303,26,33,41,23,35,539,9,164,85,111,102,184,47,60,141,118,179,4,36,7,20,66,44,17,21,41,18,11,8,99,53,39,62,17,26,26,17,17,49,20,22,15,17,17,43,29,20,32,41,9,9,115,14,49,102,21,19,18,11,17,29,29,384,220,231,95,153,279,54,168,127,19,23,8,240,100,143,554,379,339,118,89,217,79,85,128,25,76,6,21,121,32,41,45,42,119,18,20,21,82,72,47,11,12,293,126,7,401,127,45,84,27,17,49,160,49,52,108,87,25,7,373,9,8,3,203,190,270,52,109,114,276,281,48,34,5,44,98,138,70,108,51,5,162,62,31,15,21,4,426,68,8,26,32,3894,1584,1287,1346,785,213,193,37,880,75,47,63,64,277,212,303,26,33,41,23,35,539,9,164,85,111,102,184,47,60,141,118,179,4,36,7,20,66,44,17,21,41,18,11,8,99,53,39,62,17,26,26,17,17,49,20,22,15,17,17,43,29,20,32,41,9,9,115,14,49,102,21,19,18,11,17,29,29,8,8,8,8
SRR8556939,fbm,364,233,187,112,140,254,22,122,93,3,3,20,251,37,136,562,444,366,264,117,251,56,65,129,11,121,19,1,117,53,56,30,18,218,39,13,8,42,35,39,32,22,203,128,14,304,85,24,76,20,29,53,80,92,14,86,88,29,14,570,9,10,7,284,167,203,51,108,126,229,292,90,27,8,87,65,113,63,74,39,36,174,38,28,28,42,4,490,54,0,43,42,4167,1678,1295,1405,821,200,119,57,1012,99,42,90,70,355,162,366,30,28,10,0,12,700,54,187,75,119,153,238,94,72,128,117,184,12,23,22,13,42,38,15,44,91,27,38,25,81,68,63,49,11,37,25,11,11,100,37,39,18,11,11,77,56,60,22,31,6,2,139,24,37,80,69,12,60,12,11,73,56,364,233,187,112,140,254,22,122,93,3,3,20,251,37,136,562,444,366,264,117,251,56,65,129,11,121,19,1,117,53,56,30,18,218,39,13,8,42,35,39,32,22,203,128,14,304,85,24,76,20,29,53,80,92,14,86,88,29,14,570,9,10,7,284,167,203,51,108,126,229,292,90,27,8,87,65,113,63,74,39,36,174,38,28,28,42,4,490,54,0,43,42,4167,1678,1295,1405,821,200,119,57,1012,99,42,90,70,355,162,366,30,28,10,0,12,700,54,187,75,119,153,238,94,72,128,117,184,12,23,22,13,42,38,15,44,91,27,38,25,81,68,63,49,11,37,25,11,11,100,37,39,18,11,11,77,56,60,22,31,6,2,139,24,37,80,69,12,60,12,11,73,56,15,23,15,23
SRR8556944,fbm,590,325,392,190,287,544,64,184,139,12,15,48,328,127,300,1023,513,532,232,171,352,80,110,197,20,237,3,26,280,93,76,27,46,276,69,40,24,168,148,57,22,16,395,335,7,457,120,19,149,8,67,140,165,51,38,123,172,23,7,641,18,20,16,499,287,317,90,271,217,422,416,65,28,11,54,69,271,49,89,60,15,374,139,87,54,67,8,732,107,7,38,10,6234,2555,2060,2051,1268,316,206,24,1539,74,77,158,142,353,479,457,125,35,58,44,14,867,30,224,113,257,231,212,87,122,208,263,378,16,53,43,51,65,68,20,17,114,25,64,50,142,87,97,88,20,35,42,20,20,81,32,41,16,20,20,71,48,45,26,58,20,24,118,60,66,79,46,24,40,19,20,85,29,590,325,392,190,287,544,64,184,139,12,15,48,328,127,300,1023,513,532,232,171,352,80,110,197,20,237,3,26,280,93,76,27,46,276,69,40,24,168,148,57,22,16,395,335,7,457,120,19,149,8,67,140,165,51,38,123,172,23,7,641,18,20,16,499,287,317,90,271,217,422,416,65,28,11,54,69,271,49,89,60,15,374,139,87,54,67,8,732,107,7,38,10,6234,2555,2060,2051,1268,316,206,24,1539,74,77,158,142,353,479,457,125,35,58,44,14,867,30,224,113,257,231,212,87,122,208,263,378,16,53,43,51,65,68,20,17,114,25,64,50,142,87,97,88,20,35,42,20,20,81,32,41,16,20,20,71,48,45,26,58,20,24,118,60,66,79,46,24,40,19,20,85,29,35,34,35,34
SRR8556945,fbm,623,379,344,142,279,436,43,245,208,15,18,40,347,146,237,1018,645,525,205,113,310,88,123,183,41,168,11,11,222,57,93,98,102,203,41,65,34,118,107,104,20,25,440,232,13,493,91,10,94,4,46,64,215,51,37,175,158,30,12,675,9,8,15,346,335,465,78,167,192,409,451,68,19,13,78,143,136,68,156,84,12,235,96,71,27,46,4,690,175,2,33,0,6110,2527,2024,2029,1273,306,293,42,1389,82,76,78,77,479,326,402,54,50,67,33,39,965,30,215,113,244,96,187,99,139,340,215,303,11,65,24,23,76,54,30,51,95,37,22,28,116,94,82,90,28,53,57,27,27,101,31,53,25,27,28,88,68,57,56,64,31,15,143,22,89,91,59,37,51,23,27,71,71,623,379,344,142,279,436,43,245,208,15,18,40,347,146,237,1018,645,525,205,113,310,88,123,183,41,168,11,11,222,57,93,98,102,203,41,65,34,118,107,104,20,25,440,232,13,493,91,10,94,4,46,64,215,51,37,175,158,30,12,675,9,8,15,346,335,465,78,167,192,409,451,68,19,13,78,143,136,68,156,84,12,235,96,71,27,46,4,690,175,2,33,0,6110,2527,2024,2029,1273,306,293,42,1389,82,76,78,77,479,326,402,54,50,67,33,39,965,30,215,113,244,96,187,99,139,340,215,303,11,65,24,23,76,54,30,51,95,37,22,28,116,94,82,90,28,53,57,27,27,101,31,53,25,27,28,88,68,57,56,64,31,15,143,22,89,91,59,37,51,23,27,71,71,15,14,15,14
SRR8556947,fbm,412,222,239,189,198,425,44,155,100,10,12,64,192,80,227,677,396,415,221,105,205,54,105,144,8,167,0,6,213,59,56,8,16,196,36,16,16,71,82,55,6,20,285,312,16,315,111,30,131,18,23,194,107,39,17,87,184,35,16,501,3,3,16,307,206,227,100,192,155,346,279,80,13,3,63,37,263,35,39,22,3,257,82,55,34,46,10,519,68,4,34,42,4629,1777,1412,1438,879,246,162,9,1143,78,62,165,135,193,294,307,62,15,3,2,9,674,39,136,48,184,163,161,88,92,158,155,246,12,28,45,38,36,31,3,31,124,4,48,53,82,72,118,45,2,5,21,2,2,98,26,36,5,2,2,86,16,17,7,25,24,18,97,31,18,32,18,3,16,1,2,54,5,412,222,239,189,198,425,44,155,100,10,12,64,192,80,227,677,396,415,221,105,205,54,105,144,8,167,0,6,213,59,56,8,16,196,36,16,16,71,82,55,6,20,285,312,16,315,111,30,131,18,23,194,107,39,17,87,184,35,16,501,3,3,16,307,206,227,100,192,155,346,279,80,13,3,63,37,263,35,39,22,3,257,82,55,34,46,10,519,68,4,34,42,4629,1777,1412,1438,879,246,162,9,1143,78,62,165,135,193,294,307,62,15,3,2,9,674,39,136,48,184,163,161,88,92,158,155,246,12,28,45,38,36,31,3,31,124,4,48,53,82,72,118,45,2,5,21,2,2,98,26,36,5,2,2,86,16,17,7,25,24,18,97,31,18,32,18,3,16,1,2,54,5,49,48,49,48
SRR8556948,fbm,393,211,282,107,152,207,36,182,141,10,16,14,229,71,217,746,486,433,183,109,250,52,112,136,19,128,21,16,108,51,71,50,40,168,36,23,23,69,69,79,21,16,263,116,15,267,68,26,54,12,22,60,120,83,25,105,85,23,15,1014,26,12,20,285,209,294,72,112,142,304,326,92,31,16,120,98,106,43,74,54,11,238,65,52,23,42,18,551,104,15,35,20,5188,1805,1542,1505,895,274,205,37,1162,55,43,64,64,376,234,343,54,39,18,9,22,744,24,174,100,147,94,144,89,114,154,158,215,9,52,13,9,48,24,29,25,71,32,13,14,112,62,73,107,28,45,39,28,28,89,47,50,18,28,28,77,56,45,33,60,26,36,49,26,72,101,46,31,40,9,28,61,68,393,211,282,107,152,207,36,182,141,10,16,14,229,71,217,746,486,433,183,109,250,52,112,136,19,128,21,16,108,51,71,50,40,168,36,23,23,69,69,79,21,16,263,116,15,267,68,26,54,12,22,60,120,83,25,105,85,23,15,1014,26,12,20,285,209,294,72,112,142,304,326,92,31,16,120,98,106,43,74,54,11,238,65,52,23,42,18,551,104,15,35,20,5188,1805,1542,1505,895,274,205,37,1162,55,43,64,64,376,234,343,54,39,18,9,22,744,24,174,100,147,94,144,89,114,154,158,215,9,52,13,9,48,24,29,25,71,32,13,14,112,62,73,107,28,45,39,28,28,89,47,50,18,28,28,77,56,45,33,60,26,36,49,26,72,101,46,31,40,9,28,61,68,9,9,9,9
SRR8556952,fbm,356,278,138,69,98,252,26,125,112,32,39,28,269,32,100,461,416,249,152,89,203,19,81,104,13,84,12,25,89,30,22,27,12,99,18,30,18,55,84,55,16,29,194,80,17,248,60,30,41,12,22,26,96,83,11,56,100,75,17,390,13,12,23,168,110,274,37,127,144,170,337,56,27,3,50,114,80,45,38,38,13,106,39,56,12,22,5,393,54,3,17,19,3356,1296,1049,1133,757,170,129,58,743,34,58,49,81,255,157,218,9,19,8,4,10,648,12,124,120,170,118,166,81,73,165,175,228,6,20,18,10,46,26,30,32,73,29,22,21,83,73,61,56,19,23,30,19,19,82,28,32,9,19,19,69,31,27,26,24,11,6,74,40,66,66,34,20,29,31,19,40,32,356,278,138,69,98,252,26,125,112,32,39,28,269,32,100,461,416,249,152,89,203,19,81,104,13,84,12,25,89,30,22,27,12,99,18,30,18,55,84,55,16,29,194,80,17,248,60,30,41,12,22,26,96,83,11,56,100,75,17,390,13,12,23,168,110,274,37,127,144,170,337,56,27,3,50,114,80,45,38,38,13,106,39,56,12,22,5,393,54,3,17,19,3356,1296,1049,1133,757,170,129,58,743,34,58,49,81,255,157,218,9,19,8,4,10,648,12,124,120,170,118,166,81,73,165,175,228,6,20,18,10,46,26,30,32,73,29,22,21,83,73,61,56,19,23,30,19,19,82,28,32,9,19,19,69,31,27,26,24,11,6,74,40,66,66,34,20,29,31,19,40,32,17,21,17,21
SRR8556953,fbm,453,228,247,136,195,345,38,141,66,22,26,19,236,76,196,664,437,370,179,107,278,58,94,149,7,108,3,30,101,60,51,23,25,152,36,32,37,67,101,77,20,26,322,185,23,392,76,21,78,7,38,51,126,81,28,145,131,54,23,458,17,19,13,239,226,271,64,137,163,273,296,88,27,10,59,81,145,52,88,37,9,184,82,63,28,39,11,539,86,12,33,9,4422,1803,1442,1504,924,243,156,47,1050,93,51,80,96,393,232,299,37,36,18,14,24,706,21,185,110,116,118,142,33,71,170,145,231,11,54,24,16,39,55,14,41,48,23,46,28,86,58,32,65,15,27,36,15,15,25,32,46,19,15,15,23,37,26,34,36,28,16,106,31,55,58,27,16,23,18,15,69,25,453,228,247,136,195,345,38,141,66,22,26,19,236,76,196,664,437,370,179,107,278,58,94,149,7,108,3,30,101,60,51,23,25,152,36,32,37,67,101,77,20,26,322,185,23,392,76,21,78,7,38,51,126,81,28,145,131,54,23,458,17,19,13,239,226,271,64,137,163,273,296,88,27,10,59,81,145,52,88,37,9,184,82,63,28,39,11,539,86,12,33,9,4422,1803,1442,1504,924,243,156,47,1050,93,51,80,96,393,232,299,37,36,18,14,24,706,21,185,110,116,118,142,33,71,170,145,231,11,54,24,16,39,55,14,41,48,23,46,28,86,58,32,65,15,27,36,15,15,25,32,46,19,15,15,23,37,26,34,36,28,16,106,31,55,58,27,16,23,18,15,69,25,16,16,16,16
SRR8556955,fbm,750,344,466,217,348,444,89,250,257,22,27,50,403,157,275,1304,846,607,309,206,519,129,186,297,44,215,39,23,224,98,127,135,106,233,57,36,30,163,130,74,39,23,602,206,7,598,175,61,138,23,63,70,376,54,73,337,124,16,7,975,43,24,15,446,323,510,104,237,276,534,570,135,48,26,109,194,198,107,226,100,3,296,160,71,47,62,9,1043,167,14,62,20,8125,3121,2646,2614,1573,474,324,58,1866,203,151,129,110,549,534,521,47,44,90,33,48,1522,48,257,193,340,188,271,64,152,346,395,427,14,49,21,33,111,68,46,27,87,48,58,23,152,94,75,112,45,57,61,45,45,62,32,40,16,45,45,56,78,69,44,75,12,5,92,56,98,117,71,47,62,27,45,114,78,750,344,466,217,348,444,89,250,257,22,27,50,403,157,275,1304,846,607,309,206,519,129,186,297,44,215,39,23,224,98,127,135,106,233,57,36,30,163,130,74,39,23,602,206,7,598,175,61,138,23,63,70,376,54,73,337,124,16,7,975,43,24,15,446,323,510,104,237,276,534,570,135,48,26,109,194,198,107,226,100,3,296,160,71,47,62,9,1043,167,14,62,20,8125,3121,2646,2614,1573,474,324,58,1866,203,151,129,110,549,534,521,47,44,90,33,48,1522,48,257,193,340,188,271,64,152,346,395,427,14,49,21,33,111,68,46,27,87,48,58,23,152,94,75,112,45,57,61,45,45,62,32,40,16,45,45,56,78,69,44,75,12,5,92,56,98,117,71,47,62,27,45,114,78,17,17,17,17
SRR8556963,fbm,633,333,331,260,316,504,78,313,155,7,18,34,345,147,316,903,504,550,195,100,318,144,127,179,23,209,4,19,243,92,121,76,59,228,61,28,41,110,160,74,16,12,444,392,34,497,141,29,124,10,42,176,204,123,52,200,245,65,34,857,13,13,12,431,301,369,91,242,201,507,396,71,17,8,107,90,289,73,118,37,29,337,107,110,53,67,7,780,104,9,32,4,6803,2679,2069,2079,1304,343,349,97,1554,117,82,160,154,478,377,493,86,27,50,25,25,932,26,214,88,187,179,227,82,83,202,191,301,17,83,61,78,65,38,12,57,123,17,27,71,130,122,70,84,13,36,53,13,13,63,43,60,18,13,14,56,63,63,25,43,18,30,222,29,59,74,65,14,57,7,13,73,27,633,333,331,260,316,504,78,313,155,7,18,34,345,147,316,903,504,550,195,100,318,144,127,179,23,209,4,19,243,92,121,76,59,228,61,28,41,110,160,74,16,12,444,392,34,497,141,29,124,10,42,176,204,123,52,200,245,65,34,857,13,13,12,431,301,369,91,242,201,507,396,71,17,8,107,90,289,73,118,37,29,337,107,110,53,67,7,780,104,9,32,4,6803,2679,2069,2079,1304,343,349,97,1554,117,82,160,154,478,377,493,86,27,50,25,25,932,26,214,88,187,179,227,82,83,202,191,301,17,83,61,78,65,38,12,57,123,17,27,71,130,122,70,84,13,36,53,13,13,63,43,60,18,13,14,56,63,63,25,43,18,30,222,29,59,74,65,14,57,7,13,73,27,53,52,53,52
SRR8556968,fbm,548,305,351,143,308,363,31,246,118,24,28,19,288,108,258,898,607,432,231,195,347,56,99,224,12,156,5,17,142,64,76,29,30,177,41,55,44,167,147,116,17,27,396,203,21,434,110,36,65,21,39,72,243,41,52,109,119,42,21,732,15,8,16,250,222,320,56,218,240,405,442,97,28,15,76,136,185,66,134,58,12,183,103,94,34,46,6,751,132,8,49,15,5786,2193,1798,1849,1181,303,247,17,1290,114,68,98,119,446,318,472,28,45,62,34,58,849,24,268,137,164,217,234,90,123,192,203,264,9,43,15,21,89,49,37,42,80,40,57,17,169,80,96,104,32,45,37,32,32,101,37,52,26,32,32,88,44,24,61,104,23,20,129,34,96,164,25,38,21,12,32,82,69,548,305,351,143,308,363,31,246,118,24,28,19,288,108,258,898,607,432,231,195,347,56,99,224,12,156,5,17,142,64,76,29,30,177,41,55,44,167,147,116,17,27,396,203,21,434,110,36,65,21,39,72,243,41,52,109,119,42,21,732,15,8,16,250,222,320,56,218,240,405,442,97,28,15,76,136,185,66,134,58,12,183,103,94,34,46,6,751,132,8,49,15,5786,2193,1798,1849,1181,303,247,17,1290,114,68,98,119,446,318,472,28,45,62,34,58,849,24,268,137,164,217,234,90,123,192,203,264,9,43,15,21,89,49,37,42,80,40,57,17,169,80,96,104,32,45,37,32,32,101,37,52,26,32,32,88,44,24,61,104,23,20,129,34,96,164,25,38,21,12,32,82,69,13,12,13,12
SRR8556971,fbm,439,300,253,161,268,269,42,124,64,19,22,37,310,131,186,586,368,392,254,168,293,39,95,176,5,198,10,12,143,75,54,19,36,172,48,40,15,71,128,38,23,23,283,211,35,291,61,15,70,5,55,173,130,36,17,93,143,32,35,482,14,11,17,306,154,268,66,171,191,298,421,79,13,6,61,76,141,42,55,21,5,260,61,87,45,54,3,449,62,9,23,7,4471,1851,1549,1555,1011,252,126,38,1117,102,45,125,106,271,210,219,41,29,12,8,10,765,27,170,104,114,96,106,41,81,133,136,245,12,23,29,38,58,37,11,55,74,15,43,33,97,77,38,45,8,17,19,8,8,45,35,44,15,8,8,40,23,13,17,43,13,8,115,12,36,61,14,9,12,28,8,51,21,439,300,253,161,268,269,42,124,64,19,22,37,310,131,186,586,368,392,254,168,293,39,95,176,5,198,10,12,143,75,54,19,36,172,48,40,15,71,128,38,23,23,283,211,35,291,61,15,70,5,55,173,130,36,17,93,143,32,35,482,14,11,17,306,154,268,66,171,191,298,421,79,13,6,61,76,141,42,55,21,5,260,61,87,45,54,3,449,62,9,23,7,4471,1851,1549,1555,1011,252,126,38,1117,102,45,125,106,271,210,219,41,29,12,8,10,765,27,170,104,114,96,106,41,81,133,136,245,12,23,29,38,58,37,11,55,74,15,43,33,97,77,38,45,8,17,19,8,8,45,35,44,15,8,8,40,23,13,17,43,13,8,115,12,36,61,14,9,12,28,8,51,21,14,13,14,13
SRR8556980,fbm,589,304,397,178,316,425,56,170,154,7,9,30,341,133,273,992,670,429,252,136,312,115,121,184,28,152,17,23,184,51,52,72,43,221,36,37,34,145,124,82,16,17,345,286,22,399,91,14,100,6,35,116,193,104,54,123,189,58,22,961,13,6,11,377,286,311,86,182,242,438,384,100,30,12,95,111,174,72,122,52,10,256,72,81,26,36,8,718,121,8,30,7,6362,2415,1906,1924,1231,327,198,93,1489,106,56,114,102,469,388,503,62,17,34,21,17,822,37,238,123,241,165,261,131,174,231,236,340,11,55,28,46,77,49,21,50,113,22,57,32,99,72,84,67,17,37,40,17,17,113,37,55,12,17,17,98,40,37,25,53,32,12,75,27,47,78,38,28,33,29,17,90,47,589,304,397,178,316,425,56,170,154,7,9,30,341,133,273,992,670,429,252,136,312,115,121,184,28,152,17,23,184,51,52,72,43,221,36,37,34,145,124,82,16,17,345,286,22,399,91,14,100,6,35,116,193,104,54,123,189,58,22,961,13,6,11,377,286,311,86,182,242,438,384,100,30,12,95,111,174,72,122,52,10,256,72,81,26,36,8,718,121,8,30,7,6362,2415,1906,1924,1231,327,198,93,1489,106,56,114,102,469,388,503,62,17,34,21,17,822,37,238,123,241,165,261,131,174,231,236,340,11,55,28,46,77,49,21,50,113,22,57,32,99,72,84,67,17,37,40,17,17,113,37,55,12,17,17,98,40,37,25,53,32,12,75,27,47,78,38,28,33,29,17,90,47,22,21,22,21
SRR8556982,fbm,600,347,378,182,302,410,36,187,179,23,28,31,326,135,290,1075,691,541,234,185,361,89,120,216,38,211,25,13,191,76,84,64,79,236,53,40,25,114,133,107,15,23,494,207,4,412,104,15,115,8,46,88,193,37,50,172,121,14,4,672,27,25,19,409,320,433,72,183,191,435,441,128,40,14,88,124,184,56,152,64,7,273,112,82,39,49,7,799,139,4,31,3,6199,2494,2089,1983,1293,353,247,28,1458,108,69,119,112,420,328,428,64,67,55,24,39,1012,35,242,212,189,117,222,85,122,233,184,254,8,35,15,17,76,64,39,14,80,47,43,18,136,77,79,127,36,46,50,36,36,89,42,56,41,36,37,79,48,14,55,64,49,17,78,32,65,121,15,38,13,25,36,61,66,600,347,378,182,302,410,36,187,179,23,28,31,326,135,290,1075,691,541,234,185,361,89,120,216,38,211,25,13,191,76,84,64,79,236,53,40,25,114,133,107,15,23,494,207,4,412,104,15,115,8,46,88,193,37,50,172,121,14,4,672,27,25,19,409,320,433,72,183,191,435,441,128,40,14,88,124,184,56,152,64,7,273,112,82,39,49,7,799,139,4,31,3,6199,2494,2089,1983,1293,353,247,28,1458,108,69,119,112,420,328,428,64,67,55,24,39,1012,35,242,212,189,117,222,85,122,233,184,254,8,35,15,17,76,64,39,14,80,47,43,18,136,77,79,127,36,46,50,36,36,89,42,56,41,36,37,79,48,14,55,64,49,17,78,32,65,121,15,38,13,25,36,61,66,12,12,12,12
SRR8556984,fbm,475,262,282,145,248,344,36,179,96,13,15,22,313,105,212,958,722,351,215,86,286,56,92,129,12,171,14,31,256,66,72,26,31,231,53,36,18,109,130,34,22,29,370,215,21,354,83,25,75,12,58,77,133,59,26,116,163,58,21,793,12,10,22,289,186,243,71,159,197,356,274,85,27,3,114,75,144,73,85,55,5,192,76,78,37,47,4,632,107,6,25,13,5585,2086,1500,1603,956,242,193,22,1294,95,63,93,71,344,280,332,70,26,20,30,17,910,28,232,97,376,121,164,75,335,490,166,496,12,51,25,22,70,76,10,64,89,17,32,29,111,83,66,59,11,21,27,10,10,82,41,53,14,10,11,72,38,33,19,72,13,6,88,30,68,82,34,11,30,19,10,52,24,475,262,282,145,248,344,36,179,96,13,15,22,313,105,212,958,722,351,215,86,286,56,92,129,12,171,14,31,256,66,72,26,31,231,53,36,18,109,130,34,22,29,370,215,21,354,83,25,75,12,58,77,133,59,26,116,163,58,21,793,12,10,22,289,186,243,71,159,197,356,274,85,27,3,114,75,144,73,85,55,5,192,76,78,37,47,4,632,107,6,25,13,5585,2086,1500,1603,956,242,193,22,1294,95,63,93,71,344,280,332,70,26,20,30,17,910,28,232,97,376,121,164,75,335,490,166,496,12,51,25,22,70,76,10,64,89,17,32,29,111,83,66,59,11,21,27,10,10,82,41,53,14,10,11,72,38,33,19,72,13,6,88,30,68,82,34,11,30,19,10,52,24,26,25,26,25
SRR8556985,fbm,469,287,283,164,253,297,35,233,240,15,18,20,338,169,250,945,666,389,206,140,307,94,127,158,30,128,11,18,137,59,70,68,70,167,31,31,26,129,106,66,18,25,397,180,7,387,88,32,44,19,24,69,178,68,62,257,123,22,7,826,24,18,14,328,242,402,71,137,203,371,433,85,46,11,106,155,125,95,120,99,3,219,105,75,23,37,5,687,153,7,53,20,5969,2251,1719,1885,1104,305,280,40,1239,68,60,57,102,359,414,514,46,37,96,48,30,918,27,234,150,218,175,241,99,156,262,214,322,16,55,17,38,78,63,35,32,104,47,23,19,96,59,78,103,37,49,55,37,37,98,38,44,19,37,37,86,43,25,35,38,24,10,103,18,66,79,26,45,23,19,37,40,61,469,287,283,164,253,297,35,233,240,15,18,20,338,169,250,945,666,389,206,140,307,94,127,158,30,128,11,18,137,59,70,68,70,167,31,31,26,129,106,66,18,25,397,180,7,387,88,32,44,19,24,69,178,68,62,257,123,22,7,826,24,18,14,328,242,402,71,137,203,371,433,85,46,11,106,155,125,95,120,99,3,219,105,75,23,37,5,687,153,7,53,20,5969,2251,1719,1885,1104,305,280,40,1239,68,60,57,102,359,414,514,46,37,96,48,30,918,27,234,150,218,175,241,99,156,262,214,322,16,55,17,38,78,63,35,32,104,47,23,19,96,59,78,103,37,49,55,37,37,98,38,44,19,37,37,86,43,25,35,38,24,10,103,18,66,79,26,45,23,19,37,40,61,12,11,12,11
SRR8556989,fbm,632,335,273,138,205,309,35,221,139,10,15,24,315,65,266,733,447,452,208,136,357,69,97,164,8,137,13,20,172,63,94,51,15,156,46,47,36,94,125,75,10,38,373,202,21,357,93,21,107,11,34,92,142,101,50,122,140,59,21,1672,9,8,19,343,211,364,69,178,185,471,446,88,30,12,77,86,149,52,133,26,5,252,125,96,38,48,5,728,135,11,43,4,6839,2227,1875,1765,1265,291,238,69,1330,91,56,102,97,400,282,305,36,45,23,18,14,861,14,149,107,121,79,183,118,100,187,163,204,11,54,34,18,92,49,14,46,125,12,5,39,126,98,98,80,12,35,30,12,12,116,46,64,12,12,12,101,50,48,21,66,27,26,141,30,86,94,49,12,43,18,12,45,38,632,335,273,138,205,309,35,221,139,10,15,24,315,65,266,733,447,452,208,136,357,69,97,164,8,137,13,20,172,63,94,51,15,156,46,47,36,94,125,75,10,38,373,202,21,357,93,21,107,11,34,92,142,101,50,122,140,59,21,1672,9,8,19,343,211,364,69,178,185,471,446,88,30,12,77,86,149,52,133,26,5,252,125,96,38,48,5,728,135,11,43,4,6839,2227,1875,1765,1265,291,238,69,1330,91,56,102,97,400,282,305,36,45,23,18,14,861,14,149,107,121,79,183,118,100,187,163,204,11,54,34,18,92,49,14,46,125,12,5,39,126,98,98,80,12,35,30,12,12,116,46,64,12,12,12,101,50,48,21,66,27,26,141,30,86,94,49,12,43,18,12,45,38,34,33,34,33
SRR8556994,fbm,319,224,154,66,116,247,36,124,103,5,6,38,241,40,127,498,337,284,121,56,185,36,51,66,18,71,7,17,121,49,52,32,80,133,31,36,37,54,84,37,5,32,304,122,28,317,91,31,94,13,32,54,85,44,35,51,78,50,28,345,6,7,11,232,167,224,44,176,101,232,288,41,37,5,103,61,81,48,76,46,7,151,51,48,20,31,6,351,63,2,21,32,3426,1466,1132,1202,781,140,145,9,749,85,12,67,76,216,195,225,12,29,24,14,2,555,22,100,100,102,72,109,78,40,105,137,187,20,22,49,25,31,41,8,52,120,19,13,57,97,74,56,51,9,15,16,8,8,81,38,48,13,8,9,70,33,27,25,36,9,9,80,7,52,36,27,9,24,6,8,22,22,319,224,154,66,116,247,36,124,103,5,6,38,241,40,127,498,337,284,121,56,185,36,51,66,18,71,7,17,121,49,52,32,80,133,31,36,37,54,84,37,5,32,304,122,28,317,91,31,94,13,32,54,85,44,35,51,78,50,28,345,6,7,11,232,167,224,44,176,101,232,288,41,37,5,103,61,81,48,76,46,7,151,51,48,20,31,6,351,63,2,21,32,3426,1466,1132,1202,781,140,145,9,749,85,12,67,76,216,195,225,12,29,24,14,2,555,22,100,100,102,72,109,78,40,105,137,187,20,22,49,25,31,41,8,52,120,19,13,57,97,74,56,51,9,15,16,8,8,81,38,48,13,8,9,70,33,27,25,36,9,9,80,7,52,36,27,9,24,6,8,22,22,21,21,21,21
SRR8557002,fbm,385,261,207,68,164,240,28,145,121,16,20,18,235,72,107,615,460,239,130,61,188,46,60,118,23,78,7,33,102,32,38,43,32,93,21,20,24,77,83,63,12,28,278,121,6,320,115,58,69,31,43,41,132,33,19,94,111,27,6,367,14,15,15,180,148,291,34,132,133,268,321,70,9,12,96,54,59,42,98,49,7,119,61,49,14,18,4,559,80,8,17,6,3703,1454,1198,1279,889,158,170,17,753,62,58,75,70,279,239,242,11,31,16,18,29,622,18,196,109,196,62,87,62,85,123,214,245,5,30,15,4,108,41,22,24,63,24,17,18,123,67,57,68,19,29,36,19,19,65,20,32,19,19,19,57,40,37,26,87,17,6,111,21,82,111,32,22,28,15,19,43,26,385,261,207,68,164,240,28,145,121,16,20,18,235,72,107,615,460,239,130,61,188,46,60,118,23,78,7,33,102,32,38,43,32,93,21,20,24,77,83,63,12,28,278,121,6,320,115,58,69,31,43,41,132,33,19,94,111,27,6,367,14,15,15,180,148,291,34,132,133,268,321,70,9,12,96,54,59,42,98,49,7,119,61,49,14,18,4,559,80,8,17,6,3703,1454,1198,1279,889,158,170,17,753,62,58,75,70,279,239,242,11,31,16,18,29,622,18,196,109,196,62,87,62,85,123,214,245,5,30,15,4,108,41,22,24,63,24,17,18,123,67,57,68,19,29,36,19,19,65,20,32,19,19,19,57,40,37,26,87,17,6,111,21,82,111,32,22,28,15,19,43,26,18,18,18,18
SRR8557004,fbm,606,314,295,185,226,413,71,199,131,10,12,25,393,139,206,736,410,463,207,113,279,87,109,175,20,174,13,14,236,75,107,64,49,217,52,39,24,128,148,58,14,19,400,296,21,452,149,36,167,10,34,126,152,81,29,89,183,51,21,1218,7,5,35,330,258,372,82,199,175,443,413,71,28,7,74,82,256,66,100,28,38,248,115,107,38,57,7,698,91,9,23,12,6342,2218,1907,1800,1217,267,220,91,1318,103,57,136,108,430,300,457,70,21,23,27,31,883,24,143,67,149,176,215,81,149,210,173,216,15,33,59,42,60,80,19,58,123,28,12,69,131,124,69,53,19,39,50,19,19,74,25,37,13,19,19,65,61,69,23,47,11,10,115,28,50,76,71,20,62,11,19,60,42,606,314,295,185,226,413,71,199,131,10,12,25,393,139,206,736,410,463,207,113,279,87,109,175,20,174,13,14,236,75,107,64,49,217,52,39,24,128,148,58,14,19,400,296,21,452,149,36,167,10,34,126,152,81,29,89,183,51,21,1218,7,5,35,330,258,372,82,199,175,443,413,71,28,7,74,82,256,66,100,28,38,248,115,107,38,57,7,698,91,9,23,12,6342,2218,1907,1800,1217,267,220,91,1318,103,57,136,108,430,300,457,70,21,23,27,31,883,24,143,67,149,176,215,81,149,210,173,216,15,33,59,42,60,80,19,58,123,28,12,69,131,124,69,53,19,39,50,19,19,74,25,37,13,19,19,65,61,69,23,47,11,10,115,28,50,76,71,20,62,11,19,60,42,51,49,51,49
SRR8557006,fbm,399,241,212,89,163,188,29,123,128,28,34,9,272,98,154,685,494,335,178,151,277,37,123,133,15,114,28,16,118,47,57,47,39,143,31,25,16,125,84,70,12,26,261,118,10,254,51,11,53,5,28,31,141,58,31,93,76,24,10,452,16,15,12,207,145,268,67,127,151,271,340,82,41,7,54,118,85,43,94,51,9,155,88,47,25,33,7,555,114,3,60,3,4145,1666,1332,1423,884,266,141,52,994,74,53,54,66,328,250,260,21,34,20,8,30,691,26,138,133,162,92,141,61,111,135,154,174,4,23,15,7,42,30,47,19,57,57,30,17,98,43,52,77,41,49,44,41,41,77,20,21,12,41,41,51,34,25,30,23,13,33,91,15,62,95,41,46,36,21,41,42,74,399,241,212,89,163,188,29,123,128,28,34,9,272,98,154,685,494,335,178,151,277,37,123,133,15,114,28,16,118,47,57,47,39,143,31,25,16,125,84,70,12,26,261,118,10,254,51,11,53,5,28,31,141,58,31,93,76,24,10,452,16,15,12,207,145,268,67,127,151,271,340,82,41,7,54,118,85,43,94,51,9,155,88,47,25,33,7,555,114,3,60,3,4145,1666,1332,1423,884,266,141,52,994,74,53,54,66,328,250,260,21,34,20,8,30,691,26,138,133,162,92,141,61,111,135,154,174,4,23,15,7,42,30,47,19,57,57,30,17,98,43,52,77,41,49,44,41,41,77,20,21,12,41,41,51,34,25,30,23,13,33,91,15,62,95,41,46,36,21,41,42,74,14,31,14,31
SRR8557009,fbm,678,362,336,184,338,433,30,249,172,35,43,26,359,129,261,904,642,490,251,117,348,105,98,167,28,190,14,22,187,74,78,67,48,217,44,35,26,84,153,93,11,24,448,271,27,453,140,38,148,17,55,129,185,88,38,197,176,65,27,809,9,9,10,325,274,391,54,214,200,495,402,95,27,19,104,103,186,71,131,62,34,204,82,117,41,61,4,600,88,9,22,11,6336,2432,1947,1953,1291,278,281,50,1335,128,54,145,137,477,341,430,49,35,48,17,41,879,29,205,82,309,159,201,115,175,310,230,431,10,49,38,32,49,62,25,54,137,25,48,44,127,96,100,94,22,37,58,22,22,123,40,53,15,22,22,107,38,35,40,44,28,17,113,22,62,93,34,23,30,32,22,70,37,678,362,336,184,338,433,30,249,172,35,43,26,359,129,261,904,642,490,251,117,348,105,98,167,28,190,14,22,187,74,78,67,48,217,44,35,26,84,153,93,11,24,448,271,27,453,140,38,148,17,55,129,185,88,38,197,176,65,27,809,9,9,10,325,274,391,54,214,200,495,402,95,27,19,104,103,186,71,131,62,34,204,82,117,41,61,4,600,88,9,22,11,6336,2432,1947,1953,1291,278,281,50,1335,128,54,145,137,477,341,430,49,35,48,17,41,879,29,205,82,309,159,201,115,175,310,230,431,10,49,38,32,49,62,25,54,137,25,48,44,127,96,100,94,22,37,58,22,22,123,40,53,15,22,22,107,38,35,40,44,28,17,113,22,62,93,34,23,30,32,22,70,37,37,36,37,36
SRR8557012,fbm,416,295,261,158,303,223,56,97,96,16,23,23,343,150,174,730,596,473,210,130,297,62,91,134,24,118,6,16,86,78,101,68,79,159,69,29,35,96,114,63,12,19,417,101,12,389,72,19,72,7,43,75,115,60,46,82,98,46,12,2309,5,5,2,310,195,357,40,145,172,324,448,82,39,13,93,108,50,43,104,65,11,241,40,78,45,64,2,542,59,10,20,6,7387,1850,1564,1696,1105,272,137,19,1090,91,31,82,104,334,245,219,15,39,36,14,17,768,22,167,153,195,80,113,42,58,189,217,295,18,46,40,16,43,37,26,40,82,31,7,46,139,83,34,99,29,48,58,29,29,42,30,42,20,29,29,37,47,36,43,63,28,16,99,12,70,93,37,31,32,29,29,41,53,416,295,261,158,303,223,56,97,96,16,23,23,343,150,174,730,596,473,210,130,297,62,91,134,24,118,6,16,86,78,101,68,79,159,69,29,35,96,114,63,12,19,417,101,12,389,72,19,72,7,43,75,115,60,46,82,98,46,12,2309,5,5,2,310,195,357,40,145,172,324,448,82,39,13,93,108,50,43,104,65,11,241,40,78,45,64,2,542,59,10,20,6,7387,1850,1564,1696,1105,272,137,19,1090,91,31,82,104,334,245,219,15,39,36,14,17,768,22,167,153,195,80,113,42,58,189,217,295,18,46,40,16,43,37,26,40,82,31,7,46,139,83,34,99,29,48,58,29,29,42,30,42,20,29,29,37,47,36,43,63,28,16,99,12,70,93,37,31,32,29,29,41,53,25,24,25,24
SRR8557013,fbm,379,209,216,81,178,191,24,196,196,35,42,16,251,57,96,526,374,226,191,110,239,45,65,108,13,64,25,33,129,33,20,29,22,128,16,14,36,101,61,48,8,14,288,82,4,239,58,15,33,10,10,28,131,73,37,101,73,26,4,325,25,19,4,158,165,249,29,141,166,206,315,79,44,15,70,67,81,61,79,52,7,121,56,34,8,19,2,513,83,6,17,9,3590,1493,1184,1264,798,166,208,49,840,47,45,36,78,280,179,313,28,33,27,26,29,741,32,159,94,167,135,158,82,85,138,181,218,4,28,11,23,62,25,13,24,76,14,16,13,83,48,65,40,12,32,30,12,12,86,12,13,9,12,12,74,23,19,24,28,6,19,42,3,75,60,20,13,17,29,12,25,31,379,209,216,81,178,191,24,196,196,35,42,16,251,57,96,526,374,226,191,110,239,45,65,108,13,64,25,33,129,33,20,29,22,128,16,14,36,101,61,48,8,14,288,82,4,239,58,15,33,10,10,28,131,73,37,101,73,26,4,325,25,19,4,158,165,249,29,141,166,206,315,79,44,15,70,67,81,61,79,52,7,121,56,34,8,19,2,513,83,6,17,9,3590,1493,1184,1264,798,166,208,49,840,47,45,36,78,280,179,313,28,33,27,26,29,741,32,159,94,167,135,158,82,85,138,181,218,4,28,11,23,62,25,13,24,76,14,16,13,83,48,65,40,12,32,30,12,12,86,12,13,9,12,12,74,23,19,24,28,6,19,42,3,75,60,20,13,17,29,12,25,31,7,7,7,7
SRR8557016,fbm,508,276,333,98,241,330,20,165,139,33,43,48,399,138,247,813,533,495,205,126,259,60,90,161,24,148,16,16,241,53,72,39,40,212,45,69,49,93,144,70,9,44,325,172,15,355,71,13,82,6,38,74,134,66,20,136,138,40,15,553,10,5,14,343,215,324,59,163,207,420,400,100,36,13,86,85,100,67,96,82,18,252,55,66,27,45,10,549,91,2,33,10,5227,2223,1654,1738,1106,240,194,12,1330,87,48,94,90,444,282,354,32,29,55,31,12,934,58,232,180,211,128,191,87,81,162,193,306,4,30,27,8,71,48,21,44,95,28,37,32,130,105,72,94,19,29,32,19,19,89,86,115,14,19,19,78,62,69,21,93,11,20,106,24,73,86,71,20,62,34,19,90,39,508,276,333,98,241,330,20,165,139,33,43,48,399,138,247,813,533,495,205,126,259,60,90,161,24,148,16,16,241,53,72,39,40,212,45,69,49,93,144,70,9,44,325,172,15,355,71,13,82,6,38,74,134,66,20,136,138,40,15,553,10,5,14,343,215,324,59,163,207,420,400,100,36,13,86,85,100,67,96,82,18,252,55,66,27,45,10,549,91,2,33,10,5227,2223,1654,1738,1106,240,194,12,1330,87,48,94,90,444,282,354,32,29,55,31,12,934,58,232,180,211,128,191,87,81,162,193,306,4,30,27,8,71,48,21,44,95,28,37,32,130,105,72,94,19,29,32,19,19,89,86,115,14,19,19,78,62,69,21,93,11,20,106,24,73,86,71,20,62,34,19,90,39,31,30,31,30
SRR8557018,fbm,559,301,333,196,361,269,52,218,189,12,15,44,323,117,189,836,610,469,232,148,293,75,141,153,21,122,11,35,208,84,53,36,62,223,43,36,21,104,88,71,8,18,416,161,17,471,78,22,53,6,34,67,202,70,60,209,96,32,17,770,49,52,11,294,225,373,68,154,189,438,416,97,34,15,104,147,147,91,115,63,14,237,105,51,27,39,10,666,139,22,23,4,5811,2454,1816,1953,1147,271,248,44,1357,86,55,67,88,431,377,341,30,44,83,33,41,912,58,213,118,214,115,155,79,122,216,250,293,14,32,19,29,81,57,38,47,76,42,12,22,162,60,59,112,32,53,62,32,32,70,34,40,33,32,32,61,53,26,66,67,17,15,147,25,105,116,26,35,23,11,32,24,68,559,301,333,196,361,269,52,218,189,12,15,44,323,117,189,836,610,469,232,148,293,75,141,153,21,122,11,35,208,84,53,36,62,223,43,36,21,104,88,71,8,18,416,161,17,471,78,22,53,6,34,67,202,70,60,209,96,32,17,770,49,52,11,294,225,373,68,154,189,438,416,97,34,15,104,147,147,91,115,63,14,237,105,51,27,39,10,666,139,22,23,4,5811,2454,1816,1953,1147,271,248,44,1357,86,55,67,88,431,377,341,30,44,83,33,41,912,58,213,118,214,115,155,79,122,216,250,293,14,32,19,29,81,57,38,47,76,42,12,22,162,60,59,112,32,53,62,32,32,70,34,40,33,32,32,61,53,26,66,67,17,15,147,25,105,116,26,35,23,11,32,24,68,10,10,10,10
SRR8557019,fbm,353,185,197,65,156,201,25,84,120,3,4,0,269,57,116,574,513,271,115,76,272,28,53,102,14,75,23,27,71,60,61,25,17,126,37,52,43,96,110,37,8,21,299,70,13,245,60,29,28,11,27,15,105,76,37,69,67,44,13,372,28,23,13,123,154,283,30,82,150,234,270,46,33,11,69,84,32,28,114,33,17,109,55,84,23,34,5,472,63,14,33,26,3528,1388,1142,1112,729,157,105,23,849,62,71,30,41,439,201,308,9,35,20,26,24,700,7,208,172,138,60,124,54,63,144,164,170,4,63,12,3,76,42,19,37,44,29,29,14,97,72,26,64,19,27,34,19,19,38,17,42,24,19,19,34,45,21,31,67,15,16,81,35,62,97,22,22,19,34,19,29,41,353,185,197,65,156,201,25,84,120,3,4,0,269,57,116,574,513,271,115,76,272,28,53,102,14,75,23,27,71,60,61,25,17,126,37,52,43,96,110,37,8,21,299,70,13,245,60,29,28,11,27,15,105,76,37,69,67,44,13,372,28,23,13,123,154,283,30,82,150,234,270,46,33,11,69,84,32,28,114,33,17,109,55,84,23,34,5,472,63,14,33,26,3528,1388,1142,1112,729,157,105,23,849,62,71,30,41,439,201,308,9,35,20,26,24,700,7,208,172,138,60,124,54,63,144,164,170,4,63,12,3,76,42,19,37,44,29,29,14,97,72,26,64,19,27,34,19,19,38,17,42,24,19,19,34,45,21,31,67,15,16,81,35,62,97,22,22,19,34,19,29,41,14,14,14,14
SRR8557020,fbm,460,338,247,88,210,226,33,208,148,15,19,17,304,82,163,794,547,395,237,180,313,68,99,174,19,118,21,36,129,38,56,57,55,136,37,45,31,133,98,41,7,40,283,128,6,296,47,18,39,8,15,73,155,62,30,114,80,23,6,779,10,3,10,309,218,351,78,185,205,325,425,83,66,23,68,83,185,53,126,60,12,174,124,56,22,33,11,583,106,14,18,15,5226,1955,1686,1668,1138,243,237,55,1090,108,60,118,97,290,271,413,23,50,31,18,12,940,35,256,128,213,180,181,120,104,186,208,260,11,25,33,11,78,37,35,35,125,40,37,38,168,78,87,85,31,47,52,31,31,117,27,46,28,31,31,101,44,23,39,82,7,18,71,35,99,114,31,35,27,33,31,53,62,460,338,247,88,210,226,33,208,148,15,19,17,304,82,163,794,547,395,237,180,313,68,99,174,19,118,21,36,129,38,56,57,55,136,37,45,31,133,98,41,7,40,283,128,6,296,47,18,39,8,15,73,155,62,30,114,80,23,6,779,10,3,10,309,218,351,78,185,205,325,425,83,66,23,68,83,185,53,126,60,12,174,124,56,22,33,11,583,106,14,18,15,5226,1955,1686,1668,1138,243,237,55,1090,108,60,118,97,290,271,413,23,50,31,18,12,940,35,256,128,213,180,181,120,104,186,208,260,11,25,33,11,78,37,35,35,125,40,37,38,168,78,87,85,31,47,52,31,31,117,27,46,28,31,31,101,44,23,39,82,7,18,71,35,99,114,31,35,27,33,31,53,62,22,27,22,27
SRR8557022,fbm,591,399,314,180,245,356,56,233,188,35,42,77,434,141,254,1048,606,538,336,254,376,73,131,258,12,264,14,13,289,99,109,26,87,260,68,49,28,146,138,58,26,44,402,220,6,418,99,21,98,14,12,186,148,30,40,173,112,7,6,1274,15,18,36,479,286,411,110,221,223,431,438,95,42,9,68,86,197,48,92,43,33,290,115,88,63,79,8,679,143,10,31,10,7156,2595,2016,2135,1271,367,243,30,1447,119,39,154,100,355,359,483,53,52,24,10,23,990,95,247,139,246,227,226,159,124,236,237,382,25,18,52,41,50,51,17,28,182,30,64,60,128,108,148,76,17,28,40,17,17,188,28,41,26,17,17,162,39,15,34,51,17,17,142,33,58,64,16,19,14,14,17,62,32,591,399,314,180,245,356,56,233,188,35,42,77,434,141,254,1048,606,538,336,254,376,73,131,258,12,264,14,13,289,99,109,26,87,260,68,49,28,146,138,58,26,44,402,220,6,418,99,21,98,14,12,186,148,30,40,173,112,7,6,1274,15,18,36,479,286,411,110,221,223,431,438,95,42,9,68,86,197,48,92,43,33,290,115,88,63,79,8,679,143,10,31,10,7156,2595,2016,2135,1271,367,243,30,1447,119,39,154,100,355,359,483,53,52,24,10,23,990,95,247,139,246,227,226,159,124,236,237,382,25,18,52,41,50,51,17,28,182,30,64,60,128,108,148,76,17,28,40,17,17,188,28,41,26,17,17,162,39,15,34,51,17,17,142,33,58,64,16,19,14,14,17,62,32,27,26,27,26
SRR8557023,fbm,457,374,229,105,207,266,30,169,158,10,12,61,435,73,196,738,638,404,223,101,288,76,89,113,34,92,16,38,163,48,51,53,119,175,38,51,31,129,72,60,29,16,329,142,20,357,75,29,57,9,31,50,141,84,51,149,101,42,20,559,7,6,24,399,234,359,54,229,172,323,500,91,88,9,103,116,89,109,75,68,7,234,105,43,13,35,6,628,88,7,25,13,5152,2107,1721,1829,1240,233,214,39,1150,119,41,96,72,392,319,352,25,39,27,15,48,772,44,178,204,193,116,141,116,84,223,230,265,24,23,39,23,72,109,15,51,124,19,14,45,131,56,73,99,16,23,26,16,16,107,62,76,23,16,16,93,53,28,53,56,17,18,49,18,110,83,29,18,25,18,16,44,32,457,374,229,105,207,266,30,169,158,10,12,61,435,73,196,738,638,404,223,101,288,76,89,113,34,92,16,38,163,48,51,53,119,175,38,51,31,129,72,60,29,16,329,142,20,357,75,29,57,9,31,50,141,84,51,149,101,42,20,559,7,6,24,399,234,359,54,229,172,323,500,91,88,9,103,116,89,109,75,68,7,234,105,43,13,35,6,628,88,7,25,13,5152,2107,1721,1829,1240,233,214,39,1150,119,41,96,72,392,319,352,25,39,27,15,48,772,44,178,204,193,116,141,116,84,223,230,265,24,23,39,23,72,109,15,51,124,19,14,45,131,56,73,99,16,23,26,16,16,107,62,76,23,16,16,93,53,28,53,56,17,18,49,18,110,83,29,18,25,18,16,44,32,13,13,13,13
SRR8557025,fbm,416,227,255,93,195,255,20,116,129,28,37,5,283,87,195,718,535,364,187,138,320,74,112,129,33,114,23,20,156,57,58,53,74,172,45,62,24,135,124,81,6,30,286,155,17,308,52,20,39,8,39,23,139,58,34,121,133,53,17,1057,14,10,8,236,175,306,57,148,159,281,312,69,33,8,68,136,84,61,129,64,5,161,66,68,29,41,5,564,125,7,17,4,5368,1815,1330,1499,903,267,161,23,1132,75,47,68,105,447,271,346,23,30,59,31,33,743,7,164,154,140,121,176,51,91,185,179,199,7,42,27,15,86,44,35,52,65,44,19,31,163,65,39,95,31,42,46,31,31,37,31,43,19,31,31,33,52,38,46,88,35,16,100,22,98,129,40,33,35,40,31,41,49,416,227,255,93,195,255,20,116,129,28,37,5,283,87,195,718,535,364,187,138,320,74,112,129,33,114,23,20,156,57,58,53,74,172,45,62,24,135,124,81,6,30,286,155,17,308,52,20,39,8,39,23,139,58,34,121,133,53,17,1057,14,10,8,236,175,306,57,148,159,281,312,69,33,8,68,136,84,61,129,64,5,161,66,68,29,41,5,564,125,7,17,4,5368,1815,1330,1499,903,267,161,23,1132,75,47,68,105,447,271,346,23,30,59,31,33,743,7,164,154,140,121,176,51,91,185,179,199,7,42,27,15,86,44,35,52,65,44,19,31,163,65,39,95,31,42,46,31,31,37,31,43,19,31,31,33,52,38,46,88,35,16,100,22,98,129,40,33,35,40,31,41,49,29,29,29,29
SRR8557026,fbm,628,305,257,159,270,344,111,223,117,42,50,51,284,113,234,572,523,425,309,123,261,109,90,156,23,114,3,15,174,60,63,39,109,246,49,58,28,131,192,74,25,38,524,202,54,506,100,28,136,4,82,118,141,97,21,178,124,73,54,582,6,5,26,352,259,320,71,152,276,400,421,108,30,9,74,91,118,59,116,52,3,274,62,140,35,46,1,483,88,4,28,6,5254,2342,1747,1847,1239,253,247,15,1377,102,46,109,89,347,317,322,37,53,29,20,17,722,39,249,93,168,137,106,88,71,145,202,322,44,45,78,17,105,61,13,119,160,32,33,91,212,86,59,117,12,26,25,12,12,90,118,134,36,12,12,79,92,86,38,96,19,12,79,38,68,150,88,14,77,14,12,82,25,628,305,257,159,270,344,111,223,117,42,50,51,284,113,234,572,523,425,309,123,261,109,90,156,23,114,3,15,174,60,63,39,109,246,49,58,28,131,192,74,25,38,524,202,54,506,100,28,136,4,82,118,141,97,21,178,124,73,54,582,6,5,26,352,259,320,71,152,276,400,421,108,30,9,74,91,118,59,116,52,3,274,62,140,35,46,1,483,88,4,28,6,5254,2342,1747,1847,1239,253,247,15,1377,102,46,109,89,347,317,322,37,53,29,20,17,722,39,249,93,168,137,106,88,71,145,202,322,44,45,78,17,105,61,13,119,160,32,33,91,212,86,59,117,12,26,25,12,12,90,118,134,36,12,12,79,92,86,38,96,19,12,79,38,68,150,88,14,77,14,12,82,25,35,34,35,34
SRR8557030,fbm,485,289,218,98,184,253,59,170,135,34,41,13,294,65,129,756,599,356,159,127,245,68,103,145,18,91,6,17,100,45,35,34,34,154,30,28,20,115,107,74,14,26,249,88,5,321,62,27,33,20,29,68,141,43,25,78,69,20,5,495,21,17,12,210,175,300,65,124,200,301,429,89,19,11,97,116,91,60,93,29,12,149,100,57,16,25,7,640,143,7,21,36,4403,1680,1444,1408,1014,235,205,48,930,73,47,57,62,274,189,248,25,49,36,41,29,907,36,260,163,136,125,181,39,116,193,200,214,6,64,16,14,72,55,32,31,68,45,22,18,156,113,35,91,29,42,33,29,29,38,23,30,25,29,29,30,49,28,33,88,25,27,111,32,92,114,35,31,30,15,29,31,55,485,289,218,98,184,253,59,170,135,34,41,13,294,65,129,756,599,356,159,127,245,68,103,145,18,91,6,17,100,45,35,34,34,154,30,28,20,115,107,74,14,26,249,88,5,321,62,27,33,20,29,68,141,43,25,78,69,20,5,495,21,17,12,210,175,300,65,124,200,301,429,89,19,11,97,116,91,60,93,29,12,149,100,57,16,25,7,640,143,7,21,36,4403,1680,1444,1408,1014,235,205,48,930,73,47,57,62,274,189,248,25,49,36,41,29,907,36,260,163,136,125,181,39,116,193,200,214,6,64,16,14,72,55,32,31,68,45,22,18,156,113,35,91,29,42,33,29,29,38,23,30,25,29,29,30,49,28,33,88,25,27,111,32,92,114,35,31,30,15,29,31,55,11,30,11,30
