sample_id,group,Acetatifactor sp.,Acutalibacteraceae bacterium,Agathobacter,Agathobacter rectalis,Agathobacter rectalis ATCC 33656,Agathobacter sp.,Akkermansia,Akkermansia muciniphila,Akkermansia sp.,Alistipes,Alistipes communis,Alistipes finegoldii,Alistipes onderdonkii,Alistipes putredinis,Alistipes putredinis DSM 17216,Alistipes senegalensis,Alistipes shahii,Alistipes sp.,Alistipes sp. HGB5,Anaerobutyricum hallii,Anaerostipes hadrus,Bacilli bacterium,Bacillota,Bacillota bacterium,Bacteria,Bacteriophage sp.,Bacteroidaceae,Bacteroidaceae bacterium,Bacteroidales,Bacteroidales bacterium,Bacteroides,Bacteroides acidifaciens,Bacteroides caccae,Bacteroides caccae ATCC 43185,Bacteroides cellulosilyticus,Bacteroides eggerthii,Bacteroides eggerthii 1_2_48FAA,Bacteroides eggerthii DSM 20697,Bacteroides faecis,Bacteroides finegoldii,Bacteroides finegoldii DSM 17565,Bacteroides fragilis,Bacteroides fragilis 3_1_12,Bacteroides intestinalis,Bacteroides ovatus,Bacteroides ovatus ATCC 8483,Bacteroides ovatus SD CMC 3f,Bacteroides salyersiae,Bacteroides sp.,Bacteroides sp. 1_1_30,Bacteroides sp. 2_2_4,Bacteroides sp. 3_1_33FAA,Bacteroides sp. 3_1_40A,Bacteroides sp. 4_1_36,Bacteroides sp. 4_3_47FAA,Bacteroides sp. 9_1_42FAA,Bacteroides sp. D20,Bacteroides stercoris,Bacteroides thetaiotaomicron,Bacteroides thetaiotaomicron VPI-5482,Bacteroides uniformis,Bacteroides uniformis ATCC 8492,Bacteroides uniformis CAG:3,Bacteroides uniformis CL03T00C23,Bacteroides uniformis CL03T12C37,Bacteroides uniformis dnLKV2,Bacteroides uniformis str. 3978 T3 ii,Bacteroides xylanisolvens,Bacteroides xylanisolvens SD CC 2a,Bacteroidota,Barnesiella intestinihominis,Barnesiella sp.,Bifidobacterium longum,Blautia,Blautia faecis,Blautia massiliensis (ex Durand et al. 2017),Blautia obeum,Blautia sp.,Blautia wexlerae,Brotocaccenecus cirricatena,Brotolimicola acetigignens,Catenibacterium mitsuokai,Caudoviricetes sp.,Christensenellales bacterium,Clostridia,Clostridia bacterium,Clostridiaceae bacterium,Clostridiales bacterium,Clostridioides difficile,Clostridium sp.,Clostridium sp. AF34-10BH,Clostridium sp. AM34-9AC,Collinsella sp.,Coprococcus,Coprococcus comes,Coprococcus eutactus,Dialister invisus,Dorea formicigenerans,Dorea longicatena,Dysosmobacter sp.,Enterocloster bolteae,Enterococcus faecium,Escherichia albertii B156,Eubacteriaceae bacterium CHKCI005,Eubacteriaceae bacterium Marseille-Q4139,Eubacterium ramulus ATCC 29099,Faecalibacillus sp. H12,Faecalibacillus sp. MSK20_93,Faecalibacterium,Faecalibacterium phage FP_Taranis,Faecalibacterium prausnitzii M21/2,Flavobacterium tibetense,Fusibacter tunisiensis,Gelidibacter sp.,Gemella sanguinis,Gemmiger formicilis,Gemmiger gallinarum,Hungatella,Intestinimonas,Lachnoclostridium sp. YL32,Lachnospira eligens,Lachnospira hominis,Lachnospira pectinoschiza,Lachnospira sp.,Lacrimispora defluvii,Mediterraneibacter butyricigenes,Mediterraneibacter faecis,Oceanirhabdus seepicola,Odoribacter sp. N54.MGS-14,Oscillibacter hominis,Oscillibacter sp. KLE 1728,Oscillibacter valericigenes,Oscillibacter valericigenes Sjm18-20,Oscillospiraceae bacterium NTUH-002-81,Pantoea sp.,Parabacteroides chinchillae,Parabacteroides faecalis,Parabacteroides gordonii MS-1 = DSM 23371,Parabacteroides leei,Parabacteroides massiliensis,Parabacteroides provencensis,Parabacteroides segnis,Paramuribaculum sp.,Phascolarctobacterium succinatutens CAG:287,Phocaeicola,Phocaeicola coprocola,Phocaeicola coprophilus CAG:333,Phocaeicola coprophilus DSM 18228 = JCM 13818,Phocaeicola dorei CL02T00C15,Phocaeicola dorei CL02T12C06,Phocaeicola fibrisolvens,Phocaeicola massiliensis B84634 = Timone 84634 = DSM 17679 = JCM 13223,Phocaeicola salanitronis,Phocaeicola salanitronis DSM 18170,Phocaeicola sp.,Phocaeicola sp. KGMB11183,Phocaeicola vulgatus CAG:6,Phocaeicola vulgatus dnLKV7,Phocaeicola vulgatus str. 3775 SL(B) 10 (iv),Prevotella pectinovora,Romboutsia sp.,Roseburia amylophila,Roseburia difficilis,Roseburia hominis,Roseburia intestinalis,Roseburia intestinalis M50/1,Roseburia inulinivorans,Roseburia porci,Ruminococcaceae bacterium OttesenSCG-928-L11,Ruminococcus albus,Ruminococcus bicirculans (ex Wegman et al. 2014),Ruminococcus hominis,Ruminococcus turbiniformis,Segatella,Streptomyces sp. DSM 41524,Streptomyces viridodiastaticus,Subdoligranulum sp. AF14-43,Tannockella kyphosi
SRR24907908,controle,0.00048268664312818034,0.0004728989737371073,0.006655228830558958,0.01466167117758026,0.0010117359307403907,0.0055689263132734194,0.0001982003051692288,0.0006275699071407745,6.065779319993942e-05,0.0240569322971454,0.00021880592493990887,0.000735620625813278,0.003117501486180326,0.006439384963461085,0.0016581084659219108,0.00014797410697819618,0.001574398135603523,0.006337902286090486,0.00020257899937049833,0.0005495261222593238,0.0018351880108261926,8.911930550819125e-05,0.0031502129075662807,0.0017557275895855077,0.08570121954360613,0.0029994055278696158,0.020999187108300045,0.00017514776805078048,0.0731491774751728,0.0006801142375560086,0.10198107579880261,0.0008817917410615398,0.007381061786981164,0.0008793448237137715,0.0008072251545163913,0.0019659049112464443,7.881649562285122e-05,0.0002973648503156266,0.01865143430567819,0.0006875837747228802,0.0002137833051208056,0.002577891818435642,6.619555351330969e-05,0.0006452134690694193,0.008670458444131468,0.00021777564395137486,0.00018609450355395427,0.00027070632973730924,0.009518122127447818,0.0003032889659996971,0.00014282270203552614,0.0007879073859813787,0.0009797972200958367,0.0015262324993895585,0.004279272085875981,0.000957002253224522,0.0015298384828494275,0.001481028921017629,0.008802978336281655,0.00022537396624181314,0.04664159306167571,0.0052308653639107,0.0005264735851408755,0.0005599577172682305,0.0003810751806340143,0.0007809529893087741,0.0008472773279456506,0.005309037933915716,0.00030573588334746534,0.0026287619422445084,0.00045628569279699654,0.00017308720607371247,0.0010408413686664765,0.002654261396710725,0.0001585344871106697,0.0003271142138595459,0.00026581249504177275,0.0006483043120350213,0.0020328731755011546,8.164976834131973e-05,0.0005174586264912029,0.001144255822890577,0.012166073053103773,0.0008676253774691972,0.007184535688418302,0.0011673083600090253,0.00013767129709285614,0.004451844151455426,0.0005229963868045733,0.0022094375799111693,0.00015312551192086618,0.00011436118972727432,0.00026890333800737477,0.0009834032035557058,0.0007492718489113536,0.0001930489002265588,0.005757854089545842,0.00016780701600747571,0.00031822804033344014,0.0001833900159590525,0.00021030610678450333,0.0008457319064628496,0.0031930983537140083,0.0014224316897947578,0.00024379023891185842,0.0027849782971309765,0.0071489909943138795,0.0009342072863532071,0.0013239110702661938,0.015630521662172926,0.013142908215357574,0.0002717366107258433,0.0015710497223907877,0.0004774064530619436,0.0011271274014561991,0.0007891952372170462,0.0013651223098075538,0.0001268533467132491,0.00010702043768396955,0.006490383872393518,8.409668568908799e-05,0.000972456468052532,0.0057449755771891665,0.006940487879259311,0.00015364065241513317,0.00011848231368141034,0.00023413135464435216,0.0010932569139581439,0.006726447003891372,0.002162431009809305,0.00016304196643550595,0.00047109598200717283,0.008472515709209373,0.00010186903274129954,0.006509444070681397,0.006964570697366293,0.0005441171470695203,0.0004968530067205229,0.013081864066786934,0.0008197173115023661,0.0014004094336648434,0.0002839711974646845,0.0007594458736731269,0.04290798354435205,0.0006953108821368852,0.0009585476747073229,0.03569408484776053,0.0004202258581983064,0.0016337680775677951,0.003481705815627096,0.00042872567635371194,0.06337657594355708,0.0007500445596527541,0.0038535084673643042,0.04182902177910982,0.00179011321757783,0.0029536868090034194,0.0008249975015686028,0.0005522306098542255,0.000903298856697187,0.008997443872867448,0.022919759656050996,0.0005656242627051675,0.0017115542922021122,0.00016883729699600973,0.0013709176403680576,0.0001546709334036672,0.0023429877530498893,0.0018973912255089331,0.0005120496513013994,0.0007568701712017919,0.003861750715272576,0.0002324571480379844,0.001508975292831614,0.0005604728577624975,0.00012955783430815087,0.00023129808192588365,0.00032853085021878015
ERR911979,controle,2.554171960154269e-05,3.767741494661429e-05,0.10227736999318779,0.149309378930249,0.015242136042388119,0.02348538143328346,7.405747270711848e-06,1.3865504926551745e-05,4.135326030725959e-06,0.0072340636697499445,0.0014040918429423716,0.0038212845068631815,0.0037032790594765832,0.0001808732143635171,3.19203924332507e-05,2.6325539568150877e-05,0.00013108713234654185,0.0008085508379684121,0.00021809114864005074,0.004172111512607123,0.0017165657268719324,1.11356491807784e-05,0.007573160404269473,0.00010343720731757022,0.005253269529306921,0.004444718691338508,0.004147191443323924,5.3894379772990605e-05,0.0035877872416380735,7.724680912297249e-05,0.030558275500933936,9.424759391595699e-05,0.00022252378569259358,3.8109867341984327e-06,7.908473180329513e-05,0.0001153296481902462,3.0541950423008715e-06,1.1946497422097214e-05,0.0002116854475336321,0.0001043021121083103,2.840671672086917e-05,0.00398410283372,9.378811324587632e-06,7.00032315005244e-05,0.0010175875145804027,7.130058868663451e-05,7.67603001781812e-06,4.748867866657196e-05,0.002835725497814872,1.121673400491028e-05,0.00017549458769610228,2.4676814810802616e-05,9.746395860652162e-05,0.0004885901219440075,7.503049059670106e-05,2.4730871360223873e-05,0.0002650122335376995,0.0001770892559040293,0.004175219764198845,6.3435360745842e-05,0.017437831995055338,0.001301762794887937,0.00010238310460385577,9.503141388256517e-05,6.238125803212754e-05,6.113795739543869e-05,0.00022774024271174465,0.0005084018473068973,2.0541488780076657e-06,0.00011089701113770333,0.0006248666830349899,0.00031436586315930476,0.004287738471819185,0.01408421772551014,0.0020161200954898133,0.0017662977523394863,0.0038734490770546922,0.003990616647925261,0.010524080408901038,6.903021361094182e-05,0.0001000316447040312,0.0002124962957749509,0.011368308569487479,1.0189659565906447e-05,0.025931467322869932,5.7786451331320914e-05,2.627148301872962e-05,0.0003416644206170382,0.002058338260587813,0.0002126854936979253,1.5622342782742512e-05,0.0001870356609975401,0.0009380162738323164,0.0019795778680810456,0.009159530931860314,7.446289682777789e-05,0.0025129538412205625,0.001424579275173027,0.008688509188478214,4.740759384244008e-05,0.0002942027702251769,0.0009859103766195478,0.0074960757647947645,0.00178024434209017,0.0001667374266898591,0.011645726781117355,0.005602853234414173,0.0004400203122890105,0.0013942805792224139,0.007953259031525023,0.0018628427496058468,0.0004035861979790851,0.00665168543456006,0.0010477240408827521,0.002740180546712805,0.0009129610631755649,0.0020646628768700996,0.0003727199082595488,6.681389508467039e-05,0.0004954012471710856,0.00048040055470668756,0.0005518362847668752,0.018816436174945588,0.006483461452761117,0.00013638467418982476,0.0024302743488807538,0.001072022459847606,4.835358345731203e-05,0.00026849888097537044,0.00035204327810591906,4.083972308775767e-05,0.0005381870060380085,0.015245568633276368,0.00023609197959732845,0.001566450689129109,0.0032009315457048665,2.4406532063696347e-05,2.905539531392422e-05,0.00039666695965316455,2.646068094170401e-05,0.0004501559153054957,5.17050895214298e-05,6.240828630683816e-05,0.015497499181854125,2.965001735755802e-05,9.540980972851395e-06,0.0008423361813566961,3.16230814114338e-06,3.540703987092161e-06,8.676076182111325e-05,9.32745760263744e-05,0.00015065560323703593,5.7543196858925274e-05,0.0009540980972851396,0.01689234735484546,0.00017419723050999218,0.0002600930875403654,7.700355465057685e-05,6.159743806551935e-05,0.0006730310685693274,0.007920635903949296,0.016879508924357915,0.0011868655990930608,0.0019724153752827293,0.000493779550688448,0.0025074130449048836,0.00048072489400321507,0.002783831210370468,0.06910294669818812,0.0005018069482775043,0.019224482038251927,0.013305641244195813,0.00013197906541199253,0.0003036086098244751,0.0008264435558268474,0.000338853480047133,0.0007614946116972103,0.0011465664414995157
ERR911956,controle,0.0015384126812791326,0.0005082243936300495,0.006541729906762269,0.0072728029633880985,0.0005836133887783878,0.0014687827581501291,0.002784977531940362,0.002392016851154425,0.0003353973847450629,0.0985497888779046,0.005351713658500412,0.0054772340043694355,0.02429308213687241,0.005457378917978967,0.0009819217792965639,0.0003500144580131838,0.0029593128692113647,0.011858121256877428,0.00036487834865356187,0.0012015069681480537,0.0022068489736565785,0.0002534265930031992,0.0031805435072112358,0.0015194900160727474,0.006956437940459313,0.02443091592720182,0.014958833056239696,0.000170852469906929,0.03438552676092677,0.00016775354067747749,0.11150956576377581,0.0004881499140197972,0.005707020977940889,0.00031669411275846165,0.04683979424426276,0.0010943333802834823,0.0001326232013595359,6.716174940643165e-05,0.00045000291792982315,0.001152883945813385,0.0003537715669019878,0.0029011736659685576,0.00015121677673624504,0.002581243503218279,0.008949652766351048,0.00013201987000512942,0.00012376520011074969,0.00046050636832699066,0.009018076026771238,0.00022334229774029373,0.00016155568221857443,0.0005901951853719132,0.0002029113041478921,0.0007725932234699846,0.00016344794873921297,0.0003189428932612495,0.000871512141440176,0.014451376538878891,0.007897909094858168,0.00014326377251906857,0.05101588933454965,0.0030314383902154134,0.0002497243324193412,0.00021245490920850386,0.00017153807371875457,0.0001867036300363359,0.0006484989335295586,0.004487304372550749,0.00012752230899955376,0.0007971378399333395,0.001798146829351127,0.0008187480720820812,7.541641930081135e-05,0.0025931181612390978,0.00015870357036138012,0.00017496609277788236,0.0011484138089602823,0.0008371222542390061,0.0021953856779228552,0.00010865449209811441,0.002836726907656955,0.0005246514609613898,0.004704503660137085,0.0005477425973436747,0.007547291305490578,0.005757947629083292,0.004421650951530334,0.004770623291749543,0.001040938555418508,0.0020846195260843183,0.0006334704979743424,0.0006933374228229501,3.022141602527059e-05,0.0001520395013104357,0.0015330101232419473,0.0009450362942203489,5.742617527850872e-05,0.0004597659162102191,0.0011400220183035376,0.00024624146505526737,0.00022858031086264098,0.0002852934581768511,0.003057984969809299,0.0011225254090257493,0.00073625622144323,0.0016894374889480665,0.003164829467844194,7.887186251241217e-05,0.0005851217171644041,0.006647587135308135,0.0038351580267422785,0.0005886045845284779,0.0024945009089461095,0.00047668661828607385,0.001863251767322082,0.00018678590249375496,0.0007625559836648584,0.0002755030357439822,0.00015982796061277403,0.00041786181123144097,3.971017278093631e-05,0.00014718542632271076,0.00531666559163989,0.0044102425041015565,0.0008675904876365339,0.000618167820894396,0.00032355015087671724,0.0003144727564081469,0.0016895197614054855,0.0006407104742272203,0.00014660951912077728,0.0005588219549427757,0.006176248226754301,0.00010012558067900447,0.007537638003820075,0.012815854933692788,0.00019624723509694767,0.008265831524436237,0.005610981595980365,0.00038890190621992943,0.00283804326697566,0.00022827864518543773,0.01903919043024327,0.04141839581432839,0.00012379262426322272,0.0005627161845939448,0.0386172928807339,0.0001604038678147075,0.0001363254619433939,0.0014399599739009826,0.00026050202434123895,0.0010544038142827619,0.00023902891295486247,0.004376455948254793,0.04177394995114113,0.00031595366064169006,0.0004284749582385006,0.0001345703161851205,0.00016317370721448277,0.008863705472500595,0.001161632250452279,0.0015786713371095293,0.0016685402847636235,0.0009774516424434613,0.0002079573482029282,0.0009899022076662134,0.00020595538507239757,0.0009548815649581639,0.0010898906675828528,0.00018919922791138093,0.00025764991248404464,0.001681265091511106,0.0001930934575625501,0.0018770186918635392,0.0004167374209800471,8.879940570764624e-05,0.0004852978021626028,0.0006853021461483545
SRR6784564,controle,0.0009249880092208908,0.00014876624485008727,0.004013548978630511,0.006788669987909276,0.0007064695996204812,0.0014833716176610179,0.005047900847062335,0.010988242181609102,0.002144264221409383,0.13591682862808846,0.0013672052217527542,0.004227985866212522,0.029106798674949575,0.028155019136582273,0.006643985265077587,0.0002624732621062391,0.0025699983642515603,0.03754817111707804,0.0005225917999710945,0.00012087584439103116,0.00011030574890748645,0.00014531264929605782,0.002163154342545817,0.000641165247326106,0.010438440234848684,0.01060243369645972,0.01319153149066917,0.00042793188546746876,0.05384139770570322,0.0006929168534311838,0.039686260728254465,0.0009359767223473482,0.0007662795953516278,2.0041319654443696e-05,0.0006675381588296037,0.0004287691207532941,0.00010271830412969444,0.0004614736241058458,0.0003568715405830444,0.0008211708337785506,0.00025535676217672385,0.0027460794103016987,0.00026744434661582695,0.0004715204475357497,0.005194103058849583,0.00021150656408162248,0.0001578188513780736,0.0004985736127089804,0.03232000304753644,0.0002302397036019641,0.00016158641016428754,0.00019219782530227595,0.0008715096053387982,0.0007174583127469386,0.0006639799088648461,0.00033834770988415907,0.0004934455465833003,0.01415445672377902,0.007882517888840063,0.0004203967678950408,0.01977246247328304,0.003461444634834074,0.00019983759728543204,0.00020036086933907286,0.00011789319368527845,0.0001313936126692118,0.00046032242558783596,0.004983276748437693,0.0002797935670817505,0.002373248072082609,0.030488446205382817,0.015657765006683755,0.0013260237111312211,0.0025560793276247144,0.00011841646573891927,6.274031923153522e-05,0.0002250593102709199,0.0009170342740055503,0.002132281291381008,3.1762613655998234e-05,0.0013056161010392287,0.0003607437537799865,0.011450814677027592,0.00038884346306049895,0.0037310343968698285,0.0010759519966962695,0.00012715510903472108,0.0018529586691475343,0.00038538986750646947,0.0010867837282066348,0.00024787397180966,0.0003236437651768518,0.00012071886277493891,1.2715510903472109e-05,0.0003460921362780433,7.409532279554118e-05,9.298544393197505e-05,0.00012129446203394383,0.00021919866327014265,0.0001544175830294082,0.00021339034347472947,0.00026896183557138537,0.0036190018501853272,0.0019439556792756744,0.0002631535157759722,0.003171813553143876,0.00619569809672349,0.0010417823315935235,0.0013363321705879454,0.010035259117518427,0.007405869375178632,0.0006306998062532894,0.003495980590374369,0.0005327432778117266,0.0009201739063273952,0.00141252058159805,0.0018213007099022642,0.00014630686619797537,9.220053585151381e-05,0.00015284776686848571,4.332692604146052e-05,0.00019607003849921807,0.004862662540073482,0.002453413350700384,0.00043368787805751785,0.0005564998290470201,0.00026440936870471016,0.0008085076500804426,0.003933906972066377,0.00045524668666751996,8.445610945762956e-05,0.0005271965940431338,0.0036645265188520793,0.0001936106598471062,0.03672652933845121,0.025520030383268524,0.0005303885535703428,0.00044724062424681527,0.015645991385476836,0.002302449363225005,0.00973579052121978,0.00047068321224992435,0.0013066626451465103,0.03711239015080596,0.008935812205613684,0.0009962053357214075,0.006739220778840218,4.259434516636336e-05,0.00010486371954962183,0.0006400140488080962,0.0004896779877970864,0.0015000639961721602,0.0005002480832806311,0.003799007436637772,0.039999125089126314,0.0015714383042887692,0.0022053823972746317,0.0006937017615116451,0.0005704188656738661,0.004053893253966219,0.0005474995497243978,0.0004192978965823951,0.00014552195811751414,0.002034220108528717,0.00016273760868229737,0.0010121128061520886,0.00014546963091215006,0.00061212364834904,2.5588003423036465e-05,4.36932164790091e-05,0.00018120911217581857,0.000868788590659866,0.0001305040501780224,0.00044347306546060135,0.0007233189597477159,0.0002786423685637407,0.00026467100473153056,0.0004001461394191408
SRR6784403,controle,0.00017727684529725336,0.0008120206256975791,0.00023908458183217264,0.003539707397541532,0.00012615654083548216,0.0020415237378329566,0.0009403445478625809,0.00221289633743945,0.00045059110467838973,0.008948444874001154,0.0001724189216276406,0.0018492994350907408,0.0006631439495457542,0.004163390059432586,0.0005754771116310501,0.0002248097599722336,0.0015354775660337565,0.08891988327231531,0.00014342085418441366,0.00028504801347543186,0.001192283943097421,0.000719196914964363,0.005365090900720333,0.01097830959502704,0.006399604430486177,0.0023935363606618198,0.008176857120692198,0.0004552248164863281,0.02005156573869363,0.08714621797189609,0.03849859665795778,0.0003843738681972066,0.0047186881035129365,0.000483027087333958,0.005917324716024467,0.00046561329941057693,7.682993126710643e-05,0.0007558181857045208,0.0011647806213986903,0.0014969878631129784,0.0005365389849869232,0.0014331622198229892,0.000261580505286841,0.0010999086560875538,0.0025648342229810882,0.00028273115757146265,5.9490880630950114e-05,0.0006065678231165718,0.004329755260795016,5.283926206794187e-05,5.5081380684686224e-05,7.0253049991323e-05,0.0005654623151429253,0.0006496912378452882,0.0004289920286704192,0.00020380858226206152,0.0006332490346558295,0.007604369500550141,0.0022368122693513896,6.659092291730723e-05,0.022142416086094963,0.0022660345486562906,0.0002520888698092899,0.00021621497194138024,0.00013564817631303325,0.00027107214076439203,0.00038743809697342385,0.0011892197143212038,5.9042456907601247e-05,0.0005300368409983646,0.009705384119014048,0.005241176478501595,0.0003901286393135171,0.0018981028836485428,0.00025007096305421994,0.0001986517094435495,0.00044102473191361385,0.000780332015914259,0.0020121519839536054,0.0014688119058292243,0.0002216707939087915,0.000504476688767479,0.006074796180207145,0.02537928799580156,0.008418034346566666,0.024985646703988475,0.0014596939567877974,0.052342857006194676,0.0010039459792908956,0.007085916939071623,4.058234696307275e-05,7.675519397988162e-05,0.00037159379208176376,0.0005067188073842234,0.001516195345929755,0.0007018578643282067,0.0001316123628028934,0.00035552527532842925,0.0007835457192649259,0.001345495381908285,0.0002236139633766366,0.00036255058032756156,0.001747208300741648,0.002276572506154989,0.0018457867825911747,0.01923139874868855,0.004539841775183962,0.00032219244522616324,0.0008025289902200281,0.013651288672622431,0.013757415620481665,0.0016798700049520927,0.001445493872215083,0.0017484040973372449,0.005565162618621154,0.0009103748956854313,0.00252836242681538,0.0002884111914005484,0.0005623233490794833,0.005706191879614374,0.00014364506604608808,0.0017820358765884103,0.007767222049413006,0.010437361110093853,0.00017854737918007515,0.0003798896309637179,0.00041083086787478993,0.000679885101884112,0.003192328486520607,0.007172163768529055,0.0019927950265623794,0.0009630646831789236,0.03693494313464027,0.00048168181616391144,0.004761736780954428,0.0026413652050992953,0.0001470082439712046,0.00031015974198296857,0.004882362762535274,0.0006039520180637034,0.0014573023635966033,8.392997355346354e-05,0.008005260309224032,0.02402504835128797,0.0002810869372525168,0.0001646462437562602,0.004094631755185759,2.5335940369211167e-05,7.032778727854781e-05,0.00039565919856815316,0.00026389736119081014,0.016127334998380444,0.0002931943777829363,0.0021542275669679724,0.024915767340433277,0.0009491635477551087,0.0014651497787552085,0.0005182283496168444,0.0003212955977794655,0.0016510214120833153,0.005357617171997852,0.009749852804912812,0.00152419223566281,0.0007769688379891424,0.00017600631141443155,0.0008068637528790671,0.0002242118616744351,0.003042629700209309,0.002401832199543774,0.0006357153651342484,0.0023955542674168897,0.0037013641498087994,0.0005459558831772495,0.0003383356992667226,0.001271729679417396,0.00019573695524178184,0.0009887743099842587,0.0010579063006672096
SRR8556880,controle,0.0035316432278511296,0.0005266649923343067,0.0009245578031642236,0.004783864492857002,0.00023196632695653783,0.0014614760599505065,0.0010229009417788775,0.0032093820236239624,0.00040307456813360376,0.014875391966864977,0.003841115414052176,0.0008553207055745345,0.0007485985551496635,0.006989859852207462,0.0008144178979220271,0.00016118572719128247,0.0003512569950967346,0.0037125637328585814,4.851006837494138e-05,0.00028213014766244316,0.000956199597763333,0.00023141507617954987,0.003673535177847833,0.0033295546930073396,0.012151220877145825,0.005134680487332147,0.018138686316478362,0.00017221074273104188,0.03006444562583611,0.0006807947095801432,0.06724818478631646,0.0013121973495421643,0.008076816134272342,0.0004997639544172938,0.008267328402799383,0.0005654730470342598,0.00018929951681766896,0.0001628394795222464,0.0006005325964506947,0.0004612866501835334,0.00027507413771699714,0.0011099985645429767,0.00024475534498265874,0.0023983818805192606,0.007315428561096557,0.00014023819766573962,0.00011730616534304005,0.0006691081931079982,0.00646297435956236,0.00030186492547861247,0.00020550628966111526,0.0001550117184890172,0.0007283125265565061,0.0004522461374409307,0.0009638068584857671,7.739560908911102e-05,0.0003524697468061081,0.014303965411439247,0.015989359537002267,0.00031333094163996225,0.02364226382377086,0.0012483625095669572,0.00015005046149612548,0.00014453795372624577,9.503563395272606e-05,0.00015942172470492097,0.0002611826181369003,0.00415113885103021,0.00011421916099190741,0.0009366853202579589,0.00752380135479801,0.0037964641011161504,0.0001443174534154506,0.0016171492793719093,0.0002459680966920323,0.0001992220308034524,0.0005764980625740191,0.0009005232692875481,0.0014693038209837358,0.000250929353684924,0.0008154101493206055,0.0003051724301405403,0.016417571140566523,0.003005198735827618,0.013908277603717283,0.025865458207363343,0.0031166616429345855,0.013372351598329578,0.0005604015398859704,0.011669207197747545,0.0003305299658819869,0.00015545271911060758,0.0001069426507356662,0.00010683240058026862,0.0005680088006084045,0.000243873343739478,0.004157864110509463,0.00025589061067781576,0.0006104551104364782,0.0002494961016647553,0.00030032142330304614,0.00033008896526039654,0.002100155210168769,0.0016357815556341027,0.000620818625043852,0.009264761558681417,0.016771694639703596,0.0005724188068243082,0.001103383555219121,0.03255554788704475,0.01975142558963437,0.0009156275405770184,0.0018363265883023262,0.0007781455967962187,0.0008031723820714726,0.001470296072382314,0.0024748954883651907,0.00019073276883783768,0.00016559573340718624,0.0746375912016848,9.790213799306351e-05,0.00868451499082388,0.005349668290357455,0.012646574825347217,0.0001493889605637399,0.00020947529525542865,0.0003077081837146849,0.00022799732136222445,0.000986077389876081,0.001968847275090234,0.0002496063518201529,0.000628425885766286,0.013149866784737233,0.00012281867311291975,0.003817852631263284,0.0038196166337496453,0.00029491916568856404,0.0001807000046966566,0.003780036827961909,0.00038719854575635027,0.0014332520201687225,9.536638441891884e-05,0.02330081909250451,0.05035477397505392,0.0003121181899305887,0.0005564325342916571,0.004892240395612838,6.229133779964063e-05,0.00012061367000496787,0.0006200468739560688,0.0003251277082675048,0.0010891612851728315,0.0003321837182129508,0.003126914907386562,0.04589129643378232,0.0016702898542735496,0.002623181947374955,0.0007020729895718788,0.00041068182885603777,0.007947713202301759,0.003281154874787796,0.0050760274046606265,0.006548307979840098,0.001263907781478018,0.00011212440803935313,0.002706972065477126,0.0002868709043445397,0.0017718302473947337,0.0015939967467384145,0.00011432941114730501,0.000653673171352335,0.01700377121681553,0.00016052422625889692,0.007457651261559453,0.0007806813503703633,0.00017805400096711435,0.0003607385084609277,0.00045555364210285855
SRR24908040,controle,0.0012482042891377482,0.015637280510837112,0.00026103199409517776,0.001432997800689396,7.588139363231912e-05,0.00030495393017412013,0.0011916056967108183,0.0019632748338376024,0.00027924352856693434,0.007437983476067723,0.0004906401640037951,0.0008180906955842028,0.00035048276635351157,0.002027550837855567,0.00034441225486292606,6.89181598637063e-05,0.0006975731880505195,0.0019323866430178583,8.99864056251502e-05,0.0007655986256361985,0.00022817981426377372,9.641400602694664e-05,0.0026781668340818514,0.003912087566771163,0.014020024831962886,0.0036519482949540125,0.008419442348530919,0.0010318084089439346,0.03493543653940851,0.000920575213101735,0.029618561195933615,0.0006200848943177513,0.006769691578736498,0.0006815041870460284,0.000600802093112362,0.0010803725008686187,0.00010837648455251224,9.195039463681022e-05,0.0007206054228236235,0.0006454382070137262,0.00030941754156425653,0.002376248159653024,9.641400602694664e-06,0.0006059798823249202,0.004578236930635122,0.00035244675536517164,0.00016836742163594572,0.0004822485745903387,0.0048196290346137,9.498565038210299e-05,0.0003338781319822041,0.0004490393058477237,0.0004751067963661204,0.0006863248873473757,0.0006777547534783138,0.00030727500809699104,0.000421007826317667,0.01411501048234499,0.0030739998921591486,0.00013801486418301806,0.011042617490286288,0.001972916234440297,0.00017140267738123847,0.00017068849955881665,0.00010998338465296136,0.0001299803636807725,0.00032066584226740034,0.0015924379995450688,0.00011873206297762874,0.001190712974432791,0.002466234565278174,0.001736344830763067,0.00013158726378122162,0.0005483100231643577,9.230748354802113e-05,0.0001201604186224724,0.0001799728112503004,0.0003590529002225735,0.0006104434937150566,0.00042190054859569427,0.0013369408835736602,0.0003586958113113626,0.004902830750925842,0.0003942261579768485,0.004654118324267441,0.0016276112572993437,0.0003017401299732219,0.0053772233694695405,0.0006236557834298605,0.0018429358707595246,0.00041922238176161247,0.0002838856844126762,0.00029870487422792915,0.0005999093708343346,0.0005642004797132434,0.00014176429775073266,9.480710592649753e-05,0.000154798043009931,0.0004177940261167688,0.00039208362450958304,0.00021621733573820812,0.0001647965325238366,0.003191303599491934,0.0007811319932738733,0.0002460342598243194,0.0009484281481761862,0.0016090426339163762,4.9635358658316976e-05,0.0004054744586799923,0.0037849639143800774,0.0024871242665840125,0.0003501256774423007,0.00045957342872844566,0.0001296232747695616,0.0005308126665150229,0.00021228935771488807,0.00046046615100647293,0.00015283405399827096,0.0004049388253131759,0.0013237285938588563,7.463158244308092e-05,0.0004386837274226072,0.0019666671784941063,0.0034694758613252356,0.0003162022308772639,0.0004713573627984058,0.00018300806699559318,0.0006723984198101501,0.003181840743344845,0.0029495544066021452,0.0006690060751536464,0.0002479982488359794,0.022279491348271313,5.3384792226031564e-05,0.010417176262300374,0.005399719970875828,0.00028745657352478534,0.0004067242698692305,0.00936572796323984,0.0010698383779878969,0.002429097318512239,0.0003060251969077529,0.0018107978687505423,0.0323697527123581,0.0003120957083983384,0.0001098048401973559,0.022406257911751187,0.0002183598692054736,0.00017318812193729304,0.002633887809091698,0.030202937199130274,0.0003658375895355809,0.0007531005137438165,0.0020871846860277894,0.021143412977253792,0.0011092967026767027,0.001502273049464313,0.0004090453477921014,0.0003140596974099984,0.04664206086009149,0.0026685254334791564,0.0008973644338730256,0.0015529796748562628,0.000619549260950935,0.00010659103999645768,0.0074863690235368015,0.0008898655667375964,0.0029242010939061706,0.00026067490518396686,2.6960212796423968e-05,0.0007457801910639928,0.004453612900622513,0.0002981692408611128,0.22551432408603986,0.00016193982123414926,0.00011658952951036325,0.0002117537243480717,0.0002503193267588504
SRR6784574,controle,0.000841796319235351,0.00014361409475141776,0.003023253146653752,0.006258203996284995,0.0005440109086897728,0.00227080441343878,0.00130840754503952,0.0030590220882036677,0.000567816993534031,0.011053634735314842,0.0020018943482664826,0.0018617644355305876,0.0033144888931529825,0.0007379736766011263,0.00010364319978363977,0.0001291390381375722,0.001306134602265445,0.003501288900611824,0.00024967977301795313,0.00018934211450879338,0.0008000160421908423,0.00015511339075973096,0.0015820728457523164,0.0006432278514923193,0.027460857196403746,0.003185185365735708,0.03295909081332008,0.0002459264267265531,0.1014298619431008,0.0006362146267486276,0.10950840898357304,0.0018268927082335962,0.014387443642047462,0.0013146431840973438,0.0012726834642022504,0.03586138452510876,0.0030293542035736373,0.003257934488076987,0.0032768058945301616,0.0012464399473042142,0.0006014924351604568,0.006423859654516586,0.00037639633267262977,0.0008281287554491373,0.008699987539189383,0.00039375742846671513,0.00044204250884492504,0.0006572842081214667,0.011545128703066778,0.0006310556447943128,0.00039070690000677245,0.0010882610745136586,0.002350312549818756,0.0016319579582149079,0.00196008416408021,0.0004993744996067884,0.0014523356647794612,0.014425919179927032,0.007887171240323489,0.0002799607540541486,0.0381824329367113,0.005109964148963346,0.0004165018097783464,0.0005079728028639797,0.0002857627395563924,0.0004914341534684082,0.0009948760243551201,0.01374182321921401,0.0006702938147888693,0.003300761515083241,0.0007603591722115878,0.0001814167219412953,0.0021265921758520795,0.0025357667358982105,0.000158029337081735,0.00019396276791135356,0.0002748167256707159,0.0010330524908170496,0.0021398859003662414,4.903275892231349e-05,0.0012475764186912518,0.0008614901720870395,0.003455919766555618,0.00016943891166475579,0.004614028970659434,0.0004174289311730348,9.20093216373879e-05,0.0012433744652733897,0.00039338358919466335,0.0009520190902071023,0.0002738896042760274,0.00031243991001000856,0.00010268617124718718,0.0002330962629097355,0.00080577316698044,5.188889096078921e-05,9.54037822276182e-05,0.00014386830545641297,0.0002793177505062195,0.00011117979950820397,6.471905477760684e-05,0.0004897294463878521,0.004681663971759045,0.0005798546180940989,0.00011019286382998723,0.002071084520737829,0.0021055973623336508,0.0002357579985267443,0.0004203000167823926,0.00575163682908393,0.0031605717880638174,0.00042876373790164525,0.001274059192723401,0.00036696062944604243,0.0013953027454352393,0.0002154809564106549,0.0005535213797707705,7.925392567498063e-05,5.0004741029648164e-05,0.002385094555690455,0.00010174409628161665,0.0007365979480799757,0.0028442738567662344,0.0025826162734717416,0.00042128695246060934,0.00022043058837262067,0.000235698184243216,0.00039745096047458684,0.002690910033799706,0.0003279617165855991,2.9877234622379493e-05,0.00037515518628941777,0.005231117980249892,5.570205153571752e-05,0.010510192062318588,0.014612270580259412,0.00045068567281476255,0.00019040381804142048,0.003966494490753078,0.0006904063676252558,0.003943660388016155,0.00028727305021548173,0.0008239567091730392,0.10158563329097933,0.0008230894020618791,0.00207130882430106,0.01669329922563382,0.00014167013053674842,0.0003064435280862978,0.001702553766349169,0.0011374433691447928,0.029030623253320117,0.0012510007864232463,0.008692465893035703,0.10997087807024288,0.0043420085627436655,0.005903146409261081,0.002018148879815295,0.0014955365310577668,0.0006834380035942104,0.0040565897553175604,0.005862263346469497,0.00018935706807967544,0.0030096304435801844,0.00028187481112705375,0.0026639936062119764,0.0003557005905718423,0.0021458673287190703,6.969859388133675e-05,2.7365034714191428e-05,0.00025045735870382087,0.0010031752561946701,5.345901590340675e-05,0.00029569191062208815,0.00028725809664459964,4.385882339711664e-05,0.0002732017400154521,0.00019922642486184283
SRR24907956,controle,0.00023863863168947474,0.0005028284704083276,0.008839271337427311,0.016427979825152608,0.001474256435770533,0.00330068564012523,4.7245628092057625e-05,0.000392186922988662,8.051040705483289e-05,0.03790401038246782,0.00013354121409693838,0.008015847533537164,0.004169667728247004,0.006656330480275915,0.0011425728426344547,0.0003528959159529202,0.004642847156536336,0.009387175993821429,0.0009798646846643584,0.001015781003979239,0.0015617572673900068,0.0031748579979616887,0.00470166314252849,0.011127068563048327,0.015717849109034232,0.009700539853615688,0.02216422580324799,0.00017379641762435484,0.06340387394866424,0.0005197019090126338,0.1686953360851501,0.0009164687653367505,0.0053551473147609805,0.0005679117335963661,0.00600356945541218,0.0007139875020850749,0.00027214445977516866,0.0008092019056379461,0.00045847543179129387,0.0007952210565086638,0.0005021053230395716,0.002656361334563648,0.00016222605972425908,0.005237033244530837,0.020944758290402484,0.0022511577589373784,0.0007600278845625392,0.001074838039094311,0.013134043560469101,0.00023237135449358953,0.0007055507827829218,0.000604310151157084,0.0021675137132846026,0.002411455425678288,0.00135951705326125,0.0004792056563622988,0.005078663970773276,0.004515814268758201,0.008343192242460707,0.00040086469141373385,0.04935191532812089,0.009047055681383198,0.000951661937282875,0.0008906765091844537,0.0005433247230586627,0.0008340299652985683,0.0020067339482978557,0.005322605683166962,0.0004252106528285186,0.0029323625803055154,0.0005565824248191891,0.00017717110534521609,0.00024779849836038386,0.0031507530856698224,0.000195731887809953,0.00023598709133736945,0.00044690507389119816,0.000629861358186462,0.002605258920504892,0.0002232114878226804,0.00035144962121540826,0.002013483323739578,0.008758278832126641,0.0010717044004963684,0.007647042375471613,0.0011657135584346463,0.0005517614423608158,0.008611720965392096,0.0007576173933333526,0.001736035783260199,8.533138951320611e-05,3.3023729839856606e-05,0.00026973396854598205,0.0007113359617329696,0.0007515911652603861,0.0004059267229950257,0.0001477631123491394,0.00015788717551172318,0.00030781972996713055,0.0008991132284866068,0.0005708043230713901,0.0003258984141860301,0.004862442907515236,0.002251398808060297,0.0004360578633598584,0.005010929167233132,0.0045377497389438,0.0004488334668745474,0.000876213561809334,0.010350649338127318,0.005823746809714858,0.0012455008181207232,0.0017471240429144574,0.00048619608092693995,0.0017868971481960366,0.00043412947037650907,0.0009458767583328271,0.00044618192652244213,0.0009183971583200997,0.002908257668013649,0.0003912227264969874,0.0025122139590582886,0.005367199770906913,0.004074212275571214,0.0001988655264078956,0.00019693713342454632,0.0003042039931233506,0.00048619608092693995,0.0031534046260219277,0.0027187930573995813,0.0008173975758171806,0.0017237422779913473,0.017773998127530412,7.159158950684242e-05,0.005582215588550359,0.0031628055418157558,0.00030348084575459463,0.0003447002457736857,0.005317061553339832,0.0007325482845498118,0.0012708109760271827,0.0001540303895450246,0.000271180263283494,0.055440816173046276,0.00013426436146569436,0.00045606494056210726,0.023318369003782542,0.0002627435439813409,0.0003837502036865089,0.0030068467592873818,0.011797185124762206,0.00045100290898081536,0.0008631969091717263,0.003705648166628581,0.04637182502147748,0.0020797718325422103,0.0032083638260473825,0.0007790707652731135,0.000982275175893545,0.0012835865795418717,0.0012204317093371824,0.0014306265445222551,0.00791050906682171,0.004493637749449685,0.00034638758963411636,0.0013848272111677096,0.0001858488737702879,0.002238382155422689,0.0029998563347227404,0.002116893397471684,0.001894646106140678,0.007360917066567161,0.0005507972458691411,0.00078871273018986,0.0005093367967271314,0.00011618567724679476,0.0003066144843525372,0.000528861775683543
SRR24907938,controle,0.0029527750213009713,0.0006009284458733695,0.00566609262386609,0.010234748241827315,0.0008671191833039685,0.0024503257237817547,0.003121172080087539,0.004195303115848265,0.0005874475415743091,0.004267962905121167,0.0007309392008931214,0.0001974152765150537,0.0006870691394453316,0.00044509833177236647,3.907177347693772e-05,6.100680420083257e-05,0.000918757901466471,0.0009294969269250446,5.118173835575467e-05,0.0008269049603101613,0.0011620996485596797,0.00014646202806267296,0.0028513255042029576,0.005525799823194513,0.011864795212496752,0.012523303114020347,0.0051065208505033976,0.0007672690955295722,0.031161224532229758,0.0027530748457521787,0.05096947123552031,0.0009825065845077904,0.008596018654829672,0.0011403931077391587,0.00043413081641041905,0.00033770807718663126,7.608713782351029e-05,0.00015605860400437697,0.0009253841086643143,0.0005298680859240852,0.00022163520627268763,0.0016305039504761845,1.3709394202434286e-05,0.00031348814742899735,0.01886778226100356,0.0009758803773099472,0.0010037561455215637,0.00032011435462684057,0.004158973221211814,0.00031120324839525827,0.0008584365669757601,0.0001782221246316457,0.0002531668129382865,0.0002677901667542164,0.00022620500434016573,0.00020221356448590571,0.00023328819134475675,0.04535547430962347,0.0034172949948601196,0.00014006431076820362,0.006919359743871958,0.000794002414224319,8.591220366858819e-05,7.722958734037981e-05,5.803643545697181e-05,8.682616328208382e-05,0.00020358450390614916,0.007334068918495595,0.0003564442492632914,0.0014429137398062086,0.002363042580692923,0.0014454271287433216,0.00020929675149049677,0.001672089112890235,0.00014920390690315982,0.0003687827040454823,0.0001960443370948103,0.0007000930639376442,0.0008314747583776395,0.0003555302896497958,0.0007505893325832772,0.00019421641786781905,0.008798689199122325,0.0029578017991751973,0.006723315406777147,0.005747892009273948,0.003842971684845704,0.014476434808060485,0.0003715245828859691,0.004485713783036498,0.000249510974484304,0.00021569446878496609,0.00015514464439088133,0.0019254844157318954,0.0006434275679009158,0.0007377938979943384,8.728314308883162e-05,0.00015468766458413353,0.0004597216855882964,0.00017068195782030685,0.00022757594376040914,0.0002684756364643381,0.0023500186562006105,0.0012441275238709115,0.002543321114454934,0.007310991438254831,0.002238744073257519,0.0001782221246316457,0.0009352091745093922,0.005174610841708821,0.00483576031500532,0.00033862203680012687,0.0011138882789477858,0.0004172225635607501,0.001067733318466257,0.0005623136522031796,0.0011004073746487253,0.00011584438101056972,0.00021866483752882687,0.0012178511849829123,7.220280946615391e-05,0.001633702809123419,0.0058438577686909885,0.009040203026988542,0.00020472695342301867,0.00012726887617926495,0.00015994293236173333,0.00041905048278774134,0.0023159736605978987,0.0010693327477898744,0.0003971154520638465,0.000503591747036086,0.01678235491290993,0.00016953950830343734,0.007596375327568837,0.004463321772505855,0.00019398792796444515,0.0002577366110057646,0.005926571113712342,0.0009589721244602783,0.0017591437660756928,0.00030868985945814534,0.000727054872535765,0.008400659787444982,0.0033316112810949055,0.00045583735723094,0.00849822497618564,0.0001779936347282718,8.294183492472742e-05,0.0009713105792424692,0.000345476733901344,0.00071037510958947,0.00019033208951046266,0.0007042058821983745,0.01090787949716684,0.0003518744511958133,0.0004617780947186615,0.0001629133011055941,0.0001441771290289339,0.18534735377845757,0.002787348331258264,0.0028195654076339847,0.0005712247584347619,0.0009322388057655314,0.00020381299380952306,0.0036222504381865123,0.00041173880587977636,0.0016935671638073821,0.0031172877517301827,0.00040991088665278514,0.004767898813703271,0.002768612159181604,0.0002577366110057646,0.03090280245151387,0.0004818852062155651,0.0001238415276286564,0.00024311325718983466,0.0003834060578614122
SRR6784590,controle,0.0008532167018451184,7.57459901101963e-05,0.004232996509893308,0.008671818500582766,0.0008125495705587823,0.0016314066961742207,1.6949248821833553e-05,0.00041194605188734956,5.346667283405383e-05,0.030223461552279708,0.00012664906600601852,0.024616543071785214,0.001023742006096123,0.012126956992728902,0.0026747537637476114,0.0002765364927470863,0.000663289210694692,0.00970489273725979,0.0018387814010193747,0.00046290445721349334,0.0005206499393257467,8.657211530977879e-05,0.002148681540250353,0.0008466324996368545,0.011584230610704857,0.03568182051236085,0.024932935197507253,0.0002096063252014563,0.09373203868368186,0.0002899446580283409,0.11640950654041819,0.0009578999840134832,0.025232820709850032,0.002413598852629915,0.0009543589004729043,0.05264462504462319,0.0028544637534319924,0.006025264303155703,0.0004492012016371905,0.002461458809858052,0.0009722671927536447,0.003510984330484015,0.0006050642068529853,0.0006965606414613816,0.005230346377726053,0.00018686592933930094,0.00012130055440826908,0.00034824343444380974,0.00952485077099348,9.704782078399147e-05,0.00027720044591094485,0.0003438355231615266,0.0016128897801599433,0.002070261294341282,0.0013609564407625044,0.0003369009012278928,0.0017206346241394337,0.0016253573451257316,0.005909847111504958,0.00036537711470004846,0.049397082575043494,0.006656314899116374,0.0005935741284895441,0.0006793163023444998,0.00034416749974345586,0.0006800171417952394,0.0011059799826973805,0.003372384107528543,0.00015403713401518373,0.00198392893989623,0.0003311650836178926,0.0001219276212852466,0.00020602835537399634,0.0008621800695572089,9.629165190293034e-05,0.00015720935468695237,0.00027021049454698957,0.00042832356326252715,0.0008152607126445379,0.0003537026049022023,0.001231301142375682,0.0012212680723440417,0.018787089622537462,0.00013033769469412157,0.004729762578463587,0.00041058125927275147,7.303484802444057e-05,0.001408429091978391,0.000508883213810698,0.0012549083659795415,0.00028472524843467506,0.00030586109081750563,0.0002783623639476973,9.638386762013291e-05,0.0006565021339085824,0.0001419568750616462,7.019460393460121e-05,0.00017129991627550604,0.00035586045268474255,0.00022321736506055657,0.00010951538574977981,0.00028883806942191,0.003962158948469341,0.0007807535912673338,0.0001040746584348278,0.0036196513316355313,0.002247887208816885,0.0001607319950840908,0.000574743679036778,0.004474066837804283,0.0024411160226431635,0.0005068729111756818,0.0005984615615012807,0.0006806073223853358,0.0022916343450577873,0.0002834157852503985,0.000986671287780687,0.00010138195949251257,8.572373071151508e-05,0.00026462222208451343,0.00011414461475334915,0.0005806454849377429,0.002072234710689417,0.003110122607804415,0.00042978057159432785,0.0002605647305276001,0.0002733827152187582,0.0004767737010807608,0.003678595618071418,0.001981734205826809,0.00015851881787122893,0.0006715886252429238,0.003836063176766538,6.479076290653022e-05,0.023442175913210402,0.01845125842362912,0.0004851837744896358,0.00039431440675821695,0.014717370261523036,0.0025282598753995984,0.006758729674641556,0.0003651742401222028,0.0003126297244601747,0.06836683309021582,0.00015538348348634134,0.0019453458838186721,0.010353906954931524,0.00017076506511573108,0.00014437292685235372,0.0017343932091460582,0.0006485531390857202,0.002713429035542372,0.0007205736142209324,0.005620068441767582,0.07334790194119986,0.002511531944299051,0.003971860041919052,0.0013674299841101253,0.0017496272456279237,0.0010063870081185979,0.0024303821131607837,0.0009533260844402355,0.00033822880755560994,0.005087282914057976,0.00035812895932792595,0.0011180049122205965,0.00015534659719946032,0.0013925679886195477,0.0026501874966848448,2.801513488614273e-05,0.003153132018307697,0.002280789776714764,8.223797660125769e-05,0.0010981969761654831,0.0005097500415524021,6.811052872582298e-05,0.00045003114309201365,0.00047282686838449054
SRR8556942,controle,7.025658902167551e-05,7.070503533457982e-05,0.0039017818864761147,0.006587227890251435,0.0007747657465943492,0.00189603101095943,2.9896420860287446e-06,9.013770889376665e-05,1.6293549368856658e-05,0.00622787291151078,0.0002902942465533911,0.0004820797863721351,0.0015478871900413825,0.0014767337083938985,0.00028999528234478826,2.2123351436612713e-05,0.00018132179251764338,0.0011526565062683826,2.4814029314038583e-05,0.0006080932002982467,0.0002448516868457542,3.8416900805469374e-05,0.0008696868828257619,0.00029567560230824285,0.0035232931983848756,0.006126374562690104,0.005074020548407986,0.0013356226019333418,0.02122242279398795,0.0007414312373351287,0.012785652827214831,0.0001336370012454849,0.012378314092993415,0.0003067372780265492,0.0006121292171143855,0.00013139476968096334,2.974693875598601e-05,1.4948210430143725e-05,0.0004062923594913064,0.0007293231868867123,0.00019118761140153823,0.0006520409389628693,1.6144067264555223e-05,0.00029358285284802275,0.003002049100685764,4.888064810656998e-05,8.236463947009192e-05,0.0001424564453992697,0.0032602046948143463,2.8850046130177386e-05,0.00011211157822607792,3.6772597658153564e-05,0.00021899128280160557,2.600988614845008e-05,0.00017280131257246145,2.2870761958119897e-05,2.2422315645215585e-05,0.0034364440957857408,0.0031379283334957704,5.321562913131166e-05,0.0015072280576713917,4.7983755480761355e-05,5.829802067756053e-06,8.520479945181923e-06,4.484463129043117e-06,3.737052607535931e-06,6.5772125892632385e-06,0.0019348963580778037,3.408191978072769e-05,0.0004958321399678674,0.0022969420146958844,0.0013369679408720546,0.0002790830887307833,0.0010562405489939555,6.9060732187264e-05,6.278248380660364e-05,9.701388569163277e-05,0.0004360392982472924,0.0008299246430815795,9.566854675291983e-06,0.000152471746387466,8.939029837225947e-05,0.006923263660721066,6.203507328509645e-05,0.0017208379847181456,8.191619315718761e-05,0.00016846633154771976,0.0025573398403889885,0.00013722457174871939,0.00042408072990317747,2.8999528234478824e-05,1.300494307422504e-05,0.00027997998135659193,0.0004130190541848711,0.00041331801839347395,5.276718281840734e-05,0.00011031779297446068,6.068973434638352e-05,0.00027803671400067326,6.248351959800077e-05,5.680319963454615e-05,7.608639108943155e-05,0.0041557519816842565,0.00032467513054272167,8.699858470343648e-05,0.0009112429078215615,0.002951075703118974,4.888064810656998e-05,0.0005867172593831412,0.005742355036739711,0.0019795915072639333,0.0001007509382991687,0.0006269279454402278,0.0008855319858817142,0.001971668955735957,0.0002463465078887686,0.000983592246303457,3.647363344955069e-05,2.8102635608670202e-05,7.802965844535024e-05,5.411252175712028e-05,0.00021256355231664376,0.0013584933638914616,0.0008602695102547714,1.7788370411871033e-05,0.00016084274422834647,5.650423542594328e-05,0.00010942090034865206,0.0007194573680028174,0.00037146302918907156,1.2556496761320728e-05,0.0001481367653627243,0.0009215571730183606,4.200447130870386e-05,0.003412526959097511,0.001849542076521683,0.00011764241608523111,0.00014723987273691569,0.004410320005309604,0.0004583121317882066,0.0009402424360560402,2.2123351436612713e-05,0.00032975752208897055,0.021950849088248854,0.0020449151868436617,0.0004137664647063783,0.0018274187250850703,1.733992409896672e-05,4.693738075065129e-05,0.0001624870473756623,0.01108918042549782,0.01499141075828684,0.00015471397795198755,0.0011822539629200671,0.015991894482376357,0.0004010604858407561,0.0005491972512034804,0.00017429613361547583,0.00018162075672624624,0.08799458396439695,0.0020703271445749057,0.003701475866712189,8.505531734751779e-05,0.0003665301197471241,4.0958096578593806e-05,0.0007844820833739426,8.07203363227761e-05,0.0007646009635018515,7.773069423674737e-06,5.321562913131166e-05,7.489053425502006e-05,0.0010342666796616443,3.124175979900038e-05,0.5388602647268275,0.00042751881830211053,4.1257060787196675e-05,0.0004725129316968431,6.128766276358927e-05
ERR912047,controle,0.00015951993314334677,0.006075972534746245,0.014323222209322558,0.015324844931459356,0.0011872828393407436,0.002627110101547918,0.042402489444226414,0.09610587733738073,0.00616229995251992,0.02235547427086493,0.0006362218351938736,0.0035385167834888053,0.004402655099541605,0.0010747720305906692,0.00021594816518159457,0.0003207249360029965,0.007448353801385499,0.0017568796103669465,0.0002561738037938524,0.0013844359961481898,0.004576476521815626,0.007233010533025141,0.0047680127795687284,0.01049530550378767,0.007480413332911058,0.0018432934419722264,0.004929822679249615,6.960634135805299e-05,0.005813015245171378,0.00020315891810401314,0.03862944552176088,0.00015649544903716196,0.00393498344289383,0.00023819972681995416,0.00017079693816783579,0.00014219395990648813,6.308209707185436e-06,1.680749024722695e-05,0.00016945752377795395,0.0001889870497207472,3.944791412781029e-05,0.001286140262697184,3.8022085906323175e-05,0.0001222755717214711,0.0031544505089191387,3.283725601000638e-05,3.4003842736677656e-05,0.00012188670947924736,0.003230192232321167,2.8473357513939738e-05,6.390302847210452e-05,4.463274402412709e-05,1.1968315677331271e-05,0.00029938071959649233,5.474316232194484e-05,2.0998561080083024e-05,0.000313941450221982,0.00023465675972413766,0.0024608498895393595,6.156985501876196e-05,0.02364446619000509,0.0011164234974244142,0.0001318675070296572,0.0001265962633017351,0.0001061593921270864,0.00018812291140469443,0.0002133125433176335,0.0013096448248938201,3.957753487521821e-05,0.00017464235367427075,0.00046024006712972094,0.00020588095379957944,0.0006686270220458535,0.0006733797827841439,0.00011471436145600911,0.00011756601789898335,0.0006233461742846868,0.00033161307878526176,0.0007315794983703,0.0009136102346468222,0.0002715554658195922,0.0002543591133301415,0.004672439081813289,0.0010417619469174522,0.0047901779273754825,0.05001213466230317,0.004825910046744266,0.02835406321940865,0.0012148920585386307,0.00515657257338187,6.256361408222267e-05,0.0001039990463369544,0.0009952713055138118,0.0002665866705022886,0.0013357850089544172,0.00029933751268068973,7.055689350571106e-05,0.0004934661853819511,0.0007081613500052691,0.00015515603464728012,0.00013268843842990734,0.0002725060179672503,0.06422924068641445,0.0025358138884569396,0.0012304033413117785,0.0376183172781475,0.00036358619647921533,7.072972116892162e-05,0.00018786366990987857,0.0031504322657494935,0.002950038590256849,0.0013957562080884815,0.00036479599012168923,0.00091602982193177,0.002998430335955806,0.00046447434487837964,0.0017059386566356338,0.0002803264697275281,0.00026922229236624965,0.00020065291698746,6.468075295655203e-05,0.00029203554391004353,0.0018010370783172445,0.0017460778814162865,0.00021279406032800185,0.0006513010488089949,0.00029441192427918873,6.865578921039491e-05,0.00033550170120749933,0.0028743832806864267,0.00024675469614887684,0.0007831685558386521,0.01555500817194002,0.00016392703855521603,0.0028474221652255794,0.0031088672127473536,0.00010477677082140192,5.867499165998508e-05,0.002398113447793926,0.00024325493596886303,0.0006526404631988767,1.706673174204279e-05,0.00011000480763352137,0.0007498992306706193,5.0336056910075563e-05,8.364858899391099e-05,0.0013894912052970988,1.0499280540041512e-05,3.36149804944539e-05,8.39942443203321e-05,9.864138877742705e-05,8.55064863734245e-05,5.932309539702468e-05,0.00027419108768355325,0.0031606723047947188,6.783485781014475e-06,8.468555497317434e-06,1.317810931980519e-05,7.172348023238235e-06,0.00022601537656360968,0.00031368220872716616,0.0003209409705820097,0.0001458233408339099,0.000352222777623121,0.00010952953155969231,0.0003568459176140035,0.00012309650312172126,0.00030650986070392795,0.007307369635121484,8.809890132158289e-05,0.002091862828584814,0.002306471579376527,0.0009450216624353414,0.00016293327949175532,0.0008328997159274907,0.00018190111552911426,0.0007677868938129123,0.0012163610936759203
SRR8556986,controle,0.00015104908028880585,0.005483525876484502,0.0004411521668434829,0.002358586962509618,0.0001410531852696937,0.00041249726778869476,0.03039507331211538,0.07530796241898882,0.0063669408651735905,0.05245845706030057,0.00350456079370072,0.0018516840195404198,0.0039288310045119245,0.009237761914662601,0.001990071632805017,0.0003638505786956823,0.0071981550687628725,0.010951502582939273,8.685322116606336e-05,0.0001779269313401963,0.00105023537000805,0.0063884875722147886,0.006155250021768838,0.008855030200930817,0.005982654234438835,0.02797895442049576,0.008205741286689378,0.00013905400626587126,0.021037582788223857,0.006478672758387222,0.05229074815497991,0.000578873387106806,0.013322306750472251,0.0009691575548530292,0.0026713474111076164,0.0004038341587721309,0.0001246154912382648,0.00013394499325610282,0.00022501870343023575,0.0004116087437869959,7.796798114907478e-05,0.001163744311225079,6.175241811807062e-05,0.0010086968729286284,0.002730656388221015,2.976555405691174e-05,3.6207353069228457e-05,0.00011461959621915267,0.0042302627720882625,3.2431126062008314e-05,4.375980708366875e-05,0.0002643358905054102,0.00035229976667359715,0.0004855783669284258,0.00016793103632108415,0.00015926792730452027,0.00047202837590251825,0.0007428060654202452,0.0028897021845251105,6.886061013166149e-05,0.021769726565623718,0.001332563871547862,0.00018125889634656702,0.00013016876624888268,7.152618213675806e-05,0.0001239490982369907,0.0002823285015398121,0.0013418933735657001,2.132457604077259e-05,0.00047824804391441027,0.008151097060584898,0.004985063911531442,0.000156380224298999,0.002879262027505149,0.0009540526468241487,0.0003334186316374964,0.0010509017630093243,0.0014880555718451622,0.0015540284789713026,0.0008438756706134903,0.0002283506684366065,0.0002070260923958339,0.00923020946064816,0.012836728383543824,0.012069710039077286,0.022061828831182215,0.0006757225032919815,0.05721517030339541,0.0008585363166415214,0.02777925865111394,3.7095877070927316e-05,4.2427021081120464e-05,0.0005137890039823645,0.0018854479316049765,0.0022297509822632837,0.0003556317316799679,0.00023901295645699277,0.0002576719604926688,0.0008289928935850344,0.0009216215207621403,0.00024367770746591179,0.0011806262672573575,0.002247521462297261,0.002373469739538074,0.008406547711073319,0.007796353852906629,0.004910205764388313,0.0001519376042905047,0.0007856773485022151,0.014475610904677368,0.0179128660052494,0.0017033005112567106,0.0030016562087391667,0.0003054301255839824,0.001311683557507939,0.0004680300178948734,0.0009040731717285879,0.001016693588943918,0.0006075282861615941,0.005228741618997354,1.84368730352513e-05,0.0008989641587188195,0.007392297563134073,0.004877108245325031,0.00011084336921193252,0.0012965786494790585,0.0004724726379033677,0.0010484583220046523,0.0045112584876255265,0.006129038563718722,0.0014191949617135009,0.0017172947642834675,0.059142823125081075,7.50802781435535e-05,0.007246135364854611,0.008161759348605285,0.00015238186629135413,0.0003287538806285774,0.003947712139548026,0.00038117679672881004,0.0025109688288009724,0.0001428302332730914,0.000179703979343594,0.018515729540402075,0.001592457142044778,0.00030431947058185885,0.020719491195615666,0.0001150638582200021,0.0001459400672790374,0.0013818769536421487,0.000359407958687188,0.00048735541493182357,0.00023368181244679963,0.002203317393212743,0.019805422128867968,0.0004889103319347966,0.0006213004081879264,0.0001919211843669533,0.00018947774336228144,0.0006121930371705131,0.0002625588425020125,0.0005859815791203968,0.00032608830862348087,0.0002749981785257965,4.220489008069575e-05,0.0005186758859917083,8.507617316266564e-05,0.00021058018840262933,0.0026258105560205496,0.0010606755270280116,0.0013385614085593294,0.004164511995962547,0.0009145133287485495,0.00011884008522722225,0.0006743897172894331,9.551633018262722e-05,0.00041316366078996894,0.0006699470972809389
ERR911995,controle,2.5922905427389832e-05,0.0021887079379565625,0.012523158104121152,0.015732685369326968,0.0014204270865328062,0.0019503653389127326,0.0053230340889415875,0.006107263699323528,0.0008506416252387777,0.06008497429645173,0.0008599738711926381,0.006090821170738155,0.0023847344799503485,0.018656443462797507,0.0031545213287370293,0.00044881190263287596,0.01373874486081486,0.03389271753743064,0.0003864487987189838,0.00042498751812103673,0.0004526879942063047,0.00011630743568422238,0.003371804653181275,0.006776198101756983,0.004681602654742525,0.003583039299692463,0.011804797362006141,0.00048268449905799864,0.02081456237234975,0.030804336650255493,0.026821763656723552,0.000642542415860236,0.0006194093088264604,9.282868991141501e-06,0.00259922800600098,0.0004469355780495601,9.050797266362963e-05,0.00030228576576472486,0.001487900706088098,0.001051284913246775,0.00019027412583704135,0.005493384610321578,0.0002641667505457821,0.00046945147304935014,0.005259757511217397,6.320251228011236e-05,8.776755123273414e-05,0.00024478629267863825,0.005531009855913332,0.00010438289918762305,8.018818745539254e-05,0.0002460207167466092,0.0007916855317524854,0.00010761709024570693,0.00019301454726793687,0.00019903853671963506,0.0001266765978551783,0.008749153401113584,0.009399892392785146,0.00014141562122675137,0.01038116077289661,0.0004137295706211417,4.061255183624407e-05,3.3847907943763294e-05,3.081122473655477e-05,6.907837084365405e-05,7.680586550915216e-05,0.001629118819463974,7.460859066816388e-05,0.000811288185951864,0.005164854988871791,0.002943385436151279,7.636147284468262e-05,0.001331820126933852,9.774169770193937e-05,0.00011714684405044262,0.0007220640143189242,0.00045834165643761165,0.0011207829882735392,0.00034724349032022665,6.97943368030772e-05,0.0002199743689124223,0.005635170558768721,0.002118642027858532,0.005123008012967576,0.010234906209323413,0.0001482543305633104,0.016824138441745518,0.0009615669719866468,0.0030612482461611448,1.0788866354066053e-05,3.755118014767613e-05,0.00012467683086506538,0.000281078360276984,0.0022648965914317293,0.00010416070285538828,7.49048524444769e-05,0.0003938059661640907,0.0008276566490931587,0.0005928198144023663,0.00016958517845784834,0.0003468237861371165,0.0028271026889484163,0.0029538533522476726,0.0013048109283266475,0.0042582692648725695,0.0041306298162443736,0.00023160264363270857,0.002518768245250634,0.007036464072247977,0.008304834802088122,0.0010088701022712935,0.0004131617355498751,0.0003609702859560635,0.0008886371980509234,0.0008030669216591775,0.0014273151728320841,0.0003219871738895411,0.00047557421642648604,0.03352685893216541,7.920064820101579e-05,0.0029939721344567284,0.0023997697650982347,0.0025903154642302295,0.00014427948506444397,0.000590918801337691,0.0002801895749480449,0.00039118898713999225,0.0020381822671081858,0.007628691363097717,0.000909301456948757,0.0007276682995875122,0.022866792385351446,0.000267993465156492,0.014510482099628935,0.012907162743185553,0.00019432303677998606,0.00047787024519291196,0.008780853411179077,0.001126486027467565,0.003754303294882752,0.00017992965214744486,0.002477587858343123,0.08548675525930695,0.00021261720146731545,7.105344935240755e-05,0.0242350527107718,0.00010181529712624349,8.218795444550548e-05,0.0010107958038173281,0.054156578644577194,0.0003220612393336194,0.0002928300774040674,0.004758433208733036,0.04983915577836746,0.00045394710675563505,0.0006259517563867064,0.00019195294256948184,0.0001898297331725718,0.0016827175124952724,0.0002326642483311636,0.0002704870017737933,0.00027465935512353514,0.0006196315051586952,0.00011694933619956727,0.0005846232385910392,0.00016383276230110374,0.00030559402226688697,0.009031367431533101,5.004355171554208e-05,0.0010214365392832376,0.008224128156524181,0.0005638108488050491,0.004144998512395556,0.0005156436216728229,0.000536752273235126,0.00034376241444854857,0.0008688370360006695
SRR6784554,controle,0.0002757758377608216,0.00013978545904848986,0.008065810741114673,0.013464945032688925,0.0013227119998289684,0.008842790188604108,5.5534675585780136e-05,0.00026869168779999317,5.6799702364499504e-05,0.004770795490584343,9.829258070649469e-05,0.010991185166903205,0.0004932339410226805,0.0005932975592193823,5.1233584538134295e-05,2.3149990050564387e-05,0.00010461771460009151,0.002101209479452866,0.0005673645102556354,0.0010666705798161689,0.004876172221251665,0.00011246088062815158,0.0044243046558931085,0.0016896962683354564,0.013126803374737239,0.004500459267972014,0.02259767935897551,0.00037179137026562145,0.03039796097923699,0.0006135379876788922,0.07593272638191842,0.0007774854582009219,0.010411296891538248,0.0009989916471546828,0.003034040226080526,0.00017368817671816885,8.361827007335005e-05,1.4547807955272701e-05,0.00029247419123991727,0.0010217621291716314,0.00047678859289932877,0.0024203757357237616,1.530682402250432e-05,0.0013582592523109826,0.02511457663791556,0.0024468147953989965,0.0009118313021009185,0.00035433400071929424,0.008522485408232364,0.00025060180486430626,0.000653765839242168,0.0006165740519478187,0.002001272363934036,0.0008583206693610893,0.001554464905690356,0.00037697798005837085,0.000978624716017301,0.0005964601261661807,0.011340332557829751,0.0004089831575599708,0.021085719353050127,0.0029122181472898507,0.00023554798619754581,0.00022909634962607706,0.00017052560977137045,0.0001578753419841768,0.0005329557818744686,0.005731836334377444,0.00040240501831063013,0.0002794444154191078,0.0003456053159461306,0.00013358682783276498,0.001126000335738107,0.001963701068606071,0.0002937392180186366,0.000464391330467879,0.0007662267198703196,0.0012282144994586318,0.0017217014458370563,0.00015433326700376257,0.0005047456847090268,0.0005672380075777634,0.0030226549850720513,0.0003286539571112911,0.007092625640245866,0.0007587630618758753,0.000121569073434931,0.003458709715696617,0.001269454372444883,0.0009284031529021422,9.500351108182433e-05,0.00019607915070150162,0.00026704715298765804,0.0014460521107541066,0.00404555563834453,0.00015471277503737837,0.00020872941848869528,0.00036964082474179853,0.001032514856790746,0.00010550323334519506,0.0001492731598888851,0.0006285918063456526,0.01146898578122551,0.0019203106500959965,0.00023289142996223516,0.004587999121059394,0.017239405432353895,0.0018772997396195382,0.002478819972900596,0.04167757225168821,0.028096244755357103,0.0006387120205754075,0.0014127819064737872,0.0004890593526529067,0.001138018090135941,0.0011667341980128706,0.0018089882935686924,0.00022378323715545572,0.00013130977963107012,0.0009500351108182434,0.0003434547704223077,0.0014826113846590962,0.0057261437138732075,0.004770921993262215,0.00019595264802362968,0.001499056732782448,0.0005533227130118504,0.0010013951980342496,0.004650997454639619,0.003069966986596156,0.00019139855162023998,0.0005511721674880275,0.012172846680904965,0.00014383354474039185,0.00312183308452365,0.004654033518908545,0.00021809061665121858,0.00029209468320630144,0.0012073415576097622,0.0001038586985328599,0.001452630250003447,0.00011511743686346225,0.00039633288977277716,0.09563804851402997,0.00018747696860620995,0.0008030389991310531,0.03480695881110759,0.00026477010478596316,0.0001825433641692044,0.0028298649039952203,0.010506300402620072,0.0002936127153407647,0.0012107571299123045,0.009566512008709456,0.0963942815223484,0.003445679939875807,0.005351442782016531,0.001528658359404481,0.0016956418941954372,0.000598104660978516,0.021028919650685627,0.03147184221169186,0.0005055047007762584,0.002981541614763672,0.00033459958297127215,0.01778387295791471,0.0022851443730786615,0.010835460370442852,0.003274521816715077,0.00018988051948577673,0.003831386604707342,0.00323290243569521,0.00011574995025282192,0.00023845754778860037,0.0008315021016522388,0.00020025373907127554,0.00033700313385083894,0.0010475686754575064
SRR8556990,controle,0.00023731438624789895,0.0011259050956573251,0.00014653717271134362,0.0007830928666507268,3.590941370856366e-05,0.00014943669058843263,0.004235526498916919,0.012384286932720479,0.0014858913920897583,0.05558576506232625,0.020113286393856233,0.004469941367287729,0.006087649302866686,0.0064563341529303864,0.0006196046663502475,0.000776178631713053,0.01460977842330463,0.010775723630446188,0.00019159121972457256,0.0009222697247509983,0.0005551461535441922,0.00011062775900277998,0.0022350822035622137,0.0008745391996973795,0.005712942377212109,0.012404360518023403,0.012533500583472213,0.00011620375492025879,0.02204704177803789,0.0007625732016744046,0.09945926221990657,0.0003448195875368908,0.0006717959881378493,8.252473957868667e-06,0.001105162390844304,0.020352162058961027,0.0012414397310674865,0.0011276894143509185,0.00033121415749824245,0.0017760662196353565,0.000393219232100607,0.007369013164703321,0.0003205082453366831,0.0007882227828948072,0.008335444777120752,0.00027790763652714483,0.0001933755384181658,0.00017776274984922507,0.00910493221373283,0.0001329317426726953,0.0003222925640302763,0.0008310464315410447,0.00015255924830222077,0.0005567074324010863,0.00015702004503620384,0.0004534399880093784,0.0012938540926917875,0.01555279085286865,0.0035173382247456453,6.71349908464451e-05,0.0413259361428026,0.0024239969452463967,0.00024021390412498796,0.0002593953300811151,0.0001871304229905895,0.00022103247816886078,0.0005520235958304041,0.0074838786806033855,0.0002181329602917718,0.000844651861579693,0.0006686734304240611,0.0003260842412541619,0.11152371002680046,0.000916024609323422,7.471834529421631e-05,9.14463330466528e-05,0.00013650038005988174,0.00037359172647108153,0.0007770707910598496,9.925272733112316e-05,0.0002556036528572295,0.000534403448731171,0.00776446279517092,0.0003149322494192043,0.0021112950941941837,0.004535068999603881,8.453209810897905e-05,0.004493583589977839,0.00041976097266780625,0.004249578008628965,5.419868031789422e-05,2.81030194240933e-05,0.0022373126019292052,2.899517877088991e-05,0.00016884115638125894,3.390205517827128e-05,0.00011018167932938167,6.356635345925866e-05,5.2414361624300996e-05,6.133595509226712e-05,6.312027378586035e-05,0.000355302459861751,0.0026932060281422746,0.0004083859409961494,0.0034372669233706495,0.0015938426730521486,0.00015367444748571652,1.2267191018453425e-05,7.159578758042817e-05,0.0008111958860748201,0.0007329089033934173,0.0008018282129334556,0.0002252702350661447,6.9142349376737484e-06,0.00019917457417234377,4.23775689728391e-05,9.14463330466528e-05,8.140954039519091e-05,0.00012914006544880968,0.0007246564294355486,1.2490230855152578e-05,0.0001447528540177504,0.0006940999718077647,0.0010101474204104648,5.5759959174788294e-05,9.456889076044095e-05,0.00020653488878341584,0.0003147092095825051,0.0014642565279299406,0.00029887338117686526,6.869626970333918e-05,0.00026207180812150494,0.007428787840938695,7.360314611072054e-06,0.006799592461610384,0.005184337964235116,0.0001476523718948394,0.0008725318411670872,0.006955274267626392,0.0007619040821643072,0.0019007454883501833,6.133595509226712e-05,0.00016348820030047926,0.015265961622873539,0.00017107155474825047,0.00014854453124163601,0.06619577009410497,0.00050830778783737,0.00039924130769148416,0.004364889604202427,0.00017887794903272085,0.0003624397346361239,0.0004665993383746284,0.004313590441761622,0.013332652318365279,0.00016727987752436488,0.0003506186232910688,9.702232896413163e-05,7.672570382450869e-05,0.00024110606347178457,0.0003053415364411407,0.00011798807361385202,0.0008883676695727271,0.00019783633515214885,1.4720629222144108e-05,0.00012021847198084355,2.0519664976322092e-05,0.0002399908642882888,0.025509512202955546,8.274777941538583e-05,0.02889547996388539,0.010589039287128996,0.00013070134430570376,0.00010995863949268252,4.90687640738137e-05,5.352956080779676e-06,9.791448831092824e-05,0.0006608670361395909
SRR24907950,controle,3.0589985531748964e-05,3.973991040761724e-05,3.0156852993246326e-05,0.00020974443176990354,5.143448894718853e-06,7.628546834377752e-05,2.111521125200371e-06,5.489954925520965e-05,3.627485009959612e-06,0.00037298125721808606,0.0005666997850633919,7.395738094932582e-05,0.00027595956859349465,9.084954995092879e-05,2.6637651117912373e-05,2.1764910059757673e-05,5.365429320701456e-05,0.0002014066304037277,2.8370181271922936e-05,2.6529367983286715e-05,4.840256117767005e-05,4.001061824418139e-05,0.0003387637866763775,0.00015841822595734066,0.004009562050486254,0.001142928485973842,0.0035364730353067446,0.0002887911200466354,0.018048795304106958,0.0011195393288946994,0.013589100262981836,0.00025013404098527475,0.002282662619476227,0.00023556995937812347,0.0003082820842792542,0.00011570052934751777,5.890602523635907e-05,0.00017644736787251306,0.00027509330351648936,0.00020671250400038506,0.00012983147841616642,0.008838989854790692,4.970195879317797e-05,0.00025127101389884417,0.002677733636157948,0.00022945196227177367,0.00012430903855025776,8.862974569110276e-05,0.0016487190078103,2.9940286723995005e-05,9.729239646115556e-05,0.0007178630410008133,9.821280310547367e-05,0.00015105497280279578,8.251174858475297e-05,0.0005489413509847837,0.00016989623822766064,0.00029956529194188853,0.0015568949096477405,7.238727549725375e-05,0.004849947458316001,0.0005887354029597137,6.843494108341716e-05,0.0001312391591663,0.00011293930941456344,6.410361569839076e-05,0.00011867831554972343,0.0008699467035825529,4.0118901378807055e-05,0.0005392500104357871,0.00021846122410726918,0.00014970143361997505,0.0007179171825681262,0.0010295560440207758,1.4185090635961468e-05,0.00017211604248748666,4.342153698488968e-05,0.00024932191747558226,0.0002893866772870765,3.2430798820385185e-05,1.5159638847592408e-05,0.00024092997454209364,0.002988181383129715,0.00014629051487926673,0.0009231678642510648,0.00017839646429577494,0.00017817989802652363,0.0011073033346819998,0.0002574431525725068,0.00018072455169022665,6.496988077539603e-07,8.608509202739976e-06,0.00021570000417431485,5.251732029344513e-06,4.3692244821453835e-05,7.688102558421865e-06,7.742244125734694e-05,1.878712385755202e-05,2.12776359539422e-05,0.00012885693020453547,3.5192018753339516e-05,7.66103177476545e-05,0.002412223390055829,0.00016399480739056217,8.554367635427145e-05,0.00012393004757906795,0.0008017824703356999,0.00012907349647378678,5.024337446630627e-05,0.0012022676437487036,0.0010260909837127548,0.00012501287892532453,6.892221518923263e-05,3.140210904144142e-06,0.0001443955600233177,3.113140120487727e-05,5.906844993829756e-05,2.9886145156682177e-05,1.846227445367504e-05,1.4780647876402599e-05,2.273945827138861e-06,2.7341491492979167e-05,0.0003382223710032492,0.0004528942105718232,1.0774171895253176e-05,1.683802743429014e-05,0.00012430903855025776,1.3264683991643357e-05,0.00028429736995967046,7.731415812272128e-05,1.0016189952873555e-05,0.00010400595080794649,0.0008970716288062807,1.6783885866977309e-06,0.017432934975923516,0.007336669644994284,0.0001629661176116184,0.0007150476795005462,0.01800867640272815,0.0030752951649360583,0.0028911596945051235,0.0002106106968469088,0.009798324286006728,0.007604832827894732,4.721144669678779e-05,0.0001523543704183037,0.03843980895173425,0.00040985166455812335,0.0002969123551435599,0.0036731804927716406,0.00018473102767137606,0.0001402808009075426,0.0003174861507224353,0.0014641504048408624,0.006015561260993919,0.00016177500313073614,0.00025895911645726604,7.568991110333639e-05,6.139653733274925e-05,0.07231001548069835,9.361076988388312e-05,0.00028548848444055275,7.558162796871072e-05,3.762838928241687e-05,2.4363705290773513e-06,2.7124925223727846e-05,3.735768144585272e-06,2.8478464406548594e-05,2.5987952310158414e-06,2.111521125200371e-05,2.8857455377738405e-05,0.0004741177049584526,4.4287802061894966e-05,0.6250949304705872,3.0860693368313116e-05,3.248494038769802e-06,0.0008470448206092258,4.3367395417576856e-05
SRR6784524,controle,0.00021564645926610784,0.00019890106010573137,0.00028078210639387134,0.00279483349057417,0.0004316884791423033,0.00033624300026657486,2.0453779879948014e-05,0.00047829870436429605,4.15833091354624e-05,0.040411642126690746,0.00014441258606615994,0.0013763366611078314,0.014937225684897538,0.000507339445821563,4.6198182919818114e-05,0.00010467522644443984,0.000550587405857811,0.009193751553193458,0.0002457914740932028,0.0015454553036123814,0.00513450857247417,0.00010091740064860733,0.01473066063797136,0.0031583701729367914,0.009550975747486765,0.0440574748247922,0.003397717305423983,9.19019150770267e-05,0.021681946129193854,0.000249928378807036,0.03115161768961552,0.00014065476027032745,0.000642060796940576,1.0399947706887347e-05,0.0017287811646959123,0.0003317270166347411,8.468293394292739e-05,0.00020971305011479333,7.448076654108387e-05,0.00012072839453716294,0.00012418954987542972,0.0007081688639014716,0.0001408030954991103,0.05774403675074516,0.001288324425363333,0.0001342104186643164,1.1273477387497536e-05,0.0001440170254560723,0.0020173426297548404,7.05581238243815e-05,2.5859774884478995e-05,7.894730509665672e-06,5.5411448796442564e-05,2.7936468087439067e-05,2.127786448429725e-05,4.161627251963637e-05,2.1442681405167096e-05,0.027831792860994627,0.0015848300660081878,5.478514449713715e-05,0.002321825409369796,6.40973005262835e-05,1.4915931338721154e-05,1.0663654780279102e-05,2.5711439655696135e-06,4.97747101026938e-06,1.3350170590457609e-05,0.0008822484957242041,9.905496944277806e-06,0.0002605920335873151,0.000363058713292099,6.43115625234143e-05,0.0003107293409159226,0.003864396416866955,0.0011927470929509088,0.0004217005737375906,0.0008782269628549798,0.0017616456587173598,0.005084437191913911,0.0004929014835533645,0.00018761110102614686,0.00013332040729161924,0.014015833170466747,0.0007177941720802707,0.01522730346562847,0.0015923951626761138,0.0006128222751782651,0.005023801046725894,0.0039663027190407815,0.0011463511297260468,3.105150789187918e-05,0.00011055919051949338,0.0006794577562859443,0.005383068970837986,0.012776821967827671,0.00021675073263593582,0.0003955935734718068,0.0008540648022554603,0.0011105364128210292,0.0002949563615886782,0.0006727826709907155,0.0005669702077922737,0.00671648730575131,0.004700331357826732,0.0005021147494299889,0.0007590313656819065,0.039875311384488174,0.0015930544303595932,0.005570795443708742,0.13923352747997467,0.025216494442323982,0.002770885591971781,0.003933850267321509,0.0016532785332454354,0.0081173157613004,0.00045522433544251746,0.0026910153121182533,0.0008689642519020944,0.00026855269086532873,0.00042250817664985283,3.129873327318395e-05,5.325234713304757e-05,0.008447592389031486,0.010405271293431443,0.00014846708231955818,0.0035824276286428205,0.0011670850983714737,2.5711439655696135e-06,0.0003205359477076785,0.0008091686730105139,0.00010391706860843854,0.0018229905166651167,0.0074655637294126775,0.0001236621357286462,0.00029790658447224845,0.0010961149322449176,3.714973396406352e-05,0.0001974671528941637,0.0008142615158653922,2.538180581395644e-05,0.0003324522110865684,3.2353561566750966e-05,0.0002245136096089056,0.0006564328324404267,2.7425535632742542e-05,6.132837625567007e-05,0.0010487300674948364,2.2481028006647132e-05,3.443025476971104e-05,8.453459871414453e-05,0.0001030929840040893,0.0006728485977590635,7.635967943900012e-05,0.00020854284997661742,0.0036138911788368743,2.2728253387951903e-05,2.5151062124738652e-05,3.65234296647581e-05,1.7520038688464736e-05,0.0013949774548582111,0.00023623209268275173,0.0006540924321640748,0.006237216181553882,0.00081017405622782,0.0005368581563493527,0.0005782931302560322,0.00018579811489657854,0.0011974938202719604,0.0001026644600098277,5.6911282776358174e-05,0.0007493566124268464,0.004444683831865513,0.00047213455152376375,0.00043592427400865834,0.002109310471600215,0.000145434450975553,0.002419759623750659,0.0020579864824413446
SRR8556973,controle,8.81379854493845e-05,0.0023863661402836775,0.05052389278919597,0.08369426140217272,0.010300674285772929,0.018149029863383105,6.7914543582573675e-06,7.380047069306339e-05,1.8261466163314252e-05,0.0002763367317770942,5.2218737954601086e-05,4.603096842818882e-05,0.00023181497542851812,0.00012224617844863262,1.343198750855346e-05,2.6411211393223095e-05,3.1391611255945164e-05,0.0011643571194212352,9.055272477676489e-07,0.002304717766776628,0.007205129389279221,1.4941199588166208e-05,0.004812575479469131,0.0008080321474246654,0.010838708392154874,0.0022900784096043843,0.011754347360855929,0.00012300078448843898,0.009008034139584611,0.00019317914619043178,0.08071522767822512,0.00015061936554535226,0.0007555115670541418,4.13524109813893e-05,0.00022668365435783477,0.00033489416046606884,6.0519404392471205e-05,2.565660535341672e-05,0.00022758918160560243,0.00017491768002711754,3.6070168702744684e-05,0.1082855139485908,8.723245820161685e-05,0.00033459231805014626,0.005066424951259996,0.00012390631173620663,5.7350059025284434e-05,4.2408859437118225e-05,0.0038773167537331115,0.00014367698997913363,0.000742985106793356,0.0001288867115989287,0.0006359819703488121,0.00013296158421388312,0.0004598569206580044,7.380047069306339e-05,0.0001468463353463204,0.0005531262271780723,0.0013447079629349587,7.742257968413398e-05,0.008701664087423223,0.0004148824006855445,4.61818896361501e-05,4.301254426896333e-05,4.301254426896333e-05,6.791454358257368e-05,8.013916142743693e-05,0.001199974524500096,2.067620549069465e-05,0.00027739318023282315,0.00012390631173620663,4.6785574467995194e-05,0.004187761678509454,0.003230166613995165,0.00025445315662270935,0.0005796883597792566,0.0004209192490039955,0.0013917953798188764,0.0017360466551785442,9.462759739171932e-05,0.0003093884763206134,0.000190009800823245,0.00392214035249761,6.685809512684474e-05,0.011250572368681194,0.005781036870956632,5.7651901441206986e-05,0.0008936044723387083,0.0004011485707610685,0.0002612446109809667,6.278322251189033e-05,7.742257968413398e-05,0.0007615484153725928,0.0006362838127647347,0.0010996119212058483,0.0002482653870962971,0.00020208349746014698,0.00023770090253900786,0.0009603116462575918,2.535476293749417e-05,0.0001738612315713886,0.0004435574301981867,0.0025306468150946564,0.0029622814698639023,0.0003108976884002261,0.015235495943690693,0.01811884562179085,0.000738608391762479,0.0016005194104293196,0.037988226334724526,0.0145495590535067,0.00028207173767962263,0.002844713848862069,0.003476168182972043,0.005100382223051283,0.004295670342201766,0.007540627234577136,0.00011741669979387182,0.00012783026314319978,0.0006491121154414431,0.0015671658234698777,0.006230480228265309,0.008926083923661638,0.005510586066290028,3.501372024701576e-05,0.00058481968084994,0.006201956119960628,2.2638181194191225e-06,6.927283445422514e-05,0.00020812034577859798,7.515876156471487e-05,0.00042288122470749204,0.014386413227700562,0.00038681105600474737,0.004581364188872459,0.003120145053391396,4.61818896361501e-05,0.0002115915335617073,0.004684141531494087,0.0005081517072056123,0.0012829811888787972,8.255390075481733e-05,6.565072546315455e-05,0.03481978649478552,0.00012918855401485124,1.660133287574023e-05,0.006788737776514064,5.402979245013639e-05,0.00017310662553158223,0.0005891963958808169,0.00016103292889468025,0.0003195001972540188,0.0004465758543574122,0.002302152106241286,0.03570629767035005,0.0010226421051455982,0.0015971991438541715,0.00041458055826962194,0.0003590415537398728,0.0002924853010289506,0.017139366982122175,0.02973736389548163,0.00037368091091211645,0.0008866620967724896,0.0002924853010289506,0.003047853794777945,0.00034923167522238997,0.005359966700744676,0.00783703648701308,3.969227769381528e-05,0.006460785991614214,0.0029195707680108613,0.00010926695456396297,6.791454358257368e-05,0.0023166405422055687,0.0005283751490724231,0.0010822559822903017,0.0006288886735746322
SRR24908049,controle,0.006509921920470893,0.0025904142748895166,0.014755885772017816,0.02402690817928955,0.002175935440450436,0.005781054144239262,0.0016563465306615502,0.0029383756885102137,0.00036553205308215684,0.02290991752781103,0.00047848616390582763,0.004324887398870773,0.0011151080829647944,0.009377701289716312,0.0018477409962238812,0.00035925682470306405,0.0030117958605456,0.007118305311823942,0.0005324531279660259,0.0010046640634927607,0.0018100896259493245,0.00014872291258449986,0.005046224901047493,0.0029208050490487536,0.02504569150663527,0.05095610948390953,0.006840312694630131,0.0007442420857604086,0.04048777350190688,0.027814949790328933,0.09988688900846686,0.0004427173621449986,0.0025847665693483333,0.000200179785293061,0.0011411502807380297,0.06911724793584206,0.00430041400819231,0.008250042749993332,0.0007065907154858517,0.0009014365566566838,0.00021398528772706521,0.00408266358343779,9.004952723998198e-05,0.0007467521771120458,0.014551627088278344,0.0011778603667557226,0.0005522200973601683,0.0006620365939942927,0.007961696005974017,0.00017915777022310005,0.0004257742455214479,0.0008898273841553621,0.0004132237887632623,0.0008386842728657556,0.000151233003936137,0.0004882127678934215,0.0008377429886088917,0.0030240325558848306,0.0068205457252359875,0.00028834674401931516,0.02440467692771094,0.0026089261986078404,0.0003222329772664164,0.00034858893645860623,0.0003077999519945029,0.00046624946856659667,0.0006325430206125564,0.0029612802720939027,0.0002146128105649745,0.002800006902751217,0.0005453173461431662,0.00039753571781553024,0.0007175723651492641,0.004112157156819526,0.00019484584117083212,0.0007103558525133074,0.0003940843422070292,0.000968581500312977,0.002684542700575909,0.00031533022604941427,0.007061200733574197,0.0006491723758171524,0.0074352043449681295,0.0019183373154886755,0.0158025938656505,0.01857247967218207,0.00029807334800690903,0.012418049439386784,0.0007577338267754582,0.006024846766767018,0.0017137648703302495,0.0016237153430902675,0.00022120180036302195,0.001602379566601352,0.0008292714302971164,0.0006570164112910185,0.004537931402340974,0.000290229312533043,0.000731691629002223,0.00013617245582631422,0.0002670109675303996,0.0004885265293123761,0.002194133602749805,0.002603592254485612,0.00030968252050823074,0.02013407025431932,0.004139768161687534,0.0006102659598667769,0.0003752586570697507,0.009560937958385822,0.005717046814772515,0.0004684457984992791,0.0009268512315920098,0.0009463044395671974,0.0023155592718852513,0.001222100726828327,0.0024169042102076,0.00025634307928594177,0.00024159629259507364,0.0027865151617361673,0.0023491317437133977,0.011929209148655454,0.008841796786141786,0.01445812618542986,0.00313416281393791,0.0002651283990166717,0.0005801448636471313,0.00042326415416981083,0.002455496864739021,0.002529858321031271,0.00021586785624079307,0.001646933688092911,0.019348411661256896,0.00044146231646918,0.0004982531332999701,0.0016576015763373688,0.0002717173888147192,0.003250254538951127,0.0023886656825016827,0.00013899630859690599,0.0003140751803735957,0.00014495777555704418,0.00028144399280231305,0.011912579793450858,0.00012362199906812857,0.00042828433687308506,0.04010090567233581,0.0004684457984992791,0.0007533411669100932,0.003747880149413188,0.009561565481223732,0.0007690292378578253,0.000577007249457585,0.0021743666333556627,0.009721270043471645,0.0001437027298812256,0.00030654490631868434,0.00010291374541712227,0.00011358163366158007,0.00089170995266909,0.0033243022338244224,0.007330721792456234,0.0012886181476467109,0.004225425029062152,0.000649486137236107,0.002225509744645269,0.0002764238100990388,0.004582799285251488,0.005429327593591109,0.00255276290461496,0.004810590075412557,0.009849598463824093,0.0003787100326782518,0.0006435246702759689,0.0010937723064758788,0.0002892880282761791,0.0006485448529792431,0.0006654879696027938
SRR24907984,controle,0.0004359908795142685,0.005151017812672518,0.001846021308205545,0.0049982104435070595,0.0003571378079679761,0.0013773719358437658,0.003887177111174967,0.007074603041390901,0.0007846632623625609,0.025599832307233568,0.0016946320051768869,0.0021993346347742733,0.0036985743149805924,0.005924680319549602,0.0009274582251681901,9.329156312098136e-05,0.0009071326105407262,0.005868731164697682,0.0002405985545437009,0.002764197645932864,0.002268218271661852,0.0010822852642860602,0.004352130917240844,0.0221152570638064,0.005045952003445987,0.01826696934214064,0.00329094475820232,0.0005174222531274696,0.018892379480170474,0.0006889652839791314,0.022206228155067165,0.0003822332814192212,0.0010912663498191257,0.00010532363943322217,0.004016865705140477,0.0001763988330776732,8.508396820798854e-05,0.00014391222703462304,0.0064519430922324395,0.001045114742821459,0.0006555762722126632,0.0006551035835003965,3.360387027204395e-05,0.0007202916540920727,0.0021168719403343085,0.00015762019969035453,9.728793132468991e-05,0.00013269661304357,0.0027083344344831744,9.634255390015672e-05,7.623179777826852e-05,0.00034424629763343237,0.0001475648216294104,0.0003002862473926383,8.723255326374582e-05,0.00023239095963070808,0.0002870079917480583,0.000692660850275034,0.0018029636636881692,3.601028553449212e-05,0.0067520144811195025,0.0010520761584021127,7.958359046524988e-05,0.00010227264865404683,6.303948553591878e-05,7.38683542169355e-05,0.00020592039174377832,0.0012159702264552786,0.00012857132973651602,0.00037660398857313713,0.0010150345520408572,0.0007694083084666842,0.00013463033959375156,0.0019670296185457957,0.0003233620508914716,0.00035052016599624366,0.0003586418175070062,0.0019483799002618222,0.0016123411975413828,0.000980743134550971,0.00044540168205848543,0.00024184473387604014,0.0158878411099006,0.010750703156688272,0.015958959275246164,0.01489876146533329,0.0019849917896119264,0.05411559533703758,0.0009969434658713809,0.006449880450578913,0.0001310207167000793,9.935057297821692e-05,0.0006650730181591104,0.001909920227763767,0.0010442123370980412,0.004076897171598336,0.0002305431764827568,0.0003460081373791534,0.0009821612006877707,0.0015353359091430415,0.000214385816863462,0.00011366014944956044,0.0016848344573226336,0.002379171203941158,0.008594168336224684,0.015019383030363502,0.005041225116323321,0.00043367040765405064,0.0011321754092807443,0.013984151778798528,0.019284625167949522,0.00136087080261555,0.004303443979877384,0.0018839653202902189,0.003511518500026363,0.0011528877692182447,0.006280872750093045,0.00022070265692738844,0.0010037329946475737,0.01200324230079254,0.0001769574651921701,0.0024727205972688306,0.007996818719023044,0.021614980519423874,0.00016965227600259533,0.00021584685470137698,0.00026393218824922505,0.00045941045662202296,0.0026753321680267426,0.005611932278833571,0.0015548450614493177,0.0006694561316728553,0.06625226476979265,0.0004736770613922513,0.00264366202430488,0.002135564630319397,0.00019775576853190061,0.00012964562226439464,0.0016142749240915643,0.00021902676058389774,0.000772889016257011,0.00013226689603241853,0.022002972008792525,0.006678232070304797,0.000455585975222775,0.0002546503008083536,0.017928867997766676,0.0002543924706016627,0.0001883449659876837,0.001658149030930128,0.00012448901813057715,0.014800012496170684,0.0002402118092336646,0.001002658702119695,0.006164419440071,0.00018284458824494506,0.00029659068109673576,7.756392051283804e-05,8.512693990910368e-05,0.01244400303913059,0.0032733263607451104,0.004298974922961408,0.005284101171026124,0.0006930905672861854,0.00017399241781522503,0.0043831994571470944,0.0004900492795171218,0.0028381519435520296,0.0027332150494288436,0.00014262307600116866,0.004849872131257577,0.00531379461649669,0.0008678135040203679,0.13675095007208288,0.0009942362487011267,0.00031377936154279405,0.001578522468763763,0.0004983857895334602
SRR6784591,controle,8.149960936513046e-05,0.016981713809650155,0.001865386968766522,0.0034803436851171435,0.00041375133138060727,0.001389447642087557,0.0011732725146234324,0.002670014564865309,0.0004925381187696911,0.01861287848780682,0.01698097812911428,0.006743201811815632,0.001116786043478122,0.009223985548843313,0.0011875723050395427,0.0007242544975542186,0.0006142702574405982,0.009183569099403568,0.0005070907993700092,0.0002641093123798642,0.00010324816520699602,0.0002580169579421323,0.0030422919060358474,0.02421092457547957,0.00910073606906716,0.003187979642156251,0.007839549730406419,0.0001693674533689467,0.04446133597608174,0.00026700605448988014,0.08487511857388512,0.0004236140485647091,0.0020971723176012877,0.0001384228908286179,0.0012728882571845354,0.021126951769082938,0.0013438354488631793,0.002428251548762711,0.00026383343217891033,0.0006859991096886115,0.00038517474056513277,0.0032799167191241373,5.524501024101791e-05,0.005897284145640744,0.003218648324495626,7.310825325278275e-05,4.395691201865429e-05,0.0006241789546581923,0.007683447516700006,6.519968749210437e-05,0.00021127825389719292,9.855820179077977e-05,0.0002309347182151581,0.0021155643309982144,0.00023698109261939768,0.00029641028590821636,0.00182117716656366,0.0039752267855949425,0.003022198631399705,0.00028100697468829046,0.05447192494789485,0.007991214870880824,0.000717633372731325,0.0005810037032089074,0.00042556819998813253,0.0005796702822376303,0.0010487126038927477,0.0019782679509901583,3.6163296341706686e-05,0.0005013662852002158,0.004185217598554351,0.002226606111882158,0.00047959473934160407,0.00030799725434828,0.000112697062089667,0.0001449520555845268,0.00016589596084027683,0.00031864163210175125,0.0005244022819798662,0.003990354216613915,9.602929994870238e-05,0.0012746125084404972,0.00648649528482803,0.005050906679130934,0.0033347708990804706,0.003883634558878249,0.0005099645514632789,0.05251126734973225,0.0011094522281360974,0.001497638660894977,1.1426038322840575e-05,1.9633474301219017e-05,0.005858614937473707,0.00014943510885002763,0.0005950276134240639,0.0002585687183440401,0.002265896050501342,0.00012701984252252348,0.00023316474983953544,0.00084458424520361,0.00019679454334711331,0.00022187665161717182,0.0033856478061397187,0.0059511037748435,0.0008978061339709661,0.0015570448641670496,0.01025959384319075,0.000976753851477273,0.0016113932637549673,0.024122734871241308,0.01811477678498456,0.0018656168689339834,0.001438462357790366,0.001696594265816229,0.0016207502005706536,0.005113485504713976,0.0070352899745755705,0.00034590779196269476,0.0007027588318965607,0.00010428271596057314,1.354111986348712e-05,6.140633472898828e-05,0.0015785865098581996,0.001983187814573836,0.00015403311219925925,0.0002465679296025456,0.00013991724191711818,0.000432902015330157,0.002685831696386666,0.012124658951722827,0.0008546998525719196,0.000934291290547119,0.10029948864915053,0.0007851090718812991,0.01288592737623836,0.007198312183322578,0.0003458158318957101,0.000286179728456176,0.012098450332632207,0.0012863144269642918,0.0032643984578204807,0.0002895822509346074,0.015160720563220466,0.0056641653758347016,0.00014833158804621204,0.0003182278118003204,0.00453606824411747,2.032317480360376e-05,4.188781051150005e-05,0.000837894150330478,0.004343917684153081,0.00032526275692464475,0.00018787441684960397,0.0009321991990232186,0.00895658866406875,0.00022585392451425715,0.00020681819064843825,5.7635971982618354e-05,5.232527811425583e-05,0.024156323285707444,0.0019977634851909,0.0031839793792424196,0.00029197321267620787,0.0002624310411573947,0.00013872176104631797,0.0012256897528046728,0.00018244877289751065,0.001071150860236998,0.001394689365905681,7.536127489390625e-05,0.0022366067691667367,0.011616533601599241,0.0005229998909583506,0.0015580334348871342,0.00244124090822429,0.0009396249744322276,0.0007488078354391154,0.0007585096225059941
SRR24907983,controle,0.0026010617557456093,0.0004375775443571154,0.009877598581179139,0.016493133572403455,0.0018547817203685643,0.0028232218135049256,3.2563553905055864e-06,8.799821567048625e-05,1.3983173147465165e-05,0.008495869523892493,0.0006298174425871981,0.00031372110932764995,0.0007357064578737562,0.0020590892885752267,0.0005588288950741764,6.742571161517449e-05,0.0007998375040350074,0.002080121513391551,7.041389656175609e-05,0.0008707111213577761,0.0014453237625600501,0.00014937093726566212,0.0026859951663426784,0.001039198780268877,0.004420330047325954,0.009463428485570247,0.004121128452033617,0.00033532798509524,0.02550921544744507,0.0015649277805501493,0.03199269565006853,0.000323183694991825,0.005098188309438964,0.0006149914480445433,0.0008764193208070153,0.00016630398529629117,3.3099894792903844e-05,0.00021813750110045657,0.0002883981574085418,0.00043719444372293824,0.0002848353215106945,0.001218566497190608,6.44375266685929e-05,0.0003642137729121954,0.0024409640007229875,0.00014822163536313074,7.351701169859082e-05,0.0004291493304052186,0.0032019551004524344,7.623702620124843e-05,0.00010768958826719062,0.0006440687861785872,0.000291577892672212,0.0007583093952902068,0.0005248095587592474,0.0007588074261146371,0.00046443289881293204,0.0125330606269779,0.004146642954269814,0.00014795346491920677,0.009879973805111037,0.0019917785071503053,0.00015641998893452128,0.000134583252786425,7.627533626466615e-05,9.408951575390258e-05,0.00030805121994182847,0.0012166893040831401,6.313498451239066e-05,0.0004987970256986204,0.004528172875846815,0.002823834774519609,0.0001445055592116126,0.0006749083872298461,9.087147042681472e-05,0.00013446832259617186,0.0006731078142492136,0.0003211532616306862,0.0008207547986610786,7.669674696226099e-05,0.003436565928822507,0.0002802764239639867,0.008253979783473054,0.0002561027739474099,0.007710513223829381,0.001973619537090309,0.00016553778402793692,0.0033368065236827832,0.0004832048298876113,0.003751474650116106,0.0010116538446715414,0.0007677719809543818,0.00010952847131124083,0.0006418084924369422,0.0007723691885645074,9.048836979263758e-05,8.627426281668918e-05,0.0001297944948592109,0.00031103940488841006,0.0004912116331419132,0.00017879306597046553,0.00011458539968237892,0.0017965887340370586,0.0007206889130140128,0.0001827773125659077,0.0035359805433914718,0.0036468498669223327,7.432152303036279e-05,0.0008586434513811965,0.016703187650122773,0.004874917259840534,0.00024196636054627391,0.0009672524811704123,0.001189489159056564,0.005630353400374412,0.0002873637856962636,0.0014250194289486622,0.0001390655302062974,0.00010259434983263483,0.0044233948523993705,0.0002125442318414705,0.0016233123171987436,0.004111321075798683,0.007808625296242143,0.0008930075782668849,0.00018963481391767826,0.0001763029118483142,0.00025231007766905636,0.0016736900505930359,0.0015252768649128166,0.0005332760827745619,0.00024288580206829901,0.0030728884967981597,4.853885035024209e-05,0.00412258423444349,0.0034813120828943956,0.00014557824098730855,0.0001528954631000917,0.0021940556419958288,0.0002469849788539943,0.0011063563214401273,0.000148987836631485,0.0797600196331413,0.0061666176680955555,0.0022587996491717634,0.0006225768406012504,0.029128558688833482,0.0002872871655694281,0.00029786074307271685,0.0026948064809287522,0.00019162693721539933,0.013233636756697614,0.00029521734869689467,0.0018186553305656612,0.005561088805715187,9.163767169516897e-05,0.00018695310947843837,5.1029004472393425e-05,5.0377733394292306e-05,0.0753558181225142,0.0006662120028340252,0.0007380433717422367,0.0008024042782839942,0.0004136337547210449,9.543036797352254e-05,0.0018906782497909612,0.0002358750604628576,0.0006864397163185776,0.0005479871471269636,3.739062189568768e-05,0.0009347655473921918,0.0007278912049365428,0.00020116614300640982,0.34384810488927586,0.0008577623199225892,4.363516223277486e-05,0.001111068459240506,0.00031552168230828244
SRR24907892,controle,0.0014026527666515449,0.00021211307263251992,0.005367027211683969,0.010166950926507698,0.0008429449036293837,0.006567480202124247,0.022806875925339344,0.03470944049512353,0.0038337706985302044,0.03162357293770784,0.002649682514880566,0.0005217855703630831,0.0011878646775244012,0.0109518322368126,0.0015060342864731812,0.0003181696089487799,0.006256391519190647,0.009474436362223039,0.00023603086717268539,0.0014600869443302318,0.005334612305925587,0.000102280042441497,0.003680980050513753,0.0015685037893182186,0.03224732384268952,0.005337602030243107,0.017911123678443504,0.0011310599154915084,0.05108463264391864,0.0009287027853687927,0.02547622767915097,0.002103821796065869,0.006810906703135009,0.0007302795030322886,0.0063070594786770505,0.00045428074235169514,0.00011738601794054886,0.00011691395620620349,0.0003913391777723124,0.0013154786997090998,0.0006363392178975598,0.002668722338165829,7.112396797470253e-05,0.001303834510261914,0.003786092463361322,6.561658107400653e-05,6.545922716255808e-05,0.0013856585442151117,0.006948276667829512,9.220939210879575e-05,0.00014744061502720414,0.0010122577123479234,0.001305565403287847,0.00035923897983682713,0.0010898331906920126,0.0005649005420999603,0.0001446082446211319,0.018311746736991277,0.008689555051918136,0.0004287894086970451,0.005671664384248181,0.0006379127570120443,8.796083649968742e-05,7.930637137002229e-05,4.248555609108337e-05,4.8779712549021646e-05,0.00012541106742442016,0.0020500067583504966,9.079320690575964e-05,0.0010058062019785367,0.00031565194636560455,0.00016223188270335907,0.00042312466788490063,0.004035498413007126,0.00016474954528653438,0.00027599876068059345,0.00034523448171791445,0.0008434169653637291,0.0024254531910665148,8.198138786464605e-05,0.0008728421468045905,0.00012651254480455936,0.027683745702861372,0.00017151576347881805,0.007423170772580955,0.0007595473305617016,0.00016474954528653438,0.00238721619058454,0.0006583687655003438,0.0038200809082341884,0.0002717502050714851,0.00020975276396079307,0.0002670295877280314,0.0006822865600405092,0.0007458575402656858,0.00018174376772296774,0.0008047079031474086,0.00020865128658065387,0.0008317727759165433,0.00047930001427199976,0.00016474954528653438,0.0005065222409525828,0.0042196024894018205,0.003203410929267686,0.00048040149165213896,0.010053970818087706,0.0071928046462204145,0.0010121003584364749,0.001062768317922878,0.015743101486506667,0.010679452616095323,0.0003400418026401154,0.0012072192086325614,0.001318311070115172,0.002112790969018431,0.0020957967465819976,0.004057213252787013,0.000146024429824168,0.0001318625777938069,0.0019330928021442932,0.0011046244583681677,0.005721860282000239,0.006487387061196981,0.010472217514717705,0.0002884297196850215,0.0002833943945186709,0.0002907900283567484,0.000533115051987372,0.002871866237845787,0.000947427900831159,0.0002892164892422638,0.0037720879652424094,0.007335524643904165,0.00034161534175459996,0.0047118055244125935,0.0035642234482189976,0.000272064912894382,0.00023005141853764402,0.0031812240277534535,0.0006325627240227968,0.0010901478985149095,0.00025066478093739184,0.0004261143922024213,0.05267343508781371,0.05150319404837154,0.004630925613928087,0.046770932515470647,0.0005697785133548625,0.000851284660936152,0.005598966877158994,0.0005198973234257017,0.03278091095641124,0.0010464035111322385,0.005217068934073589,0.05080863388323805,0.0021848590604618243,0.0034104886767338553,0.0009153277028956739,0.0008838569206059825,0.0011112333226490027,0.012919700253387003,0.03179949461070721,0.0034993936367022334,0.0007667856104883305,0.00017796727384820479,0.0010380637538254702,0.0001658510226666736,0.0035599748926098893,0.006416577801045176,0.0066116966512412625,0.00030149009433524346,0.022424191212696697,0.0002810340858469441,0.0005442871797002125,0.0016139790697268226,0.00048008678382924203,0.0004959795288855362,0.0004610469605439788
SRR24908007,controle,8.984443167719433e-05,0.00015956849173710125,0.006583744174056753,0.011260435699674966,0.001073352101722224,0.002610867231843257,4.004153163440369e-05,0.00018526678815918121,2.2710122419512537e-05,0.022848972904831837,0.0009317126540005275,0.0006514219325597017,0.009666145263505153,0.00026614669782867325,5.53808248475832e-05,5.6177671248267854e-05,0.00037113121111887593,0.004655774307600241,0.0002743143734356909,0.001235111921061208,0.0019427115248691778,0.0011701689394054092,0.0025768020482139884,0.0007699528346615435,0.05514834491018346,0.0030656673150340212,0.03155232850470976,0.0002099690265804054,0.0801830674920933,0.0004914550176222582,0.101032354354407,0.0008552153995348011,0.011409047553402654,0.0015345269561184655,0.013393991937508117,0.0005785104868970562,0.0001657440513424073,0.0005006187512301316,0.0004528079671890526,0.0019929128481123107,0.0012002498910312547,0.004441223414215899,0.00017709911255216356,0.00258218076141861,0.017219253083994784,0.0014357180024335689,0.0007669646606589761,0.003879048278532878,0.011537937458713395,0.0002185351253877654,0.00039284527553753263,0.0007217436274201221,0.0025758059902131324,0.0010219555088780642,0.002157063206653349,0.00047751020561027674,0.0008755349827522596,0.09028628300637398,0.0040752717047014735,0.00011195691929619338,0.023962366538188465,0.0032081036091564027,0.00048547866961712327,0.0003536005903038136,0.0002504089814151514,0.00026714275582952906,0.0006749289013798989,0.004200177378008792,0.00023148387939889094,0.0008562114575356569,0.0003850760231308573,0.00019741869576962213,0.0010343066280886761,0.00495538855425767,0.00010159791608729293,0.00011036322649482409,0.0002968252842550323,0.0008380832019200811,0.0029323947545195138,4.043995483474601e-05,0.00012968675171142686,0.0006207433461333427,0.004017500340651836,0.00015458820173282217,0.004363132466948803,0.000572135715691579,0.0002912473594502397,0.0016460854522143166,0.00041834436035944147,0.0011930782734250929,1.1155849609585106e-05,1.0956638009413943e-05,9.980501168575246e-05,4.482261003851159e-05,0.00024861607701361094,5.558003644775437e-05,9.621920288267154e-05,7.450513846401481e-05,0.00021514852818485563,0.00012032380650338222,0.0005038061368328702,0.0007089940850091677,0.00599726522315285,0.00039463817993907313,0.00019044628976363145,0.002663459094288444,0.0017462888871004115,3.7650992432349734e-05,0.00017271645734839798,0.00731485074668492,0.002120607483822026,0.00040599324114882937,0.001913626631244188,2.211248761899905e-05,0.0002828804722430509,8.586019967377108e-05,0.00015458820173282217,0.0001517992393304259,5.3986343646385065e-05,0.009089228469409466,4.522103323885391e-05,0.0013655955191733196,0.005514376304337952,0.0028238244324262298,0.00011155849609585106,0.0006502266629586748,0.0003035984786608518,0.0,0.0014024496652049847,0.0003030008438603383,3.4662818429782294e-05,0.0010566183273078465,0.0011665831306023283,1.693298601454882e-05,0.013967920557601238,0.010252624214409055,0.00042173095756235123,0.00039284527553753263,0.010660609571559596,0.00114805645178641,0.003935225949781146,0.0009313142308001852,0.0003862712927318843,0.10412850104426721,0.0002808883562413393,0.0020327551681465434,0.01784955858693634,0.00024423342180984536,0.0008082014618944067,0.002757885392769575,0.0010374940136914149,0.0005233288736496442,0.0012938793431117011,0.005553023354771158,0.08818440141296804,0.005166951273639445,0.007401906215959718,0.0020598479457698215,0.0017191961094771334,0.0009295213263986448,0.0002109650845812612,0.0007026193138036905,0.0003127622122687253,0.00026395537022679043,4.342812883731345e-05,0.0005494255932720664,5.717372924912367e-05,0.00018028649815490216,0.0009209552275912847,0.001087894548534719,0.00016952907174565938,0.004320301972912003,8.805152727565387e-05,0.000559983808081138,9.721526088352736e-05,1.3944812011981382e-06,0.0001870596925607217,0.00025020976981498025
ERR912079,controle,0.00031714973641991373,0.0004866711914790697,0.0002638897374074499,0.00035447525426962915,2.473861676317461e-05,0.000129785679554571,0.011245090564594487,0.014859472772875897,0.0018434788721667964,0.0036584028862835416,0.0019951577254197655,0.00013243026781477505,0.00039313980414982765,0.0004811811601540891,5.7009288697816456e-05,0.00012623724467379088,0.0019929483225694686,0.06568899474680996,3.300713955140753e-05,0.0001799993806976859,0.00023757775800845767,0.0001410670244113908,0.0025247114176750554,0.013374586678472467,0.0030208562607697926,0.006743599636118046,0.01075718076848722,0.0013405384415173577,0.00818436462511706,0.05602433021199388,0.015958818069902493,0.00027734700931380466,0.0059090479231194756,0.0003502573033736075,0.000973610189364236,0.00020021876435798018,7.19729716384647e-06,5.556982926504716e-06,9.410047594219734e-05,0.0002714217925789171,4.214603315945444e-05,0.0008136293375222719,1.1113965853009432e-05,0.0001874310084668669,0.005840556434760267,0.00011870518950232363,6.0591199379358655e-05,4.9912418936256216e-05,0.0041743319276286665,1.4662400733789552e-05,7.994021221983893e-05,0.00018679496825238745,4.539318583337587e-05,1.114744165377151e-05,3.796155806419487e-05,0.00016895236644620063,1.0812683646150743e-05,0.00030409417412270386,0.0017260792388941939,1.6537045576465844e-05,0.0018365159056082847,2.0621093269439187e-05,2.2428786510591325e-06,1.8076932411521367e-06,4.686612106690725e-06,2.945870467062741e-06,5.757837731077176e-06,0.001396610407793836,2.5675939184512754e-05,0.00046461063877686117,0.00016349581092198214,6.879277056606742e-05,0.000457547244816063,0.000639320842954139,6.3804876252518e-05,0.000112311311556767,0.0002920094100475942,0.0003961526262184145,0.00049119042458195,0.0009776942370572092,0.00021869740637864646,1.2218667278157961e-05,0.022601287311918305,0.0015757059418709458,0.005005268254144932,0.002676691553134883,0.00018866961309506374,0.0563700682822646,0.0006706207166666806,0.06188045289410851,5.242310399341196e-05,0.00010410974037005825,0.00026593176125393653,0.00011726573006955434,0.0010831764852585128,0.0009493402338117304,8.757269479359239e-05,0.00021109839960565507,0.0023517754309381675,0.001088566089181207,0.00013430491265745134,0.00024561195019135606,0.004168774944702161,0.0020793828401371502,0.02667706648210342,0.0008633409016539556,0.009361574634716246,0.0004260465162989489,0.0009844228730103866,0.0320767800966279,0.041601281453653174,0.0017416454862485594,0.0009810083413326549,6.270017482736948e-05,0.0006574647269671845,0.00015114324044077586,0.0005193770488236186,0.00021340822985823835,0.0007078123313133477,0.0003625429222532896,3.735899365047749e-05,0.00022874014660726944,0.001910932610702381,0.0020231434948568615,0.00029910627980915446,0.00016148726287625753,0.00016657558459209318,0.0004890479733331771,0.0020431620237125834,0.011484174733637238,0.0010539186353924577,0.0009396992031922524,0.0327961081034034,0.00010196728912128534,0.00042936062057439455,0.0021805132342393838,0.00012550077705702519,9.092027486980006e-05,0.0004421149006647457,8.968167024160322e-05,0.001008525449559082,5.9285643149637665e-05,0.0016668605473460804,0.008993943390747121,0.0043458284549327845,0.0002063113600966781,0.020100845849795757,8.536329194329535e-05,7.090174601407825e-05,0.0008166421595908588,0.00010963324749580088,0.0005584433083129619,0.00010250290193347856,0.002073524575003787,0.011705181970268468,7.06674154087437e-05,8.532981614253327e-05,3.0697309298824245e-05,2.4069100747933077e-05,0.0055142008531307825,7.994021221983893e-05,8.707055778216124e-05,0.0002590022704961867,0.00021163401241784828,5.550287766352301e-05,0.0003359631364482008,0.0001384893877527109,0.0007722867235811073,0.0024311465545450513,7.689391435048996e-05,0.00019148158035907817,0.0015288732966048007,0.0006329604408093444,0.03431075418468432,0.0002177600839573083,0.0001058839578104483,0.00033854077310688067,0.00047836919289007465
SRR24907871,controle,0.0019268812361577382,0.006506163905784488,0.03181596157838052,0.037153969728114536,0.004496299926198974,0.007686566013838622,0.011187012091779889,0.015247926787042823,0.0019815937938656254,0.042372987203902555,0.0035023348187975534,0.00788396989688267,0.0036175480110309777,0.0008575492758780802,0.00021452440499941176,0.0004644474692730803,0.010502617703436126,0.00887647275329858,0.0007422142293958631,0.00039218789973905524,0.0005139812214072813,0.00011015624090853065,0.004835420300588842,0.023110084773391614,0.015454165103124336,0.006439448704570527,0.01234121553634361,0.0001244741151416638,0.04081112037000312,0.0005784421190185786,0.0801659606126856,0.0008547466281558499,0.006915776963100888,0.0008163016126617775,0.013871034702810587,0.00039346736935137776,0.00019374825558026964,7.335625777315869e-05,0.0004466567489493574,0.0005178196302442489,0.00039986471741299044,0.00249338163879464,1.809535594570443e-05,0.0023232121803557423,0.010812858620862143,0.0006638010202978105,0.00040211902101565394,0.0002771574888788197,0.006669631380539791,0.00032851905474491,0.0003580687100771209,0.00014451913906805017,0.0009681320066573851,0.0010573902438979809,0.001077191559326782,0.0001294701393421613,0.0010025558319413008,0.002281355245895477,0.006863867053115231,0.0002750859666493451,0.017674532297499105,0.0028914185424757407,0.0002420025381021481,0.0002628396146456865,0.0002115999030283888,0.0003007972131445884,0.0006223096485839226,0.006335446103226024,0.00045774548558948606,0.00089471482175983,0.0005838646330898503,0.00015097741425405917,0.0012987225836317696,0.0016835383013188712,0.00023261976094511618,0.00017656680650050987,0.0002872713915286073,0.000972823395235901,0.0014160072980946687,0.0002735627885394373,0.0020699990513646732,0.0005300659822479075,0.008677241056522641,0.00045543025486242624,0.008220653186296686,0.0013683622868167534,0.0009807439214074213,0.011558423842099801,0.0013913927398385589,0.003369026270618424,0.0004982010961886367,0.0003789667137450557,0.0005335388283384973,0.0004914381853806461,0.00042490576553987433,0.0007571413748729593,0.0001512211227516444,0.0001755919725101689,0.00026314425026766807,0.0004236262959275518,0.0004933878533613281,0.00022317605666368793,0.003575142732451145,0.006887141214634622,0.0008543201382850757,0.004016011404582853,0.011497435790579094,0.001831530286477511,0.0020148600037860117,0.026772231439480692,0.021980861449830382,0.0011447597402822912,0.005945086017218859,0.002828237114476766,0.004803189851783194,0.003540657980042833,0.00817398300900911,0.0002850780150503401,0.0005820977464823572,0.0016485661319153885,6.927414043860584e-05,0.00030902237493809045,0.010682048084783262,0.00731826154686292,0.0008746088707090473,0.0001990489154027487,0.00042082364820532147,0.0011686431730456451,0.005397899513015588,0.004250032489389085,0.0002484608132881571,0.001658070763321213,0.04573799228431082,0.0008303148512729291,0.009748218049161,0.0026561789151815832,0.0005938566814908453,0.0007221082783450803,0.016544516921320723,0.0015353635347870424,0.0020682930918815763,0.00019917076965154132,0.00027222239180271844,0.041631138537253067,0.00017473899276862053,0.001244192807297071,0.003067802567603062,2.3456942892579814e-05,0.00023852969201155837,0.0005291520753819628,0.00024029657861905139,0.00042015344983696205,0.0005514514029110127,0.0017332548348262611,0.03620612645388112,0.0024057684339127442,0.002676528574729951,0.0007690830912546363,0.0005306143263674743,0.0004711494529566745,0.0007734089170867744,0.0008699174821305314,0.0019418083816348344,0.00028617470328947374,8.785691337948075e-05,0.0013026828467175297,0.00014019331323591208,0.0008207492927427082,0.0014506139047517734,0.0006287679237699317,0.002148655968960311,0.004670185939226046,0.0007655493180396503,0.0002507760440152169,0.002859919219162848,0.001470110584558593,0.001078349174690312,0.0006247467335597751
SRR24907957,controle,0.003803386475960253,0.0007193638163293172,0.002290241896784793,0.004870248895051031,0.00038328020241409455,0.001654734344672076,2.8537472115596957e-05,0.0003883291397883924,6.168484357294419e-05,0.02524841869476627,0.00015980984384734295,0.0071852964406747665,0.0027870134306124538,0.007426547839559697,0.0017080774656266149,0.00011151566026710196,0.000949858783416831,0.006560106282326919,0.0010385444659914555,0.0032381250090551595,0.0020281361913538484,0.00020283557103701222,0.002824990220427825,0.006352221773915609,0.029507965686543527,0.016167575548567046,0.029110197229055362,0.0001949328864511546,0.09757137331535619,0.000691045863229994,0.08975715489305693,0.001079814041050934,0.008660903268067403,0.0010868386495716965,0.0007573406061446885,0.000939980427684509,0.00011195469829964961,0.0001446630317244492,0.000885539711648601,0.0006284829435919545,0.0004912835584208154,0.0032207830067695273,0.00013434563795957952,0.0006526300353820751,0.017968290039061214,0.0016648322194206717,0.0008699538614931596,0.00041335430764360823,0.009265678157901785,0.00022808025790850184,0.000635288033096443,0.00033608361391522263,0.0020092575559542995,0.0011746462560812256,0.0017394686849537715,0.0005224552587316982,0.0011816708646019878,0.0014510206975699685,0.022582360242120694,0.0011215226541429605,0.027849279999578525,0.0038475097982312912,0.0004862346210465174,0.0005356263997081275,0.00023005592905496624,0.0005215771826666028,0.0008851006736160533,0.005177795036850657,0.0005127964220156499,0.0010299832243567764,0.0005303579433175558,0.0001949328864511546,0.00025530061592645586,0.0024120749508167645,0.00031369267425529273,0.0003898657729023092,0.000287350392302434,0.000899149890657578,0.0012077936275385727,0.00011436940747866165,0.004122347606606117,0.0006607522389842065,0.005136744980807452,0.00027527684640737374,0.011075173409046905,0.002289802858752245,0.0005329921715128416,0.008149423960149395,0.000457038591882099,0.004128494139061785,0.0011570847347793197,0.0007858780782602855,0.00039908557158580975,0.00031983920671095975,0.0004945763436649226,0.00013851649926878215,0.00011019854616945902,0.00015541946352186652,0.0002566177300240988,0.0004443064889382173,0.00029283836770927955,0.00033827880407796086,0.009895478215591383,0.0007597553153237005,0.00015278523532658063,0.002106723999179877,0.002856161920738708,0.0001543218684404974,0.0009430536939123425,0.005879597331878069,0.0030958766865097223,0.0006625083911143971,0.0006763380891396479,0.0005433095652777113,0.001951963092706832,0.00012688199140626955,0.0008462458077355867,0.00013632130910604394,0.00023993428478728826,0.012347286108353709,0.00014422399369190154,0.002294632277110269,0.003427789439115742,0.00813361859097768,0.001046447150577313,0.00023598294249435947,0.00024761745035687207,0.0003501328309567473,0.001938352913697855,0.0018819365265154825,0.0003560598443961405,0.0008113422841480489,0.008360820772821086,2.5903243920311086e-05,0.04412990784152659,0.02921402972375288,0.0005171868023411264,0.0004945763436649226,0.01328397375079411,0.0017478104075721768,0.009858379501841106,0.0010056166135503821,0.0003698895424213913,0.08118296163641768,0.00025112975461725323,0.0019302307100957236,0.007790290849525421,0.00011722315469022135,0.00034113255128952056,0.0013875797018668336,0.0007316568812406512,0.00043947707058019313,0.0010703747233511598,0.0040709801567980425,0.07198116351225158,0.0042819379314371865,0.006498860476786523,0.0022485332836927664,0.0011243764013545202,0.0009085892083573523,0.002849576350250493,0.005551635921564977,0.003905901856560128,0.0004484773502474199,0.0001051496087951611,0.0027286213722836168,0.00028998462049771985,0.0020180383166052526,0.0012912108537226255,0.0010795945220346602,0.0010484228217237774,0.007228322167864436,0.00017868847924689172,0.00042125699222946586,0.00039184144404877364,1.4268736057798479e-05,0.0004135738266598821,0.00031303411720647127
SRR24907906,controle,0.0026017784452693976,0.004761103880555198,0.006261534727572743,0.012096294715649113,0.001067751304350659,0.002892131870136682,0.014942002616031418,0.018304278986882378,0.0029167691523308906,0.06990655750789615,0.0002958510002329343,0.006290447901718013,0.028355068438704886,0.008004673346288608,0.002015574020169179,0.0002697884207217054,0.0012373616850760783,0.014212046775814578,0.0007847279799709076,0.0004691264312021202,0.00234135626405954,0.0001185032912151189,0.006777695970236535,0.00161425101847674,0.0187953957195471,0.005756979477347546,0.017203135002532958,0.00013173819487316484,0.060412855693126155,0.0019756656952926097,0.0821816252298801,0.0007873749607025169,0.0008857204755769196,8.755397804553458e-06,0.0005819285331491577,0.0004951890107133491,0.00011504185487378381,5.21251590224578e-05,0.00042942172022798243,0.0005067950031519432,0.0003162123904760819,0.009202330320390547,9.223709780145853e-05,0.0005587165482719695,0.01253039955563302,0.0006941197933889009,0.0005086275282738265,0.0003994904765705555,0.007763798099712171,0.0004275891951060991,0.0004740131648604756,0.0002370065824302378,0.0011204873050804111,0.0011886979623949557,0.0011933810821508795,0.00012807314462939825,0.0012691254538553885,0.0009932286160607387,0.0065415038434160225,0.0004076350326678145,0.03217995559588016,0.0046206102878774795,0.00045507707193434836,0.0007370823268019423,0.00037261344144960066,0.0006371079007080877,0.0009064890936249302,0.00642666560244467,0.0006411801787567172,0.0014191888999473862,0.0008722819580164423,0.00019689464365123707,0.00048622999900636415,0.01686411785498455,0.0006878077624135251,0.0004939673272987602,0.0006920836543645862,0.0032103803996370787,0.009963846315484267,0.00023313791828403978,0.002547209919417762,0.0012284026733690933,0.005891568266854752,0.000403155526814322,0.016232303915739682,0.000672333105828733,0.0005921092282707316,0.004261028136183493,0.0013304132384872628,0.003860315976198349,0.0007613123811912879,0.0005776526411980968,0.00023476682950349158,0.0005355045633947813,0.0011614136994691378,0.00043003256193527685,0.0008602687377729851,0.00032598585779279273,0.0023511297313762508,0.0003253750160854983,0.0006709078085117127,0.0008920325065522954,0.004248607688135174,0.007033842259495331,0.0011382017145919496,0.002200048215772096,0.012285248417105522,0.000555051498028203,0.0038124667091269525,0.027812844616529865,0.015505809511864175,0.0008415362587492894,0.008296452068472912,0.00236619716015618,0.0028782861247713416,0.0046770113388509985,0.00857621757041376,0.00036161829071830096,0.000663374094121748,0.0028503910201382295,4.581312804708205e-05,0.0005186046094929688,0.015094916656757457,0.007854406286294179,0.0006819029592430124,0.0005562731814427918,0.0004029519129118906,3.4614363413350884e-06,0.0005080166865665321,0.0010854657138621973,0.00012318641097104285,0.0015456331333573326,0.023920357643747343,0.0007309739097289981,0.00011565269658107824,0.0012328821792225858,0.00028607753291622344,0.00019485850462692232,0.001424686475313036,0.00018488142340778,0.00023171262096701944,0.00021888494511383645,0.00020463197194363315,0.04687395647875004,0.0002848558495016346,0.001021938176303577,0.0050657102785926856,8.91828892649864e-05,0.0004239241448623326,0.0013731721579978726,0.00023578489901564896,0.0003351484834022091,0.0006969703880229416,0.002597706167220768,0.045546393834896816,0.0022067674745523346,0.0031360613252495897,0.0008258579882620658,0.0007075583109493783,0.0045403864103194785,0.001992158421389559,0.005178919608344586,0.0059624259049009054,0.000584575513880767,0.00013743938414124615,0.000785746049483065,0.00011259848804460611,0.0014434189543367317,0.005979733086607581,0.00031254734023231534,0.009687542249884754,0.007281436764852005,0.000596995961929087,0.006073191867823628,0.003615775679378147,0.0012634242645873071,0.0010249923848400491,0.0011656895914201988
SRR6784406,controle,0.0016534173230956942,0.00014583834286719055,0.007161635537921061,0.016339009831955183,0.001351930665580037,0.005125111297043712,5.641543177846144e-05,0.0002936516305484334,8.05194713532474e-05,0.01250331086547618,0.00012816096797419778,0.0024116666271138103,0.0019385216514980653,0.010238923319659485,0.0013034473892022773,0.0001288246789362973,0.0004038438383292045,0.005714599947893833,0.0002200444660443691,0.0008342037389978981,0.003247197788035907,0.0007702770416971393,0.002611168429477586,0.0012257770185643841,0.011662567145290766,0.005842615223217814,0.019997060893602956,0.0006075545394770262,0.05161035866972768,0.0011485922900938807,0.17896276481136575,0.0009472612355662696,0.023886018617772387,0.002367618882531545,0.02029966452810361,0.0006200193551067006,0.00012001836763429357,4.242893735763198e-05,0.000682213928677102,0.0010961105598712776,0.0006257823088263942,0.01382417662041551,0.00016298151137605446,0.00204790445566652,0.016167416266144083,0.001365366765544491,0.0005713741980064778,0.0005765543811253035,0.008308414763923353,7.420612317717855e-05,0.0004836995987203523,0.0002868850163494673,0.0009470993548438063,0.0008845486436839856,0.0010544748380537157,0.00016379091498837096,0.0016981773428567978,0.0011596973076548635,0.04183744138582331,0.0011889167780594898,0.03813715564368486,0.004786618706372943,0.0003029273959455808,0.0004955654556769125,0.00022572647940283109,0.0007068683627082632,0.0006080563697166624,0.003957789407360826,0.00026276478870243503,0.0009262814939350254,0.00035655847929767337,8.11022419541153e-05,0.00045198716518979104,0.0006514565914090742,0.00047563793874167977,0.0002526796196929712,0.00024105658382010597,0.00046608697611634487,0.0007735146561464054,0.0007460920617611218,0.0024496438446037013,0.001060415860568119,0.005758663880548344,0.00013641688481982626,0.007423833744094875,0.005951220999918444,0.0005123686746686035,0.011249382789275428,0.0009477792538781522,0.008582818776570899,0.0004976051527799502,0.0006796562132621818,0.00026566245363452817,0.0006292789324316016,0.001742872610328916,0.00011797867053125594,0.0001706708456930614,0.0003461981130600219,0.0004893978001510606,0.00034207015463720764,7.55173570291313e-05,0.000520333206213798,0.0030019970577207407,0.0014646158364867428,0.00029057589682163063,0.00636061734702814,0.0024589034219286024,0.00021711442496778332,0.0004919231394214881,0.007024571130211382,0.0034020852632887966,0.0005498602499911046,0.0004819512869177486,0.0004918098229157638,0.0008585667877286253,0.0012179258035249138,0.0017302944781935174,0.00011333269379655912,0.0001807398266302789,0.0028983610191997337,8.016333376382814e-05,0.0006845126349360809,0.003720116130640204,0.014934905009525224,0.000846004843665473,0.00042896772645550923,0.00036298514397946655,0.0006522983711658835,0.003230038431454797,0.001955956205307363,0.0002464310238058877,0.0004695997877937985,0.004254759592719757,0.00018133878530339313,0.01110357682255273,0.004370148171691601,0.00036991363890089593,0.0010865434091736964,0.021860227068794355,0.00157098765921738,0.0030392134358150544,0.00010962562525214946,0.0002155118058153966,0.04483312509536798,0.0001707355979820467,0.0011673542658273777,0.009915615140755774,7.211786185740192e-05,0.00011755778065285136,0.0014142385556561625,0.00047701392488261785,0.00030755718460803125,0.0005336236135280352,0.004141766848440372,0.04887923662490479,0.0016208307336638313,0.0024007720544920296,0.0007842635361179688,0.0013419102488595584,0.001117446439091941,0.026743164805032964,0.013111529115915307,0.0010436773938654134,0.0023660000753069122,0.00039540985268886634,0.0015124677780468956,0.00025394228932818495,0.016339624978700545,0.0004929267999007606,0.0007945591500666349,0.00023416046504316922,0.00247073690274067,7.09846968001588e-05,0.0021315806011078017,0.0006306549185725397,0.00026516062339489193,0.0002583616330514332,0.00048442806197143717
SRR8557024,controle,0.000330216176718363,0.00024642325875162967,0.016287586304453008,0.03184806632074307,0.0030994369656512106,0.0078803635351241,1.6668483681554475e-05,0.00030273570362174615,2.90572215529801e-05,0.03654857871894143,0.0024340491170659144,0.007992537925305371,0.0024917130606129136,0.007219030182569451,0.0015298965022313242,0.00030994369656512104,0.003971153612240614,0.0061684652110725584,0.00017546957821528293,0.00150849777318068,0.0019975150444327713,0.0009406430791104256,0.006363756769882122,0.010471411748487898,0.00622252515814787,0.002382241667785407,0.018513729875058452,0.0001842543196150211,0.021999920712077622,0.00037932062864510455,0.07022972774509653,0.0003932861149728934,0.004121169965374604,0.00024867575654643435,0.0007183215467632057,0.00035274115466640957,0.00013920436371892792,5.0005451044663424e-05,0.0035997167258773255,0.00046108629859651365,0.00021488828962436447,0.001212519562943348,3.89682118501206e-05,0.0009780345425041829,0.007012926634344825,0.000158575844754248,0.00015970209365165033,0.0010525922195122172,0.009085224605565111,0.00010947139282750643,0.000287193468837594,0.00022367303102410264,0.0007532352625826779,0.0002218710327882589,0.0005991644134180393,0.00011645413599140086,0.00030431245207810943,0.044062460862850816,0.004275240814539243,9.325340870491287e-05,0.0178213120529355,0.0009064051126293947,0.00011037239194542828,0.00011014714216594782,4.595095501401504e-05,0.0001175803848888032,0.0001723160813025564,0.004769889330278346,0.00014843960467762703,0.0003836003744552334,0.00046401454572975973,0.00021376204072696213,0.0004746012853653416,0.002748047309661684,0.0002833642225864261,0.0005674041945112936,0.0005340672271481846,0.001406009123517068,0.0023779619219752783,0.00046401454572975973,0.0005068120038310483,0.00023088102396747753,0.006968552427787173,0.006196846683287097,0.0145430267623768,0.003982416101214637,0.0014553388252232901,0.024530151484981697,0.0007219255432348932,0.005026899328665557,7.703542458231933e-05,7.816167347972166e-05,0.00025047775478227805,0.0015362034960567773,0.0014666013141973135,0.0011931480819080279,0.00024754950764903203,0.0003441816630461519,0.0009915495292730108,0.0008309464365034387,0.0003428301643692691,0.00034237966481030817,0.0024043161461744927,0.005708279911593966,0.0007268810383834635,0.009957391751713476,0.013118997656501295,0.00032390918289290996,0.0015319237502466486,0.03546310003162507,0.018439397447829898,0.0007937802228891618,0.0035141218096747485,0.00406598376940189,0.002921714889641123,0.008075880343713144,0.012340759668396284,0.00022772752705475102,0.00040162035681367067,0.0115933809000801,0.00010586739635581897,0.0034740273489272254,0.014534016771197582,0.013171706104899723,0.00019821980594281,0.0004432915660175569,0.0003412534159129058,0.0003326939242926481,0.0016558111289609048,0.003463215359512163,0.00170671757912349,0.0007644977515567013,0.04064632270725007,0.0007428737727265765,0.0058125705594934225,0.002756832051061422,0.00019821980594281,0.00025115350412071945,0.006781369861038906,0.0007237275414707369,0.0015429609894411914,7.320617833115142e-05,0.0001657838376976229,0.049683569109785844,0.0001592515940926894,0.00022998002484955567,0.011118779614714757,8.199091973088959e-05,0.00011577838665295946,0.0009609155592636675,0.00883249435298803,0.0007879237286226696,0.0004660417937450839,0.003512545061218385,0.04842217034469523,0.001364337914313182,0.0018817366577798121,0.000511542249200138,0.0005687556931881763,0.00043112807792561173,0.006348890284436411,0.010434921284212063,0.002917660393610475,0.0008399564276826573,0.0001975440566043686,0.003994129089747622,0.0003939618643113348,0.002501173551351093,0.0001412316117342521,0.00032616168068771463,0.0002779582278788949,0.008023397145094195,0.00035116440621004634,0.00012411262849373672,0.0037652753137954677,0.001027814743769366,0.0006674150966006204,0.0005606467011268796
SRR8557003,controle,0.0072302105554560405,0.0002334076981115689,0.01231089905388461,0.02045302805777655,0.0028985979253855296,0.0037562355137954807,0.0031048651934841255,0.008994338506299293,0.000998767824477411,0.057711410379586055,0.004820140370304027,0.0037290950837825074,0.001693562832809523,0.012050350925760067,0.0035825367617124525,0.0006025175462880033,0.004912417832348135,0.009493722418537999,0.0002388357841141635,0.0027303272593050963,0.006182589956955278,0.003517399729681317,0.009515434762548378,0.030218154776444277,0.005324952368545327,0.007642745091653232,0.010112524222833787,0.0002659762141271366,0.030174730088423522,0.0006242298902983819,0.03679156692558637,0.0004179626221997861,0.006318292107020143,0.0002822604721349205,0.001590429198760225,0.00463558544621581,0.00028768855813751513,0.00022255152610637963,0.0004993839122387055,0.0015470045107394681,0.00035825367617124524,0.0009933397384748164,6.51370320311355e-05,0.0014167304466771971,0.0050644042404207855,0.00014655832207005487,8.6849376041514e-05,0.00011941789205708175,0.003919078093873319,5.9708946028540876e-05,0.00011941789205708175,0.00016284258007783875,0.0003365413321608668,0.00024426387011675815,0.0005373805142568678,0.00011941789205708175,0.0002822604721349205,0.0009064903624333024,0.006046887806890412,0.00013570215006486564,0.018900595461034484,0.0010096239964826003,0.00010856172005189251,0.00011941789205708175,4.8852774023351624e-05,9.227746204410863e-05,0.00028768855813751513,0.0012701721246071423,3.799660201816238e-05,0.0006893669223295174,0.008125844745884153,0.004369609232088673,0.000130274064062271,0.003446834611647587,0.00037453793417902915,0.0004071064501945969,0.0009770554804670326,0.0015144359947239004,0.003387125665619046,0.0015035798227187112,0.005178394046475273,0.0003256851601556775,0.006980518599336688,0.004651869704223594,0.01440071216488354,0.004250191340031592,0.00018998301009081188,0.03663415243151112,0.0012213193505837907,0.004684438220239161,0.001172466576560439,0.0006676545783191388,0.00030940090214789365,0.0006839388363269228,0.0015524325967420627,0.000347397504166056,0.000521096256249084,0.0004016783641920023,0.0027574676893180696,0.0004071064501945969,0.0004559592242179485,0.0002768323861323259,0.0023232208091104995,0.0023123646371053103,0.00029311664414010974,0.005411801744586841,0.016566518479918795,0.0004830996542309216,0.0022200871750612016,0.03377897919414635,0.0168650632100615,0.0016664224027965499,0.006595124493152469,0.0015795730267550358,0.003870225319849968,0.0008684937604151401,0.0025403442492142846,0.000347397504166056,0.0005319524282542732,0.005818908194781438,4.8852774023351624e-05,0.000998767824477411,0.013456225200432076,0.03467461338457446,0.0006133737182931927,0.0007273635243476797,0.0004722434822257324,0.0008033567283840046,0.003457690783652776,0.005748343076747708,0.0011616104045552497,0.004331612630070511,0.0388759519505827,0.00013570215006486564,0.006557127891134307,0.008940057646273347,0.00016284258007783875,0.00042881879420497536,0.0038539410618421838,0.0004071064501945969,0.0025566285072220686,0.0001682706660804334,0.009005194678304483,0.02040960336975579,0.00018455492408821726,0.00010856172005189251,0.010307935318927193,6.51370320311355e-05,7.599320403632476e-05,0.0008576375884099507,0.0037290950837825074,0.0011778946625630336,0.00020626726809859576,0.001780412208851037,0.020013353091566384,0.000521096256249084,0.0006785107503243282,0.00020626726809859576,0.0001682706660804334,0.0040656364159433744,0.0005916613742828141,0.0011073295445293036,0.004912417832348135,0.001389590016664224,0.0005808052022776249,0.0013787338446590348,0.00017912683808562262,0.000911918448435897,0.009010622764307077,0.005113257014444137,0.0057863396787658705,0.010020246760789678,0.0009064903624333024,0.005688634130719167,0.0008630656744125454,0.000173698752083028,0.0014113023606746025,0.0009173465344384916
SRR6784528,controle,0.00010832482622731835,7.016056360630584e-05,0.0001537584722047142,0.0012241201003461272,3.513535288918613e-05,0.0008986499818898734,0.0025788137456769886,0.005248990423083068,0.0010862221009189767,0.0053524139226534305,0.00015210633962371798,0.0003237629147892245,0.0005918489615988767,0.000458191435796283,9.94033102899388e-05,8.409354837270724e-05,0.002086643449798217,0.0023815491155060407,0.0002049195111295636,9.516283666538185e-05,0.0007915917906413188,0.00011151894921724437,0.0010478926250398646,0.0003859932420067485,0.011397456894346507,0.050515275370024,0.031032832335142365,0.0003009634851714768,0.04993697389558929,0.0004138592115395513,0.11454565610562943,0.0009856072267363074,0.0008656624013559823,7.109677206887036e-05,0.0011954280645228264,0.0008862589875324018,0.00025470377290358283,0.0001801375224146204,0.0002637354310130288,0.001742614375348772,0.0007535376701923727,0.004691340605910812,5.005961720418525e-05,0.0007184023173031866,0.057512882916833465,0.0031175191092538204,0.0014778325937011125,0.0005359518092751714,0.012257171618410903,0.0006088659271831377,0.0009706278913352751,0.0004074158944736661,0.0016947025304998818,0.00029402452833129266,0.0014620822630956151,0.00046000878163537885,0.0002865348606307765,0.04720924793327851,0.0034280649633950753,0.00016730595936888316,0.010229399159582184,0.0009102149099568469,7.153734075713601e-05,0.00023317097826459882,3.7283125244481204e-05,9.334549082628602e-05,0.00013486908969532417,0.010121735186387265,0.0006042399559563483,0.0006470301898041502,0.00046402897091580295,0.00012225781099371974,0.001538080361821441,0.0009494255232124903,4.4442366428798124e-05,3.733819633051441e-05,0.00013552994272772266,0.00028994926796483534,0.000874363632949229,3.083980817859597e-05,0.00014990349618238972,0.00018212008151181585,0.013779446578540813,0.00012143174470322164,0.0028100572359304253,0.00047168385187441875,4.069753257854004e-05,0.0012501687240398342,0.00048638783184528505,0.0002141163824971092,3.2161514243392944e-05,4.03671060623408e-05,6.283610916388929e-05,1.6851752326161372e-05,0.00017358406317666877,3.9926537374075146e-05,0.007117221945673585,8.029364343641595e-05,0.00023730130971708936,1.7402463186493443e-05,9.94033102899388e-05,0.0002924825379223629,0.008603039846849512,0.0007503435472024467,0.0001970994169128482,0.002081136341194896,0.003617068930661042,4.515829054722982e-05,0.001213931949429984,0.005632230110788156,0.0034108277134666815,0.0006210366371964764,0.0005222391088529029,0.00010507563215135914,0.00021130775710941562,0.00033340035484503576,0.00041567655737864717,8.882966177156304e-05,4.075260366457325e-05,0.014277179054108939,0.00010837989731335157,0.001972095590849146,0.001355409569449293,0.0010051023911920626,5.947677291586366e-05,0.0002465532521706682,0.0003137399771311808,0.0008028813632781262,0.003384668947600908,0.0002181916428635665,1.6245970379796093e-05,7.599809872582579e-05,0.0010223396411204566,5.6007294495771615e-05,0.014534856665658315,0.018364995628181835,0.000605231235504946,0.00030156926711784207,0.0030527004409927356,0.0002343274710712962,0.005526989265378697,0.00048324877994139226,0.00034226679969638206,0.10912423811217639,0.00038836129870617643,0.0006331522761237819,0.011737741134945693,0.00015249183722595045,7.566767220962655e-05,0.001358052981578887,0.06691247095206729,0.001169544654087219,0.001192399154791,0.00730859396963898,0.07830342945826187,0.003043833996141389,0.004530863461210047,0.0013738583832704173,0.0011648636117743965,0.0005889852651251499,0.003515462776929775,0.0040714053904350005,0.00011829269279932884,0.00025470377290358283,4.201923864333701e-05,0.004693433307180074,0.0005912431796525114,0.0024144265538678655,7.814587108112087e-05,2.7370329758503927e-05,0.00013833856811541623,0.0005097930434093981,1.833867164905796e-05,0.00017204207276773895,0.00016339591226052544,6.812293342307718e-05,5.1381323268982216e-05,0.00019038074441679693
SRR6784579,controle,0.002742515629313424,0.001605429599317312,0.0021401810671044168,0.004596191383907214,0.0004523571735388178,0.0015800602897910112,0.00040064855147491665,0.0010094746722980068,0.00017454458032176157,0.018311716847316358,0.0022953628950083105,0.0011878619568568402,0.0018734488929010534,0.010022406883021983,0.002060901974834727,0.00013904620088900404,0.0018613425091638703,0.007823036978324219,0.00015984530391975792,0.00032584639618045647,0.0026073307865655555,5.646536760008253e-05,0.0016411704795028944,0.0017704047268545203,0.007851241681268165,0.006542092040190732,0.010184751810086243,0.0004770735964228975,0.03921908713725455,0.0003299689089784803,0.02566116850927755,0.0003829833043268234,0.004302355087099649,0.000439859057816302,0.0008783377267319082,0.0002469776898001628,9.610491373492739e-05,4.415379091820131e-05,0.0015972405354334545,0.00037300346565287423,0.0002038312097013881,0.0018679646451063973,7.888736028435712e-05,0.00037188423140906683,0.00272727538969358,0.00011106534479381943,0.00010737187178925506,0.0002011450475162504,0.003608560433267514,0.00011757555731196571,8.558411184313798e-05,0.0002260853172490916,0.0007850682064146262,0.0006709995830665903,0.0008494801371457412,0.0001495856566848569,0.0004238353542257929,0.003276353055801419,0.004447314575576768,0.00013697561753796037,0.011481160834688338,0.0012728118359618208,0.0001238619229813505,0.00016074069131480383,6.836655839256771e-05,0.00011612055279501611,0.0002779804783536273,0.002321739515354038,0.00011835902128263087,0.000554543259998432,0.011033858869150715,0.006436417673671251,0.0005863108586184982,0.002461662449734024,0.00012608173756490184,0.0002447951830247384,0.0002611360029843262,0.0008305650784253964,0.002202597030100742,4.350090427598033e-05,0.0015316347548422783,0.00020955795824886922,0.027088863710678247,0.0001676799436264096,0.004508294187960207,0.001021058746721413,0.00015436105612510174,0.002008018156814828,0.00039298179690483605,0.0027382998469950826,0.00039619026840375055,0.0005429591855750255,0.0001718770720406873,0.0006370867854792265,0.0006615980154186082,0.0006866502085758302,7.789870336899394e-05,0.0001380761978777043,0.00041710129485888515,0.0001290477083109914,7.532446460823696e-05,0.00018224864269996907,0.002682972367542871,0.00081342214059108,0.00024429152761502507,0.0010208535537767152,0.006827720619210376,0.0005072556131975699,0.000601140712348946,0.02416592752126307,0.006974638767614159,0.00027960336800714804,0.00126007121948648,0.0003573528401436343,0.0014050120540595363,0.00037981214063603585,0.0007119075946777502,0.00010046992728577619,5.713690814636696e-05,0.001530440904982217,3.4080682723934846e-05,0.00025358117183862635,0.003194574340387226,0.007052500163175026,0.0005860497039616099,9.228086340191883e-05,0.00014404544717801034,0.0008335123952674224,0.0038172603119294643,0.0003192242602379294,4.219513099153838e-05,0.00045905392509759863,0.005424797802405947,5.012304021850736e-05,0.006044237994641144,0.004133406677996923,0.0005563153808844603,0.0010265989562282596,0.005989917826008359,0.0005880083638882727,0.0017120553149440286,0.00010285762700589861,0.006303956300916647,0.037718026131172276,0.00011380746869114751,0.00048199822709565,0.007915560342478964,5.547671068471934e-05,7.101541276957852e-05,0.0010180554681671968,0.0018236989307638153,0.00045614391606369945,0.0003797002172116551,0.003316552219058168,0.03553121030390922,0.0014921444399399412,0.0022815963138094796,0.000658688006384709,0.00046123643187302303,0.035482728807248294,0.0025477129091787485,0.003957425747062276,0.00025436463580929153,0.000275965856714774,8.78412342348162e-05,0.0020569100393651473,0.0002802376007453055,0.002262457408240373,0.0007796399203321604,0.0004312596080430486,0.0007592138953826756,0.0034382875969762843,5.452536157748307e-05,0.30597633218767895,0.0003470931929087333,7.661158398861544e-05,0.0003708396127815133,0.00030150305137764585
SRR24907834,controle,0.00026556268298983293,0.001310868986277312,0.04045939695028275,0.04095538386978362,0.005428315169972113,0.00996192451921808,0.0016327131639117059,0.0027530947824355354,0.0003799250806334877,0.02330853615331279,0.00247248704625919,0.00042580999367407995,0.0009133496906217236,0.011449435425632053,0.0019168697332317135,0.00020778168138316122,0.0023061917241610956,0.00671639165042534,6.777771468741079e-05,0.0002840566021892002,0.0011039370255060137,0.0001781914106641736,0.005674884098108542,0.014345333254425944,0.014529372742242351,0.01291350403987169,0.011274043094630485,0.00031939498292961273,0.045994427032391746,0.010495149194944701,0.068697812159362,0.0005577166227744317,0.0014048880728016629,8.747123945646672e-05,0.013761775128337803,0.00026646238716709946,0.0001097639096265148,0.000619846194571225,0.00029515295370882054,0.0006991701128668894,0.0004886393353865249,0.0017173353401401619,0.00012071031044992407,0.0031657091148430396,0.0043120322038113865,0.00023422298748171602,0.000255715920605305,0.0002955528222320501,0.006683802365782131,0.0002163788546325968,0.000256365706955553,0.00020118385074987345,0.0007148649524036497,0.0009966223105842798,0.0006260441566812832,0.00022352650448532522,0.0017905612634565755,0.010009308939220784,0.0035777736280311035,0.00023022430224942038,0.02451753863329737,0.0037371712181034876,0.00044180473460326246,0.0004361066081472412,0.00026871164761026574,0.00036333053691946086,0.0008742625424760339,0.0025908481291351403,0.0001657455028786535,0.0010909412985010529,0.007174590994481015,0.005172499282236001,0.0028427652987697647,0.0023455787736992076,0.00020038411370341432,0.00039527003521242215,0.0002615639977575373,0.0008278777937814046,0.0015230492214159984,0.000584257896003794,0.00030325029130421916,0.0009453391724800886,0.016667669670212434,0.003150913979483546,0.009095209495118006,0.007162644922349531,0.0005215285214221564,0.038276514681972566,0.0008236291907220906,0.006887535378367593,8.96705163342293e-05,6.612825702908884e-05,0.0007083670889011693,0.0013341113441900302,0.0010984888168770108,0.00037512665835473297,0.008568482682893865,0.0002393712947182966,0.0007964381311424803,0.00035518321575865857,0.00015899772154915465,0.00021527921619371551,0.002115404455015191,0.0016449091538702075,0.002568405508268881,0.005603807468104487,0.008886977961646211,0.0006217955536219691,0.0008792109154509997,0.023881997599189388,0.009722603208065188,0.0011380758006767375,0.0017704178865988864,0.0008316765447520855,0.0028522621761964666,0.0006943716905881346,0.0016454089895242443,0.00022452617579339914,0.0009358422950533864,0.0019214682212488534,0.0004063164031666388,0.001985447184965583,0.005843028812126573,0.004432842481392118,0.00010496548734776006,0.00020418286467409515,0.0002701611710069729,0.0002512673832843761,0.001685495808978008,0.002891199373645945,0.0002924038576116173,0.0005208787350719084,0.03469444246731675,0.00011376259485881043,0.004305884225266733,0.003228588440120888,0.00023597241227084535,0.00019958437665695518,0.0029566278607593825,0.0003654298466664161,0.0011815615025779524,0.0002689115818718805,0.03873616354942495,0.028852213392236634,9.012036842286257e-05,0.00025396649581617566,0.002841565693200076,4.9983565403695264e-05,0.00015125026891158188,0.0005743111664884586,0.012513985401599955,0.0001837395864239838,0.00039841899983285496,0.0013595529789805112,0.02534246739671996,0.0011355766224065526,0.0016089709703449506,0.0004791924415252265,0.000695621279723227,0.012385627605643264,0.0009130497892293014,0.001335310949759719,0.00042291094688066565,0.0019763501760621106,0.00030669915731707415,0.0022521095063942976,0.00036348048761567197,0.0008522197901330043,0.005108620285650079,4.6884584348666155e-05,0.009363821175597463,0.007219576203344341,0.0009911241183898733,0.0019443606942037457,0.0008539692149221336,0.00014290301348916475,0.0005571668035549911,0.0007844920590109972
SRR6784551,controle,5.472240717723875e-05,0.00030082692287808257,0.004147734111919711,0.009304760108086996,0.0007976693131762387,0.0013479660334799685,8.476608170591885e-05,0.0003161413933358838,0.00010398232807653567,0.004612484395334958,0.0015510046975431102,0.001270271920616028,0.0007161709687973029,0.0007537743341570633,9.627632064872487e-05,0.00013641584035181534,0.0014629708785102082,0.0028361521388267476,0.0002596144147989678,0.0007308026284703614,0.0011760440323215313,0.0013363582501393421,0.0038193996688562783,0.025966318699787803,0.005781407686615602,0.0013505021878232988,0.013434936228399037,0.0008832157500647207,0.029899064958911373,0.02535056968854659,0.029977636971355696,0.0012349120764061365,0.006904533883119571,0.0007879636455931099,0.0007553350445221895,0.00888258795432035,0.0005396643809413074,0.0012908537885561303,0.0001840662786870758,0.0003406250371888017,0.00031063013485903176,0.0016151401391100166,0.00012485682921009912,0.0010482120989779103,0.004248838880260545,0.00033886923802803467,0.00012651508397304575,0.000329456203638367,0.011265792681868116,4.711394414724834e-05,8.83264522263631e-05,0.00020508709641736984,0.0009876858001303583,0.0003906165410717515,0.0008781922135769706,0.00013256283663790993,0.0004218795205731865,0.0005596609824944873,0.004332483201391529,0.00011988206492125923,0.013549989845628187,0.001329286281297364,0.00015768051907666034,0.00012436910722099718,0.0001153950226215213,0.00017406797791048585,0.00027507520185349963,0.0014790169319516624,9.286226672501122e-05,0.0008330779295850402,0.012001521302428406,0.006577418745028893,0.00020908641672800585,0.001519400312649304,0.00047938194308830637,0.00011188342429998726,0.0003674009743904987,0.0006332094584510613,0.0015448594004804257,0.00022454720378253763,0.00010017809656154046,0.000279659788551058,0.002790013638657703,0.0004737731402136339,0.0073582128773822045,0.13851089892820168,0.0002229864934174114,0.01203956361757836,0.0008688279513862132,0.007751072939603826,2.22888949019591e-05,5.018659267859062e-05,0.00039505481117257924,0.0006170658606117868,0.001031141829359342,0.0009586663417787923,0.0001211501420929243,0.0002901458113167499,0.00027761135619682977,0.0008253719221572295,0.0002412760680087345,0.0003469166508482168,0.0023798882180218737,0.002352965964223446,0.0033291415254109984,0.004846395861308254,0.005256960231734275,0.0009418887053536853,0.0004623604456686483,0.014740031499036944,0.010588737016596789,0.0025549316399105636,0.0011089822588200133,0.002736217903259758,0.008330828068049313,0.0006663745537099938,0.0035095498891798095,0.0002528350791504507,0.0002558589554828828,0.0004169535284832568,0.0002190847175045958,0.0010815722830324836,0.005989567431564313,0.01489400533099643,0.00010066581855064241,0.0001598264958287089,0.00038354457222977326,0.0012733933413462805,0.005601096867244611,0.002404957128261714,0.0007462634155248932,0.0004992322280447557,0.010540940261664798,0.00017694553764618736,0.006475972571295688,0.008259035391253507,0.00020494077982063927,0.00015285207138455103,0.0010638192026291727,0.00010217775671685847,0.002764652095224402,0.00015860719085595404,0.00025073787459731233,0.05157738070271374,0.000335455184104321,0.0007720639087483864,0.006903851072334828,8.262010495387028e-05,6.003857685845001e-05,0.000955837554242001,0.0005212284897532537,0.0005874611358732985,0.0010091943398497544,0.004026583969826787,0.051943367283335845,0.002066819473217332,0.0033063649085199372,0.0010956186763186198,0.0006227722078842796,0.004950280644986969,0.00025863897082076395,0.0006497432338816174,0.008089113050250387,0.0005191800573990255,0.00012275962465696074,0.0003655476308319113,8.91555796078364e-05,0.0015558331452352196,9.78370310138511e-05,8.62780198721349e-05,0.00039505481117257924,0.0016693748242981533,0.00017616518246362422,0.0003663279860144744,0.0019474739024840852,0.000158851051850505,0.0015961189815350406,0.0007420202342197063
ERR911990,controle,0.002162087876924072,0.00017776675961000176,0.004759498173356948,0.003467112004241396,0.00034882381433249554,0.0008913398324055841,0.0019064723726553926,0.0010155636859453913,0.00018673997939931973,0.01862835038941214,0.0022438169328429947,0.00046606849692505545,0.001672656672619621,0.007064322222124915,0.0007652566630535759,0.00023613310814952942,0.005828227512888898,0.019748251333688578,6.671979639144526e-05,0.0005929331178503076,0.00631148794442532,0.015449055083578267,0.0021920255561611057,0.008734095607905326,0.003055394811565753,0.004692023871998232,0.0137404785851954,0.0005084555081220439,0.015266761294164644,0.021930926417576734,0.11942450133621482,0.00034537464876783277,0.005526748885252594,0.000356099397945456,0.04387788606570795,0.0005934451033638121,5.211473595357639e-05,0.0004399841823422933,0.0005603546712278288,0.0004900509762418512,0.00018382974595413553,0.0030365321873840035,0.00029131975718413354,0.0033521847297625935,0.01255210631513921,0.0002501453432559719,0.00013559532126080473,0.001747676023651036,0.00796102442911931,0.00013052935933770632,0.00042217247579352704,8.959746486330997e-05,0.00015855382955059125,0.0006269397345894045,0.00014548472565323626,8.407341063865477e-05,0.0005342434100390927,0.02694261787624367,0.01195470006069723,0.00023238752991915345,0.03458001356761611,0.002400053354279828,0.00016146406299577545,0.00016469765571264678,0.00010196595700534284,0.00011258291975907039,0.00042082514549483064,0.004812879399791299,0.00027307690493978443,0.0005219288111090078,0.0026246802616784904,0.0011905549451400785,0.0005785166836542562,0.002530798286465326,0.00012637958201772143,0.00025146572694869436,0.0007862750157132396,0.0009006903046785371,0.0018126981838661239,3.8587539754664624e-05,0.0003035535162962968,0.0003440542650751103,0.010762609159016638,0.002658902451265379,0.003306591072454708,0.0057419714271663555,0.0007423251013697633,0.015615639001709088,0.0005812382908576229,0.026735048170426504,0.00012018186264371803,0.0001956323593707159,0.0007671159788657769,0.00011401108987568857,0.0011812314194730995,4.333014240607592e-05,3.230898056273945e-05,0.0003244640825320648,0.0015357948608780416,4.362655507178913e-05,0.00027838538631664824,0.0002611934517052823,0.0015739512549371234,0.0011218949931185104,9.215739243083311e-05,0.0049539718286707845,0.006844626543619481,9.495983945212161e-05,0.001375974540846676,0.011442903173434419,0.009788112100575511,0.00023683371990485154,0.0009897488374223686,0.00024392067727599455,0.0007456664805105304,0.00044044227464385007,0.0007959757938638537,0.0001443799148083052,4.952786178007932e-05,0.0007673584983195423,5.375847891798599e-05,0.00027523263341769865,0.0031948165508748553,0.007276499797563622,0.00021473750300623072,0.0004967606811293592,0.00021099192477585477,0.0004422476972441032,0.0020730832373921882,0.0001546465716843717,3.171615523131303e-05,0.0002511423676770072,0.00432037628240582,0.00040972314383357235,0.010790956988501209,0.011573243906530308,0.00010878344831674658,0.00017606912343364433,0.006952305181091297,0.0008535606908301374,0.0025336546266985626,8.854654723032678e-05,0.00017712004106662751,0.03057776891533848,0.00015849993633864338,6.270475210133001e-05,0.008695696694392479,4.467747270477231e-05,4.6186482639312266e-05,0.00040592367239124856,0.0002468578573271527,0.0006473113687056939,0.00014764045413115048,0.002092134487815755,0.030805575522242064,0.0002988917534628073,0.00042624141329559013,0.00012522087796084253,0.0001250861449309729,0.011859362968761474,0.0007328937892788886,0.0007541277147863438,0.0011431289186259656,0.0007330285223087582,0.0002035816081330246,0.0015661636858106582,0.000263160553941379,0.001012033680562807,0.007609182594917736,6.189635392211218e-05,0.0025641312380550747,0.0017864521896475182,5.9040013688875836e-05,0.0017891468502449109,0.0003214999558749327,0.00015777237797734734,0.0002442979297596295,0.00041228307140109554
SRR6784585,controle,0.0005225796076423186,0.0003414387514774742,0.0010956904567186742,0.0036471417525533096,0.00025199751314776794,0.0014705814546203575,1.0586153931711685e-05,0.00023981167373304205,4.493234224348738e-05,0.03561248052030053,0.0004993841681386126,0.001097948836224106,0.002007558231609804,0.020813790116936067,0.004253234352323576,0.000290389964740109,0.004862526323059871,0.014632229013984921,0.00018848058955749783,0.000760650447173257,0.0018201597822319923,0.00035037817035314184,0.0039013976452065093,0.006974346408503778,0.01109301898196204,0.010457285151182981,0.02754945404145952,0.0002367064019130733,0.06107665043550496,0.000921183590351036,0.14260297434226815,0.0010233752629718262,0.0012600346153118695,5.151928246766354e-05,0.001500599082213389,0.0003968160989335838,0.00013611441477529737,0.00011146043850766659,0.00041987038971820034,0.001488977837675021,0.0003836422184852315,0.004178707828644326,0.00013569096861802888,0.01705269429850451,0.026724439778381456,0.0014459274783527266,0.0019105420120222952,0.0012400385467741918,0.012676801709292168,0.0005923070748725263,0.001054333882025454,0.0003897116134060795,0.0011695112368024772,0.0023591596908617216,0.0010428537862061755,0.00029128390662767575,0.0032368224261601648,0.0011094759816164144,0.015091009400598791,0.0006350751367566414,0.07782483989736041,0.009263590433843172,0.0010900915575281246,0.0009423558982144593,0.000622230603319498,0.0010011208149287166,0.0019645549218605396,0.008651522538298118,0.0005573492421113628,0.0028556267854724844,0.000402838444281402,0.00015484014484116958,0.00018659860663630464,0.002219469508536157,0.0002541617935071401,0.0002542558926531998,0.00038599469713672293,0.001185555141205649,0.0021872876005837533,6.379922102844909e-05,0.0007609797941844658,0.0018735139980478191,0.015103383438305636,0.00016537924919985143,0.006181043557647818,0.001024504452724542,0.00017413046978339975,0.008120615156229518,0.0008454808273460399,0.004371940425077836,0.00015968625086324205,0.0002294607676664795,0.0001675435295592236,0.0003433207343986674,0.000537117925708536,0.001243567264751429,0.00014091347122433998,0.00023444802240764145,0.0003333462249163435,0.00039154654675424284,0.00020471269225278907,0.0003129267102213974,0.004213618611832459,0.003945059648978191,0.0004792940004548753,0.004972904621387851,0.00576347859700808,0.0012552355588628268,0.00085376155219929,0.009326260465118905,0.006732229305692274,0.000763661619847166,0.0035521016150330538,0.0011412344434115495,0.0009803719532225617,0.0033795237811596384,0.004208584307518267,0.0002449400771932935,0.00022743763602619684,0.0023111220767982653,0.0001968083639837777,0.0012396151006169233,0.005368920877579928,0.0068160245952584,0.00027458130820208617,0.00023967052501395255,0.0002830972809204854,0.0008782273301748014,0.0048374959502080015,0.0013835867940882023,0.0003171611717940821,0.0004241989504369447,0.01204652562898457,0.00040076826306808947,0.009224068792498114,0.012600722549702934,0.0003890999689566917,0.0001692843637613273,0.001995889937498406,0.0003362162488711631,0.0035321525960684058,0.00043741988045832683,0.0003259123923776304,0.05646447489053682,0.0006107034579271896,0.000583791102154127,0.009828044161482039,7.466767239833975e-05,0.00019370309216380893,0.0009157258398795757,0.0004143655896737103,0.00034557911390409925,0.0006399212427787139,0.005137907474003464,0.06353560227076295,0.002232125843681181,0.003265193318697152,0.0010839280634612168,0.0010781880155515777,0.001054898476901812,0.0032603472126750796,0.005212528096828774,0.005912155247782342,0.0004936441202289734,0.00010252101963199894,0.0024469541941353834,0.0002961300126497482,0.0025939841098536016,0.0028396299306423425,6.66692449832687e-05,0.0033941091487988857,0.0026808846712396968,0.00021120553333090557,0.0018283464079391827,0.0014841317316529484,0.0006437322581941301,0.00021214652479150216,0.0006216189588701102
ERR912003,controle,0.0004818646330212316,0.001928753543286171,0.0017281472732515195,0.0018896321583927599,0.00010646196735812836,0.0017510358433200281,0.0004214508546561947,0.0001985884618838751,3.4694253577528675e-05,0.001374548982232627,0.0030600512354617675,0.0036861740929937303,0.0003964842433577821,0.0002930640464956003,4.5656673978761694e-05,7.845358556376927e-05,4.128977574200678e-05,0.0007773982357610657,8.968705482107674e-05,0.0008936480784774379,0.00022018202075113903,0.00022183843042714952,0.0019848305399540168,0.000473793400418126,0.00561239784695654,0.003329955663032785,0.019519974885215327,0.00014163808556867826,0.018766669881105324,0.00011932172975188248,0.09963557180135396,0.0005228532433676002,0.011299755760887445,0.0006388621537674617,0.00028954041136663257,0.0004495797026088091,0.00010061935868274593,3.339924237628412e-05,0.0004447008231994691,0.002497233344092969,0.0006456986082484504,0.00937058058604738,4.671075286349564e-05,0.00028475188157598406,0.01779782080333701,0.0004565968563271808,0.00033363102528807527,0.00017286893709636685,0.008872453021661682,0.0004063925848742812,0.0007880896073062244,0.00010598010272510713,0.00043789448525804423,0.00037347520713101835,0.00038407622905748545,4.8337045999942294e-05,0.0004518986761552238,0.10626961301993419,0.0031881971113058515,0.00016229803170946357,0.03360111354098045,0.0012984143702152724,0.00021542360750005437,0.00014672778075496503,0.00010188425334442666,0.00016335211059419753,0.00029152810297784516,0.011907266596968964,0.0004500314507022665,0.0004419903346387247,0.002215643699171187,0.000896750082052512,0.000862808741964079,0.001029232739593787,0.00031498888729806633,0.0001031491480061074,0.000492586121105954,0.0005872122884154983,0.0008410043673198683,0.00043958101147361853,0.0005546261926074376,0.0003075802185653649,0.005244313500407447,0.0008649470162731107,0.005078431600489887,0.0006788870348477877,3.815765562736878e-05,0.0028383031546533096,0.000512613619915899,0.0012407411969505438,0.00011408145186777659,0.00020539479982529998,0.0002574662967311568,0.0007223150848988262,0.0012027040074814304,0.0006275383348914627,0.0012164672660620992,0.0002709283899161875,0.001324947041571004,0.00019352888323715214,0.00015344376907769843,0.000175278260261473,0.0017166126385985737,0.0024169727661553704,0.00011799660201107409,0.001041550404275392,0.01437552783000153,0.000488942019818731,0.0006966256766508818,0.03027507302809096,0.010812861665759054,0.0005095718494199525,0.0021601991498341813,0.002548913325984496,0.006146032811487991,0.0013924080901939763,0.003780619561065892,0.00019711275144524757,0.00014157785248955062,0.00210927208143175,0.00011393086916995744,0.0005355021899844074,0.005094092201063077,0.004063413867570227,0.00026213436036355,0.0003441718141354147,0.00017190520783032438,9.251800954007648e-05,0.0008085989707491904,0.0013536179872357672,0.000375282199504848,0.0008208865188912319,0.005285000945358177,0.0004360874928842146,0.02786448496832312,0.0018456620106295724,0.00012386932722602034,0.00045397671738512784,0.02782849570354435,0.0034171129285305002,0.0032353596122628044,6.39675300335685e-05,0.00013636769114500855,0.1394559013449625,5.779363942298397e-05,5.164986535196326e-05,0.0037940214211717948,1.8190389896551494e-05,1.1594867732073386e-05,0.0004107293665714723,0.00040958493806804685,0.0033571207817193567,0.00030351448572424827,0.004405507640475738,0.08615242715516819,0.000907381220518543,0.0016221069374472848,0.0004277150948854707,0.0002828846561230268,0.0004408157895957355,0.010215229054654471,0.02603966360307172,0.001772268003712526,0.0004935498503719965,0.000231325140389755,0.0005731779809787551,0.00017079089586646278,0.0025993585297539065,0.006607056799131054,0.001597863123098404,0.000417746520289844,0.006069868082931072,7.26712099675145e-05,0.0001771756022539941,0.0017400433063792312,0.00034953255817777586,0.0010552835463164972,0.00046560170165676503
ERR912200,controle,0.006482829199866355,8.111406512242577e-05,0.010460891077955389,0.012237523439932028,0.000957529940350529,0.0036851421336946133,0.0036004706817968912,0.003026347982783829,0.00046714699669880155,0.0031647190350514967,0.0001715733288370976,0.0009081782571503898,0.0005973868791943637,0.0017727644096892149,0.0002481983106478402,4.17004783104152e-05,0.0002516145312812595,0.00043267422485248,8.046470086979236e-05,0.00023919191079609854,0.004422029394291659,0.005447121450144438,0.006238160042765436,0.018815216287139613,0.0043514463233532445,0.008607351401884253,0.004910831277154366,0.00026409361822317114,0.005390796159535583,0.0001676206768645464,0.03205778619077791,0.00021155158021661548,0.003959399714132916,0.0002438503934780339,0.0035509495992265,0.00022244960636950666,1.6601138284715055e-05,8.444558607071893e-05,0.0003129371033125539,0.0006322549162379404,0.0001576543472480423,0.0006343724083660928,3.980885200926569e-05,0.002717871729554583,0.004412881828298041,0.00010728626782638981,7.080893676541727e-05,0.00012241927823558585,0.0026625628351672416,8.774887379063672e-05,0.00016047767008557886,0.00010872616247353346,4.155931216853837e-05,7.563681881760482e-05,3.7211394998732046e-05,7.230529786931166e-05,9.401665048996791e-05,0.00028278401540766327,0.0050048196944159585,7.78672438592587e-05,0.00539861676379556,0.0002716318901993938,3.2185880347916945e-05,2.5664004593207457e-05,2.1061988368022842e-05,4.593546256672006e-05,6.462585975121218e-05,0.0033487714508305057,0.00010426531239022569,0.00021965451676034546,4.181341122391666e-05,2.301008112592308e-05,0.0018842856617719095,0.011508541483280085,0.0007743809878795315,0.0016831239095974285,0.004371774247783508,0.00488875289256483,0.0076394598667199635,9.582357710599133e-05,0.0033211875867077737,0.00013726995636102824,0.011024680415383067,0.004007396202371038,0.019263390554370166,0.002725438234759181,0.018221640893775922,0.02598908198472142,0.002220374012352263,0.001109763507750501,0.0009678633019359129,0.0014334574710740695,0.0010861322956003201,0.001026616650185049,0.006862791987342028,7.60603172432353e-05,0.00014489292802237697,0.001035340717753037,0.0017282123753128878,0.0002997239524328827,0.00040689728734577107,0.0006406966515221747,0.001557711909154054,0.010572384096809707,0.0006061391799907271,0.002387091225908798,0.004138144282977357,0.0001749613162421415,0.000550322087492629,0.017918641886851498,0.010622526310404357,0.0011762527605744875,0.007505154399338349,0.0026778934781750653,0.002449458427389981,0.008454581403145148,0.01108704761686425,0.0005696053824730038,0.0006443105047542215,0.00566807469541005,9.260498907119963e-05,0.000819497686823366,0.018080051253473464,0.018832099757708082,0.0009167893918048763,0.0014346150334374594,0.0007226012470391108,2.202191813278528e-05,0.00015737201496428865,0.0022389514766232538,0.00029845345715599124,0.0013738006595169217,0.014480907533410215,0.0028134976740619468,0.004273550846265611,0.0016960547281933461,4.2462775476550075e-05,0.00010570520703736934,0.006490790970268208,0.0007501568779334678,0.0008160532329615713,3.788899247974082e-05,0.0008526434969360453,0.007879865806336202,0.00015291116488098084,1.8859796554744314e-05,0.008984519099750763,5.118684304453809e-05,6.344006415944681e-05,0.00048115067797298294,0.002442569519666392,0.00045757593227955254,8.910406875265428e-05,0.0010991478138813635,0.009265919686968034,6.202840274067853e-05,9.04874969430472e-05,4.000648460789325e-05,4.240630901979934e-05,0.04522164185370569,0.006876428636647329,0.01764040342121227,0.007473702582928191,0.0019335244120585473,0.0002914516165189005,0.0013295027241959727,0.00028648256832483615,0.005934116406391122,0.03603189541689439,0.0009169305579467532,0.0031736407352181122,0.0179785810306924,0.000582507967840546,0.004646285927277189,0.00428744159462629,0.0014971516342888946,0.0005179668077744599,0.0012830308302901206
ERR912133,controle,0.002417721077525351,0.0036534654242057754,0.006027114685472522,0.004831916409750014,0.0004594339938905298,0.002531455744683389,0.0017165090996401184,0.0013728370764555225,0.00020308292931964838,0.019276836144248466,0.0006668947236251995,0.0002470078395240573,0.00030130431715465775,0.014112059996902633,0.0022362333381724187,5.585368180507112e-05,0.000526716966711999,0.0016404999071994455,6.792935945992868e-05,0.00024800680069258564,0.00010330433731016836,6.522628806273429e-06,0.0013651391992156863,0.0025352753020924683,0.0018213118787030792,0.030455211620080847,0.005095818445506536,0.00029190232968615546,0.009531881801621766,9.21982396130001e-05,0.016189634796544075,0.00020804835395145114,0.0027988541445297605,0.00011711350640453104,0.0005343854627409961,0.0009492775409994965,2.5032791634887214e-05,5.620625633513995e-05,0.0018770774168756332,0.0004970125625536997,8.244367761442901e-05,0.0005504863662808061,4.31609987225931e-05,0.0030939002637756967,0.0033649713149769517,6.951594484523844e-05,4.7803230035166076e-05,0.00010145332102730698,0.003075419482157922,3.511054695268805e-05,7.697877239836209e-05,3.5668789958630375e-05,0.00013018814522791695,6.149487428617246e-05,6.995666300782448e-05,3.120284591109181e-05,0.00010970944127308551,0.001980939997191744,0.0012070095224798142,4.936043420963676e-05,0.0039878823659760644,0.00019656030051337496,2.124261543664725e-05,1.8510162828613786e-05,1.7481820449246354e-05,1.754058287092449e-05,5.46196709498302e-05,0.0018670878051903496,5.185783713095767e-05,0.00015692504709147022,0.0042351252551868345,0.0012562524318460947,0.00014446741369570474,0.0006564937749881689,0.00012207893103633377,0.00011214808177272829,0.00032786493175317654,0.0003626522853866348,0.0005021836556613759,0.0001393844642205457,0.0030388692558741192,6.760616614069893e-05,0.008755218874301803,9.581212854620565e-05,0.0038290181589692154,0.0007223664496893628,2.773586303208161e-05,0.0012837238639806245,0.0004103967530001228,0.0003613595121097158,0.0005240138953148045,0.0005745789591688432,0.00016189047172327295,0.0012111522732081229,0.0026699881537896016,0.0005627677124115372,0.03225392934764868,0.00023460896854996996,0.0009864153915000804,0.00013647572434747783,7.333550225431747e-05,9.366730015495357e-05,0.0007813345398433753,0.0009037954266206169,0.0001399720884373271,0.0013525934221874036,0.0027029244911401986,0.00013456594564293831,0.00033873597976363226,0.006006724125150208,0.001846109620651254,0.00027350969170089796,0.0005645012038510423,0.00018125268966621974,0.0006156245107110232,0.00020649114977698045,0.0004339311028822175,0.0001397958011722927,0.00010130641497311164,0.0020570373332649337,0.00022591213014160538,0.0010263444570303758,0.0027274284209799827,0.00710390668151358,0.0007895906600891538,0.0007527172404861215,0.00017796199405224397,6.693039829140032e-05,0.00045358713293355493,0.0014957093001845112,0.00016312448257851386,0.00033491642235455323,0.0070067136360579384,9.075856028188569e-05,0.006105356849936964,0.004752440234430331,8.594004170427829e-05,0.0001053022596472251,0.004091921233557209,0.00047294935087650175,0.001268739446452699,3.428787304919411e-05,6.745926008650357e-05,0.0174045478647396,0.000703885668071588,0.00022688171009929467,0.0017860838069070348,8.520551143330155e-06,1.7893157400993325e-05,0.00012669178113806768,0.00546164390166379,0.0691763861915713,6.29051724064478e-05,0.0012628925854957244,0.015382591697216515,0.00012539900786114863,0.00017581716566099188,5.5677394540036704e-05,4.994805842641815e-05,0.011089027213670772,0.010831236469768775,0.015241973222140728,0.00102431715348248,0.0006700972756066581,0.0001874521251532634,0.015175424779590236,0.0013696345244740638,0.006428256357058338,0.0011069664995727825,0.000224061113858744,0.00023828161990485365,0.0014721161878807382,9.666418366053866e-05,0.4524851612398248,0.0001905665335022048,6.707730434559568e-05,0.00016667960909004127,0.0002763596691522877
SRR8556900,controle,0.0018118717535583336,0.00015683848467884054,0.0010211443933025126,0.0029055055390850943,0.00022969092895095626,0.0017241341753236428,0.00036172085702550487,0.001112270457317302,0.00014098521192195155,0.01797216552559408,0.0005655140732285661,0.0017542674952966608,0.0004861266920948321,0.007830185551060971,0.0009204579586938742,5.748324091238368e-05,0.0006568821719419339,0.0037613402332585203,3.545808334174404e-05,0.00021286951739975346,0.00137148961949483,0.0005782208949039352,0.001447125462800598,0.0024623400059879384,0.004795312465585691,0.004475100559366392,0.007292747502867506,0.001357693641675858,0.019944990353707087,0.0006273539387153622,0.020346767953347326,0.0004058921895160734,0.003994540665338864,0.00018406738826891702,0.0006175515334229345,0.0004873368655877244,4.659167947635309e-05,3.4731979246008666e-05,0.00027785583396806933,0.0007497024788467724,0.0002373150219561777,0.0005179542549578992,3.049637202088566e-05,0.0007118240485192439,0.003963560223920822,7.781415559297412e-05,0.00010407492038873678,0.00012065429724136111,0.005649694951567647,6.547038596547278e-05,0.00012125938398780726,0.0001210173492892288,0.0003441733413785667,9.07630119669216e-05,0.0002306590677452701,4.719676622279923e-05,0.00010528509388162905,0.011963170063986714,0.004593213492272679,7.321549631998343e-05,0.0061836234966317245,0.00032916719006670234,4.5018453935593116e-05,3.884656912184245e-05,2.5776695398605736e-05,3.158552816448872e-05,6.183986548679592e-05,0.001243453263946826,3.3279771054537924e-05,0.0006348570143712943,0.0012405488475638845,0.0007130342220121361,0.00012803635554800406,0.0006574872586883801,0.00010576916327878597,0.00016482562973192964,0.00017499108707222486,0.0003571221977525142,0.0006574872586883801,7.212634017638037e-05,0.002096746593785178,9.935524376645685e-05,0.016223464828364724,0.00016192121334898814,0.00449107484947257,0.00032759396452594234,0.00032408446139655473,0.003596514603526591,0.0002451811496599776,0.0010248959311304788,0.0004017775996402396,0.0002087549275239197,0.0001449787844484961,0.0002790660074609616,0.000335339074880453,0.00036619849894920637,0.00011339325628400739,0.00011944412374846883,0.0002748304002358386,0.00014134826396981925,0.00010238067749868757,0.00012839940759587176,0.005979467228380795,0.0008695096546431089,0.0001264631300072441,0.0025838414246743243,0.006867855589513023,0.00013336111891673014,0.001220217932883294,0.012000564424917084,0.0085208315634546,0.0003046006681609889,0.0008398604040672479,0.0012254216789027309,0.002393844186290235,0.0005574059108261879,0.001787184214303331,7.236837487495883e-05,7.878229438728795e-05,0.0006701940803637491,0.000263938838799808,0.0013511587048142396,0.0036392337278256886,0.004675747324487933,0.00022884380750593167,0.00014122724662053002,9.427251509630924e-05,0.00014292148951057922,0.0006559140331476201,0.001143492933433923,0.00014231640276413308,0.00022884380750593167,0.00622973110671092,7.309447897069419e-05,0.0028659328658675164,0.0020571739205676003,0.00017632227791440636,8.374400570814633e-05,0.0030472168551027813,0.0004441336718914697,0.0007745110354510644,5.627306741949139e-05,0.0041989389682883715,0.02492860581478682,0.00036873986328428014,5.2279494892946846e-05,0.0028489904369670247,9.560370593849075e-06,7.418363511429726e-05,0.00033509704018187456,0.011712906185656588,0.0005474824881844711,0.00020730271933244894,0.0014635838223039331,0.022186594714591473,0.0005229159662787576,0.0007588997973927538,0.00019507996705423684,0.00022376107883578407,0.07603144902059449,0.005847679335004825,0.007137966313126583,0.0003238424266979763,0.0014113043274109863,0.00014981947842006527,0.005405602958051272,0.0004893941605256413,0.0025918285697274133,0.0010207813412546449,0.0003021803211752043,0.0003116196744197642,0.0017154209261748183,0.00010371186834086908,0.46198191565139163,0.0006185196722172484,8.507519655032785e-05,0.0005071837108711579,0.00022714956461588245
SRR8556918,controle,0.0033027629953145546,9.449684844598251e-05,3.196629294611871e-05,0.0006613377360826402,2.131086196407914e-05,0.0005135637327264598,8.117755971843305e-05,0.0003422356187784025,0.000490850840370007,0.023203322587705064,3.5190962848578056e-05,0.0012807547634333088,0.007540680262342319,0.0006101636267610027,4.9631875890026415e-05,4.822984549765279e-05,0.0004206091177120883,0.0024163993812559474,7.613025030588799e-05,0.00016487877414313862,7.430761079580226e-05,4.360314520281982e-05,0.0012169623805803088,0.0015021353623891045,0.030609127526301037,0.010999349037288822,0.03871580745804459,8.987014815114953e-05,0.04360328540585906,0.004716290036905646,0.21419519319488095,0.0004534166288936312,0.0007913059534556755,5.5941012655707745e-05,0.019592813921264496,0.00016950547443797157,0.00012071481678336934,3.855583579027476e-05,0.0007559747875678601,0.0008702402645463106,0.00022460526885825514,0.0075087139693962,0.0001288465930591364,0.003819691600982711,0.04850099817553785,0.001781700222628406,0.0005948814954841302,0.0004164030265349674,0.01410835143237734,0.00023904618189970353,0.004188846203294687,0.0002700310535711607,0.0016193451031915398,0.001424182472573131,0.0013587076532492826,0.00012898679609837373,0.0015491033805336211,0.0007885018926709282,0.005305423207781044,9.82823305053913e-05,0.09176443141428554,0.005614851315377904,0.00041275774751479597,0.0005854878918552269,0.00031461562004864206,0.0004789335820348312,0.0011577966980221416,0.007354490626235101,0.00018366598140094522,0.0010093216794697746,0.00021044476189528152,3.46301506916286e-05,0.0002910615094567651,0.0030600715343946797,6.351197677452533e-05,0.00014665237904228144,0.0001878720725780661,0.0005972649471511654,0.002080332696203989,3.1545683828406624e-05,0.000654327584120772,0.0011620027891992627,0.0022823652757450285,5.622141873418247e-05,0.0026823645466892243,0.00010725532501658251,2.3694313631114308e-05,0.00044500444653938943,0.0002626002924915805,0.00045790312614922676,0.0002774618146507409,0.00012954760825532318,2.7760201768997826e-05,1.2898679609837374e-05,0.00012057461374413197,5.832446432274291e-05,8.089715363995832e-05,7.991573236529678e-05,6.645624059850995e-05,0.0001838061844401826,0.00021927755336723537,0.0005657192633227588,0.004606090448065079,0.00022334344150511887,3.785482059408795e-05,0.00023778435454656726,7.697146854131216e-05,9.674009707378031e-06,7.402720471732754e-05,0.000630352864411183,0.00024185024268445077,0.0010440920332006405,0.00019978933091324195,6.309136765681324e-06,0.00013992263315888804,3.9397054025698936e-05,5.720284000884401e-05,7.584984422741325e-05,0.0001299682173730353,0.0010596545705559878,8.69258843271649e-06,0.00019978933091324195,0.0027426518535612903,0.0040828527056312415,0.0001329124811970199,7.556943814893853e-05,0.00022951237523156286,1.4020303923736276e-07,0.0001702064896341584,0.0004957579467433147,2.1731471081791227e-05,0.0006317548948035567,0.00033073896956093877,1.0795634021276932e-05,0.021428912923117,0.014963870377803728,0.0003127929805385563,0.00036775257191960255,0.014625840850202446,0.0022339952272081385,0.005232657830416853,0.00030900749847914753,0.0001226776593326924,0.10411379551639093,0.00015226050061177597,0.00011819116207709681,0.009877864926429156,4.7388627262228616e-05,0.0005096380476278137,0.001152468982531122,0.0005532411928306335,0.00048524271880051253,0.0007589190513918446,0.006118460632318511,0.10277976359804743,0.0036077046056558187,0.005331080363961482,0.0015312975945504762,0.0010632998495761592,0.0006871350953023149,0.0017487525084076258,0.0022039917768113424,0.0013242177055968914,0.0002180157260140991,7.963532628682204e-05,0.00269161794727889,0.00024086882140978924,0.0009968436089776492,5.327715491019785e-06,2.6217968337386838e-05,8.664547824869018e-05,0.0003399923701506047,0.0001299682173730353,0.0002948469915161739,8.35610113854682e-05,1.1777055295938471e-05,4.360314520281982e-05,0.00010725532501658251
SRR6784540,controle,0.0027721625040532886,0.00012197825446587191,0.007901457766674325,0.014407605774379708,0.0015479259816381392,0.0026179603953647586,0.00627504729820697,0.013438730643333221,0.0026269358353890803,0.002319543885683937,0.00012491383071442814,0.0017052661201096084,0.0004985080861628745,0.0009515653538567229,3.866862506718927e-05,4.3763705682499544e-05,0.0007596394032614589,0.0012103009707984396,0.0001221807080002551,0.002080210065787276,0.003450145648446861,0.0003367139699349753,0.013632006284157708,0.0028537850206654444,0.010900435713748248,0.09165044507722421,0.010822963494590948,8.810102971241813e-05,0.02358387970480925,0.009512245570738445,0.06072064010408811,0.0007966546577978522,0.003642206568065047,0.00039680892739105215,0.00042012482610084953,0.0002992938083298157,3.482200791390866e-05,9.349979062930319e-05,0.005593959866286189,0.000868998054084112,0.0004884866362109067,0.001244211937807624,1.0493841532195342e-05,0.0009208599011419392,0.02502838567263331,0.0015334842961854717,0.0021813356062116793,0.00024976017691739525,0.005071494778554637,0.0005353208871648846,0.0009742064074519097,9.61654288320152e-05,0.0005937287318344348,0.00028174783534993923,0.000511802534920704,6.481887325835129e-05,0.00027715888857058696,0.000484066400710207,0.00564545054853098,0.00014964690416490784,0.011116453634935112,0.0009626665559920679,0.00010362246734846268,0.0001714444013668313,7.052131447681114e-05,0.00011215925804828719,0.00019391674368336538,0.01082886838934379,0.0006886794394601509,0.00046591306712718097,0.00028397482422815436,6.498758453700396e-05,0.002537822538004746,0.003725414970696538,0.0008856667284149947,0.0004399990147261327,0.0009090163693805226,0.0026014941745682594,0.0037219732606120237,0.00012946903523804992,0.0038004240051855097,0.0002765515279674374,0.02430046398975855,0.0002945698925275413,0.0205101626612922,0.0016484441614593932,0.001092405529275962,0.004168956922274376,0.002507285796568615,0.00988371406407587,0.0009034151549292543,0.001128948392232128,0.0005042780118927955,5.1794362546366076e-05,0.0016627508778891385,0.00029625700531406784,0.00034272009145500993,0.0006420813842962867,0.0017642813253823083,0.00037750835711318807,0.0009557831358230394,0.0008063386851925148,0.003542565686892787,0.005345110730273518,0.0004906461405776607,0.009743413764748318,0.02641819544391818,0.0018769467172665534,0.004780467822878802,0.07378000656624296,0.019942449208626006,0.0027147331847999236,0.006278691461825868,0.00383153436496906,0.013494304138521408,0.0005167963887688227,0.004800375753759815,0.001001065243013413,0.00041108190156506706,0.0004847075035690871,0.00015366223259684111,0.0004472873419639275,0.014229615375401154,0.01295621638638662,0.0014168710603807543,0.0007736761816453602,0.005493711624510779,0.00013969293872440102,0.0006730230328011842,0.0010495528644981868,0.000195671340981353,0.0017144102714125825,0.005936477504206816,0.00016827262932816132,0.00863467698369878,0.005172890257024884,0.000185514922006463,0.0005012412088770476,0.008414441280545599,0.0013316381224054315,0.002145636299648777,0.00026801473726761286,0.0011332674009656358,0.026868654557920774,0.00015052420281390168,3.7622615139542785e-05,0.00464134850250182,5.277288796255149e-05,7.541394155773823e-05,0.0007353112368797456,0.00034997467643707424,0.0005051215682860587,0.00040946227329000155,0.0026153959839292384,0.0311365775162528,0.0010008965317347602,0.0015624014093465373,0.00045008794918956164,0.0004100358916374206,0.0008713262697295187,0.0009188353657981073,0.0011417029648982688,0.0012439419997617796,0.0015278830817342035,0.0002912968937216797,0.0020328359387416094,0.0006014219661409961,0.0010163167426036131,8.320840263149103e-05,8.523293797532294e-05,0.0007945626379425592,0.0024771877044569806,0.0004962810972846595,0.0007189462428504378,0.00259646657846441,0.00017012845339334055,0.003412691744585971,0.0020093513287531596
SRR6784567,controle,0.0017885156394879746,0.00028966576933236055,0.0007857001010634693,0.002977562738720762,0.00017398512189776815,0.0011135690471720688,6.640926056430305e-06,7.729895114070758e-05,1.742350492224725e-05,0.0028265709306957956,0.0024278297360817436,0.00018876653795885497,0.0006925129128522698,0.0005289176268814975,4.480839892913996e-05,6.0875155517277796e-05,0.0008130492911668329,0.005430313799465884,4.67364097197165e-05,0.0011827989161151782,0.0015202008044660727,0.0006137501016668653,0.0024104062311594964,0.003562606901950154,0.003938426190498463,0.0032304534874180516,0.004138046715130193,0.0012642752239688017,0.022319117062459908,0.008917656872776495,0.013818945933650293,0.0003011267223652322,0.001196652030684506,2.160086163516309e-05,0.0006583799810783592,0.0005989686856057785,3.588242304684116e-05,6.912275723252189e-05,0.00045372520604901247,0.0006781599436335334,0.000181090198700078,0.0010569783600782943,6.148212187727412e-05,0.0002703856614265952,0.004423463719942579,0.00026078131137724167,0.0001738066023801222,0.00017552038974952356,0.0021938620562549278,0.0004259832730068278,0.00010664755984170603,7.262173977838301e-05,0.00023128988706212645,0.00018530325931652303,0.00017209281501072082,6.794452841605844e-05,0.00021904344815161248,0.003115272694632868,0.0015143810681908139,3.9595629013877466e-05,0.0072532480019560025,0.0007383210210802273,8.176193908185699e-05,6.776600889841247e-05,4.741478388677121e-05,6.537384736195639e-05,0.0001432083570556019,0.0016406300710700482,6.523103174783961e-05,0.0010298076894925767,0.0011335989370519473,0.0006898351200875803,8.561796066301007e-05,0.0012605620180017652,0.00020508322187169718,0.0001645949952695898,0.0003593240851178204,0.001659446028229934,0.0011830131395363533,9.35799311500206e-05,0.0018581739552734344,0.0004580453783760451,0.017916361606564263,0.00015045624947202852,0.007416022098145603,0.0027232438338823045,0.00018341095242947568,0.005520787491008865,0.00036742887121894767,0.006858755571861925,0.00037867560083064416,0.0004906430422982003,0.0002875235351206089,0.00023550294767857148,0.0009131630366626961,0.0001989778543682048,8.144060395009422e-05,0.0002606384957631249,0.0008431119779384152,0.0002732419737089308,0.00013231866647919738,0.00019062314094237312,0.004685816003075106,0.0007915198373387282,0.00031005269824753104,0.015448614906336878,0.0024164758947594596,0.00019319382199647518,0.0003762477353906589,0.008384062034532673,0.0031855022728747946,0.0007974109814210454,0.0005902569331446549,9.172332816650244e-05,0.0004138796497104306,0.0001639523250060643,0.0003277618343980118,0.0001446365131967697,0.00010750445352640672,0.011190781594866236,0.0008156913800279932,0.0056383247414269755,0.01046035113646596,0.01253349829488868,0.0005982189036316653,0.0002865595297253206,0.0004334453888444296,0.00020354795401994176,0.00106515455398648,0.0012441739262818647,0.0002505342910643626,0.00020154853542230685,0.007817155454296112,3.598953475742875e-05,0.007752102942065918,0.005617116622730633,0.00010036367282056768,0.0003011981301722906,0.005480370672213816,0.0006345654774243861,0.0025061283965212688,0.00011903681436633677,0.003880942905816459,0.00995996092850429,0.00015574042719434942,0.00015491923741317793,0.0031290186974916078,2.7206374489246735e-05,2.7777636945713856e-05,0.00028245358081946316,0.0006809448481088107,0.001494993848574461,0.0001254635170015919,0.0011696241757129051,0.01111162604074201,0.00037285586455538535,0.0005756183326976848,0.0001883737950200338,0.00013031924788156244,0.1095456456911708,0.002495060186427218,0.0037366277277514517,0.001983066209818559,0.0019699271733198153,0.00017980485817302696,0.0016039621621455648,0.00019997756366702226,0.0021715114126456513,0.0003790683437694653,6.737326595959133e-05,0.0002472138280361475,0.0016856883973238924,9.265162965826152e-05,0.3319296938725889,0.00010878979405345774,4.3380242787972155e-05,0.00016384521329547671,0.00030741060938637056
SRR8556969,controle,0.00015435383694662477,0.0038438006038188366,0.00853942635353084,0.01440802981722351,0.0017411707190585568,0.0034147303711513236,7.114021606565258e-05,0.00012667787821612285,1.6717022051981022e-05,0.0008330649322570543,3.7334682582757615e-05,0.00039433597573728567,0.0002093342650286957,0.00031725192960870653,1.2630638883718996e-05,2.0246171151843683e-05,0.0003794764005799692,0.028066579812449872,1.7088511430913935e-05,0.00044523002065109457,0.0008705853595292784,0.002016630093537311,0.0021498090358847595,0.0065772194540072,0.003436462499818899,0.009419113202843974,0.0015712143281967498,0.003184221211523452,0.015418109438542098,0.04995194784883503,0.007240699484781381,0.00017720043375099885,0.0010033928124977942,2.0431915841310137e-06,0.0011012802638466165,0.0025426590541063137,7.745553550751207e-05,0.0003228242702927002,0.0002553989480163767,0.0003497572502653363,5.75808537346013e-05,0.0009775743006619569,1.5788298604648744e-05,0.000464547468355606,0.002479134370308786,7.801276957591144e-06,3.807766134062344e-05,7.745553550751207e-05,0.002032975626210359,2.8047448109434827e-05,1.9317447704511405e-05,0.00011720489905333361,1.987468177291077e-05,8.841447218603296e-05,7.392638640764942e-05,0.00014395213433650325,7.095447137618612e-05,0.0011317423929191152,0.0027280322541938366,6.129574752393041e-05,0.003158031210308682,0.00017701468906153238,1.244489419425254e-05,3.324829941449559e-05,8.172766336524055e-06,1.4673830467850009e-05,3.3434044103962045e-05,0.0020703103087931166,1.5602553915182288e-05,0.0005362449184896579,0.00019113128546098304,5.349447056633927e-05,5.720936435566839e-05,0.0011068526045306102,0.00013968000647877476,9.472979162789246e-05,0.0002050621371709672,0.0003765044855485059,0.0011300706907139172,0.00045767491484534714,0.00021156320130229317,0.0007089874796934618,0.024192502824248004,0.00012704936759505578,0.005116708960732458,0.005858573250461483,0.005211810241739284,0.007014462453011237,0.0003610876763227901,0.005113551301011528,4.1049576372086736e-05,4.086383168262028e-05,0.0002468546923009198,0.0016384539057836068,0.001579015605154341,0.0010331119628124272,0.00012129128222159565,0.00011720489905333361,0.00038449150719556353,0.0002996061841093932,0.00014228043213130516,0.00010531723892748044,0.005609675366576432,0.0008312074853623898,0.0007676828015648619,0.004578049361279736,0.008911658711221617,0.0005678215156989554,0.000895289403228317,0.015658277322022223,0.012158104393716332,0.0005329015140792617,0.0007117736500354587,0.001945861366850591,0.004886757035172986,0.0005412600251052522,0.0025980109715673175,9.194362128589562e-05,0.00042758427515178125,0.00022716575521747545,0.0004561889573296155,0.0022142624431296196,0.002353385215539995,0.006215017309547611,0.00011200404774827286,0.00015621128384128933,0.00013485064455264693,0.00028976171556767107,0.0014460224074963584,0.002676580975211628,0.00038096235809570087,0.00035458661219146413,0.02121910183526898,0.00010754617520107792,0.005929156232458736,0.006903015639331364,0.00021119171192336025,0.0001651270289356792,0.00238459032337036,0.00031037937609844764,0.002268128403074892,7.411213109711587e-05,0.0016464409274306643,0.001969450942412831,0.0001777576678193982,5.1079789603275346e-05,0.00864418635838992,5.200851305060763e-05,4.476447016141585e-05,0.0006131432199287706,8.247064212310638e-05,0.0010765762201475778,9.101489783856335e-05,0.0006798255634472282,0.0042951601992223245,2.043191584131014e-05,4.6250427677147494e-05,9.28723447332279e-06,7.801276957591144e-06,0.14395937837939243,0.00041346767875233064,0.0010581874958903988,0.0008739287639396746,0.0005236142796059389,7.65268120601798e-05,0.0003521719312284002,8.61855359124355e-05,0.000388763635053292,0.0009571423848206468,0.00010011638762241968,0.0011885802678958507,0.001664643906998377,0.00035328639936519897,0.20334864241063916,0.0010951506890942236,8.61855359124355e-05,0.0010750902626318463,0.00028957597087820463
ERR911991,controle,0.002390944826050196,0.00020018444922357114,0.002335417299552836,0.0026005634224080853,0.00014445309855972894,0.0008453752893538823,6.108901446851669e-05,2.2799188907935447e-05,5.6779589234322e-06,0.010909950570601387,0.00014130838284828957,0.0003852859101274609,0.00036548584824062035,0.007925906537826112,0.0008904204301464445,3.654276127644826e-05,0.00020807535624023846,0.02305000910366081,6.944580529428614e-05,0.0004297195784205764,0.0026206255439375457,6.705815077263772e-05,0.0018397169266681705,0.002001728021283436,0.005803485492247155,0.004996516499406129,0.015413154351644498,0.0012940796329953706,0.016562635297389796,0.0778649954327372,0.06406420670891903,0.0008368729098377685,0.0023439487968070186,0.00013236923726114247,0.0013220908970176361,0.11819533384170963,0.0009211396438091161,0.0013608174886492505,0.001009570214324314,0.0013731925273285258,0.00021148213159429777,0.001787508822310663,0.00010028148990923331,0.051318935990097875,0.008612939567561408,0.00019913621065309136,0.00011670389418008337,0.00025827433667099286,0.01008111415647063,0.0002126468411170531,0.0003208774735190915,0.0005343104935640044,0.0001779093796008756,0.00013362129999810443,0.00014806369808027044,0.0002778996921294201,0.0001479763448660638,0.017904235078913585,0.0030003499660938497,9.335146824883914e-05,0.011898585131254174,0.0005735320867427899,3.738717568044587e-05,2.7341556046681208e-05,1.9858297362978257e-05,4.216248472374269e-05,7.925848302349973e-05,0.0036054165631652403,0.00010007766574275113,0.00039253622690661277,0.0034161512657175,0.0011643018744223587,0.0003865379728644228,0.0013571195359145024,0.00019118706816028628,8.933322039533327e-05,0.000544152289031287,0.0005004174464518246,0.0010654180359404317,5.8439300304248334e-05,0.001344482437592607,9.233234741642824e-05,0.004817879176353531,0.00015679901950093537,0.006077978409022516,0.0010788413131901868,7.212463719662338e-05,0.0014496265897593439,0.000559322630565175,0.0015898867340371537,0.00030497918853348134,0.00047426971766596754,0.00011553918465732805,0.00014180338439546058,0.000994341637314288,0.0003227118910174311,5.037368685916772e-05,0.00028069499498403283,0.0004883627028913069,0.00011073475787596233,0.00011131711263734,0.00013862955094595233,0.0014544310165407097,0.0008227799246124291,6.257401911002974e-05,0.003912958112648783,0.0024474041201657604,0.00014905370117461247,0.00026144817012050114,0.008200515925553747,0.0038924592250482895,0.00031892658506847633,0.0006760265247452583,0.000212675958855122,0.0007662332772826582,0.0002458119447775109,0.0005455499404585933,0.0001280306942888789,8.709115456402928e-05,0.005296603907944038,0.0003055906610329279,0.001780083799103098,0.003411550663102617,0.01342714990891826,0.0005751335623365785,0.00041556835771909925,0.00018128703721686604,0.0003349704587444309,0.0015842961283279282,0.00039629241511749866,6.836844898573746e-05,0.00015904108533223936,0.0028199655787571193,0.0001788993826952176,0.006946968183950262,0.003757702333265499,0.00022202275277523345,0.00044500639090674004,0.00813447689561352,0.00107459012343213,0.0016738040551516748,6.321460934754515e-05,0.008742222324587249,0.055826973315660416,0.01000473832951595,0.0006230322414598912,0.0509847517102813,0.00020982242052437145,0.00019278854375407483,0.0017007379628653915,0.012660246923660017,0.0010746192411701988,0.0002986606393725337,0.005666399181418853,0.03759463956418666,0.0003204115897099894,0.00046204026767703667,0.00014162867796704728,0.00010229061383598624,0.0029378050647218892,0.0028474527234941447,0.004486664905819986,0.0007826556815535082,0.000978414234590609,0.00022618658931908373,0.001974532053927099,0.00035742023479553973,0.0026676798086568607,0.0022839953741231886,5.3401931618331564e-05,0.0005377463866561326,0.0007493158714646371,7.780259612005558e-05,0.0007166457693513502,0.00028209264641133923,0.00010802680823555621,0.00025364461631804047,0.00046032232113097255
SRR24907942,controle,0.0005700890056783785,0.01962745869896806,0.0018492908567336516,0.004548391551974534,0.0003579027295520877,0.0009258622672263314,0.0036730280974176855,0.006377148252954028,0.0007013554976475463,0.0323239553590496,0.00235853791943675,0.003447608698694271,0.0008192367621621523,0.011616247962555434,0.0035472373803162927,0.00021066522755190884,0.0017496621751116298,0.009198845463290101,0.0004062720742174357,0.0017937725837687082,0.0012303761918176104,0.022975438716040308,0.008111904152036714,0.018411684573464517,0.01435656907416207,0.008127723057210287,0.007776208731670604,0.00022176888214489753,0.02672588818589404,0.003031145599028476,0.014735462274040628,0.00035121011582480685,0.0004836934466534802,1.0799444878112293e-05,0.010807506435556518,0.00180122572178318,0.00013324385511586436,0.00015453853515721253,0.00017674584434318992,0.0005846910719924459,0.0002520377487750996,0.0008615219125299722,8.989397074597699e-05,0.001598013632245743,0.001866935020196483,9.795552819020165e-05,4.958618352485363e-05,0.0005728268931122661,0.002842535575805106,5.901668468602211e-05,5.74956361116401e-05,0.00010753813420880833,0.0008799266002799946,0.00011164496535963976,0.0005865163302817043,0.00023363306102507723,8.365767159101072e-05,0.005285948005692372,0.002100415976364122,0.00014723750200017888,0.0028320403406418703,0.00027211558995694215,2.205520432853919e-05,2.905202777069645e-05,1.6731534318202144e-05,3.8634633789303133e-05,5.2476175816179456e-05,0.0009660179495900165,4.943407866741543e-05,0.0007075917968025126,0.0005089428529882216,0.0002308951735911896,0.00030208024687226783,0.0074624164107755945,0.0007979420821208041,0.0006900997381971193,0.0006379277720958164,0.0020668008028702795,0.0038007961776657744,0.0015636379344647095,0.00020549366239900997,0.00021172996155397624,0.023097731021420622,0.001167252675980757,0.021451195939652095,0.028827825210832544,0.0008350556673357252,0.032882636500420115,0.0007976378724059277,0.0037629220681636624,7.255401699802203e-05,4.8065134950471616e-05,0.001199803115472532,0.0055247526318703485,0.0027360621755983653,0.006702500543014341,0.00015742852744853836,0.0002970607865768072,0.0019200196154424152,0.00036505165785168315,0.00032793807263676206,0.00032048493462229015,0.0021580637173332,0.0065114568420719604,0.0011328769781997234,0.005982284043044458,0.00706876903972553,0.0006899476333396812,0.0004833892369386038,0.02707436041428496,0.010427396396818453,0.002309103840769334,0.00464680339473705,0.0016558134780722596,0.0033279021758904066,0.0026560550205858716,0.005170196209181901,0.0002193352044258863,0.0017803873563141464,0.0072155502271533944,0.0004321298999819299,0.002912808019941555,0.00755246248637901,0.00765224327285847,0.00022283361614696494,0.0004788260912154577,0.00032504808034543623,0.000346038550671908,0.0016425803554751361,0.007054927497698654,0.0005465127527754573,0.0026265466782428603,0.08407078838381288,0.0006510087898355016,0.014070155627605937,0.006633140728022522,0.0002080794449754594,0.0005244575484469182,0.01323357891169583,0.0014904754980369346,0.0033114748512870808,0.0001937815883762685,0.0002214646724300211,0.033567412568606896,0.00014693329228530249,0.0005320627913188282,0.0024898044114059176,3.5440431783100905e-05,0.0001724869083349203,0.0005267391213084912,0.01724108559062012,0.00035394800325869445,0.00041767993852530083,0.0014592940022621034,0.025024595355447758,0.001295781280516037,0.002045962437401246,0.0005842347574201313,0.00044505881286417703,0.003019737734720611,0.0006580056132776589,0.0011963047037514534,0.001212732028354779,0.0003440611875252114,9.476132618399942e-05,0.0006674361144388274,0.00015301748658283054,0.0006791481884615689,0.0048583812514335885,0.002872500232720432,0.002101328605508751,0.019100719577659568,0.0018856439176613818,0.013466755658148592,0.00206421502029383,0.0007097212648066474,0.0015134433315101032,0.0006465977489697938
SRR8556902,fbm,0.00027960193371301287,7.174252113301993e-05,0.020046799391623422,0.02754815862155083,0.004308429242096495,0.00357975790583193,0.0011440023640130208,0.0034985143481164292,0.00021832994269129852,0.014718462957203454,0.0012139997967941564,0.021880305553336494,0.0005303129602670528,0.00010897107263988434,2.947260327626765e-05,9.578596064786986e-05,0.0002375259145620255,0.0007560110537774183,0.001057329642536102,0.00013146332250861493,0.0005915849512887671,7.94984693636167e-06,0.005840422916345118,0.00022104452457200738,0.007690022670636678,0.014328920457321731,0.02624011795246069,0.0001033480101727017,0.046095539321494135,0.0016999099534410428,0.20108575519280125,6.864014184078125e-05,0.008458443241583052,0.0007596951291869517,0.014385151081993558,0.00036026379531121905,4.5566195854755906e-05,9.016289818068722e-05,0.00021328857634141064,0.0001209927923973093,4.5566195854755906e-05,0.0035006472338798434,0.0001310755250970851,0.00564342183128796,0.005821614741885921,0.0003833377412972444,0.00015938473613876322,1.2409517168954801e-05,0.00334165029515261,0.0003379654441482534,0.0009138446002700621,0.00022860657409683923,0.0012250520230227568,0.0011059982176830966,0.0009014350831011073,9.035679688645214e-05,0.0013805587850462217,0.0004135859393965717,0.009944676821271153,0.000482032182531588,0.07611842712472262,0.0072438617486716,0.0005080146091040871,0.0005467943502570709,0.0007290591336760945,0.0021856262113821644,0.0005134437728655049,0.001544015394006048,6.573166125430747e-05,0.000723242172503147,0.006133597759461675,0.0009285809019081959,7.154862242725503e-05,0.003229576843220487,0.0006679810413601451,0.0006743796986503875,0.00031023792922387004,0.001585121919628211,0.002919726711408147,0.00011827821051660044,0.000701719416163241,0.0020566835720484933,0.012238886307881672,5.5455029848766766e-05,0.011273464651878142,0.0004038910041083258,2.3073945986025334e-05,0.0007081180734534833,0.00035929430178239445,0.00038217434906265486,0.0005497028308435447,0.0002253102960988356,4.886247385275953e-05,6.495606643124778e-05,0.0005384567059091794,0.00010780768040529483,0.00013999486556227135,0.0001983583759975119,0.0011684336009394004,0.00012390127298378309,0.00011944160275118995,0.0006173734791555014,0.0009941186644567385,0.00412810344573512,0.00016403830507712128,0.010856388535777802,0.002095269414495712,0.00013146332250861493,0.0010773012092298885,0.0031512417660914597,0.0015977253355029305,0.0003090745369892805,0.0026649438120330436,0.0005031671414599642,0.0016328210012463808,0.0003160548903968176,0.0009086093352144093,4.517839844322607e-05,4.8280777735464773e-05,0.0006103931257479642,0.0019391809563549525,0.005905572881482131,0.00943995849016507,0.0015506079500020554,9.229578394410134e-05,8.919340465186263e-05,0.00010761378169952991,0.00020533872940504898,0.0006111687205710239,0.0007936274026958124,3.528956444921521e-05,0.001143032870484196,0.006654215784440482,4.0137032093338185e-05,0.01385386862819768,0.007966328326351687,0.0003885730063528972,3.606515927227489e-05,0.00015414947108311042,0.0001012151244092876,0.0018220661380729415,0.0006743796986503875,9.636765676516463e-05,0.07355760691768534,1.8226478341902365e-05,0.00044189515043824984,0.013022624876583474,0.0005485394386089552,0.0008077820082166516,0.002195902842787705,9.675545417669447e-05,0.00036627465518993153,0.0005051061285176134,0.0011036714332139175,0.046476938075733734,0.001818769860074938,0.0030564252989724143,0.0005082085078098521,0.0003527017457863872,0.00017179425330771802,0.0009239273329698379,0.0014022754400918925,0.0002939504379396168,0.0013974279724477696,0.00018885733941503087,0.0014203080197280299,0.00012564636133566737,0.0004310368229154144,0.0339520511768488,8.453983571350458e-05,0.010352058002083248,0.03054796549843989,0.0010282448366713641,2.7145818807088628e-05,0.0003534773406094469,3.8779741152983755e-05,0.0002929809444107922,0.001207213342092384
SRR8556953,fbm,7.130165448359064e-06,4.6108403232721945e-05,0.007252566621889228,0.010004572812774214,0.0016879478338082024,0.0014217549904027972,0.0010726145556148152,0.0005045780415622097,0.0003479520738799223,0.08259654957033623,0.0023493895152343113,0.024376134290486743,0.008107711131329092,0.006149292354846469,0.0018992384032612427,0.000190375417471187,0.0012278144902074307,0.003756408830377167,0.001849802589485953,0.00011004222008634155,0.00020392273182306923,3.7789876876303035e-05,0.004146428880402408,0.0004014283147426153,0.018787035267699686,0.0027139786418270717,0.030528041039330944,0.0001568636398638994,0.06699598524150821,0.00015163485186843608,0.1840927910224562,0.00032109511735776985,0.02888976669147964,0.002657412662603423,0.008436649430680057,0.00046868954213880244,9.36428395551157e-05,9.934697191380296e-05,0.0006219880992785223,0.0003778987687630304,0.00019085076183441094,0.0015218149788614362,0.0003907330665700767,0.00505813936906592,0.01163143889590814,0.0008484896883547286,0.0006999445748472481,4.515771450627407e-05,0.0041164821855193,0.001196441762234651,0.0012998291612358573,0.0013205066410360987,0.0007168192997416979,0.0007529454713467172,0.000746765994624806,0.0006079654405634162,0.0008705932012446416,0.0004242448441773643,0.008884423820837005,0.00042685923817509594,0.048959518723339125,0.00488558936521563,0.0002906730781114378,0.0002269769334394302,0.0003534185340569976,0.00179632634862326,0.0003645891265927601,0.004149518618763363,0.00044207025779826193,0.001317416902675143,0.006761773566860512,0.0010445692381846029,0.00010314972681959446,0.004628190392529868,0.0001737383647583492,0.00030873616391394746,0.0007517571104386573,0.001110879776854342,0.004007390654159406,9.601956137123539e-05,7.557975375260607e-05,0.0010978078068656838,0.007074312485680251,1.164593689898647e-05,0.006439014744231458,0.000540704213167229,3.826522123952698e-05,0.0015505733128364843,0.00020130833782533756,0.002588012385572728,3.0897383609555944e-05,5.704132358687251e-06,0.00010243671027475854,3.327410542567563e-05,0.0004349400923499029,0.00010861618699666974,0.0008002422354874989,0.00017231233166867737,0.0002680942208583008,7.249001539165048e-05,0.00012026212389565621,0.0004014283147426153,0.0014234186956740811,0.0032953247980499474,0.0002027343709150094,0.0025535499192389927,0.002098883035815296,0.0001354731435188222,0.00024860510196611935,0.0034514754213690107,0.0013421348095627877,0.00040618175837485465,0.0011448668988248538,0.0032111888457593105,0.005114705348289568,0.0020076169180763006,0.00641500985388865,7.985785302162151e-05,0.0001278676337072392,0.0002146179799956078,0.00017207465948706541,0.0014861641516196408,0.012241068041742841,0.006450423008948833,2.6143939977316568e-05,7.795647556872577e-05,0.00011479566371858092,0.00019679256637471015,0.001134646995015539,0.0006036873412944007,9.43558560999516e-05,0.0037578348634668387,0.004582081989297146,0.00022626391689459428,0.0064333106118727714,0.004221295617610177,0.0004924567602999993,0.00010528877645410217,0.00031348960754618683,0.00011836074644276045,0.0009117104886635123,0.00024789208542128343,3.327410542567563e-05,0.05169583855023772,0.00021984676799107112,0.0005304843093579143,0.07757524938942016,0.0018186675336947851,0.0034683501462634604,0.007529930057830396,0.00011146825317601337,0.0002148556521772198,0.0003462883686086385,0.0016463552020261078,0.0284619567645781,0.001515635502139525,0.0015546137399238878,0.0001758774143928569,0.0001271546171624033,0.0002521701846902989,0.000274273697580212,0.0006112928511059837,0.00018158154675154415,0.00025858733359382206,8.366060792741301e-05,0.0002101022085449804,5.371391304430495e-05,0.00012382720661983573,0.008175685375270114,0.005075727110505205,0.0013390450712018323,0.006591362612644731,0.0004779587572216692,7.201467102842654e-05,0.0019531899884871595,0.0004917437437551635,0.0012354200000190137,0.0005549645440639471
SRR8556896,fbm,0.00015226901880216313,5.279679546406661e-05,0.04384544312006106,0.059213901625796976,0.00948926752098003,0.009057328520408066,6.1213675900367095e-06,0.00011630598421069747,7.269124013168592e-06,0.011803909640962661,1.759893182135554e-05,0.006556367274403693,0.0021497477805260167,0.00013007906128828007,2.372029941139225e-05,2.0277030141996598e-05,0.0005344719077050802,0.0005597225490139815,0.0005669916730271502,0.0002031528868943433,0.000571965284194055,0.00018364102770110127,0.005329798243550087,0.00304155452129949,0.01970009124663564,0.006954638753230456,0.031752298860469166,0.00019282307908615633,0.04660885800148826,0.00034623985431145136,0.10359611216640938,0.00017254604894415974,0.008094360881400416,0.0006760285332246791,0.003698071195330927,0.0008822421039140407,0.0005172555613581019,0.0001006199797612284,0.00027469637060289733,8.302104793987287e-05,9.564636859432357e-05,0.002414114343320727,0.0005015695569086328,0.002280209427288674,0.0022974257736356526,0.0001691027796747641,8.225587699111828e-05,5.279679546406661e-05,0.0032439422372450787,9.870705238934193e-05,0.0006301182762994038,0.0002020051304712114,0.0014071493747596885,0.0005922423143360516,0.0017048008738252236,0.00034700502526020593,0.0006381525712613269,0.03328034524513208,0.007527751793847643,0.0003022425247580625,0.03138157353579757,0.0032623063400151887,0.0001277835484420163,0.000189762395291138,0.00023184679747264035,0.001038719562934354,0.00034930053810646974,0.0017411464938910663,2.410288488576954e-05,0.0011787458465564438,0.006446947828731787,0.0010157644344717164,2.1042201090751187e-05,0.0007521630426257606,8.837724458115498e-05,0.0002724008577566336,0.00036039551686341124,0.0006056328059392569,0.000781239538678435,0.0009293001172624479,0.0007862131498453398,0.0007360944527019142,0.00552453425000813,0.0007207910337268225,0.010107143062099361,0.029748698731155276,0.0029512643493464484,0.009968264534900403,0.0001610684847128409,0.00141824435351663,0.00014461730931461726,6.04485049516125e-05,0.00010138515070998299,0.03167501659464495,0.0011657379404276158,0.016363563324591254,0.00013352233055767573,0.0003450920978883195,0.00037455117941537116,8.608173173489122e-05,0.000183258442226724,8.837724458115498e-05,0.0009266220189418069,0.0016917929676963956,0.000127400962967639,0.0016994446771839413,0.0017839960670213233,7.957777867047722e-05,0.00036689946992782523,0.0034455647822419127,0.001921344252322772,0.0006033372930929931,0.0010241813149080169,0.0014825187132120154,0.0025652356056997585,0.0010306852679724309,0.0032148657411924042,0.000107889103774397,0.0001813455148548375,0.000304155452129949,0.0011783632610820665,0.0013555003357187537,0.00913308044433477,0.003340736362262534,7.307382560606322e-05,0.00014423472384023995,9.908963786371923e-05,0.00012587062107012983,0.0005237595144225159,0.004466302827880534,5.700523568221685e-05,0.0011018461662066076,0.010149610049755241,0.00011898408253133853,0.0076207200641213255,0.001579312838229471,0.0001748415617904235,0.00012472286464699795,0.00571965284194055,0.0008286801375012195,0.0006875060974559979,0.00012969647581390276,9.564636859432358e-06,0.11831685346402453,0.00010329807808186946,0.0005264376127431569,0.015150767370815232,0.0006557515030826825,0.0020399457493797332,0.0022836526965580696,0.010830612194146825,0.0006419784260050999,0.00039253269671110397,0.0011936666800571583,0.06850422470010081,0.0024523728907584566,0.003638387861328069,0.0007016617600079577,0.00032749316606696394,0.00020430064331747517,0.0007938648593328857,0.0006458042807488728,0.0003906197693392175,0.0006320312036712902,0.00021769113492068048,0.0002842610074623297,0.00014461730931461726,0.0002968863281167804,0.0018214894435102983,0.0007628754359083248,0.0012655927492400895,0.0009166747966079971,0.00042887831677694695,8.263846246549558e-05,0.0008558437061820074,0.0002368204086395452,0.0006255272506068763,0.0005451843009876444
SRR8557018,fbm,0.0038560428422579163,0.0013230671194190665,0.006479767257339328,0.013131269203665804,0.0018611247690234996,0.002091435630998511,0.00044952775179322963,0.0014723919846494926,9.119245112883385e-05,0.0318687662970451,8.941741558374706e-05,0.0011216005850517156,0.0025431821772230988,0.00401135845245301,0.0012933352740388626,0.00036854175504864487,0.004055512461637044,0.0027268983561395815,0.00018637873223411298,0.0002591551895826714,0.0032156987693678567,0.00023474845083772803,0.004033768276209731,0.0029427870543107626,0.013202714384355546,0.007930636936004643,0.024140261533737214,0.0005156478258477126,0.05602100932071165,0.000352122676256592,0.1481710921261198,0.00018260678170080357,0.0006789510959956973,3.084124259588298e-05,0.0003450225340762449,0.039157949762944004,0.0013863027607127832,0.0019243604103172166,0.00046661246891469,0.0004397650562952523,0.00018127550504198846,0.0018995099126860016,0.0003410287040997996,0.001057699305428591,0.01692474204295941,0.0020313063019086956,0.0007515056739011199,0.0001269150414737055,0.008447837917954308,0.0029467808842872077,0.0009037149718923122,0.00011071784212478855,0.00116198264370244,0.0003805232449779807,0.0013334954532464513,0.00019991337826539977,0.0003692073933780524,0.0015797816351272435,0.014138823754945693,0.0004169114736522599,0.01613218867207816,0.0021622151733588467,0.00010872092713656591,8.165163507399236e-05,0.00013401518365405268,0.0004304461196835467,0.00016263763181857717,0.01009396150657917,0.0004448682834873768,0.0008358198622927424,8.209539396026405e-05,3.860702310563769e-05,1.841599378027545e-05,0.0011639795586906628,8.342667061907915e-05,0.00016130635515976206,0.00022187944313584878,0.000551814175078856,0.0015908756072840358,0.00018660061167724885,0.011855018646748402,0.0003920609760210448,0.005415855327502933,2.6403653733166007e-05,0.014588351506738923,0.006759113476247362,2.7069292062573553e-05,0.0021588869817118087,0.000280233736680577,0.0033778926423001622,0.006350189662547992,0.003053504896435551,3.9716420321316934e-05,0.003641707300188686,0.0003306003702724147,0.002085223006590707,0.0009651755776409422,0.00017240032731655452,0.000378526329989758,3.6388228674279204e-05,0.00011360227488555459,7.921096119949802e-05,0.0013248421549641532,0.0008005410308341424,9.873635219545272e-05,0.008683695766007714,0.005103670951010794,0.0001264712825874338,0.001040392708863995,0.01239751388521555,0.004164011509330474,0.00034768508739387504,0.0013967310945401682,0.0006399003140037879,0.001295775947913357,0.00046860938390291265,0.0013727681146814964,4.68165625016641e-05,4.8813477489886736e-05,0.00024517678466511294,0.0010965282079773648,0.004313114495117764,0.005351732168436673,0.006966348876136245,0.0012542844920469531,0.00012824631813252062,0.00010827716825029421,0.0,0.00026093022512775816,0.0019694019372737937,6.878262737211313e-05,0.0004568497734167127,0.01338643056327203,6.612007405448295e-05,0.016448810637433014,0.0024704057198745404,0.00029199334716677704,0.0002360797274965431,0.013784926043144014,0.002060150629516356,0.0013641148163991985,8.786425948179613e-05,3.9050781991909385e-05,0.06447905369305021,0.05208708679391305,0.006985208628802792,0.009367971968638672,0.0005538110900670786,0.0014466539692457342,0.001637470290342564,0.00033636923579394675,0.005552533064474616,0.00047127193722054287,0.0010690151570285195,0.03921164458818288,0.0014650699630260097,0.0020665851333672956,0.0004879128954557315,0.00020390720824184504,0.0004788158382871617,0.0071999879297582935,0.01023285803798221,0.0023925260353338577,0.0009394375622371838,0.00018526933501843373,0.003750428227325252,0.00029731845380203737,0.002269604823836597,0.0006742916276898445,0.0003323754058175015,0.0005562517639415729,0.0007333115595639803,0.00020523848490066013,2.573801540375846e-05,0.00041203012590327123,7.721404621127538e-05,0.0002405173163592601,0.0004606217239500221
SRR8556944,fbm,0.0016715604148385642,1.6012575819546506e-05,0.003138769862075297,0.005200884626188705,0.0007980362787017797,0.0007149233851622287,0.0037254401399590626,0.010986914523040266,0.000676645703917408,0.02559694120151659,2.5010118422910732e-05,0.001656920345517836,0.008315254372729454,0.00010354799029973406,5.413775634227628e-05,9.363544336382433e-05,0.000590177794491857,0.0010421899347693411,0.0002083159863761955,7.091283577227738e-05,0.00026443625210565374,4.727522384818492e-06,0.003125197297809205,0.00020252095893674057,0.012123349904061796,0.0014963370851560982,0.05839542400233265,0.0001892533961148306,0.05864095016489903,6.481280688864062e-05,0.14185967920558104,0.00017827334412428444,0.0008219788920700539,0.0001595157553071014,0.00036142671135547824,0.0002642837513835628,0.00022234605280856004,0.0004941023395745779,0.00040275440704211736,0.0004710747305388491,0.00020541847265646802,0.0016302327191519252,0.0002745012997636544,0.0009238493744267879,0.006522608384550701,0.0007030283288391371,0.0005569326370760366,7.289534515945934e-05,0.003091494638227112,0.00777174179919742,0.0008881642054575129,0.0004326445485719375,0.003099577176497931,0.00040839693375948136,0.0032941680978859434,0.0005708102027863101,0.0006639881439838617,0.0012408983756538087,0.018901091996670605,0.0008187763769061446,0.02628212694587109,0.002961106520839376,0.00015478823292228288,0.00015143321703628266,0.00010812301196246164,0.0006287604771808594,0.0003161339968944753,0.009796036384232279,0.0006199154352995862,0.0012363233539910811,6.176279244682224e-05,4.422520940636654e-06,5.962778233754937e-05,0.004609791827364302,0.00010126047946837028,0.00012245807983900803,0.0002834988423670186,0.00121787076661808,0.004425570955078472,6.100028883636764e-06,0.004011531494601627,0.0005470200901401269,0.0024726467079821623,2.043509676018316e-05,0.007132458772192286,0.0001261180971691901,1.9672593149728563e-05,0.0003943668673271168,0.0002799913257589275,0.0010768075986839797,0.0027142078517741783,0.0012262583063330805,1.4335067876546395e-05,7.396285021409576e-05,0.00011879806250882598,4.026019063200264e-05,0.015707421874642576,0.00012078057189600793,0.00023012358963519692,7.274284443736841e-05,6.86253249409136e-05,0.00010370049102182499,0.0006327254959552234,0.0003643242250752057,8.707791231391481e-05,0.004843880435773863,0.00015524573508855565,7.320034660364117e-06,9.958297152537017e-05,0.00040031439548866263,0.000114985544456553,0.0004497246294461204,0.0007588435931244134,3.050014441818382e-06,8.219788920700539e-05,2.1350101092728675e-05,1.525007220909191e-05,4.971523540163963e-05,8.357039570582367e-05,0.00011330803651355289,0.008582588138554836,0.01023584846674249,0.004394765809216107,0.002575584695393533,0.0005689801941212192,5.444275778645812e-05,8.448540003836919e-05,1.3267562821909961e-05,0.0002083159863761955,0.0002209735463097418,7.777536826636875e-06,0.0004257820160778461,0.0002533036993930166,1.875758881718305e-05,0.0002354611149083791,0.0010185523228452486,0.0003545641788613869,0.00010019297441373384,0.0004945598417408506,0.00014716319681773693,0.00011620555023328036,0.0002045034683239225,7.670786321173231e-05,0.2176130403977463,1.891008953927397e-05,0.0004268495211324826,0.031118229844818317,0.0012948836312739942,0.0007147708844401379,0.004309975407733556,0.018804406538864962,0.000437372070956756,0.0008102363364690532,0.0023021509006845146,0.1326036478782727,0.005262037415747164,0.006292789796359686,0.0016424327769191988,0.00099552471380952,0.00011224053145891646,0.0007498460505210492,0.0005029473814558512,0.0004962373496838507,0.00708335353967901,0.0005264324926578527,0.0003615792120775692,2.3027609035728786e-05,0.0005955153197650391,1.67750794300011e-06,1.3877565710273638e-05,9.394044480800617e-05,0.0008280789209536907,0.00023668112068510645,6.100028883636764e-05,2.7602630698456356e-05,6.100028883636764e-07,3.248265380536577e-05,0.0002833463416449277
SRR8557030,fbm,0.0005155355193108535,0.00022401091807486154,0.002196134751103435,0.004711989473038889,0.0006358185180462006,0.001474436758691352,0.015469687002943442,0.04562372942999051,0.0025815576932876655,0.015204029713263439,0.0012315427031806187,0.0020282558991050687,0.005798416558390412,0.00020073033767447178,1.8883137435871703e-05,0.0010248628838482696,0.0005833078755875437,0.004066600049716973,0.0001153682095397093,6.5961644467771e-05,0.00024470476731965247,0.0012599967458922063,0.004512035154711097,0.0032843725482638764,0.009004411152639643,0.005441447658917769,0.011021544107775637,0.0005465762931780398,0.037722817788329345,0.0009651093941539359,0.1290970264749347,0.0005755476821207471,0.0005799451250852652,5.690808542317499e-06,0.005768927823216584,0.05130134564341445,0.0018627051051467414,0.002395571723200107,0.0002762628874179586,8.432743567252294e-05,7.216979924120828e-05,0.03216263916936959,0.00010838403541959237,0.0034098290093104214,0.002944734747533746,0.0001665854864205668,0.00023125376531053836,7.268714547232805e-05,0.002992071927681205,0.00026979605952896145,0.0006963480270872139,0.0007002281238206123,0.00014796102210025498,0.0005426961964446415,0.0001552038693359318,0.00021599205149250509,0.0007323035901500381,0.0008484478190364271,0.009983488895033813,0.0003450699361568883,0.03365466569991901,0.0031943543040490363,9.958914949055623e-05,0.00017150027561620463,0.0002514302683242095,0.0009457089104869444,0.00027212411756900043,0.0018301122925861958,8.355141632584328e-05,0.0004363815459495282,0.0018738280491158166,0.0003761107100240747,5.0441257534177835e-05,0.0008611228016988616,6.23402208499326e-05,0.0004834600529814275,0.00020150635702115144,0.000345845955503568,0.0009645920479228161,0.00013166461581998214,0.0012721543823235209,0.0009679547984250946,0.012623765385553572,0.0004314667567538904,0.007347868520594131,0.005101809858187638,0.00028247104219139584,0.013778999519644024,0.0005005324786083801,0.01940953722603607,0.0008531039351165051,0.0003745586713307154,0.00011666157511750872,0.0001753803723496029,0.0004092208688157402,0.00023539253515949654,8.174070451692407e-05,0.00014433959848241657,0.00033679239645897197,4.785452637857897e-05,0.0004381922577584474,0.00011898963315754771,0.0006086578409124125,0.003130979390736864,0.003918639027616718,0.003355766328158405,0.001554108078283797,3.543821683170443e-05,0.00037093724771287696,0.0032349659831919383,0.0010243455376171499,0.0007134204527141665,0.000548387004986959,0.0019651396589084563,0.00077369128863962,0.001870206625497978,0.00475415319087515,9.001824421484044e-05,0.00025013690274641005,0.0004575927414254389,0.0005636487188049922,0.0011146224549475501,0.003984600672084489,0.10042595701939247,0.00019788493340331303,0.00018650331631867804,8.32927432102834e-05,0.00013373400074446123,0.0008430156836096695,0.0006955720077405343,8.769018617480146e-05,0.0007734326155240601,0.012203680245884316,0.00020590379998566952,0.012967800629248221,0.0007765366929107788,0.000457334068309879,0.00016011865853156963,0.012025713142379114,0.001977038622224211,0.0010183960559592723,8.562080125032237e-05,7.630856909016646e-05,0.016208198747866918,3.931831356510272e-05,0.00016710283265168656,0.040324810657746235,0.0006782409089980219,0.0022080337144191895,0.0035784838806554673,0.00012131769119758668,0.0007271301278388404,0.00015080642637141373,0.0007814514821064166,0.0075576524173131985,0.0004537126446920406,0.0004206024859003752,3.0782100751626474e-05,2.6902004018228178e-05,0.00020098901079003168,0.0009589012393804986,0.0012462870707675322,0.00024315272862629315,0.0015096163024074965,0.0002040930881767503,0.001695343599379495,0.00020564512687010962,0.0014868530682382265,0.0007165245301008851,0.0002946286786227105,0.0011001367604761966,0.0014777995091936305,0.00047414782082127164,1.758977185807227e-05,0.006728087735712643,0.0003859402884153504,0.0003592969575126821,0.0010388312320885034
SRR8556891,fbm,5.134311646729421e-05,0.0001257382444097001,0.0010903302050955424,0.0021929348578596506,0.0003070108801003511,0.0002918923530939467,0.029930791574639494,0.011954563587252238,0.003782924896097549,0.17291852685671602,0.0035947665946416047,0.009898593602767439,0.03538738231686187,0.01104805072041278,0.0034331031375434188,0.00013801269207826608,0.0041062518102939205,0.008474158919668979,0.0006430613071238948,6.526413638408243e-05,0.00012184634636844749,1.526821539260644e-05,0.003670059852901223,0.0021936832997906607,0.01448564450954226,0.005979302586839846,0.013990325639599763,5.3887819032728616e-05,0.04794653729598408,0.00024563864175752127,0.15478722170122347,0.0004037095775868586,0.025787117667795068,0.002218681260286399,0.0044798740222541725,0.0004893313344944163,0.0005390278787134882,0.00010044090714155806,0.0005715102585193274,0.0002712353557980674,9.669869748650746e-05,0.001194064256733545,0.000262703117784552,0.0019279864142820683,0.01093189253272001,0.000975369524492388,0.00034682799083008944,0.00020462402393816673,0.004363865522947604,0.0004659799462469005,0.00042736034260677834,0.00027931852865297667,0.0005935144512910249,0.0005304956406999729,0.000475110937805224,0.00023710640374400592,0.0008722342263991935,0.0002601584152191176,0.003458400474811561,0.0003032686704453005,0.04101836002900961,0.003575456792821544,0.0005159758672383765,0.00018486515695949956,0.00027497756545311796,0.0012118771746915857,0.00030985495943818957,0.0029967614917645194,0.00024848272109535976,0.0013819231814170849,0.014611682130724364,0.0017823396145074991,0.00038170538481516105,0.000894837172715699,5.7330651915375166e-05,0.00030102334465227014,0.00012768419343032642,0.0004384372831857281,0.0007611654438372917,0.003961952205995169,7.708951889404232e-05,0.0010560515646552788,0.00788483574319161,0.0006218055562832074,0.0034172361686060043,0.0002802166589701888,2.559671404054609e-05,0.00432883844057633,0.0004659799462469005,0.0003403913902234024,4.999592099147599e-05,1.3022889599576082e-05,0.00010957189869988152,2.2902323088909663e-05,0.0003730234584154437,3.068611917141491e-05,8.577144529375971e-05,7.319762085278971e-05,0.00011047002901709366,8.696895238337591e-05,0.00011990039734782118,5.6282833211961e-05,0.001151253378279766,0.0017646763849356601,0.00021989223933077315,0.0002577634010398852,0.0006638679928059762,3.0835807557616934e-05,0.000149987762974428,0.002377650326432948,0.0006066870292768031,0.0022116459061349036,0.0011626296956311199,0.00013711456176105394,0.0007740386450506658,8.966334333501234e-05,0.00040236238211104037,9.490243685208317e-05,0.0005014560937767802,1.8112294730444896e-05,0.0002772228912461483,0.0003727240816430396,0.001800601597624146,0.001363661198300438,2.6045779199152164e-05,3.068611917141491e-05,4.969654421907195e-05,0.00028740170150788597,0.0011057481088743509,0.017553807361525144,6.990447635634518e-05,0.004983725130210185,0.008103979540591374,2.43992069509299e-05,0.013420312264942455,0.002657717297016935,0.0002468361488471375,0.00016016657323616562,0.009835425103790185,0.0014406010288082784,0.0011382304886801901,9.340555299006294e-05,3.4877393985071576e-05,0.024217335561694444,0.0001838173382560854,0.00036748498812596875,0.017643321016473954,0.00034128952054061456,0.0010337479951111773,0.0016826471492969511,5.7929405460183264e-05,0.00016181314548438787,0.00012034946250642725,0.0005480091818856097,0.016631277837362072,0.0005673189837056708,0.0007559263503202208,0.00012019977412022522,6.750946217711279e-05,0.000131426403085377,0.0002113600013172578,0.00020417495877956066,9.520181362448723e-05,0.001007702215912025,0.00010987127547228557,0.00042571377035855606,6.152192672903183e-05,0.00022423320253063187,0.00833300277148047,0.006660085367286651,0.007031462253453872,0.0045723814449270235,0.011149838823030157,7.978390984567876e-05,0.0001826198311664692,3.397926366785943e-05,0.00022977167282010674,0.0006614729786267437
SRR8556980,fbm,0.0008819532985657444,0.0025075066385205477,0.016550362241954126,0.02520328672777204,0.003900782397412521,0.0031807608688662497,0.002278736604822761,0.0005458133427491494,0.0007412616764790305,0.0011095541498085172,3.332169996790594e-05,0.00015959340510944426,0.00026053282372567394,0.00027086060207829975,5.066457305061722e-05,1.5978826885194663e-05,3.760870230295817e-05,9.821132622119646e-05,0.00011263124316637213,0.00015744990394191813,0.0002279905787277775,1.1107233322635313e-05,0.004597420276858508,0.007678800637048547,0.013177855450465539,0.015678541857998503,0.026607279992501644,0.000137573802206676,0.039043484039003144,9.061164026360387e-05,0.21812073017003225,0.00010444696598127243,0.0007141756162712005,1.539423565768754e-05,0.010811625025259213,0.0008381089565027102,0.00035387255638431105,5.066457305061722e-06,0.0005958933245722595,0.00026813250968326654,0.00016758281855204157,0.004221917845056433,0.00022078062025518967,0.00413461888841537,0.018021388634104546,0.001211662750879761,0.001241282039740122,3.332169996790594e-05,0.005771279461692809,0.0015174039628659858,0.00421178493044631,0.00226061427677004,0.0004534479288030241,0.001197047970192083,0.0008788354786857064,0.0010807143159181657,0.002055227892172538,0.000584201500022117,0.019954631823470598,0.0007814036074345194,0.05955659534848555,0.006710522700554251,0.00036322601602442503,0.0004937847235010155,0.0004187621826376016,0.002063022441872633,0.0006859203736083562,0.004825605719328788,0.00015316290160686592,0.0009287205967663142,4.618270697306262e-05,3.3126836225403568e-06,0.0002443591330979769,0.0009671087540392818,9.899078119120596e-05,0.0002936596599510775,0.00024396940561297216,0.00038154320781964813,0.0009199517283537073,0.00016173690627697035,0.00223762035515476,0.0016335427533974007,0.005285873879119395,0.0003207457201589075,0.0076195620593278255,0.0004333769633252796,7.658145080343296e-05,0.005376095791897994,0.00016719309106703683,0.0006457784426528672,0.001595154596124433,0.0007352209004614568,7.69711782884377e-05,5.300293796064571e-05,0.0005460082064916517,8.554518295854215e-05,0.013488273392271821,0.000159983132594449,0.000249620454145541,0.00019252537759234544,9.04167765211015e-05,0.00012295902151899794,0.0016072361481595803,0.002508091229748055,0.00018161300801221251,0.007808190162070123,0.003398228805498899,0.00015550126651689438,0.0007299595794138927,0.005082630995689419,0.0027333537160807993,0.0011124771059460527,0.0005374342018215473,0.0015538434827139297,0.0006829974174708206,0.0014490067892476526,0.0038826600693598005,7.034581104335699e-05,0.0003963528522498286,0.00019739697115490478,0.0008591542406929666,0.005012480048388565,0.00406485766859952,0.0024714568461576087,0.00024260535941545553,0.00012977925250658103,0.00010191373732874156,2.4163104070294366e-05,3.332169996790594e-05,0.002837605818319569,0.0002835267453409541,0.0042421836742766806,0.017811325519686987,0.00018765378402978608,8.398627301852316e-05,0.0005401622942165805,0.00012159497532148134,0.00021805252786015643,0.00025683041261812884,0.00016115231504946323,4.774161691308161e-05,3.2931972482901194e-05,9.782159873619171e-05,0.05599623990922467,0.00010736992211880804,0.0001950586062448763,0.15132962351740356,0.002479056532115201,0.002089718774595458,0.013921260628112097,0.0001570601764569134,0.00017128522965958667,0.00016563418112701785,0.00223762035515476,0.02213106496347961,0.001176197549744329,0.001338713910991309,9.450891511365136e-05,0.00016797254603704632,0.00025293313776808134,0.0014051624471846185,0.002906782446907912,0.00046475002586816183,0.000299115844741144,0.00018999214893981458,0.00042636186859519414,5.105430053562197e-05,0.0003682924733294867,0.005638772116791194,0.004209056838051277,0.00166140826857524,0.0037090364747901852,0.0006637059069630856,8.457086424603029e-05,0.0007927057044996572,0.00032405840378144785,0.0002377337658528962,0.0007190472098337597
SRR8557020,fbm,1.37928299697506e-05,0.0003581825532769609,0.004288277042782772,0.006068414160753709,0.001041143149747893,0.0012435098269603275,0.0017484567116341659,0.004964125711300552,0.0003385708731637218,0.09772909675066788,0.0010495481555107098,0.0073198979675402984,0.021084711251414843,0.005833936051267949,0.0017848784032730386,0.00043598273482508534,0.006551809748599812,0.046266539542750444,0.0005799453976343573,8.405005762816772e-05,0.00011443738615527451,0.0031878678267586074,0.0036022992647559574,0.012321091909384555,0.004488488590312433,0.002435727567470645,0.01550680460646039,0.00011594597693321598,0.03719581422092493,0.00040667297113936533,0.11416303814665743,0.0001249975216008648,0.010557764802939252,0.0009297229451485014,0.0077020024602960455,0.052269222248179564,0.0019943570084386257,0.0024169779392305153,0.00014137650718994366,9.116198558132038e-05,8.663621324749596e-05,0.0011092452477235366,0.0002256420777863887,0.002875589535724723,0.005037184607546575,0.0005342566483595584,0.00020753898845109106,0.0002450382449313505,0.005397953316442864,0.0003146489336849356,0.0002073234754828137,0.0015150561669897925,0.0001963323141006687,0.0003168040633677091,0.0006308064581478126,0.0007062359970448862,0.0004952488011013574,0.0009553689883735064,0.0026747314492902297,0.00027434800861707054,0.02213339735505244,0.002374737397448154,0.0001140063602187198,0.00011228225647250097,0.00013275598845884952,0.0005954623313503267,0.00021184924781663813,0.0014370404724733906,2.3275400573954137e-05,0.0008254146685022625,0.005088045668060029,0.0006672281497866853,2.7154634002946494e-05,0.0009665756627239288,0.0002206852795160096,0.0001663760115101166,0.00019503923629100457,0.00047046480974946185,0.0010105403082525087,0.000130600858776076,6.422286454665122e-05,0.0005189552276118663,0.005068002962010236,0.0029596395933528903,0.0054154098668733296,0.0057182055873030106,0.00036680307200805503,0.012293075223508499,0.00016616049854183926,0.013580980721933962,5.991260518110417e-05,6.249876080043241e-06,0.00022219387029395106,8.879134293026949e-05,0.00041119874347318974,0.00028706327374543436,0.004130306037035472,0.00012219585301325922,0.00020559937173659487,5.129208645001004e-05,0.00012585957347397423,6.8964149848753e-05,0.0005943847665089399,0.0015094528298145813,0.0002243489999767246,0.008682586465958002,0.0009937302967268752,5.323170316450622e-05,0.00019094448989373487,0.0023540481524935283,0.0034087686192428943,0.0007788638673543542,0.0007366233255719929,0.0008907150978903004,0.001049763668478987,0.0007038653543938353,0.0021230182505002056,7.801569451640183e-05,0.00023857285588302991,0.00024396068008996374,0.001147391043108628,0.004254657019731506,0.003434199149499622,0.0033523042215542276,6.228324783215505e-05,6.767107203908888e-05,4.4611184433412096e-05,6.163670892732299e-05,0.00039094052445511854,0.001773456215954339,9.956699134413714e-05,0.0016422088182734308,0.01027458076262281,8.555864840610918e-05,0.01054246338219156,0.0034874308526641282,0.0005204638183898078,0.0003204677838284241,0.005699886984999436,0.0007857602823392295,0.0009920061929806563,0.00012801470315674775,4.202502881408386e-05,0.037630072852003794,0.00014805740920654159,0.00010366173774140685,0.1019988396781788,0.001593502887442749,0.001273681642519157,0.0091403360105791,0.00012176482707670451,0.0001719793486853278,0.00019245308067167632,0.001591132244791698,0.014004248191630684,0.000751924746319685,0.0008808015013495422,6.012811814938152e-05,0.00010452378961451626,0.00012305790488636862,0.008537330725339066,0.006372502958993055,0.0001752120432094881,0.0009812305445667888,0.0002247800259132793,0.0003402949769099406,5.7541962530053284e-05,0.0023096524810283935,0.005856349399968794,0.0014706604955246577,0.003791950676840028,0.002147155702947269,0.0002476244005506787,6.4653890483205935e-06,0.013290469240696089,0.0001517211296672566,0.0003327520230202332,0.00035710498843557413
SRR8556881,fbm,0.001983349295747961,0.0030516964113980233,0.00453755595933451,0.006920571509524461,0.001137969241561677,0.0010654829142676225,0.0010123850271008532,0.0031131665795288478,0.00019762989538834935,0.06102225109924744,0.0010934639585422272,0.002353932889999024,0.0023442386699353813,0.006302344657283984,0.0019302514085811915,0.00035934711190456834,0.006131594190253916,0.0044934913226815885,0.00014915879507013658,9.892510928580697e-05,0.0002053412068026105,0.00035956743508783293,0.006193505004751269,0.004875091076095882,0.007291375426958789,0.031878341063372215,0.016491190267355575,0.0006548005006624016,0.05342881258803288,0.0040638611153156114,0.13863373628240322,0.0004402057201626778,0.00042169857276845113,4.120043527048086e-05,0.00029258918737539347,0.0005895848384160791,0.000450120263409585,0.0004957271623453579,0.0004888971436641552,0.0005609428245916806,0.0001196354885126797,0.0018808990155299201,0.0005979571193801339,0.0009260183392611285,0.019339969026966896,0.001520890934075558,0.0005743825387708214,0.0001066364207000681,0.016900771065044472,0.0011743225668003367,0.0022296706146377877,8.834959648910601e-05,0.0005402324453648078,0.000864107524763775,0.000540673091731337,9.011218195522284e-05,0.0007490988230996519,0.000503438473759619,0.0080519310555882,0.0004972694246282101,0.054267362623537964,0.0039962218980533785,0.0001258045376440886,0.00017339434522924298,0.00028113238184563407,0.0024559425238505355,0.000424562774150891,0.004699934145400523,0.00017053014384680313,0.0011137336914025708,0.006043905563314604,0.0010683471156500625,4.3623990286391496e-05,0.0014937911825340117,0.0002456603493400329,0.00023376289744374433,0.0002760649486305482,0.000562925733241062,0.001521551903625352,0.0008372280964054934,0.0013527843452446656,0.0010637203288015058,0.010672014350970866,0.02292198334048282,0.007746342800400195,0.003083863596154655,6.89611563618209e-05,0.00984183659642984,0.00029258918737539347,0.00582644658143244,0.00105865289558642,0.00042346115823456795,8.460410237360775e-05,0.006745634902012366,0.0005217252979705812,0.003984985415706884,0.0001700894974802739,0.0002315596656110983,0.0002765055949970774,0.00015532784420154547,0.0005840767588344639,9.011218195522284e-05,0.0006307852736865599,0.0030353924958364427,0.0020313797496996446,0.004630752665855437,0.004761404313531346,0.00023398322062700893,0.0014975366766495101,0.008478917384755001,0.004636040422253788,0.0014356258621521566,0.0007828082701391363,0.0010958875135581379,0.0007449126826176245,0.0010593138651362136,0.002854066516009674,0.0001634798019823358,0.00037873555203185344,0.00024125388567474085,0.0005430966467472476,0.0019117442611869648,0.00631269984689742,0.00817487139184985,0.0003018427610725068,0.0001070770670665973,8.416345600707855e-05,0.0001132461161980062,0.0014636069064267612,0.00394268336452008,0.00019873151130467238,0.0011522902484738765,0.010967247416545433,0.00013770198954037718,0.0036117579432566453,0.0005475031104125398,0.0009425425780059738,6.477501587979343e-05,0.0034211783897327634,0.0006457672501485529,0.0003390773790442248,5.353853353329865e-05,3.172653839010291e-05,0.0359386770077556,0.09163505579794778,0.009709642686471077,0.0041815136951789105,0.00021569639641604686,0.0005946522716311649,0.0006838831608533293,0.00020952734728463794,0.0023574580609312576,0.00018617308985858998,0.0021618110741922895,0.0240275650741046,0.0008134331926129162,0.0014325413375864521,0.00027364139361463755,8.548539510666616e-05,0.0014072041715110226,0.0023929300934368587,0.0022420087129006055,0.00033577253129525575,0.0006631727816264566,0.000263947173550995,0.0003719055333506507,6.411404632999963e-05,0.0019399456286448339,0.00028135270502889866,0.0003560422641555993,0.0002804714122958403,0.001031332820861609,0.00042896923781618305,0.0005415543844643954,0.009278690540005512,0.0002320003119776275,0.0003155027984349122,0.0009238151074284826
SRR8556963,fbm,0.00033287231989913676,0.0005353123689233413,0.0036012071776698644,0.007503865099319182,0.0010221831416371721,0.0018317796836927421,0.001511999687093473,0.004625354167802017,0.000282466875194646,1.0964820763639215e-05,4.64777477145304e-05,0.0002109500591691186,0.00018214694790940963,7.200777814927245e-05,3.567658099213953e-05,3.436734866215276e-05,3.6658505239629614e-05,2.4711760228500317e-05,5.842449272565969e-05,0.00015841711192839938,0.0003183071102280339,2.9457727424702365e-06,0.003769607186114413,0.00024384452146003626,0.015247974331190938,0.00265545047329567,0.03840158443296575,0.00016987289481578365,0.0636093800604898,0.0001238861092249983,0.27159582819664213,0.00028328514540088776,0.0008665481484099947,5.6460644230679536e-05,0.0009580307574678203,0.0021708708571593163,0.00045397631042291316,7.822663171670962e-05,9.08279928928323e-05,0.001351782380711342,0.00015907172809339278,0.0014314818987992866,0.0007058398799041184,0.0005128917652723179,0.008030831112138858,0.000945102088209201,0.000680637157551873,1.898386878480819e-05,0.004638282837060636,0.007642807380339029,0.0012609543878185096,0.0029158240529217894,0.0004479211108967243,0.0010748797429191398,0.000946084012456691,0.0011845279505555317,0.0015638780181691989,0.0014218263103656342,0.0032338038550673263,0.0001292866925861937,0.055698507360585986,0.006588548046617181,0.0003317267416103983,0.0002971957389069972,0.00033319962798163344,0.0015167456542896753,0.0006091203415263456,0.019586279310643356,0.0008835681686998226,0.0007045306475741316,6.218853567437166e-06,1.1455782887384254e-06,2.1275025362285042e-05,0.0016964377915803597,0.00020800428642664837,0.00016479961953708492,0.0002679016655235432,0.0006865287030368135,0.0016898916299304258,0.000530893709809636,0.001061787419619272,0.0014899063915249464,0.0028407068479887982,4.304101284831513e-05,0.00640460090425404,0.0028480712798449738,2.3893490022258586e-05,0.0012632455443959865,0.008064543844636018,0.0004053710601721542,0.0006024105258351634,0.0002693745518947783,5.891545484940473e-05,0.0007606639837223144,0.00043466513355560824,0.00047459671962020477,0.006112151132543244,0.00021258659958160207,0.00019802138991049925,3.322177037341434e-05,4.7132363879523784e-05,6.955296753054726e-05,0.000567715869090514,0.0010118729370385262,7.724470746921954e-05,0.0012742103651596256,0.001501525828453579,3.94406239408515e-05,0.000780793430795861,0.002661178364739362,0.0014219899644068825,0.00025415472605868207,0.0019677761919701183,0.000800595569786911,0.0008928964490509784,0.0006253220916099319,0.0019101699694507,5.59696821069345e-05,4.5823131549537016e-05,5.7115260395672924e-05,0.0006361232583323228,0.0006312136370948723,0.005535270637142823,0.0017731915369258342,0.00011030282380138552,0.00014483382650478662,0.00011668533141007104,9.81924247490079e-07,0.0005978282126802097,0.0013794399136823124,7.593547513923277e-05,0.00203487434888194,0.004372017711949576,0.00016659981399081672,0.0001608719225471246,0.0024147153786193525,0.00011390321270884915,2.454810618725197e-05,0.0021648156576331273,8.902779843910048e-05,1.1946745011129293e-05,1.5056171794847876e-05,3.714946736337465e-05,0.06688573396628171,0.00029670477678325215,0.00028754015047334475,0.15932964686240017,0.002645140268697024,0.003909858699464246,0.01526368511915078,0.0001320688112874156,0.0007829209333320896,0.00025628222859491056,0.003302047590267887,0.03175248439108668,0.0014388463306554623,0.001729659561953774,0.0001697092407745353,0.00013501458402988585,0.00012634091984372347,0.010633094022028815,0.016081628017310015,0.0004788517246926618,0.0022191487993275783,0.0003083242137118848,0.004038163467802949,0.00018934772572433688,0.003297956239236678,0.002492451048212317,0.0026106092659936232,0.0015786068818815502,0.001985778136507436,0.0003665850523962961,6.709815691182206e-06,0.0004390837926693136,0.00012486803347248836,0.00020833159450914506,0.00028115764286465927
SRR8557019,fbm,0.0010128168331844142,0.0023729208444450136,0.010827115008583802,0.014842466850783005,0.0025356336320148808,0.002057176836319993,0.005730550746870434,0.01593867008373931,0.001181463484408461,0.05548818364745854,0.00020487445037587902,0.002882920810091066,0.0022939067652604137,0.0008301162943583635,5.621555040801559e-05,0.0011705326829402358,0.03326523964532985,0.009374567647763355,0.0006361726454507098,0.00025484382851633734,0.00018644824218658502,0.003472559472148474,0.007966055801429187,0.0496448894911587,0.006734935247493645,0.009319601331808852,0.009135026941302533,9.369258401335931e-07,0.02388473813391231,0.00010181260796118379,0.17329442800833614,0.0001324188520722145,0.00034478870916916226,0.0,0.00014428657938057334,8.463563422540125e-05,0.000161151244502978,1.4366196215381761e-05,0.00043941821902265517,7.495406721068745e-06,8.432332561202338e-06,0.0023157683681968642,4.278628003276742e-05,0.0025915368738095184,0.000437544367342388,0.0,2.5921614910362742e-05,7.80771533444661e-06,0.002754249661379386,0.0,2.436007184347342e-05,0.00018551131634645144,0.0001761420579451155,0.0013316839274432138,2.4047763230095557e-05,1.8426208189294e-05,0.0020412490970377214,0.00019862827810832175,0.0011864604222225068,0.0001392896415665275,0.07824673692153028,0.009257139609133278,0.0006339864851570647,0.000511249200099564,0.0004372320587290101,0.002226760413384173,0.0008035700622212451,0.0003644641518119677,9.369258401335931e-07,0.0011161909842124873,0.00013273116068559235,4.590936616654606e-05,3.778934221872159e-05,0.0012304959367087857,0.00014241272770030615,0.0001614635531163559,0.0003760195705069487,0.0004578444272119492,0.0015159460093361536,0.0006976974422861491,0.00267617250803492,0.0023332576505460246,0.013973311979752408,0.00011149417497589758,0.016487708626057595,0.015309055919169534,0.011409882881146896,0.01264662499012324,0.00046877522868017446,0.014027341369866778,0.0018026453164170333,0.0007582853132814547,0.0001552173808487986,0.0001280465314849244,0.001490024394425791,0.0005777709347490491,0.010565400390573151,0.0004006919509638,0.0003597795226112998,0.00035009795559658597,0.00013960195017990537,0.00023204529973975323,0.000932553519546303,0.009149080828904537,0.0013551070734465535,0.005966031441357343,0.0014113226238545691,5.7152476248149184e-05,0.0012948315110646257,0.004001297954597198,0.0010890201348486132,0.001683655734720067,0.0014066379946539012,0.006258352303479024,0.0023435638347874942,0.00641544353600809,0.015071076755775601,9.587874430700437e-05,0.002164610999321978,0.00016083893588960015,0.0004119350610454031,0.0010818370367409221,0.01051886640717985,0.005190569154340106,0.00031324553921799797,0.00010118799073442806,0.0001552173808487986,1.8738516802671862e-06,0.00015053275164813063,0.0024041517057828,0.00335325758183813,0.0008254316651576956,0.04480348136657505,0.0011802142499549495,9.806490460064942e-05,0.00024422533566148996,0.00018957132832036369,0.0003875749892019297,0.00010056337350767233,0.0002017513642421004,6.371095712908433e-05,5.4341698727748404e-05,3.9663193898988773e-05,0.00019706673504143242,6.246172267557288e-07,0.0004409797620895445,0.0011311817976546248,4.99693781404583e-06,9.369258401335931e-07,0.00018988363693374155,9.681567014713796e-06,0.0003847642116815289,0.00013273116068559235,1.6240047895648948e-05,0.0011155663669857316,4.309858864614528e-05,3.5290873311698676e-05,0.0,0.0,9.338027539998144e-05,0.0014719104948498747,0.0013419901116846831,0.0020543660587995917,0.001024684560492773,0.00024391302704811208,0.0018466808309033121,0.00017052050290431394,0.0010468584720426013,0.0017914022063354302,0.00019269441445414232,0.0020706061066952408,0.0016439925408210782,0.002346374612307895,5.87140193150385e-05,0.002671175570220874,0.0013138823364806755,0.001061536976871361,0.001199889692597755
SRR8556913,fbm,0.00010430312914985113,4.963261601763936e-05,9.254803588251549e-05,0.001960861510260797,6.28804195411446e-05,0.0006679878396358981,0.00809702019581,0.022527983186111676,0.00149662862059205,0.048957537804286654,0.0012607804001172525,0.0050436813668150735,0.008152623652852317,0.0025405928560006674,0.0005556613928591354,0.0005733873271511495,0.007576810671534893,0.0715196667375082,0.0005325243838885065,6.49328961433778e-05,0.0002839881262362673,0.0008756611540254944,0.0031401026126347846,0.0039084752169980886,0.008939841724199763,0.004716218054367866,0.017238937570938723,6.997079325795022e-05,0.04594394238586224,6.567925127146261e-05,0.1337496377845269,0.0002526412108567056,0.006699097040907165,0.0005590199909355169,0.0002268919589377799,0.015252140219976978,0.0006155563918879408,0.000949736900487911,0.0005381220473491425,0.00033212803199773704,0.00011102032530261434,0.0008028915290372262,0.00032037293873040144,0.0014234858180397394,0.002892872476456694,0.00020916602464576587,0.0001597199974101477,0.0008271480706999822,0.00623523732880246,0.000542227000553609,0.0004136673297410017,0.00018826808105939138,0.0006590315780988805,0.0006487691950877144,0.0004705769082574679,0.00011064714773857195,0.0009112996113915437,0.0004683378428732135,0.013416106604888366,0.0005105069076100048,0.04230378183741064,0.004254224230083373,0.00041833204929153173,0.0002212942954771439,0.0003188802284742318,0.0011622615232100585,0.00026439630412404124,0.0026355665460494585,0.00011512527850708077,0.0007329207357792759,0.0029272048123485947,0.000389783965642288,5.4483924350190574e-05,0.0028934322428027575,0.00027241962175095284,0.00016382495061461412,0.00027223303296893166,0.0009245474149150489,0.0027195314979589985,3.6944578840197715e-05,0.00029854205123392097,0.001388780304583796,0.0067573127408977795,6.082794293891139e-05,0.0045803814210564325,0.0057613018224686105,0.00010150429741953312,0.004173804465032236,0.00012352177369803478,0.03029940595729468,0.00021103191246597786,8.340518556347666e-05,0.00020450130509523586,0.0001263206054283528,0.00029592980828562415,5.541686826029657e-05,0.00018714854836726419,9.161509197240949e-05,0.00016923602529322893,6.0268176592847793e-05,5.690957851646618e-05,0.0001229620073519712,0.0005084544310077717,0.0018925700160410375,0.0001337841567092008,0.001785094877596826,0.0009611188161912042,2.892126121328609e-05,0.0003588102278267687,0.001972616603528133,0.0008381568088392331,0.00032485106949891023,0.00024499107079383636,0.0015018531064886435,0.0011417367571877263,0.0011822265228863269,0.003396102421567872,8.620401729379467e-05,0.00012744013812048,0.0003073117239889174,6.43731297973142e-05,0.000776769099554258,0.0027213973857792106,0.006444403353448226,3.8997055442430926e-05,6.903784934784422e-05,5.933523268274179e-05,7.127691473209862e-05,0.0005819704111241247,0.00023006396823214032,8.060635383315865e-05,0.0007661335389790497,0.0057599957009944625,0.00013098532497888283,0.009293240877347916,0.0035936999417283235,0.00027036714514871963,7.668798941071344e-05,0.0033502015811906565,0.0005914864390072059,0.0008868564809467665,0.00011475210094303837,0.0013585529218963614,0.04145107110357375,0.0025986219672092608,0.0003955682178849452,0.005919155932058546,0.00029742251854179375,0.0011881973639110053,0.0009015969947264413,0.0024514034181945333,0.0009915327876606598,0.00017707275413811937,0.0005045360665853264,0.028227150944167227,0.0009030897049826108,0.00138784736067369,0.0003416440598808183,0.00010094453107346952,0.0001612127076663173,0.014672968640583171,0.008076495429787667,0.00011363256825091116,0.0004121746194848321,0.00019666457625034541,0.0005224485896593616,0.00017166167945950454,0.0042753087624517695,4.720696185136375e-05,1.3620981087547643e-05,0.0007808740527587245,0.0011936084385896202,0.0003817606480153764,5.000579358168176e-05,0.004238923949957635,0.0002770843413014829,0.00045751569351598387,0.000511626440302132
SRR8557009,fbm,3.9147954461238875e-05,0.009557527337675526,0.0006414838082509935,0.0019663126037808396,0.00020523605828936617,0.0010248236791635206,0.0007804396664129156,0.0025845402014608,0.00015969264592109324,0.046437226061219646,7.48074773368228e-05,0.028971230517109595,0.0009411013211078019,0.004255305129234762,0.0014170784307949438,0.00034457951996080555,0.0006017544485254787,0.0024690343556246696,0.0018184418649000215,8.682318613185652e-05,9.380004930316641e-05,1.0659096511723456e-05,0.0030252453917818754,0.0007197797171734711,0.007321055087761186,0.016243106471583238,0.026321379124295143,0.0001240331230455093,0.05935295020535234,0.0001098855949481309,0.2134282522647673,0.0001775224073588852,0.0006345069450796835,2.693844391144655e-05,0.0007180355013806437,0.0009750166281905583,0.0010232732651254516,0.0002903150286283952,0.0008317971314239468,0.0006469102573842345,0.0003674481270223213,0.0020486783495532483,0.0004645428061563841,0.0007162912855878162,0.024733173744048348,0.001920575389657808,0.0013608759219149475,0.0002986485040830154,0.004329918804816826,0.0035229282980019814,0.003069432191866838,0.0018182480631452628,0.0006294680994559597,0.0008974959262871149,0.0006306309099845113,0.0006147391660943055,0.0011343216706021344,0.00031919149008742786,0.01566460823362879,0.0008616426016567724,0.043650744431300376,0.0077908305412960534,0.0002930282531950157,0.0003302381901086685,0.0003036873497067392,0.001271533312971229,0.0005705523660093428,0.008304211389651607,0.000397293597255147,0.0008597045841091863,0.008202853071912854,0.0011161043056548252,4.418680008496269e-05,0.0005591180624785849,0.00024012037414591566,0.00016763851786619617,0.00024457781450536365,0.00033605224275142675,0.0005845060923519626,7.71330983939261e-05,0.00010717237038151038,0.0010482736914893122,0.004649110294904254,2.6744642156687942e-05,0.005811727021701145,0.00023081788991750248,4.92256457086865e-05,0.0012585485954024023,0.00021415093900826215,0.0005017527430700369,7.093144224165064e-05,2.1124391268688303e-05,5.969094046565135e-05,3.3140100063722016e-05,0.0002693844391144655,0.0001806232354350229,0.0001850806757944709,0.00015794843012826575,0.00021434474076302077,0.00030252453917818754,0.00014612652308799065,5.6202508879996405e-05,0.0005604746747618952,0.003922159912804714,0.00015387859327833497,0.003798708195023481,0.002875436635353471,0.0001430256950118529,0.0005684205467069981,0.004044448820057396,0.002110501109321244,0.0013335498744939836,0.0005759788151425839,0.0029806709881873956,0.0026417117191145896,0.0024200025116707415,0.007125509117209751,0.00011976948444081992,0.0003581456427939081,5.4845896596686144e-05,0.0007629975084846409,0.0022072081849457896,0.0026196183190721084,0.0013360692973058456,4.903184395392789e-05,5.7752922918065267e-05,6.182275976799604e-05,9.670707562454553e-05,0.0004854733956703138,0.0016655322803954796,0.00021182531795115885,0.0016616562453003075,0.014453928671651765,0.0002833381654570853,0.012763395964892425,0.003984564077836986,0.00013159139148109504,0.00013197899499061224,0.005620832293263916,0.0008238512594788438,0.0009719158001144205,0.00017015794067805806,2.0542986004412477e-05,0.06389178730179894,0.00013178519323585363,0.00039244855338618176,0.10647759109070078,0.0016889822927212712,0.0008748211209803578,0.010099978449244871,0.009712181137972896,0.00023275590746508855,0.000191476133701505,0.0022568214341639934,0.019782895522249218,0.0009868385352308335,0.0010356765774300026,8.042772822482244e-05,7.907111594151218e-05,0.00012635874410261261,0.008117967903328584,0.012155052256705153,0.00028895841634508495,0.006005528776459754,0.0005075667957127951,0.0006866396171097491,5.697771589903084e-05,0.001926001838791049,0.0019833671581995973,0.0009982728387615913,0.001356612283310258,0.002359148760676539,0.00045446511490893646,0.00011298642302426863,0.0014740561466939745,0.0005354742483980346,0.0006750115118242326,0.0004728762816110042
SRR8557026,fbm,0.002239726917067932,1.8747287143206126e-05,0.0004793949140905567,0.0018904152198894178,0.00020564626203006722,0.0005650967981737846,0.0011627144005755799,0.00036805898432172026,0.0003602157315373177,0.030038510371171417,9.94754011680325e-06,0.008969429104933731,0.007840192002828162,9.64146195936315e-05,1.5686505568805125e-05,5.337237870361744e-05,0.0006111998206381997,0.001196000400197191,0.0006488856937730121,5.853744761041913e-05,6.925018312082263e-05,4.0172758164013125e-05,0.0009895889427735233,0.00028924385878089455,0.008145696263723062,0.0014756793165580822,0.013406605893573181,3.82597696800125e-06,0.03005496207213382,3.615548234761182e-05,0.39154933511215756,0.0004147359033313355,0.0013781169038740505,1.4156114781604626e-05,0.03438386371257884,0.00045184787992094764,3.137301113761025e-05,3.462509156041131e-05,0.004053813896445725,0.0008895396450602907,0.0003123910194373021,0.050681569102022164,0.00011057073437523614,0.012069044345559945,0.0046435882460631175,0.0003382163639713105,0.000189768457612862,9.067565414162964e-05,0.004667118004416325,0.0019621522880394413,0.00038087600716452444,6.255472342682044e-05,8.608448178002813e-05,0.0008449670133830762,3.806847083161244e-05,4.5146528222414754e-05,0.0011454975042195744,0.0005228197526773708,0.10625771053920832,0.002040584815883467,0.04439912362171571,0.005703192567351064,0.00027623553708969027,0.000247923307526481,0.0002708791693344885,0.0012549204455044101,0.00048417738530055825,0.007766924543890938,0.00030435646780449944,0.0004480219029529464,7.135447045322332e-05,3.6346781196011876e-06,8.417149329602751e-06,0.0002869482726000938,5.796355106521894e-05,2.506014914040819e-05,6.465901075922113e-05,0.00013754387199964494,0.0003684415820185204,2.8694827260009377e-06,0.006263315595466447,0.0012170432735211978,0.001312310100024429,1.511260902360494e-05,0.006520421247716131,0.0029232377024013554,0.00010655345855883482,0.0007047449575058304,6.27460222752205e-05,0.001089255642789956,0.0041148382290853444,0.001876067806259413,5.318107985521738e-05,4.457263167721456e-05,9.105825183842976e-05,5.872874645881919e-05,0.0030514079308293974,6.312861997202063e-05,4.705951670641538e-05,7.862382669242569e-05,1.587780441720519e-05,1.3008321691204251e-05,0.00038718886916172654,0.0006045043609441976,0.00016642999810805438,0.0005706444647773865,0.0003986668000657303,1.1286632055603688e-05,0.0001511260902360494,0.000599913188582596,0.0003638504096569189,0.00028560918066129336,0.00016910818198565526,0.0006680155786130183,0.0011782096072959851,0.0004617954200377509,0.0013345007664388362,1.2625723994404127e-05,1.1860528600803876e-05,0.00019722911270046446,0.0008652446913134827,0.0009436772191575084,0.002012272586320258,0.003173265297260237,0.000685423773817424,2.90774249568095e-05,2.046897677880669e-05,2.8694827260009377e-06,0.00013773517084804502,0.00022018497450847197,3.500768925721144e-05,0.0004807340060293571,0.0006693546705518188,6.829368887882232e-05,0.03555078668781922,0.0005587839361765826,0.0002525144798880825,0.0017773576004849808,0.03255542931957104,0.005011455931536438,0.0025515440399600338,0.00015992583726245226,3.921626392201282e-05,8.665837832522832e-05,0.0001627953199884532,0.00013850036624164525,0.0004977596035369627,3.883366622521269e-05,0.0021029482404618873,2.4486252595208e-05,0.00012281386067284014,0.0025823431545524437,1.9512482536806375e-05,6.963278081762276e-05,0.0014911745232784872,7.80499301472255e-05,3.194690768281044e-05,0.0,1.912988484000625e-07,0.00012090087218883951,0.005353115674778949,0.005897169599628728,0.00025404487067528305,0.0046416752575791165,0.00036423300735371903,0.0017004554634281557,0.00012434425146004064,0.001655308935205741,0.0005549579592085814,0.00019627261845846415,0.00042984851235494046,0.00032731232961250695,0.00013276140078964337,0.00016719519350165464,0.00040038848970133087,8.149330941842663e-05,0.00030454776665289954,0.00016375181423045353
SRR8556952,fbm,0.0006367961634898222,0.00020214170631498656,8.961947570615168e-06,0.0005013711779783041,1.9417553069666197e-05,7.269135251721191e-05,0.01196892992354463,0.03351394976927964,0.0019103884904694668,0.136302011658498,0.000323376941506364,0.1145249769478793,0.007824776001099333,0.0032890347584157665,0.0008015964215939122,0.0005185482441553165,0.004364468466889587,0.033952836257251706,0.008975141548983018,9.036630467036962e-05,4.356502291271262e-05,0.0002320148648837038,0.002457067292276992,0.00122703998821006,0.007450863633014222,0.013264429233474666,0.009533271728241885,2.5392184783409643e-05,0.04426554848114904,8.215118606397237e-05,0.10031954321949005,8.937053271807903e-05,0.005774979437309185,0.0004677638745884972,0.00018421781117375623,0.0003313431171246886,0.0005235271039167694,0.00012845458184548408,0.00536770870882234,0.00022081243042043483,0.00012148417817945005,0.0035043704430986035,0.0002815545195101599,0.0006021930881477248,0.0045140832027212455,0.000549666117664397,0.00024072786946624633,2.937527259257194e-05,0.004330114334535562,0.000434405514186763,0.0005795392762331142,0.00010256451108592914,0.0004573082690894462,0.00046054452793439055,0.000380633828763072,4.9539654626456064e-05,0.000717951577601504,0.006333358559556124,0.00337317748838432,0.00017600269256735898,0.0343287401692414,0.00237118196139193,0.00016355554316372682,0.00019218398679208081,0.00011824791933450569,0.0007530525389197468,0.00023276169384792172,0.0020069783698416525,9.534516443182248e-05,0.0008058284523911472,0.005886754838953802,0.000735377586766589,0.00019790967551775162,0.0009173549110476915,5.178014151910986e-05,0.000505603208775539,0.00011700320439414247,0.0007383649026234608,0.0006288299878714976,4.45607948650032e-05,0.0015745643995594704,0.0005603706661515207,0.005790662845557762,0.02328438450339857,0.004339574168082322,0.0012718497260631359,8.86237037538611e-05,0.0018830047617814758,0.00021981665846814425,0.0013052080864648702,0.0011528549777644122,0.0005541470914497045,0.00022180820237272542,0.00217252545690996,0.0001789900084242307,0.0012810606166218238,7.767021227866479e-05,4.281819394849469e-05,7.343818148142984e-05,3.8586163151259754e-05,7.816809825481008e-05,0.00014189750320140683,0.0007699806621086865,0.0027413601846559507,0.000201145934362696,0.00029524638385415526,0.0004934050023599795,4.0328764067768254e-05,0.00010131979614556593,0.0010911171167223967,0.0003278579152916716,0.0010731932215811665,0.0008551191640295306,0.001454075993332311,0.0004600466419582453,0.0015100881656486557,0.003807831945559156,5.576322932827215e-05,0.00040378552665382785,5.0286483590674e-05,4.3067136936567337e-05,9.683882236025834e-05,0.0015210416571238522,0.0012718497260631359,0.00020761845205258473,2.0164382033884127e-05,2.4894298807264355e-05,6.148891805394296e-05,0.00043340974223447245,0.00019367764472051667,0.00019840756149389692,0.0005695815567102084,0.005784190327867873,0.0001588256263903466,0.01883577330654043,0.009309720924952651,0.0001433911611298427,9.48472784556772e-05,0.002619876006476501,0.00041697950502167795,0.001613897391674948,0.00018670724105448268,5.103331255489193e-05,0.020189525275679465,3.012210155678987e-05,0.00011376694554919811,0.004983838621214324,0.00016953017487747026,0.0005302485645947308,0.0006198680403008824,0.00015434465260503902,0.00018023472336459393,0.00012023946323908683,0.0004495910364591943,0.01282404908757416,0.0004978859761452871,0.0007199431215060852,0.0001160074324418519,9.609199339604041e-05,6.348046195852411e-05,0.00013791441539224452,0.00012297783610788591,0.00024346624233504538,0.00023624689568093875,4.0328764067768254e-05,0.00038162960071536257,3.4105189365952165e-05,0.00015633619650962016,1.2447149403632178e-06,3.061998753293516e-05,0.00019865650448196956,0.00032835580126781686,0.0005631090390203197,8.215118606397238e-06,0.0033950844713347126,0.00035051172720628214,0.00014139961722526155,0.0007363733587188796
SRR8556955,fbm,0.0010550337399871173,0.0024298361324245144,0.0009244221043562632,0.0031491465895219723,0.00035776230629320935,0.0024499822335725444,1.7577135229825098e-05,5.475953667753204e-05,1.7847552694899332e-05,0.04221649297752885,0.0010542224875918947,0.0015528722931887789,0.0006767197063482663,0.005779902898496641,0.002139678192399863,0.00031125050230044137,0.005072896436060061,0.0037025559317963885,0.0003473512338878514,0.00015697733847559186,0.00048796831572645217,0.0010786952681811127,0.006140910214370741,0.008371178257570472,0.009177427929689296,0.025409912314432775,0.02573360202012663,0.0005638204146797744,0.04265957199405298,0.005470139692254108,0.06069317190492338,0.0003568158451654495,0.0075812888420886395,0.00045998010809126914,0.0026463053132164374,0.00024918969406590504,0.00016008713932394553,3.3261348204130574e-05,0.0003359937003547336,0.00026149368872678265,0.0002428348836366606,0.0008850763631879623,0.0001206061894231076,0.000942945700713848,0.006162678820309217,0.00044091567680353574,0.00023445194221935941,0.00012506807759683243,0.0021300783723897277,0.00042671875988713854,0.0005083848343395567,0.0003493793648759081,0.0013099022008195812,0.0002244464960116128,0.0013956245372481128,0.0002228239912211674,0.0002871833479088347,0.01325667539033409,0.011049257622933132,0.0003958911688686761,0.011544932836414199,0.001528534721332098,9.086026826494205e-05,6.882124486139212e-05,8.842651107927396e-05,0.000393457411683008,0.00012290473787623859,0.0014813468736766446,6.003267724647957e-05,0.0008864284505133334,0.009335622146757722,0.0011671217792603866,4.407804680709986e-05,0.002231890547990176,0.00010356988912343096,0.0004206343669229683,0.00027934124142168197,0.0007216090055505889,0.0020527389773784973,9.505173897359265e-05,0.0006733394880348385,0.0003426189282490523,0.01007318578274769,0.0006315599896808696,0.009654309129347704,0.01123449358650898,0.00020321872500328556,0.004214456193181911,0.00036222419446693417,0.004485279284453754,0.00041211621677313,0.00016143922664931668,0.00012303994660877568,0.0028815685078310196,0.000677530958743489,0.0017685302215854793,0.0003837223829403356,0.0003510018696663535,0.0002742033095852715,0.00013858895085054406,0.00012939475703802015,0.00023120693263846862,0.0012194475587522507,0.001986216280970236,0.00031030404117268155,0.013559678159949767,0.00794932701205467,0.0005446207746595039,0.0008066552983164349,0.013306026577710137,0.005965950114467713,0.0009567369914326338,0.0005555726819950102,0.0008984620277091368,0.0014252352496737413,0.0006439991930742842,0.001934566545141058,9.315881671807303e-05,0.0004119810080405929,0.00024134758757875233,0.0014495728215304221,0.005564921013762626,0.018807534695912856,0.015552519668814322,0.0001281778784451861,8.464066656823471e-05,7.639293388347062e-05,8.071961332465834e-05,0.0005762596180731891,0.006376443826450398,0.00013926499451322964,0.0009150927018112021,0.02569723087107415,0.0001330453928165223,0.009163366221505436,0.0036628045644304763,0.0001540027463597753,0.00017739385708869638,0.0058028883830279505,0.0008551952332972597,0.001087348627063488,0.00041346830409850116,0.012927036500408601,0.11892148861569514,0.00017712343962362215,0.0003288276375302665,0.011052637841246559,0.000495810422213605,2.7988207635183044e-05,0.0018489794174450633,0.022223988949660708,0.00048675143713361815,0.00038209987814989026,0.001477290611700531,0.05387189134842587,0.0019818896015290485,0.003432949719117379,0.000514469227303727,0.0002652795332378219,0.003161315375450313,0.0146402663503864,0.02406783043526936,0.000864930262039932,0.0009237460606935776,0.0002475671892754597,0.0016453550662441664,0.00014115791676874926,0.0048992884234824036,0.0010001389945770481,0.00028001728508436754,0.0009981108635889915,0.0017920565410469375,0.00043009897820056646,0.029409657040345746,0.00047458265120527767,0.00014845918832575352,0.00035722147136306085,0.00043861712835040477
SRR8556989,fbm,0.001824387418195719,0.00013524114551595473,0.0009193270932182819,0.0019735044615897556,0.00026461923559046636,0.00024781180999166273,4.6904443531545e-06,0.00027067772621329093,3.8500730732143185e-05,0.053099934216517944,4.0259647364576125e-05,0.00369528840956022,0.0006744468109473407,0.005986570476076193,0.0016713616711740533,0.0006975081623503504,0.007763858015558986,0.004635527067186316,0.00036780901135986533,0.00014384029349673799,6.93794893904103e-05,4.612270280601925e-05,0.004128763641864248,0.005553095243772165,0.01135087533463389,0.014183708288757826,0.027010705548365713,8.227821136158518e-05,0.05907575575761816,0.00016963773743908773,0.16613768877572757,0.001524198979593831,0.0007342499764500606,6.058490622824562e-06,0.003364221212300065,0.0005650031093737358,0.0005911914236788484,0.0001053395627645948,0.0005956864328506215,0.0004018147329202355,1.8566342231236563e-05,0.0016129265519410035,0.0004987505828854285,0.0014190548520106175,0.0048102461193413205,2.482026803544256e-05,5.042227679641087e-05,0.0001297689604372745,0.0039059675350894096,0.00019680322765110755,0.00021536956988234412,0.002032135016004187,0.00041119562162654445,0.0010250575263456396,0.00031523694756825866,0.000933202991096364,0.001346352964536723,0.0007877992161485746,0.03616371683318396,0.000711188625047051,0.060274164289849136,0.006315683321522534,0.0003212954381910832,0.00034279330814304134,0.00038324839068899893,0.0014430933793205345,0.000694185764266866,0.0015335798683001399,7.133384120422469e-05,0.001394625454337938,0.008652697220481764,0.0011137850986928123,6.195295249791568e-05,0.00019348082956762312,0.0002525022543448172,0.00011960633100543974,0.00026520554113461066,0.00021380608843129262,0.00023217699548114774,0.000175109922517768,0.004931415931797812,0.0013744956306556498,0.008200655645946499,3.635094373694737e-05,0.010605094682482323,0.00880161882869442,0.0007834996421581829,0.006748572248282418,0.0022848327055303855,0.005842534747398074,0.0036225865220863252,0.0014204228982802876,3.498289746727731e-05,0.00017589166324329374,0.00019484887583729317,0.00013015983080003738,0.0002106791255291896,0.00016436098754178894,0.000153221182203047,0.0003023382255970838,0.00013250505297661462,6.078034140962706e-05,0.0021400152361267404,0.0017360507162113093,0.001542960757006449,0.0007385495504404522,0.0019011934444786239,0.000162602070909356,0.00043034826940192535,0.002762085418463856,0.0015707125527626132,0.0013805541212784744,0.0004342569730295541,0.0007279960506458547,0.0027532908353016913,0.00010436238685768762,0.0008790674458537058,0.0001512668303892326,0.0003052697533178054,0.0003924338442139265,0.00019035386666552012,0.00014716269158022242,0.015300815785534123,0.011986039674123561,0.0007178334212140199,3.830529555076175e-05,9.244084079341993e-05,0.0,0.0006891044495509486,0.0010336566743264228,0.00012058350691234693,0.0021921964295555842,0.007689397211452658,2.2084175496102436e-05,0.013526655208953433,0.0027267116506338156,0.00015517553401686137,0.00045536397261874934,0.011093096330391773,0.0016756612451644451,0.0009824526568044862,0.00019191734811657162,0.00013641375660424336,0.045343307302670076,0.0001422768120456865,0.00021419695879405548,0.11160775533704165,0.0024280866934829792,0.0019770222948546218,0.010461254388985586,5.491728596818394e-05,0.0010848606918483594,0.00023061351403009625,0.002300662955222282,0.01864744783150986,0.001070398488426133,0.0012027081062213664,0.00014735812676160387,8.051929472915225e-05,0.00012038807173096549,0.001253130383017777,0.000297061475699785,0.0002726320780271053,0.0003044880125922796,0.0001037760813135433,0.00033028545653462937,5.100858234055518e-05,0.0009074055471540143,0.002435122360012711,0.0008415438910284698,0.002868793027498121,0.0009718991570098886,0.0014901932580334608,1.4071333059463499e-05,0.00047099878712926436,1.5243944147752125e-05,0.0007553569760392559,0.0008208277618020375
SRR8556898,fbm,0.00012118058532793211,0.00014670195102578447,0.0010808940997356611,0.0020429945044604554,0.0003251679039632845,0.00021830866053774436,0.004385084726343943,0.0012815764933166154,0.0014213013803386703,0.09128478410668886,0.0008080541758003473,0.012260904737922197,0.006125678588326968,0.008347689866567323,0.003292439781970422,0.0006215095171743185,0.011668405118447595,0.00766926219567837,0.0009733004285202547,6.150832740129887e-05,0.00015147573165991514,0.0036714045215414095,0.006088773591886189,0.019972580138465344,0.007937144732032086,0.011055157913909272,0.007929066026343558,3.9475493705311216e-05,0.03395167869077965,0.0002976268618432999,0.04936511471670274,6.664932193036266e-05,0.007502363480431263,0.000582584844311407,0.009905043994978718,0.0002251021175940072,0.000271921889197981,0.00020508896032015177,0.0032858299318616257,0.00013660356891512346,9.43739709978138e-05,0.003320164431037873,0.00021078077569161523,0.0036032863440313145,0.0036185257206710394,0.00028165305741370886,0.00014927244829031637,4.71869854989069e-05,0.0014117538190704091,0.0003102957412184928,0.0003378367833384774,6.224275519116513e-05,0.00035252533913580247,8.152148467515432e-05,0.0003931024745259131,5.0859124448238175e-05,0.0001024526766863426,0.0002140857007460134,0.003558853462744406,0.0002408923150761317,0.0050012696420417314,0.0005781782775722094,3.65377825458462e-05,2.1482012853587964e-05,2.1482012853587964e-05,0.00012521993817219651,5.2327980027970684e-05,0.00132086838007446,6.260996908609826e-05,0.000653273519086034,0.015138576425565651,0.0022818671431144547,0.00021316766600868058,0.0003997123246347094,0.00013274782301832562,0.00011438712827166925,0.00030258424942489713,0.0003828204854677855,0.0006209586963319188,0.0010759367121540638,0.00023446607191480198,0.0001395412800745885,0.012306072046998972,0.011121990842787102,0.006717810993906636,0.01888801389978035,0.0033724924110658436,0.09404109160205691,0.0003795155604133874,0.055291763373975955,0.0001623085415604424,4.406566739197531e-05,0.00012999371880632716,7.472802761889146e-05,0.0007089064241684028,0.0002656792529841178,0.00012448551038233026,0.0003183744469070216,0.000292118653419303,0.0001395412800745885,0.00033379743049421297,0.00011273466574447017,0.0012740486084704863,0.005347185131068737,0.017837231339429205,0.0020652109451039097,0.002293617987752315,0.00015202655250231482,0.00030790885090142746,0.006274033001879952,0.011841179256013632,0.001879400714267747,0.0007254310494403935,0.0033980137767636964,0.0024559265293127575,0.0033249382116720036,0.00865082493683462,0.0001841577683089635,0.0010212218418090278,0.0002682497502486497,0.00023373164412493572,0.001112107280804977,0.002056214204678048,0.0019087778258623973,7.729852488342336e-05,5.32460147653035e-05,5.691815371463478e-05,0.00026457761129931845,0.0012477928149827676,0.005704117036943738,0.0006685128957257588,0.0015380753989274049,0.07302085022134736,0.0012044615753806585,0.011183315563240934,0.003967378920857511,0.00019590861294682357,6.664932193036266e-05,0.004524626006418532,0.000739568784395319,0.0009340085417624101,8.77641208890175e-05,0.00020967913400681587,0.02451721930215773,4.5167309076774695e-05,0.00017222331672363684,0.003767981775908822,0.00011328548658686986,0.0002520923388715921,0.0005258502975442387,8.445919583461935e-05,0.00033746956944354426,8.758051394155094e-05,0.00035215812524086936,0.015713449778083463,0.0005981914348460648,0.0010823629553153935,0.000212984059061214,8.170509162262089e-05,0.00019756107547402264,0.0005219945516474409,0.00029652522015850055,0.00017332495840843623,0.0002276726148585391,6.499685940316358e-05,0.0005385191769194316,5.544929813490227e-05,0.000306439995321695,0.0017119511781782408,0.0004055877469536394,0.0032968463487096198,0.001016998882017297,0.003967562527804977,0.0001424789912340535,0.008018299002812307,0.0007302048300745242,0.00264118593930652,0.0010641858675162037
SRR8557016,fbm,0.002682879649009588,0.000222227100770981,0.008061479655554206,0.011435272266513462,0.002014541481080459,0.0017761599405516618,0.0003906060690159088,0.00017459221430562625,0.00011846589155731699,0.026443989450736623,0.0009429636438120005,0.015571637277322439,0.0025596502688057356,0.00041214532202633007,6.296089341507756e-05,0.0003645104355609753,0.005272767715310722,0.003187809445542348,0.0009951549107218673,0.00010479675022378042,0.00012882130165848106,1.4704682343652982e-05,0.003957216416058839,0.0024973106999967277,0.006409998852620561,0.017625736424989345,0.024895441424208548,7.725135935468399e-05,0.055122262184900406,0.0001371056297394123,0.168674304541013,0.0003485631040051827,0.01589306920686257,0.0013526236674140512,0.0009193533087813463,0.00047717729746164046,0.0001371056297394123,0.000543037705705044,0.0002503938162461473,0.00033199444784332016,0.00011908721616338683,0.0022833679273066777,0.00047945548768389657,0.02643570512265569,0.005074150949570396,0.00038459993115723363,0.00035891851410634675,0.0006269165275244729,0.003861739534926106,0.0018231735024109466,0.0011809309679367509,0.00018142678497239456,0.0011701613414315402,0.0005223268855027158,0.0011299823502390236,0.00015036055466890232,0.0006971262080103654,0.1135102064993039,0.002498139132804821,0.0005641627423114187,0.026283273485966555,0.004080238688060667,0.0001673434272348114,0.00017479932250764955,0.00017107137487123048,0.0007573946947991403,0.0003290949330149942,0.005318745736159891,0.00023900286513486678,0.0003551905664699277,8.574279563763852e-05,9.319869091047665e-06,3.500128614193456e-05,0.0017931428131175708,7.952954957694007e-05,0.0001271644360422948,0.00018101256856834798,0.000576175018028769,0.001877228743139023,0.0005929507823926548,0.0017894148654811516,0.0006196677404536581,0.010287271502698413,2.3610335030654084e-05,0.008457263429620698,0.0012631529241399935,8.16006315971729e-05,0.002111261011425331,0.0002242981827912138,0.0010525238826823162,0.0012880059083827872,0.0005038942555226438,5.6540539152355835e-05,8.387882181942898e-05,0.00028498088598403527,0.00032101771313608625,0.0001004474779812915,0.00012902840986050434,0.00021787782852849207,0.00014663260703248325,0.0003413143169343678,4.57709126471452e-05,0.0009118974135085082,0.002122859070738635,0.00015243163668913513,0.002161381196314965,0.0012331222348466178,6.171824420293787e-05,0.00035995405511646315,0.0032155619446134678,0.0010100667012675436,0.0009837639596105869,0.001261910274927854,0.0011718182070477264,0.0009218386072056258,0.0010293277640557087,0.0028659632995981688,0.00012198673099171278,0.0005318538627957867,0.0003475275629950663,0.0003361366118837858,0.0009145898201348109,0.0057913666531770195,0.004116068407010696,0.0003703094652176272,7.952954957694007e-05,8.242906440526601e-05,5.0741509495703955e-05,0.0008155920995676823,0.004623690610169758,0.00014249044299201763,0.000674758522191851,0.009662633165396195,0.0001574022335376939,0.030994363757390137,0.007827861603671946,0.0005819740476854209,0.00013130660008276043,0.013028348556476542,0.002183334665729433,0.0023910641923587843,0.0002402455143470065,0.007679157914619229,0.062232908084965725,0.00012633600323420168,0.0005964716218270506,0.009184213218722415,0.0004920890880073167,0.0010108951340756368,0.0018753647693208135,0.00015388139410329812,0.001728525054086307,0.0005687191227559308,0.0010889749262384138,0.042970188431184365,0.0016224856546503868,0.0025229921170476146,0.0005823882640894674,0.00020690109382125817,0.0009458631586403264,0.0028108725178599757,0.003916001883856206,0.00030796989640861954,0.00601483640316014,0.0005571210634426271,0.002935965871882038,0.00018349786699262737,0.0013681567825657972,0.000681385984656596,1.5947331555792673e-05,0.0003442138317626938,0.0013822401403033803,0.00032288168695429576,0.0002031731461848391,0.0005952289726149109,0.00023154696986202867,0.00019592435911402426,0.0005256406167350883
SRR8556945,fbm,0.0010742067011718188,6.332778790577553e-05,0.0032688421096305916,0.0066947298542114255,0.0008540152547178293,0.0044016452122554554,0.0021098344051136823,0.0010993194446516953,0.00030535640260313606,0.03957386221984278,0.0002680512401873775,0.004152155565074944,0.0019305876491160132,0.005397966013359252,0.0015093122784209834,0.00017870082679158496,0.004694263266716625,0.0033474559153067267,0.0004649497071817715,9.735737508502848e-05,0.0003284674056607035,2.0563333429174237e-05,0.004756317219808204,0.0025915259412820383,0.013402198056564818,0.020907996734615443,0.021613155292474293,9.990504471342174e-05,0.04991012185503833,0.0014907506854141181,0.15205456817181776,0.00016923805388612426,0.0007246300328758567,4.25824780745732e-05,0.013093748055127204,0.000474048527283176,0.0001390299711494612,8.971436619984867e-05,0.0004189096774686646,0.00016869212468004,0.00013666427792309604,0.002048508357630216,0.00011992244893651171,0.00462329246992567,0.015011779332503278,0.0013005853452947636,0.000554300120577564,0.00010208876153775883,0.004038602290209415,0.001144449592354662,0.0012965818644501456,0.0005874198257466765,0.0008953238979782057,0.0004815095597663277,0.001269649356949988,0.00022237516327832673,0.0007621171716936434,0.058948343814567504,0.012290504216575212,0.0006416487935510474,0.028261299187766528,0.002908346857212944,0.00021837168243370872,0.0001470369328386972,0.00016614445505164671,0.00097211793963406,0.000439836963701895,0.0037068593093122055,0.00019307696255180414,0.0006820475548012836,6.478359912200025e-05,8.370914493292168e-06,4.876967574352828e-05,0.0015744598303470399,0.00030972383625181023,0.00016250492701108492,0.0003621330400359003,0.00045821658030673214,0.0015120419244514047,0.00047113690485072656,0.0029654874474497645,0.0006975155489736713,0.00455850887080367,9.88131863012532e-05,0.011964220527738845,0.00130950218899414,5.6776637432764267e-05,0.0034317109894457325,0.00018670778848082096,0.002731829747245696,0.0016905607748409618,0.0008005141925215706,0.0008148903282817897,0.0008541972311198573,0.00043492360084713657,0.0005077141616583728,0.0061327867247486815,0.0001317509150683376,0.00026550357055898417,6.441964631794408e-05,0.0002016298534471244,6.896905636864633e-05,0.0009806708305293802,0.0030786767695112367,0.0007284515373184466,0.0037343377460184474,0.0050374707609416045,0.0002635018301366752,0.0011681065246183136,0.0076393693571392435,0.005164490289557211,0.000512263571709075,0.0006494737788382554,0.00206051880016407,0.0007413718618624411,0.001922034758220693,0.005009810347833334,0.0001359363723149837,0.00042400501672545113,0.00019034731652138278,0.0013864782070520222,0.0026861536703366453,0.006306028259479424,0.0038926572157828862,0.00029771339371795625,9.553761106474757e-05,0.00015831946976443883,0.0001412136879737983,0.0006618481741761655,0.0022403114853678232,8.225333371669695e-05,0.0034431755027735022,0.007947455405772802,0.00023220188898784362,0.013111035813319872,0.003805854472015487,0.00029134421964697305,0.00022000947005196153,0.006409208879429351,0.0010378114207662008,0.001202864017405679,0.00023857106305882677,0.00018234035483214678,0.08728516320917569,0.0001472189092407253,0.0004631299431614906,0.03318266900421421,0.0009617452847184588,0.001747155435871698,0.003576746181862121,0.02157330246043014,0.0003657725680764621,0.0002440303551196695,0.0010132446064924085,0.03429327098579164,0.001179025108739999,0.0016572590932698212,0.00037669115219814755,8.461902694306213e-05,0.00022728852613308517,0.02523339383442113,0.04545133605254605,0.0006964236905615028,0.0027038053813333704,0.00026004427849814145,0.0012605505368485836,0.0002516733640048493,0.004493725271681669,0.005624708610286253,0.003929780401796617,0.00225778121996252,0.003836790460360262,0.0004025318012861364,0.0001239259297811297,0.0009593795914920937,0.0004281904739720972,0.0002076350747140514,0.000540287937621401
SRR8557006,fbm,0.0001193170862703897,0.00010181724695073255,0.005333314666838059,0.007968472289481705,0.0013586238889988374,0.0009510367222991861,0.0023017061388799975,0.0070104356314546565,0.0004263597216061925,0.08660129575173901,0.0015845309056707751,0.019039507000890264,0.0023242968405471913,0.013428422157214738,0.003116244114485858,0.0004661320836963224,0.010678401952854797,0.007021571892839893,0.001306760728833308,0.00024786136054568954,0.0007089025818944753,7.636293521304941e-06,0.006512167479189509,0.008134879852466808,0.012827700400205417,0.004778092492059845,0.030401993581695295,0.00011358986612941099,0.04174093492414297,0.00015049861814905155,0.11474326463002477,0.00026981570441944125,0.0031945161230792335,0.00012027162296055281,0.0006662666097338561,0.0006535394538650145,0.0002103162507326069,0.00021731618646046976,0.0027544747089140362,0.0002494522550292947,0.00014318050352446764,0.001966345581736022,0.00035826943770789015,0.012586202617594147,0.003173834494792366,0.00025836126413748383,0.00014477139800807284,0.00014031689345397828,0.002802201543422192,0.00014890772366544635,0.00045722307458813334,0.0012714428712972726,0.0005046317301995682,0.0006716756509781137,0.0013169424535283813,0.0005265860740733199,0.0009077643923451248,0.03928363930476638,0.00446404992099618,0.0003773601715111525,0.03756388236798917,0.0046648208048271555,0.00022463430108505368,0.0002494522550292947,0.00018931644354901832,0.0009955817678401317,0.0005319951153175775,0.001290533605100535,6.427213713764992e-05,0.0017245296202280324,0.005171679787303771,0.000827901489268144,8.1135618663865e-05,0.0005549039958814923,0.00015845309056707751,0.0002764974612505831,0.0004180870702914455,0.0005673129728536129,0.0008352196038927279,0.0013506694165808114,0.00028795190153254046,0.001014354322746673,0.004730047478654968,0.0037048750734197805,0.009262187683549451,0.002509476958438836,0.00011072625605892163,0.01671457380254963,0.002202434323103033,0.0017846654317083088,0.0001517713337359357,8.240833425074915e-05,0.00011390804502613203,0.022233386766176057,0.0007349932514256006,0.011458258428718063,0.00020840717735228067,0.0002752247456636989,0.00037640563482098935,0.00022113433322112225,7.827200859337564e-05,9.354459563598552e-05,0.0008253560580943756,0.0030748808579121227,0.0002182707231506329,0.001348123985407043,0.003491695212616684,0.00018963462244573937,0.0007426295449469055,0.00528781508460695,0.006537621790927192,0.0016993934873870704,0.001079262817677765,0.0010665356618089234,0.0011196715375613368,0.0009997180934975052,0.002834973969784459,0.0001355442100031627,0.0004584957901750175,0.0003598603321914953,0.0007706292878583569,0.0011015353404482378,0.0037551473391017045,0.0037866470498770875,6.268124265404472e-05,0.00012313523303104218,0.00017245296202280324,8.622648101140162e-05,0.0003840419283422943,0.004728138405274643,0.0003904055062767151,0.0012806700593021828,0.018580693031818526,0.00012695337979169464,0.007253842487446252,0.0027659291491959935,0.0005380405143552773,8.909009108189097e-05,0.0034636954697052327,0.0006105853028076742,0.0007327659991485533,0.00020236177831458094,0.00815937962751433,0.07063539689317398,0.0001119989716458058,0.00031945161230792333,0.07727419957325847,0.0015329859244019668,0.0011400349869514835,0.007643611635929525,0.01064244773752532,0.00031722436003087605,0.00024213414040471083,0.0017242114413313114,0.026158759815023518,0.0014069870813004353,0.001615712437549437,0.0002688611677292781,0.00010563539371138501,0.00024149778261126875,0.0005870400644503173,0.0011559439317875354,0.000170543888642477,0.0008924918053025149,0.00020236177831458094,0.000633176004474868,0.0003515876808767483,0.00020999807183588588,0.00179421079860994,0.00033058787369315973,0.0010410813500712403,0.0011565802895809774,0.0010366268455171458,8.049926087042292e-05,0.0006392214035125678,0.0002551794751702734,0.0005584039637454238,0.0011002626248613535
SRR8556982,fbm,0.0003229344221138727,0.00011451575252264989,0.03109930717969724,0.04173799676713222,0.006620772276617204,0.005668882106032778,0.0006550301044295574,0.002293310077826667,0.00011381104019943358,0.014340191065128632,0.0003888250243345974,0.0017172077535973361,0.001767594684707302,0.0011870879084578691,0.0003111304906999996,0.00011574899908827843,0.0022533176534841417,0.0013602709618882767,0.00014059010848165325,9.795501292706668e-05,0.0001842822725210643,0.0002441828199944504,0.0042221077064697,0.0016840862744061697,0.010400673000268671,0.002352505912976837,0.040546328228573444,9.918825949269522e-05,0.05588914875155807,0.00011962491686596812,0.10110243434063151,9.037935545249138e-05,0.005977369925520716,0.00041208053100073557,0.004511568293230798,0.0006613725153385042,0.00012843382090617196,8.157045141228753e-05,0.0007277916518016411,0.0014999801799659095,0.0006474544469549821,0.0017427535753139272,0.00022163202565152857,0.04316239655043318,0.004137718405764546,0.0002485872720145523,9.636941019983e-05,0.00022163202565152857,0.003352845055782385,0.0003555273670626269,0.00037138339433499384,0.0007713076377602481,0.0019083609712697595,0.0003720881066582101,0.001503679919662795,0.00045559651695934253,0.00045154442110084876,0.043193580070735496,0.011693115401047378,0.0007025981862466581,0.023810467620670975,0.002485696542064719,8.4917834947565e-05,0.00013812361535039619,0.00019185792999563958,0.0005833256255422982,0.00027149042251908227,0.002593869883678422,6.677149262474509e-05,0.0003424901890831252,0.002942350127508886,0.0004615865717066811,1.8851054646036214e-05,0.000523425078068912,0.0003578176821130799,6.870945151358994e-05,0.00021617050514660219,0.0002221605598939408,0.000651858898975084,0.0001774113273697053,0.0008271560893751404,0.0005362860779676097,0.005018080275542519,0.0022644168725747984,0.0070633316155970455,0.0017452200684451844,4.897750646353334e-05,0.0057314253247182255,0.0001567984919156283,0.0024973242953977882,0.0005572512695832947,0.0002508775870650053,5.690552009971679e-05,0.0001159251771690825,0.000332800394638901,8.157045141228753e-05,0.00013248591676466573,0.00036063653140594513,0.0002487634500953564,4.510158868584365e-05,0.00020982809423765542,6.74762049479614e-05,0.0012267279766387865,0.0035580925199191343,0.00039005827090022596,0.014993811744911757,0.004236201952934025,0.0001742401219152319,0.0006421691045308598,0.007655466145179548,0.004597719374743991,0.0006208515567535665,0.0008245134181630793,0.0024865774324687394,0.0010324035535118898,0.0022991239544932016,0.006253617156221508,0.00010852569777531128,0.00019432442312689667,0.0011752839770439961,0.0019932788062173245,0.00686213624731879,0.010997740516113687,0.0018849292865228172,0.00021669903938901442,0.00034601375069920673,6.360028717027171e-05,7.188065696806332e-05,0.0006354743374603048,0.0016190765625894654,8.139427333148346e-05,0.0006479829811973943,0.00669705738560537,0.0002825896416097391,0.007463079680941496,0.003436001109921909,0.0004594724347370322,4.4925410605039574e-05,0.0028875587443788183,0.0005861444748351634,0.0006641913646313694,0.00012737675242134749,9.672176636143815e-05,0.13992362680197143,0.0001326620948454698,0.0006557348167527738,0.03431032888043234,0.0009358579652312557,0.0025482397607501663,0.004190924186167378,0.01462101892593033,0.0002448875323176667,0.00048642768110005596,0.0019717850803592273,0.07627647626220584,0.0036782459710275146,0.004821641715445973,0.0009568231568469409,0.0003391428055478478,0.00010376888959360122,0.0011631276894685147,0.002289786516210586,0.002095462093083689,0.0003386142713054355,0.00019960976555101896,0.000470571653827689,0.00010570684848244605,0.00035605590130503915,0.0008021388019009615,0.0004046810516069643,0.000305316614033465,0.0008229278154358425,0.0003139493399928648,2.2198438181313672e-05,0.0014539977008760454,0.0005290627766546425,0.00030602132635668133,0.00036063653140594513
SRR8556971,fbm,0.00020515698454644428,0.0001408770287879899,0.0011826357129811446,0.0016127725426821793,0.00028752770629679903,0.00021420236754239445,8.468018123868245e-06,0.0001216315330519257,1.3471847015244935e-06,0.0236375103179914,0.00019688142137993668,0.007862362373054304,0.0015610021591521666,0.002331591808424177,0.0005259793984666343,0.0004214763566198058,0.0016697392100609293,0.0015492624067531674,0.0004861412222929815,3.5796622069079395e-05,4.6381644723914706e-05,1.4241666844687503e-05,0.0007463403246445693,0.00022382511541042656,0.012702027185802368,0.003592941598965824,0.028727559030265658,0.0009097345834437544,0.036475218248733024,0.0003198601391333869,0.1106082904591802,0.0003108147561374367,0.018026486036141886,0.0015259753569125299,0.005851592978550317,0.009199346961838684,0.0004626617174949832,0.0004507295101386234,0.0005136622811955533,0.0003750947118958911,0.00016012252452405408,0.0032811645680415843,0.00021400991258503383,0.004690127310878844,0.007361209664087193,0.000619704962701267,0.0003314074365750254,0.0013568074493925256,0.00874804008682798,0.000983637287070241,0.0011903339112755702,0.00014280157836159632,0.0010629287295028254,0.000978248548264143,0.0008027296271512375,0.00020496452958908366,0.00034083772948569687,0.0005203982047031758,0.024160987802012347,0.0007769406628649115,0.013796326073354976,0.0019330175917302874,9.141610474630491e-05,8.179335687827282e-05,8.891419030061657e-05,0.0003158185850288134,0.00012875236647426946,0.004568880687741639,0.0002469197102937036,0.00018013784008956085,0.00423343169706204,0.0007005360447927366,1.5781306503572638e-05,0.0010454153283830068,4.484200506502957e-05,9.064628491686235e-05,7.929144243258448e-05,0.00029811272895163436,0.0010261698326469427,1.1739752398999157e-05,0.0006087350301317104,0.0002967655442501098,0.004421460190403388,1.404921188732686e-05,0.0018192767119301482,6.177804131276605e-05,2.232477505383446e-05,0.00032929043204405834,5.00382889137669e-05,0.0003727852524075634,0.0004172423475578717,0.00019707387633729733,1.116238752691723e-05,1.116238752691723e-05,0.00010623513646307434,4.195518070461994e-05,4.926846908432433e-05,2.7328603945211153e-05,5.311756823153717e-05,1.308693710052365e-05,2.3479504797998314e-05,2.232477505383446e-05,0.0013446827870788052,0.0003173582246876985,4.6381644723914706e-05,0.0023837471018689107,0.0004618918976655406,2.809842377465372e-05,0.00012644290698594175,0.0007805973070547636,0.000406849779860397,0.00013183164579203972,0.00010758232116459884,0.0001909153177017568,0.000435333113549772,0.00012471081236969597,0.00040646486994567576,1.712849120509713e-05,2.290213992591639e-05,2.6366329158407942e-05,0.0006595431388749199,0.0015987233307948525,0.0010390643147901058,0.0006410674629682983,7.197815405288008e-05,1.7898311034539697e-05,2.4634234542162166e-05,0.00012451835741233533,0.00045342387954167235,0.00044283885688683707,2.0592680437588685e-05,0.00012932973134635137,0.001045992693255089,1.616621641829392e-05,0.018765320617449392,0.007781723745920195,0.00019399459701952706,0.00011085405543972974,0.005786543202962421,0.0009164705069513769,0.0016553050882588813,0.00012798254664482688,9.930675799809123e-05,0.06126591867122939,0.0025188504819360813,0.0006495354810921665,0.009200501691582848,0.0004834468528899325,0.0024126153454730073,0.001185714992298915,0.0002272893046429181,0.35937364379397235,0.00041435552319746207,0.000928210259350376,0.04134914004389128,0.001587176033353214,0.002373546989128797,0.00046631836168483536,0.00016166216418293921,0.0002548103635454899,0.00037432489206644853,0.00019360968710480577,4.888355916960305e-05,0.0005357946012920272,5.7351577293471294e-05,0.0013210108273234461,8.545000106812502e-05,0.0003521925719699747,4.2340090619341225e-06,6.928378464983109e-06,2.3671959755358955e-05,0.0002540405437160473,5.6774212421389366e-05,0.00019476441684896962,0.00013067691604787585,2.7328603945211153e-05,6.466486567317568e-05,9.276328944782941e-05
SRR8556938,fbm,0.0010652230536790936,5.722083442625127e-05,0.0019459661371679531,0.005041842162965852,0.0005314671101510218,0.0015662486799153498,0.0013739866762431455,0.004426374867877093,0.00025497603820337565,0.041591764594402704,3.8681284072145856e-05,0.03645791132967944,0.0013337032088070646,0.0001389321859869381,1.670848365246537e-05,0.0001975263204394194,0.0008695277999413143,0.0013755888596070805,0.003198186877752036,7.873586817052174e-05,0.00014030548601316813,2.426163379673054e-05,0.004205044680316353,0.0009125578674298553,0.01264351557482448,0.002937946522781445,0.02317512459264488,0.00014602756945579325,0.04204129146965534,0.000405123507737859,0.08709880756358722,9.155333508200203e-05,0.0007983450819150577,9.841983521315218e-06,0.00112313053811846,0.0007635548145838969,8.9951151718067e-05,0.00038887279076080364,0.0005145297431608514,0.0005614508273903775,8.400018493773686e-05,0.0016294204811219313,0.0007022140800789556,0.0005078921263674063,0.003210088811312696,0.0002913684888984715,0.00018333555350170909,3.5248034006570785e-05,0.0038962810577523013,0.001673137198623587,0.000538791376957582,0.0024689645638238896,0.0002991505223804416,0.00027809325531158116,0.000632633545416634,0.0009619966683741363,0.00045181570862968005,0.0007031296134297757,0.02436142693196992,0.0005657996108067725,0.015232643890943498,0.0013133325917513191,6.042520115412134e-05,0.00011398390217709254,6.111185116723636e-05,0.0004129055412198292,0.00010734628538364739,0.005897408079307161,0.00029480173896404656,0.0008049826987085029,3.913905074755587e-05,4.119900078690091e-06,2.380386712132053e-05,0.0006635327960068097,0.0001258858357377528,0.00011489943552791255,0.000179215653423019,0.00023140105441976015,0.000763325931246192,0.0007251024138494562,0.0005191074099149516,0.0002975483390165066,0.00834851974279006,0.00022178795423614993,0.0068969416150649185,0.0010203619194889128,0.00040237690768539893,0.0015534312130038694,0.0001750957533443289,0.0010443946699479382,0.00022613673765254502,8.308465158691685e-05,3.479026733116077e-05,0.009059660273039512,0.00024902507142304553,0.004618636871549298,0.011759797007945456,0.00010025090191479222,0.00018219113681318405,0.00011421278551479753,9.979313523938222e-05,0.00010093755192790724,0.0035849997184734944,0.001987622904630264,0.0003069325558624118,0.008773098334232845,0.004002254043109719,0.0001673137198623587,0.0008924161337118148,0.005953713380382592,0.003329794796932414,0.00067543472956747,0.0008647212498495092,0.0013721556095415055,0.0017807123673449395,0.0010670541203807336,0.0031622521937323504,4.898103426887109e-05,0.00011764603558037261,0.0003678155236919432,0.0012059863063676717,0.00493838689432319,0.007715199547360311,0.0031340995431946347,0.00010162420194102226,7.20982513770766e-05,6.614728459674647e-05,0.0001984418537902394,0.0007447863808920865,0.0031180777095552842,0.0003316519563345524,0.0008992826338429649,0.004075267827837616,0.000135270052583658,0.007382860941012644,0.004698974923083754,0.0002387253212263203,8.14824682229818e-05,0.0018070339511810152,2.082838373115546e-05,0.0008194023489839182,0.00016273605310825862,0.00014213655271480815,0.0574369002970448,0.00017006031991481877,0.00012725913576398283,0.1213679075347937,0.001984876304577804,0.0019065982030826924,0.012104724197866899,5.630530107543125e-05,0.0025916460328337726,0.00015083411954759836,0.0022883756103746406,0.02522797924852107,0.001165016188918476,0.0014614201112464575,0.0001673137198623587,0.00013343898588201797,0.01782474769045268,0.013048410199224635,0.015835980369133893,0.000851217132924914,0.00604503783212689,0.0005625952440789025,0.004637634188578813,0.0002748888885837111,0.003830133773155555,0.0015255074458038588,0.0006182138951412187,0.0009789340353643068,0.0008033805153445678,0.00025428938819026063,0.15637034972000702,0.0007321977973183113,0.0002606981216460008,0.00047996835916739564,0.000586856877875633
SRR8556920,fbm,0.0015006705102536598,0.00110628758221333,0.0011768260117275573,0.004056848836935897,0.00031574344639701755,0.0018140429170031402,0.0003254251916244605,0.00020074802349147048,0.00011855198237685265,0.0451141665469621,0.000796471734935155,0.0015482888898416956,0.009788639598219429,0.00477092694411914,0.0012430175352213,0.0002859078641655096,0.007532200200313333,0.005199492360411462,0.0001881024787046062,0.00013297580689936972,0.00015806930983580352,0.002773128454431878,0.006385012184179989,0.003937704094647161,0.022676623189044374,0.0050133657480798035,0.026724580627302007,9.464399926418737e-05,0.029473603511983925,0.0002274222195262623,0.11197491598122215,0.00012329406167192676,0.00035308732084572616,1.975866372947544e-07,0.0005139228436036562,0.0009353751409533674,7.903465491790176e-06,1.4621411159811826e-05,0.00014581893832352875,6.461083039538469e-05,5.730012481547878e-05,0.004077002673939963,6.401807048350043e-05,0.0009496013788385897,0.0010495802173097354,5.453391189335222e-05,5.334839206958369e-06,7.40949889855329e-05,0.0026504271526718356,1.975866372947544e-06,0.0005538353443371966,0.0013949616593009662,0.0002657540271614447,0.0009683721093815914,0.0006000706174641692,0.00024342673714713742,0.001539002317888842,0.0004335050822246912,0.0016172466262575648,0.00018750971879272194,0.05478346381625549,0.005506541994767511,0.00033747797649944053,0.00030882791409170117,0.00033649004331296676,0.0017565452055503666,0.0006109378825153806,0.0007099287878000526,2.3512809838075775e-05,0.0009166044104103657,0.005101884561587854,0.0007875803362568911,0.00012191095521086347,0.000998405278250394,0.00017229554772102586,0.00018533626578247963,0.0003621763061612848,0.00046571170410373614,0.0012276057775123092,0.00016399690895464616,0.004172239433116034,0.0011365183377194273,0.013785619684055015,5.80904713646578e-05,0.014206084048218253,0.0028203516607453244,0.00018750971879272194,0.006141387860395557,0.00039774190087434063,0.01085303881332627,0.002706344171026251,0.0012860914221515564,0.00011163645007153625,0.004749785173928601,0.0006378096651874672,0.002653588538868552,0.0005230118289192149,0.0002531084823745804,0.0005263708017532257,4.603768648967778e-05,0.00020509492951195507,0.0001365323663706753,0.0014259827613562425,0.012780694046773894,0.000572013314968314,0.004915757949256195,0.0029738764779233488,0.00014166961894033892,0.0013989133920468612,0.00623919324585646,0.0025937197877682412,0.001299329726850305,0.0012613930924897123,0.009498780001308023,0.00431252594559531,0.008888039705429937,0.025923564399709075,0.00012072543538709494,0.00042204505726159544,0.0002900571835486995,0.0008118834926441459,0.002569811804655576,0.007122998274475896,0.006431840217218846,0.0004979183259827811,7.982500146708079e-05,9.168019970476605e-05,1.7782797356527898e-05,0.00045919134507300924,0.0016901560954193293,0.0003637569992596429,0.008820860248749722,0.019201469412304235,0.0011108320748711093,0.00012625786123134807,0.00053901634654009,0.00022603911306519906,0.00044456993391319745,0.0012590220528421751,7.883706828060702e-05,9.009950660640801e-05,7.350222907364864e-05,4.524733994049876e-05,0.03968567127392601,1.5214171071696089e-05,0.00015787172319850878,0.0938364626775637,0.0019118483024640437,0.0017525934728044716,0.009187185874294197,0.0002629878142393181,0.0005812998869211674,0.0003108037804646487,0.001593733816419489,0.014500290551150142,0.0007599182070356255,0.0010977913568096555,0.00011993508883791593,7.014325623963782e-05,0.00020331664977630228,0.017317283239061454,0.019202259758853413,0.0011278245256784582,0.0028027664500260914,0.00034775248163876777,0.0009547386314082533,7.310705579905913e-05,0.005159382273040627,0.013564520236922185,0.01175442905266494,0.003836737322989541,0.009166834450652837,0.00039240706166738225,1.2052784874980019e-05,0.012371294534299164,0.002099753194531355,0.0008739256967546988,0.0011224896864714998
SRR8556917,fbm,0.0001845160721760779,5.324344371250009e-05,0.0020458946244929633,0.003029980342765379,0.000560586142995978,0.0004430833706649433,0.0034764296782627217,0.00947243703197789,0.0005927158073052453,0.03095188261473044,0.00038677995892298915,0.002532735537979099,0.0007319443526454035,0.00437912024695166,0.001174415729704456,0.0004403293994384347,0.004429303722634706,0.0027974227725268727,0.0003105867549895839,0.0001389225485372129,0.00017962012332895145,2.7539712265086253e-06,0.004654517369602523,0.0013613797763040972,0.01003485915579154,0.02283807138783014,0.03157764607675379,0.00010281492578965535,0.04195583364545007,0.0031104575019400196,0.16380008861667414,0.00011199482987801743,0.015079522449149452,0.001289164530808982,0.005859226782798574,0.0005973057593494263,0.0003148707102308195,0.00014626647180790255,0.0009143184472008637,0.0008473051473558204,0.00021358576845589117,0.00551865234112034,0.00014565447820201173,0.0016141331355369998,0.010700402202197791,0.0009632779356721281,0.000368420150746265,2.6009728250359242e-05,0.0036444219230797477,0.0006202555195703315,0.0007729479242400875,0.00014259451017255772,0.0009531800411749298,0.00027906908428620736,0.00086597095233549,0.00022490765016487107,0.0005593621557841964,0.16017953444422411,0.00469796891562077,0.0005305984563073285,0.020694869780000538,0.0018264949167811095,0.00014932643983735659,0.00011138283627212663,0.0001095468554544542,0.0005673180726607768,0.00019706194109683943,0.003310579411066313,0.0001095468554544542,0.0015284540307122872,0.00764594211519678,0.0010752727655501456,9.822497374547431e-05,0.0032836516924071176,9.485900891307488e-05,0.00013127262846357782,0.0002365355286767964,0.0009311482713628608,0.00298530480953535,0.0004996927792098428,0.00044981530032974214,0.00038035402606113574,0.006603411007561793,3.090567709748569e-05,0.005588113615388946,0.002060888467837288,0.0007438782279602743,0.0016297389724872155,0.00034210442569296035,0.006765895309925802,0.00032374461751623617,0.00012178672757227032,0.00014381849738433932,4.651151404770123e-05,0.0003249686047280178,0.0002151157524706182,0.00020226388674691128,0.00022276567254425327,0.0007086885956215529,0.00022001170131774462,0.00024234946793275905,7.160325188922427e-05,0.001094550564135706,0.0033289392192430373,0.00014473648779317553,0.0027196995845787404,0.001244183000776008,9.73069833366381e-05,0.00019797993150567564,0.0022450985432104207,0.0009669498973074729,0.0016260670108518705,0.0013017103997297436,0.0009112584791714097,0.00034791836494892304,0.0009268643161216252,0.0025657831926972027,0.00027570311945380793,0.0004568532267974864,2.2337766615014406e-05,0.0005511002421046705,0.0015856754328630773,0.0038069062254437566,0.0009947956063755046,8.108915278053175e-05,8.017116237169555e-05,0.00013616857731070425,9.424701530718408e-05,0.000716338515695188,0.004004580160146487,8.965706326300303e-05,0.001542835880450721,0.0036303460701442593,0.0001190327563457617,0.007954080895762801,0.0025468113909145875,0.00023072158942083373,0.000214197762061782,0.005495702580899434,0.0009072805207331194,0.0006967547203066822,0.0001958379538850578,6.150535739202597e-05,0.12275153549195718,0.0007184804933158058,0.00013433259649303184,0.011520779630894417,0.00039901983104080526,0.0014213551496813962,0.0019935691711892994,0.027849993023272894,0.0002053238547763653,0.0003133407262160925,0.0009534860379778752,0.04697754717858708,0.0014742925965909508,0.0024342045674306794,0.0005085666864952595,0.0005425323316221992,7.802918475107773e-05,0.00019828592830862103,0.00040269179267615014,0.00021939970771185383,0.00042502955929116454,5.752739895373573e-05,0.00012178672757227032,5.9975373377298956e-05,0.00012117473396637952,0.00019614395068800322,4.926548527420986e-05,0.00032741657915158105,0.0005921038136993545,0.003257335967353813,1.7747814570833363e-05,0.00047337705415653817,0.00019767393470273022,0.0001630962959698997,0.0006181135419497137
SRR8557022,fbm,0.00014087973531058424,0.001259388682468347,0.0021893472379347547,0.0033820274619533333,0.0005833182553940946,0.0007732393688344174,0.0009631604822747401,0.003160122841037094,0.00015291162621819087,0.028574065578983728,0.001463473920648004,0.0018026514023092703,0.001169073349453021,0.0047504646746729,0.0010297166383079568,0.0008777188265890778,0.0032991749473490544,0.003170936312612285,0.00012138502599193041,8.635547018497432e-05,6.305320045252094e-05,5.482886995871386e-06,0.0015691717977350803,0.00039233102503790805,0.01335966337510684,0.004198368414671962,0.038164091842012436,0.00013813829181264853,0.08058031485173969,0.0002538881283921556,0.1384045164367814,0.0009782384215133865,0.001438800929166583,1.3250310240022517e-05,0.000901478003571187,0.13545853079341638,0.005763428047160139,0.005566653324974977,0.011499593961757473,0.00025160359214387585,0.00010234722392293254,0.004623139854435443,0.0005951978438851494,0.0021585821497912545,0.007272288087940634,0.0005275755709360689,0.0003061278572694857,0.00033415150191505057,0.013968568436481667,0.0008958428141587637,0.0005236157081057174,0.0002170309435865757,0.0022714382404562736,3.0460483310396587e-06,0.0017466041130181405,0.00037009487222131857,4.218776938489928e-05,0.03290387097914005,0.009370406178360751,0.0003192258650929563,0.002391909451948892,0.00023865788673695727,1.6753265820718125e-06,0.0,0.0,0.0,4.7213749131114716e-05,0.00528961522926692,0.00017804152494926807,0.00046147632215250833,0.00013006626373539344,5.787491828975352e-06,1.5230241655198295e-05,0.00044365693941592635,3.0765088143500556e-05,9.229526443050166e-05,7.249595027874388e-05,0.0001536731383009508,0.0005482886995871386,1.2641100573814584e-05,0.0004054290328613786,7.615120827599147e-07,0.005700831753957273,1.1270378824846738e-05,0.0022450899223927807,0.00013889980389540844,1.8276289986237953e-05,0.00043071123400900777,9.610282484430124e-05,0.0007296808777005503,0.00023606874565557356,9.991038525810081e-05,2.269306006624546e-05,2.375917698210934e-05,0.00017392935970236451,1.9190104485549852e-05,0.009266840535105403,4.279697905110721e-05,5.787491828975352e-05,6.335780528562491e-05,6.137787387044913e-05,1.1270378824846738e-05,0.010219492150638056,0.000384258996960653,2.8175947062116844e-05,0.003948287846693606,0.00023104276590935814,1.401182232278243e-05,0.00014133664256024017,0.0005773784611485674,0.0001893119037741148,0.00031404758293018884,0.00017012179928856496,3.274501955867633e-05,6.42716197849368e-05,5.848412795596145e-05,8.772619193394218e-05,5.1325914378018256e-05,5.010749504560239e-05,2.954666881108469e-05,0.0009879857761727134,0.0024528304185696855,0.003069655205605216,0.0021710709479485168,6.625155120011258e-05,2.8175947062116844e-05,3.228811230902039e-05,6.183478112010507e-05,0.0008157317430524207,0.00029409596636187905,3.137429780970849e-05,0.0006742427980756285,0.002414602512015138,1.3859519906230449e-05,0.022596500334151504,0.014818415920841732,0.00039050339603928426,0.00010143340942362065,0.0007653196431737144,0.00035760607406405595,0.0019357637143757032,0.0004764019589746027,0.00016646654129131737,0.1294779195002531,0.00021489870975484793,0.0006976973702246339,0.017088331137132488,0.0008189300938000123,0.0021273601543980976,0.0033456271843974096,0.00031587521192881263,7.599890585943949e-05,0.0005051871157029274,0.002581982867805767,0.08355843630499717,0.0037186158025332154,0.005113553635732827,0.0011913095022696107,0.0003679626383895908,0.0001294570540691855,0.0038444175986051534,0.005580055937631551,7.371436961115975e-05,0.0020865431067621665,0.00017134021862098083,0.0008416231538662577,7.919725660703114e-05,0.0009177743621422492,0.0024363817575820713,0.0018716443970073185,0.0018092004062210054,0.001019360073982422,0.0002180970605024396,2.314996731590141e-05,2.6805225313149e-05,7.158213577943198e-06,3.228811230902039e-05,0.00015595767454923054
SRR8557025,fbm,0.005873132694898249,0.001961432409761916,0.0005784991633944298,0.00424898674505345,0.00034463154832994723,0.0006842684365391706,2.0272444019408662e-05,0.00022622872311514014,2.350428292105352e-06,0.0812025966356557,0.00031554499821514353,0.0025164272902352927,0.0018677090816142153,0.008423641195369069,0.0025111388265780556,0.0006046476781441018,0.01710436048518716,0.00793886536012234,0.00011135154033849106,0.00019714217300033642,0.0012571853327398503,0.0001933227270256652,0.007058042357655859,0.001959375785006324,0.019147470278099737,0.0040318659315702185,0.03359320256137923,5.259083303585725e-05,0.06416551716033006,9.695516704934577e-05,0.1684293409839774,0.0001004808094875038,0.00043071598452830575,5.87607073026338e-07,0.0004921209236595581,0.0008129543855319387,0.00033493603162501265,7.433229473783176e-05,0.0001848024244667833,8.990388217302972e-05,0.0001962607623907969,0.002089530751681658,0.0002926283223671163,0.003208922225796832,0.0015759621698566385,0.0,0.0,1.8803426336842816e-05,0.0025087883982859503,7.051284876316056e-05,0.00024415073884244344,0.00020243063665757345,0.0013761757650276837,0.0012850966687086012,0.0025684305161981233,0.00022299688421349527,0.0017842688772444753,0.0006055290887536413,0.0020401717575474457,0.0004991722085358741,0.0832753805857561,0.008212690256152613,0.0006158122125316022,0.0003804755797845539,0.0003925215247815938,0.002714744677381682,0.0006971957921457501,0.002601924119360625,1.4396373289145282e-05,0.0006037662675345624,0.00011840282521480711,8.05021690046083e-05,3.613783499111979e-05,0.0023756953962454845,0.0003801817762480407,0.00023298620445494302,0.00044305573306185886,0.001079434193149383,0.002534936913035622,0.0015489322444974271,0.010641857896043494,0.0017980776434605944,0.004921796843668607,6.757481339802888e-05,0.022993652374593634,0.0008576125230819403,0.00011781521814178077,0.00303352151449847,0.0002811699844431027,0.0029809306814626126,0.006547411811195971,0.0027514701194458276,6.757481339802888e-05,0.00027059305712862867,0.0010500538394980661,0.0015230775332842682,0.0005455931673049549,0.0003176016229707357,0.0003872330611243568,0.0001695246405680985,0.00017334408654276972,0.0003034990532181036,0.000820593277481281,0.002021662134747116,0.00017187506886020388,0.002381571466975748,0.00454190887095708,0.0001307425737483602,0.0009134351950194424,0.009831253938803661,0.0023137028500412058,0.0015501074586434798,0.0013062505233375494,0.0005420675248667969,0.0009883550968303005,0.0005003474226819268,0.0013535528927161697,0.000104300255462175,0.00024385693530593028,0.00042542752087106875,0.0004871262635388342,0.0013999738514852502,0.008852594358678295,0.017366139436220392,0.001218403265920112,0.00015689108849803224,0.00019009088812402036,5.87607073026338e-07,0.000596421179121733,0.0052164817907913155,0.00025090822018224634,0.004330076521131085,0.0056348580267860686,0.00012104705704342563,0.0018729975452714525,0.0008423347391832555,0.011149844210674763,0.00016599899812994048,0.0002171208134832319,9.401713168421408e-06,0.0007618325701786473,1.3514962679605775e-05,7.638891949342395e-05,0.07695067185523712,0.0001128205580210569,0.00038076938332106704,0.013053103520207074,0.0003322917997963942,0.0010347760555993813,0.001936459109158297,0.0003819445974671197,0.00032083346187238053,0.00042542752087106875,0.0010112717726783278,0.05082066672836541,0.002124493372526725,0.0029680033258560334,0.0004551016780588988,0.0003384616740631707,0.0001554220708154664,0.005296983959795924,0.0062189394573742484,0.0012865656863911671,0.006773052927238085,0.000900507839412863,0.0033646381001488116,0.00043277260928389796,0.002727965836524774,0.006366722636240372,0.004677646104826164,0.0024188845161129202,0.0036340559431313874,0.00037019245600659293,1.2045944997039929e-05,0.0003402244952822497,0.00012280987826250464,0.00023004816908981133,0.0007885686920013457
SRR8557012,fbm,0.00025106416308197447,6.785517921134446e-05,0.0331488060202666,0.05255325468336447,0.00806972565569429,0.006922197639260154,1.3571035842268892e-06,6.281450875564459e-05,1.5509755248307303e-06,0.04597673071420096,3.2182742140237656e-05,0.00548463719968267,0.013507833589632038,0.0008140682785955296,2.210140122883791e-05,5.777383829994471e-05,0.0005050364052730066,0.0019195260839186326,0.00028925693538093124,0.00011903737153075856,0.00019367806866323745,1.3183291961061209e-05,0.005638765392462724,0.00018282123998942235,0.01808146654041726,0.0850269986064485,0.01541010507083693,0.0006422977392205263,0.06108265071023047,0.008448163683752988,0.1449758862080277,0.00019891261105954116,0.0003830909546331904,3.140725437782229e-05,0.0062426764874436895,0.0007723858113657038,0.0003101951049661461,8.317106251904792e-05,0.0007725796833063076,0.0009656761361477336,0.00028576724045006207,0.002875508623036174,0.0003772747964150752,0.002389471667942344,0.022332108838156478,0.0015695872311286992,0.0007398153253442584,4.633539380431807e-05,0.019025622891157966,0.0014276729706066873,0.0019933912932886965,0.00041973275140731644,0.0004557929323596309,0.0009034432432139005,0.0002768491311822854,9.053819626199389e-05,0.0008249251072693448,0.0017438781057315526,0.0034604202678379633,0.0005172503375310486,0.034572989295942415,0.004685303188573033,0.0003018586115201809,0.00024544187680446307,0.00020395328151524104,0.001150823839424402,0.00037300961372179067,0.005273316784424484,0.00011748639600592783,0.0013373286462852972,0.0020618280883218524,0.000296817941064481,0.00016925020414715347,0.002079276562976198,0.0004416402806955505,0.0003103889769067499,0.0004932102168961722,0.0011847514290300742,0.0018819149274414875,7.754877624153653e-05,0.0007545495928301504,0.0008956883655897468,0.0024831118152539994,4.769249738854496e-05,0.009861684002695596,0.00023031986543736347,1.822396241676108e-05,0.0008896783354310278,0.00030941961720373074,0.0006868882855594098,0.00039879458182210157,0.00017293377101862645,0.0004823533882223572,8.220170281602872e-05,0.00048041466881631876,8.006911146938645e-05,0.00013745520588812348,0.0002093816958521486,0.0007547434647707542,0.00012097609093679697,8.006911146938645e-05,9.868081776735523e-05,0.0012037508792092507,0.002696370949918225,0.00011283346943143564,0.0011279469504331487,0.0015341086659981962,0.00013551648648208508,0.00016324017398843438,0.0020581445214503794,0.0012281787437253347,0.0005147300023031987,0.0006112782287239116,0.0028605804836096785,0.004995498293539179,0.0018320898387063002,0.0055480333242601265,3.974374782378747e-05,6.33961245774561e-05,6.649807562711756e-05,0.00011981285929317393,3.0825638556010766e-05,0.008576506908432731,0.0026368522641528457,0.00011515993271868174,6.281450875564459e-05,0.0004468748230918542,8.35588064002556e-05,0.0003431533348687991,0.0002706452290829625,1.6866858832534194e-05,0.0007212036190462896,0.0019540352893461163,0.0001826273680488185,0.01665166097846393,0.00632293947085368,0.0003780502841774905,0.00030767476973829613,0.01226782865752987,0.001497660741164674,0.0017696630738318635,0.00022508532304105975,0.00010992539032237802,0.02609070415064315,0.11053783178274555,0.013946759663159135,0.002072103301173856,0.00024427864516084,3.140725437782229e-05,0.00023632989559608256,0.006936544162864838,0.007611024644225602,0.0001366797181257081,0.002520141355909333,0.00958231453628546,0.0004327221714277738,0.0004567622920626501,0.0001351287426008774,3.606018095231448e-05,0.00015238334531461926,0.0004003455573469323,0.001161874540038821,0.0003032157151044078,0.0012543514557068532,0.00027239007654839703,0.0010967335679959301,8.414042222206713e-05,0.0004329160433683776,0.00012000673123377777,1.8611706297968765e-05,0.00017506636236526869,0.0005112403073723295,0.0017411638985630987,1.7642346594949557e-05,0.0014811816262133475,0.0003861929056828519,0.001244851730617265,0.0005715344809001241
SRR8556985,fbm,0.0009635955142500827,0.00013357201692436026,0.002549217577902823,0.005820640717901575,0.0006979792649086669,0.004285217288060277,5.892883099604129e-06,5.019863381144258e-05,1.658737465073755e-05,0.02053407854296501,0.0002586320915937368,0.003466543047074533,0.0009463533748105002,0.0028054488652707954,0.0007206777775886235,0.000317997432449008,0.003071501624471441,0.00233336345251362,0.0002898425465286772,0.0001211314859363071,0.00032432682540784206,0.00017504045355120414,0.00680540696032431,0.001929373577796315,0.007633247908353882,0.022344066674261937,0.028974869690894273,0.0001794055521435035,0.048242196622374015,0.00044152972261107977,0.09865777583385388,0.00019228259299078657,0.0029848544174142988,0.00022218351834803717,0.01096032605540445,0.0005242483409351526,9.101230564944155e-05,0.00032061649160438764,0.010247505455281965,0.00036972385076775537,0.00021847318454458272,0.0035844007090666155,0.00034200547470665445,0.003558864882301664,0.005732902236196358,0.0006728799480029456,0.00024138995215415432,5.434547747412697e-05,0.003066481761090297,0.0003978787366880862,0.000324981590196687,0.0011414732818862813,0.0009847662424227344,0.0004426209972591546,0.0007726224508369858,0.00034353325921395925,0.0005022045930440408,0.0021808032567127576,0.0070721144843138,0.00025579477750874223,0.021839024767132904,0.0025350310074778505,0.00016565549157776052,0.00014121093946088413,0.0001785325324250436,0.0006523639846191386,0.00021629063524843304,0.0025068761215575196,5.740104648873652e-05,0.0007363921325209011,0.003641365245696122,0.000548692893052029,6.111138029219097e-05,0.000797940022672322,0.00014273872396818892,0.0002518661887756728,0.00098192892833774,0.00046160917613565676,0.0010266711889088084,0.00011392907325901317,0.0022694147581364347,0.000548038128263184,0.009758832667874053,0.002592213799036972,0.01339517805018903,0.0024933443159213917,0.00015801656904123666,0.007749359530909045,0.0002483741099018333,0.004728711305037891,0.0015755823368904522,0.0007256976409697678,6.416694930680052e-05,0.0005672445620693012,0.0005454190691078044,0.00035771982963893215,0.012089577061232294,0.0002475010901833734,0.0005554587958700929,0.00015474274509701214,0.00022349304792572698,7.857177466138838e-05,0.0007940114339392527,0.0024876696877514023,0.0001855166901727226,0.010101274652439938,0.0021563587045958814,8.097257888715304e-05,0.0004448035465553043,0.004202498669736204,0.0038685686274253033,0.0009016111142394318,0.0013298272861439985,0.0015934792411188795,0.0017403648087497528,0.0012970890467017533,0.003435769101998822,0.0001237505450916867,0.0004092279930280645,0.00031930696202669783,0.004021783588015011,0.004376447848639334,0.014056708741851998,0.012532634568350678,0.00043214476063763613,0.0001407744296016542,0.00010563538593364439,8.402814790176259e-05,0.0004884545324782978,0.0017578252031189502,0.0001582348239708516,0.001184687757950045,0.013988613203812127,0.00020974298735998401,0.009498018026984167,0.004148807957050922,0.00038936679443310246,0.00013771886058704466,0.004075256045770677,0.0007283167001251474,0.0009380596874851314,0.00018835400425771718,0.00019883024087923563,0.07689230297800122,0.00028176711413292337,0.000507660966284415,0.06581695657468968,0.0013101843424786514,0.0009181984888901693,0.0067781250941224384,0.00022480257750341677,0.0007431580353389652,0.0002634337000452661,0.0018276667805957399,0.04363374378355397,0.0020531241228880018,0.0029254890765590276,0.0004716489028979453,0.00018857225918733213,0.007678208423854566,0.025014197483171453,0.03872693645595026,0.002311974469411353,0.0014695104410975778,0.0003201799817451577,0.0013564543875570247,0.0001318259774874405,0.005161510830464372,0.0013680218988266178,0.0005980185071450116,0.000954865317065484,0.0010321275621491825,0.0002529574634237476,0.00013051644790975072,0.000778297079006975,0.00027652899582216416,0.0004958752000852068,0.00046335521557257654
SRR8556894,fbm,0.00028176331436703726,0.0042420208460363686,0.025535171105715865,0.0349346964086794,0.0053730286763377395,0.005653556186694395,0.0021792167919071643,0.0008727247921315864,0.008016413454544286,0.0374698247555765,0.0019308201858204343,0.03723329186798944,0.0007293715269273043,0.0020635455365354332,0.0007207208988546321,0.0003692582383020646,0.0003868066552494853,0.07325129407216947,0.001666110966796665,0.00019303258642162815,0.00040188346417614263,0.002794647189077272,0.01126237626821297,0.003952595546804965,0.005428392696002841,0.0038460692411100583,0.0026807060593200755,2.891781384293277e-05,0.022798606705126536,0.0002172543450251103,0.04769585578068335,9.317962238278337e-05,0.0019765449342045585,6.42618085398506e-06,0.0003784031879788895,0.00019723432005692607,0.00010949223531982237,1.2358040103817423e-06,0.0001764728126825128,0.00012308607943402154,6.302600452946886e-05,0.012797739170711248,5.017364282149874e-05,0.00037098836391659905,0.004243009489244674,0.0003299596707719252,0.00027088823907567793,5.140944683188048e-05,0.006721043690862144,0.00023084818913930946,0.00041646595149864716,1.977286416610788e-06,0.00011542409456965473,0.0002469136412742721,0.00025210401811787543,1.3593844114199166e-05,0.0002852235655961061,0.0002550699477427916,0.008578951440070055,0.0002105810033690489,0.010352330194967856,0.0012597786081831482,7.488972302913359e-05,7.760849185197342e-05,8.05744214768896e-05,0.0003811219568017293,7.315959741459915e-05,0.0010714420770009706,9.490974799731781e-05,0.0006048024826808247,0.00010553766248660079,1.2605200905893772e-05,0.00011616557697588377,0.008133567674728476,0.00023900449560782896,0.0003324312787926887,0.0006618966279604612,0.002285495936799994,0.007765792401238869,7.686700944574438e-05,0.0005281826340371566,0.00032971250996984886,0.006905919970815253,0.0003176016306681078,0.015737964072211487,0.022644131203828816,0.00033020683157400154,0.005067785085773449,0.0008697588625066702,0.004083096450301277,0.0003875481376557144,0.00019154962160917007,0.00023653288758706547,0.00023900449560782896,0.0009046085355994354,0.0010899791371566968,0.00020341334010883478,0.0002827519575753426,0.0004916028353298571,0.00019525703364031528,0.0008460314255073408,0.00011048087852812777,0.0008969465507350686,0.007752198557124669,0.001453305516208929,0.020248401549302773,0.002607793622707553,0.00012679349146516676,0.001067487504167749,0.0044021810457818425,0.0019095643568418682,0.00168810827818146,0.00719312082282797,0.00721338800859823,0.012365207767077637,0.00507519990983574,0.01564107703779756,0.0003153771834494206,0.0005106342170897359,0.0005373275837139815,0.0020413010643485618,0.007049026075217458,0.014867216566496514,0.012423784877169731,0.00018858369198425387,0.00045007982058103057,0.00015052092846449622,0.0001413759787876713,0.0005852767793167932,0.0009342678318485972,0.00019154962160917007,0.007028758889447198,0.0355439477857976,0.0006146889147638786,0.009964040574905911,0.005808773170398342,0.00011641273777796013,2.6446205822169286e-05,0.0001804273855157344,5.907143169624728e-05,0.0009369866006714371,0.00010479618008037175,3.8309924321834013e-05,0.0005519100710364861,2.7187688228398332e-05,0.00010430185847621906,0.0006052968042849774,7.019366778968296e-05,0.00035961896702108704,3.386102988445974e-05,0.0007301130093335334,0.00013420831552745722,3.9545728332215754e-05,4.671339159242986e-05,0.0009374809222755898,3.188374346784895e-05,3.21309042699253e-06,2.471608020763485e-07,4.94321604152697e-07,9.144949676824893e-05,0.016771837707296854,0.000736292029385442,0.0011381754935615848,0.0007380221549999765,0.00017054095343268044,0.0006955104970428446,0.0001386572099648315,0.006367356583090889,0.010192664316826534,0.00870253184110823,0.0020264714162239812,0.009457360930649398,0.0008616025560381508,7.1676632602141055e-06,0.0038984673311502445,0.0011839002419457092,0.0028725028417313217,0.0010556237856680843
SRR8557002,fbm,0.007089728616307174,3.60125522074185e-05,0.0023617333639260325,0.004543619610840166,0.0006454225674060094,0.001062909400181831,0.0013751619486629207,0.00431417436803362,0.00024691240884727056,0.06134145247464458,0.0010829642945248844,0.018213078723870412,0.0013356990920523964,0.007048109319444708,0.0017605178216848181,0.00034524608433579053,0.0062916300790637255,0.004538444154235507,0.001558243726052731,5.671437862605428e-05,0.00013003334719205602,0.0011519703825870037,0.00303950253511116,0.004421565092580293,0.0072551275836310655,0.018114313760331506,0.014513058539589655,0.0003467555925121494,0.03878012762675987,8.086650944779604e-05,0.1340104699487112,8.862969435478445e-05,0.0024430311614242165,0.00014965695348472118,0.0005658499221093781,0.002562713595406955,0.00015698885034132136,0.00018265048933942198,0.006048814906695143,0.0006566360567161038,0.00014642229310680936,0.001256342090780959,0.00019213882644796338,0.0047894537995614665,0.0016975497663281342,0.00010307784404279067,9.919625158929646e-05,8.194472957376665e-05,0.0024266422155094633,0.0007163694516948757,0.000497275122097647,0.00013758088807385032,0.0004998628503999766,0.0014681045235215876,0.0003221721736400194,0.00010394042014356716,0.0011028035448427437,0.0024887476947653706,0.0037742017289475365,0.00032368168181637824,0.051042940763448855,0.006674613867808488,0.00028486575728143616,0.00037004514723311464,0.00036939821515753226,0.0014894532820158058,0.0005089198994581297,0.0022795729903270718,0.00014254070065331513,0.0003049206516244896,0.0007780436429003949,0.00013391493964555023,2.264262264538289e-05,0.0003879436013242268,6.275241133148971e-05,0.00024130566419222336,0.0003245442579171547,0.00037112336735908527,0.00031958444533768994,0.00021435016104295803,0.0018543229726442616,0.0014189376857773276,0.016981751340011973,0.00011170360505055558,0.006629328622517722,0.0032723980823208126,0.0038802985893430448,0.004115781864855027,0.000133483651595162,0.006284729470257514,0.0013348365159516198,0.0004964125459968705,3.7090772333389116e-05,7.67692729691077e-05,0.0002799059447019713,0.00010544992831992603,0.009381593316070311,0.00010890023272303198,0.00020982163651388143,9.29425748586669e-05,8.776711825400796e-05,9.251128680827866e-05,0.0011222115071102148,0.001733993606585941,0.0008692610655575088,0.0035702024811138963,0.0015293474266767186,8.323859372493138e-05,0.00034783381263812,0.0031238193489620623,0.0011976869159281579,0.0010566557234512014,0.0005373849107837539,0.0009335229850653574,0.0009369732894684633,0.0007679083737162711,0.002313429102282549,0.00014167812455253865,0.0002579102541321708,0.00013046463524244426,0.000384708940946315,0.0015994317348648084,0.009664086989074611,0.010018390122468555,0.000463850298192558,3.0190163527177185e-05,2.3936486796547624e-05,0.00011558519750404979,0.0009382671536196281,0.0011935896794494695,0.0002883160616845421,0.0010501864026953777,0.005850638047541744,0.00010156833586643182,0.021650228841439537,0.008143580967430852,0.0001602235107192332,6.64183597597898e-05,0.0038729666924864447,0.0006378750265242151,0.0016956089701013872,0.0001621643069459803,0.004033405847230872,0.05559777386359912,0.00022038819374839346,0.0002693393874674593,0.00977967218657866,0.000302117279296966,0.0013460500052617141,0.00109633422408692,0.01530986321268194,0.0006788473913110984,0.00012464224656220295,0.0006143698277780558,0.019456913461190113,0.0007748089825224831,0.0010443640140151366,0.00016841798367660986,9.703981133735524e-05,0.01235252105116974,0.005045207613441696,0.00808384757245208,0.0003368359673532197,0.0003640071145276792,0.00021456580506815215,0.0008940601284548329,0.00012679868681414417,0.0009369732894684633,0.0005682220063865135,0.0006637523095475098,0.00011903550190715576,0.0006794943233866808,0.0002460498327464941,0.14709682761761655,0.0005757695472683078,0.0001802784050622866,0.0002057244000351931,0.00024777498494804704
SRR8557023,fbm,0.00013659900904043309,0.00017406094463011707,0.006259341213588541,0.00909868181956276,0.001469238839712484,0.0013038580996702208,0.019634165924851815,0.010822387709561268,0.003245482810111159,0.22233019178455185,0.00109142151370433,0.03126769591050435,0.08358009099138672,0.0007485534324841123,2.4213202271381116e-05,0.0005212691281442614,0.0021586298251372784,0.008419113170908432,0.0016716246624713868,0.00021472085033111553,0.0002528680652303669,7.994925278286217e-06,0.004954340981735707,0.002488020746602671,0.012078504683998294,0.042010819646592326,0.008564163958100196,4.065990570099848e-05,0.027287365254100426,0.004387843419159998,0.09489953462682087,0.004695305402719234,0.0013002032766858613,3.472081835141443e-05,0.003428680812202175,0.0004424620075440115,2.6497466636605747e-05,0.00011261423320557443,0.002393452201882371,0.000520583848834694,0.0002318528330703003,0.021433024112466212,0.0001315736274369389,0.0013860916168183075,0.006783808311844116,0.0004908884120867738,0.00019164978024234673,4.454315512188035e-05,0.002006040965540273,0.0007120052026405182,0.0012723352514301207,0.00040203052827953546,0.00015350256534309536,0.0003641117398168066,0.00012563454008735484,8.520306082287883e-05,0.0004854061776102346,0.027206045442698428,0.00738502669277124,0.00048677673622936937,0.022132465861097995,0.0018212439783936002,0.00011170052745948457,0.00010050763206988386,0.00013385789180216353,0.0007295940382527479,0.0001582995205100671,0.003540609766098182,9.799494126813677e-05,0.0017995434669239663,8.177666427504187e-05,6.8527930956739e-06,5.824874131322815e-05,0.003907462623153258,0.00014596449293785408,0.00041961936389176517,0.000330304627211482,0.001298604291630204,0.0035908635821331235,0.00020078683770324528,0.0005861422361166409,0.0004454315512188035,0.006658630624629807,2.124365859658909e-05,0.006466752417950937,0.004873478023206756,0.002014492743691604,0.0036450006475889475,0.00031614218814708927,0.014174088812655373,0.00024464471351555824,9.274113322812012e-05,0.00011832489411863601,0.00010667514585599038,0.000526522936184278,0.00017794419405099893,0.003215787373363239,0.0001608122113118142,0.00020649749861630687,6.921321026630639e-05,0.00012289342284908529,6.624366659151436e-05,0.0008810407656671412,0.0020775384401718043,0.00011101524814991718,0.0006989848957587378,0.0016592896348991738,7.720813554459261e-05,0.00039677672023951885,0.0034640869098631565,0.0012284773756178079,0.0009548225046638967,0.001567690633853666,0.0009788072804987555,0.000429898553535276,0.0010290610965336974,0.002675101998114568,0.00011878174699168094,0.0001644670342961736,8.543148725940129e-05,6.967006313935132e-05,0.00012814723088910192,0.005853427435888123,0.001401624614501835,7.241118037762088e-05,0.0001096446895307824,0.00011809646768211355,0.00011421321826123166,0.0004847208983006672,0.0011108377608087393,5.6192903384525985e-05,0.0022143658756487595,0.00679248851643197,0.0001334010389291186,0.008837818829054107,0.0007576904899450109,0.0001503045952317809,0.00022591374572071625,0.007959747607061758,0.0013929444099139814,0.000753807240524129,0.00014185281708044972,9.15990010455078e-05,0.010760027292390636,3.380711260532458e-05,7.081219532196364e-05,0.024125258093319966,0.00047078688567279693,0.000137055861913478,0.0023445689444665636,0.00013659900904043309,0.00039403560300124924,0.0007046955566717995,0.0005244670982555758,0.0060900772241253955,0.00021243658596589092,0.00033784269961672326,3.540609766098182e-05,2.878173100183038e-05,0.00019027922162321196,0.003007690889691275,0.0028989599059065824,0.0002880457364548263,0.0034661427477918586,0.00037233509153161525,0.0032991630226939382,0.00020398480781455976,0.001479518029355995,0.009573351954656438,0.0006377666107707176,0.011676017302845714,0.0024816248063800417,0.0011503555343271253,4.705584592362745e-05,0.000554619387876541,0.00023893405260249666,7.652285623502522e-05,0.0008803554863575738
SRR8556892,fbm,0.0012877914108920137,0.00034420128193171396,1.722124672432877e-05,0.001444124546740141,5.658409637993738e-05,0.00010578765844944815,0.003243856655709928,0.0017044561205988252,0.0004282946425596051,0.04122274430183612,0.00014336128766616546,0.008721555029375645,0.01961388175623616,0.00028247317678996406,3.73499766618559e-05,0.0006069930338938737,0.008570813207399053,0.006200319778422941,0.000423374286352654,0.00021179896945375772,0.0002540693023225647,5.367661316673902e-06,0.004493850784830363,0.0023763083954025086,0.011697699576916461,0.01556375764025084,0.017250768861570474,7.179247011051343e-05,0.045481088946397415,0.00010824783655292369,0.21923698247078371,0.0004001144206470671,0.0004801820352874528,1.2748195627100516e-05,0.002325539265448968,0.0003412937987185156,2.4825433589616797e-05,5.904427448341292e-05,0.02851704266015927,0.00034800337536435797,0.00011272088765015194,0.005526230978070644,6.485924090980965e-05,0.14162663845066034,0.003672598603379256,0.00014179571978213557,5.747870659938303e-05,3.310057811948906e-05,0.0025503100830846876,0.0006353969083612731,0.0021000974901486643,9.460503070637752e-05,0.0006514998923112949,0.0019234119718081481,0.0005949157959313575,9.460503070637752e-05,0.0012813054868010326,0.0005779182017618901,0.012385654835670168,0.0004837604761652354,0.05577961814010088,0.008222138874370111,0.0003471087651449123,0.00040637669218318665,0.00035583121478450743,0.001769315361508635,0.0006235433229536182,0.0033156491258204412,0.00015991157672591,0.00029052466876497494,5.4123918276461845e-05,7.82783942014944e-06,0.0002115753168988963,0.018929057633250514,0.002013767603972159,0.0034077939784233433,0.001607838216898695,0.006203898219300724,0.012903634152729198,0.0001704232468043964,0.0024706897735540245,0.0016009049876979913,0.004136677654716687,5.9715232147997155e-05,0.014534284930223757,0.0005347532586736374,6.441193580008683e-05,0.002326433875668414,0.0005627098280313141,0.0006957830981738545,0.0017485156739065234,0.0007445393551336424,5.032182484381783e-05,3.131135768059776e-05,0.001085833153852158,5.747870659938303e-05,0.002333143452314256,0.00015789870373215728,0.00028515700744830106,6.57538511292553e-05,0.0001795930015537143,0.00022879656362322507,0.0006506052820918492,0.0008838748968123025,0.0001992744263815186,0.0007812183741309142,0.0010334984560145875,9.192120004804057e-05,0.00014872894898283938,0.0015816708679799098,0.0007646680850711697,0.0005707613200063249,0.001026117921704161,2.4601781034755383e-06,7.82783942014944e-05,4.6967036520896644e-05,5.054547739867924e-05,0.00012099603218002421,0.00026391001473646683,0.0001672921110363366,0.0010818074078646526,0.0013173135481337201,0.007092917124874839,0.0026153929765493585,0.0002847097023385782,0.00020128729937527132,0.00043299134621169476,7.604186865288027e-05,0.00046318444111798546,0.0011840166254363182,8.208048763413842e-05,0.0006944411828446861,0.003623842346419468,2.9074832131983636e-05,0.005946026823545515,0.004063990574386728,0.0006123606952105476,8.208048763413842e-05,0.00016505558548772248,4.920356206951077e-06,0.0008279617580969494,0.00020687861324680663,8.140952996955418e-05,0.0289075400209473,5.434757083132326e-05,0.0004041401666345725,0.0046454872170264006,0.00030036538117887707,0.0013112749291524619,0.0011001469173632884,7.626552120774168e-05,0.00017511995045648606,0.00015566217818354316,0.00037059228340536064,0.018777421201054478,0.0007147935653370746,0.001123183130514014,0.0001762382132307931,0.00012300890517377691,0.00022275794464196694,0.00045065989804574634,0.00035270007901644764,0.0008384734281754357,0.0023094362814989463,0.00026279175196215976,0.0005891008295049608,8.118587741469277e-05,0.0003907210133428878,0.022889049769626687,1.811585694377442e-05,0.024890069177971746,0.00752054080976986,0.0008702320909657564,5.8373316818828684e-05,3.1982315345182e-05,1.476106862085323e-05,0.000732909422280849,0.000635844213470996
SRR8556968,fbm,8.680785293479354e-06,0.0022654732351275386,0.0023135351439475343,0.004012851796763761,0.0006580458705398495,0.0006135833117195895,9.252446764025555e-05,0.0003514659411506275,2.0537467645548716e-05,0.05726163569284841,0.003540913493857286,0.002506417958639234,0.008328260719975862,0.005478210699597191,0.0012781927028471917,0.00038936497938313493,0.002059675105730906,0.003363910164458536,0.0002024105058674698,8.25733235233402e-05,0.0002386157323353959,0.0003902118852654256,0.0036328027820858233,0.003096076179184112,0.00949254458165496,0.034071235371024175,0.04467936672612652,0.00017996749998676708,0.05448420785187616,0.00010099352646316224,0.14389460256294892,0.0006320035146594115,0.011582496572677757,0.0010205215881602557,0.0007404074675926171,0.0011153750469768107,0.0008128179205284693,0.0003747558529136209,0.00029895777644860607,0.0004846418911408352,0.00013317594999020765,0.007307739131815608,0.00022019552939557386,0.002308030255712645,0.003961825717355748,0.0003135669029181201,0.00042345294114533435,0.00011962545587355696,0.0031608644791793483,0.0004721500293770478,0.0005303748087845312,0.00024136817645284056,0.001716889949873758,0.0007408309205337624,0.00169402349105191,0.00029811087056631536,0.0015733394028254897,0.01758218956929543,0.007807837055308247,0.0004029154734997856,0.044971549255516795,0.0057926245083976015,0.0003368568146811135,0.00022802940880676254,0.00026804571174499667,0.0012616780381425237,0.0005699676587816201,0.002502606882168926,0.0001122150294035136,0.0015159615293002969,0.009218147075792783,0.0013459451734304452,3.048861176246407e-05,0.0008996257734632628,7.09283676418435e-05,0.0001264007029318823,0.00017763850881046775,0.00029980468233089673,0.001075782196979722,6.182412940721881e-05,0.0001295765999904723,0.001241775749908693,0.04006711729117154,0.0009358309999311889,0.005432266055482922,0.002918014217432499,0.003630473790909524,0.006654774696569502,0.00022464178527759987,0.0023793820762956336,5.017917352572212e-05,7.622152940616018e-06,0.00018335512351592978,0.00045309464702550774,0.0002820196588027927,0.00046325751761299577,0.0025629489262821363,0.00015964175881179104,0.000283078291155656,8.06677852881862e-05,9.379482646369155e-05,7.982087940589552e-05,0.001183339244030637,0.0013260428851966145,0.00022527696468931788,0.0013448865410775818,0.00585444863780482,0.00010162870587488024,0.0015826553675306872,0.011615314175616521,0.00496540918787019,0.0014431276234232995,0.000700391164654383,0.00106371378815708,0.002692313799802036,0.000575049094075364,0.0021322972851373313,0.0001012052529337349,0.00023522810880623323,0.00028011412056763865,0.0011242675587408626,0.0016569713587016933,0.00236244395864982,0.0014985999587133383,3.3029329409336077e-05,9.104238234624688e-05,3.578177352678075e-05,0.00023840400586482322,0.0012311894263800597,0.0019002450733896878,0.00013042350587276299,0.0011217268410939907,0.013028800093159647,8.405540881734886e-05,0.0027052291145069685,0.0021509292145477257,0.00012089581469699296,0.00011539092646210361,0.0005081435293744013,6.902282940668949e-05,0.00029768741762517005,0.00013338767646078032,4.298047352625144e-05,0.11597042181206099,0.00011602610587382161,0.00010925085881549626,0.016700348819360267,0.0005765311793693727,0.0018947401851547986,0.0029315647115491497,0.0008602446499367467,0.0005369383293722839,0.0004592347146721151,0.0013832090322512347,0.08513436691138718,0.0029959295586032405,0.0047826892437659784,0.0008911567146403562,0.00021109129116094917,0.00037962556173679225,0.0019451310851510933,0.002114512261609227,0.00023903918527654123,0.008037983728820737,0.0005460425676069087,0.000273550599979886,7.643325587673285e-05,0.001111987423447648,0.0006682087411273376,0.0008085833911170159,0.00019436489998570847,0.001251303441084463,0.0003927526029122976,8.977202352281088e-05,0.000841612720526352,0.0001503257941065937,0.002467672014524436,0.0010325899969828977
SRR8557004,fbm,0.0010314453749642682,0.0015872336390935309,4.033091159181155e-05,0.0010556792999119795,8.649919196664846e-05,5.642789823591178e-05,1.7688996312198048e-06,8.225383285172092e-05,1.7688996312198048e-06,0.0001848500114624696,5.837368783025356e-06,3.7323782218737884e-05,0.00019245627987671477,1.3266747234148536e-05,1.8750336090929933e-05,1.804277623844201e-05,5.9788807535229404e-05,5.0059859563520475e-05,3.838512199746976e-05,3.997713166556759e-05,8.278450274108686e-05,1.857344612780795e-05,0.002467438095588506,0.00028585418040512047,0.019062723765803348,0.0016493220161493461,0.03843624319681202,0.0002582593461580915,0.07410238957113383,0.0003452892080141059,0.23878376121836145,0.00021545197508257224,0.0006139850619963943,1.5920096680978244e-06,0.0012120500273118103,0.0008105098110249146,0.0009164668989349809,0.00017352905382266286,0.0005853288879706334,0.001324905823783634,0.00013089857271026556,0.0033308380055868925,0.0010636393482524687,0.0007240106190582661,0.011584877464784746,0.0007988350734588639,0.00038915791886835705,3.873890192371373e-05,0.03118729250807326,0.0001712294843020771,0.0002936373387824876,0.0028332465393247613,0.0005586185035392144,0.0014115819057134043,0.00036297820432630394,0.0016824004392531563,0.0017650080520311214,0.001976214667998766,0.004814237236327821,6.474172650264486e-05,0.07694731084802463,0.010133849097295141,0.00033679848978425083,0.0004590294543015394,0.00044470136728865894,0.0018891848061427516,0.000716227460680899,0.007005550099482915,7.88929235524033e-05,0.0017344060884110187,0.00010560330798382235,3.7146892255615904e-06,3.590866251376204e-05,0.0008052031121312552,0.0001494720188380735,0.0001867958010568114,0.00012152340466480059,0.00040843892484865296,0.0008020190927950596,0.0001079028775044081,0.00264645073826795,0.0015930710078765563,0.0026377831300749732,3.396287291942025e-05,0.0057073546601307005,0.007393823568535662,5.1298089305374343e-05,0.002106228790893422,0.00018520379138871356,0.007075067854989853,0.0017819894884908314,0.0008646381397402406,2.6002824578931133e-05,2.2641915279613503e-05,0.0003288384414437617,0.00014575732961251192,0.0002580824561949695,0.00010737220761504216,0.00010348062842635859,0.00019758608880725222,0.00013372881212021724,8.225383285172092e-05,0.0010121643689839724,0.0025183824049676362,9.322101056528372e-05,0.0020409563945014107,0.0013468401792107595,9.410546038089363e-05,0.00015247914821114717,0.001858582842522649,0.0010220702069188032,0.002294970381544575,0.0006295513787511286,1.2912967307904575e-05,0.00012028517492294674,7.641646406869558e-05,0.00010861043735689603,9.269034067591778e-05,0.00017795130290071238,5.342076886283811e-05,0.000371822702482403,0.0004314346200545104,0.003936509239316554,0.004235807056918945,0.0002531295372275541,4.333804096488522e-05,3.254775321444441e-05,1.2912967307904575e-05,7.836225366303736e-05,0.00072524884880012,3.8031342071225806e-05,0.0017823432684170755,0.011916899925564703,9.905837934830908e-06,0.0001342594820095832,0.005275743150113068,0.00022518092305428116,1.2205407455416653e-05,0.00030725786594288013,1.2028517492294673e-05,6.014258746147337e-05,0.00013461326193582715,5.16518692316183e-05,0.0650599515463013,4.811406996917869e-05,0.0005326156789602832,0.1550585576533919,0.002721982752521036,0.0029692749209655643,0.014922260399007152,0.00017618240326949258,0.0001033037384632366,0.00021775154460315798,0.0030320708578738674,0.024938300780863055,0.0014014991778154514,0.0017259153701811637,0.0001839655616468597,0.0001586702969204165,0.0003127414547996615,0.005247971425902917,0.0002747101127284357,0.0005407526172638943,0.0022167850178446595,0.0002419854695508693,0.0007998964132375958,8.06618231836231e-05,0.0020535155818830714,0.0053348243977958095,0.0006935855454012855,0.005354105403776105,0.001785173507827027,0.0007738935886586647,5.306698893659415e-06,2.847928406263886e-05,1.0082727897952888e-05,0.00014275020023943826,0.0004949381168153014
SRR8556939,fbm,2.0692220504091705e-05,0.00032158145042241343,7.790012425069818e-06,0.0008043187828884588,3.481161802453075e-05,4.381881989101773e-05,0.03049181269694125,0.09140289360011529,0.004157188818216165,0.02519630831311176,0.0005455443076431707,0.0009571977767304538,0.002703134311499227,0.003261337389333136,0.000844486034455225,0.000192802807520478,0.003003780103529265,0.0022671370535836005,8.739420189375203e-05,2.2639723610359157e-05,0.0001017570373024745,3.456818013624732e-05,0.003909369047943631,0.0040554317809136904,0.009527185195860387,0.009339981459770429,0.023437469570263963,3.627224535423134e-05,0.03352918722905363,7.181417704361238e-05,0.17210815263750345,0.00040581095976848083,0.08298335079594452,0.008071670061813748,0.0008172209909674806,0.00031939050942786254,0.00023223974542239395,3.335099069483016e-05,0.0017164805502864777,5.81816552997402e-05,0.00016359026092646617,0.014100896240929504,0.0001253705124659674,0.0007734021710764629,0.0030661002029298235,0.0002670513634469247,0.00020838283237061762,0.00021860722367852178,0.002541978429455595,0.00039047437280662463,0.000458880419414269,0.0001859865466485419,0.0008043187828884588,0.0003120873727793596,0.0008308535127113528,0.00020473126404636614,0.00042139098461862047,0.002840676718379366,0.0031162484079162106,0.00030137610569488856,0.020061716373437614,0.0019277846373164965,0.00024197726095373122,0.00011417236960492952,0.0002166597205722543,0.0006343991368666233,0.0001628599472616159,0.0019282715130930633,0.00035006368335157494,0.00043964882623987784,0.0022113897771666945,0.00040069876411452876,0.0001806309131063064,0.00030673173923712407,0.00012658770190738454,0.000287500146062733,0.00022542348455045785,0.00022688411188015844,0.00027338074854229395,0.008170992720233389,4.844413976840293e-05,0.0005966662641826914,0.004913793775001071,0.0007259317828611937,0.005853220585886835,0.011492459267972533,0.0004915010964442488,0.016771896751175318,0.0004893101554496979,0.026249420617825887,1.5580024850139636e-05,4.722695032698577e-05,0.0003495768075750081,0.0006920939163897967,0.0004566894784197181,0.00038755311814722346,9.859234475478988e-05,0.00017990059944145612,0.00013340396277932063,0.00015774775160766382,0.0004162787889646684,6.524135405995973e-05,0.001171423118419874,0.0014097488110493537,0.010167426842045814,0.0003819540467167045,0.0002278578634332922,7.716981058584788e-05,0.00016578120192101706,0.00185353608139005,0.0010596851276977787,0.0020356276218260567,0.0005338592890055659,0.00019158561807906084,0.0005260692765804961,0.0002928557796049685,0.000637076953637741,0.00016261650937333244,0.0007293399132971617,3.5541931689381045e-05,2.6534729822894068e-05,7.716981058584788e-05,0.0023735194107634603,0.0015891625347142428,3.773287268393193e-05,4.333194411445086e-05,0.0006343991368666233,0.00011806737581746444,0.0005438402424251867,0.017864689431679643,0.00015872150316079755,0.0012914379973436058,0.01651312227593003,4.5279447220718315e-05,0.019716764885739993,0.010778212503748944,0.0002256669224387413,3.310755280654673e-05,0.0012164591277523088,0.00017722278267033836,0.0017422849664445214,0.00024002975784746377,3.0186298147145544e-05,0.05897672344287389,0.00010565204351500941,9.834890686650645e-05,0.008464091937726641,0.00023297005908724425,0.00019401999696189515,0.0014248419601229263,0.0001346211522207378,0.00024149038517716435,0.00029115171438698443,0.0007410249319347664,0.03722287030797814,0.0015129664756815288,0.0021909409945508863,0.0004060543976567643,0.00029042140072213415,0.0003322927175068844,6.305041306540884e-05,0.00015482649694826262,0.00027459793798371106,0.00016651151558586737,3.408130435968045e-05,0.0002027837609400987,3.8463186348782224e-05,0.0001270745776839514,0.008015192471731993,2.726504348774436e-05,0.007830909990301435,0.001954075929251107,0.0031603106656955117,6.085947207085795e-06,0.0013863787737741441,6.670198138966032e-05,0.0006862514070709942,0.0017038217800957392
SRR8556916,fbm,0.00021353126525143484,6.706383958901849e-05,0.005997653302125101,0.008746913051463717,0.0015047337234720042,0.0019434206528369702,0.004874557535141005,0.013382544480762246,0.0008133502465356162,0.05155653383317056,0.0007766886808936194,0.0021458640299430207,0.003867169246061162,0.008104352049748135,0.002286251000816033,0.00023141495580850644,0.0033320892245935797,0.003772564523014253,0.00017204110315902874,0.00011266725050955105,0.00034122081582892605,6.974639317257923e-06,0.0038145911958233714,0.0015612461856323503,0.012111729429776738,0.0020650297486250573,0.04043341481738874,0.00011105771835941461,0.04699815994707858,4.7570616881810445e-05,0.1432329813882644,0.00012357630174936472,0.005104899469516087,0.00045531876158304285,0.00022730170698037998,0.0021565942442772637,0.00031242807403204076,0.00020011849733363114,0.00031403760618217724,0.00017186226625345803,0.00013162396250004693,0.001675344131386467,0.00019332269492194394,0.00039648141965027727,0.00793338396802253,0.0006459589029214261,0.00044190599366523915,5.096851808765405e-05,0.002740675577871222,0.0006466742505437089,0.0012949580332375543,0.00035159335635202756,0.0018364761833056821,0.00045245737109391137,0.0020169226210265344,0.00020208570329490903,0.0006123375646741315,0.11178612107580413,0.008920563686772883,0.0006232466159139451,0.028589404235251366,0.002836889833068267,0.00016309925788049297,0.00013752558038388057,0.00019135548896066608,0.000838029739504375,0.00017722737342057952,0.002728514668292413,0.00016256274716378082,0.0010826786263251145,0.0018137638962982012,0.00027862789887917545,4.774945378738116e-05,0.0016061342489306,0.0001187477052989554,0.00035499125755787117,0.0002117428961957277,0.0005687013597148767,0.0015732282583055884,0.00021549847121271273,0.0008070909548406411,0.0007409212997794762,0.0032584084194984446,6.187756932746772e-05,0.005401947569669046,0.00021210057000686913,3.952295613112823e-05,0.0015487276022424002,0.00014342719826771418,0.00039254700772772155,0.00038145911958233715,0.00017025273410332158,7.672103248983714e-05,3.4694359680718894e-05,0.0004989549665422975,0.00011105771835941461,0.00015487276022424002,0.00012429164937164758,0.00017794272104286238,9.692960281932804e-05,0.00019207083658294893,3.523087039743104e-05,0.0008507271597998958,0.0016302772311826467,0.00015755531380780077,0.004745794963130089,0.0023121823521237866,6.366593838317488e-05,0.0008101311822353433,0.005955805466221553,0.0017229147482682775,0.0005304302619227435,0.0007555859260362749,0.001126314831284369,0.0012776108533971947,0.000838029739504375,0.0026596624596476877,7.958242297896861e-05,0.00022676519626366784,0.00016989506029218017,0.0007836633202108773,0.0025283961709587823,0.0035652925494577934,0.0018064315831698018,9.335286470791374e-05,0.00010336773141987382,5.847966812162412e-05,9.907564568617664e-05,0.00039594490893356515,0.003531671211210499,0.00010837516477585387,0.0009610695305370276,0.007145786235889098,0.00010676563262571742,0.01519201629132675,0.0044088662330348605,0.00016220507335263937,0.00020154919257819688,0.006978931402991619,0.0010732002703298664,0.0012734976045690684,0.00024447004991516873,0.0013536165382647492,0.13147874693272352,6.402361219431631e-05,0.00025841932854968455,0.01766032326201377,0.0006053629253568735,0.0016479820848341476,0.0029086034322021244,0.00027075907503406395,0.00040095234228954517,0.0005395509441068501,0.001846669886923213,0.08850370201336377,0.0034844582681398295,0.0058563721467242355,0.0010631854036179064,0.00039487188750014085,0.0002332033248642136,0.008795735526684523,0.012136230085839927,0.00047230826761226086,0.00036804635166453345,0.0002151407974015713,0.00959459998386891,0.0004937686962807467,0.003317961109053493,0.0004808924390796552,0.000642203327904441,7.332313128399354e-05,0.0006981792793480751,0.00036464845045868985,1.949322270720804e-05,0.0005663764799424575,0.00020691429974531837,0.00032655618957212735,0.00032065457168829373
SRR8556947,fbm,9.185171693333305e-06,1.231203865276592e-05,0.0014498891232519104,0.002271277987657865,0.0003838229192703534,0.000312882125128226,3.908583699290768e-06,2.208349790099284e-05,0.0,0.02518183219942063,0.00010494547232595712,0.007360058534949481,0.0003965258162930484,0.0027661046839880764,0.0007885567613319124,4.6903004391489215e-05,0.00038225948579063713,0.001570273501190066,0.0005446611384961685,3.087781122439707e-05,0.00016572394884992856,1.7588626646808456e-06,0.0009435321050087913,7.250422762184375e-05,0.011187929980849894,0.011424008436287056,0.056634986944353295,0.00011569407749900673,0.08340937157204996,0.0013656591445321943,0.22363587008884014,0.00011373978564936135,0.0007140982418604233,5.589274689985798e-05,0.001165148800758578,0.0011698391011977268,0.00017412740380340371,5.3938455050212597e-05,0.000865360431022976,0.0008897890791435433,0.00026597912073673675,0.0026767935464592826,0.0002458499146853893,0.0018249177291988596,0.007662192054904657,0.0008948702379526213,0.0006605506451801398,5.8824184674326054e-05,0.003569123205007365,0.006691690722370759,0.0016517674713202785,0.0004958038422550339,0.003459878290612188,0.0011114057748933298,0.0022695191249931844,0.00045886772629673614,0.0008639924267282242,0.00218665715056822,0.03531972116945606,0.0009912168261401388,0.035595667178625987,0.0050027917059072185,0.00021594924938581493,0.00022005326227007025,0.00021692639531063762,0.001028348371283401,0.0003187450006771621,0.02535674131996389,0.0009908259677702098,0.0007852344651875152,9.478315470780113e-05,3.2245815519148834e-05,1.6220622352056687e-05,0.0013173881358459533,2.208349790099284e-05,3.674068677333322e-05,7.934424909560259e-05,0.0003099506873537579,0.001315433843996308,7.817167398581536e-07,5.706532200964521e-05,0.0007588515252173026,0.0028384134824249556,1.5243476427233995e-05,0.0014844800889906337,0.00011823465690354573,3.029152366950345e-05,0.00017979485016737532,5.843332630439698e-05,0.0007547475123330472,2.931437774468076e-05,7.230879843687921e-06,9.966888433191458e-06,1.1725751097872304e-05,4.143098721248214e-05,1.465718887234038e-05,0.001491124681279428,2.462407730553184e-05,0.00010494547232595712,9.77145924822692e-06,0.00019308403474496393,1.3093755392624073e-05,0.0012122472343350317,0.00022376641678439646,2.3451502195744607e-05,0.00014324959257900664,7.426309028652459e-06,3.908583699290768e-07,1.2702897022694996e-05,0.00011667122342382943,1.094403435801415e-05,0.00019992405621872277,0.00012390210326751735,4.5925858466666526e-05,1.700233909191484e-05,5.0420729720850906e-05,0.0001383638629548932,7.836710317077989e-05,1.3680042947517688e-05,1.6220622352056687e-05,2.8728090189787144e-05,1.954291849645384e-07,0.0012046254961214148,0.001267553693679996,1.0357746803120535e-05,2.9509806929645297e-05,5.13978756456736e-05,3.908583699290768e-07,0.00023138815499801346,6.976821903234021e-05,0.0,0.00012077523630808473,0.00014852618057304917,1.0357746803120535e-05,0.014414074966244495,0.002716074812637155,0.0004078607090209916,0.00017881770424255263,0.012254777901571309,0.002010575454915171,0.001096944015205954,5.608817608482252e-05,3.908583699290768e-07,0.16397798451145537,0.0004829055160473744,0.0008997559675767348,0.023560160822584893,0.000995320839024394,0.0008772816113058129,0.004211694365170767,0.0006169699369330477,7.289508599177282e-05,0.001127040109690493,0.002362934275406234,0.12360935034844046,0.004656491190150057,0.0065898721170042345,0.0013803163334045348,0.0006187287995977286,0.00012702897022694995,0.0001754954080981555,0.0001878074467509214,4.104012884255306e-05,0.0009640521694300679,9.087457100851036e-05,0.00012155695304794288,1.0748605173049611e-05,0.00012898326207659534,5.0616158905815445e-05,4.299442069219845e-06,6.66413520729076e-05,0.00026050710355772966,6.390534348340405e-05,6.840021473758844e-06,3.752240351319137e-05,1.094403435801415e-05,1.3875472132482226e-05,0.0002106726613917724
SRR8556984,fbm,0.005406823695394092,6.999504169201869e-05,0.000384190661801164,0.0018773530456054845,0.00014781075843342493,0.0005578096478975679,0.00013823043149792518,0.0006149005757580972,2.8936497682733982e-05,0.015121861758619556,8.935121243925291e-05,0.008120206903779107,0.0011977363838137052,0.00021350442884828048,2.5808227662978958e-05,0.00024635126405570825,0.0028713608443826436,0.04457960743339522,0.0007930164500078989,9.404361746888545e-05,0.0001394035327553333,0.00013510216147817015,0.0037443436967705304,0.0005151869688784057,0.012594610616409966,0.026431730981291382,0.030848261698556773,0.00020099134876926038,0.05021381725585026,0.00027763396425325846,0.15251997791441366,0.003044784313602813,0.0007189155539149518,5.415817471700887e-05,0.00040550200131074515,0.0005212479920416811,0.0009259679258474874,0.00019414825810104626,0.0001128132375874156,0.0005235941945564974,0.0001790934586309752,0.012559808612440191,9.345706684018138e-05,0.0025645948655704165,0.004496497119645379,0.0005849864936941897,0.0002686401879464628,1.661893447994857e-05,0.00491470771791138,0.0024828688113043168,0.0008778707742937539,0.00017850690800227112,0.0012655807398671425,0.0008753290549027029,0.0011725147067794303,0.00031263148509926784,0.0009091534744913042,0.04902624774960075,0.002637913694158425,0.0004379578027657035,0.04265239758434989,0.005003276862845693,0.00028897394307487046,0.00029288428059956424,0.000409998889464143,0.001160783694205349,0.00030637494505975776,0.00761538232934114,0.0003357024764949611,0.0012127911832837763,2.5026160158040202e-05,6.2565400395100504e-06,4.966128656361103e-05,0.0005472517365808947,7.762019986517156e-05,0.00011965632825562972,0.0001358842289831089,0.0002715729410899831,0.0005828358080556081,3.538855459847872e-05,0.013254284556825808,0.0012542407610455304,0.005962091623900608,0.00010225532627074239,0.01958218825616152,0.0037271382116618778,3.617062210341748e-05,0.0014800627530965962,0.00042524920581044876,0.0038190311434921818,0.016433779998154322,0.007526422150654356,0.00013353802646829264,0.00018202621177449552,0.00038438617867739874,4.438233090527442e-05,0.0033237868959897143,0.00014174973527014958,0.00015719556849269002,4.7315084048794756e-05,4.966128656361103e-05,6.158781601392706e-05,0.0006962355962717278,0.0007664261548399812,0.0012851324274906113,0.010803284996347745,0.0011860053712396239,0.00011848322699822158,7.50784804741206e-05,0.0015817315287386345,0.0011480750972500942,0.0006438370734408311,0.000756454794152012,0.0008657487279672032,0.002511609792110816,0.00021409097947698452,0.0013072258345051312,6.647573791979428e-05,9.208844870653855e-05,6.27609172713352e-05,0.0008712232005017745,0.003399451927092539,0.009449526145298757,0.01252305143970807,0.002002874880148155,5.4549208469478255e-05,7.429641296918185e-05,0.0001736189860964039,0.0009314423983820588,0.00018867378556647495,3.22602845787237e-05,0.0005582006816500373,0.006507388191719156,4.262267901916222e-05,0.040855793008629335,0.018213179088766226,0.00026023296226837116,8.739604367690602e-05,0.00022445337391742307,6.725780542473304e-05,0.0028959959707882147,0.00019688549436833189,3.5193037722244036e-05,0.08744687806472703,5.122542157348854e-05,0.00026414329979306493,0.013009888461532445,0.0006287822739707601,0.004124037470418297,0.0020243817365339705,0.00024263644340724914,0.0005020873381706816,0.00046728533420090687,0.0012939306869211723,0.06111916206159251,0.002334080468489718,0.00320061126396186,0.0007359255221473696,0.000276069829243381,0.0003703089635885011,0.001765126358646773,0.0027006746114297603,0.00027411466048103407,0.0009773888642972107,0.0003626838054153482,0.001761998088627018,0.00013256044208711918,0.0008465880740962037,0.0010426915009595968,0.000346455904687869,0.0008090488338591433,0.0006258495208272397,0.0007578234122856549,7.683813236023281e-05,0.0015127140714277893,6.725780542473304e-05,0.0005785344367784449,0.000616855744520444
SRR8556948,fbm,0.0008181178743789981,0.0002693802757101579,0.008629037309168187,0.011761275864802141,0.002014809263799226,0.0023847914325986715,0.0010769668224379358,0.0006271682756502957,0.00015824705496965036,0.08977541112363169,0.00035473945772531085,0.0015835791105018953,0.0013995580168068903,0.009114864082131052,0.0029667858554292595,0.0007327586923638452,0.011691990814465167,0.006815154691346186,0.00019233529973544197,0.00016462127960065206,0.00013801582027125374,1.579699147683025e-05,0.004188974143373494,0.003473121003291871,0.014475864137004813,0.04579021262750528,0.017281631535450943,0.00013108731523755627,0.05473629832701546,0.00019510670174892095,0.12083783917110691,0.00012831591322407727,0.047195590588540476,0.0041080492045799085,0.0003519680557118318,0.0006607022400133914,0.0010836181872702854,0.0001826353926882655,0.00022171216107831927,0.00026356033148185204,0.0003824534778601007,0.0012790020292205544,0.00037829637483988225,0.0002724288179249848,0.00470805774049811,0.0004389900789350721,0.00018928675752061507,4.184817040353276e-05,0.0033071140226844796,0.00013081017503620838,0.00040129901155175785,0.0019319443435962045,0.00031261414712043016,0.000425687349270373,0.0010969209169349845,0.0004542327900092066,0.0005542804026957981,0.0003303511200066957,0.0029266005262338145,0.0004231930874582419,0.024753054223588953,0.0024039141064916766,9.589050966637309e-05,0.00013912438107664533,0.00017016408362761004,0.0007998266210900367,0.0002100722726217075,0.0023881171150148465,0.00021894075906484027,0.0008283720618288703,6.207940510192939e-05,3.3533964363095787e-05,0.00012693021221733778,0.0006077684615559427,0.00010531327651220166,0.00041515602161915283,0.00019593812235296464,0.0005645345901456704,0.0005484604584674922,0.00014189578309012433,0.0020641402196391523,0.0006460138093419528,0.006177177947843323,0.00011057894033781174,0.009522260178112465,0.0029047064503273305,0.0001468843067143865,0.03648994175067248,0.0012180311849240165,0.008508758461783198,0.0013385871725103526,0.0006196854902139024,8.785344382728401e-05,0.0038561287615546678,0.00044231576135124695,0.0020258948718531425,0.004991295026275663,0.00016434413939930416,0.00014937856852651762,0.0002053608891987932,8.785344382728401e-05,0.00011695316496881341,0.001389580969558366,0.0022265443776290214,0.004164862945856228,0.0013247301624429576,0.001851019404802618,9.893905188119997e-05,0.0002053608891987932,0.004920624274931948,0.002072731565880937,0.001282604851838077,0.0021966132358834482,0.0005781144600117175,0.001955224120509428,0.00022503784349449407,0.0015580822119778887,9.977047248524367e-05,0.00037053644920214106,0.0011235263762643828,5.764516188036301e-05,0.0008885114855213645,0.004924227097549471,0.0030754248143576362,0.0002136750952392302,0.00018623821530578817,6.817648953158318e-05,0.00018485251429904869,0.000716684560685667,0.003465915358056826,0.00029238291242203354,0.0011146578898212501,0.01572022364105688,2.715973973209411e-05,0.01123249236063035,0.005227141337622724,0.0005030094654464368,0.00015298139114404028,0.004360246787806496,0.000782643928606467,0.0012349367372062384,0.00022282072188371086,2.9931141745573102e-05,0.04317206914537167,0.00014605288611034282,0.00023612345154841002,0.10241549856690801,0.0017238120523839324,0.0022750439128649035,0.009865082607179816,0.00011445890315668232,0.00022198930127966717,0.0001876239163125277,0.0019175330531261137,0.01855093365762432,0.0009722078263284299,0.0010101760339130922,6.651364832349578e-05,7.565927496797645e-05,0.0001507642695332571,0.004313410093778701,0.006654413374564405,0.0001551985127548235,0.001886216210373801,0.00031593982953660493,0.0008292034824329141,0.00022060360027292768,0.0011894857441851828,0.015950527148376983,3.325682416174789e-05,0.005162567670708664,0.012668078603612467,0.0015469966039239726,1.0531327651220166e-05,0.0032112235130181068,2.6328319128050414e-05,0.0011797858371380063,0.0008688345312256636
SRR8556919,fbm,0.0009948010491558068,4.240079788425127e-05,0.007990251562741857,0.012297423376734836,0.0020388142693499615,0.0027592872647245283,0.00025116938505731175,0.00015444788626914018,0.0009229410623800879,0.010877592642763402,2.043411946228977e-05,0.013620532611918097,0.000931625563151561,6.147264271572172e-05,2.1796394093109088e-05,6.215378003113137e-05,0.0003478908838454833,0.0006297114480962297,0.0009145971302663196,6.607031959473691e-05,0.00026274871941927593,7.151941811801419e-06,0.004566685131164059,0.00039063225038743943,0.01758934946448133,0.004550508119923079,0.033476366493425065,0.00028420454485468023,0.06485431920240183,0.000207746881199946,0.19105118389328213,0.0002021274983478163,0.0009694286841567971,5.721553449441135e-05,0.003549747119257438,0.0008948441481194395,0.0004926325633700359,0.00013145950187406417,0.00034448519726843505,0.0017838986290578968,0.00016432437734258023,0.007686804888726854,0.00029953013445139755,0.0018252777209690335,0.016910766414004456,0.0010031449812695752,0.0005426961560526458,6.23240643599838e-05,0.0035230124796276087,0.000610128750278202,0.0027875544633140293,0.0004658979237402067,0.0015393703328258294,0.0003363115494835191,0.001158274004854125,0.0004262216751175941,0.0006361822525926215,0.15801994063547728,0.01998559054009251,0.0005738581882326377,0.03250285098537581,0.002088367009046014,0.00010200031298259644,0.00013197035486062144,0.00018629105576454172,0.0007736017059765201,0.00019003731099929486,0.006222189376267235,0.00013554632576652214,0.0009850948424112193,2.8607767247205675e-05,4.086823892457954e-06,4.3081935199660927e-05,0.0018864097950270506,0.00028812108441828574,0.00020979029314617496,0.00024469858056092,0.0004721984439077461,0.0017169768878188979,8.173647784915907e-06,0.0028572007538146668,0.0004948462596451172,0.003368734877687321,2.043411946228977e-05,0.008415281247557483,0.0001234561384180007,1.0898197046554544e-05,0.0005188563500133078,0.006924101379796889,0.0006547432444375347,0.0017120386422821779,0.0007204729953745667,3.269459113966363e-05,7.168970244686661e-05,0.00022579702005830194,0.00017028432885241474,0.0032040699316870356,0.00015785357284618846,0.00027432805378124016,5.908866211178792e-05,0.00020127607670355422,4.223051355539886e-05,0.0006673442847726134,0.000989522234961382,7.220055543342386e-05,0.004227308463761196,0.0018969674234159003,5.006359268260993e-05,0.0005547863434011672,0.0040762662640691045,0.0016696378443979267,0.0003799043376697373,0.0005801587084001771,0.0005910569054467315,0.0005537646374280527,0.0004599379722303722,0.0013627854838058752,0.00010540599955964473,0.0005166426537382263,0.00021489882301174742,0.0006516781265181913,0.0023453260612843084,0.005689199426959176,0.002425359695844943,0.00039863561384350293,0.00026036473881534215,7.3903398721948e-05,0.00014848793475930565,0.0014385620101451998,0.0005893540621582075,3.082146352228707e-05,0.00040834182058809053,0.0015385189111815673,9.025069429177981e-05,0.012667110654673427,0.0018325999471096874,0.00013673831606848903,0.00081378880758569,0.010916076901084048,0.0020354085827729135,0.0010663204672738211,0.00013673831606848903,0.00018748304606650863,0.07150392224408862,0.00027773374035828846,0.0004423986863585735,0.030703967335378904,0.0007896084328886471,0.00337077828963355,0.00301113778709725,0.0003606622085094144,0.0002554264932786221,0.0003942082212933401,0.0012349019528377118,0.05425071404476196,0.0016745760899346466,0.002622038095669482,0.0005626194225283783,0.00021983706854846743,0.000821962455370606,0.010379000127883531,0.014561353528827689,0.0003729226801867883,0.004509129028011942,0.00046402479612283015,0.0031599662905142604,0.00032762704871204594,0.0027001986026127405,0.00010268145029800609,0.00014542281683996218,5.1255582984576836e-05,0.0004904188670949545,0.00027092236720419185,3.6440846374416756e-05,0.00030429809565926517,9.893519506325297e-05,0.00010574656821734956,0.000615066995814922
SRR8556885,fbm,7.583163695893927e-05,0.0005626347312098608,3.481452461967133e-05,0.00047319741796277405,4.021677843996515e-05,1.6406844935707177e-05,0.007397886398205331,0.002131489257318153,0.002212923231572212,0.15616355143365812,0.0018621769002027647,0.01324552603346116,0.06326119256954,0.0005406255489790341,3.541477504414842e-05,0.0004876034281502243,0.002709130249139941,0.008928925147571567,0.0008181413285622762,1.2805342388844626e-05,5.1621536505029895e-05,0.0010064198783732573,0.0028894054599578945,0.006739411682553961,0.009299479742948757,0.05391329262568344,0.010392935932871194,0.00010424349038418828,0.042996738239193394,0.005341828610896466,0.08039334010149034,0.00015786586163747516,0.02607307768801144,0.002310764050761978,0.00028091719865527896,0.0005568323104399156,0.00017907470996899908,3.4214274195194234e-05,0.0003021260469868029,0.0001688704527528885,0.00020268455999843135,0.007082554841880032,0.00015726561121299807,0.0006064530121966885,0.0049110488895967395,0.0004769990039844623,0.00021548990238727598,8.523556027574704e-05,0.0011964991794576698,0.0003299376499875748,0.0008121388243175052,0.0006882871534003986,0.00024530234013630484,0.00022569415960338652,0.0001528637747668327,0.00041417279288919335,0.0003087288016560509,0.01067125204635374,0.00775603581814333,0.00039516486278075216,0.011502999051204162,0.0013307551910657126,8.843689587295819e-05,6.502712931835161e-05,0.00010384332343453689,0.0003601502546862551,8.963739672191238e-05,0.001992031075364642,0.000102442739110757,0.0012767326528627743,0.007514935230978364,0.001224710949408093,0.000130854592536006,6.162571024631476e-05,0.0001184494170968128,9.243856536947214e-05,9.60400679163347e-05,0.00011644858234855582,0.00016066703028503492,0.0007881288073384216,3.301377334624005e-05,0.000315931806749776,0.027259772777202648,0.0003447438271246764,0.003104295111920693,0.03253397317360803,0.0001842768803144672,0.0209767515007261,0.00037235534665062264,0.017710788941146246,3.1413105547634474e-05,1.860776315878985e-05,0.0008981747184925551,1.4406010187450204e-05,0.0003335391525344374,0.0001106461615786106,0.00022269290748100107,9.764073571494027e-05,9.844106961424306e-05,0.00011104632852826199,0.00015046277306892436,7.082955008829684e-05,0.001972823061781375,0.0010658446703964894,0.011991202729778863,0.0008965740506939495,0.0006202587719596616,4.481869836095619e-05,0.00022589424307821224,0.001843369053569149,0.0012377163752717634,0.0011536813158449706,0.0002595082668489294,0.00033413940295891445,0.0002491039261579931,0.0003751565152981824,0.0009886124491137703,8.843689587295819e-05,0.0006126555999162851,4.221761318822213e-05,0.00010104215478697713,0.0004067697043206426,0.00044658631581095633,0.001616074226167157,0.00010444357385901398,1.9608180532918333e-05,3.4214274195194234e-05,0.00015806594511230085,0.0007305047665886208,0.0012821349066830681,0.00010704465903174805,0.0009636020147605582,0.018915691626546594,4.5218865310607584e-05,0.009984765644226772,0.0019123978523840146,0.0022985589587976103,0.000204885478221514,0.006300628622261208,0.0010580414148782871,0.0010676454216699206,0.0001326553438094373,0.00011824933362198709,0.019359276690235166,2.7811603000771923e-05,0.0001828762959906873,0.046261700381399116,0.0007333059352361806,0.0007467115280495023,0.003947446874836182,9.283873231912354e-05,8.343480900231577e-05,7.923305603097613e-05,0.0006880870699255729,0.00865301003578693,0.0004627930772718378,0.0004894041794236555,4.962070175677293e-05,5.362237125328687e-05,0.00017947487691865046,6.66277971169572e-05,0.00015086294001857576,6.682788059178289e-05,9.744065224011458e-05,4.3818280986827704e-05,0.00024230108801391942,2.6811185626643435e-05,0.0001552647764647411,0.008239037326372562,3.161318902246017e-05,0.00796392254848723,0.001768737917459164,0.0017309221407171072,2.8411853425249015e-05,0.013914004922853815,8.503547680092134e-05,0.00019368080363127497,0.001151280314147062
SRR8556994,fbm,0.00010013511862981992,0.000169974580349344,0.0011174313875123854,0.002478822538565574,0.00034154366895712465,0.0003032754707546457,0.005164293347424534,0.015001452597023436,0.0010801198942649683,0.1628624357134133,0.00012022592268612136,0.010717965611559292,0.055709248434910416,0.00024714878005767653,1.466947597761693e-05,2.902005030354654e-05,0.004173465915632017,0.006410879903870286,0.0008033132606003707,8.068211787689313e-05,0.00020282145047313845,8.610344595557764e-06,0.006107285531463953,0.0011853574393217855,0.01552540801074571,0.0011107344528269514,0.014817765245651537,2.933895195523386e-05,0.0443553929298866,1.4988377629304255e-05,0.24828088092116654,0.00022386895948450187,0.0017319548703138598,8.610344595557764e-05,0.0003169882417772006,0.00028860599477702876,0.000279995650181471,0.0008106479985891791,0.0007787578334204466,0.0003472838986874965,0.0001607264324504116,0.0027482944342413634,0.0006763904032288155,0.00035812655484486553,0.026458951138845634,0.0033615423104360886,0.000997205464826264,3.412247673054373e-05,0.004920014682232044,0.0018212473327863107,0.0011834440294116616,0.0001259661524164932,0.00036163447301342606,0.0011518727658946164,0.0005392626930032659,7.557969144989593e-05,0.0014258092846940282,0.007855823287665554,0.02212539659406658,0.0007860925714092552,0.07000943629987343,0.006997658942974963,0.0003134803236086401,0.0003463271937324345,0.00037789845724947965,0.0017424786248195416,0.0006110155646329139,0.007033057026312257,0.0005032268063625982,0.0011027619115347685,0.0001502026779447299,7.972541292183115e-06,3.7949296550791626e-05,0.0003578076531931782,7.270957658471e-05,0.00010077292193319457,0.00013393869370867634,0.00017699041668646514,0.0005615858086213786,0.00013425759536036364,0.00039862706460915573,0.0013559698229745041,0.0028302521587250055,2.646883709004794e-05,0.005230624890975498,0.0005510620541156969,0.00014350574325929606,0.0016343709648975384,0.0007159342080380437,0.0010115560391521937,0.0002375817305070568,9.7265003764634e-05,3.2527968472107105e-05,5.3894379135157855e-05,0.00032209066820419784,8.801685586570159e-05,9.152477403426215e-05,0.0002012269422147018,0.0003300632094963809,0.0003300632094963809,0.00040787521250808815,3.476028003391838e-05,0.0007902382928811903,0.005764147354248392,0.00024874328831611317,0.0006167557943632857,0.00021972323801256664,1.2756066067492983e-05,0.0001065131516635664,0.0012296847689063236,0.000364504587878612,0.002373903895160444,0.0007695096855215143,0.0039177067909787824,0.0012296847689063236,0.0037180743570225175,0.009659849931260749,0.00012245823424793264,0.00017093128530440598,0.00010938326652875234,0.0008680502958928975,0.0010019889896015737,0.00286788255362411,0.0022173231841819676,0.00010141072523656922,8.801685586570159e-05,5.548888739359448e-05,3.189016516873246e-07,0.00010364303679838049,0.0010051780061184471,3.731149324741697e-05,0.002350305172935582,0.0051945890043348306,0.00040181608112602895,0.003722857881797827,0.0010064536127251964,0.00013425759536036364,6.856385511277478e-05,0.003189973221828308,0.0006505593694421421,0.0004927030518569165,5.102426426997193e-05,6.441813364083957e-05,0.021452514109006324,7.366628153977197e-05,0.00022067994296762862,0.00403601930375478,0.00010300523349500584,1.1799361112431009e-05,0.0006298307620824661,0.00012245823424793264,0.00025512132134985967,0.00012150152929287067,0.0003619533746651134,0.014886010199112624,0.0005995351051721702,0.0007867303747126298,0.00013170638214686506,9.59893971578847e-05,0.00010396193845006781,0.003445413444829855,0.0010051780061184471,0.00021430190993388212,0.0011895031607937207,0.00017922272824827642,0.002746062122679552,0.00022227445122606523,0.0016117289476277384,0.012913603483426522,1.81773941461775e-05,0.01069436688933443,0.0028800008163882285,0.005046618637951912,0.0002573536329116709,0.0017695852652129642,0.0008061833754655566,0.0004190367703171445,0.0006725635834085676
SRR8557013,fbm,0.00505990786235138,7.662811761496517e-05,0.002543133967405464,0.005265271217559486,0.0006752469724230731,0.000800610572841156,0.0010930234696598631,0.0035671921312118585,0.00019984613073982914,0.12598244909594147,0.003766118724540308,0.07971071353037998,0.010728856003506503,0.005288872677784896,0.0017278107959822345,0.0001636776592255656,0.0015751675856932239,0.005547569202853018,0.006142509908015608,0.00018329445733499667,0.0001535627477003902,0.001726891258570855,0.0043904846268670444,0.0353319989823786,0.00442144238638349,0.003687345019632124,0.013782946259168554,5.2107119978176314e-05,0.022233801582217372,0.00026390723706594003,0.08465935736595444,0.0003911099123067822,0.0006893465460642266,2.2681922814029688e-05,0.00038988386242494276,0.0006038295668059255,1.839074822759164e-05,2.4827510107248713e-05,0.00019524844368293124,0.00037425172643148986,8.275836702416237e-05,0.0018844386683872234,6.068946915105241e-05,0.00033532464268308754,0.006989403863896203,0.000866510753990026,0.0004288109461733451,5.3026657389555895e-05,0.0017526383060894833,0.004648568126994246,0.00047969201626968193,0.0005413010228321139,0.00020291125544442775,0.0,0.0002562444253044435,0.00013854363664785702,1.0421423995635262e-05,5.578526962369464e-05,0.005943583314687158,0.00016245160934372615,0.0017008376985817668,5.3333169860015755e-05,0.0,2.758612234138746e-06,3.0651247045986067e-07,1.3180036229774009e-05,8.888861643335959e-06,0.021454646882308408,0.0006654385733683575,0.0005786955442282169,0.0031469635342113896,0.0004652859301580685,3.3716371750584675e-05,0.0015000720304305581,9.961655289945471e-05,0.000250727200836166,0.00048643529061979886,0.0006173161155061593,0.001394631740592366,7.049786820576795e-05,0.015160413301415168,4.2911745864380495e-06,0.007008101124594254,0.0008055147723685138,0.01794385304566116,0.06151889189611679,0.003248725674404063,0.00952456850706971,0.00018666609451005516,0.006008870470895108,0.009516292670367294,0.004146194187910535,6.681971856024963e-05,6.007644421013269e-05,0.0003846731504271251,0.00011953986347934565,0.003641061636592685,0.00013394594959095912,0.0003062059579894008,7.417601785128627e-05,0.00012260498818394427,8.521046678784127e-05,0.0005462052223594717,0.001024977701217774,0.0015570833499360922,0.009557365341408915,0.0028517920251585438,7.509555526266586e-05,0.0010976211567167611,0.005633086182111319,0.002875086972913493,0.002149265442864543,0.0011080425807123962,0.0005054390637883102,0.0017866611903105277,0.00013517199947279856,0.0005995383922194874,7.019135573530809e-05,0.0003500372412651609,0.00045609055604427267,0.0013060496366294663,0.00503783896447827,0.004789870375876242,0.007957983270549362,0.0017057418981091246,8.061277973094335e-05,5.2720144919096034e-05,9.19537411379582e-07,0.0003285813683329706,0.0009514147083074074,4.5976870568979097e-05,0.0032937830075616624,0.005264658192618567,2.7586122341387458e-05,3.8620571277942445e-05,0.0004888873903834777,0.00010574680230865193,6.191551903289185e-05,0.00018329445733499667,5.3946194800935475e-05,2.6973097400467738e-05,4.2605233393920634e-05,2.8812172223226902e-05,0.024049581457221587,1.6245160934372614e-05,2.7586122341387458e-05,0.03500740227616161,0.0006853618839482485,0.0009747096560623569,0.0033799130117608835,7.080438067622781e-05,0.00030743200787124023,0.00021394570438098274,0.0006970093578257231,0.011053452709723495,0.0005538680341209682,0.0007546337022721769,0.0001314938498272802,5.578526962369464e-05,0.0001222984757134844,0.0011993832969094348,0.001874017244391588,0.0006921051582983653,0.0009673533567713203,0.00019432890627155166,0.0007595379017995347,7.233694302852711e-05,0.0004285044337028852,0.005450404749717242,0.00356412700650726,0.00226543366916883,0.0030540902556620516,0.00039877272406827873,2.7586122341387458e-05,0.0057943117415732055,3.095775951644593e-05,0.000448734256753236,0.00043340863323024296
