sample_id,group,K00003,K00005,K00012,K00013,K00014,K00018,K00027,K00031,K00046,K00048,K00053,K00057,K00058,K00059,K00067,K00087,K00088,K00097,K00099,K00111,K00133,K00134,K00145,K00147,K00174,K00175,K00239,K00261,K00262,K00265,K00266,K00278,K00286,K00290,K00297,K00335,K00343,K00384,K00525,K00528,K00548,K00554,K00558,K00566,K00567,K00571,K00590,K00595,K00600,K00602,K00603,K00605,K00606,K00609,K00611,K00615,K00616,K00625,K00639,K00640,K00645,K00648,K00651,K00656,K00657,K00661,K00688,K00700,K00703,K00705,K00757,K00759,K00763,K00764,K00765,K00768,K00773,K00783,K00788,K00789,K00790,K00791,K00793,K00800,K00806,K00812,K00817,K00820,K00821,K00826,K00831,K00845,K00847,K00848,K00849,K00850,K00852,K00854,K00858,K00859,K00864,K00865,K00868,K00873,K00874,K00876,K00887,K00891,K00895,K00919,K00925,K00927,K00928,K00930,K00931,K00937,K00939,K00941,K00942,K00945,K00946,K00948,K00951,K00954,K00962,K00971,K00973,K00975,K00981,K00986,K00991,K01000,K01006,K01012,K01051,K01056,K01079,K01091,K01104,K01119,K01126,K01129,K01130,K01151,K01153,K01154,K01155,K01156,K01159,K01176,K01179,K01185,K01187,K01190,K01191,K01192,K01198,K01200,K01206,K01208,K01209,K01214,K01223,K01224,K01243,K01246,K01251,K01258,K01262,K01265,K01267,K01270,K01273,K01284,K01286,K01338,K01356,K01358,K01372,K01409,K01421,K01424,K01438,K01443,K01447,K01448,K01465,K01489,K01491,K01493,K01495,K01496,K01507,K01515,K01533,K01534,K01537,K01548,K01571,K01572,K01585,K01586,K01588,K01591,K01598,K01609,K01610,K01619,K01620,K01624,K01639,K01647,K01649,K01652,K01653,K01657,K01662,K01667,K01678,K01681,K01685,K01687,K01689,K01695,K01703,K01704,K01710,K01714,K01733,K01735,K01736,K01738,K01740,K01745,K01752,K01755,K01756,K01759,K01770,K01775,K01778,K01783,K01784,K01785,K01790,K01791,K01803,K01804,K01805,K01810,K01811,K01812,K01814,K01818,K01835,K01847,K01854,K01868,K01869,K01870,K01872,K01873,K01874,K01875,K01876,K01880,K01881,K01883,K01885,K01886,K01887,K01889,K01890,K01892,K01893,K01895,K01897,K01912,K01914,K01915,K01921,K01923,K01924,K01925,K01926,K01928,K01929,K01933,K01937,K01938,K01939,K01940,K01945,K01950,K01951,K01952,K01953,K01955,K01956,K01960,K01962,K01966,K01972,K01989,K01990,K01992,K01993,K01997,K02003,K02004,K02005,K02010,K02013,K02014,K02015,K02016,K02027,K02028,K02029,K02030,K02032,K02033,K02034,K02035,K02036,K02040,K02056,K02057,K02108,K02110,K02112,K02113,K02114,K02115,K02117,K02118,K02188,K02233,K02238,K02283,K02313,K02314,K02315,K02316,K02335,K02337,K02338,K02340,K02341,K02342,K02343,K02346,K02355,K02357,K02358,K02372,K02377,K02406,K02428,K02429,K02433,K02434,K02437,K02469,K02470,K02477,K02493,K02519,K02528,K02529,K02563,K02564,K02600,K02601,K02621,K02687,K02823,K02835,K02836,K02837,K02838,K02860,K02863,K02864,K02867,K02876,K02878,K02879,K02881,K02886,K02888,K02890,K02892,K02895,K02907,K02911,K02913,K02914,K02916,K02919,K02926,K02931,K02933,K02945,K02948,K02950,K02952,K02954,K02961,K02965,K02968,K02970,K02982,K02986,K02988,K02992,K02996,K03040,K03043,K03046,K03070,K03086,K03088,K03091,K03100,K03106,K03110,K03111,K03147,K03149,K03150,K03151,K03152,K03168,K03169,K03177,K03205,K03215,K03218,K03281,K03282,K03284,K03292,K03296,K03306,K03307,K03308,K03310,K03315,K03320,K03321,K03324,K03327,K03402,K03406,K03413,K03424,K03427,K03430,K03431,K03437,K03438,K03439,K03458,K03466,K03469,K03470,K03474,K03495,K03496,K03497,K03498,K03499,K03501,K03502,K03517,K03521,K03522,K03524,K03526,K03529,K03543,K03544,K03545,K03546,K03547,K03550,K03551,K03553,K03555,K03561,K03565,K03569,K03570,K03572,K03575,K03581,K03584,K03585,K03587,K03588,K03589,K03595,K03596,K03601,K03616,K03624,K03628,K03629,K03631,K03650,K03654,K03655,K03657,K03664,K03665,K03671,K03685,K03686,K03687,K03695,K03696,K03699,K03701,K03702,K03703,K03710,K03711,K03723,K03733,K03734,K03737,K03742,K03763,K03768,K03771,K03797,K03798,K03823,K03832,K03856,K03924,K03976,K03977,K03978,K03979,K04041,K04042,K04043,K04066,K04069,K04070,K04072,K04075,K04077,K04079,K04083,K04096,K04487,K04488,K04517,K04518,K04567,K04720,K04751,K04758,K04759,K04763,K04771,K05297,K05349,K05364,K05366,K05515,K05592,K05601,K05833,K05837,K05936,K05970,K05989,K06001,K06023,K06024,K06042,K06113,K06131,K06132,K06147,K06158,K06168,K06173,K06177,K06178,K06179,K06180,K06187,K06199,K06200,K06201,K06207,K06209,K06213,K06217,K06287,K06334,K06381,K06398,K06400,K06405,K06409,K06871,K06872,K06881,K06889,K06901,K06919,K06921,K06925,K06926,K06941,K06959,K06966,K06969,K07001,K07003,K07005,K07007,K07011,K07027,K07043,K07052,K07056,K07058,K07078,K07079,K07098,K07106,K07114,K07126,K07133,K07137,K07139,K07154,K07171,K07173,K07238,K07240,K07258,K07271,K07277,K07335,K07391,K07407,K07444,K07447,K07456,K07460,K07462,K07464,K07473,K07478,K07481,K07483,K07484,K07491,K07493,K07496,K07497,K07566,K07568,K07576,K07636,K07658,K07667,K07720,K07816,K07862,K07979,K08138,K08289,K08303,K08316,K08600,K08676,K08744,K08998,K09011,K09013,K09014,K09065,K09157,K09458,K09704,K09747,K09761,K09765,K09768,K09777,K09811,K09815,K09903,K09935,K09955,K10117,K10118,K10119,K10206,K10254,K10439,K10540,K10907,K10947,K11065,K11069,K11071,K11072,K11175,K11184,K11717,K11749,K11752,K11753,K12132,K12251,K12308,K12373,K12410,K12524,K12573,K12574,K12950,K12960,K13010,K13292,K13789,K14155,K14441,K14623,K14652,K14761,K15256,K15533,K15633,K15634,K15635,K15738,K15923,K15987,K16053,K16089,K16785,K16786,K16898,K16899,K17318,K17758,K17836,K18220,K18346,K18369,K18682,K18707,K19265,K19302,K19955,K20074,K20444,K20461,K20487,K21071,K21471,K21572,K21636,K21739,K21903,K22132,K00040,K00693,K00702,K00761,K00796,K01144,K01480,K01866,K02109,K02356,K02874,K02899,K03073,K03387,K04094,K04564,K06153,K06412,K07304,K09807,K10542,K15532,K16212,K16363,K20265,K00349,K00782,K01053,K01178,K03634,K04762
ERR911956,controle,11,12,25,33,11,11,61,10,0,10,127,19,90,23,9,12,40,0,14,25,60,40,17,28,21,16,91,25,65,52,121,65,20,89,11,10,7,30,25,6,24,89,22,38,79,26,7,21,38,91,8,0,12,50,8,128,89,48,72,15,54,62,21,25,9,29,39,37,19,36,17,32,19,77,62,0,3,4,12,76,40,23,25,33,18,136,58,70,56,35,20,141,13,8,49,22,8,41,39,25,21,25,6,56,91,65,16,14,48,14,74,37,73,19,12,11,16,15,10,31,13,45,51,6,69,30,67,23,23,34,13,10,112,30,46,19,101,37,6,4,100,61,19,4,85,65,18,30,79,30,20,64,153,166,60,10,5,16,42,2,84,3,24,8,51,85,15,26,26,72,3,76,5,68,24,31,32,76,43,60,5,29,43,14,62,32,15,32,14,13,41,0,0,39,74,56,36,12,9,111,36,28,50,49,11,23,23,5,13,36,8,25,40,40,5,14,16,39,28,37,104,37,142,22,44,12,41,38,40,19,27,30,63,17,19,21,34,30,11,16,32,30,37,57,155,51,40,8,147,90,8,13,37,66,21,20,13,81,29,82,56,50,50,84,89,93,46,36,34,51,25,17,14,27,78,12,81,15,14,149,24,12,45,8,14,27,14,23,53,16,80,50,35,15,26,40,44,143,19,29,32,12,49,28,84,92,4,5,196,236,55,16,26,104,12,16,14,15,30,26,12,9,9,28,23,10,27,16,17,26,68,15,22,6,10,45,20,8,38,27,23,38,31,65,121,152,63,37,4,21,54,9,303,30,85,16,36,9,201,121,6,17,9,59,77,2,34,17,3,77,52,44,70,25,74,16,13,51,32,40,10,21,135,9,33,46,65,35,2,87,30,7,18,8,35,39,49,222,16,138,13,13,23,100,79,22,42,124,77,0,17,251,91,5,49,85,21,53,124,106,21,86,258,27,48,105,62,39,49,39,37,18,35,12,87,23,254,61,20,7,4,20,5,205,47,26,39,29,9,21,57,45,104,11,17,14,34,94,0,18,21,57,23,7,95,21,0,17,25,86,78,64,70,29,31,31,13,0,15,22,41,41,35,44,31,25,10,12,47,62,53,5,111,0,15,8,9,9,106,54,41,14,4,24,18,5,13,80,18,12,26,292,80,68,34,31,49,19,21,17,115,57,20,105,171,18,9,20,126,3,16,21,27,31,8,5,47,159,8,61,18,30,48,12,13,8,16,3,206,18,5,15,23,28,73,33,6,51,63,12,17,25,88,7,60,3,56,14,9,49,231,13,21,26,22,55,21,27,20,27,27,69,12,11,14,60,35,2,190,110,88,42,10,11,20,17,99,7,16,40,132,11,7,14,10,2,19,11,9,4,9,13,6,19,111,5,61,21,3,9,13,45,0,29,9,7,4,32,3,15,7,17,12,0,0,17,24,10,17,35,69,28,6,22,9,75,24,7,32,24,27,10,46,52,24,8,74,25,23,10,15,113,8,53,139,32,59,67,12,32,36,16,23,0,18,22,16,16,0,0,40,75,16,12,95,48,111,71,7,69,24,50,24,10,24,15,14,23,9,14,9,11,46,84,8,13,16,31,44,22,4,23,17,13,26,22,11,3,16,40,25,28,47,28,19,68,29,41,24,24,25,11,7,24,16,30,14,15,0,20,22,13,19,111,24,97,32,30,46,9,21,0,33,30,14,3,34,10,18,15,2,21,13,5,13,24,6,14,7,46,48,24,510,42,14,2,29,5,12,30,14,26,15,8,31,5,11,38,83,5,19,10,16,11,26,6,7,29,18,30,29,21,17,0,44,12,37,0
ERR911979,controle,16,8,65,13,46,11,101,42,0,15,157,9,30,35,52,41,81,0,66,157,7,14,14,50,5,0,18,41,14,94,33,8,35,28,5,11,3,96,25,11,34,24,39,46,12,0,0,15,53,141,8,4,15,14,8,125,12,85,13,26,20,10,15,61,4,138,49,13,18,47,23,12,51,36,38,0,10,6,2,70,67,40,11,128,0,20,11,62,35,82,22,30,131,3,21,30,14,12,8,6,92,0,34,15,28,6,149,72,0,18,225,15,85,22,10,24,2,18,36,38,0,75,82,6,60,0,8,51,16,4,0,23,441,23,7,6,15,21,34,0,20,13,0,6,250,12,21,83,18,50,54,21,33,66,21,0,217,18,10,15,39,12,93,7,32,61,5,72,28,16,11,31,0,10,36,31,3,9,6,25,45,3,0,4,164,58,27,6,2,0,7,12,6,5,12,102,39,0,5,20,77,183,9,38,12,5,49,0,17,5,0,12,105,42,0,2,19,2,36,31,23,41,265,9,25,38,139,14,14,12,137,23,137,5,5,34,11,9,24,21,21,130,15,11,136,31,45,174,18,80,7,14,6,5,26,2,104,58,17,94,88,163,76,169,171,20,41,39,15,30,26,9,14,26,244,1,57,26,21,93,5,14,14,9,43,24,34,30,7,100,23,97,47,32,28,4,37,184,24,8,2,0,1,11,159,132,4,11,292,456,12,6,19,13,6,13,32,19,44,56,0,32,21,71,29,49,19,21,19,216,117,46,14,7,8,38,26,23,15,49,2,6,63,59,35,101,9,36,8,11,19,11,546,37,95,10,14,0,15,23,2,18,0,45,180,0,6,26,7,188,5,217,27,12,9,8,9,84,85,169,18,109,49,0,39,64,14,18,6,19,60,0,18,0,44,22,131,129,0,58,18,14,38,346,9,12,55,5,10,13,14,36,248,0,154,8,53,116,26,54,28,25,97,60,21,175,23,97,27,81,18,56,39,1,219,27,354,42,6,5,2,19,14,33,16,17,42,121,4,14,14,40,19,14,10,56,7,68,0,50,10,67,0,8,35,4,3,2,50,100,226,39,24,3,89,2,11,7,12,13,65,8,35,52,27,44,0,41,86,23,7,17,46,0,7,20,11,12,20,39,7,7,13,10,8,26,42,256,13,28,16,287,59,58,38,34,312,9,12,2,57,111,54,81,118,15,6,16,273,18,0,47,13,25,0,7,19,72,36,10,34,9,19,25,2,63,3,0,75,28,29,141,20,7,139,64,6,12,33,8,6,8,158,21,0,20,58,21,18,151,295,96,62,108,6,24,8,10,85,3,13,8,17,10,36,0,46,5,299,87,35,271,5,0,6,53,31,1,61,7,142,0,15,24,2,59,4,12,32,0,6,11,6,18,101,12,48,170,0,15,19,15,18,4,6,13,5,24,5,0,27,29,2,24,0,3,43,0,0,75,61,28,9,18,0,15,0,3,27,37,4,17,12,34,3,69,53,12,27,5,102,29,26,83,58,66,40,50,4,0,22,31,43,0,7,52,33,36,0,0,5,124,15,67,15,320,15,15,0,21,12,74,33,6,64,10,4,2,4,0,6,24,12,10,19,31,114,7,3,31,0,23,17,0,41,16,47,0,9,6,21,3,5,17,0,20,11,58,3,20,51,30,0,28,21,11,18,0,0,237,48,13,35,160,3,13,13,12,8,0,0,6,79,41,28,11,3,4,0,14,25,33,10,7,5,18,5,17,6,135,110,61,40,94,2,8,33,13,2,6,2,10,3,0,18,5,41,81,26,5,6,6,0,6,0,0,0,43,2,10,5,27,2,0,19,3,21,0
ERR911990,controle,7,29,20,28,7,14,30,3,98,22,76,9,98,34,29,10,37,0,9,13,73,20,13,22,21,16,28,38,80,47,111,53,36,77,14,4,13,28,12,3,39,72,38,64,29,0,1,13,51,57,28,8,9,42,22,136,11,39,40,3,73,36,32,45,13,22,26,45,43,91,6,11,26,75,38,4,33,6,14,77,67,47,18,48,14,133,38,44,19,18,32,98,18,3,56,13,18,58,32,19,32,29,3,54,91,12,13,9,11,12,72,10,39,37,15,7,18,8,22,15,8,61,32,6,53,19,119,35,9,38,13,14,138,46,53,4,46,9,18,15,83,21,0,12,93,82,16,11,54,14,16,26,116,134,22,25,18,38,40,2,106,13,40,31,39,23,3,19,23,17,0,69,0,67,20,21,5,45,37,34,21,31,50,6,23,23,16,2,13,21,43,2,2,23,55,36,10,3,21,100,23,30,38,60,4,11,24,0,9,62,21,19,15,50,3,3,27,32,19,34,120,23,106,8,16,18,47,9,30,18,33,36,66,7,27,45,24,3,20,24,69,26,31,51,27,14,47,9,120,64,5,34,31,44,19,9,11,125,67,64,40,56,31,76,83,36,24,29,21,8,20,0,18,60,42,11,90,10,12,104,21,18,6,4,17,28,10,11,59,18,68,63,60,5,50,35,33,162,9,21,23,19,25,12,159,35,6,5,166,136,45,0,20,35,6,6,15,30,26,37,0,37,9,24,23,3,34,20,24,18,61,5,22,16,11,31,10,5,8,8,11,25,12,56,95,73,43,28,4,5,23,20,289,19,151,17,23,5,180,76,19,15,8,69,53,44,25,13,4,68,45,43,45,21,48,14,6,33,18,24,6,13,104,13,44,35,15,25,4,75,16,7,22,15,46,42,54,270,0,92,25,19,12,63,33,12,33,62,70,0,5,158,72,10,38,96,35,32,132,39,12,72,144,32,18,62,61,19,39,30,48,9,24,72,74,26,132,41,8,14,20,6,3,119,52,15,36,24,9,6,51,22,42,5,15,16,18,35,0,20,7,54,11,2,54,10,7,19,32,72,72,4,102,28,33,30,29,20,11,19,27,39,70,46,30,7,5,7,33,59,60,2,85,0,4,13,14,8,50,11,28,12,5,4,35,3,15,49,11,8,39,225,99,76,20,15,55,14,12,65,93,34,22,158,81,16,28,14,109,10,4,39,47,29,3,10,10,146,9,31,26,26,22,7,21,40,13,3,179,36,18,5,18,30,67,18,3,46,34,6,15,28,85,14,23,5,20,26,12,35,171,10,15,36,11,39,5,24,9,41,40,42,17,6,8,73,28,4,186,106,55,41,9,0,14,25,84,7,56,7,85,0,16,6,11,10,17,8,36,4,4,10,11,47,96,10,46,23,3,7,9,38,5,15,20,8,4,22,5,29,22,17,12,4,0,23,16,5,10,16,60,24,7,32,5,36,31,31,25,10,19,2,20,66,19,11,39,23,10,4,21,46,93,32,6,22,30,31,142,42,16,6,21,0,7,33,13,19,9,0,16,37,5,9,34,56,27,77,21,44,14,25,49,31,14,5,20,14,6,20,3,3,4,50,15,23,6,13,29,11,0,10,28,4,31,3,7,0,18,44,39,19,23,2,35,35,31,49,20,24,25,44,5,9,7,29,6,13,9,3,15,20,30,70,18,77,38,29,36,3,14,0,20,31,12,9,41,15,0,5,4,14,21,5,7,9,29,33,11,38,12,22,268,49,22,4,8,17,8,14,6,12,5,3,25,0,17,23,52,18,19,12,22,6,0,9,7,13,29,24,16,32,3,10,25,8,41,0
ERR911991,controle,12,11,53,22,10,14,28,16,0,4,64,13,73,18,13,7,40,8,12,4,60,20,6,28,33,20,3,22,48,48,110,54,19,83,6,12,12,16,25,5,51,82,34,24,13,4,2,15,33,51,33,8,16,46,17,95,1,31,58,3,51,37,20,26,13,14,44,112,31,59,5,17,20,68,21,0,0,10,10,51,14,29,0,16,23,105,24,42,20,22,55,73,12,5,67,12,12,53,13,27,16,36,4,40,58,26,11,6,7,11,42,12,34,21,17,10,16,20,9,11,4,53,17,6,76,15,45,20,9,58,17,3,121,29,47,10,63,21,45,12,27,84,0,38,37,97,11,0,31,21,32,44,78,168,0,8,11,45,23,6,111,6,34,10,8,11,0,18,15,10,5,60,4,55,14,43,15,22,28,19,7,7,52,0,22,11,29,27,5,0,50,7,0,45,22,47,41,0,12,39,17,48,18,35,0,16,13,13,10,239,8,24,28,44,19,8,14,32,15,28,75,18,113,21,43,22,41,6,20,40,22,30,44,11,7,7,26,11,31,29,47,12,40,45,23,69,28,6,125,44,36,46,33,58,32,7,11,66,43,71,43,30,32,72,88,32,12,25,32,51,20,21,29,16,38,4,72,10,16,111,23,14,25,9,6,27,12,15,37,34,71,87,36,11,66,64,11,205,7,34,11,5,29,15,119,39,6,5,116,173,55,8,39,42,12,12,3,24,27,16,0,11,4,16,33,17,6,8,19,16,54,5,9,24,10,29,9,7,10,16,26,33,18,49,69,37,41,14,17,0,18,9,236,18,79,8,30,0,172,46,11,7,19,175,50,11,7,19,17,41,23,28,48,32,44,8,12,44,26,28,17,14,113,4,31,45,15,44,2,100,15,0,14,11,78,79,38,102,32,120,21,16,12,80,22,3,28,16,36,0,43,114,88,45,14,75,23,29,90,43,13,139,126,23,62,57,72,19,25,45,25,28,31,9,132,18,155,51,14,9,8,10,12,108,22,25,27,15,9,16,54,45,15,7,52,8,11,27,0,10,28,71,9,5,52,0,7,17,17,77,48,17,55,27,18,67,18,26,27,5,36,47,47,39,32,1,9,12,38,49,76,5,79,0,4,21,12,3,85,53,49,22,9,30,19,19,14,48,15,12,15,153,45,65,22,20,28,7,9,18,141,26,32,106,66,12,7,15,99,0,14,14,31,24,13,3,54,107,13,11,28,25,19,4,12,79,24,5,99,22,9,15,16,18,51,38,6,24,37,3,16,17,41,0,37,14,25,6,6,12,82,7,6,30,57,31,6,11,7,11,12,26,21,9,7,100,39,0,287,116,46,22,5,0,9,16,57,9,45,37,121,8,15,13,6,16,13,9,4,25,2,9,6,3,57,1,64,14,9,50,11,22,3,24,9,54,11,16,0,23,4,5,9,4,0,8,13,5,8,40,50,28,5,34,0,47,36,9,28,1,17,0,20,69,39,9,33,10,32,23,17,27,24,51,670,26,18,39,19,12,12,18,10,0,9,13,11,20,7,0,14,68,8,2,63,46,34,71,11,15,18,43,39,3,14,6,26,8,19,22,3,20,0,48,16,7,5,20,21,8,0,17,18,24,37,6,11,0,17,27,11,8,7,8,34,20,21,31,13,27,11,20,12,5,9,44,20,7,4,3,6,8,20,89,22,90,36,31,41,3,6,0,26,25,12,8,25,7,0,4,3,9,7,5,9,4,12,16,2,29,17,27,302,27,31,5,13,5,21,41,36,30,3,0,23,0,0,29,50,15,16,8,32,8,0,4,0,17,25,11,10,13,5,13,6,18,3,0
ERR911995,controle,4,4,32,17,7,5,42,17,30,54,86,11,54,21,0,16,20,0,36,24,39,42,19,49,25,40,77,25,50,35,97,32,14,36,7,28,10,24,91,22,56,35,47,44,24,0,19,20,31,37,98,8,17,34,13,64,24,17,44,3,54,31,13,23,16,15,69,15,36,68,12,16,47,57,72,0,3,12,10,60,43,43,0,31,85,62,7,41,34,15,23,71,18,8,57,28,23,15,19,48,37,18,4,8,69,10,17,20,30,21,49,77,30,27,4,2,23,18,17,6,6,90,22,10,117,4,101,34,26,86,11,4,308,6,38,28,92,30,6,8,23,39,0,30,106,126,30,17,11,19,27,112,48,153,10,18,33,55,21,19,64,0,22,7,13,88,5,49,18,62,3,38,5,26,10,76,13,16,26,33,7,28,14,16,20,40,6,2,13,7,25,0,0,35,63,50,19,11,12,209,25,62,38,17,12,25,40,76,11,183,4,6,19,19,2,0,29,7,14,29,30,26,108,14,17,4,79,6,9,41,20,52,56,53,6,25,17,19,22,38,44,27,16,37,56,27,44,26,48,74,10,36,16,16,20,9,37,80,22,35,65,85,52,127,75,64,26,53,68,62,52,7,7,22,71,13,57,3,50,91,39,4,27,21,17,9,7,29,58,33,108,89,52,16,66,27,20,202,12,35,16,4,54,6,164,60,15,36,156,263,24,16,44,107,51,16,12,50,29,19,25,15,13,29,17,11,43,69,13,44,76,8,17,65,10,25,20,11,27,6,6,8,81,66,85,86,27,22,20,7,49,28,440,14,105,20,13,62,78,25,23,15,31,151,80,0,45,18,25,56,23,70,35,63,35,28,9,31,62,32,26,19,91,12,41,47,44,11,16,57,21,53,10,0,200,114,178,110,7,179,52,164,61,58,63,33,98,31,39,52,36,54,151,10,25,65,62,54,124,134,6,120,253,40,10,79,47,49,13,50,15,12,28,28,76,30,352,96,34,3,13,5,8,124,15,16,41,22,12,12,35,24,86,44,6,11,19,51,0,30,24,80,3,13,33,70,7,9,57,76,191,27,39,12,98,18,6,24,15,45,96,21,20,30,19,15,52,24,76,44,45,3,51,0,36,37,11,0,71,14,42,29,12,33,17,8,9,60,4,19,21,219,82,41,13,15,54,17,69,42,84,30,16,72,49,18,43,6,89,24,24,71,16,14,15,9,27,91,8,27,23,70,33,11,32,26,3,9,180,20,19,38,24,16,71,49,28,5,18,8,29,22,103,8,13,5,61,24,4,71,156,19,22,33,44,22,23,18,23,24,16,10,4,7,10,9,24,0,387,138,62,76,0,0,17,15,41,28,21,44,118,0,15,35,0,44,25,35,52,11,45,43,6,7,101,5,118,21,37,7,6,65,60,19,8,7,7,30,0,6,19,36,30,4,0,37,19,7,7,38,69,67,16,65,34,44,16,27,37,3,25,10,118,35,40,10,27,7,23,23,20,43,85,23,47,37,126,30,3,23,25,5,31,11,18,20,67,22,0,0,40,47,4,26,84,40,93,47,11,47,48,77,16,11,26,4,18,4,5,64,16,28,8,75,34,3,27,21,32,39,0,25,25,27,34,4,13,34,2,35,40,22,22,66,2,24,50,29,22,13,18,68,14,10,14,19,11,8,6,40,0,51,17,52,19,43,7,33,29,0,16,0,38,24,7,0,26,3,0,10,0,13,7,4,6,6,15,9,11,47,53,15,262,52,6,5,17,8,26,17,4,42,11,11,30,0,3,57,37,5,33,21,7,9,4,32,5,17,2,12,43,57,8,3,4,25,4,0
ERR912003,controle,9,0,51,30,49,6,75,30,10,28,61,19,90,28,101,5,30,0,19,14,102,30,3,41,55,39,14,19,105,67,121,77,28,111,22,6,4,23,64,7,50,112,45,48,18,16,11,16,37,57,9,12,19,76,34,88,4,77,81,8,136,78,41,25,4,25,38,63,2,80,26,23,20,111,56,12,25,8,22,64,50,52,17,8,41,139,36,68,30,17,20,113,20,0,74,33,4,31,67,34,27,128,26,101,130,57,20,8,7,16,71,14,55,55,40,25,2,21,10,10,4,66,48,6,145,28,23,36,20,79,71,16,152,10,110,17,93,30,50,15,65,71,19,19,151,116,23,60,69,32,70,7,82,232,36,7,20,44,25,14,89,10,19,8,23,22,5,23,54,27,5,91,4,89,14,37,19,32,81,22,24,13,8,2,70,26,14,7,5,0,81,2,16,26,52,37,14,2,20,46,57,70,53,55,4,32,17,13,23,18,27,22,50,24,25,6,23,58,13,31,117,58,114,24,36,62,39,8,4,38,19,47,115,13,16,0,75,33,38,39,69,27,57,24,24,8,14,4,136,91,3,52,41,57,68,17,40,85,69,90,51,52,46,93,126,59,25,24,45,81,68,3,53,49,54,50,95,4,16,156,45,8,45,9,16,34,44,47,50,14,131,68,50,3,112,88,54,107,18,56,18,13,41,12,154,49,6,7,158,239,87,16,39,78,12,23,9,43,64,28,2,25,14,16,63,25,8,14,31,36,90,19,23,22,25,57,10,16,33,5,20,24,58,76,120,104,62,30,38,52,36,14,287,16,95,30,42,0,261,119,28,5,35,90,52,31,34,26,15,73,36,32,92,61,105,16,7,34,53,65,10,5,161,5,36,74,9,43,8,168,21,29,10,27,97,15,53,177,44,115,17,20,32,69,17,3,71,31,70,72,35,295,111,5,17,113,23,44,125,55,26,137,248,22,85,82,82,85,25,60,61,25,31,22,145,41,320,59,17,14,8,24,12,158,46,59,36,18,38,32,70,43,8,14,25,25,20,94,0,20,34,116,12,16,44,3,2,54,31,60,65,106,186,24,54,90,41,44,36,25,39,72,68,61,51,25,6,28,48,39,118,7,123,0,7,21,8,17,155,68,50,31,7,22,12,8,11,78,19,17,12,302,107,46,20,23,23,10,30,14,130,38,23,122,104,25,6,35,141,0,6,37,51,9,10,16,55,131,12,41,57,20,43,17,26,124,51,13,230,23,17,13,17,16,62,47,22,47,23,7,34,28,62,9,3,16,25,34,32,21,268,4,16,52,53,34,18,7,5,53,74,12,17,24,20,4,56,2,232,151,34,13,0,9,23,37,133,1,80,57,144,8,9,36,0,13,45,25,42,2,12,12,50,17,107,18,119,7,9,76,9,19,19,17,32,31,9,24,18,2,22,91,16,19,0,11,29,15,24,65,86,34,6,100,0,117,39,22,26,12,20,5,89,69,36,19,34,29,38,9,38,60,21,82,82,3,60,43,35,44,12,19,12,0,27,24,9,39,5,0,27,75,13,9,74,46,5,90,16,36,35,26,74,0,14,16,27,3,17,1,11,33,11,65,19,0,11,38,57,9,7,19,55,22,48,22,13,6,7,168,14,55,24,17,22,46,66,67,35,53,52,45,4,32,13,15,22,9,0,9,24,14,72,94,37,118,47,63,49,11,48,16,32,73,37,3,34,23,63,12,7,12,44,0,20,12,9,21,7,49,26,60,404,29,64,0,20,12,18,30,9,24,17,14,6,20,17,41,124,28,0,12,56,27,0,12,7,32,17,18,14,35,14,2,18,23,24,0
ERR912047,controle,9,9,12,19,6,2,16,3,6,16,20,5,21,6,0,4,6,0,2,10,5,10,2,10,8,0,20,13,4,11,10,11,3,3,19,2,0,1,11,3,9,16,89,11,9,0,6,5,13,22,3,0,4,6,0,131,13,9,5,0,3,8,6,22,34,4,6,10,5,9,0,3,16,8,9,0,8,15,19,34,5,13,0,18,0,96,10,7,13,9,11,23,42,0,6,2,8,16,4,0,11,0,13,6,21,76,13,6,0,3,21,13,5,3,2,2,6,4,1,3,0,5,6,6,13,4,25,64,12,101,0,1,74,13,3,22,16,2,0,0,9,0,0,4,18,43,2,5,9,5,19,3,11,52,4,1,0,0,10,0,6,3,5,15,28,12,5,8,11,15,10,20,4,6,1,8,0,133,0,41,14,9,2,16,23,7,11,4,17,0,0,0,0,2,33,13,3,57,6,58,18,18,11,74,0,3,6,20,4,22,0,14,14,12,0,0,14,20,8,4,7,7,23,2,14,14,49,3,14,0,17,1,21,5,0,26,0,4,2,7,0,10,7,17,20,12,20,44,0,11,0,3,7,9,14,0,9,19,13,29,12,27,16,55,26,39,12,12,5,8,3,0,5,15,19,1,29,8,17,26,8,1,3,43,3,3,2,19,35,9,11,21,16,24,3,14,8,112,2,0,41,0,24,7,34,9,0,4,73,98,0,9,1,2,31,11,4,2,23,4,8,2,9,33,9,2,11,33,3,25,16,5,6,0,0,6,5,3,6,0,4,15,33,6,25,9,4,6,7,3,8,10,138,10,70,0,31,133,13,14,11,11,4,14,14,0,11,21,2,16,19,43,9,1,8,8,6,10,16,8,2,10,22,16,22,17,7,4,12,0,3,0,7,54,46,30,52,209,58,59,12,14,8,27,39,58,24,94,14,14,3,19,37,0,3,4,36,11,37,19,50,39,64,22,0,33,7,17,17,7,4,5,3,10,49,19,157,15,6,3,28,3,3,26,7,0,77,13,2,3,3,5,23,10,0,6,3,39,0,9,2,3,2,3,7,26,0,2,24,11,48,5,16,5,21,4,7,5,2,4,12,6,4,6,11,7,8,0,17,11,6,0,9,0,4,2,10,0,0,13,12,2,1,4,6,0,1,21,10,0,56,35,37,164,13,2,18,3,12,3,20,35,2,53,22,6,6,3,29,4,20,18,3,14,4,0,3,91,2,8,3,13,6,10,7,15,3,4,51,89,31,4,3,0,36,17,4,7,10,5,3,5,34,0,0,0,29,1,12,8,73,9,4,12,0,7,2,51,6,8,10,4,3,6,5,0,0,0,99,38,21,28,18,0,10,15,16,2,8,2,23,0,0,5,2,36,4,3,20,0,4,15,0,1,44,2,58,11,10,0,4,27,3,3,1,7,0,13,0,0,37,0,6,19,0,4,2,2,3,1,16,17,5,0,0,7,0,6,3,1,2,2,6,13,3,5,8,14,7,0,8,11,15,7,0,4,1,5,101,3,22,2,54,0,12,4,5,9,0,0,5,19,4,3,5,18,10,4,0,12,1,19,6,0,5,0,10,0,7,7,10,7,23,2,7,10,8,1,7,6,0,7,0,0,9,7,5,0,8,12,16,5,23,7,0,2,24,2,2,7,3,16,4,22,8,4,0,22,33,11,2,6,5,24,5,12,3,5,7,0,0,1,14,8,3,13,12,3,13,1,5,11,5,0,0,10,0,11,0,11,11,7,34,32,0,3,9,3,0,8,4,3,0,0,12,0,7,8,13,0,0,18,0,4,6,17,0,3,0,2,8,14,0,28,2,2,10,0
ERR912079,controle,7,0,5,21,17,19,27,21,13,19,22,5,26,32,23,9,13,0,42,8,3,27,25,25,27,12,22,19,25,11,34,4,34,13,12,10,6,27,74,0,64,5,36,15,30,74,12,7,20,11,52,6,3,22,57,75,10,9,12,6,31,14,52,14,13,11,36,13,2,207,5,19,29,30,16,60,35,2,15,74,78,11,11,7,19,32,24,20,24,12,10,76,5,18,39,12,21,10,0,10,11,3,4,12,39,63,8,5,35,29,9,73,10,53,50,8,18,15,2,16,0,83,23,40,147,10,8,20,11,18,4,14,173,7,57,14,12,9,24,4,22,21,0,58,44,89,7,11,3,32,39,48,36,124,2,17,2,12,30,10,25,3,22,2,0,23,0,24,5,20,10,38,12,4,7,28,24,85,9,24,11,20,4,11,2,21,17,24,22,0,5,0,15,14,13,45,25,26,12,193,19,38,21,22,2,6,18,23,18,119,36,7,51,41,3,8,18,3,9,20,30,58,37,5,52,10,23,23,22,25,20,9,85,25,12,10,10,6,13,32,47,46,7,29,19,51,26,20,13,26,15,34,6,4,27,7,6,42,74,26,50,69,33,75,38,87,12,42,92,117,96,9,22,34,28,9,58,11,45,75,7,4,17,14,4,46,5,43,50,22,132,18,35,12,76,29,19,138,17,9,0,4,54,7,144,22,11,30,110,88,22,14,16,17,33,11,18,30,65,9,19,6,18,15,54,11,9,50,24,4,64,4,4,23,27,30,26,3,26,2,24,21,69,51,61,27,7,7,6,69,16,11,302,6,73,38,13,0,59,14,3,10,4,94,17,0,51,6,25,22,13,27,23,37,8,28,16,17,63,28,10,11,51,14,27,71,9,11,10,24,10,37,9,15,74,40,177,88,16,180,30,162,55,20,25,18,110,77,15,0,14,3,28,3,24,9,36,21,62,105,26,145,101,41,7,25,25,5,7,9,11,7,7,17,66,15,224,68,50,26,7,0,2,27,10,6,43,5,31,15,17,23,15,29,6,24,13,79,0,13,44,19,14,2,30,12,12,10,51,21,70,46,7,10,114,5,56,67,54,6,44,3,61,16,18,21,7,23,60,51,17,3,11,14,8,14,21,8,27,45,6,16,7,122,15,11,10,16,5,33,17,49,34,27,16,36,20,8,34,17,30,8,21,106,67,12,42,4,38,17,30,59,8,13,68,0,29,18,18,7,91,66,26,24,12,54,5,19,211,38,32,14,7,33,124,45,17,28,26,23,43,6,38,10,5,3,50,8,2,4,88,2,4,16,16,15,13,5,1,4,26,4,17,2,4,4,29,0,250,103,14,11,21,0,4,17,16,0,68,8,74,8,22,29,21,6,15,20,26,9,8,20,0,3,66,17,105,25,24,3,6,66,85,20,30,11,5,23,3,2,2,3,16,4,0,19,9,0,27,56,23,53,4,0,6,28,19,18,31,2,10,13,41,8,30,25,22,6,12,32,4,18,47,9,18,32,2,3,5,12,9,20,31,0,21,4,29,51,5,0,23,36,11,4,24,10,14,23,57,28,5,48,52,3,7,17,20,8,14,5,12,48,2,27,4,3,0,2,80,29,0,23,6,4,9,3,2,15,13,14,24,5,13,37,4,8,19,17,2,22,38,68,10,0,41,9,21,11,23,0,15,45,65,32,7,40,4,9,6,0,3,13,37,63,23,0,12,3,0,9,0,15,7,12,38,3,11,9,7,35,33,19,86,66,2,2,6,3,4,46,0,15,2,25,29,0,27,92,11,32,16,25,0,7,31,40,0,16,6,8,0,4,0,0,0,5,0,0
ERR912133,controle,4,2,21,86,20,36,35,11,17,14,111,34,48,10,4,8,46,0,27,24,41,26,7,60,14,10,15,15,43,33,71,26,30,36,8,13,0,51,28,8,61,64,58,35,6,16,4,3,25,60,21,6,10,30,36,79,6,25,15,17,108,21,15,21,22,54,56,44,28,47,14,15,24,52,38,7,9,12,27,95,19,18,10,32,6,100,9,52,22,30,51,67,23,24,21,13,1,10,6,20,24,26,31,26,62,12,19,17,119,16,59,26,21,16,49,60,7,20,33,16,0,73,55,6,72,11,240,34,17,21,6,12,136,13,41,22,71,26,14,16,42,15,0,67,148,43,7,72,13,27,68,18,15,172,5,7,7,14,39,12,104,16,13,12,7,22,0,39,24,36,5,31,15,43,12,54,5,25,12,17,45,10,4,9,53,42,9,6,19,0,22,7,10,25,91,51,19,13,42,61,33,53,40,32,4,4,41,31,25,22,4,14,26,57,23,4,13,8,24,36,15,25,157,7,47,13,53,13,8,10,19,29,107,23,19,3,11,16,20,30,29,22,16,11,24,16,18,17,16,45,7,27,13,18,40,32,21,42,23,81,58,51,36,75,77,31,25,21,26,64,18,0,14,8,69,18,22,12,14,94,8,19,61,25,14,22,57,24,27,19,44,39,21,13,90,66,33,162,8,7,3,18,25,13,158,77,0,50,164,211,73,40,49,71,24,13,9,24,28,14,4,12,61,19,24,15,6,16,8,36,51,4,11,15,16,29,13,6,70,8,38,37,37,39,49,104,27,16,17,24,38,20,313,13,78,10,11,0,76,16,10,2,2,104,113,9,20,57,7,39,45,59,42,21,17,43,20,39,67,61,6,30,113,9,42,84,27,13,15,146,21,0,12,5,213,29,61,154,79,116,50,12,23,105,26,9,104,4,46,42,43,49,122,3,8,40,34,58,45,81,48,221,145,37,11,71,40,41,20,45,22,36,28,8,127,22,194,72,34,5,8,6,12,103,10,10,56,21,10,36,60,13,73,19,51,38,16,76,0,25,4,53,20,6,43,61,24,6,14,72,50,13,45,44,31,19,24,8,21,16,42,26,48,30,39,27,36,28,49,21,25,0,70,4,0,23,0,9,47,26,15,4,13,11,29,5,19,82,32,10,17,113,111,57,12,13,63,51,27,7,68,27,59,52,48,21,7,23,120,4,10,23,7,23,26,8,10,105,3,9,38,20,36,22,9,26,18,13,154,10,26,20,5,2,59,66,28,11,48,13,13,7,84,8,103,3,68,20,29,16,125,8,18,57,23,39,5,11,7,18,82,8,6,9,8,88,73,3,225,169,44,80,8,6,20,29,77,26,23,18,116,8,7,17,0,2,15,11,18,0,21,13,6,9,57,2,67,8,11,41,18,32,52,19,10,18,32,23,83,9,10,59,11,0,0,14,17,5,14,33,124,38,6,50,0,30,27,18,35,9,52,7,11,89,41,12,37,37,37,28,14,44,20,132,41,34,115,25,12,10,16,34,25,0,19,26,23,12,3,0,8,100,7,10,20,63,83,135,26,207,26,83,21,0,15,4,17,8,11,37,37,29,20,50,20,7,16,30,34,22,4,39,6,10,10,6,15,15,3,49,27,8,14,25,4,14,28,54,24,28,26,29,19,11,15,8,89,25,21,8,13,19,28,123,12,32,9,7,11,7,8,9,35,50,13,7,10,2,1,10,8,9,18,2,14,17,2,18,7,93,52,17,181,26,7,24,10,0,17,21,18,17,10,13,31,8,80,31,17,8,9,9,5,16,3,11,17,23,19,18,15,38,4,14,3,7,7,0
ERR912200,controle,9,12,18,48,3,5,68,30,0,93,202,7,30,12,20,43,109,0,26,9,13,16,11,48,12,6,6,60,7,101,33,25,43,45,11,14,0,84,22,25,30,24,65,37,28,4,2,38,48,75,2,0,25,24,3,128,4,60,13,26,14,27,14,18,20,70,42,37,7,50,33,8,48,36,35,4,5,21,20,143,41,43,0,40,10,21,15,110,43,81,75,25,31,13,64,13,36,17,4,15,85,11,5,16,31,30,23,15,12,12,74,75,86,23,0,22,2,1,48,57,4,108,78,56,114,4,19,31,18,38,5,49,365,20,34,32,9,47,31,14,15,11,0,7,47,109,0,9,7,26,20,21,25,126,11,29,65,18,25,20,15,8,147,15,16,9,0,11,16,1,8,21,0,10,31,44,25,14,9,47,22,48,7,0,55,18,9,3,45,3,24,6,0,39,40,94,16,10,20,128,74,56,13,26,18,30,58,5,20,41,4,32,36,55,10,3,20,3,20,53,48,49,306,16,97,5,95,14,21,10,37,106,88,9,3,13,18,42,13,56,11,30,15,42,23,9,35,7,7,96,0,25,14,15,33,3,29,48,38,109,96,90,71,219,81,60,58,57,9,8,20,20,61,4,105,6,32,16,22,91,14,40,23,13,35,53,33,30,18,20,67,30,26,11,21,81,27,184,34,8,6,2,50,6,204,83,4,4,281,390,18,22,13,21,0,14,0,53,39,66,3,56,32,53,22,15,36,81,6,35,53,41,28,11,8,32,25,34,24,52,84,51,66,72,36,152,35,35,6,16,7,8,570,35,100,7,36,27,15,24,24,9,15,157,105,4,22,22,2,95,9,90,16,28,13,20,9,68,37,94,2,25,69,20,69,43,13,52,6,46,63,0,17,16,63,151,136,104,8,105,79,169,56,151,13,12,88,11,16,137,12,52,182,0,174,36,55,88,58,84,39,33,223,43,7,96,24,13,53,14,18,48,60,23,142,26,330,87,5,0,9,7,12,23,7,5,33,59,7,16,46,66,4,2,32,19,46,79,0,49,26,49,30,0,57,6,0,5,67,85,79,12,42,76,88,16,21,7,10,28,104,4,43,77,33,41,10,14,99,39,21,10,76,0,18,41,10,4,26,21,10,5,9,13,22,27,34,125,14,0,16,97,64,45,43,18,171,5,78,8,28,18,72,56,96,0,29,22,186,3,9,77,5,35,14,0,15,170,34,5,40,48,12,9,15,15,7,2,76,4,1,18,37,8,133,31,9,6,47,15,11,7,207,30,3,8,32,15,27,135,211,13,22,34,9,15,8,20,26,22,48,10,21,10,16,9,54,0,327,96,30,38,24,0,43,44,8,12,15,9,214,0,14,53,5,2,21,30,39,6,6,14,14,12,59,8,110,0,12,8,36,58,0,21,7,36,8,40,0,4,3,16,14,0,0,33,43,6,3,57,120,29,4,21,0,15,26,43,22,34,4,23,268,37,28,8,59,17,7,7,47,30,52,85,44,389,42,77,20,21,38,16,33,8,2,55,38,18,10,0,11,130,15,10,17,138,5,14,0,29,5,77,40,142,43,5,9,5,20,3,4,33,2,7,21,12,32,17,24,20,36,35,3,7,45,8,7,4,19,4,2,8,18,50,7,32,20,36,7,38,55,55,16,13,6,1,9,39,22,32,44,44,56,133,6,16,13,17,11,3,0,0,47,28,11,15,14,8,1,5,7,34,19,12,0,11,25,31,13,110,17,50,64,85,4,0,27,19,5,18,37,8,2,5,47,5,0,96,18,9,0,12,0,9,0,55,0,44,8,9,1,9,0,0,3,3,4,0
SRR24907834,controle,2,4,22,52,10,8,49,62,30,27,103,20,68,16,59,13,41,23,25,14,2,15,4,7,50,11,34,41,26,24,67,6,12,56,13,10,8,48,40,9,33,19,93,34,24,38,5,6,40,53,0,13,6,6,16,101,0,19,60,7,22,20,9,22,11,39,19,18,4,67,33,6,10,50,81,7,18,14,5,85,56,25,22,35,69,96,5,30,20,15,101,88,14,0,15,19,24,13,9,14,66,39,7,13,25,9,0,8,28,21,92,38,20,30,8,0,9,12,49,4,11,90,13,26,76,10,129,68,21,38,0,0,95,41,8,37,63,6,73,13,19,19,27,25,49,65,0,26,8,0,115,4,106,71,4,0,12,31,14,18,48,0,0,2,59,108,3,33,8,15,11,49,9,6,6,22,25,49,10,0,91,27,13,5,16,45,48,4,16,10,31,1,4,9,58,116,10,10,40,107,58,114,18,182,14,0,8,26,4,42,2,36,19,28,1,0,13,0,15,19,40,23,105,12,103,20,62,2,23,57,39,14,83,14,2,7,14,65,33,20,23,34,19,9,19,17,67,6,33,21,15,45,17,11,45,4,24,32,7,100,26,58,34,104,46,33,9,15,79,86,99,11,9,68,96,0,26,10,9,68,6,0,11,1,10,20,2,4,40,41,26,31,25,19,32,72,26,141,0,11,6,5,76,13,285,34,9,10,275,200,31,19,8,17,33,11,4,12,40,45,7,18,3,43,28,2,57,38,0,36,93,2,82,32,8,23,14,26,59,2,5,18,30,107,29,99,41,5,11,32,17,16,423,0,49,13,5,115,147,35,64,8,0,32,76,16,55,12,2,70,37,73,32,9,42,16,11,22,52,20,5,25,149,5,6,57,52,37,9,38,11,48,16,23,115,59,228,100,67,103,46,128,57,115,52,15,53,50,28,60,24,116,67,9,36,42,6,13,48,67,15,285,212,45,21,55,4,6,74,28,10,25,3,16,177,29,440,32,11,33,3,8,1,43,2,5,63,35,23,0,29,26,29,17,12,7,7,31,0,15,20,97,10,2,39,41,2,0,19,80,52,107,18,0,12,22,39,26,9,24,40,0,43,50,41,16,0,33,253,41,50,2,55,9,9,16,14,8,34,25,36,0,0,42,44,36,5,116,12,17,12,183,152,70,13,30,114,36,21,6,139,11,67,89,153,8,19,4,112,12,26,46,7,14,0,4,16,193,2,7,42,22,23,12,9,94,6,2,69,194,2,22,18,3,56,84,3,21,47,2,18,6,51,13,16,4,35,9,23,36,201,3,10,106,13,47,0,13,11,0,45,9,38,9,3,2,22,3,345,122,52,50,3,13,46,34,41,0,31,13,36,10,29,46,4,28,12,7,132,9,11,34,4,22,73,3,200,26,24,5,2,71,3,9,16,45,1,85,2,0,17,11,3,17,38,22,3,0,16,63,158,47,18,37,18,6,151,5,29,3,10,7,35,54,20,0,6,87,15,4,23,4,0,21,75,124,9,18,11,36,7,17,20,11,34,5,105,40,5,44,22,126,6,0,42,0,26,4,21,22,5,73,16,0,19,5,14,11,0,19,13,52,3,16,3,18,17,0,41,39,7,24,17,44,17,0,0,17,0,18,23,31,8,7,4,39,38,53,0,31,16,55,0,0,4,8,27,8,53,20,25,31,45,146,12,40,16,9,0,6,19,10,16,59,9,7,19,2,0,5,0,19,7,2,11,23,5,16,0,136,67,47,140,90,9,3,15,7,0,16,0,12,4,5,14,12,8,96,49,1,18,29,18,4,33,21,15,64,9,8,9,13,4,18,0,10,5,4
SRR24907871,controle,13,0,5,57,16,2,38,32,27,33,71,4,26,17,55,0,64,25,35,16,0,11,24,26,64,14,33,26,14,24,75,0,7,22,15,10,33,71,25,4,57,23,72,32,46,47,14,32,25,40,0,10,11,28,4,165,0,21,35,16,15,26,6,32,9,6,26,23,0,53,19,13,27,30,54,12,12,14,7,68,59,4,45,38,32,76,17,45,12,16,57,98,2,8,44,0,17,5,6,48,51,44,4,2,67,26,0,22,30,16,70,45,31,42,16,13,2,19,60,11,17,73,14,27,103,12,91,30,7,5,2,0,67,51,10,37,47,9,39,18,55,39,28,19,29,54,0,8,8,8,56,0,106,100,7,0,18,31,30,0,69,0,6,9,19,69,6,7,9,29,13,45,3,28,24,15,24,51,10,3,79,13,17,0,33,41,51,2,2,26,17,5,0,9,52,123,11,13,30,27,16,55,40,188,0,0,28,28,4,31,0,18,28,48,5,5,19,9,25,25,53,92,99,4,77,8,71,13,47,18,11,24,74,27,14,30,18,15,23,4,22,35,16,35,15,5,53,7,30,23,2,19,0,9,37,10,7,30,3,80,19,37,57,131,17,48,10,12,28,74,70,36,13,43,72,6,92,18,5,103,18,0,5,8,7,12,9,11,21,61,26,46,36,32,25,49,33,158,0,12,19,2,56,15,201,38,10,0,198,169,43,5,0,14,62,2,21,9,59,44,9,11,14,67,12,0,14,25,2,7,80,7,33,43,14,14,19,13,29,13,4,29,11,55,62,110,38,26,29,29,28,4,265,0,21,16,10,88,156,22,8,5,0,43,62,4,26,9,8,99,63,88,45,7,4,25,25,12,43,28,6,32,136,10,10,59,46,26,15,32,12,30,4,22,76,55,182,80,70,30,43,113,42,61,81,12,56,59,38,31,15,86,49,2,50,36,13,21,26,84,33,296,146,42,40,27,11,37,47,28,11,18,6,12,129,27,354,18,15,26,3,0,9,45,20,9,75,53,4,13,22,57,43,8,11,18,24,39,17,17,33,57,8,3,72,27,0,0,14,38,67,71,61,6,13,9,17,42,8,34,31,0,45,57,59,9,3,35,145,38,29,6,66,9,15,4,8,7,25,31,30,8,0,84,28,30,10,97,0,27,49,162,61,83,18,33,28,32,8,3,127,35,45,81,171,14,22,29,104,20,13,44,20,30,0,9,26,117,5,10,58,44,15,5,2,78,15,7,80,59,5,25,0,14,35,47,2,16,40,2,15,6,48,22,26,4,51,0,4,80,234,0,18,17,41,28,0,0,4,5,48,2,22,3,0,16,24,0,202,114,42,41,5,18,47,20,68,0,18,23,63,13,27,21,3,26,16,3,31,36,9,6,9,0,110,5,177,33,14,4,7,31,11,11,10,32,4,49,18,9,38,5,5,15,32,59,7,4,15,39,82,50,8,38,20,6,134,8,21,14,6,9,27,97,54,4,24,28,21,3,8,18,0,13,37,12,15,8,8,3,1,15,17,3,2,20,68,41,3,34,46,120,6,4,58,0,25,4,28,42,5,45,12,0,0,8,6,7,0,3,22,23,11,27,7,12,4,4,40,29,7,12,14,24,4,1,7,15,5,56,19,11,6,3,13,47,37,73,0,22,27,89,3,0,15,0,28,17,59,33,24,14,47,101,21,54,26,18,3,6,9,0,16,43,2,7,12,7,0,9,11,28,33,4,0,6,2,34,0,14,102,8,264,77,0,0,7,27,0,25,8,0,3,4,47,8,6,76,33,6,15,9,29,0,5,65,11,28,8,6,0,48,26,33,0,13,16,31
SRR24907892,controle,3,6,4,20,18,3,8,7,24,31,46,7,6,6,31,3,23,3,23,11,0,5,4,11,8,14,12,9,12,12,35,0,8,26,10,5,2,13,19,5,37,8,33,13,25,8,0,7,15,34,0,2,0,3,3,34,0,4,17,0,3,12,5,19,17,4,11,8,6,28,11,2,22,43,26,12,6,0,5,17,26,3,14,3,23,20,0,15,13,6,40,28,2,0,32,0,0,0,7,6,8,9,8,3,6,11,3,9,17,28,15,14,4,0,13,6,12,4,3,5,6,29,18,15,18,6,30,22,3,36,0,8,30,2,6,4,16,43,16,0,22,12,17,6,27,26,0,18,0,4,32,0,24,34,0,4,7,36,24,5,22,3,3,4,10,36,0,13,5,7,3,22,2,12,4,19,9,30,2,7,9,4,5,15,5,10,14,1,0,5,1,9,3,7,31,15,5,6,0,11,9,22,17,38,5,0,6,4,2,3,0,15,16,47,0,0,23,1,2,20,20,36,15,6,30,5,20,2,0,8,7,11,25,0,6,3,5,17,0,16,16,15,3,5,15,8,22,0,24,10,0,11,9,12,22,1,8,20,4,49,64,31,25,22,14,7,2,4,13,38,6,4,6,23,35,5,25,4,7,12,3,0,9,0,17,12,9,26,27,3,10,10,15,5,9,34,26,65,0,5,0,0,9,4,95,7,7,3,86,101,15,15,10,10,20,3,11,19,8,5,8,11,5,30,0,0,3,15,0,5,21,3,3,0,8,2,8,0,2,7,0,5,9,29,14,16,4,6,2,16,12,0,176,0,25,12,0,30,72,0,0,0,0,18,42,4,23,6,4,13,14,38,18,0,26,5,14,13,20,17,0,8,57,3,0,12,9,26,2,20,7,17,7,2,36,20,57,29,10,23,12,43,6,36,25,2,24,8,7,18,5,46,30,7,29,17,13,12,19,14,17,62,117,22,14,48,0,13,12,4,5,11,25,8,42,10,144,16,0,11,2,6,4,10,2,5,22,43,3,4,6,19,23,0,14,10,8,9,2,17,2,12,6,2,16,9,0,0,13,38,38,28,20,6,0,36,10,11,10,22,6,0,36,24,4,8,5,6,13,15,16,8,15,5,15,0,6,3,17,32,5,4,0,18,2,11,3,23,7,13,24,81,23,22,8,9,11,0,20,0,39,15,10,45,23,5,0,6,56,3,3,6,11,10,0,2,16,54,6,9,28,11,18,6,9,42,0,0,36,23,0,14,3,6,46,20,8,7,14,11,0,0,14,5,10,6,27,6,2,29,40,0,16,13,5,20,0,4,7,14,3,0,2,3,0,6,16,0,155,41,10,40,3,7,4,18,29,0,12,2,33,7,7,2,5,0,13,5,15,3,2,15,12,0,28,3,47,0,4,16,2,6,0,6,0,17,2,12,5,2,5,14,2,10,26,8,6,0,13,15,47,31,4,13,4,12,19,9,12,4,3,6,20,30,17,0,7,7,14,10,6,4,5,4,72,12,6,4,4,0,3,17,3,0,2,10,6,7,0,22,4,53,0,12,31,0,3,7,11,21,0,26,15,6,0,0,2,0,0,0,2,13,4,24,6,6,16,0,5,3,5,2,8,15,7,2,0,6,2,14,10,6,11,0,2,17,23,25,0,11,4,9,0,0,7,4,7,10,9,13,11,9,4,92,8,30,6,13,0,1,5,5,3,4,8,2,4,4,0,0,4,8,4,4,8,0,3,8,0,36,16,15,114,30,0,7,4,2,0,16,0,6,0,19,6,1,0,21,23,4,6,9,6,0,3,17,0,3,12,8,0,13,11,25,0,10,7,0
SRR24907906,controle,3,2,10,14,0,0,6,6,6,14,38,0,10,6,9,0,9,6,10,2,1,13,0,13,7,0,23,35,2,10,11,0,0,9,7,2,2,19,13,0,13,6,28,16,3,2,0,2,18,23,0,4,0,7,3,50,0,7,10,4,0,2,5,7,0,13,9,5,1,17,5,0,3,14,17,4,18,0,10,14,12,6,8,15,10,25,0,13,9,8,10,21,0,0,11,6,3,0,3,7,8,10,0,1,9,12,0,2,7,9,17,14,8,0,8,0,5,5,1,9,0,16,2,15,24,6,27,10,3,12,0,0,23,8,6,13,12,0,17,3,0,4,9,4,9,21,0,10,0,11,18,3,15,40,3,0,10,10,12,2,19,0,0,6,4,54,0,3,2,1,2,9,0,9,5,6,2,15,0,0,2,11,3,1,4,19,9,1,9,10,9,0,3,3,22,27,4,0,4,4,14,11,10,25,0,0,16,13,0,3,0,12,3,12,6,0,13,0,6,8,8,8,21,2,16,2,48,6,0,7,12,8,16,13,4,6,0,11,0,8,14,5,2,3,12,6,16,0,6,6,0,5,4,8,29,1,2,7,5,28,18,23,15,51,28,30,7,3,24,18,34,18,4,7,23,0,42,5,2,25,3,0,3,0,3,3,4,8,13,5,9,9,5,8,6,29,9,55,0,3,4,0,10,5,63,14,2,3,51,25,2,3,0,7,6,8,16,2,8,9,3,0,0,11,10,0,5,4,0,6,22,8,4,0,5,7,13,2,22,5,4,7,11,31,15,17,19,0,9,11,19,3,103,0,27,3,5,12,54,12,5,6,0,15,24,1,5,8,0,12,9,53,11,0,7,5,9,5,19,7,0,6,21,3,5,5,15,9,3,5,3,9,0,9,20,15,60,28,14,14,10,46,16,32,15,12,20,9,9,10,4,29,27,0,14,10,5,14,17,21,10,91,64,11,6,11,2,7,14,0,7,6,4,8,49,3,149,3,5,2,0,0,0,12,0,4,28,13,3,0,13,2,11,3,7,6,2,20,6,2,4,9,3,2,17,14,0,4,6,11,24,10,18,3,5,0,5,12,2,13,6,0,22,21,15,3,0,5,24,31,10,0,16,6,2,0,3,9,7,14,10,3,0,9,2,5,7,14,4,7,4,47,30,15,4,12,7,6,5,3,29,20,12,26,44,5,8,1,28,2,1,16,6,23,4,5,7,37,10,1,18,6,8,0,0,23,1,3,38,9,4,2,0,2,7,14,8,0,12,0,0,0,22,4,4,5,22,1,4,4,37,3,5,8,3,6,0,2,5,0,8,0,0,2,0,0,18,0,59,12,9,18,0,10,13,11,10,2,8,8,21,8,21,3,0,0,5,0,34,1,2,0,3,2,26,0,40,0,8,1,0,17,2,3,2,5,1,9,2,0,6,0,2,6,9,3,7,0,2,11,36,9,0,7,6,9,25,8,2,0,2,7,22,13,16,0,0,2,2,0,4,3,0,4,36,12,0,7,6,0,0,5,8,1,1,9,0,16,1,8,5,37,4,3,8,0,21,14,2,10,0,27,5,0,0,2,0,0,0,3,0,11,16,7,0,8,7,0,14,9,2,2,3,11,4,0,2,5,4,13,5,2,2,3,2,5,10,11,0,15,6,11,0,0,6,2,10,15,1,6,12,6,15,39,4,16,6,3,3,1,2,0,6,9,0,2,4,0,0,5,3,7,8,0,2,11,5,2,3,27,22,8,16,23,1,0,2,2,2,5,2,2,0,0,11,0,1,20,9,0,5,7,5,0,8,5,2,7,0,3,0,7,0,5,0,3,0,0
SRR24907908,controle,3,0,20,16,7,0,16,7,13,11,42,3,19,11,23,0,29,12,13,0,0,5,2,8,7,10,3,6,29,10,25,0,10,37,9,9,3,29,7,2,34,9,41,14,12,25,0,10,9,22,0,5,0,7,4,20,0,6,17,5,3,9,0,13,7,19,8,6,7,23,11,0,3,29,36,9,5,0,0,25,47,0,18,13,25,51,0,8,7,5,18,19,0,0,3,0,0,0,3,2,11,16,2,2,0,22,0,0,21,9,16,5,14,5,5,8,7,5,2,9,3,36,5,5,16,8,38,23,0,24,0,0,18,18,15,13,17,10,17,14,0,15,14,7,20,22,23,3,1,4,28,8,42,70,11,8,29,9,16,7,26,0,0,2,10,63,7,5,2,7,5,11,0,8,4,4,5,27,4,4,10,2,2,7,9,9,7,1,3,3,12,2,0,0,29,22,11,2,7,101,10,31,2,72,0,0,15,7,0,6,0,6,11,52,1,0,3,1,0,6,18,0,26,0,30,2,40,2,2,6,7,3,16,12,0,8,12,10,0,5,6,11,0,4,11,3,25,4,12,8,4,19,4,13,15,5,10,5,3,57,35,15,29,44,7,16,2,0,18,31,29,2,3,15,57,0,7,10,3,22,0,0,1,0,3,8,0,8,22,10,12,8,12,2,7,17,4,42,0,12,0,0,7,0,76,15,3,0,105,98,5,15,0,7,11,7,6,4,6,19,1,2,3,5,4,0,2,12,2,17,12,0,6,14,0,3,3,5,19,2,0,11,15,37,16,25,11,0,6,14,7,0,182,3,17,4,0,17,69,15,2,4,0,13,14,4,31,0,6,50,14,20,17,3,10,7,4,13,18,13,0,11,67,4,0,10,3,16,0,12,6,20,4,16,33,22,52,29,15,29,16,39,21,47,11,0,15,9,5,18,8,38,26,4,36,15,5,9,10,22,5,67,89,6,14,7,0,12,25,4,2,8,34,8,39,6,74,15,3,9,0,0,0,15,0,8,17,6,3,3,6,17,18,5,7,10,17,12,6,7,7,26,0,9,14,6,0,0,0,49,32,13,17,0,5,4,4,16,15,4,10,0,22,9,12,2,2,9,46,7,21,2,20,1,2,10,11,0,9,12,10,0,0,26,4,6,9,23,2,9,0,74,41,30,5,17,14,2,7,2,39,23,15,29,55,5,2,7,54,3,3,12,12,4,0,2,34,32,2,13,14,16,12,3,30,62,2,0,27,27,2,11,3,7,8,23,6,6,14,0,0,2,21,5,7,3,31,0,6,16,98,5,3,24,4,13,0,0,0,6,17,0,2,6,0,3,14,0,50,40,10,9,0,4,14,0,12,2,11,0,30,7,4,0,0,4,5,3,14,2,3,3,7,0,32,0,31,6,9,11,0,15,3,2,1,30,2,16,0,0,6,20,10,9,8,12,0,0,9,11,20,19,3,20,10,0,27,2,8,0,14,4,23,15,12,0,5,7,7,4,6,4,0,10,13,16,10,8,15,0,0,11,11,5,7,4,17,6,6,17,8,24,3,2,27,0,15,26,19,15,0,8,14,0,0,0,5,2,0,0,4,10,1,7,0,9,7,4,10,6,3,4,12,19,8,2,2,2,0,15,0,2,2,4,9,5,26,16,0,17,4,9,0,0,2,0,8,4,21,12,9,6,22,87,7,19,11,4,2,2,8,0,0,6,4,3,0,2,1,2,0,0,2,3,3,4,0,9,0,16,12,10,71,34,0,0,4,2,0,11,0,0,0,7,8,1,0,15,17,4,6,6,12,4,2,9,3,7,0,2,0,8,11,51,0,3,2,6
SRR24907938,controle,4,0,7,23,5,2,34,7,2,8,11,0,7,6,4,3,3,2,0,5,0,7,0,12,11,4,4,8,2,3,19,18,0,10,9,3,0,4,1,2,8,3,9,9,0,3,0,4,5,34,0,4,0,3,6,33,0,4,13,0,24,2,0,7,2,4,19,1,3,7,0,5,0,16,5,1,3,6,3,26,5,8,5,7,5,16,0,18,7,3,17,8,2,0,10,6,2,6,0,0,0,7,0,4,14,3,2,5,6,4,5,8,2,0,3,2,0,2,3,0,0,11,10,2,14,10,12,15,0,30,2,4,25,2,3,5,7,6,5,2,2,8,2,4,15,7,0,3,0,6,7,2,6,23,0,0,3,7,11,0,17,2,0,2,4,4,0,3,3,3,2,8,1,5,4,11,4,9,0,0,8,4,3,7,11,10,5,1,6,2,1,0,3,3,5,18,4,3,4,82,8,8,8,28,0,3,2,1,0,17,0,11,7,16,0,2,9,0,5,5,4,11,17,2,8,2,41,3,5,1,6,6,14,2,0,3,4,3,4,7,0,4,8,4,12,0,13,20,5,12,1,7,4,2,8,1,5,14,4,28,18,49,10,8,60,9,3,4,5,25,10,2,3,4,15,1,13,9,2,23,3,0,0,2,5,6,0,8,5,4,15,3,9,1,3,9,2,26,0,0,2,0,7,2,24,5,2,2,36,19,2,4,0,6,2,2,4,3,3,2,1,22,3,3,8,2,2,5,0,4,14,10,2,3,0,6,0,1,6,0,0,4,6,13,12,22,8,3,0,5,2,2,82,5,12,5,0,37,25,33,6,8,4,6,21,2,4,10,1,7,2,12,6,1,5,7,2,7,8,4,0,11,36,4,14,5,9,5,0,9,0,7,6,22,21,12,35,33,6,13,16,12,3,11,6,2,19,28,11,17,16,35,30,2,22,9,22,6,17,4,14,36,27,18,5,11,5,2,5,3,8,6,5,3,22,9,72,7,0,4,4,0,1,2,3,1,11,7,6,0,12,10,3,0,4,5,2,17,2,3,3,9,2,2,4,2,1,0,7,9,15,5,15,5,11,4,14,3,0,5,13,2,22,18,4,5,0,0,25,9,6,1,2,1,4,3,5,2,11,5,2,3,2,5,4,4,2,22,8,2,3,52,6,12,2,4,11,0,6,0,24,0,8,7,19,8,3,3,44,5,2,7,2,4,0,7,4,21,0,7,4,3,9,4,0,4,2,0,19,8,2,3,7,2,12,5,4,1,5,2,2,5,12,1,4,1,12,2,3,1,39,0,10,6,5,3,2,2,2,0,9,2,2,0,3,9,25,0,47,10,4,6,0,3,8,4,23,0,5,3,23,2,2,2,1,1,5,3,5,1,4,2,2,0,25,2,9,14,3,4,0,15,22,0,3,0,0,0,3,2,2,4,2,1,4,3,7,0,0,5,18,8,1,2,2,0,6,9,4,0,12,6,3,16,2,4,4,1,7,4,11,0,3,22,17,11,24,9,7,6,0,4,24,2,1,9,11,0,0,7,12,18,2,0,6,0,2,7,7,17,0,18,2,2,0,0,3,0,7,0,2,10,3,5,4,1,0,2,3,3,3,0,5,2,2,2,0,0,2,9,2,0,6,39,3,5,4,6,0,3,3,17,0,0,2,2,2,2,5,10,2,0,6,31,5,9,7,5,2,1,2,3,11,4,2,3,2,8,1,4,0,8,4,0,3,1,3,2,1,37,16,9,68,23,6,0,4,0,0,5,0,10,0,1,4,1,0,9,4,2,2,1,2,6,4,3,1,5,0,6,2,0,0,0,0,3,2,27
SRR24907942,controle,16,6,6,10,10,3,5,8,8,10,32,28,10,7,13,43,24,1,15,8,0,40,8,4,4,6,17,13,2,20,22,5,12,17,3,24,0,18,8,3,21,7,48,9,13,4,5,2,12,31,2,1,4,5,4,59,11,10,10,5,5,5,13,21,5,4,21,10,8,30,14,2,28,26,31,5,5,0,0,36,8,22,6,7,10,20,6,22,10,14,39,28,4,4,27,31,0,3,6,10,18,7,6,15,15,6,7,0,5,12,66,34,4,12,7,0,3,2,0,0,0,14,7,11,38,6,43,47,5,5,8,2,35,2,4,8,7,12,21,0,9,12,8,10,29,44,0,60,5,6,10,0,25,50,5,7,8,20,9,3,23,3,18,7,14,26,8,9,6,6,1,30,2,7,15,21,8,20,10,7,13,15,1,0,9,8,10,0,6,13,0,2,0,22,35,35,9,9,11,153,9,26,7,12,6,6,9,6,13,11,2,13,6,14,4,2,15,0,5,21,7,43,53,5,19,2,24,3,5,1,13,13,22,1,4,12,5,24,4,19,29,9,6,8,8,21,27,0,7,18,3,4,11,12,34,6,7,31,22,83,30,41,19,44,13,32,22,30,21,27,26,6,4,10,24,3,21,4,1,51,3,0,4,2,7,20,7,23,14,18,24,17,8,2,11,37,17,76,0,9,3,0,7,7,115,24,4,6,73,135,23,11,2,15,8,2,13,24,32,18,15,0,5,16,11,9,12,5,2,3,32,2,5,15,7,9,7,0,11,0,5,9,11,31,17,43,18,3,3,4,11,14,185,5,25,0,0,9,56,0,7,0,4,35,51,6,15,10,0,14,10,26,18,4,20,4,23,8,22,13,2,6,56,8,5,36,23,14,2,22,6,21,2,3,33,18,123,49,15,69,23,46,15,29,41,16,12,13,31,13,5,80,50,3,20,15,8,28,17,15,28,114,97,39,11,33,4,3,38,4,4,16,4,9,61,20,188,12,0,2,3,20,0,11,6,4,22,13,4,4,15,19,18,1,2,9,6,50,0,21,8,14,0,3,24,20,4,2,10,25,32,28,18,9,7,0,13,7,7,10,37,0,43,11,3,6,4,7,33,25,9,5,18,3,6,5,3,2,4,13,18,4,11,22,12,20,21,15,14,10,3,50,39,23,26,13,31,0,8,4,53,35,11,32,37,12,4,5,32,3,12,27,8,18,12,2,11,82,10,3,33,15,14,3,12,29,8,2,44,22,2,14,0,6,73,20,7,4,4,8,4,7,28,10,2,4,27,11,17,25,62,0,10,25,11,15,0,4,2,5,7,0,8,7,3,0,21,3,129,28,9,32,1,3,7,22,17,0,25,4,52,2,8,0,6,7,5,3,22,7,4,17,6,7,44,0,62,9,6,10,0,54,6,11,3,15,2,21,1,7,7,9,11,5,11,13,20,8,3,21,118,25,2,12,14,6,44,3,24,2,8,2,28,17,5,2,7,2,17,24,14,7,0,53,11,21,0,13,8,3,3,7,5,7,9,2,41,14,3,13,5,50,2,2,16,10,7,7,5,43,0,48,9,0,8,5,4,0,0,6,4,14,4,14,4,6,10,4,31,6,6,15,5,19,11,2,4,8,0,9,12,15,8,4,0,8,3,25,0,16,20,43,0,3,4,5,6,5,10,7,6,25,21,61,0,9,9,5,2,2,21,6,20,12,17,4,17,2,0,2,0,27,5,6,15,6,12,9,0,27,33,10,54,32,0,0,10,4,2,19,6,0,0,2,5,4,4,34,26,5,4,6,0,0,6,14,6,10,0,4,5,9,4,7,0,7,2,8
SRR24907950,controle,2,6,66,17,0,0,4,2,8,5,29,21,11,4,12,0,18,4,7,3,0,7,7,3,6,12,5,6,21,10,21,10,10,71,3,0,0,8,16,0,19,8,0,14,9,2,0,7,0,40,0,3,0,32,5,41,8,0,29,9,18,19,9,6,4,7,8,4,0,9,0,0,8,22,21,7,5,0,0,9,5,16,6,4,18,55,5,32,6,2,10,24,2,0,0,34,13,3,6,19,15,16,0,0,116,71,0,0,67,3,415,9,6,0,5,3,1,1,3,9,0,7,18,3,83,5,212,6,2,13,0,0,16,8,13,3,8,2,11,3,0,4,9,8,11,33,88,4,0,164,0,6,26,313,10,0,3,8,26,0,189,0,0,0,2,42,0,0,4,12,0,40,0,5,2,123,3,20,14,0,3,5,2,2,264,14,0,0,2,0,121,0,0,0,110,5,0,7,2,6,0,5,4,25,3,0,3,191,12,23,0,4,6,10,0,0,0,4,0,10,48,16,61,23,25,4,48,2,9,13,0,9,12,4,5,6,20,6,0,4,132,3,6,127,610,8,25,91,10,11,4,29,15,14,3,3,2,15,12,16,22,9,11,27,31,11,8,14,11,8,20,0,0,6,35,0,22,15,1,56,0,0,0,2,5,7,0,2,17,7,12,6,5,7,6,5,126,51,0,8,0,8,3,0,64,25,1,5,36,64,56,10,13,16,17,3,3,14,16,17,1,5,0,10,3,4,0,9,0,84,7,2,0,21,6,3,0,0,7,2,0,0,2,17,21,16,18,0,3,8,5,3,161,0,33,3,5,0,48,8,2,12,0,234,7,7,13,6,3,12,7,25,17,4,13,5,4,7,9,7,0,4,89,0,8,7,3,19,0,32,8,12,0,7,135,76,80,61,1,71,3,9,10,38,5,0,88,8,4,166,30,31,15,0,24,3,11,5,26,10,24,50,78,6,6,25,12,3,5,47,0,12,0,6,20,21,18,17,6,2,0,11,0,119,6,5,10,14,3,3,10,9,13,0,0,0,4,45,0,0,15,9,0,7,6,1,3,4,4,17,19,4,20,7,13,9,18,1,19,3,0,0,5,27,4,0,0,1,19,9,13,1,9,6,9,5,2,2,205,25,12,0,0,11,9,2,0,17,3,5,3,230,26,51,0,12,7,0,6,3,20,3,34,32,12,13,6,7,35,10,0,6,6,4,102,2,8,7,0,24,9,13,19,10,6,24,5,0,41,19,5,7,0,4,0,8,0,3,4,0,4,26,14,8,36,8,18,0,0,3,51,0,2,4,10,30,0,4,2,0,33,2,5,0,0,67,7,0,49,22,9,16,45,2,2,12,9,0,3,8,14,0,0,6,0,0,1,0,3,2,2,0,0,4,61,0,6,11,3,0,0,25,103,0,2,2,2,10,23,0,2,1,0,6,2,2,14,2,6,13,64,2,1,4,1,27,2,2,2,4,21,2,14,37,12,0,6,5,6,0,0,8,0,65,17,4,0,10,2,5,7,10,2,0,0,2,0,0,0,18,9,13,0,0,20,0,2,97,9,22,0,82,3,94,0,0,10,0,0,3,13,3,3,13,3,2,2,4,0,0,1,7,17,8,14,0,0,1,0,2,19,3,0,16,6,3,3,12,4,3,7,0,0,0,0,0,7,0,1,2,2,0,7,50,20,27,15,2,0,12,19,0,3,3,7,0,0,0,1,0,0,8,8,0,7,6,0,2,0,7,5,0,100,8,0,0,0,4,2,2,0,3,3,0,10,0,178,12,10,44,13,15,10,5,2,1,0,0,8,6,11,6,3,17,3,10,14,196
SRR24907956,controle,0,3,2,6,10,0,6,5,5,10,29,0,10,18,12,0,13,10,1,4,0,7,0,6,7,6,14,4,6,7,29,0,0,17,3,0,0,12,4,0,12,4,14,5,5,12,0,9,8,27,0,5,0,8,1,13,0,7,9,3,5,4,2,13,2,16,5,9,0,4,2,0,9,15,33,6,8,0,0,18,21,3,8,19,16,31,0,5,0,0,14,30,2,0,12,0,0,5,2,9,6,14,0,0,9,4,0,3,7,0,17,5,17,8,5,3,0,1,1,5,2,20,6,10,10,8,18,11,3,0,3,3,18,18,4,17,16,0,8,9,0,8,3,1,14,4,3,13,0,3,24,2,17,30,1,0,7,9,17,2,21,2,0,2,6,35,4,7,2,3,0,8,2,18,5,4,2,15,9,0,3,4,6,0,8,16,1,0,4,2,4,0,5,7,18,25,0,0,0,44,0,28,8,42,0,0,5,6,2,4,0,14,3,16,0,4,3,2,2,7,11,6,19,0,21,8,30,0,4,8,2,10,15,7,2,3,26,5,2,3,5,5,2,14,13,9,14,0,9,6,2,12,11,11,2,0,8,7,9,31,10,11,13,12,11,0,4,8,15,16,14,7,5,8,12,2,7,3,3,24,11,0,1,0,0,14,2,3,6,2,17,6,6,0,4,15,9,43,0,10,2,0,8,9,50,22,1,0,48,68,18,7,0,8,4,7,8,11,0,7,2,0,3,9,7,0,10,2,2,6,10,0,2,6,5,2,3,2,6,9,11,4,13,5,13,25,15,0,2,11,6,0,80,0,0,8,7,5,47,23,0,6,7,7,19,2,7,18,0,10,9,30,16,0,8,9,5,7,11,3,0,9,39,0,0,0,4,9,0,6,3,7,0,16,15,7,46,17,10,35,10,16,8,32,36,3,21,12,10,16,6,50,8,3,15,11,5,7,11,14,8,20,42,23,6,14,0,2,10,10,3,0,0,11,35,2,80,26,6,4,0,6,5,15,9,0,8,3,0,8,11,12,8,5,11,8,2,7,5,4,0,17,3,0,8,6,0,0,4,10,18,6,14,0,10,6,0,4,0,2,13,0,11,23,16,7,0,2,29,11,11,1,8,6,1,0,8,5,8,20,22,5,0,2,0,2,2,12,3,6,4,64,22,23,4,5,12,8,5,0,33,9,12,21,61,4,9,1,38,1,3,3,2,0,2,4,0,33,3,3,7,6,10,19,6,18,0,4,22,6,0,3,0,0,0,5,2,2,14,7,0,6,9,3,2,2,12,0,0,5,71,3,9,15,4,8,4,0,3,0,16,6,0,2,0,0,8,2,38,17,18,8,0,1,2,21,14,0,7,2,22,1,3,2,0,7,0,0,8,3,0,9,1,0,33,0,21,14,4,4,0,10,2,0,0,7,0,3,2,2,2,6,3,9,2,6,3,0,2,5,19,19,4,16,5,9,7,2,5,0,7,5,4,14,3,5,0,6,4,0,5,0,0,18,11,42,0,10,2,10,0,13,2,0,1,11,6,8,0,12,7,6,0,2,26,0,16,24,11,2,0,0,5,0,5,2,5,0,0,0,0,13,5,4,0,2,4,0,4,2,0,0,8,12,12,0,2,1,7,16,7,3,12,0,4,7,0,18,4,4,8,11,0,0,0,0,6,5,6,3,2,0,3,51,5,20,9,6,0,0,5,2,14,4,0,2,0,0,0,7,0,0,0,0,0,13,2,2,0,18,8,8,65,23,2,0,4,2,0,3,0,0,0,0,15,1,1,13,8,1,5,1,7,0,2,7,2,3,2,8,0,5,2,2,3,11,4,0
SRR24907957,controle,2,4,4,11,0,0,6,2,4,8,22,0,20,11,13,0,7,6,14,5,0,9,2,8,13,6,7,6,0,2,8,15,0,12,3,6,1,3,8,2,14,7,12,4,13,6,0,3,3,19,0,5,0,8,0,29,7,5,18,2,0,0,2,5,9,5,12,2,0,5,2,18,9,28,14,7,10,0,12,12,18,10,2,8,17,20,2,5,3,0,18,15,6,0,9,0,3,19,0,9,3,8,2,3,20,8,6,3,8,0,0,13,5,3,11,0,0,0,0,3,2,15,4,7,8,4,8,3,3,6,0,0,9,6,14,10,13,3,11,3,0,7,15,7,6,6,0,3,0,7,15,0,7,21,12,0,8,4,16,0,36,3,0,2,2,23,0,2,7,3,1,14,0,2,8,11,0,19,0,4,0,8,4,2,3,16,3,3,2,3,11,0,0,5,9,13,3,4,4,0,0,11,3,26,0,0,6,5,5,4,0,2,9,15,0,0,3,1,2,15,6,10,11,9,16,2,26,9,0,2,2,0,10,6,0,5,11,2,2,2,6,10,2,0,8,9,11,0,9,2,1,4,11,3,5,0,10,12,6,24,14,7,9,30,30,12,3,0,5,22,18,5,8,7,19,1,21,2,6,13,0,3,0,0,9,0,4,4,12,4,15,4,6,2,5,17,0,38,0,9,0,9,8,0,36,14,6,0,44,77,7,6,4,5,11,0,2,0,3,6,6,0,0,9,11,0,3,10,0,11,17,0,7,14,8,0,0,2,13,5,2,4,3,13,13,17,18,0,0,14,4,3,81,2,34,5,3,8,34,10,3,0,3,17,4,3,9,5,0,13,5,9,15,2,8,2,4,7,5,3,0,12,38,2,0,0,3,11,4,10,13,9,2,8,6,3,25,22,7,24,10,23,3,35,10,2,5,6,10,10,3,21,16,0,7,5,16,16,26,5,10,52,58,8,5,21,0,12,9,0,2,9,2,2,33,2,24,13,2,1,2,0,0,7,4,2,16,7,3,2,13,8,20,0,9,0,0,6,0,5,2,9,3,0,4,0,0,0,6,3,14,2,15,0,7,0,0,1,2,0,0,0,15,14,7,0,0,0,10,9,10,7,15,3,3,3,2,0,6,7,8,2,0,15,5,2,5,16,0,9,3,45,23,36,7,2,18,0,0,0,25,23,7,26,32,0,3,0,43,2,5,0,8,5,1,6,3,34,0,3,5,0,5,0,3,18,4,0,17,6,4,8,0,4,24,7,0,0,8,2,2,6,6,0,4,0,26,0,2,3,28,0,9,0,4,10,0,0,2,2,7,5,0,0,6,0,6,0,39,26,12,5,0,3,2,0,15,0,10,9,34,2,3,0,0,0,12,5,0,0,4,2,0,0,21,0,16,2,1,7,2,24,0,3,4,3,0,0,3,0,5,1,0,11,9,0,3,0,3,10,41,16,0,17,3,32,6,0,0,2,10,2,10,23,0,2,0,0,2,0,6,0,0,18,20,10,0,11,6,4,0,8,7,0,0,2,2,7,6,14,10,4,4,9,39,0,9,0,13,7,7,5,9,0,0,0,0,0,0,3,0,4,2,5,4,1,5,2,0,0,3,7,9,6,6,0,0,0,4,15,2,0,2,3,0,1,3,13,0,6,2,8,0,0,0,0,6,3,2,4,0,0,2,22,13,23,11,0,0,2,5,6,0,3,0,0,0,3,0,0,0,7,3,0,0,3,0,0,0,6,19,12,52,5,0,0,7,1,0,8,0,0,2,0,10,2,0,6,10,4,6,0,11,6,2,2,0,0,0,7,2,17,4,7,0,10,3,7
SRR24907983,controle,6,8,36,82,5,2,37,39,22,29,80,80,31,26,20,3,32,11,21,18,2,0,22,18,26,15,19,26,111,29,60,0,25,132,20,2,2,46,9,19,71,18,61,22,21,45,0,15,14,71,0,14,4,16,20,74,0,10,68,3,3,24,32,89,9,24,29,21,0,85,13,6,4,46,60,11,9,0,0,52,50,0,40,15,43,96,0,16,24,15,96,30,7,3,23,0,13,24,43,8,44,55,12,11,63,101,2,17,57,15,364,67,31,22,11,19,23,8,19,25,5,49,32,0,167,145,329,44,3,21,3,0,102,24,17,24,75,49,52,18,21,17,12,23,70,124,133,24,3,60,46,1,101,317,2,7,10,22,23,0,184,4,0,0,44,96,9,12,18,25,1,32,9,6,2,182,16,77,10,0,30,19,8,7,307,10,57,11,33,6,104,0,6,34,76,86,19,19,24,18,17,76,32,122,0,0,14,175,19,38,0,25,28,46,1,0,9,0,12,25,79,45,85,10,98,23,165,28,17,23,13,33,60,11,7,10,16,42,13,24,158,35,16,112,631,7,67,108,40,24,2,35,20,20,61,4,18,11,15,124,118,24,34,89,57,46,8,12,33,87,48,20,28,43,64,0,48,15,22,33,15,0,11,4,8,22,2,0,41,26,35,22,38,16,29,67,135,131,0,6,5,6,39,9,134,32,7,21,265,179,16,10,7,31,43,13,8,11,37,29,9,14,8,20,29,8,8,37,4,90,85,0,22,27,5,17,8,14,28,40,4,29,38,43,32,82,28,2,8,23,20,13,440,3,39,6,3,133,126,33,14,8,2,315,111,7,28,20,3,66,55,69,45,6,62,28,0,24,56,32,0,35,91,5,13,29,60,40,14,41,33,63,10,21,164,91,149,82,29,117,55,61,36,66,60,3,97,36,36,160,18,71,93,20,53,36,26,10,50,41,20,172,281,44,5,23,6,35,75,18,9,19,42,21,116,19,300,48,10,15,6,7,5,136,0,10,63,35,0,11,36,29,31,19,22,15,5,65,7,10,20,41,13,4,22,39,1,0,8,63,49,52,42,2,31,25,55,31,12,11,29,3,55,60,57,13,0,20,105,47,38,5,66,4,38,7,33,2,139,27,27,12,0,52,7,28,17,79,16,8,12,341,44,47,10,22,101,18,19,6,116,7,55,54,146,25,9,9,128,12,16,31,10,39,54,5,44,113,6,16,58,17,19,14,31,81,16,5,77,53,6,18,8,9,66,54,5,5,37,2,6,5,43,8,0,8,66,6,23,21,331,3,20,24,13,33,17,7,13,0,32,2,10,5,0,47,38,4,214,125,36,27,21,23,39,72,64,3,54,6,112,6,9,11,3,11,10,5,35,7,9,22,2,4,96,12,106,127,22,6,2,53,144,21,16,35,6,25,3,2,10,21,9,5,3,12,23,0,11,32,80,32,12,22,29,24,36,22,24,0,9,19,27,67,26,2,6,20,18,5,37,0,0,18,30,36,58,65,25,30,2,14,5,4,4,17,30,43,3,21,12,120,11,15,44,0,27,138,30,39,5,152,33,0,0,8,13,7,3,18,8,22,1,13,8,15,19,0,47,20,13,18,9,77,13,2,0,11,0,33,17,7,9,41,7,8,61,27,4,26,18,53,0,4,4,4,25,16,10,51,18,16,37,145,4,27,17,4,0,3,15,2,11,31,18,13,10,8,0,2,4,15,15,2,13,5,20,24,0,92,51,35,367,70,8,7,2,9,0,13,0,14,6,0,39,10,161,32,28,40,30,31,11,0,29,24,14,19,8,8,0,22,22,47,0,4,2,106
SRR24907984,controle,32,18,27,34,20,11,23,37,20,106,100,14,42,24,32,7,48,18,19,27,9,25,23,31,20,17,30,67,36,61,94,0,27,63,12,40,3,54,16,16,55,18,176,50,26,27,0,15,46,201,0,7,4,61,37,143,21,33,31,12,16,26,18,69,22,20,68,19,2,77,26,9,33,76,70,17,56,8,5,99,42,8,41,29,34,61,15,101,61,45,187,76,20,7,44,19,14,9,21,7,38,19,26,12,93,53,0,9,30,16,239,141,14,26,15,28,10,12,3,17,2,75,50,9,132,17,159,173,17,38,40,3,199,13,11,37,49,35,64,26,14,46,14,29,67,78,0,209,6,17,87,3,68,188,10,0,21,15,27,6,73,7,0,11,68,88,5,26,17,30,15,30,13,0,37,130,25,49,4,15,38,20,8,20,113,30,14,16,15,21,46,3,17,73,111,207,18,4,35,254,113,158,27,87,4,0,40,94,31,69,0,87,45,97,14,0,37,9,35,72,38,32,122,3,68,50,183,30,48,31,53,40,88,8,4,52,35,51,20,59,50,12,12,73,140,78,64,72,27,43,37,26,9,10,109,4,11,54,88,160,142,67,105,173,85,285,21,61,106,98,175,54,14,64,63,1,106,13,26,147,12,0,19,5,5,27,8,28,72,47,94,35,48,17,27,161,80,264,0,6,23,3,67,31,241,54,6,16,185,328,26,15,11,8,27,27,54,49,80,58,28,7,16,83,45,4,81,81,0,60,168,14,21,41,15,63,38,23,66,14,10,29,66,138,52,109,56,5,21,38,29,19,570,9,47,13,15,66,126,21,29,22,0,211,141,14,38,74,12,100,59,90,35,11,16,10,18,37,94,37,3,12,92,12,40,68,119,30,26,54,26,47,11,11,162,68,261,163,43,146,108,124,94,57,89,34,83,71,100,89,34,290,174,19,49,55,46,45,149,55,64,298,227,97,59,146,13,15,84,11,21,36,30,32,163,21,649,97,28,18,14,42,4,55,2,4,113,74,17,7,58,42,25,11,47,73,46,94,10,33,40,27,13,6,68,42,2,0,30,95,59,82,33,12,27,50,27,45,7,38,72,0,121,49,31,60,3,46,120,102,26,8,113,6,22,25,24,7,63,28,34,4,0,95,96,29,28,57,22,18,27,178,80,77,42,15,136,6,45,19,155,89,23,174,158,59,2,6,66,13,25,66,28,35,46,6,55,222,25,7,65,18,18,63,56,117,6,15,147,84,26,41,58,9,179,68,36,11,82,15,35,14,81,29,10,13,37,6,33,112,221,8,25,17,29,62,40,21,5,21,17,4,43,10,16,31,62,8,415,105,36,47,31,19,30,61,92,0,103,17,175,27,41,6,16,24,15,15,86,28,24,15,16,13,145,3,210,66,25,35,17,101,72,10,2,50,8,59,17,13,46,21,13,11,7,18,72,2,17,84,112,53,18,24,42,0,181,26,65,3,29,25,70,48,28,17,33,5,23,31,9,24,203,63,35,127,304,126,42,81,6,21,12,13,26,26,79,54,12,29,9,151,4,13,37,12,53,61,23,104,0,158,38,38,6,15,0,6,15,10,2,31,2,22,12,29,31,13,90,6,22,55,18,20,23,8,0,33,5,40,15,26,6,22,8,19,34,66,0,76,31,139,0,10,18,6,53,52,7,34,58,46,62,197,15,20,37,14,4,2,21,6,83,44,23,6,26,4,0,6,5,44,56,22,14,20,28,25,3,110,93,42,129,173,0,6,41,20,0,80,0,0,7,11,28,7,70,132,88,19,19,15,6,4,25,32,35,55,3,21,7,21,17,49,0,5,0,47
SRR24908007,controle,3,2,9,18,3,2,10,8,9,5,28,7,3,7,18,3,3,7,14,6,0,0,2,15,13,9,6,11,8,6,6,0,3,24,4,2,0,11,12,2,23,9,7,20,23,4,0,6,5,24,0,4,4,9,4,20,0,0,14,0,0,10,0,5,6,8,5,6,2,15,2,0,3,35,41,15,14,0,3,10,29,0,10,12,23,46,0,16,7,4,4,42,0,0,3,0,0,5,3,10,5,23,0,0,18,13,0,4,14,4,9,3,4,3,4,0,0,0,4,2,2,29,5,10,10,0,17,11,0,18,5,0,17,4,9,13,13,3,12,5,0,5,18,4,19,9,7,7,0,0,24,0,21,38,0,0,9,10,19,0,38,0,0,0,6,56,0,0,3,5,0,19,0,5,2,4,3,22,0,0,0,2,6,0,5,8,6,0,0,4,5,0,0,5,2,15,0,6,4,8,0,3,16,66,0,0,7,3,0,2,0,6,2,9,1,0,0,0,4,8,19,8,9,6,33,7,24,0,5,7,4,16,20,11,0,10,0,6,3,0,13,14,6,4,5,15,20,0,23,6,0,13,4,14,3,0,0,5,0,49,11,6,12,19,11,10,2,6,9,23,4,2,0,8,54,1,22,13,2,9,0,0,0,0,0,0,0,6,20,2,11,4,13,3,5,13,2,51,0,6,0,1,8,0,63,11,3,0,42,28,6,13,0,4,14,0,0,5,3,6,2,0,0,0,0,0,2,0,0,12,11,0,0,13,3,5,0,0,9,2,2,0,9,34,17,9,23,0,2,8,7,3,102,0,27,0,8,4,51,15,4,0,0,11,19,7,18,7,0,8,6,23,13,2,0,8,3,12,4,5,0,11,58,0,0,4,4,12,0,10,2,9,0,10,12,13,17,19,16,12,6,45,3,32,4,2,22,7,11,11,5,22,11,2,27,8,0,4,17,17,12,28,88,7,0,12,0,0,15,6,3,0,0,4,31,15,45,10,2,6,2,2,0,2,2,1,8,3,0,0,12,12,35,12,4,0,2,7,3,2,0,22,6,0,6,2,0,2,2,6,18,8,10,2,2,0,0,6,4,0,4,0,10,12,8,0,0,2,51,4,20,1,8,8,3,2,0,2,14,10,9,0,0,3,4,2,2,24,0,18,0,79,35,53,0,9,2,1,0,0,33,11,16,27,31,0,10,0,55,3,3,4,5,5,6,1,2,39,2,6,5,18,10,0,0,50,2,3,15,2,2,0,0,0,22,19,2,0,9,0,4,2,6,1,23,2,26,0,4,5,65,0,7,6,11,12,0,0,0,0,11,0,0,0,0,0,3,2,39,35,20,0,1,3,3,0,5,0,5,3,13,2,4,5,3,1,5,0,9,0,0,0,0,0,48,2,5,5,2,12,0,18,2,5,0,0,0,0,3,0,3,6,2,13,26,0,4,0,7,6,22,15,0,32,5,6,7,0,7,0,9,0,14,7,5,0,3,5,1,3,2,0,0,7,35,2,0,6,2,3,2,9,5,0,0,6,9,7,1,21,12,12,0,2,37,0,8,11,12,4,0,11,4,0,5,0,7,6,3,0,0,13,3,7,0,0,5,0,0,6,0,4,8,14,12,0,0,0,0,21,3,0,0,0,7,8,0,21,0,0,0,3,0,0,2,0,3,2,29,18,0,0,7,36,10,37,8,8,3,0,2,2,0,8,0,1,0,0,0,2,3,4,3,0,0,2,0,0,0,6,7,4,106,12,8,0,0,0,0,0,0,13,0,0,3,3,2,4,6,0,10,2,9,0,0,2,1,4,7,5,6,14,0,20,0,6,0,2
SRR24908040,controle,3,3,10,19,9,5,5,6,3,5,26,17,7,8,8,0,9,3,4,10,2,3,8,6,2,9,3,8,5,8,22,3,7,20,2,0,0,7,3,0,9,5,22,4,8,4,0,11,5,27,0,2,0,0,0,45,0,4,17,4,11,6,2,3,15,7,7,5,0,5,4,7,5,18,14,4,3,7,0,16,10,3,6,6,13,20,2,7,4,3,12,20,5,0,29,0,0,20,2,3,7,9,0,2,32,8,0,6,11,3,40,19,2,8,8,7,4,0,0,0,0,8,11,4,23,5,27,11,3,33,5,2,14,5,18,6,11,4,7,4,0,2,6,1,7,49,6,15,2,3,6,3,12,47,4,4,1,6,4,2,35,4,0,0,4,13,0,5,3,6,0,18,0,7,0,7,0,9,4,9,6,7,2,0,26,8,2,1,6,3,16,0,0,5,18,17,0,3,0,26,13,6,10,27,0,0,10,15,6,11,0,0,8,12,1,0,3,1,2,11,10,10,12,2,18,0,13,4,4,2,6,3,12,7,6,3,7,7,6,9,21,4,3,26,8,4,14,14,13,7,0,10,6,7,10,5,0,12,4,31,4,7,12,8,19,4,5,4,6,21,17,3,5,15,18,0,16,4,2,17,0,0,1,0,5,8,1,3,11,6,11,2,3,0,5,8,15,35,0,6,2,4,4,6,46,7,3,4,24,35,17,2,7,14,10,5,2,10,8,2,3,9,0,3,9,5,5,9,2,6,12,10,4,4,4,7,7,0,4,5,2,5,5,19,17,10,15,2,2,5,2,9,76,0,33,6,2,5,37,2,9,0,3,27,18,4,13,2,0,19,3,17,26,6,9,5,6,10,6,8,0,4,35,0,9,6,9,11,0,13,0,10,4,8,19,15,30,19,6,43,7,16,2,21,4,0,14,8,12,31,25,23,31,4,13,12,6,4,11,12,8,26,43,2,3,28,4,8,7,8,2,4,9,6,24,9,60,21,6,3,0,0,4,17,0,4,9,11,6,4,5,8,11,1,4,5,14,11,0,2,0,3,10,0,4,1,0,2,3,6,10,5,18,8,12,0,19,6,8,10,15,4,11,11,8,0,0,2,6,7,9,2,4,2,6,0,8,4,13,7,14,2,0,5,7,0,6,18,0,6,7,83,14,15,7,0,8,0,4,1,23,4,12,20,31,5,8,3,41,1,5,4,2,13,9,1,4,33,3,13,3,9,5,4,2,18,4,4,9,4,6,0,14,5,14,3,2,4,4,0,0,5,16,1,0,5,19,0,0,4,46,0,1,0,12,8,0,0,2,4,10,0,2,0,4,7,3,0,29,15,5,5,11,2,1,19,9,0,9,10,22,2,3,14,1,4,3,3,6,0,0,9,0,4,22,0,27,7,3,8,4,35,16,4,2,6,4,0,4,2,2,4,0,3,6,4,3,0,3,10,51,7,1,9,3,12,13,3,2,0,5,2,6,10,0,0,6,1,0,3,6,3,98,16,72,9,5,55,4,13,0,5,7,5,3,10,7,2,3,7,6,16,0,5,13,0,3,20,4,20,0,17,2,21,0,4,4,0,0,0,7,2,3,9,0,2,2,0,1,6,0,8,5,13,9,0,2,0,0,12,4,5,2,4,4,2,3,22,2,0,2,14,0,3,0,0,3,0,4,5,0,5,5,40,8,18,7,6,0,1,1,0,11,3,0,2,8,0,1,0,2,5,3,1,4,4,2,2,0,15,8,2,29,5,2,2,2,3,0,0,0,6,3,2,3,2,14,6,4,6,5,1,2,0,2,3,2,8,0,4,2,6,0,13,0,3,0,20
SRR24908049,controle,0,0,3,16,4,0,20,7,7,8,21,2,13,8,7,4,12,1,4,6,1,3,0,9,7,10,6,11,5,4,9,11,0,7,3,4,1,4,3,4,7,4,10,2,4,3,0,3,12,18,0,2,0,5,2,8,0,2,9,0,3,6,2,20,2,11,6,7,0,13,2,0,7,5,17,2,3,0,4,10,7,4,4,7,6,26,0,12,8,2,23,20,0,0,14,0,3,4,6,2,7,5,2,3,5,2,2,5,3,13,10,11,6,5,1,5,0,3,2,2,0,24,3,0,6,2,17,8,0,9,4,2,18,4,4,8,16,4,13,0,21,6,3,6,9,23,0,2,0,12,12,2,21,23,7,0,5,12,3,0,9,0,3,0,7,5,4,0,1,3,4,10,0,5,2,7,0,9,2,0,6,2,1,0,8,8,7,4,0,0,6,1,0,0,7,11,0,3,7,69,17,11,12,57,3,0,4,3,5,6,0,5,10,16,0,0,18,0,0,13,6,9,14,4,10,6,9,2,2,7,5,1,8,6,2,6,12,4,4,6,0,2,15,5,5,7,4,0,10,9,2,4,11,3,15,2,0,21,6,23,13,7,15,13,20,9,3,3,8,13,7,4,4,12,16,0,8,5,4,8,0,0,3,1,5,3,4,9,5,2,16,4,11,1,4,10,8,21,0,7,2,0,4,4,60,18,1,0,43,45,10,5,3,5,4,2,1,3,13,4,5,0,0,10,2,0,3,5,1,3,14,3,9,5,3,5,0,3,5,5,0,9,5,12,4,13,24,2,3,5,2,0,78,0,3,2,4,12,20,9,4,6,3,17,24,1,4,7,0,11,2,17,6,0,0,4,0,3,7,5,7,13,31,7,3,4,9,5,0,8,6,6,2,10,7,9,23,18,14,30,12,12,0,15,6,5,11,5,9,13,9,30,7,4,8,6,11,14,12,11,11,27,40,9,4,22,0,2,6,3,2,13,2,11,17,6,71,6,3,1,6,3,0,4,3,1,22,16,3,0,14,8,3,9,15,3,0,7,0,5,4,6,2,0,6,2,0,3,2,11,8,8,8,3,0,6,0,3,0,2,11,0,16,6,3,4,0,2,33,13,8,0,10,3,1,0,4,2,4,13,4,0,0,2,2,1,4,16,2,2,7,39,15,14,5,2,10,4,4,0,21,4,6,16,22,0,4,4,18,6,2,4,2,4,0,4,4,32,5,2,7,2,14,0,0,5,1,3,24,4,0,7,7,2,24,11,2,1,6,3,0,2,13,4,0,2,17,0,0,4,27,0,9,12,5,3,0,11,0,6,6,0,2,0,2,2,7,0,61,17,10,10,1,2,3,12,15,2,11,3,22,1,3,5,1,0,5,3,6,0,1,12,3,2,8,4,21,2,7,1,1,10,2,2,3,3,3,2,2,4,2,4,0,1,0,2,9,0,2,11,24,5,1,4,6,11,5,5,7,2,8,4,6,10,7,2,0,2,6,4,13,0,1,34,8,2,0,6,17,4,5,2,5,3,0,5,7,4,1,5,8,19,2,4,5,6,9,8,2,16,0,10,4,0,0,0,4,1,0,0,5,6,0,3,3,3,7,0,0,3,2,9,8,6,2,0,0,0,2,4,3,5,2,1,8,14,3,6,2,3,6,16,0,0,3,5,6,2,7,12,3,7,5,32,2,20,4,2,2,2,3,2,4,12,4,8,7,0,0,0,0,8,4,0,4,4,4,3,0,32,13,3,34,9,0,2,4,0,0,4,2,7,0,0,8,0,0,9,13,2,3,0,0,0,6,0,1,2,2,0,2,2,2,3,0,3,2,2
SRR6784403,controle,7,11,5,9,8,3,12,4,9,10,39,0,17,7,0,6,15,0,7,5,12,6,5,27,2,4,2,14,13,29,20,7,12,6,4,4,4,5,20,5,9,31,25,17,13,5,8,0,12,9,8,3,8,12,10,29,0,11,5,3,31,7,12,11,5,14,17,17,7,25,4,6,23,15,11,0,3,0,3,53,15,14,0,7,6,16,13,27,14,17,4,18,13,1,34,2,3,3,5,11,10,10,0,18,13,17,0,3,0,5,8,11,14,9,8,0,2,10,8,22,1,27,19,2,30,3,6,33,6,35,5,4,163,3,11,4,14,4,8,2,11,7,0,8,52,73,2,14,6,16,8,43,13,38,4,14,6,5,26,0,13,3,18,0,9,2,0,7,6,12,3,11,4,8,7,17,12,6,13,23,5,8,9,0,23,24,0,5,5,0,10,0,3,4,8,29,16,5,7,65,9,25,8,0,7,8,12,13,6,45,5,8,14,16,4,5,2,8,5,9,19,7,66,3,5,4,25,9,8,4,35,11,26,10,10,3,5,2,10,19,9,14,10,11,4,21,8,11,14,30,2,9,2,8,11,3,17,30,20,12,19,36,25,66,30,15,14,28,24,21,3,5,16,0,19,1,14,0,14,41,7,2,9,15,3,9,9,9,6,4,29,24,16,3,39,1,15,85,8,5,6,8,8,5,21,22,2,2,86,131,6,6,12,16,7,6,2,19,10,6,4,4,14,13,16,4,6,19,8,25,29,7,5,2,3,16,8,10,17,3,9,10,39,17,39,25,7,12,5,1,9,8,109,6,43,5,22,0,10,7,5,3,3,51,34,0,10,19,4,13,4,13,6,18,7,19,0,17,18,34,0,4,14,0,29,24,5,4,0,23,12,0,10,6,35,21,21,111,0,53,8,4,22,28,9,10,45,0,0,14,7,10,36,0,0,14,34,33,35,48,6,9,28,18,10,45,29,26,9,11,15,5,9,3,39,16,137,37,11,0,4,2,3,39,9,5,18,5,3,13,27,9,16,6,4,10,9,41,3,7,6,24,2,0,18,7,0,2,30,25,63,19,11,13,81,2,2,7,6,8,45,5,10,4,16,11,2,12,26,21,10,0,25,0,0,10,3,0,21,25,6,2,2,7,11,4,9,34,5,5,6,43,16,29,14,16,17,0,17,12,13,13,2,36,20,17,14,4,21,0,13,53,4,18,5,0,9,31,4,3,3,28,5,4,7,0,2,2,59,5,14,7,17,8,43,14,15,14,25,10,9,4,63,4,4,0,17,4,7,26,46,0,6,13,7,11,7,7,8,8,3,6,2,2,0,5,17,0,143,60,10,17,0,1,15,6,21,0,22,6,60,5,3,16,3,4,6,8,6,0,3,11,3,5,31,6,39,0,1,10,2,8,0,10,4,3,4,11,0,4,4,7,7,0,0,14,4,0,4,16,4,24,3,16,2,11,3,5,14,3,4,0,9,15,15,10,20,8,9,7,8,22,21,29,11,0,12,18,5,3,10,6,17,2,0,9,4,7,5,0,3,18,2,2,4,24,10,8,2,12,5,27,16,0,8,2,3,0,4,2,8,7,5,12,12,0,0,13,11,2,2,11,4,0,12,10,7,16,8,7,3,2,8,35,4,11,14,3,3,15,10,16,0,11,14,4,3,8,0,2,10,9,13,16,0,7,0,9,13,0,2,0,27,18,11,2,10,2,0,4,0,2,6,3,2,3,0,14,0,11,21,8,23,36,2,0,20,3,12,14,2,4,1,0,16,0,19,0,11,11,0,8,2,3,0,27,0,8,1,2,4,8,3,2,16,0,5,0
SRR6784406,controle,4,16,37,24,6,8,181,9,0,11,104,10,197,15,15,7,88,0,24,57,111,15,5,86,41,33,9,20,107,212,117,35,36,83,9,6,15,12,28,9,20,186,55,71,11,0,0,0,56,95,11,0,33,70,18,126,6,124,14,3,143,82,25,34,10,76,56,67,46,72,9,22,38,98,41,0,6,0,48,159,28,39,0,64,8,117,70,117,24,24,21,128,74,4,40,21,5,57,40,47,40,4,4,161,63,16,17,13,18,5,55,54,83,26,9,8,4,11,15,9,9,61,71,1,84,9,57,37,17,0,0,22,630,21,88,5,42,41,9,4,94,65,13,33,130,80,41,23,105,72,42,86,84,152,28,9,46,38,18,14,53,8,25,18,88,18,9,75,88,29,2,163,6,88,5,74,0,22,32,61,9,0,80,0,70,41,5,9,17,6,84,0,5,30,95,45,20,7,9,93,26,65,59,0,3,3,71,13,12,95,7,11,47,28,2,2,31,7,27,32,131,28,230,17,35,80,54,8,29,53,123,29,113,14,50,14,32,7,10,28,41,47,52,68,65,65,20,9,123,206,6,41,25,58,40,12,22,112,98,120,74,143,75,152,210,76,58,91,28,22,18,12,23,0,119,38,134,5,40,211,40,15,98,22,21,17,43,34,17,41,164,260,101,15,75,20,19,245,20,31,32,44,18,3,123,81,8,10,280,398,78,0,35,62,8,13,0,26,42,19,0,16,22,29,25,11,37,29,53,169,71,5,19,6,7,89,13,6,16,6,29,31,70,71,120,140,20,36,4,1,27,10,456,47,232,24,48,15,55,81,5,13,36,90,122,0,17,28,14,102,47,66,83,57,76,19,2,156,81,108,7,29,99,49,150,99,5,26,4,173,35,13,23,0,72,42,34,434,0,253,52,11,30,191,23,13,50,152,0,26,12,138,241,3,7,115,67,80,242,200,5,41,226,137,10,251,150,187,20,82,80,43,49,24,92,64,166,107,26,0,71,9,6,270,67,53,25,30,24,33,59,56,14,16,53,48,38,68,0,26,5,57,15,6,133,10,25,28,118,52,43,6,179,21,117,41,0,14,7,11,53,63,55,60,21,12,11,24,21,98,88,0,152,14,4,33,0,3,142,23,32,22,5,11,33,4,15,134,14,3,67,213,140,78,67,11,137,6,36,42,37,41,11,196,82,19,23,60,211,0,19,31,5,100,24,0,29,205,3,82,13,62,17,18,19,0,41,2,285,16,18,0,20,17,89,93,21,76,54,7,11,22,220,5,3,2,57,30,23,34,188,37,6,81,31,20,25,16,38,72,39,63,8,6,13,19,82,0,358,235,97,138,0,0,6,21,78,4,43,35,194,7,13,88,0,3,16,23,19,0,7,17,15,16,124,3,100,24,0,0,21,47,0,48,3,7,0,10,0,0,6,58,13,3,0,13,45,14,14,40,88,19,4,67,3,45,12,16,45,5,11,6,83,12,31,14,81,70,7,9,61,99,51,147,14,19,32,21,68,49,57,11,51,4,25,31,17,22,0,0,23,95,16,15,52,186,30,97,29,17,35,51,58,14,39,3,32,3,14,35,6,8,8,89,17,5,28,31,31,79,0,66,0,0,53,6,24,3,7,42,56,37,110,21,26,48,77,57,16,79,25,21,15,118,19,8,5,27,0,32,36,23,26,115,7,77,12,46,97,0,13,2,40,31,18,6,25,15,0,4,2,10,12,0,3,6,0,12,7,22,11,20,206,47,4,2,41,3,56,25,0,54,6,6,33,0,7,0,40,6,21,14,9,19,0,6,28,6,29,41,10,54,9,22,119,0,126,0
SRR6784524,controle,12,23,66,15,17,19,79,7,8,58,157,7,89,68,2,38,56,0,30,13,53,33,11,176,3,2,61,31,22,126,31,29,86,28,97,16,0,30,378,6,66,87,5,74,61,0,0,6,41,34,0,0,7,64,64,407,33,18,0,0,58,54,222,31,4,45,61,89,0,597,15,2,120,35,14,0,3,1,5,196,102,121,0,21,0,46,39,73,128,50,21,135,194,0,112,4,7,22,20,6,93,36,0,37,104,0,3,0,0,47,24,12,78,182,65,12,25,3,36,24,0,441,106,36,364,6,52,99,213,260,26,43,707,38,118,11,61,43,3,67,88,0,0,8,327,93,2,4,32,74,12,21,26,185,2,0,0,80,14,3,2,0,125,9,5,6,1,34,27,48,0,45,11,21,33,29,16,0,36,350,18,0,33,0,6,16,5,4,5,3,3,0,0,0,11,230,30,0,17,102,105,267,35,10,16,33,65,4,82,20,107,10,306,30,83,2,53,37,72,63,21,77,199,7,12,2,59,20,7,2,60,121,324,0,4,21,14,8,115,188,36,222,39,17,69,41,26,21,78,188,0,12,0,51,144,0,50,45,405,67,92,284,27,264,188,187,116,89,24,38,28,2,52,0,94,0,158,5,122,324,6,10,50,130,11,139,25,157,45,12,165,75,91,14,304,39,53,269,184,0,25,0,5,10,163,118,0,13,413,303,7,11,19,31,3,91,15,27,199,44,3,29,19,83,197,58,24,20,53,38,296,24,13,0,12,36,7,0,4,75,211,15,69,61,130,39,3,57,21,0,114,21,519,40,240,22,87,0,138,0,0,6,0,489,95,0,32,32,7,98,19,151,20,129,4,27,5,54,13,379,13,18,43,0,109,326,16,9,16,75,83,0,83,0,123,49,62,349,0,326,43,16,56,142,54,5,65,0,0,0,0,30,114,19,17,38,196,291,119,175,64,202,219,17,22,108,102,37,98,11,23,29,15,9,489,31,1765,41,2,2,32,0,24,135,3,9,167,33,2,51,0,21,36,23,13,3,13,287,0,60,24,50,5,6,69,0,0,11,96,155,187,34,17,67,442,0,0,134,67,19,107,23,70,14,21,51,0,74,97,48,11,2,63,0,0,29,7,0,5,64,13,0,2,3,2,6,32,92,6,0,40,61,72,84,48,16,62,19,20,10,0,62,33,356,74,6,44,11,135,3,11,27,67,11,0,0,132,94,65,3,97,65,22,12,0,0,11,24,606,25,210,19,20,60,299,9,0,45,202,41,180,2,226,16,13,0,37,8,0,102,364,0,8,69,6,18,23,31,0,0,21,27,15,112,42,42,177,0,960,198,85,35,0,0,42,24,25,6,237,3,522,0,0,22,3,0,95,42,69,3,13,23,21,22,38,0,299,0,0,35,23,34,0,19,0,13,11,41,2,0,18,67,43,4,0,3,24,0,3,17,36,56,0,0,0,49,54,48,43,7,2,6,16,8,5,132,130,0,38,10,72,145,132,45,371,187,85,47,0,4,50,10,85,4,18,72,27,103,0,0,1,102,63,15,2,43,38,24,0,55,1,32,212,0,36,22,0,0,11,0,3,0,48,3,45,6,29,6,105,20,0,37,4,0,45,30,0,0,21,15,0,0,41,41,17,2,29,20,7,24,182,71,0,19,10,50,13,27,0,0,15,119,320,100,0,25,4,27,45,0,22,6,212,345,9,22,12,0,0,4,0,28,30,7,0,31,0,55,50,184,17,182,94,18,16,4,37,23,2,0,0,3,0,0,49,0,12,0,25,103,0,20,21,10,0,47,0,57,0,26,13,13,2,0,2,0,0,0
SRR6784528,controle,0,2,0,3,0,0,37,0,0,0,22,0,64,8,26,0,9,2,0,0,43,14,2,7,14,19,9,5,26,28,50,20,11,18,0,3,3,5,8,0,10,74,12,19,0,0,0,0,13,11,3,0,2,23,4,37,1,45,9,0,56,35,5,4,5,11,16,48,12,9,0,14,11,28,3,0,0,0,12,16,15,25,1,0,0,31,3,18,4,8,0,14,3,10,17,10,0,25,11,18,10,41,0,33,26,0,0,0,14,3,10,7,60,5,4,2,4,2,3,3,4,10,15,0,39,4,4,5,4,0,16,0,162,0,20,0,12,0,0,1,13,26,4,0,133,29,15,5,28,0,8,19,19,90,8,18,9,9,5,0,23,0,22,0,7,4,0,6,28,8,0,35,0,33,0,8,0,0,40,6,0,0,4,0,0,3,4,0,0,0,36,0,0,23,9,9,4,4,7,18,11,10,15,4,1,25,6,0,7,33,0,0,7,10,0,0,4,18,4,8,49,2,36,10,0,17,12,6,3,37,4,15,22,0,0,0,12,0,2,5,33,3,20,29,57,2,3,4,31,72,15,16,2,4,3,8,3,44,21,34,12,18,22,29,53,16,8,8,5,0,2,2,16,0,3,11,32,0,12,62,11,0,30,11,0,5,6,10,0,13,87,99,33,3,30,21,4,28,0,15,0,1,26,0,50,38,3,7,40,122,32,0,14,23,0,7,0,25,0,5,0,0,9,4,9,1,3,7,5,11,14,0,3,0,4,38,5,6,0,2,3,12,24,13,16,37,4,0,4,0,2,7,156,3,77,26,9,0,22,26,0,2,14,22,8,0,0,11,2,47,18,7,30,37,30,5,2,25,22,5,0,5,25,5,14,32,9,0,0,82,3,0,0,0,21,14,9,66,0,70,3,0,3,17,2,9,24,0,0,0,3,30,100,0,5,46,13,23,56,21,3,16,63,3,17,42,62,80,0,37,33,0,18,0,40,4,23,71,29,0,10,0,5,88,23,31,5,2,10,4,15,19,5,2,3,6,0,31,0,11,0,39,0,0,9,11,3,12,38,32,72,0,48,9,10,14,0,3,0,9,17,12,0,21,17,2,0,0,3,28,31,0,52,0,0,7,0,0,49,2,0,12,5,0,3,6,2,14,13,0,14,81,14,4,5,0,19,0,5,7,43,33,4,35,22,4,0,4,51,0,3,0,38,0,0,0,2,36,1,20,9,4,0,5,12,0,14,0,74,8,4,0,15,7,21,17,0,15,5,0,6,20,34,0,2,0,6,6,3,13,65,0,0,21,21,6,0,3,3,32,21,3,0,3,0,20,12,0,89,69,9,0,0,0,0,5,28,0,4,15,40,0,3,11,0,0,3,2,5,0,0,0,10,0,26,3,9,0,2,5,0,4,0,2,0,0,0,0,0,0,0,19,0,0,0,0,0,0,6,0,5,0,3,43,0,25,2,14,8,3,0,0,9,38,0,2,23,13,22,0,6,33,0,28,12,4,5,8,0,16,16,0,15,0,0,3,3,3,0,0,19,21,0,0,23,12,0,33,0,9,19,11,21,0,0,0,28,3,0,2,0,0,5,30,7,10,2,12,3,52,0,0,0,5,24,7,0,0,0,20,17,3,5,4,8,25,25,18,8,13,17,8,0,2,16,3,5,5,0,0,3,0,6,0,0,31,0,26,19,0,19,2,2,9,0,4,2,2,0,0,0,6,0,0,0,3,0,8,1,0,0,4,95,6,22,9,8,0,46,0,0,15,4,0,2,0,10,0,19,0,6,0,15,11,0,8,2,0,16,1,16,8,2,11,3,0,3,0
SRR6784540,controle,15,6,31,8,37,5,18,19,0,7,46,3,50,39,8,17,23,0,32,23,23,6,11,102,19,6,2,16,16,70,47,10,42,26,11,4,0,48,74,3,52,39,53,60,3,0,1,0,74,23,0,0,11,29,27,114,1,29,20,5,71,18,51,48,0,41,51,34,7,114,27,9,53,36,22,0,0,0,19,69,81,50,0,24,4,29,14,59,39,53,13,56,146,4,39,8,8,26,1,17,45,12,0,34,43,13,10,3,0,12,17,3,58,39,24,12,5,20,41,14,2,162,82,19,145,6,9,14,46,30,0,13,340,12,54,13,7,5,11,32,8,15,24,5,140,111,12,46,15,9,3,10,32,125,11,0,0,67,29,0,16,31,57,5,8,12,0,15,39,4,4,7,8,25,16,21,0,0,8,84,14,0,5,0,60,23,3,6,3,6,30,3,0,14,16,28,22,20,5,33,37,85,20,0,4,20,31,12,34,31,33,7,73,11,23,4,28,5,47,26,48,41,189,11,21,27,24,9,3,13,55,7,127,3,8,26,9,2,31,67,16,70,10,9,6,22,29,16,22,65,4,7,8,25,115,6,26,52,112,21,74,85,24,161,76,44,52,32,17,9,3,0,23,0,97,12,33,3,85,105,9,17,36,25,18,42,21,61,33,23,93,59,86,17,77,18,34,134,8,11,30,6,15,11,111,57,0,11,172,201,33,12,17,15,0,39,23,28,82,53,3,41,38,71,56,36,23,38,24,18,81,29,9,0,24,26,12,0,23,6,67,22,115,27,84,39,11,27,30,0,14,4,253,50,66,71,32,4,19,22,4,4,17,147,93,0,29,30,12,48,29,65,17,40,20,8,2,47,37,102,7,11,35,16,94,91,21,8,7,48,56,0,8,28,62,50,32,70,0,112,36,0,55,61,3,14,51,0,0,0,0,30,104,7,6,25,61,77,46,87,29,60,75,27,18,108,106,17,8,27,52,18,21,3,162,47,388,54,8,0,0,2,14,81,27,22,98,20,17,19,22,13,5,24,14,22,22,92,2,41,20,23,10,10,37,5,5,9,78,82,228,19,55,33,97,16,0,51,29,14,59,13,56,19,48,34,0,74,35,42,47,0,48,0,6,5,17,2,35,37,0,6,0,4,19,6,9,118,17,0,36,50,59,27,17,5,74,0,17,0,17,11,15,114,40,4,4,5,133,4,23,45,14,48,0,0,15,65,11,21,48,25,68,6,0,0,20,0,234,14,33,10,7,38,126,17,7,24,48,3,34,8,148,20,0,0,13,33,0,36,109,5,0,53,10,55,9,8,8,13,20,10,0,16,0,9,87,0,317,65,28,34,0,0,24,23,16,2,57,8,165,8,10,23,10,3,28,23,25,0,0,26,19,8,27,0,118,0,25,8,23,14,0,24,27,5,20,43,7,0,15,27,10,8,0,0,27,5,3,22,15,29,2,20,0,22,71,29,33,0,0,30,32,95,23,31,90,6,7,11,12,44,95,28,20,9,113,44,17,27,21,11,47,4,7,29,34,18,0,0,8,111,12,23,13,110,4,14,0,0,11,16,73,0,16,0,14,9,14,2,0,0,18,15,29,19,24,6,39,22,0,17,3,0,27,24,17,0,3,5,33,16,17,14,14,25,25,25,4,21,94,41,13,33,19,10,14,32,0,12,13,10,70,28,2,21,22,41,18,0,0,0,119,104,42,6,12,5,9,18,0,17,19,20,0,4,0,74,23,123,17,57,109,23,11,5,29,30,12,0,3,12,2,0,45,0,7,0,10,14,5,7,0,13,0,26,0,0,18,30,3,16,3,14,13,0,4,0
SRR6784551,controle,12,2,42,8,14,12,29,0,0,15,39,14,32,7,0,6,14,0,5,6,23,14,4,25,7,10,12,21,31,15,39,13,18,18,7,4,8,10,37,3,20,26,25,16,8,0,4,0,16,8,37,2,15,21,19,59,4,34,5,6,41,14,21,8,6,23,17,35,13,62,0,9,21,22,17,3,3,4,7,90,23,17,0,24,7,13,14,33,24,45,13,29,16,14,25,7,4,14,7,13,18,4,8,24,26,23,6,6,3,0,15,4,21,17,13,21,0,17,15,15,7,29,28,2,41,7,6,29,22,12,5,5,280,0,34,6,24,24,4,3,19,22,3,2,64,58,4,34,15,14,6,34,25,56,4,14,3,3,0,0,21,3,20,0,6,5,1,22,18,18,4,28,5,12,7,17,12,24,14,29,9,0,13,0,0,21,0,7,5,0,8,0,0,14,6,17,10,0,3,61,17,35,10,7,0,2,26,4,11,51,8,11,31,20,3,0,11,16,16,24,32,17,75,10,14,5,26,0,16,9,33,21,56,4,3,8,5,6,22,29,19,17,25,25,13,20,20,2,28,60,9,33,10,16,16,6,19,86,46,25,24,58,16,89,45,25,22,44,17,12,7,6,15,1,29,5,26,2,32,112,16,2,12,23,3,15,12,19,18,27,43,68,31,11,35,11,19,114,6,9,4,3,33,6,68,30,8,8,82,117,18,8,19,26,5,10,2,8,32,3,2,0,19,8,25,13,11,20,10,5,39,17,0,9,0,27,11,2,0,3,15,19,73,28,55,41,6,22,12,0,16,22,137,24,96,5,17,0,17,16,0,0,3,59,26,0,8,11,7,28,7,35,10,33,15,5,7,21,36,68,6,12,30,2,40,40,0,8,2,44,12,1,15,0,25,38,40,139,0,89,34,4,16,32,6,0,55,11,0,7,6,15,132,5,0,28,26,40,65,50,7,22,61,22,14,43,39,11,13,27,16,9,21,3,45,19,137,81,9,0,9,5,2,60,17,8,17,10,2,10,23,9,11,23,8,15,7,54,0,13,34,43,5,6,27,3,5,5,16,35,50,21,30,17,91,6,0,8,11,11,21,7,23,17,19,19,4,21,16,17,9,0,25,0,0,16,0,5,58,29,9,12,2,4,0,0,5,64,15,10,0,66,16,42,26,11,24,5,20,14,24,35,4,46,25,24,3,6,43,0,18,39,0,6,2,0,18,43,12,18,17,43,7,12,0,0,3,8,111,32,8,7,5,3,75,39,2,12,25,3,10,11,147,0,1,4,20,10,0,19,45,11,7,19,14,10,6,7,3,0,16,7,8,7,5,12,25,0,181,69,30,31,5,0,19,5,12,9,22,15,92,3,4,29,3,0,10,19,18,4,9,4,3,14,25,0,70,0,2,0,6,15,0,31,10,13,4,25,0,0,13,17,10,0,0,0,9,0,6,16,17,29,7,27,0,20,16,10,25,5,5,2,24,35,18,15,37,8,10,6,15,36,12,7,0,4,15,19,7,6,28,12,12,3,20,16,4,12,5,0,8,26,9,15,19,38,0,15,3,20,13,25,23,1,21,0,7,3,19,4,3,11,3,38,19,2,11,14,14,0,4,22,3,0,25,16,9,3,10,10,8,5,4,15,8,8,15,7,6,18,18,20,0,11,3,15,13,0,0,3,3,4,27,33,2,19,0,9,13,0,2,5,45,32,0,11,18,3,0,2,0,3,14,0,5,0,4,15,1,21,13,23,73,70,2,2,22,7,19,31,3,6,2,2,11,0,6,0,11,5,24,5,8,4,0,7,5,0,4,5,7,12,7,0,15,0,7,0
SRR6784554,controle,0,5,7,10,0,5,7,0,9,3,17,0,21,5,0,6,8,0,0,7,13,7,3,19,4,8,3,3,11,27,20,9,8,6,4,2,1,9,16,0,12,18,15,23,4,0,1,0,9,3,0,0,4,9,18,39,0,22,3,0,14,9,13,3,2,15,12,12,7,34,0,7,11,9,5,3,0,0,4,30,11,19,0,6,3,11,7,7,9,17,1,11,16,2,9,4,7,12,2,7,4,2,0,10,12,0,2,11,0,2,7,5,16,12,8,0,0,4,7,2,0,33,15,2,31,3,4,12,13,0,2,3,110,16,12,2,5,3,4,2,3,13,0,1,26,25,6,8,7,10,8,4,9,44,6,4,3,8,0,0,15,0,19,6,4,3,1,7,10,4,0,8,1,9,9,20,0,0,7,15,7,0,4,0,8,3,0,0,2,0,9,0,0,6,6,15,6,0,4,5,10,21,6,4,2,2,11,3,11,15,4,0,17,6,5,0,7,0,8,7,16,8,26,5,4,6,16,2,6,6,10,11,30,5,6,11,4,1,9,15,10,26,2,10,5,1,3,2,10,33,3,6,0,3,4,2,9,30,33,3,11,30,13,42,28,15,7,10,6,4,0,0,3,0,20,4,14,2,12,38,5,0,21,0,3,10,17,9,6,6,21,36,19,0,17,4,2,24,3,8,4,2,8,3,30,12,1,0,48,80,13,5,12,11,2,4,0,7,19,7,0,4,9,6,17,7,6,7,12,16,24,0,2,0,2,15,6,0,4,0,13,5,11,4,21,18,0,5,2,0,7,6,75,3,40,4,5,14,5,12,2,0,2,38,16,0,5,2,0,20,10,11,6,18,15,7,3,14,12,31,0,10,9,0,19,38,2,4,2,38,4,0,7,5,10,13,6,19,0,38,6,0,5,26,4,0,17,0,0,0,3,9,43,0,0,14,18,38,18,15,8,13,28,8,6,24,18,5,5,12,9,5,13,0,34,10,80,21,10,0,2,0,2,33,10,0,16,12,4,5,7,5,3,6,4,13,2,16,0,5,0,13,0,0,6,3,3,2,12,9,22,0,15,11,32,7,0,10,8,6,7,4,8,11,8,8,7,6,6,13,6,0,12,2,2,8,0,4,36,8,0,5,2,0,5,0,5,19,5,0,22,27,18,11,3,0,26,6,12,2,15,8,5,28,14,5,0,7,25,6,7,0,0,4,4,0,8,25,3,5,10,13,11,1,0,0,4,3,55,4,17,0,4,10,17,18,4,8,6,4,7,8,37,4,2,0,3,4,4,20,37,4,0,9,7,9,2,6,6,6,9,4,0,3,9,5,24,0,79,29,4,8,0,0,5,4,9,0,16,9,40,3,0,11,0,4,1,4,11,0,0,2,3,0,13,0,21,0,4,0,6,4,0,7,3,0,0,0,2,1,3,13,4,0,0,0,0,0,6,8,6,11,2,20,0,13,10,3,12,0,1,0,3,17,2,8,11,3,2,8,0,19,0,33,0,21,13,5,7,5,7,4,13,0,4,3,2,6,0,0,7,13,6,0,9,23,0,14,0,8,9,11,18,0,5,3,5,0,4,2,0,5,0,24,0,2,5,3,13,3,0,5,3,0,9,0,2,0,4,4,5,3,4,9,1,6,7,6,1,9,14,6,5,0,12,2,0,5,0,2,5,11,9,13,0,14,2,7,12,0,0,2,18,23,6,2,4,1,0,5,0,3,0,3,0,3,0,7,4,21,0,20,48,4,3,2,2,3,10,7,0,6,0,0,6,0,0,0,3,2,6,7,0,4,0,2,0,0,5,3,3,5,0,3,0,0,5,0
SRR6784564,controle,0,0,15,1,2,12,27,2,0,0,24,3,24,3,0,3,8,3,0,3,25,44,3,4,14,16,49,11,28,27,27,16,2,4,0,3,7,3,16,0,8,25,11,7,35,0,0,0,7,18,21,0,6,17,8,60,26,23,12,0,51,19,12,6,8,15,9,16,6,39,5,9,8,15,4,0,2,0,2,44,9,22,0,15,5,21,8,17,36,15,4,35,9,5,4,4,0,15,11,8,0,10,0,20,19,0,3,5,13,0,13,5,22,9,8,3,15,7,5,7,2,22,23,0,26,5,18,8,13,12,6,4,128,0,15,0,96,6,3,4,21,25,3,33,112,38,0,5,15,3,27,62,11,41,6,2,7,16,0,0,18,2,16,13,6,2,0,52,17,56,0,14,6,11,0,8,0,10,23,18,3,0,3,0,0,10,0,3,3,2,8,0,0,5,10,6,8,14,4,120,7,12,23,0,0,8,13,0,3,38,1,4,20,13,2,10,0,5,6,5,22,4,57,6,6,6,15,2,9,10,9,16,31,0,14,6,6,0,5,14,12,16,10,13,57,10,4,7,29,49,0,9,7,7,4,16,14,59,27,12,15,27,7,40,46,34,49,23,8,13,17,4,33,0,20,4,23,0,28,54,18,2,16,10,7,9,5,18,33,26,35,53,31,9,34,12,0,94,3,6,4,5,14,10,27,72,2,3,51,113,11,5,11,41,8,6,0,11,10,9,0,0,6,10,12,9,5,5,9,5,34,4,3,4,6,24,7,0,5,9,6,4,27,15,36,32,16,26,4,0,45,4,104,5,92,2,35,4,14,19,0,0,4,32,26,0,2,5,0,31,6,13,16,18,16,3,0,18,13,28,0,5,16,9,26,12,3,14,6,27,12,1,4,0,45,18,13,212,0,71,7,0,22,31,27,12,13,11,0,7,0,15,60,2,15,15,17,24,44,93,6,21,63,8,12,20,39,43,5,19,13,2,13,3,36,7,61,26,9,0,2,3,4,135,19,15,8,4,5,4,3,16,64,2,5,7,17,38,0,8,16,37,5,0,29,12,5,2,36,24,75,2,17,12,48,5,0,7,12,0,14,16,5,9,17,3,12,7,3,12,13,0,20,0,0,12,6,4,33,4,0,4,6,0,13,0,3,22,3,0,8,48,93,41,10,0,28,9,14,6,18,24,4,22,30,10,18,6,23,4,7,28,8,7,0,0,25,23,4,10,15,5,8,8,2,1,3,2,98,2,10,0,4,21,25,15,4,5,12,4,7,5,20,0,0,0,14,13,0,4,47,4,10,7,20,6,2,33,6,10,12,10,0,2,0,0,16,0,93,52,87,45,3,0,5,17,22,0,13,9,40,4,0,5,2,0,0,6,11,0,0,6,3,0,55,18,43,0,2,0,11,5,0,4,6,0,4,0,4,10,0,10,4,3,0,4,0,4,3,4,24,8,4,16,0,13,0,4,9,7,0,0,23,17,6,4,68,5,31,0,17,41,4,6,262,0,2,5,0,6,16,3,50,5,0,6,3,7,0,0,4,25,2,0,18,31,51,20,0,36,6,10,17,0,16,0,7,0,0,31,0,7,1,15,3,5,5,12,7,21,0,5,0,6,21,0,3,0,0,10,10,10,10,5,2,8,18,10,7,3,32,7,5,5,4,30,10,10,0,5,21,6,15,7,4,11,4,11,13,3,4,0,15,18,4,0,5,5,0,2,4,0,0,0,2,0,0,6,4,6,9,14,65,12,3,2,10,0,28,7,4,15,25,0,8,0,6,0,11,4,12,5,14,3,0,4,0,0,6,6,18,26,9,3,13,0,16,8
SRR6784567,controle,3,2,44,49,5,3,36,2,19,8,68,0,23,8,0,4,19,0,6,7,17,10,6,23,3,3,7,17,14,30,21,12,22,15,5,6,2,27,16,0,39,25,13,17,7,5,2,0,27,14,3,0,24,22,14,43,4,14,5,0,16,17,7,28,38,13,28,44,3,32,0,8,15,13,16,0,0,3,2,65,12,11,8,12,3,106,6,40,11,46,9,15,23,8,9,2,3,12,6,5,23,6,0,15,44,33,2,12,9,3,5,32,18,12,2,0,2,2,12,22,2,31,108,0,25,0,13,22,12,0,12,21,237,5,11,17,3,35,0,5,9,10,0,0,53,27,2,15,5,21,9,29,8,81,7,4,22,7,27,4,13,7,23,4,6,3,7,8,21,4,0,10,3,24,9,25,27,7,4,29,10,16,4,0,11,10,9,2,26,0,12,3,0,6,12,26,9,0,10,45,7,44,5,8,3,5,15,8,7,223,5,12,25,37,5,2,16,16,20,14,12,8,245,3,38,4,42,13,15,10,27,5,39,7,8,125,4,3,7,18,8,20,11,19,3,14,26,5,9,63,12,42,4,12,3,3,27,53,28,15,25,66,13,76,37,13,27,18,11,18,3,3,9,4,28,3,14,8,28,31,5,14,18,9,8,8,10,6,7,13,40,52,24,5,24,10,0,253,17,4,4,1,17,3,23,18,3,4,87,146,57,7,9,5,7,13,9,27,24,7,4,8,9,14,12,10,17,16,6,25,27,4,8,7,6,13,4,12,12,8,15,11,24,43,19,24,5,5,3,2,26,12,107,24,70,12,19,0,5,11,0,3,6,46,47,0,1,15,0,16,9,20,6,16,7,12,3,20,67,35,0,6,43,7,64,34,5,14,9,174,19,10,0,5,396,68,35,111,0,49,21,4,15,47,4,4,41,0,0,0,26,3,73,4,8,9,38,40,34,45,41,9,34,32,4,94,24,7,5,10,15,11,8,8,34,11,77,41,3,0,10,8,2,31,7,21,17,9,4,20,33,11,3,2,10,18,15,78,0,56,16,16,9,11,17,3,8,1,31,22,32,3,12,14,45,3,3,5,8,10,50,2,22,7,14,13,23,13,21,16,7,2,53,0,0,13,15,7,13,11,6,3,11,4,11,4,26,55,3,0,12,21,57,66,31,0,70,3,16,10,18,7,20,25,11,8,3,6,38,12,14,36,8,19,4,0,7,50,14,7,8,18,6,8,15,2,3,2,244,3,7,15,8,8,33,15,2,1,29,3,7,9,81,2,71,2,14,7,4,42,111,0,8,15,5,10,5,7,3,2,19,4,4,10,7,55,50,0,157,49,19,5,13,0,0,2,8,17,17,6,56,0,17,5,9,10,5,15,6,0,7,13,3,3,33,2,33,38,9,8,19,12,0,12,4,0,7,5,30,3,6,6,3,0,0,3,6,4,16,14,153,17,7,30,0,6,7,15,12,6,0,11,11,11,25,6,39,3,11,6,27,26,22,31,11,34,12,7,6,32,101,4,20,4,0,17,12,5,8,0,4,21,5,3,5,69,0,7,21,94,2,30,15,1,8,0,3,8,14,0,4,0,5,12,16,7,6,3,9,4,8,24,8,0,6,0,3,5,0,7,5,4,8,12,0,15,17,5,9,16,8,9,8,6,8,0,5,5,0,2,5,14,10,37,0,8,7,9,6,31,8,0,34,17,4,0,13,0,74,4,0,6,9,2,4,3,0,11,1,17,18,9,121,35,2,3,9,0,13,13,0,4,2,6,13,7,16,0,21,2,8,5,6,6,0,6,0,0,3,3,5,5,6,5,4,0,4,0
SRR6784574,controle,3,4,55,17,17,24,169,4,0,7,76,4,197,13,25,14,41,0,6,22,129,50,11,80,36,69,29,18,103,110,198,85,31,64,4,5,5,24,32,6,20,252,44,51,16,0,0,6,31,59,3,0,5,95,12,180,11,162,31,10,196,69,14,11,18,28,40,103,40,43,0,50,28,75,25,2,2,0,24,46,19,104,0,27,25,146,59,49,41,70,7,101,30,11,87,36,0,50,42,58,26,24,0,113,100,0,4,27,27,8,75,57,151,11,9,4,14,38,17,11,5,37,28,5,127,2,39,25,22,0,16,15,469,13,135,7,29,16,6,3,62,136,0,0,331,216,7,22,94,9,16,290,81,216,29,7,10,31,36,5,149,3,8,25,63,9,1,36,60,22,0,110,8,62,5,22,4,19,94,38,2,0,42,0,29,36,0,36,27,3,52,0,0,49,45,28,14,18,8,55,37,39,44,7,5,17,31,9,14,135,10,13,48,35,10,2,15,71,18,25,130,19,171,33,14,42,22,27,17,99,31,42,156,3,33,25,23,0,12,67,98,34,96,42,54,44,20,6,132,198,45,27,29,51,13,24,22,208,51,127,75,68,86,94,242,69,53,42,21,25,5,2,25,0,91,24,99,5,26,225,73,13,80,34,12,17,33,24,0,30,162,262,68,13,173,65,11,122,9,62,9,29,42,2,167,95,4,4,162,368,96,11,68,80,9,11,6,26,26,10,0,3,21,28,25,14,20,13,24,58,42,12,17,6,20,142,14,6,16,14,20,45,64,22,205,163,14,97,12,0,16,4,446,22,220,7,68,23,83,79,2,7,8,61,79,0,10,26,0,144,23,42,90,85,101,33,7,112,50,70,0,23,130,9,42,157,4,12,0,273,27,0,7,4,30,39,39,427,0,203,30,0,22,108,22,21,27,14,0,0,9,73,295,0,31,119,38,67,231,98,7,68,231,33,28,73,181,135,10,157,60,13,136,0,61,19,142,221,68,0,12,3,3,227,100,46,18,20,19,18,65,54,46,3,25,18,11,18,17,19,4,146,19,0,101,18,31,26,83,257,165,43,111,18,63,28,9,9,12,4,32,59,12,87,26,19,0,14,45,70,90,0,157,0,0,38,4,10,270,23,0,41,2,0,16,4,12,73,39,0,34,345,43,51,16,23,108,15,22,34,134,67,21,165,92,7,9,27,148,8,15,21,34,28,4,0,4,150,8,69,23,20,11,11,2,0,28,4,222,10,16,0,5,5,53,111,3,66,14,3,7,65,132,13,30,4,37,35,18,33,214,25,25,50,75,29,11,26,12,38,58,56,0,4,4,16,38,0,257,315,40,35,0,2,4,13,135,0,31,77,151,7,0,34,7,7,25,14,13,0,6,6,18,4,117,3,48,8,8,0,32,17,0,12,7,0,27,10,12,0,4,119,9,15,0,0,4,0,7,44,86,0,7,167,3,103,11,20,15,7,50,3,58,75,17,13,46,46,55,0,17,123,11,77,79,17,27,140,17,30,20,11,151,9,0,30,9,13,0,0,47,60,0,5,79,93,15,126,0,24,70,43,82,0,13,0,57,0,4,10,3,6,17,103,7,20,30,28,14,25,0,16,0,0,125,10,15,5,4,54,30,26,56,10,13,64,82,40,25,35,24,14,7,22,13,16,31,17,0,11,13,6,11,29,0,87,12,85,75,0,24,0,43,40,7,4,44,9,0,5,0,5,4,0,14,4,0,13,6,19,12,12,268,32,35,7,13,5,134,16,0,18,4,0,19,0,7,0,105,0,11,4,47,18,0,11,4,0,18,29,30,26,13,18,76,0,84,0
SRR6784579,controle,3,0,30,80,6,18,46,0,0,6,74,7,66,16,0,10,23,0,4,10,56,31,7,41,12,15,41,18,43,52,52,31,17,45,5,2,16,18,82,0,73,50,50,28,11,3,0,0,43,25,16,0,17,51,11,115,7,44,13,6,70,32,43,20,31,47,54,28,20,99,8,14,25,32,18,2,0,0,15,71,17,51,1,58,4,138,34,61,29,25,22,52,70,5,27,13,0,36,12,26,30,19,4,38,87,25,7,7,16,7,25,9,40,30,23,8,16,22,10,9,10,72,129,8,78,8,9,12,37,8,5,3,304,12,65,12,73,21,8,10,29,41,0,33,182,146,1,22,28,17,50,74,22,286,11,6,0,10,19,16,38,3,34,9,10,11,0,60,25,47,0,35,1,61,30,25,5,14,33,43,19,0,10,0,15,9,16,2,43,6,19,0,3,26,29,22,25,5,11,107,24,64,46,3,2,15,20,4,17,262,15,11,53,12,18,8,20,4,30,23,39,20,363,10,39,16,44,10,11,24,31,46,88,5,4,9,8,2,24,39,29,54,18,17,10,22,20,10,35,95,3,18,7,18,30,5,19,86,78,38,32,90,19,102,106,49,62,25,21,28,35,5,15,0,35,9,39,0,34,109,26,15,27,34,11,41,27,52,72,33,83,122,33,15,60,15,16,301,11,20,13,10,33,27,90,39,3,9,129,171,120,0,34,64,22,32,0,19,44,27,0,5,19,4,40,31,3,9,21,60,54,11,6,3,9,44,17,6,25,9,42,29,80,20,62,61,21,21,11,0,40,9,242,22,161,9,26,12,22,26,16,6,8,93,63,23,16,14,0,53,25,53,19,54,31,16,14,49,103,74,0,10,59,17,49,96,7,14,2,244,17,3,25,6,481,59,44,253,12,120,19,3,24,60,36,21,53,8,0,8,10,23,117,0,17,44,35,61,81,98,69,36,120,22,15,74,55,54,11,46,31,9,40,0,139,33,268,70,24,0,7,6,9,161,30,28,50,17,5,24,26,11,27,7,18,17,42,95,0,11,14,39,18,0,50,15,10,8,59,55,136,32,37,27,91,11,3,20,21,2,34,15,17,28,29,9,12,19,23,15,20,2,94,0,2,25,4,7,78,43,0,14,17,3,24,2,14,38,7,0,20,93,96,55,10,5,120,3,29,9,29,18,39,73,34,17,4,16,67,2,6,110,14,32,6,0,49,41,23,29,30,22,49,11,4,0,10,0,403,33,21,8,15,13,89,55,9,29,27,5,23,19,87,17,103,0,31,10,10,30,229,8,22,33,32,10,5,32,19,20,172,9,15,10,5,59,67,0,218,96,69,81,13,4,3,27,23,0,51,32,120,7,5,12,0,5,25,8,15,0,11,4,2,0,59,3,53,7,15,0,17,13,4,15,10,9,0,20,36,0,5,36,6,3,0,0,0,7,17,10,25,25,7,56,0,38,11,6,31,9,3,3,17,17,26,24,59,17,0,12,6,60,15,44,0,20,16,31,13,44,116,9,39,9,17,29,16,33,0,0,16,55,9,9,31,42,57,29,25,137,13,40,46,0,13,3,18,0,5,25,0,46,9,47,10,3,10,10,35,4,0,11,9,0,49,6,9,5,8,22,15,9,21,16,2,27,27,16,8,10,49,17,14,12,0,11,12,21,0,8,21,11,48,41,3,31,14,23,27,1,3,7,56,82,0,11,19,5,0,3,0,3,4,2,0,6,3,33,7,79,10,25,203,37,7,2,8,3,28,6,0,18,4,11,21,0,96,0,30,10,12,9,5,5,14,11,0,0,3,10,18,29,9,6,23,0,23,0
SRR6784585,controle,4,2,10,9,4,2,91,0,0,2,25,0,69,12,0,3,14,0,12,6,41,13,3,15,10,11,12,14,37,34,41,17,14,30,2,2,3,5,14,3,14,74,14,23,3,0,0,0,24,32,10,5,7,25,5,49,4,43,4,0,52,23,14,8,4,14,25,32,14,23,8,9,23,20,14,0,2,0,14,56,8,23,0,9,7,41,33,25,23,35,5,47,6,0,25,6,3,24,19,11,14,2,9,47,31,14,0,3,11,0,28,7,49,6,8,12,10,2,3,0,0,14,24,1,40,3,19,13,9,12,1,8,195,0,29,5,33,14,5,4,40,25,21,30,117,47,11,5,38,13,18,43,39,44,27,2,12,4,5,0,25,4,14,8,30,9,0,25,21,12,0,34,9,32,9,25,3,19,16,16,0,0,27,0,5,3,0,0,8,0,21,0,0,12,30,14,15,0,6,53,11,19,20,10,0,6,20,4,2,43,4,10,19,9,6,2,16,2,5,9,50,12,91,7,20,20,9,0,12,22,15,22,50,0,3,4,8,13,10,9,21,14,27,31,18,15,8,4,51,76,2,16,5,23,16,5,13,72,28,8,25,21,24,66,71,23,25,34,7,7,13,0,11,0,23,11,44,9,23,90,16,5,26,0,0,11,11,11,41,13,56,82,14,6,36,10,8,96,4,13,10,2,19,3,53,55,6,6,94,117,27,13,12,30,0,3,0,7,23,22,3,0,3,18,9,5,14,21,22,5,18,4,0,4,5,37,5,0,6,3,12,4,17,35,104,41,5,48,3,0,13,12,198,21,66,18,13,0,18,40,2,4,11,45,22,0,0,10,6,32,26,14,27,31,15,8,2,36,21,45,17,6,39,3,18,43,0,16,0,54,15,0,12,5,30,35,27,190,0,91,3,0,13,39,15,4,33,7,0,19,5,34,79,6,8,30,22,34,83,65,6,16,99,5,15,32,63,59,4,38,23,5,19,0,66,18,130,74,12,2,3,0,5,90,27,27,11,2,10,6,23,19,12,7,12,9,6,53,0,11,0,22,0,2,43,9,10,7,40,37,61,0,27,12,52,15,0,4,12,10,38,18,9,21,18,2,11,5,15,26,19,0,42,0,0,15,8,0,54,5,4,9,3,12,14,0,0,20,9,0,6,103,40,21,15,11,20,4,17,28,24,19,0,81,23,6,11,15,54,0,3,15,0,3,3,0,5,45,4,13,16,10,23,6,8,0,9,0,116,5,9,3,4,6,38,23,2,25,20,6,8,13,67,0,0,0,16,12,3,15,92,0,0,18,14,8,2,4,4,3,6,28,0,6,3,12,15,0,105,100,50,36,0,0,3,5,38,6,11,21,75,5,3,6,0,9,13,10,10,0,4,4,7,6,57,0,48,14,0,8,5,19,0,16,11,4,0,5,0,0,3,20,10,3,0,0,30,0,15,24,7,17,3,33,0,23,8,10,11,3,0,0,46,20,8,5,34,36,6,6,6,38,15,9,12,4,22,5,33,10,22,3,7,0,14,19,3,14,0,0,10,30,0,5,22,15,23,33,0,3,14,18,29,1,8,0,11,3,5,25,0,4,16,30,12,0,6,9,15,16,0,10,0,0,18,0,6,7,8,16,16,10,41,9,9,19,16,11,5,22,21,8,2,11,11,17,6,10,0,0,13,4,9,27,0,23,2,14,34,0,3,0,18,13,0,4,3,10,5,0,0,3,12,0,0,3,9,10,4,20,10,15,99,23,6,3,10,6,18,14,4,19,2,8,8,2,0,0,47,6,6,7,0,9,3,6,9,0,3,13,3,14,5,7,52,0,65,0
SRR6784590,controle,3,0,25,12,8,34,146,0,40,5,68,0,154,18,2,2,28,0,9,23,94,30,8,46,33,32,28,18,83,90,128,47,11,60,4,10,9,17,47,8,20,166,28,28,7,0,0,0,49,78,19,0,17,85,12,112,13,128,29,9,114,65,13,10,6,13,46,121,27,46,5,27,33,60,26,0,0,0,24,73,14,49,0,28,10,113,44,30,53,45,11,98,60,8,100,24,0,37,34,37,9,0,0,106,62,0,5,19,25,9,70,0,103,8,10,5,3,46,13,14,3,32,32,0,112,6,20,18,16,106,7,9,416,4,80,4,109,25,0,4,57,65,0,41,71,61,7,19,71,6,27,192,86,188,39,8,6,34,0,0,82,5,25,18,78,0,14,75,60,47,0,142,9,52,9,19,4,0,45,28,6,0,36,0,19,40,0,42,15,5,37,0,0,26,51,22,20,5,11,84,24,31,41,4,0,3,29,26,2,108,3,3,33,22,0,0,6,67,14,17,76,21,176,15,8,35,25,7,20,56,34,25,89,16,13,4,30,0,9,11,51,18,98,79,65,77,12,4,110,176,30,8,20,25,9,14,13,176,31,62,59,55,70,73,179,58,50,63,9,5,22,0,7,0,61,21,91,3,36,180,44,10,36,8,7,9,26,13,40,31,104,181,45,14,104,57,16,177,3,39,21,27,18,7,112,80,4,7,116,283,58,22,41,87,15,7,4,13,18,6,0,0,5,27,18,7,22,16,32,39,60,5,12,6,14,100,11,5,25,7,8,42,52,34,195,137,22,96,9,0,32,10,394,15,201,12,90,0,64,118,0,2,9,70,51,0,12,13,3,99,15,35,67,68,53,23,4,67,54,52,0,12,94,11,48,71,0,11,2,167,10,0,17,4,57,11,62,372,0,211,12,3,15,74,38,0,37,0,0,0,7,99,213,3,10,80,36,34,230,136,5,39,392,45,24,65,148,23,12,95,15,9,68,0,125,23,178,131,33,2,8,12,6,214,78,29,37,15,27,8,31,47,36,7,20,9,6,83,0,23,10,105,10,0,74,29,7,4,61,169,23,10,80,25,93,21,0,8,5,2,56,38,11,62,31,8,30,19,21,46,91,0,123,0,0,31,4,13,180,34,0,28,2,5,14,3,4,45,3,0,16,278,169,36,20,0,45,31,21,43,107,44,16,159,72,11,6,27,134,0,16,13,5,10,7,0,0,143,7,35,22,18,7,10,4,0,32,0,207,4,13,0,3,9,54,80,20,48,18,5,6,25,88,9,9,2,30,37,3,19,173,19,10,48,31,24,6,31,12,6,13,49,0,5,8,31,19,0,196,254,118,45,0,0,13,16,89,0,15,49,139,3,0,41,4,18,9,11,8,0,0,10,7,0,115,0,30,5,4,5,30,23,0,7,9,2,0,12,5,4,6,2,18,11,0,0,0,12,3,52,79,20,4,4,4,50,13,15,15,13,42,3,79,25,5,9,51,41,51,10,6,100,5,69,29,36,31,18,45,16,22,3,46,9,0,13,12,12,0,0,29,63,3,3,69,91,63,88,0,30,34,10,62,0,15,0,28,5,7,28,11,0,17,104,7,12,25,34,10,70,0,29,0,0,71,11,12,3,3,27,41,21,62,39,13,45,23,37,22,38,18,17,11,5,23,15,30,9,0,17,10,5,19,32,7,77,7,39,90,0,6,4,28,23,0,6,43,6,6,7,0,0,4,2,0,6,0,12,6,7,15,10,227,35,9,6,23,5,62,19,13,28,10,4,23,0,7,0,105,5,19,8,39,12,0,21,0,0,13,24,23,19,21,8,81,0,77,0
SRR6784591,controle,24,22,6,9,2,42,105,0,34,32,19,2,66,28,8,31,18,0,61,18,53,21,14,54,15,13,21,18,50,36,76,14,31,12,13,28,6,34,70,9,54,102,63,44,44,0,1,0,59,65,25,2,6,28,41,140,6,56,11,18,99,25,36,55,12,10,111,21,8,112,3,18,80,37,19,9,15,6,11,107,39,41,0,34,24,69,43,41,72,12,8,107,40,0,65,2,8,12,32,7,18,9,0,69,69,12,4,5,8,19,40,38,59,43,33,14,3,39,9,41,4,51,32,3,123,5,14,22,14,13,12,2,595,26,52,9,59,15,10,7,60,17,0,15,68,17,1,48,50,43,23,64,51,95,27,4,38,42,6,0,12,15,17,8,35,0,3,60,64,47,7,50,13,27,14,30,0,19,18,60,14,0,21,5,64,13,7,32,15,11,4,0,0,4,68,58,47,6,16,185,27,64,21,19,0,7,21,21,31,39,17,7,77,14,15,3,7,25,14,13,5,37,135,4,12,20,30,26,19,12,47,40,152,33,5,4,11,2,15,46,12,56,24,8,28,42,13,89,126,94,8,7,28,13,132,5,16,145,70,44,60,133,28,122,119,77,102,52,19,21,36,6,22,5,40,5,71,11,99,205,4,0,26,34,0,39,10,134,60,56,60,45,54,36,92,48,21,210,10,3,18,4,65,11,53,16,2,40,149,106,25,7,27,119,37,19,6,43,93,38,14,35,32,24,48,30,30,187,47,20,140,4,0,12,9,83,41,3,16,24,13,92,171,40,217,86,3,55,9,0,37,40,356,16,85,6,31,7,63,35,0,10,1,134,16,15,25,9,35,45,15,74,48,26,3,52,4,100,92,78,0,5,25,6,41,86,6,6,4,30,7,0,8,0,62,21,86,251,11,85,8,26,78,54,26,14,174,0,0,36,0,27,58,0,0,7,85,27,169,255,17,32,83,81,14,36,64,42,18,59,36,19,5,24,97,35,476,42,10,0,4,2,0,248,21,20,53,12,3,11,10,28,32,25,5,4,15,88,0,36,12,26,15,0,115,9,7,9,117,77,289,7,16,33,219,2,50,22,47,41,79,42,25,4,42,11,12,26,99,11,21,0,81,0,2,16,17,30,53,39,5,3,25,28,17,5,2,32,15,0,60,92,49,77,18,0,34,5,158,22,47,30,18,106,55,21,89,22,101,2,11,87,7,3,12,0,26,65,12,10,48,152,34,12,7,6,4,15,220,57,55,14,6,21,192,27,53,76,44,34,32,9,170,25,25,7,48,14,17,0,150,0,5,28,4,24,2,29,32,12,26,60,0,18,16,25,57,0,588,223,26,82,28,0,5,28,79,2,60,4,211,21,3,33,11,13,20,58,9,3,0,24,9,2,141,3,141,0,11,0,0,92,0,9,52,0,6,52,4,6,28,5,25,10,0,0,12,5,15,121,29,34,6,13,0,31,18,12,42,0,3,4,78,26,28,29,77,42,30,8,9,119,39,6,72,28,4,11,20,18,25,12,35,19,7,27,0,45,1,0,3,65,9,0,10,9,39,46,9,42,9,90,83,0,11,6,10,3,4,19,24,0,32,11,29,0,0,13,54,11,0,31,0,2,10,12,5,9,0,42,15,3,75,85,2,19,25,7,16,3,53,87,9,24,7,5,36,7,0,8,16,62,60,54,7,42,3,17,47,0,26,44,45,131,32,14,41,2,23,38,7,15,6,0,35,11,0,29,10,83,30,47,75,62,22,4,4,6,3,6,22,15,4,24,52,0,18,0,52,4,8,41,43,2,5,56,2,6,4,36,8,14,2,0,43,0,57,0
SRR8556880,controle,8,14,11,18,11,8,48,21,16,20,51,5,17,23,8,2,18,8,16,6,10,5,8,19,13,6,15,24,28,46,41,10,11,24,3,8,2,16,22,12,21,8,47,21,11,14,1,4,15,39,0,8,9,18,26,65,2,60,7,3,6,12,10,10,3,42,46,26,6,59,6,4,18,34,30,9,14,0,8,66,27,22,13,15,14,26,14,30,28,23,33,47,3,0,4,2,1,6,6,17,16,22,1,11,61,16,0,2,6,7,48,12,25,16,10,5,6,10,2,2,0,45,25,9,79,5,19,23,2,34,7,5,152,6,11,10,19,24,33,8,8,18,12,6,54,68,2,9,0,6,51,27,44,50,15,4,14,17,14,0,10,1,12,7,20,24,4,13,17,20,6,46,2,2,5,8,8,37,10,20,12,8,4,5,4,73,7,8,8,9,8,4,4,20,17,71,12,0,10,203,32,52,36,24,1,0,14,4,3,41,4,35,57,33,6,0,11,0,14,29,25,23,78,2,26,14,30,4,15,21,20,34,51,9,4,12,22,8,4,29,9,31,27,19,15,15,12,4,37,40,14,13,7,20,38,0,11,26,14,81,41,39,60,62,106,95,26,17,25,53,34,5,54,12,28,0,56,10,20,119,9,2,13,4,10,30,4,8,23,17,92,44,61,9,18,55,9,198,0,9,5,2,27,4,132,38,0,3,120,184,28,8,5,29,19,4,10,21,16,23,5,2,6,24,23,4,14,14,3,6,80,2,6,9,11,24,9,2,14,8,8,29,26,19,44,54,12,8,5,11,9,8,251,7,41,9,13,45,49,16,4,6,0,67,88,2,19,14,4,54,46,37,23,36,18,12,1,31,69,20,2,16,61,12,86,44,12,19,17,25,12,11,7,7,38,31,40,94,22,99,28,22,15,53,42,7,20,34,43,20,5,69,130,10,19,26,37,11,152,39,14,58,120,67,37,130,15,3,32,20,10,42,4,5,93,15,234,94,16,2,7,0,7,22,0,6,40,9,6,8,30,30,38,15,27,54,5,45,1,22,8,18,9,6,13,19,1,5,47,69,67,19,23,5,21,8,10,36,15,19,86,4,51,12,15,6,4,22,25,14,27,2,53,1,11,6,22,4,15,22,15,2,1,18,13,11,11,63,8,14,18,62,29,50,15,19,67,6,20,7,78,19,18,81,84,17,7,7,67,3,16,35,4,20,8,13,6,95,4,5,23,15,13,3,33,25,6,7,115,22,24,6,18,9,141,55,19,20,36,4,10,2,75,5,4,3,41,3,30,60,59,5,4,10,8,40,4,0,1,4,4,3,19,8,3,0,32,4,232,89,20,56,0,3,6,10,63,2,38,13,141,5,6,1,1,9,10,7,26,5,3,7,4,19,52,0,56,21,8,10,8,23,9,13,5,15,1,12,5,4,10,15,13,4,10,12,12,1,6,13,51,29,3,26,13,31,21,11,38,2,2,9,28,9,23,0,28,4,9,3,15,26,6,15,36,12,27,10,46,5,3,11,6,2,9,30,9,7,2,25,9,62,2,9,28,0,10,14,12,28,0,32,13,4,13,5,5,1,6,3,0,20,5,35,0,15,2,10,16,6,6,32,7,14,35,1,4,8,3,11,18,3,5,12,1,6,15,33,0,10,22,43,2,6,8,11,16,4,4,12,10,9,19,69,10,22,10,6,3,2,10,2,27,28,8,12,14,3,0,6,4,9,12,1,10,7,3,19,0,53,31,15,91,44,2,7,6,3,0,13,1,13,3,5,17,1,6,25,36,1,9,5,3,3,6,3,1,10,5,4,3,10,10,6,1,1,0,8
SRR8556900,controle,1,0,4,5,2,0,10,4,4,6,21,14,7,9,3,0,9,1,2,4,0,3,6,11,4,1,4,2,3,15,28,0,8,28,0,2,0,21,3,0,9,12,11,4,2,3,0,0,5,8,0,3,3,10,1,24,0,16,7,1,41,3,7,4,13,5,11,8,5,14,2,3,4,8,12,2,2,1,0,11,6,0,4,3,6,15,7,4,2,13,6,4,6,2,7,3,2,17,3,5,4,10,3,7,17,21,0,6,48,1,164,3,3,7,5,14,1,2,0,0,0,15,11,4,51,20,60,13,0,19,3,0,36,3,21,1,8,4,1,3,0,3,5,7,19,7,0,1,8,0,5,0,4,96,1,0,6,7,2,0,122,0,7,4,5,4,0,6,0,2,1,13,0,5,0,52,4,9,2,0,4,5,1,0,172,3,5,2,2,3,78,0,0,0,58,9,3,3,3,103,14,9,17,4,0,5,4,71,4,10,0,2,8,9,1,2,2,0,12,12,42,12,10,2,3,4,14,1,4,5,6,9,13,3,2,2,4,3,3,16,119,8,2,52,129,10,14,23,10,9,4,6,0,6,3,5,8,17,8,8,15,8,9,19,8,8,3,11,7,8,7,1,5,6,12,3,17,0,2,20,3,0,5,5,2,4,0,3,9,5,12,14,9,4,7,3,75,46,0,12,9,0,2,4,37,8,1,2,46,50,17,3,0,6,5,0,3,8,15,5,2,3,0,5,2,2,5,3,9,34,15,0,2,6,0,0,3,1,3,4,2,5,19,11,9,7,10,7,3,2,4,2,92,0,14,2,4,9,15,133,2,0,0,93,33,2,2,7,0,22,4,12,17,6,13,2,0,20,16,11,0,7,10,0,3,17,5,3,2,34,7,5,4,2,69,37,23,89,9,9,4,15,5,8,3,1,114,6,13,60,4,10,28,3,6,5,3,13,14,20,7,25,27,10,1,5,3,0,3,9,3,2,10,4,25,4,36,9,10,2,3,6,4,167,13,1,12,10,1,9,11,13,3,2,2,7,3,13,0,9,5,9,5,3,7,7,0,0,7,11,18,4,7,4,8,0,6,7,9,5,10,0,6,11,4,0,0,4,8,16,8,1,34,0,2,0,2,0,180,2,4,4,0,5,2,2,3,11,2,3,2,112,10,12,14,1,27,3,4,2,9,6,4,17,15,6,3,3,36,1,5,3,6,10,43,2,3,27,3,136,9,2,8,2,3,9,10,0,33,4,2,2,5,4,19,10,1,0,19,2,0,3,17,2,3,2,13,0,2,13,23,4,3,4,4,4,0,0,6,0,11,0,1,1,0,17,8,0,66,25,2,14,21,2,2,10,14,0,7,3,26,2,3,0,1,4,3,2,7,1,3,7,0,0,15,2,63,54,5,3,5,2,92,2,3,4,4,49,0,0,2,5,1,2,5,4,0,0,2,12,6,11,5,24,4,5,8,11,6,2,4,2,7,12,8,0,4,1,3,15,8,19,2,0,59,5,3,16,11,1,6,2,7,3,1,4,3,6,2,14,2,25,0,0,10,13,5,131,3,12,0,38,3,11,3,0,3,0,0,0,7,3,0,6,0,3,4,2,6,3,3,4,2,8,3,0,3,2,0,2,4,6,2,10,5,4,10,3,0,6,10,14,0,0,1,3,4,6,7,7,6,2,7,29,2,12,3,3,3,0,7,0,11,6,4,2,4,1,0,4,1,1,5,1,2,2,4,2,1,10,10,11,131,12,2,1,0,0,0,4,0,2,1,5,3,1,49,8,5,11,4,3,3,0,4,0,1,7,1,5,0,4,0,0,0,0,0,89
SRR8556918,controle,2,0,11,14,0,0,35,1,38,12,54,0,14,16,25,4,0,10,22,0,8,3,2,21,7,13,6,10,25,5,16,0,0,33,6,3,0,9,43,0,21,54,26,21,13,0,0,8,36,25,0,9,0,5,0,19,3,4,37,18,5,3,0,2,13,20,14,23,2,6,2,9,0,44,62,14,2,0,0,25,49,6,14,18,37,112,3,18,5,0,10,103,5,0,12,3,4,0,8,3,4,29,0,3,5,16,0,1,14,0,1,4,55,0,10,4,0,0,3,0,0,41,7,11,5,4,2,4,0,35,2,0,18,45,4,20,46,0,7,7,0,11,26,3,23,7,0,5,3,3,23,0,65,100,55,0,17,17,35,0,25,2,0,2,2,67,0,2,6,7,2,44,0,16,0,0,1,40,9,0,7,0,10,0,9,13,3,0,3,2,13,0,1,2,1,13,0,4,3,4,7,0,12,76,0,0,11,0,0,7,0,1,2,3,2,0,2,0,3,7,17,4,35,19,45,1,5,0,4,29,1,7,37,38,3,2,6,3,3,3,18,8,4,5,7,7,18,0,78,9,1,24,19,35,3,2,12,3,2,51,17,0,0,27,13,3,5,0,5,24,3,7,0,4,74,0,16,1,2,18,0,0,0,0,1,0,3,0,32,0,27,17,3,9,17,8,5,54,0,14,1,2,0,3,48,9,6,0,76,57,10,17,3,5,12,3,1,0,1,2,4,0,1,8,6,0,1,9,0,8,8,0,3,11,3,3,0,0,22,1,4,6,2,13,49,23,20,0,0,9,6,0,102,5,24,3,36,4,63,21,0,0,0,0,17,13,30,3,0,6,7,36,33,0,11,7,0,11,5,6,0,8,92,2,0,4,1,16,1,6,4,20,4,13,12,13,14,44,7,8,8,20,6,129,4,0,24,20,7,25,13,27,22,0,38,10,8,8,23,50,5,14,79,3,1,31,19,11,3,8,0,0,14,0,57,11,60,12,3,0,2,1,1,15,0,20,3,3,2,2,28,4,47,1,0,2,12,3,3,1,0,36,2,1,12,0,0,2,7,37,124,0,22,0,7,27,0,1,1,1,2,0,8,16,10,0,0,0,74,14,52,1,3,8,8,0,2,2,26,11,25,2,0,1,0,0,5,35,2,19,0,119,53,49,0,20,7,0,0,2,48,6,27,35,32,3,52,3,78,4,0,7,14,6,1,9,0,54,0,10,0,26,31,0,4,32,4,1,37,3,1,3,2,0,16,12,0,1,4,0,3,16,25,0,10,0,37,0,1,2,185,0,13,0,9,17,0,0,0,0,28,6,0,0,0,0,20,2,38,72,38,3,0,2,0,6,9,0,4,13,40,1,2,0,0,2,4,2,5,0,0,6,0,1,47,0,0,2,1,4,1,16,2,0,2,1,2,0,0,1,0,4,0,12,41,1,8,0,8,12,32,23,0,86,0,23,0,3,1,0,12,5,32,25,4,3,0,0,0,0,9,6,10,78,61,5,0,6,5,0,3,16,24,2,2,4,4,0,2,38,14,10,4,0,59,0,17,4,23,0,6,11,9,0,0,2,5,0,0,0,1,12,7,50,4,2,2,2,0,0,6,3,12,25,24,0,0,4,0,23,9,0,7,2,5,1,0,42,0,0,5,6,0,0,0,4,16,0,2,12,0,0,0,53,27,53,6,0,5,2,1,1,5,0,0,3,2,0,2,1,3,0,0,0,0,17,0,2,0,10,3,0,182,6,0,0,0,0,0,0,1,3,0,1,7,0,1,13,9,0,17,0,13,3,2,0,2,0,6,6,6,17,0,23,1,4,1,2
SRR8556942,controle,0,2,1,17,3,2,1,2,7,1,4,10,23,1,5,0,11,0,3,0,0,0,4,3,0,9,2,4,8,10,13,0,0,50,2,1,0,2,3,0,9,5,3,0,0,2,0,0,0,3,0,1,0,0,0,19,0,4,0,6,30,3,4,3,6,3,3,2,2,13,3,3,0,8,8,2,1,0,2,13,12,24,4,0,4,13,3,5,2,1,3,8,4,2,4,10,4,56,2,0,12,4,0,0,18,19,0,3,35,2,180,1,9,0,21,0,7,0,3,11,0,5,10,2,56,17,83,3,0,2,2,0,5,3,54,2,3,5,3,2,6,0,3,5,6,13,47,8,0,40,10,0,2,126,0,0,1,2,2,0,100,2,0,0,0,1,0,0,14,2,0,2,0,10,0,31,1,2,0,0,2,3,9,2,150,0,1,0,5,0,45,1,0,0,54,3,0,2,4,3,11,0,4,4,0,0,2,64,0,18,0,1,4,9,0,0,3,0,8,4,40,0,20,2,7,0,27,0,1,4,0,4,7,1,4,5,0,3,7,10,116,12,4,77,241,3,3,22,3,3,0,8,1,2,5,5,3,0,0,2,19,19,4,6,12,0,4,10,4,3,3,0,0,1,12,3,12,0,4,12,0,0,2,2,0,4,0,0,7,2,5,3,3,1,7,3,68,39,0,2,0,0,3,1,7,3,0,4,14,21,26,1,0,3,1,0,1,7,6,8,1,5,0,7,0,0,0,6,0,23,11,0,0,3,2,0,3,3,2,0,2,1,4,0,14,13,3,0,0,3,7,0,55,0,12,1,0,2,16,24,0,0,0,78,4,0,4,7,0,21,3,5,6,0,5,1,0,3,3,2,0,2,16,0,12,6,2,11,2,48,7,3,0,0,64,36,13,71,1,5,3,2,2,10,2,0,104,1,3,50,2,4,11,0,5,4,13,0,13,15,5,0,16,2,0,6,7,4,4,9,3,0,13,5,12,2,14,4,2,1,0,0,1,145,5,2,7,0,0,4,6,6,3,0,3,2,4,17,2,13,3,6,0,0,8,1,5,0,2,15,6,2,9,12,8,4,3,2,1,1,0,0,5,3,4,3,0,1,2,2,4,0,11,6,8,5,2,0,179,7,3,16,0,2,5,0,3,3,0,1,2,97,14,6,2,1,10,3,2,0,6,0,2,11,6,2,2,13,26,0,1,4,4,1,49,0,10,4,2,5,7,2,1,2,2,7,4,0,8,3,1,5,0,0,2,13,1,0,3,0,0,0,9,0,5,2,9,0,0,2,190,0,1,7,2,1,0,3,2,2,13,0,0,0,2,27,2,0,13,16,0,2,23,0,0,5,6,2,1,0,11,2,2,7,0,0,0,0,3,1,1,9,3,0,10,1,2,0,3,4,2,0,58,4,1,3,2,2,2,1,1,2,1,4,5,0,9,6,2,4,5,3,2,2,3,0,2,6,6,0,0,1,11,4,3,3,0,8,4,0,0,0,0,0,414,19,0,5,6,1,14,2,2,0,0,0,0,0,1,3,2,6,0,2,2,0,0,128,4,13,0,37,17,55,0,2,0,0,3,3,3,2,1,2,0,1,5,3,4,3,2,2,2,2,6,0,0,1,0,2,1,6,4,2,0,1,7,7,0,0,3,5,0,0,0,0,3,0,4,3,0,0,3,13,2,0,0,2,0,0,2,0,0,20,4,0,3,0,0,0,2,0,2,0,1,1,0,0,0,4,1,0,82,5,0,0,0,0,0,0,1,0,0,0,0,2,50,5,4,14,9,1,2,0,0,7,1,2,0,0,0,2,2,4,0,0,0,75
SRR8556969,controle,0,0,16,5,5,0,17,3,2,3,11,5,5,1,2,0,7,4,6,4,8,8,4,5,3,2,2,4,7,12,15,0,5,19,0,3,1,8,5,1,4,9,30,4,5,2,0,0,4,22,4,1,3,5,4,23,0,10,10,2,59,19,8,18,6,2,7,6,2,23,5,3,7,14,1,0,5,6,9,27,5,13,1,2,1,9,11,55,5,3,8,8,10,0,27,3,2,2,2,5,8,3,5,12,17,9,0,4,16,9,55,8,8,9,0,2,2,1,6,4,0,14,8,0,38,15,20,14,2,5,3,0,62,6,23,0,10,2,3,2,20,11,5,4,50,109,1,10,0,44,9,6,4,21,0,0,22,7,5,2,34,2,0,0,7,2,1,6,6,24,1,7,1,7,3,12,4,4,4,7,8,4,0,3,29,6,4,1,8,6,26,0,0,2,32,18,10,1,4,5,7,9,5,1,1,0,4,19,3,29,0,4,8,5,0,0,3,0,2,10,10,6,55,4,14,1,37,0,2,2,7,2,12,0,2,11,0,2,2,11,38,5,4,17,67,18,13,14,4,39,2,3,6,0,7,1,2,10,22,12,6,23,10,30,5,10,3,15,12,11,12,1,3,6,6,0,46,0,17,31,4,4,3,0,0,3,0,0,5,6,14,25,10,0,8,10,24,49,0,0,2,2,7,1,28,16,5,6,19,54,6,0,0,6,0,0,2,5,13,3,1,4,4,5,6,13,4,15,3,8,18,2,1,6,2,17,2,2,4,0,8,6,29,13,9,13,1,4,4,5,0,0,87,3,42,6,2,16,7,5,0,3,3,51,14,1,8,11,3,17,10,15,2,23,0,4,2,7,15,9,0,2,7,6,7,11,4,5,2,29,11,4,7,7,29,23,30,50,4,55,7,5,8,10,18,13,55,7,10,28,23,12,35,2,2,15,14,3,25,10,5,16,41,11,9,7,20,7,10,3,3,3,0,3,19,3,51,30,4,2,4,1,2,68,0,1,22,8,12,0,2,5,3,1,5,7,1,13,0,4,5,6,2,1,15,7,2,0,29,17,8,4,5,15,20,0,34,5,6,6,17,9,8,3,10,3,3,7,7,6,1,2,22,0,2,0,3,4,44,6,3,0,8,10,0,3,3,28,8,5,8,57,31,14,5,10,26,1,22,5,26,13,4,12,27,13,2,2,34,2,1,13,1,10,14,1,6,24,4,4,11,6,2,7,8,2,2,3,38,11,8,7,2,3,16,2,2,6,8,2,8,3,19,3,2,1,4,3,4,16,88,0,5,31,2,4,0,0,2,4,10,4,4,1,2,7,42,1,73,27,8,8,9,1,4,5,12,0,7,2,23,5,2,9,4,9,2,2,5,4,3,5,3,1,15,2,8,46,3,1,3,28,17,3,3,9,13,7,8,2,6,0,4,0,0,1,2,1,6,15,81,7,2,4,2,5,12,13,10,2,0,4,11,13,0,0,0,7,7,2,5,6,0,8,1,5,9,4,0,6,3,3,24,0,5,2,10,12,1,0,0,24,1,0,0,0,0,41,2,23,0,16,25,2,0,7,0,1,3,2,1,4,2,2,3,4,5,2,7,15,1,2,0,1,2,0,0,1,3,5,3,1,7,4,0,9,5,7,6,9,13,16,0,0,1,2,1,6,6,1,4,9,12,10,1,3,3,2,0,5,4,0,16,4,3,1,10,0,3,1,0,5,7,0,2,0,0,9,0,10,11,2,20,21,0,1,4,3,0,8,5,0,1,1,7,1,19,16,9,6,3,7,0,5,3,13,1,4,0,5,2,0,1,0,0,0,4,27
SRR8556973,controle,8,3,82,17,9,3,12,25,10,6,82,2,45,11,14,4,28,19,9,9,4,12,6,12,2,3,2,4,21,25,17,0,15,3,4,0,0,25,26,2,38,28,16,7,8,1,0,2,4,10,0,2,0,19,7,81,6,13,6,1,6,15,17,6,0,37,13,9,13,69,4,4,6,14,13,3,8,6,5,34,28,4,8,14,18,45,0,14,16,6,18,22,2,0,11,0,15,13,0,7,43,6,3,25,13,7,1,21,7,13,4,17,2,4,5,0,2,6,22,4,0,32,23,5,55,2,25,16,5,7,6,2,172,2,6,7,16,5,17,0,72,7,8,7,34,22,0,14,0,3,3,5,58,18,2,0,7,22,6,2,13,4,15,0,20,17,3,13,3,17,6,24,0,6,3,5,15,22,3,14,19,12,0,0,1,8,19,1,3,1,1,0,2,7,12,38,3,0,20,26,16,28,3,61,4,0,25,6,0,12,5,16,16,38,0,0,15,0,4,8,6,12,149,4,12,4,9,7,5,1,15,10,47,2,9,12,14,23,24,7,7,21,2,5,2,2,15,0,16,22,0,12,0,6,24,0,28,36,26,18,23,26,28,62,28,16,0,0,1,17,25,0,2,34,34,0,10,1,37,25,13,7,4,3,3,16,3,16,18,7,38,69,35,6,8,16,9,108,0,2,9,9,35,10,125,25,2,5,178,106,9,5,9,24,10,9,2,4,37,39,9,15,7,14,7,15,1,9,6,15,39,3,36,13,3,7,7,10,5,12,21,12,25,18,18,28,13,3,13,3,6,6,181,3,88,11,2,101,41,4,15,3,0,33,44,3,6,4,1,49,13,38,27,6,3,8,4,28,21,41,0,13,40,2,12,48,30,16,2,40,3,6,2,11,43,33,31,51,31,121,32,71,33,66,28,2,5,22,9,13,6,49,34,4,16,30,15,8,16,2,25,31,80,9,13,32,41,16,16,45,26,5,5,14,42,14,193,49,13,10,0,6,2,10,0,23,18,22,1,12,12,20,16,2,16,7,9,21,10,14,12,20,2,6,37,11,0,0,25,21,22,14,38,1,14,2,6,24,16,12,16,4,12,36,14,4,0,21,30,9,33,1,23,1,1,8,9,2,2,16,8,4,1,13,12,6,0,55,4,11,5,54,85,18,15,14,32,21,2,3,52,11,11,49,35,6,2,15,66,11,5,57,6,7,1,1,16,182,8,0,11,13,7,0,1,27,4,0,114,11,3,26,4,2,40,68,5,6,34,2,5,21,52,8,9,3,9,0,6,14,81,0,6,62,17,11,0,7,8,0,2,0,1,1,12,0,33,1,132,92,45,16,1,3,11,21,53,2,34,16,49,8,13,27,2,4,3,5,30,2,6,3,4,2,48,3,51,3,6,15,3,7,1,3,4,22,2,13,0,1,10,11,0,5,10,3,1,0,4,3,8,9,2,4,6,5,22,1,17,3,0,3,5,19,10,3,5,35,10,1,7,9,102,5,105,18,29,31,13,4,15,10,14,0,1,7,5,20,3,12,1,83,5,0,15,12,5,1,12,6,0,16,10,1,0,3,3,9,2,1,4,15,10,4,3,10,34,4,22,32,2,9,19,12,6,4,2,7,3,9,16,0,6,16,1,40,0,16,0,12,23,12,0,6,7,7,11,1,11,3,12,4,12,36,6,10,14,14,20,1,7,6,3,17,3,6,12,1,0,1,1,14,3,0,7,1,4,0,0,69,29,8,29,14,0,3,1,3,0,6,7,3,0,16,3,12,0,29,40,1,5,0,25,3,4,2,4,5,0,2,0,9,0,9,0,0,0,2
SRR8556986,controle,3,3,3,10,2,3,7,3,6,4,31,3,16,4,6,11,2,2,3,2,0,10,0,11,12,6,6,19,3,5,12,3,0,6,5,6,2,25,8,3,13,10,10,9,7,18,0,7,17,33,0,1,5,7,5,28,0,11,5,3,3,12,6,17,1,3,17,23,6,19,6,3,5,36,11,2,4,0,3,31,7,2,4,27,4,12,4,31,28,9,13,30,0,5,21,13,5,2,3,6,7,4,3,5,36,10,0,7,2,6,11,17,26,4,0,1,2,0,1,7,0,14,15,2,18,0,6,23,15,15,3,0,109,6,0,4,11,13,9,2,4,10,3,11,47,26,0,10,19,6,4,5,10,41,1,2,1,5,17,0,2,1,4,4,6,16,2,25,9,3,0,8,1,9,4,5,7,8,4,11,1,8,3,7,8,2,8,3,6,3,3,0,0,2,13,27,3,5,10,7,7,5,2,15,6,0,3,2,14,10,0,9,9,8,9,0,9,3,2,5,8,14,28,0,9,2,19,6,11,5,24,5,32,4,5,4,2,2,3,11,1,14,3,4,2,7,9,0,11,25,4,5,7,1,36,1,4,37,28,44,24,26,10,35,30,23,7,3,22,10,5,5,2,10,28,2,4,2,3,50,12,0,5,2,6,10,14,17,12,14,25,15,8,1,16,19,3,43,3,2,0,0,13,7,40,19,1,2,57,79,8,9,14,18,2,0,11,5,23,9,3,5,8,27,14,0,48,23,0,5,19,10,4,3,4,7,4,3,17,2,9,13,16,14,33,25,11,3,2,9,4,0,103,17,16,10,4,6,14,2,3,2,2,10,24,3,7,10,4,10,6,16,9,3,12,6,8,11,12,18,0,3,8,4,7,14,3,5,3,32,5,7,2,3,24,10,56,46,3,62,12,5,11,31,8,13,4,21,14,5,4,35,40,2,8,18,8,32,37,60,16,34,72,23,18,32,11,27,12,4,6,2,0,4,63,11,146,32,2,1,0,0,0,9,0,3,21,10,2,0,9,7,10,5,3,5,6,56,0,6,2,14,8,2,24,3,2,0,32,34,43,20,19,6,46,4,5,5,0,7,32,0,20,8,9,8,1,2,10,32,8,1,22,3,2,6,10,2,3,10,7,2,0,7,16,3,9,27,2,2,17,26,28,26,15,5,10,2,9,3,27,7,8,50,14,8,5,3,13,2,3,32,4,10,0,2,9,27,0,2,10,16,10,2,3,8,1,4,65,5,13,7,5,4,22,11,6,4,18,2,5,3,29,3,2,0,12,2,3,25,20,0,4,11,10,15,0,8,0,9,10,0,4,2,5,0,10,0,78,24,10,40,0,9,3,16,13,2,21,4,22,5,1,0,0,3,11,4,10,5,4,11,2,1,58,0,53,2,6,2,6,38,0,5,1,4,0,8,1,6,4,8,5,2,4,6,5,2,5,42,26,22,1,17,1,9,25,5,12,5,5,0,6,8,5,5,10,0,8,7,4,12,6,0,4,17,3,17,2,14,3,7,20,3,23,9,30,6,3,7,4,43,4,2,4,0,9,0,4,11,3,12,7,0,7,2,10,0,3,10,1,4,2,28,7,2,6,13,2,3,2,16,1,3,10,0,0,5,0,4,11,2,15,4,4,0,18,7,0,9,9,14,2,4,4,2,3,9,11,3,3,15,10,21,2,4,2,23,0,0,1,0,14,11,3,1,11,3,0,7,6,4,3,3,9,1,6,0,8,17,11,17,41,32,0,0,11,0,0,8,0,0,0,2,21,0,3,21,10,2,1,10,3,0,2,5,5,15,4,4,7,10,1,0,0,3,1,0
SRR8556990,controle,0,2,5,9,0,5,22,0,5,8,46,1,9,10,6,3,4,5,6,4,8,14,1,18,16,13,20,8,12,2,21,0,1,6,4,4,6,2,6,2,9,13,12,22,6,8,0,2,9,23,0,4,0,5,0,60,3,5,14,0,0,21,3,32,5,3,8,4,0,4,9,3,0,8,11,2,1,3,0,9,4,2,4,9,6,48,11,5,10,14,4,21,16,0,14,0,4,0,5,5,4,5,0,2,8,1,0,3,3,0,4,12,24,0,1,2,0,8,4,5,1,25,4,1,2,1,11,6,4,33,0,0,101,4,0,10,22,3,0,2,2,8,5,2,15,23,6,7,3,0,22,6,45,37,6,5,1,5,9,1,5,5,0,0,2,21,2,2,0,2,0,20,3,19,0,5,0,11,21,4,2,2,2,2,5,10,5,2,2,3,5,1,8,4,8,7,8,8,1,273,4,12,7,18,0,2,0,0,0,18,0,3,8,8,1,0,8,3,0,4,9,4,55,0,14,8,29,3,6,3,11,5,19,5,0,3,2,4,18,2,3,1,14,3,2,13,3,4,14,21,0,7,2,7,3,4,0,13,3,19,6,5,5,36,116,16,12,5,15,6,7,6,2,3,28,0,12,4,0,20,4,0,16,15,0,0,5,4,7,11,6,7,12,7,14,12,1,11,0,6,0,0,4,2,33,24,0,0,37,138,11,3,7,16,12,0,13,8,0,0,6,19,1,3,11,0,2,6,3,4,20,2,0,1,3,6,0,1,6,0,2,1,11,24,15,11,11,14,1,10,41,5,82,0,49,0,7,1,19,20,2,0,0,3,3,5,6,2,1,6,2,12,10,3,5,12,2,3,6,14,4,7,66,0,12,0,11,1,1,5,4,7,0,6,17,5,44,46,20,38,3,5,7,18,5,3,10,11,4,6,6,19,12,1,9,4,0,25,11,37,3,18,35,0,0,19,7,17,5,14,13,0,3,2,27,5,69,5,0,0,0,0,0,13,0,5,12,3,9,0,12,2,6,4,1,2,8,30,3,2,0,35,0,2,8,1,0,0,2,6,25,4,6,0,8,8,1,1,0,6,7,5,8,8,3,0,0,0,39,18,11,0,11,4,4,2,2,2,14,8,9,4,0,9,6,0,2,12,2,4,12,38,14,24,2,2,5,2,4,0,24,10,11,15,17,1,10,2,13,2,3,4,6,1,2,2,3,17,3,1,0,5,15,0,4,21,2,1,15,0,0,0,5,0,34,3,1,3,2,0,2,0,32,0,18,1,7,19,1,1,43,0,3,3,3,7,0,3,12,20,12,0,2,0,2,0,3,0,67,16,19,10,0,1,4,3,2,0,13,3,17,0,5,0,5,2,7,0,2,0,0,1,0,0,21,1,0,6,2,8,1,4,2,2,6,0,0,3,1,3,2,0,10,1,1,16,0,0,3,7,49,4,2,10,2,5,1,0,3,0,7,1,8,33,4,3,21,2,0,0,2,0,0,6,4,0,0,2,1,9,0,2,2,3,4,2,0,2,0,11,6,4,0,0,11,0,9,3,5,5,3,7,8,1,3,2,0,0,0,2,3,9,4,6,0,1,2,0,9,0,0,0,4,10,7,2,0,0,3,21,6,4,2,2,7,17,6,5,0,0,2,1,5,0,8,2,12,4,1,9,0,9,0,28,8,29,4,8,6,4,13,0,5,0,0,1,2,3,0,0,2,0,0,1,6,8,4,4,0,2,6,1,62,9,3,0,2,0,0,0,14,9,3,0,10,2,1,6,5,0,6,0,5,0,2,3,3,0,0,5,4,9,4,5,1,5,2,2
SRR8557003,controle,0,0,2,0,0,0,0,0,0,1,1,0,4,0,0,0,2,0,0,2,0,0,0,0,0,0,4,2,0,3,0,3,2,1,0,0,0,0,0,0,0,0,0,0,0,1,0,0,0,0,0,0,0,0,0,4,0,1,0,0,0,0,1,0,0,0,1,0,0,0,0,0,4,0,1,0,0,0,0,3,1,3,0,0,1,1,0,0,2,1,1,2,2,0,5,0,0,0,3,0,0,1,1,3,3,0,0,0,1,0,1,3,0,0,0,0,1,0,0,0,0,1,0,1,3,0,0,2,0,0,1,0,6,0,0,0,1,0,1,0,0,1,0,0,0,0,0,1,0,0,0,0,1,2,0,0,0,1,0,1,0,0,0,0,0,0,0,0,0,0,0,0,0,0,1,0,0,1,0,0,0,1,0,0,0,1,0,0,0,0,1,0,0,2,1,0,1,0,0,8,0,2,0,1,0,0,5,1,0,0,0,1,2,3,0,0,3,0,2,0,1,0,1,0,1,3,2,1,1,2,0,0,0,0,0,0,0,0,0,0,0,0,2,0,0,0,0,0,0,3,0,1,0,0,0,0,0,3,0,5,0,0,2,4,0,2,3,0,1,0,1,0,2,2,1,0,0,2,0,5,0,0,3,0,2,0,1,0,0,0,0,0,0,0,4,1,1,3,0,0,0,0,0,0,4,3,0,0,5,4,0,0,0,0,0,0,0,0,3,0,0,0,1,0,2,0,0,0,0,0,2,1,1,0,1,0,1,0,0,0,0,2,0,0,3,5,0,0,0,0,0,0,9,0,3,0,2,1,0,0,0,0,0,0,3,0,0,1,0,2,1,0,0,0,0,1,1,0,2,3,0,0,0,0,0,3,0,0,0,1,2,0,0,0,1,1,2,3,2,10,0,0,0,0,0,0,0,0,2,0,0,2,5,0,2,0,2,4,0,2,0,5,5,2,0,3,0,0,0,0,0,2,0,1,2,0,8,0,0,1,0,0,0,1,0,0,0,0,0,0,0,2,1,1,0,0,0,0,0,0,0,0,0,0,0,1,0,0,2,0,0,0,3,3,0,0,1,0,0,0,0,0,1,2,3,1,2,0,2,1,1,1,2,0,0,0,0,0,0,3,1,0,0,1,0,0,0,2,0,0,0,1,1,1,0,1,0,0,5,2,1,2,0,5,4,0,0,0,2,0,1,1,0,2,0,0,0,0,0,0,1,3,0,2,0,0,0,0,6,3,3,1,0,1,4,0,0,2,0,0,0,0,0,0,0,0,0,0,0,0,1,0,1,0,1,1,0,0,0,0,1,0,1,1,0,0,2,0,11,0,1,3,0,0,0,0,2,0,0,0,4,1,0,0,0,0,0,3,0,0,0,0,0,0,1,0,0,0,0,0,2,2,0,1,0,0,0,1,0,0,0,0,0,0,0,0,1,0,0,1,1,0,0,0,0,0,1,1,0,0,0,0,1,0,0,0,0,0,0,1,0,0,0,0,0,0,0,1,0,6,4,0,0,0,0,0,0,0,0,0,2,0,1,0,0,0,1,2,0,1,0,0,0,0,0,0,0,0,0,0,0,0,0,0,0,0,2,0,0,0,0,2,0,0,0,0,0,0,0,2,0,0,2,0,0,0,0,1,0,0,0,0,0,0,0,0,0,2,0,0,0,0,0,1,0,2,0,0,0,0,0,1,2,0,0,0,0,0,0,0,0,0,0,0,0,0,0,0,0,5,0,1,2,0,0,0,2,0,0,0,0,0,0,0,0,0,0,0,1,1,0,0,0,0,1,2,1,0,0,0,0,0,0,0,0,0,0,0
SRR8557024,controle,3,3,11,3,6,2,35,13,8,15,41,3,20,11,12,2,23,1,10,5,11,15,1,10,6,9,12,9,11,51,34,6,7,6,5,4,0,5,17,4,14,14,25,24,9,6,6,5,24,28,0,2,2,19,5,32,3,13,5,4,22,10,2,15,3,26,27,16,8,35,5,35,13,11,12,4,10,1,4,37,18,19,6,6,6,44,6,17,25,10,13,41,17,0,18,13,4,7,2,10,14,6,3,7,13,10,1,4,3,6,18,19,5,13,2,6,0,4,5,5,0,23,15,3,44,1,13,21,10,14,0,9,108,7,4,11,18,9,16,5,27,13,8,10,31,28,2,16,5,4,15,5,22,39,1,2,14,13,17,0,9,4,18,3,17,7,1,21,3,11,2,18,2,13,7,12,10,20,11,7,13,5,5,1,3,10,0,9,4,2,3,0,0,20,8,22,4,5,5,46,16,24,21,29,1,0,11,3,5,12,0,9,26,16,1,0,7,0,8,26,11,22,58,0,22,12,15,2,8,19,13,25,43,8,0,15,14,7,7,17,2,12,24,3,4,7,20,0,39,26,2,11,7,18,16,0,8,47,20,35,23,46,29,67,54,19,13,20,12,21,15,3,13,11,24,0,38,2,15,34,1,0,12,13,4,11,3,13,20,8,56,19,30,5,21,30,3,110,5,13,6,0,14,16,72,27,3,4,89,90,5,10,8,17,6,7,10,10,9,8,2,1,7,14,10,1,13,6,0,9,21,2,5,7,8,19,7,8,10,6,0,17,33,23,28,48,12,12,4,4,0,4,159,9,32,11,16,38,35,4,0,0,3,10,39,7,9,10,4,25,9,25,9,3,14,16,3,26,33,25,4,11,66,0,17,31,16,12,3,23,0,11,12,6,27,13,38,46,14,41,23,19,16,28,20,4,8,14,20,8,7,31,39,3,7,24,15,18,31,30,6,37,84,18,5,53,16,8,15,10,8,16,19,2,51,35,182,24,9,5,3,5,6,11,4,14,19,11,2,4,17,13,9,17,15,18,7,46,1,14,12,16,5,1,14,6,3,0,3,11,42,16,16,4,40,4,7,18,8,8,19,0,35,30,11,6,0,17,32,29,14,4,20,3,1,8,6,3,3,12,6,2,3,7,2,1,5,23,17,7,9,48,18,28,7,13,19,9,8,9,40,13,13,38,39,8,3,3,49,4,15,24,10,9,1,2,14,40,5,2,9,12,13,6,5,18,3,1,89,8,3,6,8,3,38,33,5,7,26,10,6,3,19,5,5,8,21,3,8,23,52,4,10,14,10,13,4,3,3,2,12,6,5,7,0,1,14,2,199,48,11,28,0,7,10,13,18,2,25,2,88,4,15,9,1,2,11,11,27,4,4,4,3,8,28,3,47,3,7,10,4,9,1,5,10,6,0,8,3,6,6,11,2,5,12,8,8,1,2,14,21,23,0,15,6,23,23,2,10,0,3,3,21,25,13,13,21,7,9,7,14,21,41,24,16,12,14,17,8,6,3,5,8,4,4,20,7,9,7,14,10,27,0,0,13,0,6,4,10,16,3,7,11,0,7,1,12,3,0,17,6,9,1,12,7,6,5,14,18,4,6,16,6,14,19,8,10,5,3,24,5,7,5,31,6,25,8,8,2,5,13,37,0,0,6,12,4,5,14,16,5,3,21,44,3,19,6,9,17,1,7,1,21,12,14,2,9,0,0,0,1,9,6,4,2,6,1,12,1,45,37,22,30,38,6,1,4,4,0,8,0,10,2,6,7,4,0,23,29,3,0,5,7,0,13,4,13,15,0,3,2,6,3,5,0,6,1,1
ERR911954,enx,0,4,0,11,1,3,6,47,12,8,11,20,4,81,16,1,5,18,6,1,13,2,15,1,14,0,11,2,6,20,9,2,0,30,13,14,26,3,15,13,27,26,26,5,18,11,38,1,1,13,6,51,5,2,24,3,6,11,0,5,11,9,1,3,0,0,18,12,3,8,0,3,3,12,4,23,45,14,7,17,2,9,83,3,49,52,7,5,2,9,28,15,1,1,2,6,5,2,0,0,3,9,5,3,4,12,6,1,6,7,5,24,4,1,0,3,36,8,19,8,5,40,8,0,25,3,199,44,3,0,9,9,26,5,7,27,8,22,36,6,0,11,38,8,46,7,8,3,9,3,3,2,26,51,13,0,0,9,3,10,26,0,5,4,2,33,13,2,24,5,4,15,6,5,7,10,0,129,1,4,0,16,6,18,17,5,2,15,2,6,8,3,62,6,11,11,45,20,4,41,1,3,6,8,7,1,18,0,9,53,10,8,14,4,0,8,14,11,6,8,9,12,11,12,11,1,5,0,7,11,1,9,12,6,18,6,9,0,0,8,24,2,6,5,39,19,4,16,0,4,33,17,0,12,18,9,1,5,20,14,14,4,4,5,5,15,3,0,11,0,36,3,12,14,21,15,3,10,0,14,21,19,4,4,3,19,6,15,0,3,21,34,18,16,40,11,6,18,6,9,4,4,15,9,24,7,37,4,56,49,1,0,3,3,0,1,2,5,13,0,11,1,2,1,1,6,15,7,0,0,41,6,1,6,8,13,0,1,3,17,1,15,5,12,19,19,9,1,0,59,7,2,49,2,16,8,5,11,62,0,5,7,8,54,6,36,5,9,16,17,2,15,11,41,0,7,2,2,5,6,6,1,3,7,4,3,17,23,5,21,0,31,9,24,32,67,1,21,17,37,14,100,16,3,24,89,9,142,10,28,8,10,2,0,9,54,14,4,32,8,49,29,27,10,0,17,3,3,9,1,11,21,17,19,56,0,54,1,4,31,10,3,5,33,2,6,3,0,14,2,2,25,47,12,2,10,0,34,4,12,21,18,5,0,37,28,8,7,31,54,23,28,24,5,9,23,12,6,3,5,3,8,6,4,2,0,2,26,1,4,35,10,7,0,16,4,9,3,53,10,12,0,8,38,4,3,1,0,1,21,2,6,20,17,4,13,3,10,2,4,26,4,4,29,36,16,5,6,5,22,0,6,5,5,21,20,10,41,11,44,10,9,4,3,1,13,9,9,58,3,4,3,5,4,17,7,7,4,1,2,3,1,3,2,2,0,13,0,6,4,21,3,2,12,15,11,7,2,3,4,15,19,9,2,5,22,2,28,28,23,4,7,6,15,0,7,16,6,2,0,6,0,7,0,15,8,2,13,12,8,2,9,3,6,14,8,26,0,14,10,17,3,8,0,5,13,4,8,18,2,11,20,4,12,6,11,3,10,7,4,29,4,2,41,0,3,29,2,0,5,16,4,1,3,2,0,7,2,4,0,34,4,0,6,0,15,38,5,72,4,3,2,14,9,12,1,5,4,0,2,35,9,26,7,2,14,8,21,0,32,19,4,1,64,5,8,5,3,4,2,12,29,5,34,6,0,2,1,14,7,16,4,7,5,3,3,21,5,6,12,0,8,0,2,6,7,5,0,16,5,14,21,4,2,2,3,0,4,25,9,6,14,9,10,5,0,31,2,1,10,12,3,3,2,2,2,8,0,53,0,19,2,10,23,0,9,6,2,8,4,5,4,117,18,3,17,1,0,5,0,9,4,16,15,19,18,3,46,15,0,0,8,3,4,17,19,51,1,3,0,10,7,4,7,6,9,2,10
ERR911958,enx,6,6,6,2,2,8,0,3,5,0,6,13,3,12,18,2,8,0,0,1,12,5,3,0,1,0,3,1,0,12,3,2,8,3,3,2,5,7,9,3,12,3,32,5,2,15,22,0,3,3,0,11,1,2,14,4,2,1,0,20,1,11,5,2,0,1,4,4,7,3,0,4,0,11,2,9,0,2,2,5,0,2,21,3,22,11,3,10,1,4,19,6,1,6,1,5,3,1,1,3,1,3,2,4,1,16,0,1,0,3,12,14,2,5,2,6,21,4,5,5,0,8,3,5,14,2,12,16,0,0,3,4,19,0,0,0,2,8,0,0,0,0,0,0,63,3,0,13,0,2,1,0,2,11,0,7,0,0,2,3,0,1,1,7,3,15,2,1,3,4,3,1,0,0,0,7,5,111,0,3,5,4,2,25,3,23,0,8,5,17,13,8,56,1,14,23,31,0,10,11,1,0,2,0,0,1,1,5,3,22,3,9,4,3,4,6,4,0,4,2,0,8,5,5,17,3,3,5,1,4,1,3,9,7,9,0,1,3,0,1,4,0,2,2,2,1,7,25,7,12,6,3,3,0,2,0,0,14,5,14,20,6,4,5,10,5,4,1,9,0,2,8,8,13,20,2,6,0,1,15,3,9,0,10,1,19,6,9,8,0,6,3,6,7,18,11,15,26,4,0,3,0,7,0,25,5,0,0,45,17,1,8,2,0,11,0,5,1,7,3,11,4,3,6,1,0,16,7,0,0,44,1,0,14,5,3,1,4,0,8,2,12,13,4,12,11,8,3,0,16,1,1,18,2,14,8,0,0,10,0,53,6,1,99,12,6,3,2,7,5,20,0,11,25,0,25,3,1,6,3,0,2,4,6,6,2,27,94,26,21,1,12,2,13,0,29,3,94,0,52,4,50,4,8,12,37,5,90,0,51,4,8,2,13,14,12,17,7,19,2,20,50,10,16,0,10,2,3,2,0,6,14,3,16,117,0,17,5,1,8,1,1,5,3,5,0,5,1,0,1,0,2,14,0,4,2,6,24,2,10,4,7,4,7,33,11,0,1,41,11,20,6,12,0,6,0,11,0,4,2,3,1,23,3,0,0,2,15,0,4,3,3,1,0,0,3,1,0,4,8,4,0,8,29,16,0,3,1,0,5,4,3,18,6,1,8,3,3,3,9,27,5,5,27,69,11,0,2,22,0,0,6,6,5,3,0,7,19,5,3,11,3,5,5,2,38,6,9,40,3,1,1,1,21,13,4,5,26,4,6,4,10,1,9,3,6,8,5,7,12,5,3,2,7,17,5,13,27,0,4,2,16,8,4,4,0,0,45,64,19,1,5,16,26,0,2,12,0,0,0,7,0,4,0,9,11,0,3,18,2,0,8,0,2,1,12,30,2,16,0,2,12,21,0,0,2,0,2,3,4,10,3,24,0,0,7,0,2,14,1,11,9,11,12,26,0,79,9,2,4,7,5,1,5,0,1,6,0,1,2,2,4,11,4,3,16,8,25,3,8,1,3,9,5,3,3,8,1,6,1,0,6,6,0,3,14,11,1,29,6,1,3,0,6,4,1,3,3,1,2,2,9,2,2,2,0,1,1,26,2,9,2,0,1,7,3,13,0,10,7,6,2,2,4,2,4,1,5,0,11,30,4,5,1,2,0,5,0,8,0,2,13,4,9,0,0,2,0,2,0,0,4,2,3,6,4,0,0,7,0,11,1,2,2,0,0,9,3,20,10,4,7,10,18,0,10,0,2,1,0,2,6,0,0,13,16,9,22,2,0,8,64,0,2,9,10,59,0,0,0,0,3,0,0,1,0,0,1
ERR911962,enx,0,2,37,9,1,1,0,22,20,0,4,0,4,54,6,0,3,30,10,0,1,1,9,0,4,0,20,0,1,7,6,1,0,26,2,0,0,2,4,0,20,14,22,2,0,19,2,0,0,6,3,14,5,0,7,2,2,12,0,7,10,1,2,2,4,0,5,0,5,3,0,1,0,16,0,59,19,0,3,3,0,2,50,1,0,36,6,0,2,2,11,11,1,1,1,13,1,1,0,2,4,7,2,0,1,0,0,1,18,6,0,1,0,0,0,0,15,0,9,1,18,46,0,0,25,8,351,15,0,0,2,7,11,0,23,10,8,17,44,0,0,5,16,2,3,5,10,0,3,0,2,0,10,35,5,2,0,3,0,0,3,0,1,0,0,62,28,1,10,6,4,25,9,5,1,5,0,23,0,1,0,0,13,9,6,0,5,3,0,0,25,3,50,0,0,10,44,0,3,44,1,0,2,0,10,0,25,5,4,6,33,17,2,2,12,5,0,11,1,2,18,12,8,0,0,2,1,0,2,4,1,4,8,5,34,0,1,3,0,2,0,0,0,8,17,4,0,5,0,6,28,8,1,6,2,4,0,1,61,2,8,2,0,2,1,0,1,0,4,0,19,0,1,14,2,0,2,6,0,14,2,4,0,19,5,10,1,3,0,1,4,30,4,2,64,6,4,4,2,0,0,13,16,0,1,6,25,3,7,12,1,0,1,6,0,5,0,0,0,1,4,0,1,0,0,4,1,2,1,2,12,6,0,0,4,13,0,0,0,9,1,15,3,27,2,10,2,1,0,24,1,0,35,2,10,0,3,0,6,0,3,1,5,20,15,8,11,0,5,8,0,24,8,7,1,7,0,1,0,8,10,1,1,2,0,1,10,4,0,0,0,36,6,7,0,12,0,8,0,23,14,57,7,4,3,18,0,49,7,11,11,0,1,0,2,32,1,0,31,4,1,9,45,2,0,2,3,2,3,2,6,4,7,4,24,0,16,0,0,0,1,0,2,60,7,31,0,0,8,6,0,22,5,0,0,0,0,5,1,2,0,6,3,0,33,8,6,1,2,6,7,15,14,1,1,6,0,9,2,4,0,8,10,0,0,0,2,4,0,0,14,2,0,2,0,11,3,0,37,6,4,6,2,15,0,0,0,0,3,16,0,3,24,5,2,7,2,7,4,9,5,2,8,12,6,7,2,0,2,0,0,8,0,0,7,6,0,13,0,26,1,4,0,0,0,0,0,0,12,11,3,1,2,0,8,9,0,0,5,0,3,3,3,0,18,0,21,2,4,0,8,0,2,1,0,10,0,3,0,4,17,4,0,0,0,0,2,4,11,9,8,0,22,12,0,0,0,3,0,6,1,0,2,0,2,3,0,0,0,5,0,6,0,2,1,2,7,9,0,6,4,0,0,0,7,7,0,3,7,2,8,2,1,23,3,5,0,16,0,0,11,3,0,11,21,0,8,0,0,0,0,12,2,9,0,0,5,0,2,3,0,1,0,1,0,6,6,3,0,0,1,4,3,2,3,0,0,1,6,12,73,3,7,0,7,1,0,17,0,18,27,2,0,42,4,1,0,2,0,1,2,4,3,6,0,6,0,9,2,1,0,0,0,12,8,18,11,0,5,13,0,3,0,6,6,0,3,0,0,4,7,4,0,2,0,5,3,0,0,11,0,0,15,0,1,0,13,2,1,3,0,0,1,0,1,0,13,9,1,0,19,1,0,2,0,0,0,5,16,0,3,1,87,6,4,2,4,0,9,0,7,3,8,1,12,9,0,17,11,0,0,2,0,3,0,7,0,3,0,2,15,0,0,4,5,4,6,17
ERR911970,enx,0,0,12,8,0,0,0,112,83,9,11,0,2,71,13,0,2,7,42,1,2,1,8,1,32,3,54,2,3,6,12,4,1,73,2,1,5,5,3,1,48,88,7,10,0,3,3,1,0,18,4,25,2,1,5,6,4,39,4,5,35,2,1,1,8,0,23,0,4,10,0,2,0,16,0,3,9,5,4,4,12,4,250,0,5,99,8,5,4,4,10,20,1,3,1,8,1,2,3,4,0,18,11,1,0,24,20,0,6,11,0,3,1,0,2,0,2,12,35,3,40,79,1,0,42,28,291,6,2,21,0,17,10,2,51,58,19,38,113,10,5,2,0,0,19,49,22,2,4,2,9,0,60,89,26,4,0,3,2,0,72,0,1,1,2,210,32,1,50,4,0,39,4,9,1,9,0,74,5,3,1,5,32,26,34,2,14,2,0,0,63,3,56,2,2,7,70,34,0,46,2,3,2,0,4,13,39,8,38,11,14,23,3,1,16,6,1,27,2,3,26,33,6,0,12,1,3,0,2,40,1,8,8,25,6,14,2,0,1,1,23,3,3,2,34,8,0,29,0,12,88,15,0,47,10,6,1,1,39,7,29,1,1,2,3,5,3,1,6,0,73,0,1,23,0,24,4,41,0,23,3,2,3,5,4,44,5,1,3,0,7,58,6,10,48,6,3,4,2,23,0,22,45,0,9,3,101,1,15,18,2,0,5,7,0,7,0,1,0,0,3,0,2,2,1,34,5,0,2,0,19,8,1,2,3,37,0,3,0,2,0,30,1,8,4,30,2,1,0,53,7,1,47,1,4,2,13,7,146,0,4,1,20,15,26,19,2,1,37,26,2,59,34,8,0,16,7,1,3,15,7,8,0,3,0,6,3,23,5,0,0,20,28,7,6,13,0,14,6,29,35,133,36,3,4,20,4,186,41,0,55,0,2,0,0,110,3,1,43,14,9,5,47,4,3,6,3,4,29,7,26,0,5,18,17,1,8,1,9,37,9,16,0,88,15,26,0,1,22,18,0,8,19,31,3,1,0,26,17,2,34,12,5,4,24,59,7,19,6,19,11,33,31,0,1,65,2,19,8,10,1,23,14,1,0,0,2,6,1,1,43,42,1,2,0,4,1,0,169,4,0,7,3,6,1,0,4,0,1,52,1,7,51,8,18,32,14,34,3,4,10,7,19,26,11,13,9,7,2,68,0,11,1,3,3,18,28,39,21,37,1,10,0,1,0,0,3,8,37,15,3,2,1,3,5,16,0,1,1,1,0,1,6,4,17,0,30,0,2,3,22,2,2,3,36,23,3,1,0,3,79,10,0,0,1,26,0,7,13,7,17,0,58,9,0,2,10,8,0,0,5,4,8,1,2,7,2,1,2,0,0,2,3,2,25,5,8,0,0,0,1,0,6,3,26,9,2,2,48,3,6,55,2,42,7,8,13,27,5,18,57,4,0,62,4,0,0,2,1,4,0,11,2,19,0,1,1,4,0,3,3,1,0,1,0,3,4,4,0,1,13,0,3,3,7,1,4,2,6,16,66,7,18,1,34,3,3,76,0,64,40,1,0,158,3,1,0,3,0,2,3,2,2,51,2,0,1,8,5,26,0,3,0,19,14,26,10,20,4,36,0,3,0,10,27,4,16,0,18,2,0,1,0,1,1,1,0,0,0,6,3,1,2,2,27,4,35,7,3,68,8,2,1,1,9,2,1,22,8,1,26,1,10,24,0,22,0,0,3,1,20,4,322,8,18,11,5,2,26,0,15,2,6,2,37,4,0,9,21,0,0,5,0,1,0,4,3,2,2,2,22,17,1,25,13,4,10,38
ERR911972,enx,1,0,3,5,9,1,2,59,66,4,6,6,4,37,59,1,4,17,7,1,10,2,11,0,22,0,35,1,10,12,8,3,1,22,4,6,0,5,4,0,30,32,7,13,6,14,8,5,1,17,9,20,2,1,4,4,5,13,4,3,15,3,3,2,0,1,9,1,5,2,3,2,0,18,2,0,8,5,1,4,7,1,113,0,8,42,9,3,2,6,23,17,5,10,2,8,2,1,0,0,0,15,2,2,1,34,6,3,6,17,0,6,4,0,2,5,27,8,7,4,7,46,2,16,40,21,69,33,2,8,4,7,12,8,14,33,12,28,28,6,6,3,61,2,16,18,9,0,6,1,7,0,62,86,24,2,0,0,3,4,19,2,2,5,2,155,13,5,30,8,2,28,5,6,1,14,8,76,3,3,0,2,8,32,9,7,1,6,0,11,10,7,39,3,21,5,35,17,5,37,0,3,3,0,5,4,21,20,27,19,0,7,3,1,6,11,2,33,1,1,20,14,4,1,16,1,1,2,5,31,3,4,3,29,2,5,2,0,1,3,17,5,1,4,20,9,0,20,0,5,77,8,1,35,9,2,3,8,22,14,13,4,0,3,1,7,2,3,6,21,45,6,4,12,2,21,5,22,0,10,2,10,2,7,4,19,3,3,3,0,20,26,5,17,39,6,5,12,4,9,2,5,21,5,14,4,42,2,18,16,0,0,0,2,3,4,6,1,5,1,6,1,3,3,0,16,9,1,2,0,14,4,6,2,4,19,3,1,1,2,1,19,10,12,9,18,5,0,0,59,8,1,32,2,7,5,4,18,86,3,2,1,10,38,15,29,3,2,21,14,2,38,17,23,0,22,4,1,9,9,5,5,3,3,0,4,10,11,2,5,0,11,9,0,0,32,2,37,0,26,22,131,17,3,7,35,4,171,15,19,11,3,3,8,0,62,9,2,30,6,13,7,14,1,7,5,1,11,4,4,17,2,6,6,33,0,21,0,4,10,4,0,2,42,11,13,1,1,21,11,2,4,19,15,9,1,9,29,7,2,22,5,6,5,19,33,6,12,13,12,15,39,11,0,1,43,5,2,4,28,1,13,28,1,0,0,4,5,1,1,26,16,3,2,3,5,5,2,99,9,2,2,4,23,0,0,2,1,1,22,0,21,33,9,3,22,5,12,1,10,23,7,5,26,19,11,6,10,7,14,8,7,1,5,3,21,15,29,15,13,3,11,1,1,4,29,6,0,32,6,6,2,2,5,8,7,4,2,5,5,6,2,3,3,20,0,14,1,2,3,19,3,3,1,16,23,0,3,3,10,23,8,0,0,6,8,0,8,16,2,12,0,7,19,0,2,5,14,3,2,6,7,6,1,0,14,0,1,8,2,0,13,7,2,10,2,7,2,8,3,9,0,19,2,5,7,2,6,16,3,5,36,5,28,7,9,5,24,22,4,24,8,5,35,7,0,6,3,1,1,2,2,8,19,2,1,7,7,1,0,11,4,2,3,11,12,3,8,0,1,5,2,7,3,4,4,3,4,0,13,26,7,17,0,22,7,6,29,6,31,25,1,5,118,2,2,0,3,0,1,7,20,2,28,1,0,3,3,12,9,6,3,0,11,8,9,6,19,2,10,4,4,1,7,13,15,11,2,6,7,4,7,2,1,0,0,2,0,40,3,0,13,16,4,9,4,30,0,2,11,11,1,1,0,2,10,1,11,8,1,20,2,6,9,7,2,3,2,7,1,13,4,118,12,13,8,11,4,17,2,10,3,4,3,18,7,3,27,12,0,4,3,0,1,5,4,20,5,0,2,17,9,0,17,15,2,2,14
ERR911978,enx,5,1,13,4,2,2,0,66,83,3,3,6,11,36,13,1,1,8,12,1,4,3,4,0,33,16,54,1,5,4,2,1,2,61,1,4,11,4,8,0,46,83,28,8,7,6,27,1,4,11,4,39,7,1,14,9,0,57,3,9,15,4,0,0,6,4,10,3,3,0,0,0,0,15,0,13,6,13,7,5,3,3,106,1,16,72,2,2,8,1,21,13,2,0,0,1,3,4,0,2,1,10,0,0,0,7,7,4,0,6,4,6,2,5,0,5,3,3,12,5,24,63,1,8,47,29,87,4,2,0,6,11,19,4,3,51,11,7,45,4,0,20,0,3,61,82,42,4,1,0,3,6,63,98,2,0,2,0,5,0,48,5,0,0,0,111,35,1,26,6,2,36,3,4,1,6,3,73,6,1,0,2,44,22,14,0,27,6,2,3,24,6,44,1,13,9,49,24,4,19,2,3,0,16,0,6,15,20,12,14,18,29,0,1,47,17,2,16,1,1,43,16,4,12,4,4,2,0,8,18,4,4,13,7,2,7,8,10,1,2,5,7,0,2,40,5,0,24,5,21,29,0,2,12,9,9,0,0,28,4,12,1,3,5,2,5,2,1,8,0,34,0,4,7,20,17,6,22,4,28,9,3,3,5,21,17,0,1,3,1,12,28,7,7,53,10,0,15,0,11,7,25,49,2,19,21,76,1,25,28,4,0,1,5,5,15,3,1,9,0,9,3,1,4,0,19,8,2,0,0,14,28,1,1,5,27,3,2,2,3,0,12,4,2,9,20,10,2,0,43,3,3,33,0,3,7,7,5,157,0,5,3,28,31,22,23,6,0,13,14,2,49,17,6,0,5,5,0,11,26,4,8,3,3,0,2,11,17,5,4,0,6,22,12,6,69,0,18,13,27,27,102,18,3,21,12,6,256,36,36,34,5,3,7,9,103,6,2,33,5,15,14,12,3,0,4,4,8,17,3,17,1,5,13,41,1,14,6,0,8,4,0,0,23,2,20,3,1,19,17,10,8,9,25,0,0,0,14,25,3,11,3,2,2,26,29,3,17,9,10,9,21,12,1,2,37,7,40,3,15,6,10,8,6,9,3,2,3,1,7,28,18,2,6,5,4,1,2,110,18,0,7,2,14,0,2,4,2,1,3,3,6,38,2,6,49,4,6,11,4,23,1,29,24,17,7,1,1,5,25,2,4,0,1,18,23,18,37,32,76,0,4,2,0,15,12,14,9,31,21,4,2,3,0,11,6,2,2,1,0,3,0,7,6,6,11,7,2,0,0,14,1,15,0,58,3,0,3,0,6,15,23,5,3,0,0,5,6,20,12,19,0,50,21,2,3,15,6,2,0,7,7,8,5,8,9,0,3,7,0,0,7,7,0,8,0,46,4,3,12,17,2,12,2,10,6,3,7,17,7,10,4,4,67,7,3,8,34,2,9,18,4,21,0,17,6,16,1,0,0,7,9,0,0,3,6,2,0,0,0,3,6,4,4,11,1,1,1,10,2,17,0,8,4,7,2,2,1,0,22,50,12,17,0,6,3,4,44,22,33,42,1,0,47,7,0,2,5,1,3,2,7,2,16,0,0,1,17,10,12,0,5,2,22,8,18,8,5,0,44,3,8,2,3,26,2,12,5,12,4,2,6,2,1,0,1,3,3,49,5,5,6,12,4,6,0,34,0,2,32,0,1,1,0,2,0,3,0,17,0,21,1,14,7,1,10,7,0,3,2,8,7,154,5,2,4,5,16,4,0,19,2,18,2,22,12,0,14,23,7,4,8,17,4,0,6,15,1,0,0,29,9,6,9,9,14,0,36
ERR911988,enx,1,1,15,1,1,1,1,27,20,1,9,6,9,26,14,4,1,31,4,1,5,1,9,1,7,3,13,0,2,3,6,1,5,21,2,8,7,3,17,0,30,9,11,1,12,11,16,0,1,7,4,14,10,1,5,3,7,12,7,0,3,2,5,1,0,1,7,1,6,6,3,4,0,8,2,11,25,2,4,10,10,6,76,1,45,25,3,8,6,2,6,12,1,1,1,4,5,5,2,0,1,4,8,1,1,3,2,1,6,0,0,9,1,2,2,2,6,2,17,4,0,16,7,12,18,6,183,14,7,0,0,14,16,0,13,7,18,17,52,0,2,4,16,2,19,8,2,0,5,2,4,6,40,43,16,13,3,0,5,2,9,1,1,3,0,43,13,0,10,4,0,6,2,3,0,10,4,150,4,2,0,6,3,6,13,6,10,5,3,10,6,5,118,5,5,5,52,7,2,24,2,0,0,5,2,4,11,5,8,11,5,4,2,1,2,2,2,17,1,3,6,6,5,1,18,1,2,0,12,14,1,3,4,3,12,3,5,3,0,1,5,6,10,5,19,2,2,7,0,1,42,8,3,8,3,12,0,6,24,23,5,3,6,3,1,3,2,2,14,0,10,0,2,26,7,5,13,3,1,17,2,3,0,6,2,15,5,4,0,1,5,18,4,4,34,7,4,22,1,8,4,5,7,2,20,10,18,2,27,29,3,0,3,15,5,5,3,1,6,1,2,1,1,4,1,9,19,6,0,2,17,2,0,6,0,5,1,0,4,3,1,19,4,12,5,20,5,2,6,44,1,3,20,1,8,9,3,7,25,3,8,2,2,73,12,7,3,8,18,9,2,15,11,9,1,5,6,0,8,3,11,1,3,2,4,4,20,15,26,16,1,26,5,18,6,73,0,22,13,32,6,62,7,1,21,27,4,91,7,28,12,3,2,7,0,66,9,3,18,10,11,18,21,2,2,10,1,4,3,1,6,5,1,33,40,1,31,9,2,13,6,1,3,44,1,0,3,1,4,4,0,6,5,4,3,1,3,20,7,4,4,25,1,5,46,11,3,3,12,13,19,2,21,4,2,13,7,0,2,2,3,1,11,2,4,2,2,26,1,9,24,5,5,4,0,9,3,2,53,24,4,0,8,28,11,3,0,1,1,7,2,10,11,25,4,8,2,8,7,5,21,10,0,8,27,7,2,2,5,16,2,9,3,6,5,7,14,23,12,3,1,2,1,0,5,18,4,9,28,10,0,1,1,3,12,9,1,6,2,2,3,8,1,6,9,13,4,0,5,1,31,2,11,3,14,7,2,3,3,7,28,11,1,2,2,24,0,10,41,15,2,0,7,7,12,2,4,7,10,0,9,0,3,1,5,8,2,6,2,4,7,3,11,0,5,7,28,0,6,3,16,4,15,1,8,4,3,3,2,2,10,13,1,6,0,10,5,13,2,3,16,4,3,4,21,0,108,4,1,0,4,0,8,2,1,2,3,0,0,4,2,2,7,2,0,2,2,7,14,3,3,2,9,6,0,1,10,3,0,3,12,8,2,2,30,3,3,23,6,15,14,3,3,33,2,3,12,2,4,0,12,14,3,21,0,3,1,1,19,5,4,1,0,4,2,3,15,13,2,6,7,2,1,9,15,2,5,4,5,0,4,4,4,1,2,1,0,1,26,16,0,20,2,2,2,0,9,15,1,13,12,6,3,0,1,0,2,3,24,1,15,2,4,3,0,4,3,1,4,2,7,4,143,16,2,7,6,5,4,0,9,0,16,0,7,4,11,18,8,0,0,21,10,1,5,10,8,1,0,3,8,8,3,6,7,4,1,6
ERR912020,enx,3,6,7,10,0,5,3,32,9,1,18,10,3,38,40,9,8,0,3,7,24,1,9,1,6,0,16,3,3,16,10,9,2,21,2,7,6,6,37,5,15,24,17,5,2,40,30,1,1,16,1,29,3,1,34,6,4,7,0,13,2,3,7,3,0,6,24,8,8,7,2,6,0,12,7,11,14,0,6,20,3,4,39,2,33,21,6,6,3,26,20,19,3,7,3,2,0,6,0,7,2,12,5,13,1,30,2,2,0,5,3,23,4,2,2,4,36,6,6,3,4,24,9,9,23,0,194,36,0,0,6,4,19,6,4,35,11,15,53,6,0,11,39,4,29,19,3,10,1,14,6,8,33,33,19,0,0,3,25,8,53,8,13,2,0,56,8,1,11,2,15,20,12,1,9,17,23,155,0,3,1,5,5,19,13,16,3,11,7,10,4,13,55,6,8,14,15,8,20,15,0,5,4,4,3,6,17,0,13,39,11,13,4,4,3,12,5,6,7,3,4,9,3,0,42,8,1,5,2,11,6,23,16,9,13,3,8,5,2,11,8,4,1,5,10,6,5,23,0,3,18,5,3,24,4,6,0,13,11,29,9,3,12,4,5,14,6,5,37,0,18,11,13,37,17,13,5,10,1,19,17,9,3,9,7,7,4,10,6,1,15,18,11,22,31,6,4,26,7,7,17,1,9,2,26,9,13,1,121,57,0,8,4,3,3,0,0,3,5,1,9,8,14,10,2,4,35,3,2,2,36,0,1,23,9,15,1,6,2,6,1,17,13,8,9,17,22,3,0,46,8,1,33,1,24,13,2,5,35,4,5,4,1,96,18,11,9,7,15,12,18,19,17,25,0,15,1,1,6,7,9,2,5,4,2,5,35,22,7,12,4,6,6,13,0,14,0,32,38,38,22,64,23,11,10,57,8,78,11,20,12,6,9,0,21,57,14,8,30,5,21,33,14,13,6,6,0,4,11,1,14,5,5,12,55,3,81,5,2,14,5,7,0,32,1,4,3,1,7,5,0,9,11,6,5,2,1,26,3,10,14,8,7,4,30,31,7,4,6,21,38,26,26,2,3,18,11,0,5,9,6,6,25,0,0,2,1,9,1,2,7,15,10,3,2,4,26,2,44,22,6,0,5,39,1,5,1,1,1,11,4,9,17,3,2,16,2,5,2,6,27,14,3,23,28,27,5,2,6,7,0,14,2,8,3,19,0,29,15,22,0,10,2,1,6,19,15,10,41,8,4,6,9,11,14,6,7,0,22,11,4,6,3,11,4,59,22,4,7,8,20,9,6,13,3,11,7,0,1,1,5,29,2,7,1,0,5,29,46,37,5,1,6,3,5,5,23,4,4,3,5,7,26,1,14,11,0,10,7,8,12,27,5,4,9,10,80,5,12,3,29,8,26,2,4,9,3,3,6,3,11,24,10,0,16,6,4,8,7,18,40,13,4,4,29,0,54,6,1,1,0,19,2,8,1,6,24,6,0,3,14,3,8,3,0,10,10,24,18,1,3,10,16,11,12,6,22,3,4,4,11,3,22,6,2,13,13,12,28,23,10,5,1,31,15,1,5,4,4,4,2,12,5,15,0,11,2,0,20,5,0,5,0,3,7,2,21,11,4,8,0,19,3,11,4,9,12,3,4,4,9,7,3,2,1,1,3,3,47,2,17,23,7,11,3,0,21,0,0,17,7,6,2,1,17,9,3,0,24,19,20,2,11,10,14,2,9,1,17,18,6,17,59,25,5,23,8,10,4,0,8,9,8,0,12,15,14,24,16,35,0,0,5,7,20,3,19,1,0,4,6,3,0,4,11,5,0,8
ERR912041,enx,4,7,14,5,3,6,0,76,53,4,7,2,3,39,13,1,16,13,13,0,23,2,11,1,18,3,11,5,3,22,8,2,5,41,20,8,5,13,12,5,30,27,13,17,8,17,8,3,0,13,7,7,6,2,18,5,11,10,4,7,10,6,14,5,11,2,22,1,17,4,0,4,2,19,7,0,23,4,8,16,3,4,127,3,0,43,22,3,2,6,102,24,6,25,1,4,3,8,2,0,1,23,10,3,4,37,12,1,6,4,2,28,6,5,0,8,64,15,29,11,2,46,7,5,64,5,99,69,0,0,5,11,22,9,9,14,13,14,64,3,2,5,0,10,39,26,5,0,2,1,14,0,51,65,11,1,0,0,3,7,51,0,0,4,2,160,7,10,18,5,8,17,3,6,1,5,24,189,11,6,0,2,2,61,5,7,7,15,0,6,18,9,58,2,20,6,25,25,31,25,1,4,8,0,5,8,25,12,8,26,10,16,14,2,5,11,3,22,6,3,6,13,25,12,12,2,1,0,12,37,3,1,14,13,14,12,5,0,5,7,26,5,10,10,15,3,0,41,0,3,55,21,0,0,5,5,9,5,23,11,15,8,6,2,6,20,0,0,6,58,42,15,4,21,9,17,9,17,0,18,2,16,2,20,3,50,5,12,3,1,39,29,9,20,52,15,11,27,11,31,14,3,16,16,24,8,41,3,87,44,2,3,0,6,11,12,0,2,10,2,3,3,1,2,1,15,34,2,6,2,51,6,12,5,3,23,9,4,0,7,3,21,10,10,5,21,13,2,8,51,8,5,47,4,16,22,9,36,88,0,2,4,10,89,6,24,3,7,27,18,5,36,32,40,1,30,9,3,3,10,12,1,3,8,1,4,30,8,14,4,0,16,12,18,6,31,0,10,0,22,28,205,12,12,10,114,8,131,14,46,45,3,2,5,0,58,13,2,20,8,29,19,67,5,10,14,3,4,14,0,14,0,14,32,69,4,70,8,0,71,4,1,3,54,3,5,8,5,8,8,10,3,15,20,10,8,2,6,5,5,9,4,11,3,28,38,6,16,7,34,15,37,7,0,5,47,0,13,13,17,1,7,34,6,1,4,4,7,1,3,29,25,2,7,0,4,6,2,104,19,5,1,21,40,1,3,0,1,3,15,1,10,32,6,3,18,7,7,3,10,65,6,6,39,32,12,2,7,1,30,0,22,3,1,5,20,36,38,25,12,2,12,2,5,13,0,4,7,42,4,1,3,1,4,7,9,6,2,6,4,14,6,1,10,2,23,46,4,1,6,31,3,15,7,33,30,2,3,1,1,17,10,4,0,3,8,4,41,64,3,5,1,9,7,0,15,5,7,24,2,4,16,5,0,10,0,0,1,46,7,2,21,5,8,11,9,34,3,16,0,12,2,56,4,5,12,3,3,33,6,4,24,7,4,10,2,13,19,7,37,14,25,11,4,112,4,19,16,1,4,3,7,7,7,1,1,21,8,16,17,10,5,6,6,52,23,11,8,0,2,12,12,29,2,10,16,11,5,13,3,14,5,16,4,23,13,14,41,0,52,11,15,25,50,18,2,0,16,2,6,4,14,0,46,2,4,9,4,23,15,18,2,0,8,7,9,15,9,9,11,3,11,1,12,7,17,3,6,20,20,2,17,5,7,7,0,6,0,33,5,6,9,23,6,11,2,21,1,2,47,17,4,2,0,4,26,1,6,2,2,14,3,21,12,13,7,6,10,15,3,14,11,128,35,9,15,11,8,9,5,13,3,9,7,13,7,3,63,17,4,5,10,0,1,3,2,0,3,0,3,8,18,1,7,16,9,1,15
ERR912044,enx,1,7,5,4,3,1,7,37,15,1,10,12,7,29,11,0,5,0,3,0,4,2,4,0,7,0,5,2,1,21,2,3,3,8,6,23,27,8,11,3,23,7,11,7,0,9,15,0,5,6,1,17,1,0,21,2,3,2,0,28,4,0,6,5,0,0,9,1,14,10,0,3,0,7,0,14,20,2,18,16,11,1,8,1,42,13,22,3,2,12,34,7,2,11,3,3,7,2,0,2,3,2,5,0,3,5,4,4,0,4,11,8,2,6,0,15,19,11,6,3,2,14,1,68,12,2,34,17,2,9,12,2,20,0,3,8,4,11,22,0,0,2,0,0,13,18,2,0,5,1,12,6,17,16,31,1,0,12,9,6,54,11,2,3,0,14,0,1,12,11,2,5,0,2,2,6,8,51,2,6,2,11,2,51,2,5,10,5,19,39,11,16,59,3,22,5,24,12,10,8,3,19,3,0,3,12,5,5,9,33,2,12,4,3,2,11,3,3,2,3,5,10,3,16,15,0,5,3,5,17,1,6,14,21,3,6,3,0,3,4,5,4,4,2,7,0,1,26,0,1,16,12,1,0,2,2,0,6,14,5,7,8,10,5,6,7,12,1,9,0,29,0,2,27,24,25,13,5,0,17,16,5,2,1,2,22,1,8,3,1,8,8,10,9,16,13,3,32,4,4,11,2,7,15,34,11,13,0,37,11,0,6,1,2,7,5,3,3,17,2,27,4,9,6,0,3,22,5,0,2,18,14,1,12,7,9,5,9,0,12,3,16,2,3,10,7,5,3,2,68,1,1,17,1,15,5,4,13,28,9,18,5,0,72,18,2,23,5,4,10,3,10,5,29,0,23,1,4,2,5,0,2,3,4,0,2,46,29,7,34,0,21,3,30,41,26,0,0,44,27,5,46,6,9,21,53,14,83,5,48,14,0,14,20,2,24,13,9,6,4,19,27,18,1,8,11,0,4,3,1,7,11,2,13,51,2,58,2,2,6,0,1,22,10,0,2,1,2,3,3,0,4,39,5,0,2,4,25,2,9,10,14,6,9,24,25,0,3,11,15,14,4,7,3,3,10,13,0,5,3,1,2,41,0,0,0,0,12,0,10,14,15,6,6,6,2,2,0,18,15,2,2,5,26,0,0,0,0,0,5,0,6,5,6,4,4,4,0,5,6,29,5,2,32,12,10,2,0,5,16,0,4,2,13,16,3,7,17,32,5,0,5,8,0,2,8,14,15,41,4,4,2,1,6,11,7,16,2,4,3,2,4,1,6,2,16,19,13,3,6,7,2,20,11,27,10,7,3,1,11,7,14,13,19,1,10,4,26,37,12,3,0,4,15,2,13,2,1,4,5,6,4,4,5,13,18,0,2,14,2,2,15,0,5,6,9,39,5,16,0,30,5,6,0,0,3,17,15,9,7,4,6,1,0,7,9,5,5,0,6,22,8,15,4,36,2,37,2,2,3,24,16,2,12,2,7,6,2,0,2,14,8,2,2,16,2,0,15,11,8,3,12,10,0,18,3,5,3,12,2,6,16,13,2,8,9,15,12,19,29,3,9,3,14,7,4,1,0,2,1,7,45,5,9,1,3,0,3,21,3,16,8,11,6,6,5,11,5,6,11,0,7,5,6,6,11,2,3,5,20,7,9,11,3,2,10,10,8,5,4,5,20,2,7,5,0,5,0,4,12,2,8,9,4,5,6,5,2,52,3,9,4,6,2,7,1,14,2,10,10,5,17,66,28,0,12,2,0,1,1,2,4,4,0,6,27,3,21,3,0,0,5,0,4,5,8,19,0,0,3,4,9,1,2,4,1,1,3
ERR912049,enx,4,1,4,2,4,5,1,9,12,0,2,6,14,26,11,2,3,52,2,2,21,0,26,3,3,0,6,5,0,27,15,4,3,8,10,22,2,10,12,2,2,3,21,5,5,9,16,3,4,7,1,0,2,1,10,15,2,3,2,17,0,8,9,3,4,2,16,6,38,5,10,4,1,4,16,8,16,0,4,36,0,6,59,1,17,7,5,7,1,9,62,25,5,9,0,1,1,3,0,3,1,6,0,12,6,14,0,2,0,0,3,12,3,6,15,6,30,3,11,8,4,19,2,0,28,4,30,47,0,11,4,2,15,3,1,10,4,3,43,4,0,13,28,7,28,15,0,0,0,1,12,1,17,36,8,18,0,0,0,6,16,1,3,11,0,2,0,1,3,16,16,7,3,0,17,3,6,100,0,5,1,6,0,13,2,8,4,14,5,26,4,5,41,4,34,5,5,0,8,31,1,4,6,0,31,3,3,0,3,18,0,11,5,1,13,6,5,4,1,1,31,12,13,0,16,14,6,3,4,3,11,5,4,2,2,2,5,3,0,9,3,3,6,0,15,1,2,26,0,2,18,16,4,6,3,0,9,12,18,17,5,3,4,1,2,16,2,4,14,7,16,15,4,37,8,3,6,4,1,24,9,84,2,7,1,12,3,8,8,0,13,5,5,10,11,9,45,22,8,2,8,0,8,4,43,2,0,7,78,21,1,8,0,0,21,2,10,5,12,7,3,5,4,9,5,2,24,2,6,5,29,2,14,13,6,8,7,5,0,9,3,24,16,3,21,17,10,5,0,44,2,5,23,9,14,16,0,11,32,0,5,8,10,91,7,3,8,5,9,10,26,14,3,22,0,33,6,3,10,4,24,1,9,8,4,2,25,56,13,16,1,7,2,4,0,0,1,4,0,43,10,72,5,7,8,55,2,97,4,58,45,6,2,36,4,18,17,7,17,4,12,28,19,0,20,12,7,1,19,4,6,6,22,7,72,0,66,2,2,20,3,1,14,4,1,2,1,5,3,0,10,17,9,1,8,2,6,25,0,9,0,4,10,15,31,41,13,2,19,17,57,33,16,0,8,5,6,0,19,7,1,4,44,0,0,10,10,9,0,8,7,0,13,2,0,5,13,5,8,10,7,0,29,60,2,11,0,0,5,15,1,14,17,3,2,5,2,3,0,14,13,5,0,12,19,3,17,1,7,13,2,17,8,15,17,3,9,36,12,0,0,3,5,1,7,85,8,3,58,0,11,9,5,0,24,17,9,5,5,10,1,2,0,17,2,47,18,1,1,6,9,4,4,11,0,6,0,8,5,2,2,10,0,0,1,0,2,43,48,15,5,0,2,20,9,5,0,1,8,11,2,7,21,1,9,20,2,0,0,7,0,22,0,1,2,18,64,138,7,3,16,3,36,0,1,3,3,7,4,4,9,4,6,0,2,4,2,2,0,5,19,9,4,4,55,0,64,5,3,3,0,6,4,15,0,2,16,3,16,5,14,1,3,0,38,10,11,10,4,8,2,2,26,2,6,3,21,14,8,0,7,9,9,0,0,17,13,2,6,3,4,5,2,18,11,1,0,8,2,1,0,31,6,2,3,5,8,2,52,2,9,13,4,5,6,3,15,0,8,2,5,10,1,12,0,3,6,2,2,0,0,10,2,11,4,2,10,0,3,0,4,39,36,7,0,0,3,0,1,3,2,4,3,1,13,9,3,0,30,1,18,1,3,5,3,0,0,2,39,20,15,6,19,13,0,21,3,2,1,3,3,2,2,18,7,21,3,28,2,22,5,12,0,4,5,8,21,9,2,9,0,3,0,1,2,4,1,4
ERR912053,enx,4,3,16,3,1,6,6,83,43,11,18,13,5,47,18,2,7,12,26,0,10,1,9,0,21,0,52,1,11,13,8,6,2,71,5,6,0,5,12,2,39,65,21,5,4,11,17,3,0,26,6,37,6,2,14,7,2,25,3,5,18,3,10,0,8,0,38,4,17,12,3,7,1,34,2,3,6,7,4,12,2,4,156,2,19,85,8,5,2,3,70,16,4,6,1,6,7,2,1,2,1,15,2,2,2,32,9,1,37,3,4,13,3,6,0,0,42,27,21,2,5,73,4,0,64,12,212,36,2,0,7,4,19,3,23,56,17,28,123,16,4,6,144,2,29,20,12,25,1,1,13,1,53,72,7,1,8,0,7,2,80,0,1,5,2,65,12,4,44,9,4,43,3,4,3,14,18,118,3,4,2,0,13,32,22,7,4,6,2,4,12,3,76,3,19,3,42,35,10,58,5,2,6,0,10,8,28,0,21,16,14,12,2,0,8,3,1,21,4,1,16,39,3,0,19,1,1,1,13,21,1,5,10,27,17,11,3,0,5,1,6,1,1,3,32,14,2,10,5,6,22,4,1,51,8,4,2,5,34,9,24,2,3,4,4,7,0,0,11,13,69,6,3,11,3,21,2,24,0,22,4,8,2,11,7,44,3,6,3,0,16,49,12,17,60,8,8,17,7,28,4,7,41,6,37,9,95,3,31,39,6,5,1,5,3,3,0,2,3,1,2,2,2,3,0,17,16,2,2,5,33,5,2,8,0,38,6,3,2,4,2,14,2,5,5,17,9,2,0,49,2,5,38,3,8,6,9,65,106,0,0,5,12,61,17,13,3,2,42,24,3,48,30,22,0,20,13,2,0,16,15,5,1,2,1,15,11,24,5,6,2,15,23,7,0,38,0,16,0,33,23,196,25,9,5,57,2,176,31,35,54,5,2,19,0,99,9,1,43,12,17,16,44,3,0,7,1,8,35,2,22,0,11,13,32,0,22,1,5,41,4,19,7,57,2,20,4,2,16,9,14,4,11,18,11,4,0,12,12,3,22,17,9,3,29,46,12,28,9,26,18,32,10,0,7,37,3,7,3,14,2,40,11,3,1,9,2,4,0,0,74,23,4,2,0,11,6,2,111,15,2,1,2,25,0,2,10,1,1,62,2,4,37,2,17,34,17,3,6,24,45,2,8,25,22,4,5,3,2,28,5,6,6,1,9,11,28,38,24,39,1,13,0,3,5,12,4,2,46,8,5,3,4,5,7,14,0,4,4,2,10,2,2,6,14,17,35,0,5,5,17,1,3,4,36,19,3,2,3,2,48,14,0,0,3,24,3,47,27,25,9,2,14,7,2,4,23,3,17,0,6,21,5,0,0,6,2,1,4,5,0,7,3,5,14,6,16,2,15,4,8,1,16,0,10,14,16,4,42,2,6,19,3,28,7,3,12,25,2,27,16,10,16,27,27,0,6,4,1,2,0,7,3,14,0,2,12,0,9,2,15,2,10,2,21,16,5,7,0,3,17,2,12,4,4,3,5,4,0,10,42,10,13,0,33,15,3,52,10,61,33,2,7,62,7,0,8,2,2,2,2,4,4,50,1,0,5,7,23,19,0,4,7,7,6,13,13,11,5,35,2,2,1,3,25,0,8,0,17,6,4,8,1,6,1,0,2,0,9,10,10,3,6,3,19,0,53,8,14,78,5,1,0,0,4,2,0,4,7,4,22,1,9,12,4,16,0,2,6,3,17,4,179,21,4,16,2,0,17,1,13,0,9,4,27,0,3,24,27,4,0,3,2,4,9,1,25,3,0,3,16,15,0,23,5,8,8,21
ERR912054,enx,5,3,11,5,0,2,0,98,27,7,12,2,4,77,8,2,5,17,3,0,4,2,10,0,14,0,43,2,10,13,12,3,1,93,8,3,5,7,8,11,22,59,14,17,0,22,9,7,1,57,10,74,3,1,7,7,3,25,2,7,3,9,11,3,6,0,73,3,3,17,3,3,0,23,0,6,33,2,4,9,7,9,179,1,16,116,4,8,7,6,30,37,2,10,1,3,7,1,2,4,0,43,8,0,1,16,2,1,26,22,1,12,0,0,0,8,28,6,16,3,11,51,2,12,27,0,47,15,0,2,26,6,15,23,18,89,47,43,95,36,0,9,38,3,7,14,17,6,2,2,8,3,85,101,30,7,0,0,0,5,17,1,2,1,4,80,15,3,33,3,3,46,0,12,0,31,28,117,9,3,3,3,5,15,63,7,7,5,0,8,4,3,66,3,5,5,32,21,4,53,1,2,2,0,7,3,27,0,17,6,9,14,3,1,4,4,5,41,3,2,9,31,6,9,11,1,2,0,4,46,2,18,18,28,20,0,3,5,3,10,6,7,0,8,37,20,2,12,0,1,75,8,2,65,45,5,1,3,51,33,16,3,7,1,5,5,1,2,16,21,50,2,4,43,5,25,6,35,3,25,6,3,4,11,6,26,18,1,23,1,7,53,5,29,49,6,16,17,3,4,4,2,14,3,15,5,71,1,40,53,3,0,3,10,3,3,0,1,6,0,11,2,4,3,3,4,15,2,1,0,8,4,0,1,5,30,0,2,2,5,1,11,6,6,6,24,11,2,0,193,10,2,52,5,3,7,4,0,75,2,2,1,8,40,11,40,13,0,55,37,7,44,38,15,1,12,2,1,3,14,20,1,2,4,1,17,18,16,13,2,1,11,17,7,6,34,1,17,0,30,14,125,25,6,4,28,2,155,22,19,8,0,4,7,9,98,4,1,40,6,13,7,28,4,9,13,1,19,6,1,22,1,6,16,52,4,27,2,0,11,18,15,3,81,2,14,3,3,29,30,0,5,32,7,3,2,2,3,6,2,2,24,10,5,15,14,8,1,15,34,9,71,13,3,1,49,5,6,4,43,3,26,16,2,2,0,6,7,2,3,25,4,10,9,8,4,1,2,251,10,11,1,5,12,0,4,6,0,2,3,5,8,17,5,5,35,2,44,5,10,12,8,6,15,13,4,3,14,3,8,1,36,4,5,14,36,6,36,8,15,2,16,1,3,4,12,4,3,42,13,3,7,2,4,3,24,4,4,7,1,3,1,5,4,31,8,19,2,3,4,85,2,6,6,9,2,5,1,1,2,8,32,3,2,6,8,0,9,17,20,10,0,6,12,2,3,6,16,2,0,2,0,12,0,5,0,2,4,10,0,0,9,0,2,3,5,27,0,17,12,12,2,30,3,20,3,4,0,2,4,2,49,3,6,25,6,2,59,4,0,19,15,0,6,24,1,19,5,7,6,4,6,14,22,0,2,11,2,1,3,6,2,3,1,0,0,2,8,9,1,1,6,7,2,2,4,5,8,2,0,77,10,39,1,24,6,12,45,6,60,60,0,5,120,5,1,8,0,2,5,1,10,7,63,4,2,1,3,14,7,4,5,0,21,7,6,3,5,8,8,2,7,1,28,16,8,19,7,6,7,1,0,5,5,2,1,4,1,5,5,5,3,4,3,3,3,53,1,12,24,0,2,1,1,2,4,3,2,8,3,37,1,5,38,0,2,8,1,8,3,9,10,42,8,12,18,0,3,16,0,18,1,6,2,20,4,8,20,41,0,0,21,2,0,5,6,12,2,3,3,33,4,0,2,23,13,1,26
ERR912063,enx,0,8,3,10,3,11,3,18,15,1,15,8,8,33,37,4,8,8,2,2,21,5,15,1,11,3,9,3,9,25,6,4,4,15,5,4,6,10,8,4,20,6,15,7,3,28,38,2,3,16,5,60,6,1,28,9,8,8,3,11,2,4,13,4,4,0,31,5,23,12,0,6,2,14,4,0,38,12,12,17,5,8,78,4,17,13,5,6,2,15,46,14,5,6,4,8,8,3,5,9,3,12,4,3,4,9,3,1,0,2,3,38,3,4,4,7,36,6,6,5,15,17,6,17,46,0,111,46,2,2,8,7,33,2,3,24,10,24,34,13,0,4,0,5,18,10,3,3,2,3,5,1,36,42,20,4,0,5,0,3,7,6,5,16,2,73,9,1,18,17,2,21,0,6,4,15,3,94,0,6,8,10,2,8,10,14,4,17,10,15,4,6,46,13,20,8,32,12,9,13,1,8,4,0,4,6,7,35,8,33,0,11,5,3,0,17,8,17,7,9,9,11,6,0,40,2,4,8,8,19,3,5,10,9,15,1,3,8,1,4,3,3,4,13,18,5,2,36,0,3,29,19,3,24,8,6,1,13,17,7,8,8,7,7,8,17,3,1,12,10,25,6,18,19,6,6,6,8,2,26,5,11,0,9,3,18,14,11,28,0,22,22,6,15,24,13,12,24,9,3,3,2,14,5,34,7,6,2,82,32,3,13,1,3,3,4,18,2,12,1,12,2,7,5,5,0,19,9,3,1,45,2,4,10,14,18,1,8,2,10,5,14,5,10,11,16,5,3,2,110,7,8,44,2,23,11,1,5,54,0,0,4,0,88,19,10,15,5,24,11,11,14,14,54,2,38,1,5,12,8,9,2,6,7,4,0,36,30,4,23,2,26,7,16,6,71,5,25,10,27,11,85,7,12,19,94,9,80,6,77,12,6,5,22,15,36,17,4,24,8,22,18,23,0,5,10,1,7,6,0,11,11,4,18,77,0,62,3,1,18,2,1,13,34,2,5,4,1,12,5,5,5,24,2,6,2,3,11,3,9,2,9,6,23,42,9,17,5,16,12,15,29,3,1,10,33,15,4,16,14,1,3,42,4,0,4,5,12,0,16,9,3,3,5,5,7,10,13,64,10,10,3,17,37,13,7,0,2,2,13,4,17,16,9,3,14,2,11,5,14,45,4,3,24,30,11,2,4,8,7,0,14,19,5,7,26,12,31,2,6,6,11,1,5,1,13,19,8,51,8,3,1,1,6,10,11,10,14,11,11,3,7,1,16,19,4,14,11,5,13,24,11,4,7,7,6,5,2,1,1,7,15,6,7,4,3,0,39,42,20,8,3,4,8,0,2,4,7,15,0,3,0,5,0,2,10,0,1,12,7,4,26,0,3,3,8,53,0,21,0,15,1,24,3,6,5,2,5,18,7,12,15,7,4,7,11,1,14,0,4,26,13,18,0,11,3,27,9,6,12,0,26,4,5,0,1,16,2,4,10,7,5,56,3,3,46,16,27,4,11,4,10,18,7,5,3,4,5,10,0,29,6,6,3,2,19,13,8,45,19,10,2,4,33,9,3,0,6,0,8,1,15,0,6,3,0,6,4,23,4,9,11,9,3,6,3,19,13,10,6,2,21,3,15,1,8,9,3,2,2,7,18,3,15,6,3,4,0,3,7,0,17,10,5,0,0,14,2,0,4,2,2,2,1,3,14,3,3,16,9,39,2,6,11,2,8,3,1,20,5,6,12,31,31,4,36,12,2,7,7,8,8,15,13,8,7,3,30,14,0,17,11,0,3,11,22,57,4,16,2,8,2,0,3,13,4,0,4
ERR912064,enx,0,1,3,11,2,9,4,18,62,1,16,20,6,34,48,1,9,52,4,1,11,0,30,0,14,3,33,7,5,28,13,4,8,23,18,9,5,10,13,5,39,17,23,4,14,31,30,0,0,9,3,11,5,1,13,14,15,11,0,11,8,9,13,8,0,1,14,5,28,5,0,6,0,5,21,0,44,0,8,22,34,4,77,1,5,31,4,7,2,15,192,29,5,25,4,0,0,3,1,11,2,19,0,13,2,28,1,0,0,2,0,28,4,0,4,15,41,20,4,4,11,12,8,9,57,41,274,29,7,0,0,27,32,0,16,15,2,31,21,0,18,19,0,8,40,18,3,0,5,9,8,5,23,102,2,4,0,14,0,16,0,14,2,0,4,21,24,4,15,10,20,15,18,6,10,10,4,130,0,5,8,4,13,11,13,5,21,36,7,24,50,14,53,13,18,6,44,4,17,18,1,9,3,0,19,19,10,0,6,37,0,34,12,2,20,18,3,21,4,4,44,21,17,7,13,7,6,5,12,0,3,5,10,15,12,1,4,0,0,3,11,8,3,4,10,0,2,52,0,13,6,30,1,0,0,5,3,11,10,7,20,4,12,2,11,13,9,1,14,10,52,17,5,65,6,11,16,13,1,27,12,19,0,10,19,44,24,11,13,3,17,18,3,9,32,4,29,43,6,0,12,20,23,9,51,16,8,11,36,44,2,5,4,2,3,16,9,6,1,5,11,2,7,3,2,6,12,6,11,3,26,11,5,13,2,12,8,6,1,10,1,19,8,10,7,30,12,0,6,84,1,3,55,9,18,28,3,22,14,0,7,4,11,97,12,0,2,2,9,12,0,43,9,32,7,52,1,6,3,11,22,9,0,10,1,1,28,26,17,9,0,31,7,0,0,61,0,23,0,37,11,85,16,17,22,56,5,61,11,75,25,3,9,32,0,55,17,5,11,17,28,39,39,4,18,7,10,2,13,5,17,2,27,16,53,1,46,8,1,25,16,6,8,50,9,14,3,1,17,3,2,14,26,0,3,4,0,24,10,6,11,6,10,18,72,19,29,0,9,9,33,35,27,0,12,3,0,15,35,6,3,20,50,1,0,0,6,29,1,3,5,2,9,12,16,1,9,0,21,21,7,4,12,49,3,4,0,3,8,15,2,34,18,12,10,18,8,2,7,17,38,2,20,25,33,19,37,0,6,5,10,10,2,5,32,0,18,33,4,31,1,0,0,1,1,13,14,0,61,10,9,15,6,9,15,6,10,10,6,8,5,0,9,25,22,13,22,1,5,13,13,11,12,19,6,10,7,7,4,1,32,3,3,0,2,49,0,68,34,9,11,2,45,0,0,6,3,4,8,0,2,0,17,1,21,10,5,0,10,14,5,20,0,2,0,16,49,3,27,0,29,1,55,0,4,0,6,11,4,9,14,0,2,37,0,4,0,38,2,4,22,12,2,12,8,0,22,5,7,10,5,6,1,29,0,1,19,7,0,0,27,1,36,31,5,24,10,27,8,2,1,10,30,10,19,10,7,21,15,10,27,3,4,2,0,23,7,27,0,27,31,3,10,158,10,0,0,20,4,9,8,27,2,0,7,0,8,11,22,13,16,18,6,14,19,18,16,42,12,14,13,9,0,10,6,20,3,2,0,7,3,21,6,3,2,4,13,1,0,9,27,9,21,4,0,0,17,0,3,0,13,7,2,4,12,19,0,24,38,2,48,4,11,0,9,5,2,8,52,15,20,26,166,36,0,44,2,2,15,9,5,4,18,27,13,12,11,40,0,7,0,16,0,7,0,3,42,9,2,2,14,0,0,8,0,0,16,20
ERR912065,enx,0,2,22,7,0,1,0,88,79,3,7,4,1,26,13,1,4,67,41,1,6,1,8,1,26,3,24,0,3,8,12,7,0,53,7,1,7,5,5,2,83,51,4,8,14,8,3,4,0,12,10,10,12,1,9,4,15,19,2,3,21,2,3,1,6,0,13,0,4,4,0,3,0,22,0,22,17,3,2,11,12,4,179,0,5,53,11,2,2,3,10,23,1,8,1,6,6,3,0,0,2,5,2,0,2,35,31,0,17,3,0,7,5,0,2,3,11,15,19,2,11,43,3,0,27,15,268,29,10,2,3,15,13,7,35,19,11,10,97,5,6,2,36,0,24,26,1,0,2,0,5,0,66,83,12,1,3,0,6,2,77,0,1,5,2,206,19,2,43,3,2,26,4,6,3,13,3,96,4,1,0,0,6,45,23,2,10,9,0,0,24,0,69,3,8,8,75,43,5,46,0,0,4,0,10,12,34,4,30,9,13,11,3,3,8,7,0,40,0,0,7,28,5,3,5,0,2,0,15,34,1,7,13,14,18,18,2,0,0,3,30,7,1,7,20,4,0,17,0,7,45,6,1,24,8,11,0,1,36,23,19,2,0,4,1,5,0,0,4,10,61,3,0,7,3,38,11,34,1,8,1,7,1,7,3,52,5,2,3,5,13,57,9,10,45,5,1,13,4,31,0,9,37,7,21,11,95,2,15,16,0,3,0,8,3,19,3,1,1,1,3,1,0,3,1,24,6,3,0,0,18,10,0,0,0,14,0,4,0,1,3,22,4,11,4,15,5,1,16,44,6,4,33,1,9,5,18,35,160,0,0,1,11,42,4,18,4,0,9,16,0,31,20,12,6,14,12,0,1,5,7,3,0,2,0,4,5,14,10,2,0,39,25,4,0,68,0,10,6,23,25,95,14,4,7,40,1,128,17,0,35,0,0,0,4,85,3,2,48,9,8,9,44,5,11,4,2,4,54,2,22,0,8,15,44,0,15,2,6,64,7,1,0,82,7,19,0,2,18,15,2,3,25,23,2,1,1,4,6,2,26,7,6,3,53,88,2,22,8,13,7,16,16,1,1,43,5,9,4,11,1,7,16,0,0,1,2,3,0,5,44,53,2,13,0,3,8,2,140,24,0,1,7,23,0,2,0,0,0,27,0,4,21,5,8,14,12,7,4,9,42,2,6,24,24,2,3,4,1,63,5,4,0,1,3,15,43,57,29,24,0,6,0,1,3,7,4,0,36,6,0,1,2,5,2,7,3,0,3,0,12,0,2,2,21,13,30,0,5,0,29,2,13,6,42,41,2,2,2,2,50,8,1,0,4,14,0,18,17,11,15,1,14,7,2,2,9,7,21,0,5,0,4,1,4,2,2,0,7,9,0,3,3,2,25,5,27,3,8,23,16,5,10,1,8,27,3,0,58,0,3,75,5,13,12,5,21,18,0,13,6,3,3,19,0,0,6,9,1,0,7,6,12,6,0,0,6,4,0,0,3,3,3,1,0,2,3,5,0,2,11,5,12,0,3,5,5,2,4,8,29,16,8,2,46,6,0,65,0,46,21,3,8,125,2,1,0,7,2,2,6,6,2,91,1,0,3,3,17,17,11,3,7,11,6,7,14,8,4,26,0,3,0,5,20,7,10,0,20,9,6,7,4,0,1,5,4,0,62,14,5,1,9,0,39,2,57,0,2,56,28,0,1,1,1,4,3,5,6,0,10,2,15,9,0,20,3,2,3,2,25,3,156,12,4,3,6,0,13,1,13,3,19,1,29,4,0,34,9,0,0,5,0,1,3,0,3,1,6,2,14,28,4,21,10,4,8,16
ERR912066,enx,1,3,15,2,2,2,6,42,15,2,6,0,9,40,6,4,3,13,5,2,11,26,3,2,9,0,26,0,3,22,14,2,0,46,1,7,2,5,9,0,15,44,44,2,30,85,9,2,1,10,6,33,29,3,16,7,2,20,6,0,10,9,3,0,0,1,10,1,6,7,6,1,2,14,2,13,42,19,19,4,19,11,96,2,16,25,2,3,5,12,50,11,2,7,0,3,2,4,0,0,1,0,2,3,1,26,2,0,0,3,12,8,1,2,2,3,21,2,7,4,15,42,10,0,21,10,219,19,6,9,7,22,60,5,7,25,26,13,26,7,2,8,39,2,14,6,3,8,5,3,9,12,31,29,9,1,3,0,0,2,20,18,0,1,0,53,17,1,23,2,3,16,0,6,0,7,4,196,25,2,0,7,6,2,13,97,8,2,0,5,14,5,84,3,4,10,144,6,5,24,1,4,2,0,0,22,22,5,9,18,3,4,10,1,4,6,2,20,2,2,8,9,4,0,11,3,1,2,5,11,9,3,9,9,10,3,4,8,0,6,3,4,1,5,27,13,1,4,0,15,27,3,1,23,6,11,0,21,22,22,16,5,1,22,16,5,11,10,16,0,26,11,6,5,7,11,10,10,1,9,13,2,7,6,4,15,5,1,3,2,7,26,4,7,43,15,5,68,1,6,6,3,13,2,34,7,49,0,21,13,3,0,0,8,9,2,3,6,5,0,0,1,1,4,1,4,11,5,0,0,22,8,5,1,2,16,1,0,2,2,1,1,6,12,11,22,20,3,0,20,2,1,22,0,14,5,1,11,21,0,14,2,20,110,10,6,5,1,23,8,3,14,13,18,1,0,4,1,13,4,4,4,3,2,5,5,65,44,76,7,0,26,8,13,6,143,46,129,6,48,26,125,30,3,19,28,2,280,14,28,6,10,17,7,6,77,10,2,28,32,15,37,11,13,2,1,9,4,5,2,6,3,3,8,55,2,17,2,0,4,11,12,2,33,4,16,1,1,8,5,3,5,13,8,4,0,0,21,5,2,8,8,8,0,114,21,8,4,24,22,8,17,42,2,3,28,3,8,2,10,4,9,17,0,1,4,4,97,1,2,22,3,6,6,4,10,3,13,36,13,5,3,8,35,34,0,10,0,0,17,2,37,23,19,6,17,4,9,10,9,24,15,9,9,60,19,1,5,33,10,0,9,2,0,0,9,18,16,8,31,0,3,2,0,5,18,16,4,70,8,6,4,2,0,12,10,2,22,11,2,3,0,3,3,8,17,13,0,6,2,12,16,10,3,11,5,0,16,2,1,14,13,0,0,2,10,0,7,50,15,4,1,7,30,5,2,10,3,2,0,7,4,6,1,8,13,2,3,2,5,2,9,22,0,4,3,20,16,14,7,7,3,15,3,8,3,2,4,6,2,6,9,29,27,6,9,6,16,9,7,22,3,2,4,8,0,131,2,0,0,0,11,0,11,9,1,3,0,1,0,8,5,4,1,5,6,6,2,6,4,4,2,5,0,2,2,5,1,0,2,53,7,12,1,6,3,5,21,14,23,23,3,2,51,5,8,12,6,4,1,2,23,0,18,0,0,0,3,12,2,0,1,6,11,2,6,13,9,0,12,5,7,2,2,9,2,11,0,2,2,16,3,3,1,0,1,0,3,92,23,2,9,0,9,2,3,24,3,5,42,11,9,1,0,2,0,1,3,4,2,10,1,3,5,3,2,4,1,3,2,6,73,97,13,3,2,3,3,11,1,6,0,38,0,9,0,8,48,17,10,0,39,3,4,3,6,26,0,2,0,9,7,3,4,5,5,8,9
ERR912067,enx,0,3,15,5,0,4,0,36,23,3,16,6,5,35,14,1,9,36,5,2,11,1,20,0,9,5,21,3,3,20,3,4,4,28,11,2,0,5,9,7,24,20,16,12,2,31,6,4,0,13,6,7,5,1,8,8,11,9,2,9,6,6,13,5,0,1,12,3,8,10,0,2,0,11,11,0,27,5,2,14,6,1,26,1,9,42,8,3,2,7,48,28,5,12,2,1,1,4,3,4,1,18,4,2,2,28,3,3,0,4,0,15,1,1,2,11,25,10,12,8,4,30,6,0,17,8,80,29,6,19,5,11,9,2,9,18,8,19,39,5,1,4,0,7,12,19,4,0,2,3,10,0,46,34,5,2,3,0,5,5,27,1,2,2,2,47,8,2,16,6,9,19,0,6,2,7,13,87,1,4,1,2,7,11,7,3,4,18,3,23,12,3,38,2,4,2,22,8,11,21,1,0,1,0,15,4,8,9,15,16,5,14,7,5,2,19,3,16,4,1,18,17,17,2,11,1,3,6,2,15,2,9,8,9,11,4,4,0,1,9,8,8,2,5,5,7,2,19,7,4,50,12,2,19,6,7,3,4,13,16,12,6,4,2,2,10,0,1,10,13,27,9,2,29,4,7,6,6,0,21,2,7,3,8,3,17,5,6,6,1,10,18,6,14,48,7,11,12,5,3,2,6,15,18,19,8,21,3,35,24,1,0,4,7,5,2,3,1,10,6,7,1,5,2,5,4,15,2,4,3,21,0,16,5,4,10,2,5,0,6,1,19,7,6,11,27,7,1,3,58,3,2,20,4,12,12,3,0,58,2,3,2,6,58,7,11,17,2,13,11,2,28,9,15,3,34,2,5,2,9,12,3,2,4,0,2,9,26,9,15,0,11,4,4,6,33,0,14,10,19,17,89,7,8,9,57,2,58,10,28,31,3,2,16,0,33,4,3,14,7,11,21,17,4,8,7,3,6,24,1,19,0,11,10,62,1,18,6,2,14,4,3,5,40,1,15,1,1,15,5,6,10,9,7,3,5,4,10,8,5,6,9,8,5,23,36,24,2,7,19,25,39,10,1,4,17,5,2,9,13,1,7,39,2,1,1,3,3,0,4,14,9,4,3,3,9,3,3,60,15,10,1,12,22,1,0,0,0,3,7,1,14,18,5,2,14,4,9,3,17,33,2,5,16,19,7,3,2,2,19,0,14,4,6,16,19,5,21,10,6,2,6,0,2,5,7,8,4,28,3,4,8,1,0,8,9,9,0,5,4,4,2,4,7,6,17,13,6,3,9,18,7,5,8,3,17,8,7,0,4,16,5,0,0,1,8,2,19,18,14,12,2,15,8,0,2,5,9,9,2,4,4,9,1,2,2,3,0,14,0,5,9,3,3,1,6,30,5,26,0,3,3,24,0,8,9,6,1,9,4,8,15,6,19,8,11,5,18,4,2,17,15,9,4,28,0,14,7,4,7,0,9,6,8,0,0,15,19,3,2,7,1,2,4,26,21,6,9,4,3,4,4,20,2,9,10,2,5,8,4,17,7,3,0,18,10,7,21,0,22,16,7,7,90,10,3,0,8,4,3,5,4,5,13,1,0,5,3,18,8,6,7,0,9,5,10,10,11,7,6,0,10,1,16,4,19,10,4,7,6,2,18,3,5,2,0,5,0,3,4,3,8,23,3,3,0,20,4,3,11,8,2,4,2,6,16,0,7,3,9,34,4,3,13,10,5,2,5,32,5,15,18,89,12,5,11,5,0,11,2,11,2,10,14,8,21,0,24,14,0,0,6,0,3,11,4,5,4,3,2,6,4,2,3,10,6,3,10
ERR912070,enx,2,2,4,3,0,16,1,94,26,1,9,20,5,33,53,3,3,45,17,3,2,0,9,0,15,10,30,0,3,5,15,2,10,43,1,3,20,1,25,1,22,29,7,8,5,30,12,3,0,12,7,42,15,2,14,5,6,20,2,17,9,4,4,1,9,3,24,3,13,5,4,3,0,9,4,0,62,10,20,10,12,7,100,4,16,51,15,4,1,8,42,14,2,3,1,0,4,1,0,8,0,13,2,5,1,36,3,1,0,6,1,13,1,8,0,5,9,10,19,4,17,44,7,5,25,24,167,10,4,0,5,18,27,10,12,19,17,26,58,12,5,3,26,6,26,12,3,0,3,3,2,2,56,70,49,4,2,3,0,0,7,3,3,0,2,46,26,0,24,6,7,27,3,7,5,10,8,50,3,3,0,8,10,22,27,5,12,12,0,3,25,7,66,6,15,9,43,10,4,39,1,3,1,0,5,1,14,8,8,13,5,18,3,1,16,25,4,25,1,1,22,18,4,12,21,1,36,0,2,24,4,9,6,26,12,2,8,8,5,3,8,5,5,20,12,12,6,24,0,8,45,3,0,23,16,7,0,3,21,20,9,5,4,1,4,4,1,1,13,0,44,6,12,14,13,13,6,11,0,45,1,5,3,18,6,15,3,3,3,1,7,21,5,15,42,17,2,18,1,10,4,6,17,3,23,9,27,3,30,26,8,12,8,8,13,11,0,2,4,3,15,1,5,3,0,6,12,4,2,4,32,15,3,12,0,16,2,1,2,1,2,10,4,11,9,21,4,2,5,44,9,2,31,3,7,9,5,5,43,0,0,4,13,34,14,28,15,0,25,14,6,36,21,5,2,12,5,2,4,9,13,7,2,2,1,4,14,8,6,6,1,0,6,26,10,78,0,28,0,24,14,37,13,3,16,29,27,95,7,36,9,0,3,7,0,67,9,4,37,25,11,11,35,1,0,4,2,11,7,2,11,3,0,5,48,1,23,4,1,6,10,7,2,80,5,18,4,0,14,9,2,6,42,4,3,3,0,24,12,2,5,15,4,4,39,26,6,6,8,12,25,29,23,4,2,18,9,4,5,11,3,13,16,1,0,0,4,11,1,6,12,10,4,7,7,14,1,4,97,18,8,0,4,10,0,2,2,3,1,18,0,12,29,12,6,22,7,8,6,11,10,11,12,24,18,12,7,9,4,11,3,19,6,2,27,29,3,31,18,25,0,9,0,2,2,18,3,3,36,7,0,5,1,8,14,12,3,3,11,4,3,1,4,2,25,8,20,0,4,10,29,4,6,6,16,16,4,3,2,7,31,17,8,5,4,31,7,4,20,15,11,2,20,14,0,10,19,6,2,0,3,4,8,2,4,0,0,2,0,9,2,2,11,1,5,7,20,3,6,8,1,4,16,2,11,3,15,4,12,2,6,21,2,45,8,4,3,23,7,4,19,4,5,27,14,3,29,3,1,3,12,3,0,43,1,0,3,3,0,4,6,3,38,0,0,20,1,5,0,0,1,2,6,4,12,2,9,3,4,2,58,6,21,1,7,1,6,35,10,57,24,2,2,106,3,3,3,2,2,1,4,10,3,7,0,2,1,5,38,2,0,1,0,12,7,10,4,39,5,10,2,2,3,3,10,28,13,0,0,4,4,3,8,4,4,1,0,4,5,17,2,11,2,4,3,3,36,0,2,25,12,3,0,1,4,6,1,12,23,1,31,0,8,16,1,6,10,0,23,2,4,5,127,11,5,9,4,0,11,1,14,3,25,4,16,18,19,34,19,18,10,3,3,2,7,10,6,1,2,2,15,3,3,8,14,8,7,9
ERR912075,enx,3,2,22,1,3,14,1,45,12,6,7,12,5,27,64,4,4,8,4,1,2,6,4,0,14,0,25,1,1,8,6,4,1,36,2,2,10,7,26,2,10,51,24,7,6,6,6,6,1,22,10,30,3,4,4,2,2,18,5,3,6,3,4,1,0,0,29,1,3,4,2,1,0,7,2,0,4,4,5,6,10,1,8,1,0,46,6,1,19,6,53,13,2,3,1,7,4,0,0,0,1,23,4,0,0,5,2,1,6,10,2,5,1,2,0,3,7,2,12,2,10,22,7,16,16,11,85,14,1,0,3,7,14,3,6,42,26,22,58,18,0,2,16,10,19,1,0,0,2,0,4,19,49,68,0,11,0,5,0,2,9,4,2,3,0,135,6,1,35,5,5,33,0,11,2,24,3,85,2,1,0,3,5,14,7,9,3,8,2,6,12,3,52,2,8,12,34,14,2,25,1,1,0,62,2,7,15,0,23,27,3,3,5,0,3,2,2,34,1,2,6,11,3,4,6,3,4,0,6,33,3,8,13,22,10,3,4,10,0,0,3,2,3,3,26,18,2,19,5,3,84,4,0,47,18,0,1,2,19,14,15,3,5,4,3,5,4,2,12,0,21,0,1,22,8,25,5,10,1,6,8,4,2,2,2,12,6,2,10,2,7,29,4,23,45,6,6,14,2,2,6,4,22,2,14,29,21,0,29,19,3,0,0,3,0,0,2,2,1,2,2,1,2,1,1,6,10,5,1,1,35,2,0,4,2,17,1,3,0,5,3,10,3,9,5,18,4,2,0,66,6,1,24,2,4,7,6,5,72,0,9,3,9,61,17,31,7,1,28,20,2,23,24,12,0,7,4,2,4,18,0,4,1,2,1,5,24,11,30,9,0,16,9,18,0,29,8,22,0,25,12,75,10,7,15,27,7,60,16,20,10,6,1,3,11,41,4,3,14,4,10,11,16,2,0,6,1,9,17,1,20,6,3,6,25,1,14,0,1,2,5,12,9,57,5,3,1,0,17,12,0,0,26,4,3,1,2,28,7,3,2,7,11,5,32,15,6,2,11,19,7,42,13,1,1,41,6,0,3,25,2,14,11,0,7,0,2,17,0,3,3,6,1,0,0,5,1,3,125,28,7,1,6,27,3,4,1,5,1,5,1,5,25,6,4,22,2,15,2,5,19,13,2,11,18,5,6,9,8,7,0,15,2,4,14,37,7,24,3,5,2,17,0,0,19,7,11,8,32,7,0,3,0,4,4,11,2,0,7,3,1,1,2,3,11,6,7,0,2,3,11,3,3,7,6,6,0,2,0,3,6,23,4,0,5,8,0,20,14,10,8,2,7,0,5,2,5,13,2,0,0,0,3,4,6,4,2,0,0,0,0,10,0,1,4,2,33,0,6,8,1,3,22,1,9,1,4,4,3,2,2,31,3,14,16,4,2,25,7,9,10,4,5,0,14,0,4,2,1,0,3,8,1,8,1,1,4,0,0,2,13,2,16,11,50,4,3,5,91,3,2,2,2,4,7,2,2,1,3,1,28,5,22,0,2,4,7,29,10,27,15,2,3,63,3,1,1,0,6,0,0,10,2,5,0,0,1,3,14,2,4,3,0,10,5,2,13,5,3,3,0,4,0,11,5,3,9,3,6,4,1,4,5,3,0,4,0,0,5,3,2,3,5,4,2,2,22,0,3,11,4,3,0,0,2,0,1,2,12,1,18,1,6,22,3,2,3,1,8,3,2,9,51,9,10,9,7,19,9,1,34,1,5,2,15,10,16,9,23,4,5,6,23,1,5,7,14,3,2,0,12,4,2,1,15,15,2,13
ERR912077,enx,7,6,9,2,3,0,1,41,40,6,21,8,4,24,11,1,3,8,7,0,6,1,6,1,9,0,25,2,13,21,4,3,0,43,4,6,2,2,3,2,12,34,27,1,0,30,6,2,1,27,3,50,7,2,19,10,2,16,2,0,10,1,4,0,0,2,24,3,13,6,4,2,0,6,6,21,45,2,7,12,7,1,108,5,0,56,2,3,0,8,66,18,0,2,0,7,1,1,0,0,1,12,2,1,0,27,6,1,0,0,3,10,0,1,0,6,14,2,10,4,2,36,7,12,13,5,89,21,0,4,3,2,23,2,9,54,15,16,36,12,1,5,16,0,30,15,8,18,0,1,9,3,40,38,20,0,0,0,6,8,45,1,1,1,0,62,7,0,19,4,9,21,0,3,3,16,4,72,2,2,0,5,5,11,8,2,0,11,0,6,8,5,65,0,9,9,27,9,3,34,1,3,1,0,4,6,15,0,5,20,17,6,6,0,8,13,1,9,2,3,12,15,8,0,9,2,3,1,2,17,1,7,5,16,10,8,4,0,4,2,21,4,2,26,28,8,2,5,0,6,14,3,1,26,7,2,0,2,24,19,18,2,3,4,2,5,2,1,13,4,32,5,3,7,6,15,1,8,0,17,15,5,0,12,3,16,6,9,0,6,16,37,6,3,41,5,2,20,1,10,3,1,18,9,18,6,40,4,20,9,6,0,1,3,0,6,0,2,6,1,0,1,2,1,1,9,6,2,1,0,25,6,2,5,9,27,1,0,0,2,9,7,3,20,9,15,14,0,0,76,3,4,33,1,19,4,3,5,59,0,4,2,7,45,12,23,8,0,40,19,17,25,21,7,0,7,2,0,0,5,20,3,3,5,1,7,16,13,3,0,1,11,13,0,14,39,0,14,16,36,32,91,13,6,12,38,5,158,12,28,19,3,4,12,4,71,7,2,23,15,20,8,14,4,0,7,3,8,8,1,13,3,3,5,28,8,20,2,2,13,6,13,8,50,1,24,0,1,7,3,0,8,19,10,0,6,0,21,4,1,11,6,7,4,26,18,2,12,12,15,15,38,11,0,2,23,4,0,0,11,4,11,16,0,1,3,2,3,0,0,5,11,5,4,0,10,5,0,68,8,21,0,4,21,0,2,10,2,7,17,4,5,54,3,7,16,3,3,7,7,14,5,8,20,20,3,2,1,0,30,0,12,2,7,9,17,14,27,12,34,1,5,3,0,0,0,9,0,30,5,2,3,2,14,5,16,3,0,3,1,3,1,1,12,15,10,11,0,2,3,38,0,7,5,17,15,4,2,0,0,8,16,0,0,1,0,7,21,9,21,3,0,2,3,0,1,7,4,4,0,4,10,8,1,0,2,2,2,4,2,7,15,3,2,8,3,16,2,30,3,6,2,8,2,13,12,0,5,14,4,6,22,10,0,4,2,9,18,2,9,10,2,0,9,8,0,6,2,0,0,0,17,1,2,4,3,6,2,1,3,19,3,2,0,7,6,1,3,0,1,3,2,8,8,4,2,4,0,3,1,47,8,4,2,14,7,15,27,14,27,24,0,3,24,6,0,10,2,3,0,6,13,4,15,1,0,3,0,7,4,18,1,2,5,2,6,10,3,3,12,0,6,0,6,16,6,2,0,3,0,5,11,0,3,4,3,2,1,16,6,13,2,13,3,5,0,39,0,18,50,4,2,0,2,5,2,3,5,6,0,15,1,3,9,2,4,3,2,17,0,15,19,51,11,2,14,3,6,11,1,9,3,10,13,10,15,6,21,35,4,0,6,2,1,0,0,20,3,2,0,19,6,1,5,7,0,1,12
ERR912078,enx,0,1,0,0,1,0,0,73,14,1,13,2,16,28,19,2,3,22,3,1,4,0,3,0,8,0,24,1,5,5,13,4,14,24,0,5,0,2,5,1,16,35,10,10,3,9,6,5,0,20,4,24,5,1,17,2,6,10,2,13,3,3,3,0,6,1,17,1,6,2,0,1,1,20,2,13,14,4,4,10,3,3,44,2,16,32,4,4,1,5,6,23,5,1,0,1,1,3,0,5,2,38,7,3,1,19,3,5,0,10,3,10,3,5,0,5,22,7,8,3,8,21,3,32,20,8,243,19,7,4,28,12,16,10,4,32,17,15,38,11,1,0,0,7,15,13,4,0,2,3,13,0,48,82,78,0,0,3,3,0,17,0,1,2,2,135,2,0,19,3,3,27,6,9,1,29,10,66,1,1,1,12,7,16,7,0,8,0,3,3,8,8,51,3,11,6,30,10,5,19,1,0,3,0,7,1,14,25,23,8,2,4,1,1,3,33,5,29,0,5,8,10,2,0,9,10,31,0,1,17,3,6,7,29,8,2,10,35,5,2,5,5,7,2,18,9,2,18,0,2,74,4,3,30,6,11,2,1,22,27,13,2,5,2,3,2,1,1,14,4,34,3,9,14,7,14,10,11,2,56,9,2,2,6,7,6,2,5,3,1,6,27,3,13,35,6,6,23,2,0,12,4,15,0,18,3,10,1,22,21,0,0,1,1,3,2,0,3,7,0,5,3,8,5,2,2,9,2,6,0,17,8,5,6,0,17,3,1,3,1,0,1,6,7,17,28,4,4,0,67,9,0,25,1,9,4,6,0,27,10,2,5,7,36,12,19,16,2,16,10,8,22,12,7,0,10,0,0,7,7,13,4,7,4,1,4,15,7,6,2,0,41,10,45,0,50,2,18,6,21,15,67,10,2,6,19,35,77,8,19,13,3,4,12,4,58,7,5,14,6,9,9,20,2,3,4,3,8,16,1,20,2,5,6,44,2,16,0,1,13,12,0,0,57,2,13,1,0,14,9,3,7,19,1,2,4,2,10,4,3,6,11,6,3,16,16,9,4,8,34,16,38,9,6,2,30,8,7,2,23,1,21,18,1,0,0,0,10,0,0,10,4,4,10,4,9,20,0,86,4,5,1,5,9,0,0,2,0,1,0,1,2,70,3,2,14,1,15,6,13,19,11,3,20,9,5,2,18,0,5,0,15,4,0,5,23,4,19,5,8,0,13,0,2,0,24,4,4,13,8,1,6,3,3,7,7,3,3,6,5,9,0,1,4,7,10,5,0,0,0,15,3,12,6,2,7,0,4,0,4,25,6,1,20,9,3,0,9,23,13,6,1,11,27,3,2,7,11,7,0,6,18,2,2,15,2,2,2,0,11,2,9,3,2,3,4,26,19,10,0,4,7,14,2,5,1,15,6,7,0,6,22,2,26,8,10,3,14,0,10,21,15,6,9,14,0,13,3,1,1,0,6,1,78,0,0,4,4,2,0,4,2,0,3,5,1,2,2,3,0,0,3,12,8,3,2,4,4,2,4,23,3,25,1,2,3,6,27,31,18,22,6,2,55,2,2,0,4,0,0,3,6,8,4,0,0,2,2,42,0,6,3,9,13,5,5,5,0,4,10,4,4,7,8,4,27,17,3,0,0,3,4,2,5,1,1,3,6,3,8,0,5,10,9,3,0,22,5,4,13,5,4,1,0,1,6,3,4,13,1,25,1,3,20,4,0,2,1,6,2,4,12,62,11,7,12,5,0,5,0,12,0,6,4,20,15,11,20,23,10,0,3,2,1,3,7,17,0,2,0,9,2,1,3,10,17,4,6
ERR912082,enx,0,1,10,21,0,2,1,154,40,9,19,2,1,76,31,0,4,0,34,0,3,0,4,0,24,0,53,0,21,4,26,1,1,78,0,0,7,4,2,2,39,83,6,20,0,21,3,4,0,40,14,40,9,0,5,1,3,33,0,0,19,0,0,1,0,0,54,1,0,6,0,2,0,18,0,0,31,3,4,2,3,0,214,1,94,110,14,1,3,1,0,49,1,3,1,0,2,2,0,0,0,49,0,0,0,3,0,1,0,17,1,4,12,1,0,0,15,17,12,2,24,82,0,0,46,60,559,8,1,0,15,26,19,26,56,71,30,58,119,32,0,0,334,0,14,0,17,4,8,2,4,4,56,159,30,0,0,0,26,3,0,0,1,0,0,342,100,0,49,2,2,92,0,55,0,43,0,111,0,2,0,2,47,2,51,3,19,0,2,0,44,3,68,1,2,3,74,27,2,51,2,2,0,4,1,0,28,0,20,9,20,31,1,1,25,9,1,58,1,0,44,31,0,1,12,1,0,0,0,33,0,8,4,68,12,0,2,0,1,2,2,0,0,7,41,10,1,58,0,36,136,6,0,64,16,14,0,0,50,32,40,0,2,2,1,1,0,0,7,0,80,3,0,9,2,28,2,38,0,12,0,2,0,18,18,25,6,5,3,1,4,67,3,33,69,2,0,4,0,0,2,34,24,0,4,5,51,0,7,21,9,3,2,8,3,0,1,0,1,0,0,1,2,1,1,13,3,1,0,2,7,21,0,2,2,55,1,0,0,1,1,3,2,8,4,60,4,0,0,125,14,1,91,1,6,2,8,0,101,0,0,0,29,26,46,87,5,0,44,33,7,86,51,4,0,3,0,2,2,22,0,20,0,1,0,7,4,29,2,2,0,38,23,4,0,48,1,16,9,19,40,189,38,1,8,20,7,243,44,10,0,3,0,0,0,90,2,0,68,16,3,3,18,0,4,3,0,35,5,6,34,0,1,2,22,0,7,0,0,2,8,1,0,184,16,24,0,0,66,14,3,0,22,2,2,0,1,9,29,4,0,14,6,2,16,3,0,6,17,21,3,91,37,0,2,54,2,0,4,46,1,33,10,0,3,1,0,0,0,14,5,0,0,3,0,11,0,0,220,7,7,8,2,7,0,0,0,0,0,50,2,0,35,10,10,68,5,25,3,0,3,12,19,41,32,19,27,9,2,5,20,11,1,1,0,93,2,40,2,33,0,14,0,0,3,0,0,2,43,42,2,0,0,0,6,10,0,0,4,1,0,2,8,2,29,0,26,0,0,0,53,1,5,2,0,8,3,1,0,4,27,28,0,2,7,37,0,6,29,9,34,1,53,0,0,0,22,19,0,0,0,0,7,1,0,2,0,1,0,0,0,2,0,1,1,4,3,0,4,0,2,2,2,0,13,0,3,0,17,0,3,59,0,82,28,6,0,56,4,0,39,2,0,0,39,0,0,0,1,3,0,0,1,48,1,2,3,0,0,0,0,3,0,1,5,2,0,5,20,0,5,0,2,0,1,0,1,0,2,30,86,1,66,0,0,4,6,94,0,78,64,3,0,274,4,0,2,2,1,1,2,4,2,10,1,0,1,15,4,3,6,0,0,43,23,33,4,65,3,69,0,7,0,13,15,3,17,2,4,0,1,2,3,1,0,0,0,0,5,5,5,0,0,0,0,0,80,0,2,4,0,0,1,0,1,0,0,57,0,2,21,2,31,40,0,0,2,0,6,1,2,6,100,5,27,5,11,6,57,1,40,19,12,0,37,4,0,22,25,0,0,0,5,1,0,0,0,0,0,0,37,2,1,16,54,6,28,42
ERR912089,enx,1,1,24,2,1,6,2,51,32,2,10,11,4,51,33,6,5,54,12,1,13,0,4,0,12,40,15,2,5,5,12,3,1,29,4,5,2,3,5,1,39,29,11,2,10,41,51,0,0,11,3,8,19,1,8,5,13,18,2,0,8,2,6,0,0,2,12,1,8,7,4,1,0,7,0,0,3,15,1,12,12,5,113,0,24,45,8,1,3,3,37,32,1,6,0,7,3,2,0,0,0,5,11,1,1,24,5,1,22,1,0,9,1,1,5,8,22,9,19,13,4,33,1,0,28,13,227,17,8,2,13,26,28,4,31,21,20,25,66,4,1,3,26,8,31,11,3,3,0,1,7,0,22,50,22,4,0,0,2,4,15,0,1,1,2,110,28,3,23,9,7,24,2,5,1,6,10,106,7,1,0,3,11,11,8,0,8,10,0,8,10,2,67,6,21,4,29,15,9,23,1,1,2,2,9,6,15,5,8,11,4,7,0,0,2,1,2,31,2,10,12,25,18,0,4,2,2,2,10,31,1,4,15,11,12,6,7,0,0,7,5,9,2,2,37,6,1,12,72,6,39,8,1,19,5,11,0,0,24,24,11,1,3,2,2,3,1,0,10,16,43,7,5,5,4,16,17,17,0,20,6,3,0,3,2,18,3,3,0,1,11,20,3,4,52,12,3,22,4,12,0,12,17,0,19,4,34,3,39,17,7,3,2,9,9,3,0,1,3,0,6,1,4,3,0,11,28,2,1,0,23,7,3,5,0,15,3,0,0,5,2,27,9,5,8,15,2,1,9,37,6,3,20,2,12,8,6,41,46,0,2,1,7,62,9,7,3,9,22,10,4,25,18,10,3,12,5,1,2,6,7,4,2,3,1,1,9,16,12,3,1,20,15,26,6,94,0,16,0,34,20,71,16,5,16,47,5,151,12,36,30,17,2,10,2,71,8,2,34,16,7,17,34,1,2,6,7,6,11,1,9,1,7,20,81,1,44,2,4,21,4,0,2,56,1,9,4,1,12,10,0,11,15,13,4,0,3,38,8,1,9,6,6,0,55,43,3,9,5,23,20,13,25,0,5,23,3,4,3,7,1,2,11,6,0,5,2,7,0,0,26,15,5,3,4,3,6,0,97,33,5,3,10,20,0,6,0,2,1,16,0,13,19,5,11,16,6,16,8,9,43,8,4,28,27,3,4,4,0,28,2,8,3,0,7,6,11,31,17,10,1,6,0,2,9,12,0,0,45,9,0,3,1,5,12,17,4,4,4,13,3,1,5,3,14,30,22,0,0,2,38,2,32,1,13,8,0,2,4,6,18,12,0,0,4,8,0,19,24,13,7,2,11,3,2,3,8,3,14,0,9,4,2,0,8,5,3,1,5,9,4,5,0,1,11,4,27,0,6,8,43,1,23,0,11,4,9,1,14,0,9,25,1,21,14,4,2,23,0,7,14,10,0,38,41,0,18,5,1,2,0,12,7,8,0,1,6,7,0,0,5,3,35,3,0,2,9,2,3,1,4,3,19,8,4,4,3,4,6,6,28,9,8,0,17,6,3,29,0,19,18,2,5,77,2,3,2,2,4,2,4,9,11,33,2,2,2,4,13,14,6,0,4,5,7,10,13,11,4,16,0,8,0,6,13,9,4,2,8,5,1,10,4,2,1,0,2,3,5,8,21,17,9,8,8,0,24,3,1,23,18,2,4,0,4,9,0,12,38,3,12,1,4,6,4,7,2,0,14,4,15,4,175,17,0,9,14,0,8,1,6,1,44,3,20,7,5,44,11,10,0,7,2,1,9,8,53,1,0,34,16,7,9,8,3,1,4,10
ERR912092,enx,4,3,9,8,1,4,0,2,0,0,13,33,6,10,17,0,10,170,0,1,14,1,8,0,3,7,1,2,3,12,2,6,3,0,10,3,36,5,24,8,91,7,113,2,10,22,7,1,0,3,7,9,39,0,13,3,11,0,0,5,2,2,5,3,0,11,5,0,6,8,0,10,3,6,0,0,22,7,18,9,34,3,8,1,5,17,17,5,2,10,36,10,5,8,3,1,3,1,2,0,1,0,5,8,2,10,0,4,0,4,0,9,4,0,6,26,24,9,9,6,0,10,3,17,12,0,426,40,22,0,3,36,29,0,0,8,4,22,3,0,1,2,0,2,22,3,2,0,1,0,3,0,68,45,10,0,0,10,6,7,5,0,3,2,2,71,0,0,9,8,5,2,0,0,1,2,6,69,0,10,2,6,0,24,0,11,30,18,3,12,6,6,100,25,12,3,62,9,7,9,2,5,6,0,2,0,1,13,1,19,0,4,5,3,3,9,8,35,7,4,2,6,2,23,16,4,2,8,17,1,4,0,4,0,9,0,5,0,0,8,14,33,13,3,2,0,7,15,7,4,10,15,1,0,1,18,1,12,2,6,12,6,3,3,2,19,0,6,11,0,11,8,8,32,36,5,26,0,0,17,7,10,0,2,4,21,14,9,8,0,8,4,2,11,62,12,1,40,7,0,5,0,8,11,22,20,0,0,64,19,2,0,4,5,7,0,0,0,7,3,21,2,7,3,2,0,14,3,2,10,19,20,15,3,4,4,1,2,0,6,4,11,5,28,4,11,11,0,15,109,2,4,9,4,22,3,0,10,0,3,4,1,1,91,6,0,3,0,17,8,11,1,2,13,5,18,0,2,3,1,4,3,0,1,1,5,22,18,7,5,1,21,0,13,15,132,0,85,0,32,10,51,14,18,28,59,14,69,2,38,0,0,2,0,9,21,6,3,52,34,17,5,22,9,14,5,1,1,8,0,7,7,8,9,25,3,34,7,0,10,2,3,2,58,0,5,3,0,0,0,4,0,41,3,2,4,8,24,0,3,0,0,1,8,81,3,2,0,7,12,6,13,0,0,6,7,3,0,2,3,4,0,21,0,0,4,1,2,1,2,0,2,7,35,2,9,15,2,15,61,10,0,10,14,0,2,0,0,0,5,1,5,1,3,1,2,0,0,21,6,12,9,0,10,34,15,1,0,3,16,0,4,9,0,19,3,3,11,24,0,6,5,3,2,6,47,3,4,39,2,3,5,4,6,4,2,7,3,22,4,3,4,1,3,0,6,12,4,0,9,8,9,34,5,24,6,3,0,1,8,0,5,24,2,0,0,11,16,40,6,3,1,0,5,8,21,7,0,29,3,2,13,4,5,2,10,3,1,0,2,0,18,0,5,1,8,15,0,23,0,16,11,15,0,0,5,15,10,6,7,11,2,10,0,1,3,2,0,0,3,21,7,5,0,36,0,4,5,3,4,36,3,2,0,2,3,8,7,3,6,9,10,2,1,18,31,5,20,15,4,0,11,11,3,18,6,6,0,13,0,2,1,0,1,0,5,13,8,0,20,0,5,10,75,9,6,2,0,1,1,12,20,0,0,2,3,2,0,15,1,4,3,9,0,4,7,10,3,4,0,0,3,3,9,0,17,7,3,0,11,5,8,17,4,1,0,12,0,25,16,9,3,5,6,0,0,19,0,3,4,14,0,10,2,3,16,0,0,9,2,24,2,0,0,9,0,14,1,20,3,8,8,58,17,0,9,1,9,0,4,3,5,74,1,7,0,16,62,0,4,5,5,0,3,5,2,16,1,2,0,8,0,9,0,0,0,0,0
ERR912103,enx,0,0,26,7,0,2,9,52,20,0,18,2,4,40,62,3,3,12,32,1,5,1,7,0,29,0,46,0,7,7,11,1,2,52,6,1,11,4,9,1,25,47,16,7,0,24,13,1,0,14,9,26,6,1,5,3,5,19,0,5,27,8,3,3,3,1,15,6,10,4,0,1,2,15,4,6,21,5,6,19,8,3,170,3,64,50,8,4,7,6,19,27,1,3,0,7,1,1,3,7,0,15,5,2,0,29,16,1,10,9,0,8,0,0,5,3,18,23,17,1,8,34,2,5,36,17,161,19,1,4,7,8,13,8,21,16,15,22,60,13,1,8,26,0,49,55,9,8,1,1,6,0,45,84,18,2,0,9,9,6,34,0,1,7,4,127,11,2,42,4,4,22,3,8,4,9,11,107,5,2,0,3,10,15,14,9,7,10,2,0,16,3,64,2,22,2,32,38,5,40,7,0,3,0,7,7,25,12,19,13,9,12,4,1,6,1,0,28,3,2,13,34,6,0,10,3,2,0,6,23,4,8,9,13,24,13,2,0,0,5,22,3,6,11,28,11,1,24,0,2,74,18,0,36,8,6,0,1,36,19,20,1,4,1,2,2,1,0,12,18,50,2,1,18,2,25,5,20,1,16,3,2,3,12,5,26,2,4,8,2,10,48,14,3,62,4,9,12,4,16,3,6,35,3,35,9,63,2,39,24,5,3,0,11,0,1,4,0,1,1,5,1,5,3,4,18,15,0,2,6,17,6,0,9,2,27,2,3,0,13,1,19,3,8,5,17,3,0,0,46,5,1,33,2,4,6,10,16,112,0,5,2,8,52,10,20,8,0,26,22,17,54,32,12,0,10,7,1,6,11,4,2,0,4,1,2,11,21,5,2,1,30,16,10,6,55,0,6,0,22,15,113,18,6,8,24,2,112,19,27,50,3,0,0,0,107,7,1,40,13,7,12,32,5,3,6,2,8,32,1,12,0,9,17,55,0,54,3,7,30,3,2,0,50,5,6,2,1,12,6,2,7,21,20,3,0,1,10,5,2,15,8,6,0,36,46,5,26,14,12,22,29,7,1,3,48,0,0,5,24,2,19,15,2,0,4,2,6,0,7,42,23,3,2,0,3,18,4,117,7,4,0,5,9,0,2,1,0,2,58,4,8,45,5,5,14,7,11,4,13,12,12,3,16,13,7,5,6,0,32,0,14,5,0,3,17,21,38,23,21,4,7,0,3,4,23,4,2,40,12,2,10,1,8,13,9,4,0,10,3,6,0,5,11,14,26,15,0,0,6,23,3,5,3,33,20,4,2,1,4,43,14,1,0,4,12,0,11,25,21,7,1,11,7,2,2,18,7,10,3,5,0,6,3,5,5,3,1,7,9,4,6,7,2,11,4,42,0,0,33,8,1,27,0,11,2,0,1,31,2,10,34,2,9,9,8,11,15,6,11,14,5,0,0,7,0,23,10,2,1,0,10,0,11,0,0,5,0,0,2,6,1,2,0,0,4,3,5,6,0,15,4,7,1,8,2,2,6,6,8,36,12,21,0,38,5,4,47,0,62,16,0,7,90,4,0,1,0,2,4,4,2,7,41,2,6,2,4,14,14,6,5,2,8,4,12,10,7,6,26,6,0,0,7,24,4,9,0,19,5,4,4,1,1,6,0,4,1,0,3,2,7,10,1,12,2,44,4,5,36,2,2,1,0,7,9,0,4,12,6,19,1,7,11,5,7,3,1,5,3,19,5,129,13,12,14,3,4,10,0,17,0,12,5,17,7,0,12,18,7,0,10,0,0,0,6,15,4,0,0,14,14,0,14,11,0,4,16
ERR912113,enx,2,1,44,9,11,11,2,69,12,6,24,6,6,34,36,3,4,22,7,1,20,0,15,1,16,3,24,1,13,18,17,3,1,41,3,3,2,4,23,2,12,35,23,11,2,49,12,2,0,23,13,20,1,2,5,4,6,14,4,13,3,12,12,4,3,0,33,1,21,3,2,5,0,6,4,6,8,7,6,10,10,4,153,0,9,62,6,6,22,9,59,39,8,12,2,1,1,0,4,4,0,48,4,1,1,45,1,5,0,14,3,7,0,4,10,8,35,21,3,2,5,30,7,36,47,23,98,14,0,0,30,6,25,18,13,46,14,20,59,16,2,5,27,18,32,9,1,6,2,1,5,3,76,61,38,5,5,3,2,2,15,7,2,0,8,144,7,2,33,3,6,36,0,16,1,25,8,87,4,4,2,10,6,8,12,6,4,28,7,17,8,9,70,3,8,10,28,18,8,35,1,2,4,20,2,6,22,5,17,26,0,12,3,2,5,12,3,29,1,3,15,16,8,3,23,2,4,8,0,30,1,13,7,32,12,1,5,3,0,7,6,6,1,2,24,15,1,5,0,6,102,15,3,50,16,2,0,7,35,40,23,4,17,1,7,8,1,1,15,0,48,11,7,19,8,20,5,12,1,13,2,5,0,3,6,13,6,4,19,0,18,29,4,21,33,13,5,28,8,8,0,3,29,12,36,24,17,2,42,25,0,5,3,1,9,9,4,3,6,0,7,4,7,7,10,4,13,2,2,2,33,3,2,8,7,37,8,1,2,5,3,20,6,13,5,28,7,2,0,98,13,4,39,6,6,5,1,0,92,6,4,2,9,52,7,35,6,1,17,23,3,41,28,23,4,18,3,2,8,11,6,1,2,4,0,4,32,26,18,3,0,11,5,15,0,45,1,15,6,28,26,102,17,5,5,48,14,106,12,55,19,5,4,25,0,58,9,3,16,8,11,14,18,0,15,4,2,13,25,1,28,0,7,20,25,0,61,2,0,19,12,3,3,63,4,2,3,1,26,9,3,5,34,5,0,1,6,4,4,7,15,13,7,15,26,22,12,5,18,19,26,42,17,0,1,56,5,0,10,28,1,17,22,0,14,3,10,20,1,9,16,10,4,0,5,5,0,17,124,24,13,4,15,34,7,21,0,4,4,0,3,25,25,11,8,30,3,15,3,15,28,13,0,20,12,9,1,9,4,14,2,16,7,1,5,44,15,32,9,3,7,17,3,2,21,0,6,2,42,6,8,0,1,2,8,13,3,0,10,8,2,5,1,14,15,19,17,1,4,7,22,7,10,4,11,8,2,5,1,1,19,11,2,6,7,17,2,11,23,10,8,1,13,5,0,2,4,12,0,2,5,4,6,1,2,7,14,0,2,7,2,3,5,1,4,11,22,7,14,0,16,5,28,1,12,4,8,13,8,2,9,29,2,11,14,1,3,30,31,11,15,14,7,4,4,2,42,4,3,3,0,4,0,17,1,0,11,14,4,2,7,2,63,7,5,5,1,6,4,0,4,2,27,6,1,4,10,5,6,2,20,3,23,2,9,5,10,29,6,32,24,4,9,183,7,2,0,2,3,4,2,13,3,13,1,2,3,4,21,4,9,5,9,9,5,8,19,21,8,12,9,2,1,11,4,26,23,2,6,0,3,11,2,2,3,1,5,0,16,0,22,8,23,8,3,2,23,0,3,17,2,5,1,2,6,7,0,11,10,4,24,1,6,23,12,3,0,1,9,2,11,8,59,12,12,8,15,12,8,8,36,5,2,4,15,0,6,15,21,0,0,23,16,3,9,1,22,2,10,4,13,4,1,4,19,16,7,12
ERR912116,enx,4,2,7,2,1,9,6,34,33,1,6,16,3,19,19,3,4,0,18,1,19,2,10,1,9,27,11,4,6,15,9,0,5,38,6,8,9,13,8,0,16,18,27,2,3,61,42,0,0,6,11,9,24,1,4,7,7,15,0,5,11,4,11,1,0,2,14,5,13,5,2,2,1,15,5,6,51,26,10,7,12,7,82,2,12,30,11,11,3,10,55,15,7,4,2,2,1,1,0,0,0,2,5,9,2,36,7,1,0,1,3,19,0,2,5,16,31,11,25,5,4,19,3,0,45,14,89,28,1,5,2,15,56,0,9,11,2,3,38,2,0,6,0,15,29,5,5,0,1,2,18,2,50,39,3,4,5,5,3,2,45,5,2,10,4,46,6,2,5,5,9,9,0,3,4,4,10,138,4,2,0,0,2,24,3,8,4,18,3,25,10,5,61,1,24,3,29,17,11,14,0,6,7,0,10,13,14,8,15,23,7,0,2,2,6,13,0,0,1,3,6,15,12,9,6,5,2,8,4,18,3,3,6,9,23,10,1,0,1,5,6,6,4,9,7,2,2,16,13,5,27,4,3,8,2,6,3,11,7,15,16,4,4,5,2,10,5,6,15,7,30,22,5,5,15,20,7,15,1,9,1,6,6,10,0,20,6,5,3,2,12,14,8,6,40,25,12,38,5,25,4,6,18,16,42,16,33,4,53,30,4,0,1,5,5,15,0,3,4,10,11,6,1,12,2,14,13,6,3,2,46,7,9,3,3,19,9,1,0,6,0,17,9,20,9,12,5,0,0,64,1,5,24,2,11,3,4,30,42,0,9,10,9,80,6,3,7,9,8,10,2,17,14,33,0,26,5,1,2,8,13,1,3,6,4,2,23,8,35,2,4,31,11,18,0,83,0,85,0,41,13,83,10,3,21,44,13,193,8,55,23,3,3,16,2,63,19,5,40,23,30,32,31,3,5,5,13,3,6,3,16,0,7,26,84,2,48,2,5,21,4,5,0,66,2,4,3,1,7,2,4,7,9,24,14,1,4,11,4,7,20,3,3,9,89,17,11,11,6,19,45,16,18,1,5,22,3,9,9,3,2,4,44,1,0,2,1,29,1,5,22,26,7,0,0,23,10,4,32,21,12,4,11,44,12,6,2,3,1,11,7,10,23,5,10,16,6,4,10,17,44,3,4,24,61,12,3,0,6,31,0,11,12,2,7,3,20,27,16,8,2,1,4,8,3,29,4,2,42,4,6,3,1,2,12,9,2,4,16,10,8,2,2,7,8,21,21,0,3,0,16,7,27,6,33,8,6,3,1,5,21,8,5,0,2,3,5,21,33,13,4,0,14,22,3,4,7,0,10,0,13,0,4,0,6,13,6,1,9,10,7,20,7,2,11,1,61,2,57,0,25,8,52,2,3,11,4,4,31,2,2,0,2,11,1,3,6,4,4,8,21,11,12,7,24,5,57,2,0,7,5,22,3,11,1,1,8,8,10,9,16,9,29,1,35,11,3,13,4,4,9,8,24,4,2,9,11,1,3,1,12,8,2,2,23,10,8,20,6,25,8,4,13,44,5,9,2,14,1,2,2,22,7,28,1,2,4,0,29,13,4,4,0,3,3,5,16,7,6,11,13,2,0,7,15,25,7,2,16,8,3,9,3,11,6,4,3,2,73,26,5,16,14,5,15,3,25,0,1,47,5,2,1,9,7,19,1,0,22,0,7,2,12,2,19,8,8,1,9,3,10,5,41,19,2,11,3,2,4,0,1,0,14,2,16,10,13,66,6,10,31,11,0,7,9,4,28,4,8,3,8,11,24,5,0,8,1,8
ERR912119,enx,0,4,12,7,2,1,6,49,45,5,9,10,7,25,33,3,7,22,10,1,9,0,8,5,11,3,12,1,1,16,11,1,2,22,6,9,2,5,7,2,31,34,18,5,2,44,13,2,0,10,6,20,3,0,8,8,10,10,0,3,2,7,7,1,0,4,17,1,27,1,6,5,1,10,2,0,17,5,6,12,10,2,101,0,0,39,6,16,5,3,65,28,3,2,2,1,1,4,3,3,1,21,0,3,2,19,17,3,0,8,0,6,1,0,11,5,17,10,4,2,4,32,9,0,26,21,116,22,2,0,7,6,28,7,9,20,9,15,23,8,0,5,50,5,22,3,0,4,0,1,1,3,55,32,10,0,3,7,8,0,54,0,1,4,2,106,2,4,12,8,2,11,2,3,1,8,4,85,7,3,1,5,0,16,7,2,2,12,0,15,4,2,62,0,8,4,9,15,4,26,0,9,7,0,16,7,17,0,19,36,6,6,4,1,2,6,2,15,2,3,9,16,4,8,2,3,2,0,5,18,8,2,8,10,10,11,7,8,0,5,12,4,1,6,10,3,2,9,0,2,32,11,1,21,6,4,1,9,21,26,12,3,5,2,5,6,5,1,9,13,41,3,3,21,7,11,3,9,1,7,5,4,0,3,3,23,7,2,8,1,16,24,6,14,35,10,6,23,5,20,5,2,19,0,49,5,38,4,35,16,2,0,4,3,26,15,0,5,0,3,13,2,2,6,1,5,18,3,2,0,14,4,2,3,3,17,3,4,1,2,0,12,4,7,13,11,7,1,0,107,3,5,19,3,6,0,13,10,67,2,0,3,1,68,3,20,4,0,11,17,0,17,11,45,0,22,9,1,3,7,6,0,0,4,3,4,46,18,6,4,1,11,13,10,0,25,0,10,0,20,13,55,4,4,27,40,2,72,12,46,13,3,11,25,4,78,7,1,19,3,8,7,34,3,3,3,2,6,14,1,20,3,10,13,84,0,60,14,4,33,4,1,5,35,2,2,0,3,11,3,0,10,17,19,10,0,2,7,6,3,15,3,2,8,30,14,16,9,5,13,32,13,15,4,2,41,2,0,3,18,2,7,15,2,0,7,3,9,2,9,20,17,11,0,3,5,5,2,72,10,2,0,11,70,1,15,2,0,1,9,3,10,10,6,8,14,6,11,3,4,25,8,2,20,17,3,1,9,6,36,1,18,5,0,7,23,17,29,17,0,6,9,0,2,7,7,3,4,51,1,1,3,3,2,9,25,4,2,2,1,7,0,1,4,9,27,24,2,3,7,12,3,6,8,25,12,0,2,6,2,16,11,0,0,1,5,4,38,12,5,2,1,2,3,9,8,4,10,6,2,4,7,6,4,5,3,9,1,5,2,2,21,5,3,8,6,12,0,12,20,4,1,19,0,9,9,0,2,38,0,8,14,5,14,8,2,5,5,9,11,18,7,20,6,21,2,39,14,1,3,4,0,1,11,6,1,6,4,0,3,12,2,2,4,3,5,3,5,8,0,5,8,18,3,6,2,15,5,4,0,15,8,7,1,14,12,5,27,22,28,4,2,4,60,5,1,0,0,3,5,1,11,7,41,1,0,3,0,25,6,20,5,4,7,2,2,5,5,10,6,0,4,0,7,8,4,2,3,15,10,4,10,1,2,1,0,0,0,36,3,16,9,19,5,18,2,13,0,1,36,2,5,1,2,7,4,0,6,11,1,18,2,20,13,6,7,6,2,10,1,11,9,88,16,5,7,11,3,0,1,13,1,7,7,10,15,3,25,10,21,0,23,0,5,9,2,22,1,6,2,10,13,3,10,5,11,0,9
ERR912120,enx,0,3,7,3,6,0,0,7,9,1,4,0,3,6,0,0,4,0,0,1,2,0,3,0,0,3,4,0,7,8,2,2,5,4,3,4,109,1,89,7,5,3,2,3,0,0,6,1,0,2,5,5,2,2,5,2,2,1,0,13,2,0,5,3,0,10,7,1,0,2,0,2,1,0,2,0,12,0,42,1,3,1,27,0,0,91,20,3,1,4,5,1,1,1,1,2,1,4,0,4,1,4,0,5,1,5,4,3,0,2,0,4,2,0,0,63,17,13,1,2,0,5,1,17,6,0,16,10,1,0,0,2,5,2,0,17,0,3,5,2,0,0,0,0,8,4,0,0,0,2,1,1,6,18,2,0,0,0,0,4,0,0,1,2,0,72,4,3,4,3,3,5,0,1,2,1,0,26,0,4,3,3,0,157,3,5,11,2,0,0,3,0,146,7,4,1,137,3,3,5,2,2,7,3,4,1,1,9,3,12,0,3,5,2,0,2,0,3,2,0,4,5,2,50,4,0,1,0,3,2,0,1,5,2,1,0,1,0,0,1,0,6,1,0,1,2,0,7,0,1,6,4,0,4,2,3,1,0,7,3,5,3,0,1,6,4,1,1,1,0,15,2,3,15,94,3,4,3,0,9,2,3,0,79,0,15,5,4,6,0,13,8,6,3,16,4,4,7,2,4,3,0,5,2,9,7,10,1,7,10,0,0,3,1,0,2,2,0,0,0,124,0,4,2,2,4,0,2,3,0,4,71,2,2,5,4,1,2,0,3,0,20,1,13,1,9,3,1,0,349,2,1,6,3,9,5,1,0,12,0,2,2,0,18,1,7,0,2,3,1,2,4,3,9,0,13,1,3,5,3,2,1,0,1,1,2,8,4,9,0,0,16,1,0,0,25,0,10,0,4,3,7,0,4,32,20,2,19,4,0,4,8,0,0,0,8,6,1,11,5,5,8,4,1,8,3,1,3,19,1,5,0,3,19,19,0,9,4,0,6,1,2,0,15,1,2,0,1,4,0,2,6,162,2,7,0,1,7,2,2,10,2,0,3,3,11,0,3,1,5,5,9,5,0,1,3,5,2,12,2,0,1,11,0,0,0,0,11,0,0,7,2,1,0,2,2,1,0,15,23,4,0,3,8,2,0,0,0,0,0,0,7,5,5,1,1,1,2,2,4,8,3,2,2,7,2,1,0,3,7,0,1,0,5,154,0,4,11,85,3,1,1,1,0,1,0,0,0,9,0,5,3,1,4,3,2,4,0,4,0,0,4,2,5,0,8,2,3,1,5,5,2,2,5,115,11,3,2,0,41,6,3,79,0,0,0,2,12,7,0,1,0,6,0,0,35,0,2,5,0,3,0,3,1,0,5,0,0,0,0,2,2,0,2,5,6,6,0,0,0,10,1,2,0,0,0,0,3,16,2,2,4,4,0,2,24,2,2,7,6,5,1,0,0,36,1,14,1,1,5,147,2,1,3,0,1,12,0,2,2,1,1,1,0,3,6,3,5,4,1,0,2,6,6,70,4,4,0,12,1,4,2,10,0,2,3,7,13,0,86,2,1,3,10,7,0,1,0,1,0,2,94,0,9,2,3,2,3,8,6,0,1,0,2,3,5,2,7,10,3,3,4,4,6,4,5,0,0,2,59,3,5,44,3,0,1,2,0,3,0,2,0,8,0,2,0,5,0,0,4,0,0,2,1,0,4,0,0,6,2,5,1,2,2,0,2,77,0,8,2,2,10,22,11,0,3,1,5,1,0,8,4,3,2,7,0,3,5,0,0,5,0,4,4,3,0,5,1,0,0,1,0,0,3,0,0,0,1
ERR912130,enx,1,3,11,0,1,2,2,44,17,2,3,8,4,28,11,1,2,7,6,0,2,8,2,0,10,8,17,0,1,4,4,1,1,17,2,2,11,2,13,0,16,16,25,6,14,33,8,2,0,10,5,18,13,1,5,3,3,6,0,7,5,2,1,0,0,0,16,0,4,2,0,0,0,6,0,6,19,12,3,5,2,4,101,0,9,30,2,4,8,3,17,11,0,0,0,5,1,4,1,0,0,10,8,0,0,13,2,0,6,7,6,3,0,3,2,5,12,4,10,5,2,29,16,5,12,8,199,6,3,0,8,10,26,4,9,21,18,15,39,9,1,2,15,2,11,5,5,0,2,0,2,7,38,47,21,6,0,0,6,3,0,2,0,0,2,118,13,0,16,8,2,14,2,0,0,8,4,89,2,1,0,8,3,5,17,14,3,5,3,3,8,2,25,3,5,10,51,9,2,28,1,1,0,7,2,3,12,0,6,7,5,1,1,0,3,3,1,18,0,3,6,10,3,7,6,1,0,0,2,19,1,5,5,10,10,5,6,0,1,1,0,2,3,9,45,4,2,11,0,2,37,4,1,18,6,8,0,9,22,14,8,2,3,2,4,5,4,3,12,0,27,2,8,0,12,16,8,9,1,11,3,2,3,5,2,10,5,1,3,0,4,22,0,12,44,11,5,20,3,4,5,1,14,0,10,22,18,1,20,8,1,5,0,3,26,5,0,1,5,0,6,0,1,2,2,5,9,0,3,1,20,3,0,1,0,15,1,0,0,1,0,13,4,5,12,13,2,1,0,44,4,2,26,0,9,1,3,0,50,2,15,2,0,44,8,21,2,1,6,10,11,16,21,7,0,5,2,1,0,2,2,1,1,7,1,1,14,33,20,2,1,6,6,42,10,80,9,55,0,19,7,68,14,0,15,8,7,117,10,19,13,5,6,8,4,51,7,1,28,10,5,10,11,0,2,7,6,3,11,2,9,2,1,13,22,1,10,5,2,8,3,0,5,60,4,4,2,1,7,11,2,1,25,3,2,2,2,12,6,2,15,2,4,2,46,5,0,1,7,11,5,21,2,1,2,29,0,0,0,12,1,3,12,2,4,0,1,24,0,9,13,4,3,0,2,17,2,2,87,18,4,0,2,10,5,4,0,0,0,9,2,6,19,11,1,12,3,11,5,3,12,6,4,10,20,3,1,7,13,5,0,13,7,1,0,23,4,10,5,23,1,3,0,3,9,35,4,5,24,8,0,0,2,0,3,6,3,12,3,3,2,0,2,2,9,2,6,0,1,1,19,5,17,0,13,5,0,5,0,4,20,10,2,3,4,5,2,6,16,6,6,0,2,19,0,3,4,3,2,0,5,4,3,0,2,5,0,2,0,0,2,3,3,1,3,3,23,2,22,6,6,5,4,1,5,5,4,9,6,0,0,9,10,11,2,2,3,20,2,3,7,17,2,4,21,0,38,0,0,5,6,2,6,8,1,1,1,2,0,0,3,5,5,2,28,5,3,2,67,0,4,0,4,0,3,1,5,0,0,5,23,3,7,2,12,3,3,17,10,29,10,0,1,60,2,3,1,0,2,1,4,14,6,14,1,0,1,0,6,3,4,3,0,6,1,0,7,0,2,6,7,3,0,6,6,2,3,0,2,5,2,4,2,2,1,3,0,0,11,18,5,8,5,5,3,0,8,4,1,6,6,4,1,0,2,0,2,2,10,1,15,1,11,7,1,2,4,0,4,1,2,18,79,6,6,4,7,12,5,0,21,0,10,7,8,7,3,33,10,0,0,9,10,4,0,3,34,0,2,3,14,3,15,4,11,1,0,13
ERR912134,enx,3,7,12,9,14,0,10,25,34,2,30,12,7,27,22,1,14,38,8,3,14,2,23,1,8,10,19,2,9,40,9,6,6,44,14,8,20,9,17,9,40,20,8,8,2,11,17,3,1,11,4,9,7,3,15,7,10,23,2,21,9,18,12,9,0,2,15,8,10,9,0,15,0,28,25,0,16,5,11,18,18,5,76,1,45,45,16,8,3,37,137,24,3,27,5,2,5,4,6,11,3,12,20,10,3,50,7,5,0,5,0,17,4,0,0,10,55,10,10,12,16,30,1,49,19,30,226,48,4,0,5,17,47,2,12,35,5,14,28,0,11,5,74,10,31,3,12,0,2,10,14,6,29,55,7,3,0,14,24,11,26,22,35,16,2,38,28,4,11,6,18,27,5,4,1,10,12,114,2,7,4,6,23,33,5,15,6,30,23,12,47,10,71,11,16,9,37,12,20,34,5,15,7,0,11,21,15,8,9,51,9,27,13,6,14,18,5,15,9,4,29,22,6,8,102,4,3,14,8,12,4,34,14,8,15,6,7,8,2,12,15,10,8,0,7,2,1,49,0,8,3,15,4,0,0,10,0,15,14,7,21,10,7,2,14,7,12,9,16,13,24,20,13,131,11,14,10,22,2,19,7,18,6,15,11,40,9,17,13,0,43,24,23,10,17,23,4,41,11,2,4,7,35,5,46,17,30,3,57,92,0,5,6,6,5,17,0,5,6,2,20,1,10,10,2,11,23,12,2,5,36,8,8,22,15,16,4,9,1,16,6,38,3,11,5,18,13,4,0,69,2,2,74,5,28,8,7,11,46,2,5,5,27,129,21,0,6,0,7,12,6,31,18,44,1,29,4,2,9,14,3,3,0,5,1,4,52,15,10,17,1,31,13,30,11,67,0,60,42,29,12,113,24,16,9,94,1,109,20,65,39,6,14,30,2,62,22,9,28,11,31,27,37,2,15,10,2,12,16,6,22,2,6,28,60,3,52,7,0,37,4,3,6,29,5,20,8,2,11,3,11,6,11,11,14,9,3,28,8,13,20,26,6,26,53,29,14,8,7,24,37,22,24,6,15,7,12,9,7,6,0,5,90,1,0,1,9,15,1,14,18,13,7,8,7,13,16,10,46,23,4,1,11,46,0,7,2,0,4,13,2,27,13,20,8,20,2,5,5,12,26,5,7,65,36,10,4,0,17,21,8,14,10,4,9,6,18,49,26,37,2,6,7,2,3,0,8,2,43,12,10,3,2,7,14,10,11,2,17,4,7,14,4,12,4,17,39,12,7,14,21,8,17,19,19,49,16,3,3,7,21,7,4,2,3,0,10,34,65,19,8,8,31,27,2,5,13,6,8,9,3,7,35,1,7,12,8,6,0,2,23,28,18,7,9,15,60,0,21,3,28,5,25,5,5,26,6,18,20,13,11,0,8,42,0,7,12,13,19,28,32,10,27,0,21,4,17,22,4,14,7,12,2,15,1,0,25,7,1,10,40,7,2,26,33,45,10,60,11,6,5,19,26,4,6,15,4,12,28,20,19,4,21,7,13,22,40,24,10,24,13,4,10,71,13,10,0,2,2,4,9,18,2,12,6,12,5,7,12,13,28,6,2,13,20,23,19,44,21,24,13,22,2,15,6,20,44,0,15,12,15,23,3,10,7,8,11,3,62,2,19,6,20,16,8,6,25,1,4,15,11,5,3,0,26,11,2,0,11,9,48,5,36,0,7,5,7,4,16,14,18,15,120,29,0,31,6,2,9,7,10,19,16,9,19,4,8,37,6,0,0,13,6,9,11,1,21,4,3,4,9,10,1,13,0,6,4,5
ERR912139,enx,1,1,3,0,5,3,0,34,29,1,11,0,14,21,27,7,5,13,11,1,16,2,6,0,13,10,16,2,5,11,15,2,0,35,3,12,10,3,19,0,30,35,44,5,4,14,21,1,1,8,6,24,25,3,8,12,7,25,6,0,9,4,6,1,0,0,9,6,18,1,6,5,1,3,2,0,0,8,7,26,5,4,69,1,0,50,8,6,11,5,30,26,5,9,1,4,4,1,5,0,1,0,8,1,1,48,6,1,0,1,0,14,1,0,0,10,24,16,6,2,7,28,4,16,56,13,215,21,1,0,2,19,27,5,9,35,23,26,51,7,6,4,38,8,58,84,3,29,2,2,6,0,35,45,9,2,2,3,3,0,21,1,2,1,2,75,6,4,36,10,7,15,10,9,7,14,15,115,0,6,0,5,6,27,14,3,6,21,0,27,18,2,63,3,17,7,28,22,9,24,2,1,2,0,7,3,17,8,10,10,6,7,3,1,9,14,3,24,1,2,11,12,4,8,4,4,3,1,4,11,10,5,6,9,12,2,3,3,0,7,5,15,4,2,21,5,2,28,7,5,38,10,3,40,11,6,0,12,20,32,20,5,1,1,3,15,6,9,24,4,23,15,3,9,18,12,7,13,2,18,9,3,7,4,2,9,2,3,6,0,18,14,2,12,24,3,18,23,7,10,3,6,15,16,19,8,25,3,29,17,0,0,1,3,13,3,3,2,9,1,13,8,3,3,1,12,26,3,5,0,23,12,5,6,5,18,2,0,0,12,1,9,9,6,38,15,9,2,2,51,4,6,24,2,12,8,5,22,46,0,2,3,25,72,12,18,3,1,5,5,0,28,11,20,3,16,3,0,12,12,12,2,0,8,2,10,15,27,16,8,4,51,11,4,0,132,0,83,10,46,20,86,12,3,22,42,7,153,9,19,19,5,2,22,6,86,12,1,37,26,12,20,18,2,7,2,7,6,16,3,13,1,4,15,44,6,58,6,3,17,4,0,4,30,4,7,0,1,13,9,4,5,25,17,4,0,2,29,5,9,11,6,7,6,46,30,15,8,6,18,26,30,36,0,2,29,0,6,10,26,2,10,20,0,0,3,3,8,4,9,12,8,6,2,2,5,9,6,76,16,0,13,16,33,5,19,0,1,3,17,2,28,31,10,2,12,2,6,7,10,28,6,6,17,27,18,5,8,5,20,0,17,1,0,20,14,11,42,11,32,1,3,0,9,9,75,6,2,39,5,3,6,1,0,19,10,3,2,11,13,3,2,4,7,11,25,15,1,2,3,19,7,3,4,22,9,2,6,2,6,16,13,11,0,3,5,0,29,29,19,8,1,6,29,0,6,5,6,9,2,5,27,12,2,7,8,0,1,2,10,4,9,7,2,7,2,87,0,23,0,9,8,30,2,5,2,7,4,11,0,9,18,6,36,2,2,6,13,17,9,23,8,3,0,11,0,39,6,1,1,15,9,0,7,0,1,14,9,0,0,10,7,23,3,0,12,1,11,3,0,7,8,11,2,10,6,8,8,2,6,33,4,19,1,11,8,10,25,0,44,14,3,9,54,1,2,0,14,0,8,2,22,4,19,0,0,5,3,16,7,4,8,7,7,9,3,19,11,6,21,13,13,0,4,11,20,7,3,6,8,2,9,9,0,2,0,3,1,33,10,5,12,13,6,7,3,14,0,1,13,8,2,0,1,9,9,3,4,21,4,22,0,6,10,15,12,6,1,7,3,8,4,121,20,4,15,3,5,6,2,11,3,30,3,13,7,30,36,15,19,5,7,3,5,27,10,48,3,2,3,4,8,3,5,6,9,2,10
ERR912140,enx,3,3,16,2,5,9,2,19,38,0,6,2,3,10,8,11,4,0,5,2,8,3,9,1,1,12,8,2,2,8,15,1,1,13,4,20,4,5,20,0,16,12,34,3,15,34,43,1,0,5,5,27,11,2,7,9,3,17,5,5,3,4,4,2,0,0,6,5,38,1,21,2,0,2,0,0,16,25,4,32,3,6,20,1,5,11,4,4,3,7,39,24,4,8,1,5,1,4,0,0,0,6,2,2,1,21,4,1,0,2,1,9,0,0,8,6,10,14,6,3,4,14,14,0,44,2,53,25,1,0,2,9,48,0,4,2,2,7,12,2,1,2,51,15,92,41,2,0,1,2,6,1,23,15,2,8,3,5,0,2,20,1,1,2,0,22,4,1,11,6,4,7,5,1,3,11,8,112,1,3,0,3,0,7,2,6,3,18,2,34,6,3,62,3,23,7,13,7,5,17,1,3,0,0,7,7,10,5,4,10,5,2,3,0,4,9,2,6,3,5,2,6,7,1,7,0,2,0,2,8,12,1,3,0,18,5,2,0,0,8,5,5,4,4,1,2,1,11,22,6,20,19,0,4,6,2,1,6,15,51,9,2,1,2,3,6,1,1,31,4,18,14,8,27,10,6,3,4,2,8,10,3,4,3,1,20,1,3,3,1,2,9,4,3,18,9,4,24,4,5,5,0,14,12,31,9,19,3,45,35,3,3,0,2,23,2,0,2,10,1,5,8,2,16,1,9,35,4,1,0,33,4,6,9,4,14,3,1,1,3,1,5,8,14,17,17,10,1,0,34,2,12,13,1,9,4,4,10,38,0,9,3,16,78,5,2,4,6,3,3,8,5,10,7,0,11,2,2,2,1,8,1,0,3,3,8,10,33,34,9,2,26,2,18,6,75,2,32,0,39,5,64,2,6,10,56,4,97,0,38,10,10,8,16,0,94,16,2,20,16,13,50,23,2,5,7,2,8,10,1,10,2,5,24,90,1,120,12,2,17,3,2,5,23,1,2,5,0,5,2,0,8,7,2,2,2,1,24,1,4,17,4,3,5,64,21,2,6,7,18,12,10,29,0,10,11,3,2,3,10,4,2,26,4,0,5,7,18,2,2,19,10,12,0,2,7,4,6,25,13,5,1,22,78,11,9,0,1,1,9,2,0,17,4,2,5,2,3,5,10,42,11,2,15,40,7,1,0,11,21,0,19,10,6,0,12,9,29,10,0,0,1,1,1,13,108,0,0,52,1,2,3,2,2,30,11,3,11,6,16,1,1,1,2,4,55,19,3,3,1,20,4,10,7,14,6,0,2,6,2,12,15,0,7,1,0,0,11,38,30,1,0,2,8,22,4,0,0,0,0,4,7,11,0,2,13,2,7,4,19,0,6,0,0,8,3,43,3,6,0,24,0,10,2,2,3,2,0,3,6,4,9,8,12,2,2,3,5,6,8,25,9,5,4,25,0,40,4,2,1,3,11,0,7,0,3,5,7,2,5,7,3,31,1,12,8,0,4,0,2,3,6,10,6,5,6,27,4,10,0,7,2,3,4,6,6,7,9,10,15,7,2,3,29,6,0,2,7,6,0,3,22,6,13,0,3,1,0,20,8,4,4,4,2,2,3,16,0,4,5,0,3,1,11,2,10,7,3,7,4,6,6,3,5,1,2,0,1,18,11,5,24,11,13,10,2,4,1,0,22,5,2,0,2,12,9,0,2,23,3,5,2,4,0,9,2,0,2,7,6,6,3,61,20,2,15,3,2,1,4,6,1,12,4,9,7,52,25,3,37,0,8,0,4,37,12,121,1,2,7,5,9,11,5,0,3,2,2
ERR912151,enx,7,3,18,1,7,12,2,46,56,4,12,24,5,51,36,2,5,17,4,0,8,3,15,1,8,0,21,2,8,12,5,1,7,24,4,12,17,5,16,1,11,16,11,4,2,17,11,1,1,6,2,16,2,6,4,11,6,18,2,3,6,13,7,2,4,2,28,6,13,10,0,7,1,26,0,16,17,0,10,10,7,5,214,1,20,23,13,16,2,6,55,14,1,9,6,3,4,6,1,0,0,6,21,15,0,22,5,0,0,4,2,10,2,4,0,8,13,15,8,2,16,27,2,0,19,13,187,33,2,0,7,4,21,2,9,15,9,7,26,8,0,9,38,11,22,6,4,3,0,0,3,1,29,33,9,9,0,5,0,5,26,5,1,1,4,29,7,6,13,7,3,15,0,6,3,2,11,100,0,2,5,2,12,12,4,25,5,8,3,18,10,3,34,6,31,13,31,8,4,27,2,1,7,2,6,9,10,5,8,10,5,8,7,6,7,14,2,19,5,3,16,27,4,4,7,1,5,2,3,11,2,7,7,7,17,8,3,8,3,4,3,2,3,4,12,8,6,17,0,4,28,17,2,6,9,2,2,2,21,12,13,3,3,4,2,7,1,4,13,16,9,2,1,10,7,6,3,14,2,19,2,15,4,15,3,8,7,9,6,0,11,11,8,2,26,26,2,7,3,6,6,3,16,0,32,7,16,2,38,16,1,0,0,9,0,4,3,1,7,24,15,3,2,11,3,3,14,3,2,3,37,10,1,5,7,13,1,0,0,4,3,5,0,2,23,7,18,1,8,78,2,1,18,2,4,2,5,21,43,0,0,8,17,51,7,16,4,0,8,8,6,33,17,14,1,16,10,2,2,13,9,1,4,3,1,2,24,19,7,4,2,11,8,10,6,33,6,10,0,39,10,61,8,7,13,43,25,93,9,46,33,3,4,29,2,42,19,3,41,7,21,18,19,3,16,4,7,4,9,1,9,1,10,7,45,4,45,2,6,6,4,4,2,21,3,6,1,1,4,5,3,7,15,13,4,4,1,21,9,2,3,5,7,5,40,20,12,4,13,9,31,13,11,0,4,18,5,0,4,8,2,10,16,1,1,0,7,11,0,1,39,6,6,3,10,2,4,6,39,7,7,1,7,25,0,2,5,6,3,26,3,12,19,8,6,15,5,6,2,16,14,4,5,27,16,3,2,2,3,16,2,17,2,1,5,11,8,23,23,14,2,3,1,0,4,64,25,4,35,3,2,2,2,2,14,21,2,19,9,18,3,3,1,3,4,10,9,1,2,2,12,3,18,6,26,6,0,4,0,4,20,6,5,5,1,0,2,13,35,14,4,0,6,22,2,2,3,3,2,2,1,7,3,0,2,12,3,2,0,8,0,11,7,1,6,9,43,0,6,8,3,2,19,6,6,2,2,2,18,2,3,11,5,21,3,2,3,7,4,7,38,7,2,4,31,0,19,3,1,1,6,6,0,19,2,1,5,4,10,5,15,3,18,1,7,8,13,3,19,5,6,7,9,1,10,3,3,12,4,9,21,4,8,2,2,5,5,24,18,23,10,1,5,20,3,0,1,3,1,6,2,29,4,13,1,0,3,5,17,3,6,2,4,8,2,4,6,3,3,13,4,2,0,3,3,7,7,0,6,5,0,4,3,2,1,0,2,0,5,3,3,17,13,1,7,0,15,0,2,24,2,8,3,14,3,4,0,3,12,7,10,3,5,5,6,2,16,0,7,5,14,7,69,9,5,14,3,2,13,5,10,0,7,9,15,12,8,17,12,0,42,10,3,2,11,2,10,3,4,5,4,3,1,14,4,5,0,15
ERR912152,enx,0,7,14,7,3,1,1,75,9,7,14,4,5,59,41,5,7,8,11,1,7,3,10,2,14,0,37,1,8,6,19,2,0,58,6,5,5,4,4,1,24,70,14,21,9,32,13,10,0,45,11,48,5,2,7,7,8,25,4,0,10,1,3,2,0,1,28,1,8,6,4,1,3,17,0,13,17,19,4,19,6,4,164,1,12,80,12,2,5,2,32,28,3,8,1,3,2,1,6,2,2,51,0,1,1,17,9,0,0,22,1,6,0,0,6,3,15,9,14,2,5,65,5,5,26,5,162,21,1,2,11,7,15,8,5,82,30,19,95,25,0,14,26,5,20,20,9,6,2,4,12,0,87,113,2,0,0,9,6,2,23,0,1,16,0,226,6,1,43,3,3,38,5,16,0,15,4,117,0,2,3,2,3,21,41,7,0,8,0,8,8,4,42,3,12,6,44,40,12,46,1,1,2,2,3,6,28,0,29,13,13,5,2,1,6,3,1,49,3,2,13,20,8,3,5,1,2,0,6,51,6,8,14,29,12,4,2,5,0,5,8,1,9,4,38,16,2,10,0,1,105,6,0,31,36,3,2,3,40,38,20,1,1,1,1,10,3,1,4,18,56,0,3,12,3,34,2,20,0,11,18,9,2,9,6,11,0,3,8,1,16,54,6,27,59,6,17,18,2,7,10,4,30,5,23,5,21,1,47,18,0,5,0,2,17,6,3,6,3,0,5,0,2,3,0,3,10,3,2,0,14,9,3,4,4,48,0,1,3,1,1,12,4,5,9,43,7,1,0,99,13,4,68,1,9,5,5,54,124,0,2,2,12,55,12,51,5,3,30,36,4,48,38,23,1,29,7,1,6,18,5,0,0,6,1,12,24,10,6,4,0,11,26,7,10,56,0,28,0,26,46,111,28,4,15,33,2,146,31,19,21,5,4,7,4,106,7,1,32,9,13,9,34,3,0,5,2,20,6,1,28,5,9,11,43,1,34,26,0,17,11,7,3,72,5,5,0,2,36,15,5,8,42,20,4,2,0,11,9,3,6,12,9,4,18,20,3,6,15,22,13,81,17,2,7,77,4,2,7,43,0,25,20,3,0,3,6,12,0,2,15,16,3,2,2,6,2,2,198,7,2,1,8,37,2,0,1,0,2,15,4,8,46,3,6,26,5,22,1,4,25,23,14,21,20,5,3,16,5,19,0,35,4,1,3,60,10,30,19,52,1,21,2,6,11,0,7,2,40,4,2,0,3,4,7,23,4,2,4,0,5,0,2,9,30,17,22,1,3,0,28,4,3,2,27,6,2,0,2,0,11,26,0,0,9,0,2,17,21,16,14,0,5,10,13,6,4,22,4,0,3,0,5,0,3,6,5,4,4,2,7,7,7,2,8,0,21,0,3,45,8,0,10,2,20,4,2,4,17,0,3,43,2,6,25,2,7,26,4,18,15,8,10,12,31,3,54,6,1,0,2,0,10,7,2,1,7,5,1,0,8,1,5,6,3,3,5,3,13,1,6,0,5,3,4,5,6,3,6,4,44,5,23,2,16,4,6,46,0,63,36,1,7,105,3,3,2,0,1,1,0,15,11,37,2,0,2,4,15,9,0,2,0,26,5,6,6,5,3,9,5,10,0,15,13,2,15,0,15,5,5,6,3,2,4,3,3,4,22,2,6,5,4,6,13,4,28,0,4,38,4,2,1,0,7,17,3,2,23,2,13,3,18,40,0,10,3,2,9,3,3,5,109,13,7,2,12,4,8,1,27,1,4,3,20,0,0,22,33,16,0,7,2,5,0,1,15,1,2,2,19,7,1,7,31,15,0,12
ERR912158,enx,6,8,3,1,2,7,2,33,21,2,11,18,4,39,14,2,6,13,8,1,16,1,17,0,9,8,30,7,5,14,9,3,1,19,13,7,5,12,6,10,25,20,34,11,0,28,8,1,2,18,5,9,10,2,8,4,4,9,0,3,8,2,18,1,0,3,15,5,23,6,4,2,2,25,4,8,53,12,8,18,6,3,76,6,32,36,17,6,4,8,112,16,2,13,1,6,1,1,0,4,1,12,4,3,1,43,8,1,0,4,0,31,1,0,2,11,42,8,18,11,4,24,7,0,35,6,109,40,0,0,3,7,33,2,8,16,11,13,34,3,0,7,16,2,20,14,2,0,4,1,26,3,28,34,6,8,2,7,0,0,45,6,7,16,2,51,6,3,16,5,0,18,5,4,1,7,28,125,0,3,1,2,11,18,3,6,0,9,2,8,14,5,32,1,8,1,26,12,11,21,3,2,8,0,9,9,12,5,10,13,6,8,2,1,16,5,6,9,1,5,11,11,10,4,23,3,3,1,11,11,2,7,11,8,5,2,4,3,3,15,23,6,3,9,18,5,1,15,7,7,25,6,3,18,18,2,3,1,12,23,7,4,3,6,7,15,4,1,12,10,21,11,5,39,4,11,11,25,1,12,6,11,2,8,3,17,4,9,3,0,23,12,3,20,60,14,15,31,14,2,15,6,20,16,29,8,33,5,39,26,18,0,0,6,7,4,2,2,13,0,2,1,3,4,1,7,20,2,3,2,29,4,8,5,19,12,5,1,2,4,1,12,8,21,2,15,7,1,0,38,1,3,42,3,13,7,1,28,56,0,6,6,7,82,9,12,18,10,21,14,7,18,7,27,0,16,6,1,2,10,6,2,7,5,1,2,18,18,12,9,0,31,6,16,0,52,1,29,13,36,19,130,7,7,18,76,7,131,14,28,25,3,4,9,0,93,18,5,17,15,18,13,43,4,16,9,3,4,8,5,14,2,12,13,21,4,33,5,2,21,3,10,8,34,1,14,4,11,8,5,5,8,13,5,28,3,2,9,10,6,6,3,6,24,42,30,9,9,6,28,17,40,17,0,2,12,6,0,5,9,3,4,28,1,0,4,4,18,1,10,9,6,5,0,9,22,3,0,60,14,8,3,12,52,4,0,4,5,1,21,1,7,20,5,4,11,4,7,5,20,54,8,4,25,24,1,4,1,8,11,6,11,9,4,9,12,10,31,14,16,1,6,3,7,11,7,11,3,44,3,2,7,1,3,10,13,1,7,3,6,9,2,1,2,9,19,31,1,2,3,12,2,6,5,18,8,2,4,0,0,8,13,3,2,3,8,2,24,24,9,11,2,13,0,2,8,10,2,13,2,5,28,4,0,6,17,0,4,15,5,4,14,0,3,5,12,14,12,34,5,10,3,35,0,4,10,4,2,6,0,6,11,2,12,3,0,1,10,14,10,24,17,7,36,18,0,19,4,3,3,2,6,8,39,1,2,14,4,28,15,22,8,26,1,46,17,4,5,0,3,5,7,23,4,4,10,6,11,4,3,15,5,11,6,2,10,3,20,0,28,17,12,13,60,8,3,1,3,2,3,2,23,10,7,3,4,7,3,41,5,32,1,9,10,3,5,17,7,2,5,4,9,0,9,3,7,7,2,2,11,1,7,6,6,1,4,7,4,3,6,5,11,25,2,8,0,25,6,2,31,4,6,1,4,1,6,2,3,19,2,11,1,15,6,4,6,2,2,22,10,13,7,64,15,5,26,5,0,7,3,5,1,25,8,10,10,0,50,7,4,0,16,0,2,7,4,19,3,5,12,12,2,6,3,5,5,2,9
ERR912161,enx,1,2,25,1,5,1,0,35,48,6,6,13,4,28,11,2,5,242,12,1,5,2,6,0,10,23,13,1,2,9,7,0,2,20,1,6,3,3,7,3,114,27,5,5,45,0,3,3,0,9,12,12,36,1,2,12,63,19,0,5,12,2,6,1,0,18,11,1,10,4,0,0,0,13,2,0,15,5,3,12,28,3,80,0,20,34,9,1,2,5,30,14,3,10,0,1,0,2,0,2,1,5,6,0,4,15,7,0,6,11,1,7,1,0,0,5,16,18,3,5,8,25,6,12,15,21,683,14,27,0,3,59,47,4,24,28,6,10,47,7,3,2,26,3,15,28,4,0,2,0,7,0,31,75,15,2,0,0,13,4,41,5,1,5,0,168,20,0,21,7,3,21,0,10,3,8,3,76,3,3,2,5,11,19,7,2,23,5,0,9,20,3,52,18,2,2,62,15,3,26,3,4,4,0,4,5,19,12,16,13,9,9,4,2,13,12,4,46,2,1,13,21,4,5,17,1,3,8,35,10,2,4,6,13,11,11,4,7,1,10,3,27,1,0,16,7,0,12,0,9,29,13,1,6,6,29,1,2,17,13,13,3,4,1,1,7,1,0,13,0,35,7,4,14,4,13,40,11,1,13,7,5,12,6,4,22,2,2,5,0,6,14,4,10,78,9,5,41,4,13,2,9,16,11,12,22,36,3,28,14,0,3,0,2,5,7,0,0,6,1,0,4,6,10,0,7,14,2,0,2,22,3,5,6,2,22,3,1,1,3,2,8,3,2,4,17,3,2,10,102,2,2,31,2,16,2,5,0,53,2,3,1,19,72,12,19,4,1,19,7,2,26,10,12,17,21,5,3,3,8,17,4,2,4,0,2,10,40,5,2,1,6,11,10,18,120,0,59,0,29,17,71,7,2,26,30,4,116,9,36,26,0,1,5,4,61,5,3,43,39,8,14,22,1,5,2,2,6,19,3,12,0,3,20,40,2,20,6,0,20,6,2,9,128,4,11,1,1,11,4,3,8,13,8,6,8,6,7,13,3,11,8,5,2,97,14,2,9,9,8,16,29,23,3,2,10,0,0,2,14,2,5,20,1,0,6,4,2,0,1,20,11,4,35,4,3,3,3,54,53,5,1,7,20,1,0,1,0,0,12,1,6,33,4,2,11,6,4,27,2,21,8,7,13,29,13,3,3,4,20,0,14,6,0,7,23,12,36,12,3,0,3,3,0,6,18,0,2,39,7,1,4,2,0,7,8,15,2,4,0,4,1,1,0,11,19,10,2,6,3,12,2,38,5,11,16,4,0,1,4,31,7,0,2,2,17,0,19,26,16,14,0,16,26,5,1,9,11,35,3,2,4,3,2,0,4,0,1,5,2,0,9,15,5,12,9,12,7,10,0,20,11,8,2,10,15,0,5,22,8,6,7,6,23,3,6,7,33,7,8,11,5,8,4,20,3,11,1,1,2,0,10,6,14,0,1,8,4,0,3,5,11,1,0,0,9,0,6,4,0,4,11,6,3,4,5,9,3,8,9,37,9,14,0,7,4,4,75,10,36,26,7,6,182,4,0,1,5,1,1,19,10,2,16,1,0,3,6,16,11,0,4,7,7,13,3,3,18,4,15,2,7,1,5,6,10,12,5,9,0,5,3,19,1,0,1,7,6,13,28,2,6,9,3,11,3,20,0,2,9,52,0,5,1,1,10,0,7,12,1,12,2,17,8,5,4,0,0,5,2,5,2,140,10,3,7,1,3,6,4,9,8,29,2,10,15,3,69,10,0,0,1,0,2,9,0,3,2,0,0,8,13,1,7,3,11,5,11
ERR912173,enx,2,1,3,2,3,1,0,107,52,19,9,9,10,70,21,6,2,17,11,0,3,1,11,0,17,0,59,3,5,8,16,1,0,93,2,9,4,2,8,0,38,71,20,8,4,3,3,3,1,24,7,22,5,3,8,6,3,26,2,5,28,5,1,2,0,0,41,0,12,14,12,0,0,13,2,13,0,5,0,8,2,2,197,0,5,116,4,12,10,6,25,49,4,0,1,4,4,0,0,2,1,16,2,1,0,34,5,1,0,6,2,7,1,1,10,8,9,21,6,1,11,67,1,39,56,22,152,10,2,0,5,12,15,11,12,103,24,27,78,9,0,3,15,2,23,35,15,0,5,2,1,1,62,106,48,1,2,7,5,0,37,4,3,2,2,124,29,1,32,3,5,43,2,9,2,8,3,110,1,1,0,6,16,21,14,5,16,10,3,10,24,7,78,3,5,12,52,21,3,66,0,2,0,0,5,10,31,0,31,9,7,14,4,0,24,27,5,25,1,2,26,36,1,0,5,1,19,1,1,35,10,4,15,26,4,10,5,3,1,9,16,9,2,0,54,13,3,26,0,13,31,4,1,26,19,4,1,2,48,41,28,1,4,1,3,5,1,1,11,4,76,9,5,9,8,19,7,22,1,28,11,2,4,7,8,35,1,4,6,1,11,67,8,12,66,2,3,18,1,21,5,13,47,9,21,4,69,2,16,24,0,0,0,10,16,5,2,1,6,1,2,1,5,8,1,4,16,0,1,0,15,20,11,2,0,43,1,0,2,4,2,7,3,4,4,47,3,2,2,104,5,0,51,1,7,5,6,0,77,7,4,3,12,47,25,21,4,0,35,29,2,51,34,7,0,10,1,0,2,28,4,4,2,2,1,21,13,3,11,5,1,0,22,4,0,9,0,16,6,36,34,110,19,4,2,48,19,164,21,27,21,0,1,12,4,127,7,3,40,12,5,11,33,5,6,0,3,10,9,6,26,0,3,5,20,1,28,6,3,30,10,21,2,63,9,30,1,0,13,19,0,15,13,7,0,10,0,21,14,2,15,20,7,6,23,31,3,11,10,25,10,67,34,1,3,53,9,13,3,15,0,21,12,0,0,7,0,5,0,10,26,20,15,2,0,1,6,2,147,17,2,4,8,37,2,0,8,1,1,15,1,6,46,5,10,33,4,6,1,7,28,16,8,31,10,3,5,9,6,31,2,21,2,1,3,25,8,68,13,105,0,15,0,1,6,18,7,3,41,6,1,0,2,10,15,18,2,0,0,0,3,1,6,7,20,34,13,0,4,0,23,4,3,1,15,13,4,3,4,2,21,12,0,11,4,8,0,7,21,30,12,2,33,5,9,0,11,12,2,0,1,4,6,0,0,6,2,1,15,4,2,3,0,1,8,3,40,3,17,14,8,3,10,0,17,3,9,0,17,0,8,34,4,24,10,8,6,36,0,9,33,7,9,17,0,0,56,3,0,1,0,3,7,57,0,1,9,11,0,0,9,1,4,0,26,0,5,3,13,1,6,2,11,1,4,7,4,4,0,11,76,5,28,0,38,1,0,61,0,67,53,4,3,56,1,2,0,3,2,0,2,6,7,23,0,2,2,12,25,5,4,2,2,20,14,12,15,15,1,26,0,6,1,12,23,23,15,0,10,0,1,9,1,1,4,1,0,0,16,3,6,14,15,8,8,3,45,2,21,57,4,5,0,1,5,17,2,4,9,0,16,2,10,36,7,7,5,2,10,1,9,11,165,4,3,10,5,3,28,2,18,1,5,5,18,7,0,17,30,42,4,6,2,5,0,12,19,2,3,0,20,7,2,7,14,15,1,30
ERR912185,enx,0,0,2,1,2,2,0,100,29,9,5,6,5,87,49,0,8,63,7,0,5,0,0,0,21,8,63,3,12,10,10,2,0,105,1,0,0,7,2,0,58,72,4,9,13,0,1,4,0,45,11,39,10,1,0,1,21,17,0,9,16,0,5,4,11,8,44,1,0,23,0,0,0,9,0,3,2,2,2,0,10,1,274,1,0,114,5,1,15,7,10,37,3,7,0,2,0,7,0,0,0,21,0,0,1,27,13,2,41,15,0,4,0,0,0,3,31,22,10,1,2,71,0,0,43,0,281,12,11,0,11,27,9,16,20,63,25,32,94,26,0,5,95,0,20,11,12,0,0,2,3,5,55,70,49,0,8,0,0,0,34,2,2,1,0,185,14,0,27,1,3,49,2,13,0,21,0,83,2,3,1,2,8,13,28,5,11,0,0,16,10,4,65,6,6,2,48,31,14,65,1,1,4,0,0,2,33,0,20,6,6,4,4,1,2,17,2,33,2,0,6,28,6,0,2,1,1,9,14,48,1,10,24,44,2,5,12,10,0,7,8,19,0,0,52,22,0,10,0,8,61,3,0,73,34,9,1,0,52,15,31,2,0,1,3,8,1,0,4,0,72,15,1,21,0,16,12,26,0,29,6,4,0,16,2,31,1,2,3,0,0,85,14,16,74,7,5,9,5,20,7,11,31,12,5,15,87,0,12,9,0,0,0,4,3,9,5,1,4,0,2,0,3,3,1,5,3,2,0,0,17,8,8,5,3,47,3,6,5,2,2,16,3,3,2,49,2,0,8,116,12,2,54,0,8,8,14,0,99,0,2,0,11,40,19,45,2,1,67,30,0,54,49,11,10,10,4,2,1,25,11,0,0,1,0,18,8,3,12,0,0,15,27,0,0,45,0,24,0,34,49,207,24,6,16,56,5,216,37,10,13,0,2,0,7,123,5,1,51,20,13,3,11,3,9,2,1,17,15,2,17,0,1,7,10,1,7,1,2,17,11,35,0,120,5,26,0,0,24,16,4,1,21,6,4,8,0,25,11,1,11,14,12,0,35,14,0,7,6,30,9,75,18,0,0,54,0,2,11,21,1,30,13,1,1,0,0,2,0,7,26,11,1,11,0,7,8,0,151,28,0,6,11,22,0,0,14,0,0,20,0,0,38,5,6,44,5,16,7,4,12,15,11,13,23,7,1,8,0,15,0,25,0,0,0,34,18,38,13,56,0,22,1,0,1,12,3,0,62,9,1,0,2,0,3,16,1,0,2,0,0,0,1,0,30,2,13,3,0,3,35,6,7,0,21,14,0,0,0,0,42,24,0,0,4,0,2,8,12,18,18,0,11,0,0,1,13,14,7,2,2,0,2,0,0,2,0,0,7,0,0,15,0,0,11,2,3,4,35,0,4,1,0,0,23,9,2,1,16,0,0,46,1,26,18,9,9,37,6,6,83,0,2,9,14,1,6,0,0,0,0,13,3,6,0,0,11,16,3,14,6,2,0,3,24,0,6,1,3,0,4,9,13,0,0,8,0,0,13,8,88,7,41,0,34,5,12,74,14,65,59,12,4,139,4,1,6,3,0,0,6,10,0,14,0,6,0,7,8,8,0,0,4,23,4,6,13,0,4,22,0,2,0,12,20,21,19,0,9,3,1,9,3,0,0,0,0,0,20,14,8,0,2,3,9,0,52,0,24,48,19,0,0,2,1,10,2,8,6,0,25,3,7,45,8,7,0,1,6,0,4,4,129,6,13,0,14,0,17,0,28,3,26,0,22,0,0,32,37,0,0,0,3,1,17,0,3,0,0,0,24,7,0,11,20,23,0,33
ERR912186,enx,3,6,8,7,3,17,3,18,0,0,20,10,4,22,32,1,13,0,0,2,11,3,12,4,3,5,6,6,2,34,3,3,9,3,6,7,5,7,6,7,8,2,35,4,3,158,18,0,2,11,2,13,2,0,13,6,6,7,0,24,1,3,9,9,0,0,21,7,27,5,10,9,0,7,4,3,8,0,13,26,14,6,14,1,13,10,12,12,2,20,75,12,9,12,2,1,2,1,0,14,0,0,10,5,7,25,8,2,0,3,7,29,4,4,3,16,42,14,12,5,4,12,9,29,29,10,30,39,0,0,3,2,29,2,2,22,2,11,10,2,1,2,0,5,31,29,2,3,0,4,0,3,12,27,21,6,12,0,17,8,5,11,3,0,0,7,0,1,14,18,8,7,2,0,7,8,51,142,1,7,4,5,3,13,4,9,2,13,3,31,0,19,34,12,28,5,26,2,10,7,1,14,3,0,3,8,3,21,3,32,0,14,5,5,7,18,3,3,9,5,11,14,11,1,54,7,8,8,8,3,2,5,7,2,14,0,0,5,2,10,7,3,7,0,6,1,1,34,0,3,20,31,2,4,2,3,2,25,12,10,13,5,4,9,9,25,10,9,25,0,11,23,16,78,15,10,6,2,1,33,8,12,0,19,2,18,22,13,22,0,25,9,13,14,4,12,5,26,9,0,13,0,3,15,49,12,4,1,39,44,0,8,10,0,19,0,3,4,16,2,18,9,9,10,4,0,23,13,3,3,31,3,9,5,3,8,1,11,0,11,4,30,11,5,18,17,16,3,2,72,2,5,23,4,14,7,0,0,12,2,10,5,0,113,16,3,10,8,9,5,3,6,5,37,0,35,5,2,5,4,7,2,13,1,3,5,34,48,20,19,0,32,4,16,15,31,5,111,10,51,4,71,19,8,17,76,14,135,5,58,10,3,10,22,10,27,13,6,9,5,25,13,8,7,28,15,6,3,6,0,18,3,4,11,35,2,44,4,1,22,3,2,9,3,1,2,1,1,1,0,0,4,18,4,17,2,7,23,0,10,8,3,3,14,55,9,16,0,20,5,14,9,2,2,8,6,10,4,30,3,1,0,52,2,0,2,2,26,1,6,3,0,4,2,0,5,7,6,4,14,9,0,15,80,7,3,6,2,3,5,3,9,7,9,6,1,2,7,2,10,36,7,3,34,59,24,2,0,7,26,0,14,6,12,5,0,6,24,6,3,2,1,3,0,1,13,33,8,51,3,8,3,3,3,13,7,16,0,35,5,9,7,1,7,3,18,17,2,2,12,16,13,2,15,3,9,4,4,2,2,3,8,9,2,0,6,2,38,76,15,4,1,4,3,15,2,2,2,11,0,6,0,5,0,2,16,21,3,4,4,10,9,0,5,3,16,41,0,31,0,5,2,31,1,0,1,9,14,6,15,4,4,5,7,1,7,0,2,4,5,41,20,2,0,55,0,30,2,2,9,3,8,5,28,3,3,13,16,2,19,8,3,58,3,0,8,16,32,0,1,4,22,29,3,3,13,6,10,21,0,0,9,3,3,0,16,17,0,32,5,2,9,6,21,9,4,0,15,1,1,2,17,10,2,4,9,5,0,50,12,35,3,17,0,4,5,13,15,9,2,2,6,1,15,3,45,3,19,0,9,3,17,3,3,2,7,10,1,51,3,6,17,12,10,0,0,4,0,3,0,4,25,8,5,13,41,0,0,10,3,27,4,15,0,10,2,8,5,23,8,21,29,5,26,0,25,4,3,1,7,14,4,3,8,12,4,20,32,0,19,5,29,0,4,13,8,45,0,0,2,3,5,3,1,0,0,0,1
ERR912190,enx,1,2,9,6,10,4,2,51,18,8,7,2,4,40,24,0,7,36,13,1,13,1,11,0,13,8,25,2,9,13,12,1,2,49,1,2,2,4,17,5,34,36,22,8,15,11,12,5,0,16,14,10,16,3,5,3,16,17,6,3,3,3,11,3,0,2,17,3,8,5,0,4,1,5,5,3,6,2,3,13,17,2,88,0,0,49,8,6,17,17,35,33,3,7,1,4,11,2,3,3,0,18,2,1,1,41,4,2,0,6,2,14,10,1,2,6,26,8,5,7,11,34,3,64,28,16,154,14,11,4,24,20,20,20,12,30,19,12,45,15,3,0,85,3,20,14,1,0,4,0,7,12,101,87,21,9,0,0,13,2,5,9,3,5,0,218,11,1,33,1,0,27,0,14,2,23,10,80,0,2,0,2,5,9,22,2,15,16,5,18,14,3,44,6,8,4,28,21,12,39,1,6,12,34,2,13,19,16,16,30,4,7,4,1,6,13,2,47,1,1,12,21,8,0,14,2,2,8,8,22,1,15,7,35,7,2,14,5,0,9,0,15,0,2,31,5,0,10,0,1,91,3,0,32,8,10,3,3,29,29,15,3,3,2,2,4,6,3,8,0,25,6,3,36,4,24,15,19,3,10,4,5,7,3,4,15,6,8,0,2,17,30,7,17,43,5,2,30,3,6,4,7,13,16,27,34,19,2,24,20,0,3,0,3,0,5,0,3,17,3,3,1,1,2,5,9,7,4,1,2,30,4,10,4,2,23,8,0,2,5,3,12,9,13,4,27,10,3,10,65,12,1,20,1,12,6,2,0,48,0,0,1,13,66,12,28,3,4,21,12,3,28,15,19,8,7,4,1,8,16,2,3,5,3,0,5,13,31,8,11,1,40,13,15,0,53,0,17,6,16,17,73,12,0,16,47,11,114,11,27,0,0,9,22,2,58,10,1,21,22,13,9,21,4,12,3,0,9,9,1,27,0,1,11,38,0,35,2,0,4,15,0,12,75,7,13,0,0,25,13,10,2,21,5,3,6,2,15,10,8,12,8,7,2,37,14,6,3,18,21,26,36,23,4,2,42,4,9,2,37,2,8,31,0,8,1,0,9,2,15,3,3,1,19,8,8,12,3,122,43,0,7,10,21,0,4,0,1,2,13,3,14,21,10,6,23,2,17,8,2,26,14,9,9,27,4,2,10,6,7,0,15,3,4,3,44,2,22,5,10,4,13,1,2,21,0,14,4,40,3,1,1,3,0,10,16,3,0,4,3,9,0,2,4,18,8,10,1,1,7,16,2,25,5,6,15,0,6,0,4,13,10,0,0,8,12,0,22,33,7,10,0,16,14,3,5,0,19,13,0,5,10,5,6,0,5,9,2,2,0,10,11,15,1,3,7,8,0,12,0,12,2,32,1,13,2,0,12,11,0,2,32,6,19,13,4,3,16,29,19,11,9,0,12,24,0,6,8,1,0,0,3,3,12,1,1,11,9,7,10,21,4,2,4,63,16,3,4,33,0,4,9,8,3,0,7,3,1,2,2,39,1,23,4,7,12,8,33,6,32,21,4,5,157,6,0,1,13,4,0,8,9,4,36,3,2,1,8,16,1,6,3,2,14,4,3,16,17,5,8,5,6,0,5,6,24,18,0,5,4,1,6,8,3,0,3,2,0,0,15,2,3,6,4,2,4,21,1,2,4,22,7,2,4,2,9,2,5,20,3,17,1,8,19,5,2,0,2,43,6,9,5,117,12,19,6,3,20,9,1,31,0,21,1,12,0,13,50,18,0,0,13,20,0,5,1,12,0,8,0,12,5,4,6,19,17,5,6
ERR912192,enx,1,1,0,0,0,1,6,8,5,0,4,4,17,15,0,3,2,0,4,0,0,13,2,1,4,5,5,0,1,6,3,0,3,17,0,11,16,4,21,0,15,8,50,0,11,4,9,0,3,2,2,33,2,1,17,8,2,8,0,9,2,1,0,2,6,0,3,0,7,5,0,1,0,4,2,30,10,2,4,11,12,4,27,1,34,21,2,6,4,6,35,10,4,3,0,1,4,3,0,0,1,9,0,4,0,5,3,1,0,0,3,11,0,4,0,7,2,2,1,3,4,5,6,9,15,5,21,7,0,2,5,5,29,0,2,10,2,12,15,0,0,0,28,0,34,3,2,0,5,5,2,21,6,12,6,0,2,0,16,0,5,9,0,1,0,43,2,0,3,3,6,1,3,1,0,10,8,231,0,1,0,3,3,17,0,63,4,2,5,3,0,5,38,1,4,8,111,9,4,8,1,7,0,18,2,11,7,0,2,21,0,2,3,0,2,4,2,1,0,1,0,2,1,6,0,3,7,5,0,7,0,6,3,3,1,1,4,3,0,0,4,2,8,0,1,1,4,4,0,6,0,0,1,4,0,3,1,4,6,6,3,2,7,2,10,2,5,1,9,0,8,3,6,0,21,11,4,4,1,10,4,0,2,6,0,6,1,1,0,1,2,3,2,5,17,7,8,13,1,3,5,2,10,4,27,18,12,0,11,4,2,0,0,1,0,5,9,5,5,2,19,8,2,1,1,2,5,3,0,0,23,2,0,0,3,2,0,0,0,2,0,4,1,2,6,9,3,1,0,0,5,3,9,1,3,0,1,0,14,0,17,8,0,90,17,0,4,3,3,2,3,4,5,8,0,7,5,0,10,1,4,1,6,1,2,1,73,17,100,14,0,0,8,38,15,32,24,0,10,22,0,42,2,3,19,10,4,14,2,30,14,3,8,9,13,21,8,3,10,14,8,14,4,1,3,3,1,2,8,0,2,13,0,17,69,2,64,6,1,3,9,1,12,21,10,0,3,0,1,0,0,11,11,5,2,0,0,28,3,6,5,4,2,2,67,11,0,4,19,6,4,9,17,1,6,5,16,4,0,2,8,0,5,9,6,0,1,84,0,5,3,4,4,2,2,5,2,3,10,17,0,2,3,57,47,0,4,0,1,5,0,2,9,19,1,2,1,2,2,14,17,14,4,8,6,16,1,0,22,10,3,5,2,1,7,3,4,10,5,0,0,0,1,0,9,8,8,11,39,10,3,4,1,3,7,6,3,0,4,1,0,2,1,2,0,16,2,0,1,9,2,13,0,4,23,4,0,2,0,6,3,28,8,10,0,0,0,4,19,9,3,0,2,3,8,4,8,0,2,0,3,0,0,0,15,13,0,4,4,5,0,0,5,0,4,4,22,0,8,5,9,5,18,2,1,5,2,8,4,0,6,4,3,4,1,6,2,5,0,3,21,13,0,4,15,0,152,3,0,1,12,10,0,0,1,1,1,0,0,4,7,5,4,1,36,1,3,2,29,7,4,0,4,6,5,1,5,0,0,1,6,8,6,1,2,0,0,2,23,11,6,4,0,19,3,2,0,0,2,0,1,25,6,4,0,3,0,3,9,0,0,0,11,0,2,3,16,0,0,3,0,0,2,1,2,6,2,0,3,10,3,2,3,0,1,1,6,7,5,2,6,17,6,5,3,0,5,0,0,10,2,2,1,5,2,0,0,0,17,0,1,1,4,0,2,1,2,1,6,1,7,42,19,11,0,8,0,5,0,0,26,1,6,1,4,27,0,8,5,22,0,5,17,3,5,15,33,0,0,0,4,4,4,2,0,0,0,2
ERR912194,enx,0,2,10,2,2,5,0,60,29,3,8,22,6,23,6,5,1,0,15,1,4,7,3,1,15,10,16,0,6,6,12,1,2,24,0,20,5,5,19,0,17,44,17,7,12,41,26,2,2,15,4,36,6,4,13,9,2,14,11,5,4,4,5,1,0,2,7,3,9,0,11,2,0,9,2,3,14,7,6,10,6,5,121,1,9,44,1,4,1,3,42,15,1,4,1,11,2,0,0,0,0,20,4,1,1,31,11,1,10,7,3,8,1,1,5,13,7,5,18,2,13,40,7,0,35,6,93,10,2,10,2,8,32,4,5,34,12,14,36,9,0,0,62,2,34,24,7,3,1,1,3,3,35,47,6,2,0,0,2,6,17,0,3,0,0,82,17,1,26,5,0,13,0,4,1,5,8,88,3,0,0,6,6,42,13,6,3,6,0,4,6,3,101,2,17,7,56,21,3,28,1,0,2,3,4,6,17,5,10,8,5,4,8,0,2,7,1,10,0,1,8,17,1,2,6,3,1,0,1,27,4,8,9,17,8,5,5,0,0,4,8,2,4,6,18,6,0,11,5,5,38,3,1,23,14,4,1,10,30,23,18,3,6,7,7,2,2,7,8,0,17,6,3,5,15,19,2,12,0,11,4,3,9,2,2,15,1,3,12,3,2,25,4,9,27,9,6,25,1,10,3,5,35,0,20,6,55,3,36,7,2,0,1,3,13,2,2,1,2,0,3,3,2,6,1,12,16,3,1,0,23,4,4,1,5,14,0,0,0,3,4,16,6,7,8,11,10,1,0,22,4,1,13,0,4,2,6,5,64,0,11,1,16,67,14,6,5,6,13,11,4,27,12,20,0,5,4,1,8,9,6,1,1,3,3,0,26,26,27,20,1,6,14,0,10,40,11,54,16,46,15,64,19,8,10,23,8,103,15,19,6,0,1,7,6,68,12,2,24,5,7,54,18,5,2,7,2,4,11,1,11,6,2,13,47,4,50,1,1,25,4,2,9,36,5,10,1,0,15,9,0,5,7,12,4,0,2,26,5,3,11,4,1,0,28,24,11,10,14,19,11,16,17,0,4,20,2,7,0,20,2,10,2,0,0,3,1,12,0,5,17,19,7,0,0,5,0,10,81,4,11,1,11,22,13,3,3,1,3,17,1,7,35,13,5,15,3,9,5,7,48,10,6,23,42,7,1,5,11,26,0,18,1,5,0,25,14,48,10,17,0,9,1,3,4,29,11,3,44,10,0,2,1,4,13,14,3,9,9,3,0,0,2,8,4,29,14,4,1,2,21,4,5,1,16,10,3,4,1,0,14,23,9,0,3,3,2,8,23,13,3,0,6,12,3,10,7,4,0,0,5,0,7,4,0,10,0,3,0,29,2,5,7,0,11,2,19,2,13,5,15,8,12,1,4,1,2,8,12,0,13,33,18,16,6,2,4,20,15,22,37,6,5,22,14,1,54,1,0,1,0,10,8,13,1,4,3,4,1,0,2,3,8,4,28,1,4,3,26,8,4,0,5,7,0,1,10,0,0,3,44,13,7,3,16,3,6,23,0,28,17,7,1,35,0,4,4,0,5,0,4,26,3,30,0,0,1,3,11,7,0,1,2,11,5,4,17,5,1,6,8,4,1,6,10,0,12,2,12,3,6,3,3,3,4,0,2,4,14,0,6,13,23,3,13,8,22,0,1,22,11,2,1,1,1,0,2,2,15,1,12,1,10,7,0,14,2,0,0,4,7,12,148,11,9,2,9,4,9,4,13,1,12,3,11,18,3,11,24,13,0,15,4,7,21,26,50,2,0,0,8,12,3,8,9,7,0,14
ERR912198,enx,2,1,4,4,0,9,2,30,36,5,13,2,7,21,82,3,12,23,12,1,20,5,16,1,6,3,20,6,2,27,10,1,0,11,10,4,6,13,14,2,15,17,43,12,2,28,16,1,1,10,2,26,7,1,12,4,9,12,6,3,10,6,10,1,0,1,23,6,12,6,10,3,5,15,2,11,27,2,8,22,11,5,63,1,5,32,17,15,2,10,119,18,7,5,1,3,5,12,2,0,2,4,0,2,7,44,15,0,0,1,0,33,1,0,3,15,32,15,8,7,2,32,4,0,43,10,71,59,5,2,6,6,28,3,6,23,6,13,19,2,0,2,27,8,39,9,1,0,0,0,10,0,26,38,5,10,5,0,6,2,24,0,1,9,0,69,2,7,5,5,2,11,2,1,7,4,23,146,1,3,1,5,5,18,3,20,0,37,0,10,2,3,24,3,21,2,18,15,35,37,1,1,6,11,15,3,16,8,10,27,2,4,9,0,2,12,1,4,1,6,11,7,21,15,14,3,3,36,10,18,2,7,11,5,19,2,9,21,0,8,20,10,7,10,21,5,1,35,13,3,13,6,0,8,11,6,6,10,10,17,17,2,4,6,2,16,6,2,15,19,28,11,6,14,11,10,7,8,2,15,8,13,6,9,5,24,7,10,12,2,28,13,4,3,16,6,33,25,5,11,6,4,12,8,79,17,44,3,76,42,1,0,0,1,17,14,2,3,6,5,6,12,10,2,4,17,26,1,1,2,47,2,15,3,2,9,9,1,0,2,1,11,17,0,35,21,12,0,2,61,4,8,48,4,13,13,3,75,27,0,10,3,3,119,8,21,5,9,8,15,8,14,6,35,0,24,5,1,6,5,11,1,2,14,1,5,22,15,19,2,1,57,10,4,6,31,0,53,0,44,39,115,9,13,22,105,7,119,12,28,31,8,4,0,2,81,17,4,25,12,20,15,32,4,16,23,4,2,11,3,20,1,14,30,66,4,56,15,0,13,0,20,0,25,0,6,3,4,4,3,5,9,13,20,15,2,3,16,6,10,15,10,9,9,34,52,23,7,11,25,30,28,17,0,5,27,2,4,4,6,3,2,33,2,0,3,11,11,3,2,11,9,11,2,0,7,6,10,46,21,2,0,22,69,6,2,5,3,3,31,1,2,21,7,10,12,4,3,3,18,70,8,2,32,48,3,4,0,9,35,8,24,6,0,12,11,10,27,12,33,6,2,4,4,10,47,4,0,51,6,1,5,1,0,12,28,4,17,5,8,3,10,1,8,6,27,27,1,4,3,33,4,5,5,27,11,15,3,1,2,11,10,0,0,4,0,2,55,38,9,8,0,11,37,23,9,4,3,13,0,5,4,10,0,9,11,2,1,12,8,2,19,9,0,10,8,75,7,19,5,26,9,32,0,4,9,4,1,8,2,19,8,13,4,1,2,3,11,2,12,43,28,2,0,79,5,32,6,1,2,3,14,4,25,3,4,12,12,10,2,25,1,18,4,48,18,5,13,0,1,3,7,26,7,6,10,12,10,8,0,19,4,4,0,16,16,5,19,0,16,9,13,12,64,8,4,1,16,1,6,5,19,6,23,4,0,8,1,42,4,14,7,9,7,5,3,31,0,8,5,11,3,0,6,6,12,3,3,8,10,1,32,3,5,2,0,3,0,29,3,6,14,25,4,5,4,9,1,4,26,5,0,1,4,5,7,1,2,7,6,18,2,15,5,19,6,3,1,15,5,11,4,42,28,0,27,3,5,6,1,14,0,13,8,15,7,11,60,16,34,8,25,16,3,11,4,35,5,13,14,6,9,0,2,1,4,3,6
ERR912202,enx,5,3,2,17,2,11,1,41,29,0,9,0,2,35,11,0,8,22,25,1,5,0,14,1,21,3,28,2,3,7,5,3,0,26,4,0,4,2,12,0,51,26,17,4,0,6,4,0,0,3,7,0,11,1,0,1,8,6,0,7,20,1,5,7,0,0,6,3,2,4,0,1,0,7,2,0,21,10,10,10,12,3,140,0,9,23,5,2,15,5,10,11,2,5,1,3,0,6,0,2,3,0,0,0,2,26,13,0,0,5,0,8,1,0,3,1,28,8,22,7,14,30,1,32,30,18,149,22,4,0,10,12,22,0,30,6,0,19,43,0,0,8,0,0,25,48,0,4,6,1,3,50,45,56,3,0,3,0,0,0,42,6,2,0,0,23,13,0,29,4,0,16,3,1,3,11,8,47,0,6,0,12,23,19,6,6,6,3,0,10,23,8,24,2,6,2,55,20,10,26,0,3,4,30,9,13,15,0,11,26,5,11,4,3,11,15,1,10,6,2,6,22,5,1,16,1,2,2,2,15,1,0,5,18,15,10,3,0,0,2,17,9,1,11,2,0,0,20,12,6,3,15,0,14,0,5,0,2,11,7,11,3,1,4,3,8,2,0,7,0,29,3,5,26,2,23,10,15,1,21,4,6,0,6,10,38,8,2,6,0,7,22,17,1,28,5,7,17,1,12,0,7,25,0,19,25,46,1,40,26,1,3,2,17,3,7,0,1,2,5,0,1,5,1,1,21,6,2,2,2,18,11,3,1,6,11,0,5,1,5,2,23,6,11,4,13,13,1,0,40,0,1,11,2,11,9,9,5,66,2,4,1,15,41,11,0,16,0,10,5,0,24,14,10,4,9,14,5,2,6,2,12,1,2,1,1,17,16,9,7,0,6,14,13,0,48,3,6,17,22,7,116,9,2,11,28,7,75,15,11,17,0,5,5,2,40,2,0,17,11,13,14,57,2,3,2,1,2,21,2,18,0,4,7,23,1,23,4,2,27,4,0,4,46,7,15,1,2,11,10,2,4,7,12,0,0,0,18,11,6,17,2,3,0,26,39,12,11,3,6,10,15,17,0,7,21,2,6,5,2,1,9,26,0,8,0,1,7,1,2,17,22,4,6,0,10,4,2,62,34,0,2,6,21,0,0,2,0,0,40,1,7,10,6,6,18,9,2,5,2,14,2,8,24,27,16,11,0,1,34,0,3,3,2,5,6,16,47,20,12,0,1,4,0,11,0,9,0,37,8,6,2,3,2,5,2,4,2,1,0,2,4,5,8,11,11,14,2,4,11,7,4,10,8,26,24,2,1,1,0,34,4,3,5,0,27,4,17,13,2,15,0,25,14,0,1,5,5,13,3,2,0,6,14,4,3,11,0,2,2,4,9,0,2,11,10,13,0,8,8,8,11,8,0,0,0,3,5,26,3,5,27,10,26,3,8,7,16,0,11,14,2,2,0,35,0,6,2,2,3,0,0,2,16,0,2,8,2,0,4,10,1,7,15,18,3,2,14,229,1,7,12,10,1,3,6,2,4,6,8,18,10,6,2,19,4,8,42,10,28,11,4,5,104,17,4,0,2,1,0,5,5,2,35,1,12,1,5,6,19,4,2,0,9,13,23,10,15,4,18,0,20,0,5,15,12,3,0,23,7,4,9,1,2,0,2,3,0,22,12,9,3,8,3,14,0,18,0,1,45,5,5,3,2,3,2,0,8,12,0,16,5,8,0,3,4,0,2,11,4,17,20,223,16,6,10,0,18,13,1,17,2,24,5,19,0,3,36,0,0,0,6,18,1,3,5,21,0,3,0,10,12,10,12,0,0,9,10
