sample_id,group,00010,00020,00030,00040,00051,00052,00053,00061,00071,00130,00140,00190,00195,00220,00230,00240,00250,00260,00261,00270,00280,00290,00300,00310,00330,00333,00340,00350,00360,00362,00380,00400,00401,00410,00430,00440,00450,00460,00471,00473,00480,00500,00511,00513,00520,00521,00523,00524,00525,00531,00540,00550,00561,00562,00564,00600,00603,00604,00620,00625,00627,00630,00633,00640,00650,00660,00670,00680,00710,00720,00730,00740,00750,00760,00770,00780,00790,00860,00900,00908,00910,00920,00930,00940,00950,00960,00966,00970,00983,01040,01051,01055,01100,01110,01120,01130,01200,01210,01212,01220,01230,01501,01502,01503,01523,01524,02010,02020,02024,02025,02026,02030,02040,02060,03010,03018,03020,03030,03060,03070,03320,03410,03420,03430,03440,04016,04066,04070,04112,04122,04141,04142,04146,04151,04152,04212,04213,04216,04217,04612,04621,04626,04657,04659,04714,04724,04727,04910,04914,04915,04920,04922,04931,04940,05111,05120,05132,05134,05152,05200,05206,05215,05230,05418,ko00010,ko00020,ko00030,ko00040,ko00051,ko00052,ko00053,ko00061,ko00071,ko00130,ko00140,ko00190,ko00195,ko00220,ko00230,ko00240,ko00250,ko00260,ko00261,ko00270,ko00280,ko00290,ko00300,ko00310,ko00330,ko00333,ko00340,ko00350,ko00360,ko00362,ko00380,ko00400,ko00401,ko00410,ko00430,ko00440,ko00450,ko00460,ko00471,ko00473,ko00480,ko00500,ko00511,ko00513,ko00520,ko00521,ko00523,ko00524,ko00525,ko00531,ko00540,ko00550,ko00561,ko00562,ko00564,ko00600,ko00603,ko00604,ko00620,ko00625,ko00627,ko00630,ko00633,ko00640,ko00650,ko00660,ko00670,ko00680,ko00710,ko00720,ko00730,ko00740,ko00750,ko00760,ko00770,ko00780,ko00790,ko00860,ko00900,ko00908,ko00910,ko00920,ko00930,ko00940,ko00950,ko00960,ko00966,ko00970,ko00983,ko01040,ko01051,ko01055,ko01100,ko01110,ko01120,ko01130,ko01200,ko01210,ko01212,ko01220,ko01230,ko01501,ko01502,ko01503,ko01523,ko01524,ko02010,ko02020,ko02024,ko02025,ko02026,ko02030,ko02040,ko02060,ko03010,ko03018,ko03020,ko03030,ko03060,ko03070,ko03320,ko03410,ko03420,ko03430,ko03440,ko04016,ko04066,ko04070,ko04112,ko04122,ko04141,ko04142,ko04146,ko04151,ko04152,ko04212,ko04213,ko04216,ko04217,ko04612,ko04621,ko04626,ko04657,ko04659,ko04714,ko04724,ko04727,ko04910,ko04914,ko04915,ko04920,ko04922,ko04931,ko04940,ko05111,ko05120,ko05132,ko05134,ko05152,ko05200,ko05206,ko05215,ko05230,ko05418
ERR911956,controle,1504,556,1250,576,851,1099,257,403,185,81,28,779,259,743,2765,2197,1555,1308,303,1005,144,761,693,122,360,107,285,254,276,28,30,851,367,268,162,24,345,341,82,41,193,1116,370,35,1250,591,359,157,123,54,201,442,190,94,282,307,90,35,1127,52,20,705,30,435,464,294,302,1313,630,879,314,257,153,379,766,367,297,264,257,25,534,336,60,266,168,236,49,1351,290,24,144,46,17218,7859,5096,6718,3316,1175,396,90,5041,324,156,228,156,140,951,853,1045,23,239,102,112,123,3164,1194,316,872,468,795,119,332,700,809,1073,140,209,33,354,122,79,49,174,50,36,396,132,118,297,36,125,116,36,36,90,174,188,68,36,36,98,132,155,87,237,101,14,258,290,42,41,36,117,138,1504,556,1250,576,851,1099,257,403,185,81,28,779,259,743,2765,2197,1555,1308,303,1005,144,761,693,122,360,107,285,254,276,28,30,851,367,268,162,24,345,341,82,41,193,1116,370,35,1250,591,359,157,123,54,201,442,190,94,282,307,90,35,1127,52,20,705,30,435,464,294,302,1313,630,879,314,257,153,379,766,367,297,264,257,25,534,336,60,266,168,236,49,1351,290,24,144,46,17218,7859,5096,6718,3316,1175,396,90,5041,324,156,228,156,140,951,853,1045,23,239,102,112,123,3164,1194,316,872,468,795,119,332,700,809,1073,140,209,33,354,122,79,49,174,50,36,396,132,118,297,36,125,116,36,36,90,174,188,68,36,36,98,132,155,87,237,101,14,258,290,42,41,36,117,138
ERR911979,controle,1487,395,1171,589,819,925,172,373,213,33,6,881,589,583,2830,1835,1084,901,373,740,123,745,581,76,357,61,92,133,98,38,14,946,85,61,354,76,647,419,85,30,100,1489,146,9,1672,676,598,31,344,44,54,732,369,93,758,159,46,10,1937,45,23,731,36,567,355,194,486,1440,966,1465,334,275,85,342,473,150,695,543,510,42,407,538,23,347,42,66,26,1897,396,36,131,145,18445,7619,5385,6714,3432,1030,327,81,4619,509,127,144,211,16,1589,1182,1214,163,144,130,26,200,3331,1511,250,446,470,855,171,270,693,532,736,20,253,121,154,256,114,16,156,76,40,343,436,78,299,65,735,250,65,65,64,93,98,67,65,65,70,86,149,149,249,168,0,312,304,62,36,65,65,823,1487,395,1171,589,819,925,172,373,213,33,6,881,589,583,2830,1835,1084,901,373,740,123,745,581,76,357,61,92,133,98,38,14,946,85,61,354,76,647,419,85,30,100,1489,146,9,1672,676,598,31,344,44,54,732,369,93,758,159,46,10,1937,45,23,731,36,567,355,194,486,1440,966,1465,334,275,85,342,473,150,695,543,510,42,407,538,23,347,42,66,26,1897,396,36,131,145,18445,7619,5385,6714,3432,1030,327,81,4619,509,127,144,211,16,1589,1182,1214,163,144,130,26,200,3331,1511,250,446,470,855,171,270,693,532,736,20,253,121,154,256,114,16,156,76,40,343,436,78,299,65,735,250,65,65,64,93,98,67,65,65,70,86,149,149,249,168,0,312,304,62,36,65,65,823
ERR911990,controle,1224,401,1104,588,851,908,245,435,167,27,37,607,247,774,2135,1631,1439,1059,218,812,76,570,508,173,383,146,246,236,255,47,33,710,285,243,149,22,275,313,86,48,201,1064,320,51,1168,416,225,108,149,75,115,402,215,90,238,279,126,51,1087,40,34,589,17,427,379,278,313,1116,664,778,302,146,122,287,614,388,227,243,227,51,540,358,34,208,169,219,17,1236,288,43,152,52,15065,6172,4400,5497,2813,945,421,89,4097,278,185,133,147,115,995,887,907,80,187,67,79,227,2499,946,209,518,343,530,139,236,596,563,776,68,140,19,303,142,70,86,198,31,24,348,160,131,253,20,127,108,20,20,100,128,138,45,20,20,109,107,98,78,105,51,31,173,251,64,59,20,113,174,1224,401,1104,588,851,908,245,435,167,27,37,607,247,774,2135,1631,1439,1059,218,812,76,570,508,173,383,146,246,236,255,47,33,710,285,243,149,22,275,313,86,48,201,1064,320,51,1168,416,225,108,149,75,115,402,215,90,238,279,126,51,1087,40,34,589,17,427,379,278,313,1116,664,778,302,146,122,287,614,388,227,243,227,51,540,358,34,208,169,219,17,1236,288,43,152,52,15065,6172,4400,5497,2813,945,421,89,4097,278,185,133,147,115,995,887,907,80,187,67,79,227,2499,946,209,518,343,530,139,236,596,563,776,68,140,19,303,142,70,86,198,31,24,348,160,131,253,20,127,108,20,20,100,128,138,45,20,20,109,107,98,78,105,51,31,173,251,64,59,20,113,174
ERR911991,controle,1273,342,949,539,1050,992,239,311,123,30,33,534,217,599,1851,1556,1356,962,207,727,69,579,472,135,300,96,221,146,217,55,30,605,234,190,96,33,294,197,66,56,151,965,293,31,1210,340,173,82,116,43,60,358,166,55,184,307,90,27,847,25,13,483,28,226,314,301,303,1248,638,654,284,43,129,284,545,325,240,247,236,33,441,250,12,105,126,150,48,968,219,19,107,45,13561,5728,3825,5047,2481,888,312,58,3968,255,124,103,112,36,828,661,753,29,215,158,167,106,2337,840,171,413,332,505,104,269,498,514,585,51,146,16,316,99,81,39,179,70,36,245,194,106,256,42,85,83,41,41,80,129,136,85,41,42,90,132,129,59,200,78,0,132,173,40,47,41,94,125,1273,342,949,539,1050,992,239,311,123,30,33,534,217,599,1851,1556,1356,962,207,727,69,579,472,135,300,96,221,146,217,55,30,605,234,190,96,33,294,197,66,56,151,965,293,31,1210,340,173,82,116,43,60,358,166,55,184,307,90,27,847,25,13,483,28,226,314,301,303,1248,638,654,284,43,129,284,545,325,240,247,236,33,441,250,12,105,126,150,48,968,219,19,107,45,13561,5728,3825,5047,2481,888,312,58,3968,255,124,103,112,36,828,661,753,29,215,158,167,106,2337,840,171,413,332,505,104,269,498,514,585,51,146,16,316,99,81,39,179,70,36,245,194,106,256,42,85,83,41,41,80,129,136,85,41,42,90,132,129,59,200,78,0,132,173,40,47,41,94,125
ERR911995,controle,1501,531,1097,400,966,891,121,303,213,44,88,805,343,643,2371,2080,1432,755,164,669,126,425,408,153,282,103,390,174,145,79,19,505,170,145,100,19,304,316,94,79,88,1034,345,53,1123,467,339,79,234,67,179,419,255,142,263,289,105,53,1414,67,14,501,24,325,464,167,392,1096,968,1107,233,143,106,318,473,143,281,365,293,48,383,248,6,187,73,91,19,1404,209,23,71,88,15193,6171,4485,5390,3071,709,345,125,3895,301,157,176,102,78,1303,777,938,15,245,81,57,71,3664,1022,354,627,314,713,115,373,436,554,824,89,180,37,322,117,103,78,123,84,54,333,105,84,268,53,159,162,53,53,62,129,142,118,53,53,70,117,150,86,146,59,84,263,270,55,87,53,89,186,1501,531,1097,400,966,891,121,303,213,44,88,805,343,643,2371,2080,1432,755,164,669,126,425,408,153,282,103,390,174,145,79,19,505,170,145,100,19,304,316,94,79,88,1034,345,53,1123,467,339,79,234,67,179,419,255,142,263,289,105,53,1414,67,14,501,24,325,464,167,392,1096,968,1107,233,143,106,318,473,143,281,365,293,48,383,248,6,187,73,91,19,1404,209,23,71,88,15193,6171,4485,5390,3071,709,345,125,3895,301,157,176,102,78,1303,777,938,15,245,81,57,71,3664,1022,354,627,314,713,115,373,436,554,824,89,180,37,322,117,103,78,123,84,54,333,105,84,268,53,159,162,53,53,62,129,142,118,53,53,70,117,150,86,146,59,84,263,270,55,87,53,89,186
ERR912003,controle,1484,466,1084,743,674,1230,243,558,177,59,28,766,302,763,3054,2094,1707,1229,364,1169,110,772,748,201,467,239,278,226,239,46,46,850,365,231,177,35,515,363,65,88,184,1300,513,63,1442,491,196,127,105,98,168,556,231,50,254,414,138,63,1287,52,42,680,16,442,422,355,320,1263,606,882,349,210,192,453,670,471,307,317,292,58,592,473,42,301,173,222,41,1389,270,29,100,44,18485,7655,4967,6737,3077,1172,552,89,5050,441,222,301,133,61,1107,855,1123,24,332,83,46,111,3181,1382,244,807,484,833,141,332,659,685,1121,60,171,33,336,108,70,88,246,72,53,417,216,136,305,51,85,146,51,51,106,173,180,71,51,51,114,185,157,71,234,94,14,161,297,48,50,51,155,112,1484,466,1084,743,674,1230,243,558,177,59,28,766,302,763,3054,2094,1707,1229,364,1169,110,772,748,201,467,239,278,226,239,46,46,850,365,231,177,35,515,363,65,88,184,1300,513,63,1442,491,196,127,105,98,168,556,231,50,254,414,138,63,1287,52,42,680,16,442,422,355,320,1263,606,882,349,210,192,453,670,471,307,317,292,58,592,473,42,301,173,222,41,1389,270,29,100,44,18485,7655,4967,6737,3077,1172,552,89,5050,441,222,301,133,61,1107,855,1123,24,332,83,46,111,3181,1382,244,807,484,833,141,332,659,685,1121,60,171,33,336,108,70,88,246,72,53,417,216,136,305,51,85,146,51,51,106,173,180,71,51,51,114,185,157,71,234,94,14,161,297,48,50,51,155,112
ERR912047,controle,360,140,477,133,377,337,36,110,55,16,6,344,111,274,572,638,456,300,34,344,19,145,80,37,173,9,67,121,134,58,12,316,134,20,38,4,70,159,58,15,35,428,109,55,571,246,178,26,135,89,105,154,72,51,140,88,83,55,445,17,10,177,5,173,139,54,109,295,361,339,90,80,55,121,96,45,130,234,64,14,141,56,5,123,119,117,16,535,67,23,141,54,5742,2232,1599,1839,1065,264,108,80,1388,192,47,47,53,26,526,538,457,6,140,27,69,69,1470,298,67,170,154,325,47,114,347,362,313,25,42,20,196,63,19,57,49,21,4,181,17,48,82,18,79,92,18,18,31,28,29,10,18,18,35,14,16,41,37,18,174,144,103,16,87,18,11,55,360,140,477,133,377,337,36,110,55,16,6,344,111,274,572,638,456,300,34,344,19,145,80,37,173,9,67,121,134,58,12,316,134,20,38,4,70,159,58,15,35,428,109,55,571,246,178,26,135,89,105,154,72,51,140,88,83,55,445,17,10,177,5,173,139,54,109,295,361,339,90,80,55,121,96,45,130,234,64,14,141,56,5,123,119,117,16,535,67,23,141,54,5742,2232,1599,1839,1065,264,108,80,1388,192,47,47,53,26,526,538,457,6,140,27,69,69,1470,298,67,170,154,325,47,114,347,362,313,25,42,20,196,63,19,57,49,21,4,181,17,48,82,18,79,92,18,18,31,28,29,10,18,18,35,14,16,41,37,18,174,144,103,16,87,18,11,55
ERR912079,controle,1003,295,727,489,552,767,73,270,138,22,0,484,238,420,1570,1499,843,363,46,576,50,418,253,85,273,79,246,149,104,31,21,365,142,50,29,51,214,209,55,47,98,875,230,18,677,299,104,84,63,37,60,372,92,141,141,198,40,18,890,52,16,283,5,144,257,169,331,591,650,618,160,34,111,149,277,258,153,340,155,13,222,140,0,100,35,101,58,1114,181,34,84,26,10475,4045,2756,3480,1834,591,275,78,2782,170,136,102,115,6,930,551,636,13,130,67,25,90,2619,822,205,327,170,425,81,302,362,301,432,21,89,25,291,47,112,52,122,60,22,498,44,84,204,52,81,78,49,49,63,86,90,55,49,52,72,79,69,141,146,37,14,385,407,56,43,49,39,82,1003,295,727,489,552,767,73,270,138,22,0,484,238,420,1570,1499,843,363,46,576,50,418,253,85,273,79,246,149,104,31,21,365,142,50,29,51,214,209,55,47,98,875,230,18,677,299,104,84,63,37,60,372,92,141,141,198,40,18,890,52,16,283,5,144,257,169,331,591,650,618,160,34,111,149,277,258,153,340,155,13,222,140,0,100,35,101,58,1114,181,34,84,26,10475,4045,2756,3480,1834,591,275,78,2782,170,136,102,115,6,930,551,636,13,130,67,25,90,2619,822,205,327,170,425,81,302,362,301,432,21,89,25,291,47,112,52,122,60,22,498,44,84,204,52,81,78,49,49,63,86,90,55,49,52,72,79,69,141,146,37,14,385,407,56,43,49,39,82
ERR912133,controle,1117,384,760,373,649,785,120,305,90,45,51,603,237,505,2135,1603,1062,820,182,882,129,836,444,103,411,177,290,125,180,151,29,462,170,97,108,6,413,202,95,46,62,886,304,27,995,412,257,74,199,31,162,484,186,70,260,355,106,27,932,31,9,509,19,299,465,470,312,1106,508,801,297,56,108,268,486,149,283,231,240,20,344,265,6,145,118,124,52,1038,250,11,88,59,13297,5591,3891,4847,2434,1007,293,53,3877,238,184,233,114,109,1135,1011,983,28,190,217,170,124,2891,1009,223,602,385,620,62,232,441,545,820,110,190,30,370,135,66,51,50,90,28,287,90,39,262,72,185,128,73,73,26,134,140,87,73,73,27,115,145,68,114,100,14,150,231,72,103,73,86,195,1117,384,760,373,649,785,120,305,90,45,51,603,237,505,2135,1603,1062,820,182,882,129,836,444,103,411,177,290,125,180,151,29,462,170,97,108,6,413,202,95,46,62,886,304,27,995,412,257,74,199,31,162,484,186,70,260,355,106,27,932,31,9,509,19,299,465,470,312,1106,508,801,297,56,108,268,486,149,283,231,240,20,344,265,6,145,118,124,52,1038,250,11,88,59,13297,5591,3891,4847,2434,1007,293,53,3877,238,184,233,114,109,1135,1011,983,28,190,217,170,124,2891,1009,223,602,385,620,62,232,441,545,820,110,190,30,370,135,66,51,50,90,28,287,90,39,262,72,185,128,73,73,26,134,140,87,73,73,27,115,145,68,114,100,14,150,231,72,103,73,86,195
ERR912200,controle,1789,437,978,614,688,841,116,245,258,64,0,619,374,582,2680,2045,1275,773,266,952,123,774,516,82,371,32,225,240,157,44,17,539,87,56,156,73,458,436,127,79,75,1298,250,18,1304,403,309,27,241,23,21,431,329,141,361,220,59,18,1587,109,44,710,12,406,337,244,301,1152,881,1140,259,78,148,334,585,146,328,337,247,45,454,403,5,359,38,85,102,1863,490,12,135,101,16158,6885,4890,6102,3260,1131,261,164,4392,282,251,118,148,23,1370,1134,1119,100,106,158,186,143,3669,1287,274,533,383,742,145,219,543,545,636,26,285,31,333,156,182,49,106,45,24,339,85,50,309,32,391,220,33,33,34,99,103,65,33,32,43,70,212,144,76,195,35,303,284,30,69,33,48,390,1789,437,978,614,688,841,116,245,258,64,0,619,374,582,2680,2045,1275,773,266,952,123,774,516,82,371,32,225,240,157,44,17,539,87,56,156,73,458,436,127,79,75,1298,250,18,1304,403,309,27,241,23,21,431,329,141,361,220,59,18,1587,109,44,710,12,406,337,244,301,1152,881,1140,259,78,148,334,585,146,328,337,247,45,454,403,5,359,38,85,102,1863,490,12,135,101,16158,6885,4890,6102,3260,1131,261,164,4392,282,251,118,148,23,1370,1134,1119,100,106,158,186,143,3669,1287,274,533,383,742,145,219,543,545,636,26,285,31,333,156,182,49,106,45,24,339,85,50,309,32,391,220,33,33,34,99,103,65,33,32,43,70,212,144,76,195,35,303,284,30,69,33,48,390
SRR24907834,controle,966,369,826,367,690,805,77,153,87,23,32,477,285,443,1701,1364,753,695,113,635,49,509,312,112,296,41,209,163,156,82,3,499,148,63,115,22,268,242,54,26,175,900,140,32,825,556,382,75,268,44,29,302,182,146,176,187,81,32,742,38,0,346,4,148,288,266,268,948,480,642,231,100,218,216,412,123,248,317,317,21,262,206,1,197,103,143,91,1143,208,21,86,54,11246,4990,3229,4259,2107,919,147,42,3283,226,99,100,87,52,1187,726,767,16,109,88,165,84,2922,828,120,484,180,605,114,284,473,477,865,59,133,42,272,141,142,75,163,78,43,205,179,36,198,70,301,289,69,69,22,68,69,25,69,69,37,42,52,54,53,112,113,365,116,66,105,69,77,135,966,369,826,367,690,805,77,153,87,23,32,477,285,443,1701,1364,753,695,113,635,49,509,312,112,296,41,209,163,156,82,3,499,148,63,115,22,268,242,54,26,175,900,140,32,825,556,382,75,268,44,29,302,182,146,176,187,81,32,742,38,0,346,4,148,288,266,268,948,480,642,231,100,218,216,412,123,248,317,317,21,262,206,1,197,103,143,91,1143,208,21,86,54,11246,4990,3229,4259,2107,919,147,42,3283,226,99,100,87,52,1187,726,767,16,109,88,165,84,2922,828,120,484,180,605,114,284,473,477,865,59,133,42,272,141,142,75,163,78,43,205,179,36,198,70,301,289,69,69,22,68,69,25,69,69,37,42,52,54,53,112,113,365,116,66,105,69,77,135
SRR24907871,controle,1005,406,879,345,693,911,75,240,206,36,32,551,197,428,1878,1483,774,572,110,603,64,446,208,60,278,42,191,137,156,39,12,450,127,67,141,39,373,259,44,18,148,802,189,32,764,464,316,83,212,45,68,334,233,110,164,243,122,32,746,55,4,348,26,268,325,215,308,873,487,676,222,134,184,262,405,155,293,289,256,3,282,191,0,243,81,124,68,986,198,17,140,61,11327,4857,3192,4174,2004,732,238,41,2922,194,133,103,67,47,781,676,740,13,74,82,124,83,2495,828,132,523,266,553,157,256,499,558,699,57,122,16,306,127,87,65,170,50,45,224,171,90,184,39,183,208,39,39,79,97,100,38,39,39,101,43,74,40,71,107,92,341,123,38,78,39,44,91,1005,406,879,345,693,911,75,240,206,36,32,551,197,428,1878,1483,774,572,110,603,64,446,208,60,278,42,191,137,156,39,12,450,127,67,141,39,373,259,44,18,148,802,189,32,764,464,316,83,212,45,68,334,233,110,164,243,122,32,746,55,4,348,26,268,325,215,308,873,487,676,222,134,184,262,405,155,293,289,256,3,282,191,0,243,81,124,68,986,198,17,140,61,11327,4857,3192,4174,2004,732,238,41,2922,194,133,103,67,47,781,676,740,13,74,82,124,83,2495,828,132,523,266,553,157,256,499,558,699,57,122,16,306,127,87,65,170,50,45,224,171,90,184,39,183,208,39,39,79,97,100,38,39,39,101,43,74,40,71,107,92,341,123,38,78,39,44,91
SRR24907892,controle,367,107,293,140,337,366,29,74,71,22,20,141,33,114,696,523,303,262,23,203,13,219,120,46,143,11,73,40,47,25,4,189,33,16,33,16,114,56,31,19,41,347,88,19,339,185,128,24,67,40,11,156,69,42,79,91,45,19,213,10,1,162,2,87,121,106,121,345,135,183,92,60,61,114,222,59,105,125,143,3,109,57,3,43,24,35,27,410,98,7,30,17,4462,2070,1091,1738,680,302,70,33,1200,125,68,37,54,26,348,244,409,9,55,38,46,39,1025,258,36,146,139,230,29,80,158,178,202,34,21,7,130,49,22,44,42,18,0,119,51,44,61,17,68,69,17,17,21,11,11,13,17,17,22,15,21,40,46,47,28,124,69,18,36,17,20,29,367,107,293,140,337,366,29,74,71,22,20,141,33,114,696,523,303,262,23,203,13,219,120,46,143,11,73,40,47,25,4,189,33,16,33,16,114,56,31,19,41,347,88,19,339,185,128,24,67,40,11,156,69,42,79,91,45,19,213,10,1,162,2,87,121,106,121,345,135,183,92,60,61,114,222,59,105,125,143,3,109,57,3,43,24,35,27,410,98,7,30,17,4462,2070,1091,1738,680,302,70,33,1200,125,68,37,54,26,348,244,409,9,55,38,46,39,1025,258,36,146,139,230,29,80,158,178,202,34,21,7,130,49,22,44,42,18,0,119,51,44,61,17,68,69,17,17,21,11,11,13,17,17,22,15,21,40,46,47,28,124,69,18,36,17,20,29
SRR24907906,controle,268,132,246,88,209,224,23,71,41,5,11,165,51,113,546,456,245,156,46,167,17,147,80,16,95,12,57,38,38,8,0,126,33,39,44,16,97,58,22,11,29,212,63,8,267,162,109,18,86,15,11,69,41,31,41,71,20,8,194,17,0,104,8,71,106,62,88,216,129,201,68,21,32,70,160,47,69,95,66,5,83,66,0,37,25,33,14,359,65,6,43,41,3148,1359,921,1235,578,225,67,6,801,56,35,31,40,19,260,171,224,8,25,29,22,17,715,218,44,170,69,206,45,84,127,153,185,20,31,2,87,42,16,12,46,13,8,81,41,38,63,12,35,41,12,12,36,23,32,11,12,12,38,12,19,24,29,34,16,80,56,14,31,12,19,22,268,132,246,88,209,224,23,71,41,5,11,165,51,113,546,456,245,156,46,167,17,147,80,16,95,12,57,38,38,8,0,126,33,39,44,16,97,58,22,11,29,212,63,8,267,162,109,18,86,15,11,69,41,31,41,71,20,8,194,17,0,104,8,71,106,62,88,216,129,201,68,21,32,70,160,47,69,95,66,5,83,66,0,37,25,33,14,359,65,6,43,41,3148,1359,921,1235,578,225,67,6,801,56,35,31,40,19,260,171,224,8,25,29,22,17,715,218,44,170,69,206,45,84,127,153,185,20,31,2,87,42,16,12,46,13,8,81,41,38,63,12,35,41,12,12,36,23,32,11,12,12,38,12,19,24,29,34,16,80,56,14,31,12,19,22
SRR24907908,controle,384,104,323,172,293,350,45,63,33,10,17,117,51,156,581,447,292,242,32,243,19,218,127,67,156,20,88,69,78,36,4,157,61,22,30,13,129,95,8,6,56,316,120,22,363,183,143,17,97,52,16,118,63,32,35,105,32,22,269,12,0,120,7,60,109,121,107,347,135,165,78,48,54,51,156,83,100,99,89,0,105,60,4,94,46,66,26,420,90,13,17,35,4113,1791,1104,1515,643,317,61,33,1127,51,50,29,35,22,270,237,144,3,41,28,24,53,1001,231,37,149,80,131,20,109,170,139,229,27,34,2,110,41,27,62,34,21,5,94,56,15,58,20,56,57,20,20,6,20,20,11,20,20,8,12,14,7,58,21,20,77,39,20,45,20,45,31,384,104,323,172,293,350,45,63,33,10,17,117,51,156,581,447,292,242,32,243,19,218,127,67,156,20,88,69,78,36,4,157,61,22,30,13,129,95,8,6,56,316,120,22,363,183,143,17,97,52,16,118,63,32,35,105,32,22,269,12,0,120,7,60,109,121,107,347,135,165,78,48,54,51,156,83,100,99,89,0,105,60,4,94,46,66,26,420,90,13,17,35,4113,1791,1104,1515,643,317,61,33,1127,51,50,29,35,22,270,237,144,3,41,28,24,53,1001,231,37,149,80,131,20,109,170,139,229,27,34,2,110,41,27,62,34,21,5,94,56,15,58,20,56,57,20,20,6,20,20,11,20,20,8,12,14,7,58,21,20,77,39,20,45,20,45,31
SRR24907938,controle,219,90,168,77,140,153,13,63,20,11,2,131,87,78,361,265,172,131,12,122,13,74,47,20,73,24,33,34,37,11,3,80,28,23,13,2,39,43,9,9,26,162,48,5,207,92,72,7,56,8,11,55,36,20,57,43,21,5,265,15,0,96,12,52,72,36,93,202,156,154,39,27,31,41,62,23,69,36,33,7,52,28,0,38,18,24,7,303,16,7,29,35,2285,996,672,895,493,130,62,15,574,62,16,23,55,6,165,232,168,11,41,23,53,25,701,180,22,79,44,105,12,41,93,88,112,7,24,3,56,28,8,15,26,5,7,46,30,13,55,5,63,59,5,5,11,22,22,18,5,5,13,24,34,11,22,16,35,90,33,5,11,5,14,12,219,90,168,77,140,153,13,63,20,11,2,131,87,78,361,265,172,131,12,122,13,74,47,20,73,24,33,34,37,11,3,80,28,23,13,2,39,43,9,9,26,162,48,5,207,92,72,7,56,8,11,55,36,20,57,43,21,5,265,15,0,96,12,52,72,36,93,202,156,154,39,27,31,41,62,23,69,36,33,7,52,28,0,38,18,24,7,303,16,7,29,35,2285,996,672,895,493,130,62,15,574,62,16,23,55,6,165,232,168,11,41,23,53,25,701,180,22,79,44,105,12,41,93,88,112,7,24,3,56,28,8,15,26,5,7,46,30,13,55,5,63,59,5,5,11,22,22,18,5,5,13,24,34,11,22,16,35,90,33,5,11,5,14,12
SRR24907942,controle,497,169,322,103,337,331,19,67,60,14,10,215,96,169,776,545,380,231,53,272,34,171,147,56,105,11,82,41,60,25,3,140,40,25,87,7,114,83,23,23,56,419,75,3,380,203,127,25,96,20,12,156,62,66,126,79,22,3,452,15,2,166,17,154,162,63,125,381,228,311,94,45,75,120,208,36,77,128,100,20,126,77,4,66,25,38,17,534,104,7,52,21,4753,2189,1493,1803,930,264,62,17,1308,91,65,26,46,34,411,306,395,5,84,34,21,52,1249,390,49,195,138,285,41,101,152,191,250,36,84,14,152,31,29,25,33,19,32,119,64,25,102,17,51,50,17,17,19,50,53,26,17,17,21,41,39,72,36,47,11,115,104,19,58,17,62,46,497,169,322,103,337,331,19,67,60,14,10,215,96,169,776,545,380,231,53,272,34,171,147,56,105,11,82,41,60,25,3,140,40,25,87,7,114,83,23,23,56,419,75,3,380,203,127,25,96,20,12,156,62,66,126,79,22,3,452,15,2,166,17,154,162,63,125,381,228,311,94,45,75,120,208,36,77,128,100,20,126,77,4,66,25,38,17,534,104,7,52,21,4753,2189,1493,1803,930,264,62,17,1308,91,65,26,46,34,411,306,395,5,84,34,21,52,1249,390,49,195,138,285,41,101,152,191,250,36,84,14,152,31,29,25,33,19,32,119,64,25,102,17,51,50,17,17,19,50,53,26,17,17,21,41,39,72,36,47,11,115,104,19,58,17,62,46
SRR24907950,controle,712,96,927,381,850,896,125,73,30,24,10,269,117,176,706,738,477,596,20,170,32,601,293,122,200,15,360,80,92,90,11,315,184,45,322,5,62,49,7,13,60,318,321,3,544,848,788,20,370,4,55,68,98,50,228,316,41,3,369,7,0,152,6,308,99,137,74,787,139,378,62,17,91,92,221,59,288,75,71,14,155,60,9,49,52,71,21,264,146,4,34,40,6681,3031,1831,3164,1304,289,76,60,2083,279,27,269,28,82,316,272,333,0,27,3,0,42,1761,539,31,98,205,201,34,77,164,153,147,92,74,10,162,36,10,5,34,8,30,90,32,23,63,7,12,20,7,7,18,51,52,10,7,7,18,10,29,7,57,11,1,25,57,6,0,7,32,15,712,96,927,381,850,896,125,73,30,24,10,269,117,176,706,738,477,596,20,170,32,601,293,122,200,15,360,80,92,90,11,315,184,45,322,5,62,49,7,13,60,318,321,3,544,848,788,20,370,4,55,68,98,50,228,316,41,3,369,7,0,152,6,308,99,137,74,787,139,378,62,17,91,92,221,59,288,75,71,14,155,60,9,49,52,71,21,264,146,4,34,40,6681,3031,1831,3164,1304,289,76,60,2083,279,27,269,28,82,316,272,333,0,27,3,0,42,1761,539,31,98,205,201,34,77,164,153,147,92,74,10,162,36,10,5,34,8,30,90,32,23,63,7,12,20,7,7,18,51,52,10,7,7,18,10,29,7,57,11,1,25,57,6,0,7,32,15
SRR24907956,controle,219,94,142,85,158,199,20,61,14,8,4,119,34,96,419,320,234,201,46,170,7,143,88,28,92,23,67,46,52,29,3,139,39,55,33,11,77,73,4,12,29,195,58,0,224,123,85,26,57,5,10,102,45,30,26,45,16,0,166,12,0,116,2,58,71,82,69,221,80,146,43,32,43,63,147,62,51,95,49,2,83,66,4,67,30,39,19,228,37,18,11,26,2877,1283,845,1074,478,223,59,36,827,60,40,30,31,23,183,145,163,9,19,27,10,37,644,182,28,93,56,126,15,67,138,101,144,30,26,8,99,26,8,5,26,6,8,60,46,7,32,5,20,20,5,5,6,23,25,9,5,5,9,7,10,6,24,5,10,42,31,4,16,5,6,15,219,94,142,85,158,199,20,61,14,8,4,119,34,96,419,320,234,201,46,170,7,143,88,28,92,23,67,46,52,29,3,139,39,55,33,11,77,73,4,12,29,195,58,0,224,123,85,26,57,5,10,102,45,30,26,45,16,0,166,12,0,116,2,58,71,82,69,221,80,146,43,32,43,63,147,62,51,95,49,2,83,66,4,67,30,39,19,228,37,18,11,26,2877,1283,845,1074,478,223,59,36,827,60,40,30,31,23,183,145,163,9,19,27,10,37,644,182,28,93,56,126,15,67,138,101,144,30,26,8,99,26,8,5,26,6,8,60,46,7,32,5,20,20,5,5,6,23,25,9,5,5,9,7,10,6,24,5,10,42,31,4,16,5,6,15
SRR24907957,controle,190,64,175,75,152,164,13,46,21,4,17,104,61,81,420,330,202,187,28,112,23,103,69,29,89,12,46,29,35,19,2,121,28,34,22,8,60,47,7,3,21,133,57,2,173,102,64,13,36,11,8,68,51,42,28,74,27,2,104,3,0,91,1,56,56,50,68,204,97,93,44,11,38,61,106,52,59,68,70,9,40,45,0,31,19,27,14,247,63,11,25,22,2495,1062,620,917,401,153,46,15,682,36,32,19,19,7,134,110,161,0,26,18,14,23,507,150,35,101,35,58,21,55,138,126,132,8,18,16,73,21,8,3,32,6,0,72,39,29,35,6,30,21,6,6,18,16,23,11,6,6,19,15,16,33,26,11,9,58,33,6,17,6,18,16,190,64,175,75,152,164,13,46,21,4,17,104,61,81,420,330,202,187,28,112,23,103,69,29,89,12,46,29,35,19,2,121,28,34,22,8,60,47,7,3,21,133,57,2,173,102,64,13,36,11,8,68,51,42,28,74,27,2,104,3,0,91,1,56,56,50,68,204,97,93,44,11,38,61,106,52,59,68,70,9,40,45,0,31,19,27,14,247,63,11,25,22,2495,1062,620,917,401,153,46,15,682,36,32,19,19,7,134,110,161,0,26,18,14,23,507,150,35,101,35,58,21,55,138,126,132,8,18,16,73,21,8,3,32,6,0,72,39,29,35,6,30,21,6,6,18,16,23,11,6,6,19,15,16,33,26,11,9,58,33,6,17,6,18,16
SRR24907983,controle,1075,284,1220,592,1198,1181,129,177,88,24,14,514,271,427,1786,1645,878,972,112,607,52,874,565,204,314,42,455,143,142,45,13,438,216,46,298,33,271,343,52,36,129,925,358,51,1074,1257,1101,26,656,69,29,287,235,166,337,359,105,51,810,59,2,358,17,382,279,358,284,1109,460,708,213,144,295,265,396,136,455,240,196,0,284,195,14,322,93,124,86,994,306,34,63,137,13211,6034,3430,5565,2347,858,162,81,3883,306,122,198,83,60,952,694,630,15,121,109,187,70,3061,1009,89,408,227,515,90,204,397,410,518,71,101,26,420,132,84,89,122,45,0,255,145,52,143,45,289,269,44,44,41,31,33,27,44,44,41,44,42,62,103,106,121,382,136,42,69,44,64,101,1075,284,1220,592,1198,1181,129,177,88,24,14,514,271,427,1786,1645,878,972,112,607,52,874,565,204,314,42,455,143,142,45,13,438,216,46,298,33,271,343,52,36,129,925,358,51,1074,1257,1101,26,656,69,29,287,235,166,337,359,105,51,810,59,2,358,17,382,279,358,284,1109,460,708,213,144,295,265,396,136,455,240,196,0,284,195,14,322,93,124,86,994,306,34,63,137,13211,6034,3430,5565,2347,858,162,81,3883,306,122,198,83,60,952,694,630,15,121,109,187,70,3061,1009,89,408,227,515,90,204,397,410,518,71,101,26,420,132,84,89,122,45,0,255,145,52,143,45,289,269,44,44,41,31,33,27,44,44,41,44,42,62,103,106,121,382,136,42,69,44,64,101
SRR24907984,controle,1432,532,1178,458,1022,1066,86,285,321,21,16,851,404,586,2645,2143,1284,969,143,875,122,736,488,167,389,42,306,166,135,40,25,559,175,98,264,30,396,288,101,80,124,1213,262,32,1270,793,574,66,421,80,44,399,193,190,278,252,74,30,1363,145,6,647,37,539,457,325,440,1291,736,1020,333,143,374,420,557,126,446,455,305,6,463,233,11,227,76,119,61,1830,292,24,123,156,16423,7201,4836,6242,3099,1022,277,106,4560,297,178,145,227,108,1265,987,1366,31,277,228,125,115,4207,1167,217,635,378,949,149,302,625,745,778,126,160,21,445,200,84,84,164,67,59,341,198,120,322,57,241,200,59,59,109,148,166,78,59,63,109,92,148,187,158,136,67,391,289,60,197,59,64,140,1432,532,1178,458,1022,1066,86,285,321,21,16,851,404,586,2645,2143,1284,969,143,875,122,736,488,167,389,42,306,166,135,40,25,559,175,98,264,30,396,288,101,80,124,1213,262,32,1270,793,574,66,421,80,44,399,193,190,278,252,74,30,1363,145,6,647,37,539,457,325,440,1291,736,1020,333,143,374,420,557,126,446,455,305,6,463,233,11,227,76,119,61,1830,292,24,123,156,16423,7201,4836,6242,3099,1022,277,106,4560,297,178,145,227,108,1265,987,1366,31,277,228,125,115,4207,1167,217,635,378,949,149,302,625,745,778,126,160,21,445,200,84,84,164,67,59,341,198,120,322,57,241,200,59,59,109,148,166,78,59,63,109,92,148,187,158,136,67,391,289,60,197,59,64,140
SRR24908007,controle,255,105,221,134,242,252,34,51,25,13,21,99,40,120,475,383,230,182,16,169,11,167,75,40,137,11,86,63,68,13,0,140,57,23,13,12,82,61,9,0,49,211,67,0,256,126,81,35,49,7,12,77,48,28,26,74,8,0,172,3,2,114,6,40,68,86,73,221,123,143,38,34,29,73,119,50,85,71,85,0,52,78,1,60,43,57,29,283,41,8,17,20,3044,1383,831,1143,517,238,50,14,794,57,40,28,23,3,177,151,147,9,22,12,7,48,623,184,33,103,71,101,24,80,164,114,144,3,11,5,71,37,23,3,43,16,0,71,45,26,41,16,25,29,16,16,18,8,9,6,16,16,19,6,15,22,30,10,5,34,28,15,8,16,36,18,255,105,221,134,242,252,34,51,25,13,21,99,40,120,475,383,230,182,16,169,11,167,75,40,137,11,86,63,68,13,0,140,57,23,13,12,82,61,9,0,49,211,67,0,256,126,81,35,49,7,12,77,48,28,26,74,8,0,172,3,2,114,6,40,68,86,73,221,123,143,38,34,29,73,119,50,85,71,85,0,52,78,1,60,43,57,29,283,41,8,17,20,3044,1383,831,1143,517,238,50,14,794,57,40,28,23,3,177,151,147,9,22,12,7,48,623,184,33,103,71,101,24,80,164,114,144,3,11,5,71,37,23,3,43,16,0,71,45,26,41,16,25,29,16,16,18,8,9,6,16,16,19,6,15,22,30,10,5,34,28,15,8,16,36,18
SRR24908040,controle,281,76,231,129,233,246,28,52,41,5,8,115,51,80,421,323,205,183,23,129,26,146,89,48,105,16,66,43,35,35,14,117,40,31,40,5,55,57,13,11,51,159,62,2,210,113,77,17,57,3,19,39,46,39,51,64,13,2,190,21,9,95,7,74,71,67,61,230,123,147,45,33,31,41,142,39,89,64,77,2,67,56,4,50,19,27,16,241,58,9,39,11,2787,1282,812,1084,499,180,59,46,764,45,19,35,25,21,248,172,193,5,34,19,9,40,653,199,25,95,66,130,23,36,117,88,111,21,16,7,67,25,3,7,26,3,5,34,30,33,31,3,15,16,3,3,14,16,15,7,3,3,16,10,13,13,32,14,6,30,22,8,25,3,19,12,281,76,231,129,233,246,28,52,41,5,8,115,51,80,421,323,205,183,23,129,26,146,89,48,105,16,66,43,35,35,14,117,40,31,40,5,55,57,13,11,51,159,62,2,210,113,77,17,57,3,19,39,46,39,51,64,13,2,190,21,9,95,7,74,71,67,61,230,123,147,45,33,31,41,142,39,89,64,77,2,67,56,4,50,19,27,16,241,58,9,39,11,2787,1282,812,1084,499,180,59,46,764,45,19,35,25,21,248,172,193,5,34,19,9,40,653,199,25,95,66,130,23,36,117,88,111,21,16,7,67,25,3,7,26,3,5,34,30,33,31,3,15,16,3,3,14,16,15,7,3,3,16,10,13,13,32,14,6,30,22,8,25,3,19,12
SRR24908049,controle,200,82,151,58,142,188,11,44,18,11,3,97,48,86,344,226,166,159,33,114,9,104,60,18,75,11,59,43,38,10,0,107,35,24,14,8,58,41,15,7,25,180,37,2,185,89,53,18,38,3,7,72,32,15,43,35,13,2,227,10,0,68,4,52,79,42,49,192,94,131,43,25,31,65,83,25,48,59,55,4,34,30,3,29,25,34,9,230,31,9,7,8,2263,1011,652,887,445,172,43,16,654,68,24,16,26,6,214,167,166,5,22,34,25,15,499,159,29,77,55,106,15,27,71,86,114,8,18,1,56,23,23,4,21,10,0,56,27,8,32,9,33,35,9,9,7,9,10,6,9,9,7,10,14,24,18,20,12,51,44,9,12,9,12,16,200,82,151,58,142,188,11,44,18,11,3,97,48,86,344,226,166,159,33,114,9,104,60,18,75,11,59,43,38,10,0,107,35,24,14,8,58,41,15,7,25,180,37,2,185,89,53,18,38,3,7,72,32,15,43,35,13,2,227,10,0,68,4,52,79,42,49,192,94,131,43,25,31,65,83,25,48,59,55,4,34,30,3,29,25,34,9,230,31,9,7,8,2263,1011,652,887,445,172,43,16,654,68,24,16,26,6,214,167,166,5,22,34,25,15,499,159,29,77,55,106,15,27,71,86,114,8,18,1,56,23,23,4,21,10,0,56,27,8,32,9,33,35,9,9,7,9,10,6,9,9,7,10,14,24,18,20,12,51,44,9,12,9,12,16
SRR6784403,controle,390,105,257,129,195,249,62,124,68,13,8,187,122,211,678,584,437,204,80,261,50,141,147,18,95,48,65,70,50,10,9,202,61,27,18,8,104,101,49,25,18,343,98,17,461,75,42,20,50,24,58,190,90,26,106,66,33,17,448,25,8,195,17,108,153,56,92,263,293,291,114,22,20,70,128,71,60,150,76,16,146,108,11,58,22,40,6,476,112,8,33,28,4664,1744,1275,1496,811,241,130,48,1173,121,57,57,41,10,405,253,282,31,90,67,69,31,878,323,131,185,137,270,29,116,179,207,274,10,75,9,68,54,27,31,31,27,7,122,26,21,97,15,41,35,15,15,17,45,47,30,15,15,19,55,66,50,60,22,0,77,117,19,23,15,17,76,390,105,257,129,195,249,62,124,68,13,8,187,122,211,678,584,437,204,80,261,50,141,147,18,95,48,65,70,50,10,9,202,61,27,18,8,104,101,49,25,18,343,98,17,461,75,42,20,50,24,58,190,90,26,106,66,33,17,448,25,8,195,17,108,153,56,92,263,293,291,114,22,20,70,128,71,60,150,76,16,146,108,11,58,22,40,6,476,112,8,33,28,4664,1744,1275,1496,811,241,130,48,1173,121,57,57,41,10,405,253,282,31,90,67,69,31,878,323,131,185,137,270,29,116,179,207,274,10,75,9,68,54,27,31,31,27,7,122,26,21,97,15,41,35,15,15,17,45,47,30,15,15,19,55,66,50,60,22,0,77,117,19,23,15,17,76
SRR6784406,controle,1974,488,1072,727,804,967,429,675,326,69,19,1062,488,1133,3121,2360,2310,1330,495,1172,225,722,632,159,330,205,218,314,296,31,58,1094,331,185,153,11,541,374,201,70,199,1551,348,92,1849,484,315,144,146,102,186,826,196,103,616,197,118,92,2293,47,95,960,7,758,440,342,343,1491,1116,1442,438,255,110,369,614,385,328,351,267,43,856,541,75,222,144,212,38,1809,406,17,139,59,21716,8329,6335,7633,4264,1113,688,178,5557,421,220,251,249,114,1162,1044,1265,40,356,255,137,153,3772,1265,598,846,552,743,231,309,833,904,1232,131,229,54,376,179,208,88,256,141,36,459,102,181,433,102,309,186,102,102,150,232,235,111,102,101,162,347,267,98,226,111,40,153,402,111,74,102,158,683,1974,488,1072,727,804,967,429,675,326,69,19,1062,488,1133,3121,2360,2310,1330,495,1172,225,722,632,159,330,205,218,314,296,31,58,1094,331,185,153,11,541,374,201,70,199,1551,348,92,1849,484,315,144,146,102,186,826,196,103,616,197,118,92,2293,47,95,960,7,758,440,342,343,1491,1116,1442,438,255,110,369,614,385,328,351,267,43,856,541,75,222,144,212,38,1809,406,17,139,59,21716,8329,6335,7633,4264,1113,688,178,5557,421,220,251,249,114,1162,1044,1265,40,356,255,137,153,3772,1265,598,846,552,743,231,309,833,904,1232,131,229,54,376,179,208,88,256,141,36,459,102,181,433,102,309,186,102,102,150,232,235,111,102,101,162,347,267,98,226,111,40,153,402,111,74,102,158,683
SRR6784524,controle,1454,378,1794,1243,687,1077,105,838,452,46,0,1004,957,1294,4011,3023,1765,799,242,1646,77,972,895,136,706,129,106,218,138,75,57,848,462,57,41,96,264,709,201,166,136,2964,293,39,2227,558,203,148,141,191,229,936,252,103,714,265,59,39,2138,119,13,938,30,313,433,159,388,816,1571,1230,543,97,64,468,477,542,320,758,524,133,572,761,5,452,69,182,13,2578,660,69,450,63,24813,10262,6457,7975,4300,1864,856,139,6784,627,360,29,249,13,3006,1905,1617,38,348,48,31,677,5211,2100,660,521,524,2397,293,289,918,623,859,11,229,303,549,314,49,179,263,11,5,992,27,208,551,9,79,138,9,9,175,333,337,48,9,9,188,100,154,329,204,124,4,545,999,10,6,9,51,192,1454,378,1794,1243,687,1077,105,838,452,46,0,1004,957,1294,4011,3023,1765,799,242,1646,77,972,895,136,706,129,106,218,138,75,57,848,462,57,41,96,264,709,201,166,136,2964,293,39,2227,558,203,148,141,191,229,936,252,103,714,265,59,39,2138,119,13,938,30,313,433,159,388,816,1571,1230,543,97,64,468,477,542,320,758,524,133,572,761,5,452,69,182,13,2578,660,69,450,63,24813,10262,6457,7975,4300,1864,856,139,6784,627,360,29,249,13,3006,1905,1617,38,348,48,31,677,5211,2100,660,521,524,2397,293,289,918,623,859,11,229,303,549,314,49,179,263,11,5,992,27,208,551,9,79,138,9,9,175,333,337,48,9,9,188,100,154,329,204,124,4,545,999,10,6,9,51,192
SRR6784528,controle,525,165,310,187,187,303,88,240,81,7,6,278,55,326,898,624,695,419,214,415,56,206,241,43,89,77,38,51,43,28,36,284,57,89,45,4,202,120,51,16,38,389,183,29,329,142,149,15,20,28,96,197,150,5,98,145,66,29,546,23,26,250,5,151,155,116,93,398,289,400,112,28,30,146,191,120,97,80,53,26,243,175,2,77,35,30,0,351,86,9,39,12,6007,2257,1793,2186,1078,357,240,35,1679,114,44,73,27,9,395,229,467,5,161,94,10,22,1013,363,117,220,197,185,54,81,178,271,338,20,57,6,88,21,31,35,71,55,22,124,72,43,113,17,45,37,17,17,35,62,65,60,17,17,37,101,85,25,105,24,32,38,94,18,9,17,34,204,525,165,310,187,187,303,88,240,81,7,6,278,55,326,898,624,695,419,214,415,56,206,241,43,89,77,38,51,43,28,36,284,57,89,45,4,202,120,51,16,38,389,183,29,329,142,149,15,20,28,96,197,150,5,98,145,66,29,546,23,26,250,5,151,155,116,93,398,289,400,112,28,30,146,191,120,97,80,53,26,243,175,2,77,35,30,0,351,86,9,39,12,6007,2257,1793,2186,1078,357,240,35,1679,114,44,73,27,9,395,229,467,5,161,94,10,22,1013,363,117,220,197,185,54,81,178,271,338,20,57,6,88,21,31,35,71,55,22,124,72,43,113,17,45,37,17,17,35,62,65,60,17,17,37,101,85,25,105,24,32,38,94,18,9,17,34,204
SRR6784540,controle,891,245,765,504,509,735,161,406,102,42,36,388,303,511,1848,1289,932,529,153,694,118,385,373,69,307,124,107,104,119,20,25,428,149,59,42,16,217,313,86,66,17,1119,236,29,1192,255,63,62,45,58,73,547,251,66,355,260,126,29,1103,36,38,506,18,336,279,108,240,645,636,748,242,63,41,223,278,291,221,247,184,56,333,207,13,141,59,90,23,1114,197,39,127,26,11589,4755,3283,3891,2062,723,413,50,3037,286,203,77,150,18,1270,906,870,28,161,84,62,203,1937,1031,234,312,362,754,74,167,496,384,494,30,186,82,299,147,33,38,79,31,11,411,44,43,213,19,107,87,19,19,37,111,114,54,19,19,39,100,134,142,104,127,33,218,426,20,45,19,31,187,891,245,765,504,509,735,161,406,102,42,36,388,303,511,1848,1289,932,529,153,694,118,385,373,69,307,124,107,104,119,20,25,428,149,59,42,16,217,313,86,66,17,1119,236,29,1192,255,63,62,45,58,73,547,251,66,355,260,126,29,1103,36,38,506,18,336,279,108,240,645,636,748,242,63,41,223,278,291,221,247,184,56,333,207,13,141,59,90,23,1114,197,39,127,26,11589,4755,3283,3891,2062,723,413,50,3037,286,203,77,150,18,1270,906,870,28,161,84,62,203,1937,1031,234,312,362,754,74,167,496,384,494,30,186,82,299,147,33,38,79,31,11,411,44,43,213,19,107,87,19,19,37,111,114,54,19,19,39,100,134,142,104,127,33,218,426,20,45,19,31,187
SRR6784551,controle,595,207,385,310,295,367,132,178,81,7,8,322,153,430,1006,892,767,358,125,437,50,212,223,50,124,61,109,76,68,34,20,275,72,60,48,24,168,113,64,43,36,532,108,20,636,112,53,32,48,28,54,304,105,45,172,108,54,19,719,28,11,364,8,153,146,74,196,430,466,531,153,26,54,115,206,129,126,207,116,19,300,216,11,53,25,38,15,704,116,7,66,29,7319,2618,2196,2301,1344,376,178,56,1908,185,94,110,41,8,628,518,392,20,147,61,37,74,1445,528,179,260,144,268,54,174,280,280,349,11,94,41,146,50,137,36,50,63,16,229,44,36,229,44,96,84,44,44,29,118,120,48,44,44,35,79,93,85,91,30,8,135,216,47,22,44,27,192,595,207,385,310,295,367,132,178,81,7,8,322,153,430,1006,892,767,358,125,437,50,212,223,50,124,61,109,76,68,34,20,275,72,60,48,24,168,113,64,43,36,532,108,20,636,112,53,32,48,28,54,304,105,45,172,108,54,19,719,28,11,364,8,153,146,74,196,430,466,531,153,26,54,115,206,129,126,207,116,19,300,216,11,53,25,38,15,704,116,7,66,29,7319,2618,2196,2301,1344,376,178,56,1908,185,94,110,41,8,628,518,392,20,147,61,37,74,1445,528,179,260,144,268,54,174,280,280,349,11,94,41,146,50,137,36,50,63,16,229,44,36,229,44,96,84,44,44,29,118,120,48,44,44,35,79,93,85,91,30,8,135,216,47,22,44,27,192
SRR6784554,controle,265,86,208,160,104,166,60,92,44,11,0,168,98,195,475,360,313,178,66,253,36,125,114,27,72,22,39,30,29,8,11,135,34,36,23,5,80,77,32,18,20,276,73,8,210,48,26,12,28,15,33,173,52,16,85,70,27,8,319,13,17,142,4,89,70,49,55,198,216,235,54,14,13,60,105,65,63,123,52,21,125,95,0,45,13,20,4,306,52,5,43,17,3441,1347,990,1116,627,206,92,10,1015,96,59,54,17,7,313,221,239,10,92,22,13,40,603,214,82,86,76,149,23,54,124,91,133,7,36,21,81,32,38,15,23,26,6,78,20,19,77,20,73,39,20,20,16,39,39,21,20,20,17,33,30,19,49,15,16,35,83,21,12,20,11,108,265,86,208,160,104,166,60,92,44,11,0,168,98,195,475,360,313,178,66,253,36,125,114,27,72,22,39,30,29,8,11,135,34,36,23,5,80,77,32,18,20,276,73,8,210,48,26,12,28,15,33,173,52,16,85,70,27,8,319,13,17,142,4,89,70,49,55,198,216,235,54,14,13,60,105,65,63,123,52,21,125,95,0,45,13,20,4,306,52,5,43,17,3441,1347,990,1116,627,206,92,10,1015,96,59,54,17,7,313,221,239,10,92,22,13,40,603,214,82,86,76,149,23,54,124,91,133,7,36,21,81,32,38,15,23,26,6,78,20,19,77,20,73,39,20,20,16,39,39,21,20,20,17,33,30,19,49,15,16,35,83,21,12,20,11,108
SRR6784564,controle,527,210,366,189,200,226,95,194,53,67,19,360,109,304,929,779,585,330,114,297,48,148,164,19,60,71,51,41,38,7,11,219,65,47,39,8,116,100,72,34,22,414,93,21,392,168,118,39,41,33,148,182,73,11,100,80,39,21,538,7,11,210,14,119,208,62,118,378,363,395,87,59,22,170,123,84,76,88,77,25,204,151,17,57,24,28,6,514,71,4,67,16,5825,2171,1759,2046,1245,263,199,34,1395,86,71,57,40,12,457,351,328,31,94,51,32,42,993,361,170,278,132,178,36,155,175,401,437,14,142,22,52,25,54,27,53,41,13,153,44,33,106,16,55,24,16,16,25,72,78,41,16,16,27,66,65,33,57,30,3,96,138,17,39,16,30,133,527,210,366,189,200,226,95,194,53,67,19,360,109,304,929,779,585,330,114,297,48,148,164,19,60,71,51,41,38,7,11,219,65,47,39,8,116,100,72,34,22,414,93,21,392,168,118,39,41,33,148,182,73,11,100,80,39,21,538,7,11,210,14,119,208,62,118,378,363,395,87,59,22,170,123,84,76,88,77,25,204,151,17,57,24,28,6,514,71,4,67,16,5825,2171,1759,2046,1245,263,199,34,1395,86,71,57,40,12,457,351,328,31,94,51,32,42,993,361,170,278,132,178,36,155,175,401,437,14,142,22,52,25,54,27,53,41,13,153,44,33,106,16,55,24,16,16,25,72,78,41,16,16,27,66,65,33,57,30,3,96,138,17,39,16,30,133
SRR6784567,controle,899,227,613,204,541,283,77,150,70,36,0,293,154,369,850,822,834,260,112,402,44,329,179,22,203,28,132,187,183,41,21,306,165,20,18,23,159,249,54,19,14,517,144,24,666,79,64,17,82,37,204,231,80,46,198,115,37,24,590,36,9,211,34,117,186,89,168,691,690,492,118,49,97,97,159,62,134,156,105,13,153,115,4,145,136,124,44,540,125,8,49,48,7141,3040,2307,2479,1682,434,138,56,2032,92,74,135,67,13,571,458,524,12,62,75,61,42,1606,676,138,218,401,518,34,111,175,253,269,14,297,21,126,62,33,33,31,30,7,317,31,38,89,19,98,52,16,16,16,34,36,39,16,19,18,59,94,41,38,26,0,63,305,20,11,16,13,169,899,227,613,204,541,283,77,150,70,36,0,293,154,369,850,822,834,260,112,402,44,329,179,22,203,28,132,187,183,41,21,306,165,20,18,23,159,249,54,19,14,517,144,24,666,79,64,17,82,37,204,231,80,46,198,115,37,24,590,36,9,211,34,117,186,89,168,691,690,492,118,49,97,97,159,62,134,156,105,13,153,115,4,145,136,124,44,540,125,8,49,48,7141,3040,2307,2479,1682,434,138,56,2032,92,74,135,67,13,571,458,524,12,62,75,61,42,1606,676,138,218,401,518,34,111,175,253,269,14,297,21,126,62,33,33,31,30,7,317,31,38,89,19,98,52,16,16,16,34,36,39,16,19,18,59,94,41,38,26,0,63,305,20,11,16,13,169
SRR6784574,controle,1733,650,1248,762,823,1020,453,679,224,49,5,1133,232,1183,3197,2629,2446,1301,572,1687,226,829,767,188,364,267,175,291,285,17,90,1179,310,336,206,23,544,379,150,143,127,1322,474,94,1548,348,169,109,71,100,256,809,207,44,282,328,172,94,2009,22,57,808,7,643,482,403,312,1393,1094,1466,436,174,71,453,737,507,286,388,196,113,887,557,49,259,169,212,14,1626,352,14,194,23,22079,7944,6422,7194,4121,1263,686,100,6323,623,303,439,122,49,1101,1324,1414,25,662,102,77,75,3576,1326,470,915,451,581,162,402,769,828,1361,48,240,38,283,94,218,89,203,217,73,344,195,132,454,118,313,205,118,118,107,227,236,183,118,118,115,325,256,63,416,73,18,111,292,124,38,118,123,668,1733,650,1248,762,823,1020,453,679,224,49,5,1133,232,1183,3197,2629,2446,1301,572,1687,226,829,767,188,364,267,175,291,285,17,90,1179,310,336,206,23,544,379,150,143,127,1322,474,94,1548,348,169,109,71,100,256,809,207,44,282,328,172,94,2009,22,57,808,7,643,482,403,312,1393,1094,1466,436,174,71,453,737,507,286,388,196,113,887,557,49,259,169,212,14,1626,352,14,194,23,22079,7944,6422,7194,4121,1263,686,100,6323,623,303,439,122,49,1101,1324,1414,25,662,102,77,75,3576,1326,470,915,451,581,162,402,769,828,1361,48,240,38,283,94,218,89,203,217,73,344,195,132,454,118,313,205,118,118,107,227,236,183,118,118,115,325,256,63,416,73,18,111,292,124,38,118,123,668
SRR6784579,controle,1331,506,964,476,789,686,216,328,114,66,25,820,254,646,1760,1567,1362,616,208,926,74,468,408,99,309,106,236,260,259,27,18,626,276,98,61,35,305,442,109,63,64,1024,436,31,1060,186,79,57,79,48,354,531,108,51,251,382,51,31,1006,30,24,444,20,250,316,133,323,1137,872,958,231,87,117,260,316,209,322,255,140,57,372,305,18,287,166,195,42,1031,158,17,127,49,14090,5192,4077,4304,2956,704,337,54,3728,295,153,286,86,33,1023,958,1023,47,280,89,158,166,2558,1252,269,449,517,809,74,211,352,452,575,33,442,64,242,63,108,42,77,80,21,544,56,64,250,60,222,129,60,60,43,122,124,75,60,60,47,127,158,100,156,68,10,187,543,65,56,60,46,377,1331,506,964,476,789,686,216,328,114,66,25,820,254,646,1760,1567,1362,616,208,926,74,468,408,99,309,106,236,260,259,27,18,626,276,98,61,35,305,442,109,63,64,1024,436,31,1060,186,79,57,79,48,354,531,108,51,251,382,51,31,1006,30,24,444,20,250,316,133,323,1137,872,958,231,87,117,260,316,209,322,255,140,57,372,305,18,287,166,195,42,1031,158,17,127,49,14090,5192,4077,4304,2956,704,337,54,3728,295,153,286,86,33,1023,958,1023,47,280,89,158,166,2558,1252,269,449,517,809,74,211,352,452,575,33,442,64,242,63,108,42,77,80,21,544,56,64,250,60,222,129,60,60,43,122,124,75,60,60,47,127,158,100,156,68,10,187,543,65,56,60,46,377
SRR6784585,controle,681,180,433,266,288,386,175,241,112,14,31,418,129,433,1138,978,805,487,190,543,55,265,265,57,124,79,94,129,132,25,14,432,138,65,65,11,188,188,80,27,72,587,115,18,581,156,60,53,37,27,71,235,74,26,135,85,38,18,760,20,32,325,5,192,172,119,144,523,397,470,150,97,37,185,202,175,105,81,100,26,308,208,33,111,52,87,22,577,115,13,54,10,7898,2977,2305,2645,1543,447,248,80,2119,155,82,87,83,36,472,443,507,24,166,52,36,48,1324,524,209,397,198,314,75,211,342,332,533,37,107,14,134,46,44,16,83,39,12,188,43,59,178,25,60,55,25,25,49,105,106,41,25,25,53,107,76,42,104,37,21,77,165,27,33,25,51,189,681,180,433,266,288,386,175,241,112,14,31,418,129,433,1138,978,805,487,190,543,55,265,265,57,124,79,94,129,132,25,14,432,138,65,65,11,188,188,80,27,72,587,115,18,581,156,60,53,37,27,71,235,74,26,135,85,38,18,760,20,32,325,5,192,172,119,144,523,397,470,150,97,37,185,202,175,105,81,100,26,308,208,33,111,52,87,22,577,115,13,54,10,7898,2977,2305,2645,1543,447,248,80,2119,155,82,87,83,36,472,443,507,24,166,52,36,48,1324,524,209,397,198,314,75,211,342,332,533,37,107,14,134,46,44,16,83,39,12,188,43,59,178,25,60,55,25,25,49,105,106,41,25,25,53,107,76,42,104,37,21,77,165,27,33,25,51,189
SRR6784590,controle,1548,418,936,496,886,967,294,530,201,55,0,944,248,892,2670,2345,1876,1116,422,1090,149,571,605,137,253,164,167,228,221,17,73,895,261,208,178,11,393,339,125,63,171,1263,323,27,1609,328,139,108,57,36,216,535,87,36,238,255,53,27,1685,15,53,663,3,510,354,260,312,1339,856,1147,301,186,77,348,507,384,190,264,136,53,677,370,51,203,134,164,9,1229,287,19,121,26,17752,6406,5042,5686,3387,901,544,107,4616,398,149,280,186,56,1010,921,1006,49,339,162,59,75,2905,1096,473,733,441,605,146,393,702,625,1107,51,209,31,217,63,164,28,177,132,41,318,172,119,363,86,186,121,86,86,100,198,207,109,86,86,108,255,155,66,252,72,0,109,271,93,55,86,117,451,1548,418,936,496,886,967,294,530,201,55,0,944,248,892,2670,2345,1876,1116,422,1090,149,571,605,137,253,164,167,228,221,17,73,895,261,208,178,11,393,339,125,63,171,1263,323,27,1609,328,139,108,57,36,216,535,87,36,238,255,53,27,1685,15,53,663,3,510,354,260,312,1339,856,1147,301,186,77,348,507,384,190,264,136,53,677,370,51,203,134,164,9,1229,287,19,121,26,17752,6406,5042,5686,3387,901,544,107,4616,398,149,280,186,56,1010,921,1006,49,339,162,59,75,2905,1096,473,733,441,605,146,393,702,625,1107,51,209,31,217,63,164,28,177,132,41,318,172,119,363,86,186,121,86,86,100,198,207,109,86,86,108,255,155,66,252,72,0,109,271,93,55,86,117,451
SRR6784591,controle,1229,259,916,621,590,728,163,467,228,51,20,952,482,802,2289,2080,1247,900,239,951,91,440,470,48,303,155,198,223,289,52,45,781,227,144,96,23,381,393,110,41,103,1277,194,30,1288,432,117,123,62,53,214,426,285,78,383,160,64,30,1665,60,22,699,10,359,371,128,375,852,1014,1005,305,157,76,280,392,394,158,392,198,46,549,310,29,189,86,141,14,1438,454,34,158,33,16078,5839,4641,4869,2935,803,499,130,3852,260,151,124,206,87,1566,1156,814,69,268,43,17,176,1906,1049,496,775,233,737,131,397,690,571,1085,63,160,27,211,111,96,56,153,45,8,523,98,99,410,29,98,62,30,30,81,227,231,107,30,29,93,199,165,219,159,78,23,362,492,84,78,30,60,196,1229,259,916,621,590,728,163,467,228,51,20,952,482,802,2289,2080,1247,900,239,951,91,440,470,48,303,155,198,223,289,52,45,781,227,144,96,23,381,393,110,41,103,1277,194,30,1288,432,117,123,62,53,214,426,285,78,383,160,64,30,1665,60,22,699,10,359,371,128,375,852,1014,1005,305,157,76,280,392,394,158,392,198,46,549,310,29,189,86,141,14,1438,454,34,158,33,16078,5839,4641,4869,2935,803,499,130,3852,260,151,124,206,87,1566,1156,814,69,268,43,17,176,1906,1049,496,775,233,737,131,397,690,571,1085,63,160,27,211,111,96,56,153,45,8,523,98,99,410,29,98,62,30,30,81,227,231,107,30,29,93,199,165,219,159,78,23,362,492,84,78,30,60,196
SRR8556880,controle,516,230,436,231,286,260,51,129,202,16,14,260,122,382,1220,880,768,394,106,492,41,212,211,49,160,31,92,93,85,29,12,256,54,77,85,7,217,95,41,38,95,513,104,14,497,140,79,40,58,49,21,304,86,20,120,73,24,14,708,44,3,397,10,168,200,85,175,435,373,412,207,64,67,147,237,115,141,166,121,19,312,182,7,56,36,56,22,885,109,23,55,26,7228,2878,2033,2468,1361,459,126,52,1932,89,139,104,58,13,604,631,637,18,134,162,108,46,1450,513,188,275,196,407,66,162,344,294,372,16,79,4,248,126,46,34,92,65,9,276,93,39,223,51,182,138,51,51,48,109,106,61,51,51,50,68,77,120,89,64,41,204,221,54,53,51,34,170,516,230,436,231,286,260,51,129,202,16,14,260,122,382,1220,880,768,394,106,492,41,212,211,49,160,31,92,93,85,29,12,256,54,77,85,7,217,95,41,38,95,513,104,14,497,140,79,40,58,49,21,304,86,20,120,73,24,14,708,44,3,397,10,168,200,85,175,435,373,412,207,64,67,147,237,115,141,166,121,19,312,182,7,56,36,56,22,885,109,23,55,26,7228,2878,2033,2468,1361,459,126,52,1932,89,139,104,58,13,604,631,637,18,134,162,108,46,1450,513,188,275,196,407,66,162,344,294,372,16,79,4,248,126,46,34,92,65,9,276,93,39,223,51,182,138,51,51,48,109,106,61,51,51,50,68,77,120,89,64,41,204,221,54,53,51,34,170
SRR8556900,controle,380,58,528,198,419,347,50,77,49,9,5,218,95,83,532,538,285,275,10,130,25,286,208,39,90,35,149,37,22,5,4,227,136,21,144,3,58,37,12,16,17,126,92,9,343,310,248,4,140,12,27,48,40,17,56,88,22,9,373,22,2,96,2,171,47,101,41,410,111,257,49,24,47,50,133,49,167,49,31,0,65,38,3,23,13,20,2,201,65,8,20,12,3849,1756,1048,1716,645,210,73,17,1214,164,26,174,13,44,292,171,154,10,50,23,17,20,983,277,38,82,60,88,14,38,80,90,99,53,10,0,73,29,8,14,21,9,2,58,12,47,43,9,41,25,9,9,14,19,20,12,9,9,12,16,14,16,20,24,7,40,45,9,12,9,11,43,380,58,528,198,419,347,50,77,49,9,5,218,95,83,532,538,285,275,10,130,25,286,208,39,90,35,149,37,22,5,4,227,136,21,144,3,58,37,12,16,17,126,92,9,343,310,248,4,140,12,27,48,40,17,56,88,22,9,373,22,2,96,2,171,47,101,41,410,111,257,49,24,47,50,133,49,167,49,31,0,65,38,3,23,13,20,2,201,65,8,20,12,3849,1756,1048,1716,645,210,73,17,1214,164,26,174,13,44,292,171,154,10,50,23,17,20,983,277,38,82,60,88,14,38,80,90,99,53,10,0,73,29,8,14,21,9,2,58,12,47,43,9,41,25,9,9,14,19,20,12,9,9,12,16,14,16,20,24,7,40,45,9,12,9,11,43
SRR8556918,controle,343,73,204,167,255,332,31,73,19,8,32,115,39,207,657,523,367,389,33,342,10,156,96,44,213,25,138,120,93,8,5,250,83,127,6,22,72,198,7,2,53,392,189,0,335,92,29,86,8,2,35,112,78,53,30,181,28,0,148,6,0,187,6,37,60,61,127,303,133,111,27,66,20,134,173,232,68,128,118,5,101,105,2,162,85,102,39,328,83,15,16,4,4265,1878,1016,1327,720,280,74,19,1182,74,45,38,65,3,151,179,130,3,32,12,14,60,870,257,70,133,89,137,14,138,215,148,257,4,36,47,101,25,9,3,45,11,2,132,68,49,51,11,22,17,11,11,14,15,21,17,11,11,11,15,26,19,81,9,6,21,46,12,27,11,37,32,343,73,204,167,255,332,31,73,19,8,32,115,39,207,657,523,367,389,33,342,10,156,96,44,213,25,138,120,93,8,5,250,83,127,6,22,72,198,7,2,53,392,189,0,335,92,29,86,8,2,35,112,78,53,30,181,28,0,148,6,0,187,6,37,60,61,127,303,133,111,27,66,20,134,173,232,68,128,118,5,101,105,2,162,85,102,39,328,83,15,16,4,4265,1878,1016,1327,720,280,74,19,1182,74,45,38,65,3,151,179,130,3,32,12,14,60,870,257,70,133,89,137,14,138,215,148,257,4,36,47,101,25,9,3,45,11,2,132,68,49,51,11,22,17,11,11,14,15,21,17,11,11,11,15,26,19,81,9,6,21,46,12,27,11,37,32
SRR8556942,controle,311,50,416,226,329,332,41,58,12,8,3,141,60,56,363,370,208,202,14,104,17,245,233,66,64,18,148,18,22,19,4,147,97,8,143,4,38,163,5,17,6,246,102,7,264,503,386,7,187,8,15,45,29,7,45,87,10,7,190,0,1,76,1,187,52,118,33,338,65,229,31,22,26,22,73,15,102,34,28,20,52,38,2,156,10,13,5,103,46,1,16,22,3113,1550,835,1623,536,150,59,4,1005,171,12,156,8,39,210,90,120,7,11,10,4,29,730,195,22,55,63,68,19,36,54,59,74,45,19,1,44,4,12,9,12,12,7,13,7,24,28,11,19,22,11,11,10,10,10,3,11,11,8,13,7,2,26,6,2,10,8,12,3,11,6,21,311,50,416,226,329,332,41,58,12,8,3,141,60,56,363,370,208,202,14,104,17,245,233,66,64,18,148,18,22,19,4,147,97,8,143,4,38,163,5,17,6,246,102,7,264,503,386,7,187,8,15,45,29,7,45,87,10,7,190,0,1,76,1,187,52,118,33,338,65,229,31,22,26,22,73,15,102,34,28,20,52,38,2,156,10,13,5,103,46,1,16,22,3113,1550,835,1623,536,150,59,4,1005,171,12,156,8,39,210,90,120,7,11,10,4,29,730,195,22,55,63,68,19,36,54,59,74,45,19,1,44,4,12,9,12,12,7,13,7,24,28,11,19,22,11,11,10,10,10,3,11,11,8,13,7,2,26,6,2,10,8,12,3,11,6,21
SRR8556969,controle,284,63,246,130,216,151,35,159,55,3,6,128,57,112,385,347,285,146,26,162,23,114,102,33,50,38,61,22,27,183,4,135,44,3,51,2,36,96,8,15,13,275,33,4,343,149,113,7,59,19,23,86,29,19,123,39,19,4,182,2,0,85,6,92,76,48,82,228,162,180,48,8,40,54,53,41,104,51,40,11,68,27,2,85,10,20,12,238,56,2,20,33,3014,1244,854,1137,522,120,162,146,807,78,30,50,55,28,216,187,180,6,41,33,31,8,735,261,34,104,85,114,44,45,106,116,156,31,60,5,56,16,22,15,29,3,5,50,31,45,38,1,48,33,1,1,42,27,26,10,1,1,38,19,47,13,22,25,13,58,63,2,33,1,7,43,284,63,246,130,216,151,35,159,55,3,6,128,57,112,385,347,285,146,26,162,23,114,102,33,50,38,61,22,27,183,4,135,44,3,51,2,36,96,8,15,13,275,33,4,343,149,113,7,59,19,23,86,29,19,123,39,19,4,182,2,0,85,6,92,76,48,82,228,162,180,48,8,40,54,53,41,104,51,40,11,68,27,2,85,10,20,12,238,56,2,20,33,3014,1244,854,1137,522,120,162,146,807,78,30,50,55,28,216,187,180,6,41,33,31,8,735,261,34,104,85,114,44,45,106,116,156,31,60,5,56,16,22,15,29,3,5,50,31,45,38,1,48,33,1,1,42,27,26,10,1,1,38,19,47,13,22,25,13,58,63,2,33,1,7,43
SRR8556973,controle,441,178,289,203,164,258,160,148,43,24,10,235,171,287,707,523,469,211,174,341,26,174,97,11,152,15,32,76,56,97,18,232,50,26,15,13,270,121,39,21,94,433,38,0,435,125,81,19,64,5,46,226,84,29,214,49,21,0,351,22,17,133,7,70,176,46,104,301,303,318,154,28,51,60,181,79,104,141,136,3,129,175,3,66,49,60,10,474,60,11,68,8,4901,1997,1447,1835,970,365,140,54,1403,69,63,17,27,11,509,519,468,23,73,92,181,59,1062,490,22,193,136,308,54,122,193,184,354,11,154,11,97,106,121,6,106,75,0,200,79,5,118,64,289,279,63,63,9,24,23,13,63,64,7,33,37,32,29,84,92,243,160,74,18,63,32,206,441,178,289,203,164,258,160,148,43,24,10,235,171,287,707,523,469,211,174,341,26,174,97,11,152,15,32,76,56,97,18,232,50,26,15,13,270,121,39,21,94,433,38,0,435,125,81,19,64,5,46,226,84,29,214,49,21,0,351,22,17,133,7,70,176,46,104,301,303,318,154,28,51,60,181,79,104,141,136,3,129,175,3,66,49,60,10,474,60,11,68,8,4901,1997,1447,1835,970,365,140,54,1403,69,63,17,27,11,509,519,468,23,73,92,181,59,1062,490,22,193,136,308,54,122,193,184,354,11,154,11,97,106,121,6,106,75,0,200,79,5,118,64,289,279,63,63,9,24,23,13,63,64,7,33,37,32,29,84,92,243,160,74,18,63,32,206
SRR8556986,controle,299,117,195,67,137,165,12,76,58,10,3,145,80,164,634,408,290,170,63,194,17,77,90,24,44,8,34,33,41,5,6,137,21,19,20,3,83,49,28,30,21,266,107,18,284,70,27,26,20,47,46,131,43,25,68,56,25,18,207,8,0,142,14,82,123,24,119,179,184,220,70,30,25,68,126,47,37,88,67,2,111,69,11,27,17,23,8,403,54,4,25,16,3121,1314,948,1107,625,175,79,22,782,85,80,14,54,14,324,210,302,0,85,15,10,27,630,205,124,161,81,207,23,114,158,190,212,15,34,20,75,29,22,50,22,17,18,92,37,6,84,10,27,22,10,10,8,45,50,26,10,10,17,32,47,25,44,45,5,41,80,12,11,10,21,34,299,117,195,67,137,165,12,76,58,10,3,145,80,164,634,408,290,170,63,194,17,77,90,24,44,8,34,33,41,5,6,137,21,19,20,3,83,49,28,30,21,266,107,18,284,70,27,26,20,47,46,131,43,25,68,56,25,18,207,8,0,142,14,82,123,24,119,179,184,220,70,30,25,68,126,47,37,88,67,2,111,69,11,27,17,23,8,403,54,4,25,16,3121,1314,948,1107,625,175,79,22,782,85,80,14,54,14,324,210,302,0,85,15,10,27,630,205,124,161,81,207,23,114,158,190,212,15,34,20,75,29,22,50,22,17,18,92,37,6,84,10,27,22,10,10,8,45,50,26,10,10,17,32,47,25,44,45,5,41,80,12,11,10,21,34
SRR8556990,controle,237,100,144,61,96,198,19,90,14,26,6,172,38,150,348,350,178,164,33,209,34,120,49,11,125,18,33,96,87,2,6,121,65,79,10,12,50,47,41,5,35,209,89,6,132,71,46,20,37,16,44,77,59,16,33,85,45,6,608,13,0,83,11,69,102,48,72,206,217,196,46,34,12,69,129,43,26,65,59,2,72,35,6,39,63,81,12,328,49,10,52,26,3190,1063,804,922,613,218,90,13,691,48,21,34,33,5,151,142,185,2,22,6,4,33,526,149,103,117,72,133,12,54,84,149,138,6,65,12,50,16,18,33,19,2,0,63,35,22,33,2,7,9,2,2,11,21,28,10,2,2,9,9,26,39,18,4,2,50,40,3,15,2,20,11,237,100,144,61,96,198,19,90,14,26,6,172,38,150,348,350,178,164,33,209,34,120,49,11,125,18,33,96,87,2,6,121,65,79,10,12,50,47,41,5,35,209,89,6,132,71,46,20,37,16,44,77,59,16,33,85,45,6,608,13,0,83,11,69,102,48,72,206,217,196,46,34,12,69,129,43,26,65,59,2,72,35,6,39,63,81,12,328,49,10,52,26,3190,1063,804,922,613,218,90,13,691,48,21,34,33,5,151,142,185,2,22,6,4,33,526,149,103,117,72,133,12,54,84,149,138,6,65,12,50,16,18,33,19,2,0,63,35,22,33,2,7,9,2,2,11,21,28,10,2,2,9,9,26,39,18,4,2,50,40,3,15,2,20,11
SRR8557003,controle,18,11,12,5,9,14,4,2,0,0,1,12,5,9,33,22,14,10,12,7,3,9,7,4,2,2,1,2,3,0,0,4,1,2,2,1,9,2,6,0,0,13,2,0,18,3,2,2,2,2,1,11,3,5,4,3,0,0,25,0,2,11,0,4,7,8,4,15,17,13,8,1,3,11,6,3,3,7,5,3,10,10,0,2,1,1,1,27,6,0,4,2,205,77,78,62,42,15,2,0,50,3,4,1,0,1,23,17,21,0,7,0,1,5,40,14,5,13,5,15,3,2,15,10,18,1,2,0,6,3,0,0,0,2,2,11,1,0,7,0,1,1,0,0,0,5,5,3,0,0,3,4,3,5,3,0,1,7,11,0,0,0,2,0,18,11,12,5,9,14,4,2,0,0,1,12,5,9,33,22,14,10,12,7,3,9,7,4,2,2,1,2,3,0,0,4,1,2,2,1,9,2,6,0,0,13,2,0,18,3,2,2,2,2,1,11,3,5,4,3,0,0,25,0,2,11,0,4,7,8,4,15,17,13,8,1,3,11,6,3,3,7,5,3,10,10,0,2,1,1,1,27,6,0,4,2,205,77,78,62,42,15,2,0,50,3,4,1,0,1,23,17,21,0,7,0,1,5,40,14,5,13,5,15,3,2,15,10,18,1,2,0,6,3,0,0,0,2,2,11,1,0,7,0,1,1,0,0,0,5,5,3,0,0,3,4,3,5,3,0,1,7,11,0,0,0,2,0
SRR8557024,controle,354,166,205,135,211,224,46,135,88,12,10,187,92,239,770,550,488,224,68,318,21,157,94,24,149,33,47,86,73,9,9,193,54,53,23,8,123,88,41,16,54,376,80,8,335,87,51,34,37,21,16,174,78,35,117,77,37,8,329,22,9,207,4,83,121,60,133,268,235,277,104,50,44,121,154,82,80,132,65,16,141,114,5,45,50,77,19,508,96,14,27,13,4366,1863,1317,1524,847,334,136,22,1189,62,48,24,64,7,432,344,370,33,99,66,78,32,803,329,69,187,119,299,54,108,193,211,240,8,67,12,106,77,38,19,70,42,18,154,52,29,106,31,121,112,31,31,33,35,35,36,31,31,39,41,47,33,71,27,33,121,117,45,30,31,29,75,354,166,205,135,211,224,46,135,88,12,10,187,92,239,770,550,488,224,68,318,21,157,94,24,149,33,47,86,73,9,9,193,54,53,23,8,123,88,41,16,54,376,80,8,335,87,51,34,37,21,16,174,78,35,117,77,37,8,329,22,9,207,4,83,121,60,133,268,235,277,104,50,44,121,154,82,80,132,65,16,141,114,5,45,50,77,19,508,96,14,27,13,4366,1863,1317,1524,847,334,136,22,1189,62,48,24,64,7,432,344,370,33,99,66,78,32,803,329,69,187,119,299,54,108,193,211,240,8,67,12,106,77,38,19,70,42,18,154,52,29,106,31,121,112,31,31,33,35,35,36,31,31,39,41,47,33,71,27,33,121,117,45,30,31,29,75
ERR911954,enx,343,176,198,82,242,225,16,104,16,13,15,167,49,169,673,421,277,256,34,289,30,172,136,37,102,110,62,58,88,3,11,162,75,8,27,52,44,36,8,32,58,248,116,13,331,222,151,18,72,29,32,130,39,57,64,113,19,13,285,9,8,169,29,112,83,44,118,245,157,216,125,32,76,59,78,108,71,59,78,11,77,51,8,32,69,68,13,250,62,96,5,7,3722,1668,924,1613,629,267,107,11,991,136,68,81,25,36,240,247,201,16,85,27,11,19,964,200,49,169,87,153,8,96,153,152,199,40,14,17,201,36,6,20,34,13,12,170,25,5,47,9,24,18,9,9,4,17,17,29,9,9,4,36,31,21,49,9,14,76,88,8,39,9,17,36,343,176,198,82,242,225,16,104,16,13,15,167,49,169,673,421,277,256,34,289,30,172,136,37,102,110,62,58,88,3,11,162,75,8,27,52,44,36,8,32,58,248,116,13,331,222,151,18,72,29,32,130,39,57,64,113,19,13,285,9,8,169,29,112,83,44,118,245,157,216,125,32,76,59,78,108,71,59,78,11,77,51,8,32,69,68,13,250,62,96,5,7,3722,1668,924,1613,629,267,107,11,991,136,68,81,25,36,240,247,201,16,85,27,11,19,964,200,49,169,87,153,8,96,153,152,199,40,14,17,201,36,6,20,34,13,12,170,25,5,47,9,24,18,9,9,4,17,17,29,9,9,4,36,31,21,49,9,14,76,88,8,39,9,17,36
ERR911958,enx,167,57,95,64,155,73,8,42,17,13,0,115,49,61,334,266,158,119,16,160,7,80,70,6,42,15,34,13,25,8,1,81,22,3,17,22,36,15,12,3,4,141,28,1,141,47,21,7,9,3,2,99,26,40,76,28,9,1,117,2,0,81,15,48,40,31,29,140,89,88,61,11,20,24,42,30,38,44,30,2,52,24,3,6,13,16,20,253,42,13,8,3,2019,832,495,737,322,126,41,8,497,56,37,59,10,25,173,127,123,5,28,11,3,38,792,158,34,87,46,84,8,76,173,98,105,24,13,0,200,29,3,9,12,6,7,129,21,9,28,5,9,6,5,5,7,17,18,7,5,5,8,17,22,16,27,6,0,49,60,5,38,5,11,10,167,57,95,64,155,73,8,42,17,13,0,115,49,61,334,266,158,119,16,160,7,80,70,6,42,15,34,13,25,8,1,81,22,3,17,22,36,15,12,3,4,141,28,1,141,47,21,7,9,3,2,99,26,40,76,28,9,1,117,2,0,81,15,48,40,31,29,140,89,88,61,11,20,24,42,30,38,44,30,2,52,24,3,6,13,16,20,253,42,13,8,3,2019,832,495,737,322,126,41,8,497,56,37,59,10,25,173,127,123,5,28,11,3,38,792,158,34,87,46,84,8,76,173,98,105,24,13,0,200,29,3,9,12,6,7,129,21,9,28,5,9,6,5,5,7,17,18,7,5,5,8,17,22,16,27,6,0,49,60,5,38,5,11,10
ERR911962,enx,153,120,107,115,76,133,77,73,6,2,6,85,19,127,329,153,122,84,19,170,16,110,75,22,36,80,39,36,55,2,8,64,54,8,14,4,32,8,19,5,63,96,89,3,176,168,154,14,111,8,25,70,26,7,6,108,13,3,182,2,0,88,2,58,52,41,69,103,64,91,44,24,26,10,71,60,39,35,29,2,43,19,7,9,45,47,0,172,58,67,2,1,1939,817,462,906,340,154,73,5,533,64,19,55,8,0,95,101,47,6,35,1,0,13,385,108,38,101,22,47,8,75,57,61,80,0,9,1,70,13,7,9,17,21,24,44,5,5,31,11,13,25,11,11,3,17,18,17,11,11,3,15,13,10,15,3,0,48,28,10,25,11,18,33,153,120,107,115,76,133,77,73,6,2,6,85,19,127,329,153,122,84,19,170,16,110,75,22,36,80,39,36,55,2,8,64,54,8,14,4,32,8,19,5,63,96,89,3,176,168,154,14,111,8,25,70,26,7,6,108,13,3,182,2,0,88,2,58,52,41,69,103,64,91,44,24,26,10,71,60,39,35,29,2,43,19,7,9,45,47,0,172,58,67,2,1,1939,817,462,906,340,154,73,5,533,64,19,55,8,0,95,101,47,6,35,1,0,13,385,108,38,101,22,47,8,75,57,61,80,0,9,1,70,13,7,9,17,21,24,44,5,5,31,11,13,25,11,11,3,17,18,17,11,11,3,15,13,10,15,3,0,48,28,10,25,11,18,33
ERR911970,enx,325,301,201,194,250,293,59,142,9,2,0,164,29,275,627,329,258,198,34,225,31,312,194,62,139,144,72,86,162,1,20,169,121,12,46,104,82,25,8,5,149,235,181,18,347,224,171,26,97,50,41,153,58,9,43,165,41,18,283,1,18,170,0,149,112,126,117,224,101,262,134,57,66,61,113,116,71,30,64,5,77,31,19,27,126,116,15,272,62,86,8,4,3857,1650,1058,1804,673,415,141,8,1148,227,43,224,21,6,178,232,87,6,57,26,5,10,873,170,64,225,35,50,6,185,126,145,174,6,9,22,153,25,15,28,74,51,33,94,9,10,75,20,54,22,20,20,6,29,30,67,20,20,6,61,58,7,64,8,26,70,65,19,8,20,14,94,325,301,201,194,250,293,59,142,9,2,0,164,29,275,627,329,258,198,34,225,31,312,194,62,139,144,72,86,162,1,20,169,121,12,46,104,82,25,8,5,149,235,181,18,347,224,171,26,97,50,41,153,58,9,43,165,41,18,283,1,18,170,0,149,112,126,117,224,101,262,134,57,66,61,113,116,71,30,64,5,77,31,19,27,126,116,15,272,62,86,8,4,3857,1650,1058,1804,673,415,141,8,1148,227,43,224,21,6,178,232,87,6,57,26,5,10,873,170,64,225,35,50,6,185,126,145,174,6,9,22,153,25,15,28,74,51,33,94,9,10,75,20,54,22,20,20,6,29,30,67,20,20,6,61,58,7,64,8,26,70,65,19,8,20,14,94
ERR911972,enx,249,166,172,127,223,301,36,93,13,5,23,121,26,143,537,330,201,174,28,156,19,151,112,26,77,68,85,47,89,5,24,143,70,12,17,77,49,21,11,6,91,203,151,12,264,155,89,22,22,35,31,95,42,23,32,161,33,12,199,4,18,106,7,72,81,57,90,190,91,166,81,28,60,55,68,85,48,47,73,1,71,27,23,23,52,58,20,206,65,44,5,1,2958,1270,771,1299,462,228,91,16,792,146,23,138,22,31,142,182,107,16,62,19,20,17,706,163,42,190,34,63,6,127,119,144,172,29,7,16,165,30,7,24,45,28,25,96,19,8,33,9,21,18,9,9,6,13,14,35,9,9,7,31,29,11,44,8,26,76,55,8,8,9,15,34,249,166,172,127,223,301,36,93,13,5,23,121,26,143,537,330,201,174,28,156,19,151,112,26,77,68,85,47,89,5,24,143,70,12,17,77,49,21,11,6,91,203,151,12,264,155,89,22,22,35,31,95,42,23,32,161,33,12,199,4,18,106,7,72,81,57,90,190,91,166,81,28,60,55,68,85,48,47,73,1,71,27,23,23,52,58,20,206,65,44,5,1,2958,1270,771,1299,462,228,91,16,792,146,23,138,22,31,142,182,107,16,62,19,20,17,706,163,42,190,34,63,6,127,119,144,172,29,7,16,165,30,7,24,45,28,25,96,19,8,33,9,21,18,9,9,6,13,14,35,9,9,7,31,29,11,44,8,26,76,55,8,8,9,15,34
ERR911978,enx,261,220,195,165,145,254,78,106,24,10,10,182,37,252,593,364,225,245,23,275,44,231,162,84,138,69,60,71,137,12,23,180,91,13,70,157,88,31,7,14,112,182,159,16,316,161,104,17,30,31,86,117,26,21,29,159,21,16,284,7,16,192,10,184,155,118,113,223,104,259,73,37,70,39,99,74,44,41,53,4,64,45,26,18,99,83,5,202,55,57,13,2,3621,1457,992,1519,665,339,118,16,1028,200,35,145,25,21,169,363,130,16,94,15,2,8,890,188,43,183,35,80,9,149,129,145,197,30,11,16,116,62,6,18,72,11,5,119,55,12,55,8,20,24,8,8,8,35,36,27,8,8,9,20,16,14,71,12,6,91,62,7,31,8,3,37,261,220,195,165,145,254,78,106,24,10,10,182,37,252,593,364,225,245,23,275,44,231,162,84,138,69,60,71,137,12,23,180,91,13,70,157,88,31,7,14,112,182,159,16,316,161,104,17,30,31,86,117,26,21,29,159,21,16,284,7,16,192,10,184,155,118,113,223,104,259,73,37,70,39,99,74,44,41,53,4,64,45,26,18,99,83,5,202,55,57,13,2,3621,1457,992,1519,665,339,118,16,1028,200,35,145,25,21,169,363,130,16,94,15,2,8,890,188,43,183,35,80,9,149,129,145,197,30,11,16,116,62,6,18,72,11,5,119,55,12,55,8,20,24,8,8,8,35,36,27,8,8,9,20,16,14,71,12,6,91,62,7,31,8,3,37
ERR911988,enx,142,110,96,113,125,181,30,87,23,14,24,122,22,101,402,304,150,148,12,148,31,101,78,45,69,36,38,28,42,7,16,78,36,7,15,46,48,36,6,3,28,160,136,7,177,124,102,15,58,18,26,107,18,15,32,83,10,7,148,2,15,105,8,81,67,59,68,150,75,136,37,35,63,26,53,89,46,41,36,7,41,18,18,35,30,29,22,166,42,37,5,2,2332,913,584,817,381,149,97,8,571,122,35,87,12,8,160,188,117,7,34,13,3,12,687,123,35,123,37,80,15,76,100,141,146,17,7,9,198,18,8,31,51,15,8,153,36,19,38,11,13,15,11,11,15,21,22,14,11,11,16,15,23,16,12,9,10,63,56,10,12,11,7,23,142,110,96,113,125,181,30,87,23,14,24,122,22,101,402,304,150,148,12,148,31,101,78,45,69,36,38,28,42,7,16,78,36,7,15,46,48,36,6,3,28,160,136,7,177,124,102,15,58,18,26,107,18,15,32,83,10,7,148,2,15,105,8,81,67,59,68,150,75,136,37,35,63,26,53,89,46,41,36,7,41,18,18,35,30,29,22,166,42,37,5,2,2332,913,584,817,381,149,97,8,571,122,35,87,12,8,160,188,117,7,34,13,3,12,687,123,35,123,37,80,15,76,100,141,146,17,7,9,198,18,8,31,51,15,8,153,36,19,38,11,13,15,11,11,15,21,22,14,11,11,16,15,23,16,12,9,10,63,56,10,12,11,7,23
ERR912020,enx,318,149,149,123,234,195,33,80,31,16,28,155,52,128,675,455,245,220,37,302,54,180,120,58,53,46,57,54,59,11,11,127,43,18,16,49,79,33,14,30,57,281,94,13,263,147,105,23,57,19,23,172,52,48,60,66,23,13,251,13,14,120,10,102,103,65,66,195,137,182,107,31,32,76,103,76,70,95,61,5,85,57,25,34,25,36,51,280,65,54,8,3,3456,1531,936,1391,561,265,90,25,932,148,82,119,20,13,200,277,193,10,85,13,4,39,838,151,52,169,56,148,8,60,117,150,208,12,6,3,239,43,7,14,31,12,6,161,28,8,61,8,11,18,8,8,6,22,23,36,8,8,7,51,38,17,29,3,6,71,65,7,19,8,17,20,318,149,149,123,234,195,33,80,31,16,28,155,52,128,675,455,245,220,37,302,54,180,120,58,53,46,57,54,59,11,11,127,43,18,16,49,79,33,14,30,57,281,94,13,263,147,105,23,57,19,23,172,52,48,60,66,23,13,251,13,14,120,10,102,103,65,66,195,137,182,107,31,32,76,103,76,70,95,61,5,85,57,25,34,25,36,51,280,65,54,8,3,3456,1531,936,1391,561,265,90,25,932,148,82,119,20,13,200,277,193,10,85,13,4,39,838,151,52,169,56,148,8,60,117,150,208,12,6,3,239,43,7,14,31,12,6,161,28,8,61,8,11,18,8,8,6,22,23,36,8,8,7,51,38,17,29,3,6,71,65,7,19,8,17,20
ERR912041,enx,325,221,191,207,295,279,43,146,16,10,6,187,70,160,763,474,305,260,52,278,15,178,220,33,80,63,104,58,101,2,15,196,106,4,15,75,67,29,28,13,81,273,108,4,353,112,61,30,28,24,26,194,52,43,67,123,13,4,312,1,15,134,7,90,77,71,81,269,139,244,108,39,148,61,78,163,59,87,59,5,102,37,34,35,53,82,15,242,108,46,7,1,4097,1756,1060,1644,679,293,146,15,1139,186,45,129,28,30,229,316,199,18,138,41,44,11,958,236,33,170,75,151,12,137,122,182,179,28,26,11,248,33,8,11,60,19,13,162,51,17,67,11,36,25,11,11,11,21,22,42,11,11,11,40,35,9,35,6,50,61,59,10,14,11,10,45,325,221,191,207,295,279,43,146,16,10,6,187,70,160,763,474,305,260,52,278,15,178,220,33,80,63,104,58,101,2,15,196,106,4,15,75,67,29,28,13,81,273,108,4,353,112,61,30,28,24,26,194,52,43,67,123,13,4,312,1,15,134,7,90,77,71,81,269,139,244,108,39,148,61,78,163,59,87,59,5,102,37,34,35,53,82,15,242,108,46,7,1,4097,1756,1060,1644,679,293,146,15,1139,186,45,129,28,30,229,316,199,18,138,41,44,11,958,236,33,170,75,151,12,137,122,182,179,28,26,11,248,33,8,11,60,19,13,162,51,17,67,11,36,25,11,11,11,21,22,42,11,11,11,40,35,9,35,6,50,61,59,10,14,11,10,45
ERR912044,enx,191,122,120,100,183,130,15,78,26,21,0,179,41,92,376,354,213,174,18,227,27,125,109,19,90,39,84,46,81,4,5,159,78,4,18,84,74,31,8,22,36,157,88,17,230,63,42,9,24,37,53,129,48,37,52,51,37,17,177,4,10,113,29,97,58,36,78,203,97,171,91,19,48,34,77,57,80,66,66,1,73,38,6,16,30,62,18,222,27,34,8,7,2876,1220,719,1158,447,196,85,4,782,140,31,39,28,32,214,172,178,10,46,11,6,37,742,165,25,121,52,114,18,31,89,111,113,30,7,5,125,39,6,19,48,9,4,93,23,21,43,8,29,17,8,8,16,20,21,14,8,8,17,23,14,14,21,16,18,49,58,7,12,8,9,29,191,122,120,100,183,130,15,78,26,21,0,179,41,92,376,354,213,174,18,227,27,125,109,19,90,39,84,46,81,4,5,159,78,4,18,84,74,31,8,22,36,157,88,17,230,63,42,9,24,37,53,129,48,37,52,51,37,17,177,4,10,113,29,97,58,36,78,203,97,171,91,19,48,34,77,57,80,66,66,1,73,38,6,16,30,62,18,222,27,34,8,7,2876,1220,719,1158,447,196,85,4,782,140,31,39,28,32,214,172,178,10,46,11,6,37,742,165,25,121,52,114,18,31,89,111,113,30,7,5,125,39,6,19,48,9,4,93,23,21,43,8,29,17,8,8,16,20,21,14,8,8,17,23,14,14,21,16,18,49,58,7,12,8,9,29
ERR912049,enx,217,92,136,136,179,206,9,66,18,4,10,140,59,102,631,410,251,174,26,212,14,111,91,19,53,30,36,27,46,5,4,84,23,7,11,29,54,24,17,20,19,219,90,6,249,107,54,31,22,11,2,130,35,32,64,80,23,6,183,6,8,116,22,65,79,52,37,216,87,123,81,21,75,52,88,88,47,70,30,8,107,31,9,12,14,21,20,197,65,30,18,7,2946,1273,732,1148,438,214,61,15,779,72,56,23,19,50,262,189,187,12,115,18,14,43,742,194,33,175,69,129,8,76,83,140,192,47,13,3,219,29,20,31,16,21,3,167,11,10,74,20,23,23,20,20,8,29,30,22,20,20,8,40,28,30,21,9,18,104,101,19,23,20,15,19,217,92,136,136,179,206,9,66,18,4,10,140,59,102,631,410,251,174,26,212,14,111,91,19,53,30,36,27,46,5,4,84,23,7,11,29,54,24,17,20,19,219,90,6,249,107,54,31,22,11,2,130,35,32,64,80,23,6,183,6,8,116,22,65,79,52,37,216,87,123,81,21,75,52,88,88,47,70,30,8,107,31,9,12,14,21,20,197,65,30,18,7,2946,1273,732,1148,438,214,61,15,779,72,56,23,19,50,262,189,187,12,115,18,14,43,742,194,33,175,69,129,8,76,83,140,192,47,13,3,219,29,20,31,16,21,3,167,11,10,74,20,23,23,20,20,8,29,30,22,20,20,8,40,28,30,21,9,18,104,101,19,23,20,15,19
ERR912053,enx,289,240,196,137,267,258,42,107,13,11,55,200,47,245,753,399,317,254,38,259,14,278,191,64,131,86,70,84,129,1,14,165,121,4,36,94,74,17,12,5,137,261,127,8,396,177,133,20,63,36,41,146,38,23,80,146,23,9,302,6,23,149,7,112,95,85,122,246,124,250,141,45,147,62,122,88,43,74,67,5,88,36,8,22,108,102,24,270,81,56,9,1,4022,1753,1009,1707,637,361,104,11,1122,177,23,160,34,30,163,270,104,7,127,35,41,19,995,195,61,181,46,78,4,128,115,157,165,28,5,13,169,11,12,14,63,37,22,131,38,7,84,17,75,40,17,17,3,27,28,76,17,17,3,72,66,9,55,10,94,105,64,16,23,17,13,92,289,240,196,137,267,258,42,107,13,11,55,200,47,245,753,399,317,254,38,259,14,278,191,64,131,86,70,84,129,1,14,165,121,4,36,94,74,17,12,5,137,261,127,8,396,177,133,20,63,36,41,146,38,23,80,146,23,9,302,6,23,149,7,112,95,85,122,246,124,250,141,45,147,62,122,88,43,74,67,5,88,36,8,22,108,102,24,270,81,56,9,1,4022,1753,1009,1707,637,361,104,11,1122,177,23,160,34,30,163,270,104,7,127,35,41,19,995,195,61,181,46,78,4,128,115,157,165,28,5,13,169,11,12,14,63,37,22,131,38,7,84,17,75,40,17,17,3,27,28,76,17,17,3,72,66,9,55,10,94,105,64,16,23,17,13,92
ERR912054,enx,319,255,200,129,158,373,55,148,15,14,19,163,12,283,753,437,325,290,12,294,17,279,164,84,156,91,81,93,177,8,29,224,141,15,30,36,57,86,17,20,151,396,201,21,354,211,81,46,18,33,58,135,67,22,25,189,48,21,289,4,23,207,11,114,123,69,188,252,107,261,88,49,51,67,119,162,38,94,128,11,85,50,36,100,150,128,13,302,64,92,9,2,4333,1970,1087,1845,708,353,148,24,1118,308,61,313,66,8,126,238,128,4,137,12,14,12,832,144,49,235,53,94,7,90,71,217,249,8,10,2,217,36,21,34,68,47,17,115,13,11,130,29,24,33,29,29,7,30,31,120,29,29,8,115,108,5,78,11,0,54,44,27,15,29,6,58,319,255,200,129,158,373,55,148,15,14,19,163,12,283,753,437,325,290,12,294,17,279,164,84,156,91,81,93,177,8,29,224,141,15,30,36,57,86,17,20,151,396,201,21,354,211,81,46,18,33,58,135,67,22,25,189,48,21,289,4,23,207,11,114,123,69,188,252,107,261,88,49,51,67,119,162,38,94,128,11,85,50,36,100,150,128,13,302,64,92,9,2,4333,1970,1087,1845,708,353,148,24,1118,308,61,313,66,8,126,238,128,4,137,12,14,12,832,144,49,235,53,94,7,90,71,217,249,8,10,2,217,36,21,34,68,47,17,115,13,11,130,29,24,33,29,29,7,30,31,120,29,29,8,115,108,5,78,11,0,54,44,27,15,29,6,58
ERR912063,enx,283,147,188,131,317,214,23,78,23,7,10,160,60,135,633,431,266,204,33,223,29,146,140,17,65,40,65,22,39,0,12,113,29,7,13,14,56,43,14,10,51,284,92,9,297,135,94,17,42,12,16,140,57,79,69,74,17,10,210,7,4,171,17,101,75,53,97,225,159,196,115,46,66,79,99,109,72,67,68,10,106,38,20,36,16,23,49,229,58,37,18,5,3563,1558,927,1369,597,242,80,12,940,122,58,104,22,32,236,188,146,17,129,13,5,56,897,196,40,177,59,130,10,92,122,191,193,30,16,7,204,39,10,14,21,21,16,126,44,11,80,14,23,20,14,14,8,30,32,50,14,14,8,51,48,13,34,6,6,55,64,13,17,14,16,28,283,147,188,131,317,214,23,78,23,7,10,160,60,135,633,431,266,204,33,223,29,146,140,17,65,40,65,22,39,0,12,113,29,7,13,14,56,43,14,10,51,284,92,9,297,135,94,17,42,12,16,140,57,79,69,74,17,10,210,7,4,171,17,101,75,53,97,225,159,196,115,46,66,79,99,109,72,67,68,10,106,38,20,36,16,23,49,229,58,37,18,5,3563,1558,927,1369,597,242,80,12,940,122,58,104,22,32,236,188,146,17,129,13,5,56,897,196,40,177,59,130,10,92,122,191,193,30,16,7,204,39,10,14,21,21,16,126,44,11,80,14,23,20,14,14,8,30,32,50,14,14,8,51,48,13,34,6,6,55,64,13,17,14,16,28
ERR912064,enx,308,164,190,230,307,310,28,197,37,18,0,176,55,189,631,519,317,211,45,304,41,217,200,23,92,53,71,49,56,0,16,112,48,11,14,37,112,18,22,15,42,274,134,4,326,193,150,36,97,19,24,301,48,35,109,189,37,4,283,8,1,191,5,132,110,75,101,307,158,236,123,42,194,28,144,199,89,87,49,5,132,56,0,17,38,38,15,291,99,40,17,8,4265,1731,1132,1619,719,310,190,7,1144,195,86,62,22,30,379,290,221,18,100,25,11,27,881,254,38,190,74,116,19,63,143,180,203,28,17,8,230,29,6,22,43,24,13,168,30,24,75,8,31,17,8,8,19,33,34,42,8,8,20,49,39,19,22,3,67,107,88,7,26,8,15,35,308,164,190,230,307,310,28,197,37,18,0,176,55,189,631,519,317,211,45,304,41,217,200,23,92,53,71,49,56,0,16,112,48,11,14,37,112,18,22,15,42,274,134,4,326,193,150,36,97,19,24,301,48,35,109,189,37,4,283,8,1,191,5,132,110,75,101,307,158,236,123,42,194,28,144,199,89,87,49,5,132,56,0,17,38,38,15,291,99,40,17,8,4265,1731,1132,1619,719,310,190,7,1144,195,86,62,22,30,379,290,221,18,100,25,11,27,881,254,38,190,74,116,19,63,143,180,203,28,17,8,230,29,6,22,43,24,13,168,30,24,75,8,31,17,8,8,19,33,34,42,8,8,20,49,39,19,22,3,67,107,88,7,26,8,15,35
ERR912065,enx,318,215,196,176,255,288,48,118,16,21,14,122,25,177,574,337,236,216,38,265,23,228,192,44,84,68,98,58,117,1,26,145,96,9,23,89,100,30,7,5,109,200,141,11,319,207,139,30,87,45,36,206,51,24,63,145,19,11,262,2,37,85,7,89,76,96,120,214,102,221,124,52,132,44,126,95,44,69,75,5,67,32,15,37,67,74,7,229,87,31,5,4,3540,1651,935,1504,576,304,117,8,1056,214,37,180,17,13,163,267,108,9,60,24,22,12,721,161,67,211,36,58,15,166,112,135,127,12,7,50,162,16,7,27,73,23,18,99,35,19,33,9,45,26,9,9,13,10,10,34,9,9,14,29,28,3,44,17,54,52,52,9,4,9,10,77,318,215,196,176,255,288,48,118,16,21,14,122,25,177,574,337,236,216,38,265,23,228,192,44,84,68,98,58,117,1,26,145,96,9,23,89,100,30,7,5,109,200,141,11,319,207,139,30,87,45,36,206,51,24,63,145,19,11,262,2,37,85,7,89,76,96,120,214,102,221,124,52,132,44,126,95,44,69,75,5,67,32,15,37,67,74,7,229,87,31,5,4,3540,1651,935,1504,576,304,117,8,1056,214,37,180,17,13,163,267,108,9,60,24,22,12,721,161,67,211,36,58,15,166,112,135,127,12,7,50,162,16,7,27,73,23,18,99,35,19,33,9,45,26,9,9,13,10,10,34,9,9,14,29,28,3,44,17,54,52,52,9,4,9,10,77
ERR912066,enx,319,144,152,77,153,124,28,97,17,12,15,153,31,119,510,453,260,204,18,206,28,129,107,42,44,63,35,29,46,30,14,114,35,14,43,60,58,18,10,21,59,306,67,12,196,148,117,14,65,53,22,166,20,12,33,69,27,12,306,3,8,119,15,89,64,42,83,220,227,239,80,56,64,44,123,75,81,75,38,13,76,14,9,16,30,28,13,340,76,49,9,1,3389,1468,953,1284,652,195,97,45,858,99,69,346,13,6,95,175,97,10,59,10,6,11,1383,192,74,131,37,72,12,116,217,167,269,8,60,10,237,42,11,31,46,25,13,209,23,15,34,13,19,22,13,13,12,11,12,29,13,13,13,25,25,15,38,7,26,78,87,12,49,13,8,33,319,144,152,77,153,124,28,97,17,12,15,153,31,119,510,453,260,204,18,206,28,129,107,42,44,63,35,29,46,30,14,114,35,14,43,60,58,18,10,21,59,306,67,12,196,148,117,14,65,53,22,166,20,12,33,69,27,12,306,3,8,119,15,89,64,42,83,220,227,239,80,56,64,44,123,75,81,75,38,13,76,14,9,16,30,28,13,340,76,49,9,1,3389,1468,953,1284,652,195,97,45,858,99,69,346,13,6,95,175,97,10,59,10,6,11,1383,192,74,131,37,72,12,116,217,167,269,8,60,10,237,42,11,31,46,25,13,209,23,15,34,13,19,22,13,13,12,11,12,29,13,13,13,25,25,15,38,7,26,78,87,12,49,13,8,33
ERR912067,enx,210,125,154,150,189,228,38,94,17,9,0,130,46,140,471,312,206,134,29,206,23,172,110,31,74,51,67,40,66,4,14,113,66,5,11,44,44,22,14,15,63,220,78,10,257,109,46,34,29,21,13,129,39,35,45,68,23,10,155,2,9,128,2,87,71,50,67,174,82,148,93,19,60,42,99,105,35,47,51,1,86,41,17,28,52,57,13,169,83,42,10,3,2861,1228,748,1143,460,236,94,11,807,132,50,84,19,6,179,190,118,16,62,17,3,29,582,139,27,189,41,62,9,79,84,147,150,6,17,10,163,25,9,18,32,23,10,96,26,10,54,11,17,13,11,11,7,25,26,31,11,11,8,29,28,10,27,7,0,53,43,10,17,11,4,28,210,125,154,150,189,228,38,94,17,9,0,130,46,140,471,312,206,134,29,206,23,172,110,31,74,51,67,40,66,4,14,113,66,5,11,44,44,22,14,15,63,220,78,10,257,109,46,34,29,21,13,129,39,35,45,68,23,10,155,2,9,128,2,87,71,50,67,174,82,148,93,19,60,42,99,105,35,47,51,1,86,41,17,28,52,57,13,169,83,42,10,3,2861,1228,748,1143,460,236,94,11,807,132,50,84,19,6,179,190,118,16,62,17,3,29,582,139,27,189,41,62,9,79,84,147,150,6,17,10,163,25,9,18,32,23,10,96,26,10,54,11,17,13,11,11,7,25,26,31,11,11,8,29,28,10,27,7,0,53,43,10,17,11,4,28
ERR912070,enx,239,195,150,112,190,302,44,97,15,21,19,186,58,212,628,421,257,196,14,232,24,207,93,34,119,54,78,75,119,0,17,192,117,15,29,77,46,36,17,6,113,234,168,19,276,271,223,18,156,39,29,156,57,33,31,161,63,19,256,1,10,166,8,94,94,83,110,196,127,245,96,47,69,75,129,90,73,46,59,9,106,32,21,40,97,103,26,210,75,38,6,46,3587,1474,885,1491,596,310,95,8,947,203,50,146,18,23,171,239,143,20,81,7,3,27,693,155,81,167,37,75,8,83,112,139,182,22,5,9,114,30,11,35,70,27,9,99,12,13,93,15,32,17,15,15,8,55,57,47,15,15,9,49,41,18,47,6,38,70,64,14,7,15,6,44,239,195,150,112,190,302,44,97,15,21,19,186,58,212,628,421,257,196,14,232,24,207,93,34,119,54,78,75,119,0,17,192,117,15,29,77,46,36,17,6,113,234,168,19,276,271,223,18,156,39,29,156,57,33,31,161,63,19,256,1,10,166,8,94,94,83,110,196,127,245,96,47,69,75,129,90,73,46,59,9,106,32,21,40,97,103,26,210,75,38,6,46,3587,1474,885,1491,596,310,95,8,947,203,50,146,18,23,171,239,143,20,81,7,3,27,693,155,81,167,37,75,8,83,112,139,182,22,5,9,114,30,11,35,70,27,9,99,12,13,93,15,32,17,15,15,8,55,57,47,15,15,9,49,41,18,47,6,38,70,64,14,7,15,6,44
ERR912075,enx,234,135,136,148,176,257,48,74,22,15,6,176,38,130,507,371,180,240,9,184,53,138,124,116,108,42,79,59,89,20,38,135,60,33,23,24,51,16,4,7,99,195,119,10,236,172,114,16,35,18,100,103,43,45,32,115,20,10,212,1,24,147,39,140,107,48,87,240,100,170,79,8,69,75,55,91,27,63,85,1,54,53,52,16,58,56,7,185,50,67,8,5,3178,1218,876,1216,533,207,98,19,732,201,29,160,26,13,133,372,95,2,95,29,5,13,648,117,23,155,31,62,8,127,90,126,178,12,15,6,156,46,10,25,66,23,16,117,66,8,49,14,16,16,14,14,9,7,7,50,14,14,7,47,40,6,54,5,18,50,39,13,27,14,11,34,234,135,136,148,176,257,48,74,22,15,6,176,38,130,507,371,180,240,9,184,53,138,124,116,108,42,79,59,89,20,38,135,60,33,23,24,51,16,4,7,99,195,119,10,236,172,114,16,35,18,100,103,43,45,32,115,20,10,212,1,24,147,39,140,107,48,87,240,100,170,79,8,69,75,55,91,27,63,85,1,54,53,52,16,58,56,7,185,50,67,8,5,3178,1218,876,1216,533,207,98,19,732,201,29,160,26,13,133,372,95,2,95,29,5,13,648,117,23,155,31,62,8,127,90,126,178,12,15,6,156,46,10,25,66,23,16,117,66,8,49,14,16,16,14,14,9,7,7,50,14,14,7,47,40,6,54,5,18,50,39,13,27,14,11,34
ERR912077,enx,243,139,152,81,155,198,38,75,9,1,6,164,36,178,508,320,249,174,16,184,16,187,108,41,81,46,37,47,72,2,9,132,72,6,23,44,38,41,12,16,68,212,77,2,206,142,87,22,33,12,41,113,30,24,41,74,8,2,207,4,12,129,2,73,66,51,109,199,110,177,62,31,91,31,91,41,35,59,36,1,90,20,14,45,73,62,11,195,76,30,12,4,2821,1273,735,1227,483,222,76,7,802,131,45,114,31,15,144,192,101,12,78,22,2,10,785,126,46,176,46,82,3,82,80,126,191,18,10,13,176,16,14,7,26,32,19,83,14,2,65,19,22,30,19,19,1,21,22,48,19,19,1,46,42,6,28,9,6,48,41,18,33,19,13,46,243,139,152,81,155,198,38,75,9,1,6,164,36,178,508,320,249,174,16,184,16,187,108,41,81,46,37,47,72,2,9,132,72,6,23,44,38,41,12,16,68,212,77,2,206,142,87,22,33,12,41,113,30,24,41,74,8,2,207,4,12,129,2,73,66,51,109,199,110,177,62,31,91,31,91,41,35,59,36,1,90,20,14,45,73,62,11,195,76,30,12,4,2821,1273,735,1227,483,222,76,7,802,131,45,114,31,15,144,192,101,12,78,22,2,10,785,126,46,176,46,82,3,82,80,126,191,18,10,13,176,16,14,7,26,32,19,83,14,2,65,19,22,30,19,19,1,21,22,48,19,19,1,46,42,6,28,9,6,48,41,18,33,19,13,46
ERR912078,enx,177,149,93,63,137,330,24,81,19,17,24,136,36,207,451,323,288,163,12,164,23,137,56,19,110,37,57,54,82,0,19,152,94,9,19,21,34,25,11,11,99,197,211,19,217,276,225,29,166,24,22,102,100,26,26,211,97,19,211,3,13,147,2,77,78,58,70,178,100,210,90,32,28,85,80,64,24,49,90,4,106,25,15,21,77,68,11,199,47,33,3,39,2946,1181,743,1249,471,234,85,10,789,151,42,125,21,17,107,215,137,26,57,8,0,22,654,83,31,169,34,63,13,127,76,128,246,22,2,12,159,22,7,19,63,14,5,67,18,17,96,9,8,18,9,9,12,69,71,31,9,9,13,34,28,9,31,3,18,43,25,8,11,9,5,25,177,149,93,63,137,330,24,81,19,17,24,136,36,207,451,323,288,163,12,164,23,137,56,19,110,37,57,54,82,0,19,152,94,9,19,21,34,25,11,11,99,197,211,19,217,276,225,29,166,24,22,102,100,26,26,211,97,19,211,3,13,147,2,77,78,58,70,178,100,210,90,32,28,85,80,64,24,49,90,4,106,25,15,21,77,68,11,199,47,33,3,39,2946,1181,743,1249,471,234,85,10,789,151,42,125,21,17,107,215,137,26,57,8,0,22,654,83,31,169,34,63,13,127,76,128,246,22,2,12,159,22,7,19,63,14,5,67,18,17,96,9,8,18,9,9,12,69,71,31,9,9,13,34,28,9,31,3,18,43,25,8,11,9,5,25
ERR912082,enx,322,271,237,239,161,403,133,150,8,12,128,181,25,307,851,489,251,242,73,261,49,354,211,82,142,122,148,116,191,6,43,193,146,29,41,144,115,50,15,3,283,395,271,18,424,445,278,63,171,31,65,152,94,43,16,328,67,18,243,1,27,225,5,182,119,153,187,136,89,273,112,51,12,79,148,154,64,32,148,0,79,53,94,62,142,139,15,320,59,104,1,0,4884,2013,1177,2174,753,515,155,35,1167,368,64,333,42,4,124,208,52,8,99,6,0,8,897,138,94,299,15,27,3,220,153,257,337,3,0,36,225,37,8,28,99,81,49,126,12,3,80,12,19,12,12,12,3,15,15,158,12,12,3,146,120,7,66,1,0,68,57,11,6,12,0,64,322,271,237,239,161,403,133,150,8,12,128,181,25,307,851,489,251,242,73,261,49,354,211,82,142,122,148,116,191,6,43,193,146,29,41,144,115,50,15,3,283,395,271,18,424,445,278,63,171,31,65,152,94,43,16,328,67,18,243,1,27,225,5,182,119,153,187,136,89,273,112,51,12,79,148,154,64,32,148,0,79,53,94,62,142,139,15,320,59,104,1,0,4884,2013,1177,2174,753,515,155,35,1167,368,64,333,42,4,124,208,52,8,99,6,0,8,897,138,94,299,15,27,3,220,153,257,337,3,0,36,225,37,8,28,99,81,49,126,12,3,80,12,19,12,12,12,3,15,15,158,12,12,3,146,120,7,66,1,0,68,57,11,6,12,0,64
ERR912089,enx,257,166,154,204,219,207,36,134,27,10,10,127,33,140,508,383,195,171,27,210,29,153,102,46,77,74,42,46,85,6,25,111,64,11,22,71,56,36,7,15,78,173,103,4,218,213,159,40,72,23,35,171,24,13,43,95,12,4,215,2,24,128,9,90,73,47,73,248,99,217,66,40,107,44,108,124,25,66,51,6,64,19,14,43,56,58,5,195,81,63,6,2,3095,1244,840,1224,566,235,140,5,787,225,71,127,14,31,175,237,115,2,44,21,23,9,819,185,60,145,37,86,18,107,97,98,121,33,18,12,165,7,14,16,65,30,15,136,36,26,59,21,40,32,21,21,21,24,25,26,21,21,22,23,20,16,28,9,66,70,73,20,12,21,12,41,257,166,154,204,219,207,36,134,27,10,10,127,33,140,508,383,195,171,27,210,29,153,102,46,77,74,42,46,85,6,25,111,64,11,22,71,56,36,7,15,78,173,103,4,218,213,159,40,72,23,35,171,24,13,43,95,12,4,215,2,24,128,9,90,73,47,73,248,99,217,66,40,107,44,108,124,25,66,51,6,64,19,14,43,56,58,5,195,81,63,6,2,3095,1244,840,1224,566,235,140,5,787,225,71,127,14,31,175,237,115,2,44,21,23,9,819,185,60,145,37,86,18,107,97,98,121,33,18,12,165,7,14,16,65,30,15,136,36,26,59,21,40,32,21,21,21,24,25,26,21,21,22,23,20,16,28,9,66,70,73,20,12,21,12,41
ERR912092,enx,154,59,150,148,155,209,10,132,42,53,0,206,54,70,542,449,202,163,24,394,29,128,112,14,62,14,78,42,45,1,23,118,57,0,2,59,94,13,5,17,5,163,84,12,199,167,156,13,132,11,42,293,16,42,59,71,18,12,137,7,1,102,48,60,38,36,99,122,120,135,113,26,161,57,131,93,90,46,61,4,58,24,2,11,21,56,20,201,81,11,5,3,3250,1281,624,990,383,156,134,6,714,208,106,51,20,19,225,247,178,12,54,9,7,38,765,145,108,137,41,76,28,66,86,106,121,18,5,21,125,28,1,11,57,2,2,86,11,38,33,2,22,6,2,2,30,21,22,7,2,2,32,14,12,5,3,1,14,19,41,2,125,2,12,20,154,59,150,148,155,209,10,132,42,53,0,206,54,70,542,449,202,163,24,394,29,128,112,14,62,14,78,42,45,1,23,118,57,0,2,59,94,13,5,17,5,163,84,12,199,167,156,13,132,11,42,293,16,42,59,71,18,12,137,7,1,102,48,60,38,36,99,122,120,135,113,26,161,57,131,93,90,46,61,4,58,24,2,11,21,56,20,201,81,11,5,3,3250,1281,624,990,383,156,134,6,714,208,106,51,20,19,225,247,178,12,54,9,7,38,765,145,108,137,41,76,28,66,86,106,121,18,5,21,125,28,1,11,57,2,2,86,11,38,33,2,22,6,2,2,30,21,22,7,2,2,32,14,12,5,3,1,14,19,41,2,125,2,12,20
ERR912103,enx,279,212,142,165,214,282,53,111,12,1,14,157,32,176,554,334,220,175,21,217,20,234,138,52,114,93,74,47,89,1,19,125,77,7,24,69,63,25,11,10,78,189,148,9,299,220,139,33,53,24,26,152,40,28,33,140,21,9,267,1,20,109,2,88,103,78,87,191,93,221,100,36,91,58,124,80,41,74,97,4,62,21,16,28,64,66,13,225,82,48,3,3,3346,1422,819,1422,538,290,110,7,885,151,53,144,18,33,163,212,92,1,54,16,14,15,703,179,60,169,31,94,5,123,92,123,172,31,7,29,184,21,8,14,50,22,18,131,10,8,45,11,28,16,11,11,6,20,20,33,11,11,6,31,31,16,43,12,22,86,73,11,18,11,13,57,279,212,142,165,214,282,53,111,12,1,14,157,32,176,554,334,220,175,21,217,20,234,138,52,114,93,74,47,89,1,19,125,77,7,24,69,63,25,11,10,78,189,148,9,299,220,139,33,53,24,26,152,40,28,33,140,21,9,267,1,20,109,2,88,103,78,87,191,93,221,100,36,91,58,124,80,41,74,97,4,62,21,16,28,64,66,13,225,82,48,3,3,3346,1422,819,1422,538,290,110,7,885,151,53,144,18,33,163,212,92,1,54,16,14,15,703,179,60,169,31,94,5,123,92,123,172,31,7,29,184,21,8,14,50,22,18,131,10,8,45,11,28,16,11,11,6,20,20,33,11,11,6,31,31,16,43,12,22,86,73,11,18,11,13,57
ERR912113,enx,289,191,163,194,249,314,71,90,19,12,10,194,42,194,654,513,277,236,32,268,23,207,152,49,124,45,126,54,98,6,26,164,83,22,22,49,84,30,7,13,115,302,158,25,362,198,102,49,40,37,71,116,62,16,26,118,48,25,292,3,17,169,19,92,88,63,91,232,121,213,126,32,65,84,111,126,52,71,92,5,94,68,39,27,78,74,28,302,80,52,5,5,3958,1599,1032,1564,603,329,96,13,996,240,37,170,25,13,225,326,137,13,101,19,0,20,778,184,31,237,39,114,6,147,105,215,255,12,9,3,208,41,12,36,68,24,7,128,55,9,65,16,16,24,16,16,6,16,17,56,16,16,7,57,52,11,54,5,6,62,55,15,25,16,3,35,289,191,163,194,249,314,71,90,19,12,10,194,42,194,654,513,277,236,32,268,23,207,152,49,124,45,126,54,98,6,26,164,83,22,22,49,84,30,7,13,115,302,158,25,362,198,102,49,40,37,71,116,62,16,26,118,48,25,292,3,17,169,19,92,88,63,91,232,121,213,126,32,65,84,111,126,52,71,92,5,94,68,39,27,78,74,28,302,80,52,5,5,3958,1599,1032,1564,603,329,96,13,996,240,37,170,25,13,225,326,137,13,101,19,0,20,778,184,31,237,39,114,6,147,105,215,255,12,9,3,208,41,12,36,68,24,7,128,55,9,65,16,16,24,16,16,6,16,17,56,16,16,7,57,52,11,54,5,6,62,55,15,25,16,3,35
ERR912116,enx,274,134,127,108,221,207,18,77,11,10,0,190,61,111,566,433,236,206,45,259,24,141,150,35,58,41,74,39,69,2,2,139,65,2,22,49,70,17,19,8,39,231,79,12,270,90,56,18,31,34,15,200,21,32,55,80,26,12,293,2,14,78,15,63,64,47,63,197,160,237,92,46,76,44,117,62,75,64,30,9,76,28,2,19,37,50,7,248,78,22,10,3,3226,1313,827,1200,562,201,77,3,870,166,46,67,15,40,213,290,194,14,85,28,16,12,1004,205,83,141,63,135,8,117,148,126,151,37,15,7,223,22,11,20,32,15,6,149,35,11,45,11,28,20,11,11,8,11,12,24,11,11,9,33,36,16,51,8,58,77,71,10,30,11,13,28,274,134,127,108,221,207,18,77,11,10,0,190,61,111,566,433,236,206,45,259,24,141,150,35,58,41,74,39,69,2,2,139,65,2,22,49,70,17,19,8,39,231,79,12,270,90,56,18,31,34,15,200,21,32,55,80,26,12,293,2,14,78,15,63,64,47,63,197,160,237,92,46,76,44,117,62,75,64,30,9,76,28,2,19,37,50,7,248,78,22,10,3,3226,1313,827,1200,562,201,77,3,870,166,46,67,15,40,213,290,194,14,85,28,16,12,1004,205,83,141,63,135,8,117,148,126,151,37,15,7,223,22,11,20,32,15,6,149,35,11,45,11,28,20,11,11,8,11,12,24,11,11,9,33,36,16,51,8,58,77,71,10,30,11,13,28
ERR912119,enx,257,156,156,94,198,186,29,59,14,5,19,104,24,106,489,334,249,218,24,192,11,134,120,27,88,33,66,45,64,3,13,138,64,7,14,65,62,18,5,13,54,183,61,5,267,132,76,36,38,24,20,127,57,14,67,74,20,5,253,4,13,100,22,73,69,42,70,207,125,193,82,25,84,53,80,49,25,62,60,3,61,23,7,20,49,51,3,215,70,30,11,2,2837,1261,782,1254,508,194,60,9,841,161,34,92,16,13,174,168,113,7,83,24,6,9,712,166,24,162,30,93,6,109,97,129,132,12,5,17,128,15,26,8,35,31,1,122,21,6,54,31,40,35,31,31,4,9,10,24,31,31,5,25,49,12,20,9,14,82,67,29,21,31,5,54,257,156,156,94,198,186,29,59,14,5,19,104,24,106,489,334,249,218,24,192,11,134,120,27,88,33,66,45,64,3,13,138,64,7,14,65,62,18,5,13,54,183,61,5,267,132,76,36,38,24,20,127,57,14,67,74,20,5,253,4,13,100,22,73,69,42,70,207,125,193,82,25,84,53,80,49,25,62,60,3,61,23,7,20,49,51,3,215,70,30,11,2,2837,1261,782,1254,508,194,60,9,841,161,34,92,16,13,174,168,113,7,83,24,6,9,712,166,24,162,30,93,6,109,97,129,132,12,5,17,128,15,26,8,35,31,1,122,21,6,54,31,40,35,31,31,4,9,10,24,31,31,5,25,49,12,20,9,14,82,67,29,21,31,5,54
ERR912120,enx,77,41,49,57,52,58,12,30,16,68,0,316,54,104,421,411,258,126,6,230,12,162,44,10,208,10,55,95,124,0,4,215,129,5,2,292,9,7,64,3,13,51,65,29,179,14,8,1,6,34,154,188,21,34,37,38,42,29,60,7,3,40,112,32,30,25,77,65,37,54,96,14,20,13,36,41,131,37,8,1,40,28,2,6,113,122,5,214,26,7,3,1,2510,855,338,903,155,145,30,6,456,292,15,39,43,6,176,278,237,7,20,13,2,6,258,236,18,202,19,33,6,54,29,167,169,5,3,5,66,10,1,30,16,3,3,33,12,6,19,2,66,7,2,2,5,11,11,10,2,2,5,14,12,3,16,2,6,13,15,2,2,2,9,72,77,41,49,57,52,58,12,30,16,68,0,316,54,104,421,411,258,126,6,230,12,162,44,10,208,10,55,95,124,0,4,215,129,5,2,292,9,7,64,3,13,51,65,29,179,14,8,1,6,34,154,188,21,34,37,38,42,29,60,7,3,40,112,32,30,25,77,65,37,54,96,14,20,13,36,41,131,37,8,1,40,28,2,6,113,122,5,214,26,7,3,1,2510,855,338,903,155,145,30,6,456,292,15,39,43,6,176,278,237,7,20,13,2,6,258,236,18,202,19,33,6,54,29,167,169,5,3,5,66,10,1,30,16,3,3,33,12,6,19,2,66,7,2,2,5,11,11,10,2,2,5,14,12,3,16,2,6,13,15,2,2,2,9,72
ERR912130,enx,176,122,102,94,81,162,32,66,15,5,10,119,25,103,411,282,161,129,5,136,20,92,63,35,70,42,31,31,59,6,16,78,37,13,16,39,37,24,7,4,63,140,108,4,133,172,148,14,59,12,42,109,22,14,25,89,11,4,211,2,14,89,8,76,64,33,55,139,98,172,49,44,30,52,59,59,37,46,43,5,38,32,24,22,37,33,7,202,49,43,4,0,2314,891,615,881,415,136,71,11,493,151,42,133,13,14,119,230,90,2,46,18,0,8,675,97,44,103,30,47,9,127,106,96,139,19,19,5,151,24,12,12,53,13,11,94,31,12,37,8,18,8,8,8,10,14,14,27,8,8,10,24,28,4,24,4,6,29,31,7,28,8,9,28,176,122,102,94,81,162,32,66,15,5,10,119,25,103,411,282,161,129,5,136,20,92,63,35,70,42,31,31,59,6,16,78,37,13,16,39,37,24,7,4,63,140,108,4,133,172,148,14,59,12,42,109,22,14,25,89,11,4,211,2,14,89,8,76,64,33,55,139,98,172,49,44,30,52,59,59,37,46,43,5,38,32,24,22,37,33,7,202,49,43,4,0,2314,891,615,881,415,136,71,11,493,151,42,133,13,14,119,230,90,2,46,18,0,8,675,97,44,103,30,47,9,127,106,96,139,19,19,5,151,24,12,12,53,13,11,94,31,12,37,8,18,8,8,8,10,14,14,27,8,8,10,24,28,4,24,4,6,29,31,7,28,8,9,28
ERR912134,enx,407,183,213,247,348,304,45,119,29,18,37,228,65,167,727,513,396,266,49,401,61,359,246,42,101,47,107,61,136,9,13,193,88,17,27,98,109,54,23,23,72,422,164,47,452,144,102,30,73,70,21,251,55,40,90,119,82,47,358,7,3,187,21,148,125,146,105,332,184,276,166,39,172,72,205,77,189,91,92,6,141,88,0,59,54,73,123,349,100,31,9,4,5032,2251,1301,1984,796,436,118,6,1448,188,79,102,23,24,337,306,238,19,103,45,6,54,1060,205,58,222,79,142,15,100,214,223,203,28,11,11,298,55,11,56,37,21,10,143,31,16,54,12,18,21,12,12,12,22,23,34,12,12,13,38,35,18,53,5,14,81,71,12,8,12,15,30,407,183,213,247,348,304,45,119,29,18,37,228,65,167,727,513,396,266,49,401,61,359,246,42,101,47,107,61,136,9,13,193,88,17,27,98,109,54,23,23,72,422,164,47,452,144,102,30,73,70,21,251,55,40,90,119,82,47,358,7,3,187,21,148,125,146,105,332,184,276,166,39,172,72,205,77,189,91,92,6,141,88,0,59,54,73,123,349,100,31,9,4,5032,2251,1301,1984,796,436,118,6,1448,188,79,102,23,24,337,306,238,19,103,45,6,54,1060,205,58,222,79,142,15,100,214,223,203,28,11,11,298,55,11,56,37,21,10,143,31,16,54,12,18,21,12,12,12,22,23,34,12,12,13,38,35,18,53,5,14,81,71,12,8,12,15,30
ERR912139,enx,237,152,153,125,188,195,31,70,15,18,19,159,42,134,601,515,239,219,34,279,23,149,124,52,86,41,51,52,82,3,20,152,73,14,29,41,60,27,9,18,51,191,80,9,250,188,128,33,71,33,35,137,23,22,47,85,20,9,231,4,15,120,21,81,74,50,80,188,128,189,104,35,60,54,121,77,60,74,44,5,77,25,8,25,63,65,5,277,84,25,15,4,3267,1312,838,1269,534,234,69,6,851,140,60,110,16,25,185,221,143,15,61,11,11,10,992,212,74,178,41,105,9,120,147,137,196,31,7,7,194,19,10,23,34,19,9,151,26,10,45,13,22,25,13,13,8,21,22,20,13,13,9,16,24,24,30,5,54,89,82,12,48,13,7,25,237,152,153,125,188,195,31,70,15,18,19,159,42,134,601,515,239,219,34,279,23,149,124,52,86,41,51,52,82,3,20,152,73,14,29,41,60,27,9,18,51,191,80,9,250,188,128,33,71,33,35,137,23,22,47,85,20,9,231,4,15,120,21,81,74,50,80,188,128,189,104,35,60,54,121,77,60,74,44,5,77,25,8,25,63,65,5,277,84,25,15,4,3267,1312,838,1269,534,234,69,6,851,140,60,110,16,25,185,221,143,15,61,11,11,10,992,212,74,178,41,105,9,120,147,137,196,31,7,7,194,19,10,23,34,19,9,151,26,10,45,13,22,25,13,13,8,21,22,20,13,13,9,16,24,24,30,5,54,89,82,12,48,13,7,25
ERR912140,enx,211,108,94,108,146,131,22,34,9,4,19,142,45,74,446,405,141,172,17,190,14,68,83,25,32,16,29,16,23,1,6,92,20,4,25,26,51,26,9,20,27,199,49,9,172,77,26,30,20,21,14,124,20,18,31,43,18,9,234,2,11,74,27,63,67,20,50,167,120,187,75,21,46,29,58,30,45,64,27,8,49,11,0,25,13,18,9,211,62,11,12,3,2364,932,648,804,449,128,36,3,580,97,49,47,9,33,163,150,136,8,76,13,7,14,769,202,44,146,43,157,4,85,122,116,155,31,12,6,169,14,9,28,16,14,7,186,33,5,30,13,18,16,13,13,4,9,10,9,13,13,4,10,12,38,12,3,14,138,119,12,39,13,10,21,211,108,94,108,146,131,22,34,9,4,19,142,45,74,446,405,141,172,17,190,14,68,83,25,32,16,29,16,23,1,6,92,20,4,25,26,51,26,9,20,27,199,49,9,172,77,26,30,20,21,14,124,20,18,31,43,18,9,234,2,11,74,27,63,67,20,50,167,120,187,75,21,46,29,58,30,45,64,27,8,49,11,0,25,13,18,9,211,62,11,12,3,2364,932,648,804,449,128,36,3,580,97,49,47,9,33,163,150,136,8,76,13,7,14,769,202,44,146,43,157,4,85,122,116,155,31,12,6,169,14,9,28,16,14,7,186,33,5,30,13,18,16,13,13,4,9,10,9,13,13,4,10,12,38,12,3,14,138,119,12,39,13,10,21
ERR912151,enx,233,143,152,145,199,184,36,81,8,8,15,156,51,125,579,366,222,188,20,175,13,182,95,20,67,69,45,40,71,3,13,114,56,4,31,80,41,19,19,8,61,223,78,9,268,156,116,17,69,22,48,147,49,30,49,87,31,9,226,2,3,115,15,66,71,55,48,188,113,180,79,45,85,41,95,70,45,43,40,6,77,29,7,15,31,50,9,186,63,63,15,6,3073,1327,744,1290,507,247,80,6,790,132,69,108,12,46,199,220,145,16,111,14,11,25,763,163,58,162,56,107,4,93,105,135,180,47,10,7,139,21,27,23,35,40,14,126,16,6,77,26,39,37,26,26,4,23,24,56,26,26,4,78,72,18,38,5,30,77,61,24,13,26,20,39,233,143,152,145,199,184,36,81,8,8,15,156,51,125,579,366,222,188,20,175,13,182,95,20,67,69,45,40,71,3,13,114,56,4,31,80,41,19,19,8,61,223,78,9,268,156,116,17,69,22,48,147,49,30,49,87,31,9,226,2,3,115,15,66,71,55,48,188,113,180,79,45,85,41,95,70,45,43,40,6,77,29,7,15,31,50,9,186,63,63,15,6,3073,1327,744,1290,507,247,80,6,790,132,69,108,12,46,199,220,145,16,111,14,11,25,763,163,58,162,56,107,4,93,105,135,180,47,10,7,139,21,27,23,35,40,14,126,16,6,77,26,39,37,26,26,4,23,24,56,26,26,4,78,72,18,38,5,30,77,61,24,13,26,20,39
ERR912152,enx,317,223,189,86,142,331,72,106,8,6,10,155,25,201,751,430,254,285,22,226,11,214,114,53,112,85,98,75,125,2,33,196,113,20,31,79,51,27,9,25,121,291,166,16,322,298,141,35,52,37,36,98,78,48,38,177,26,16,299,4,32,121,10,112,110,69,145,213,103,243,82,41,52,88,106,99,25,85,106,5,56,20,49,33,100,101,7,252,84,70,9,2,3921,1648,934,1703,624,276,106,23,997,229,44,247,51,19,134,216,101,3,84,14,43,8,939,162,45,244,34,78,6,180,105,208,248,26,13,38,185,42,18,18,48,36,9,125,23,4,65,28,45,50,28,28,3,13,14,47,28,28,3,45,38,9,55,5,78,95,51,26,17,28,7,67,317,223,189,86,142,331,72,106,8,6,10,155,25,201,751,430,254,285,22,226,11,214,114,53,112,85,98,75,125,2,33,196,113,20,31,79,51,27,9,25,121,291,166,16,322,298,141,35,52,37,36,98,78,48,38,177,26,16,299,4,32,121,10,112,110,69,145,213,103,243,82,41,52,88,106,99,25,85,106,5,56,20,49,33,100,101,7,252,84,70,9,2,3921,1648,934,1703,624,276,106,23,997,229,44,247,51,19,134,216,101,3,84,14,43,8,939,162,45,244,34,78,6,180,105,208,248,26,13,38,185,42,18,18,48,36,9,125,23,4,65,28,45,50,28,28,3,13,14,47,28,28,3,45,38,9,55,5,78,95,51,26,17,28,7,67
ERR912158,enx,273,134,141,133,221,216,18,120,21,12,6,147,44,136,560,390,266,223,25,260,16,158,123,20,59,58,72,55,108,9,7,153,84,3,12,65,64,33,24,26,55,260,89,9,261,135,78,20,39,21,28,127,59,45,55,111,46,9,202,6,7,105,11,71,88,70,87,226,128,195,103,27,131,54,95,85,56,63,59,3,79,49,17,31,45,67,29,197,94,45,5,4,3313,1458,897,1310,544,244,118,22,884,102,53,74,34,13,197,246,158,13,99,49,35,25,911,187,43,139,58,92,13,133,99,164,151,12,11,6,186,31,22,24,40,23,13,139,42,17,63,16,26,27,16,16,13,14,15,29,16,16,14,31,31,13,33,5,42,96,64,15,39,16,13,25,273,134,141,133,221,216,18,120,21,12,6,147,44,136,560,390,266,223,25,260,16,158,123,20,59,58,72,55,108,9,7,153,84,3,12,65,64,33,24,26,55,260,89,9,261,135,78,20,39,21,28,127,59,45,55,111,46,9,202,6,7,105,11,71,88,70,87,226,128,195,103,27,131,54,95,85,56,63,59,3,79,49,17,31,45,67,29,197,94,45,5,4,3313,1458,897,1310,544,244,118,22,884,102,53,74,34,13,197,246,158,13,99,49,35,25,911,187,43,139,58,92,13,133,99,164,151,12,11,6,186,31,22,24,40,23,13,139,42,17,63,16,26,27,16,16,13,14,15,29,16,16,14,31,31,13,33,5,42,96,64,15,39,16,13,25
ERR912161,enx,224,158,294,207,160,197,45,205,52,52,15,168,36,133,550,419,211,201,29,290,41,223,128,31,65,54,84,43,70,1,31,100,62,9,26,98,128,18,14,25,65,189,138,13,271,306,280,18,223,41,16,311,29,19,60,135,30,13,278,3,15,127,0,106,72,125,134,147,164,236,79,56,278,24,162,139,78,37,94,4,60,26,6,18,45,53,22,159,78,34,15,4,3959,1609,965,1378,662,267,205,4,1040,240,136,136,10,4,223,273,168,10,51,28,5,13,804,125,106,134,24,52,44,119,99,121,149,3,9,36,128,13,7,21,107,15,6,101,18,62,45,10,21,13,10,10,49,17,17,23,10,10,51,24,18,9,35,10,18,40,53,9,5,10,5,28,224,158,294,207,160,197,45,205,52,52,15,168,36,133,550,419,211,201,29,290,41,223,128,31,65,54,84,43,70,1,31,100,62,9,26,98,128,18,14,25,65,189,138,13,271,306,280,18,223,41,16,311,29,19,60,135,30,13,278,3,15,127,0,106,72,125,134,147,164,236,79,56,278,24,162,139,78,37,94,4,60,26,6,18,45,53,22,159,78,34,15,4,3959,1609,965,1378,662,267,205,4,1040,240,136,136,10,4,223,273,168,10,51,28,5,13,804,125,106,134,24,52,44,119,99,121,149,3,9,36,128,13,7,21,107,15,6,101,18,62,45,10,21,13,10,10,49,17,17,23,10,10,51,24,18,9,35,10,18,40,53,9,5,10,5,28
ERR912173,enx,324,284,191,109,143,401,44,136,13,3,10,225,41,321,668,430,345,189,18,273,24,326,176,85,155,129,69,97,162,2,18,235,157,11,35,69,78,34,13,22,155,321,209,16,371,341,211,62,99,27,35,146,64,32,17,229,71,16,307,3,21,158,24,142,151,106,126,213,118,279,110,46,58,73,143,107,42,46,49,3,89,19,21,34,158,135,7,314,90,83,8,24,4082,1725,1025,1881,677,418,136,11,1224,211,48,190,27,8,182,221,128,21,141,19,0,16,918,188,62,227,40,75,9,141,123,211,209,8,2,19,140,13,16,16,76,55,29,140,25,11,100,22,24,23,22,22,8,34,35,105,22,22,9,90,95,20,51,6,14,121,69,20,22,22,7,69,324,284,191,109,143,401,44,136,13,3,10,225,41,321,668,430,345,189,18,273,24,326,176,85,155,129,69,97,162,2,18,235,157,11,35,69,78,34,13,22,155,321,209,16,371,341,211,62,99,27,35,146,64,32,17,229,71,16,307,3,21,158,24,142,151,106,126,213,118,279,110,46,58,73,143,107,42,46,49,3,89,19,21,34,158,135,7,314,90,83,8,24,4082,1725,1025,1881,677,418,136,11,1224,211,48,190,27,8,182,221,128,21,141,19,0,16,918,188,62,227,40,75,9,141,123,211,209,8,2,19,140,13,16,16,76,55,29,140,25,11,100,22,24,23,22,22,8,34,35,105,22,22,9,90,95,20,51,6,14,121,69,20,22,22,7,69
ERR912185,enx,302,269,243,137,181,279,38,183,20,21,37,217,31,328,795,436,313,194,23,278,30,289,190,93,138,127,87,92,156,2,23,214,132,11,21,64,80,34,21,16,161,315,165,21,335,377,210,47,86,28,44,199,45,37,39,130,32,21,295,3,15,156,2,106,124,91,174,150,95,249,84,71,90,54,100,186,53,47,71,1,97,26,36,42,146,130,3,274,86,106,2,1,4207,1858,1019,1865,657,359,182,17,1172,262,66,245,46,11,121,275,100,16,79,25,3,6,1061,170,81,237,29,39,14,151,96,220,238,12,7,53,161,21,13,19,84,39,17,118,14,23,106,20,26,18,20,20,15,35,37,84,20,20,16,77,64,4,68,8,0,81,62,18,4,20,4,84,302,269,243,137,181,279,38,183,20,21,37,217,31,328,795,436,313,194,23,278,30,289,190,93,138,127,87,92,156,2,23,214,132,11,21,64,80,34,21,16,161,315,165,21,335,377,210,47,86,28,44,199,45,37,39,130,32,21,295,3,15,156,2,106,124,91,174,150,95,249,84,71,90,54,100,186,53,47,71,1,97,26,36,42,146,130,3,274,86,106,2,1,4207,1858,1019,1865,657,359,182,17,1172,262,66,245,46,11,121,275,100,16,79,25,3,6,1061,170,81,237,29,39,14,151,96,220,238,12,7,53,161,21,13,19,84,39,17,118,14,23,106,20,26,18,20,20,15,35,37,84,20,20,16,77,64,4,68,8,0,81,62,18,4,20,4,84
ERR912186,enx,260,117,157,162,307,258,13,74,21,8,6,128,47,118,536,436,284,158,24,284,35,176,119,9,72,27,76,34,55,5,4,109,57,11,19,14,39,25,27,21,25,254,88,6,255,84,55,15,28,6,12,183,55,54,71,81,34,4,241,6,7,152,13,115,89,65,46,268,145,190,149,15,83,61,112,82,77,58,36,7,126,47,6,22,23,41,65,354,63,25,9,9,3293,1452,916,1250,546,250,73,9,927,126,56,24,18,45,354,252,207,20,99,41,2,34,997,180,25,174,85,146,7,44,167,146,182,48,15,6,244,60,15,11,21,9,2,157,29,10,83,8,15,8,8,8,8,39,40,29,8,8,8,42,43,16,39,9,0,84,69,7,43,8,8,15,260,117,157,162,307,258,13,74,21,8,6,128,47,118,536,436,284,158,24,284,35,176,119,9,72,27,76,34,55,5,4,109,57,11,19,14,39,25,27,21,25,254,88,6,255,84,55,15,28,6,12,183,55,54,71,81,34,4,241,6,7,152,13,115,89,65,46,268,145,190,149,15,83,61,112,82,77,58,36,7,126,47,6,22,23,41,65,354,63,25,9,9,3293,1452,916,1250,546,250,73,9,927,126,56,24,18,45,354,252,207,20,99,41,2,34,997,180,25,174,85,146,7,44,167,146,182,48,15,6,244,60,15,11,21,9,2,157,29,10,83,8,15,8,8,8,8,39,40,29,8,8,8,42,43,16,39,9,0,84,69,7,43,8,8,15
ERR912190,enx,283,165,217,199,228,339,50,115,39,26,32,196,43,160,633,510,254,202,45,304,54,196,191,79,107,52,128,50,106,12,46,161,84,27,23,61,63,27,10,16,84,250,179,19,234,228,119,41,50,37,71,176,39,53,55,155,37,19,273,7,19,139,19,119,92,60,102,221,134,195,96,38,79,54,136,149,80,49,101,3,84,71,59,29,62,64,17,204,87,80,4,3,4015,1675,1012,1560,607,308,132,17,1009,259,64,194,18,13,199,378,131,20,84,34,9,8,751,155,49,185,34,87,17,148,87,196,219,12,10,37,191,42,19,39,83,30,13,130,63,23,51,20,18,37,20,20,18,12,12,35,20,20,19,35,36,12,37,1,18,58,59,18,24,20,7,37,283,165,217,199,228,339,50,115,39,26,32,196,43,160,633,510,254,202,45,304,54,196,191,79,107,52,128,50,106,12,46,161,84,27,23,61,63,27,10,16,84,250,179,19,234,228,119,41,50,37,71,176,39,53,55,155,37,19,273,7,19,139,19,119,92,60,102,221,134,195,96,38,79,54,136,149,80,49,101,3,84,71,59,29,62,64,17,204,87,80,4,3,4015,1675,1012,1560,607,308,132,17,1009,259,64,194,18,13,199,378,131,20,84,34,9,8,751,155,49,185,34,87,17,148,87,196,219,12,10,37,191,42,19,39,83,30,13,130,63,23,51,20,18,37,20,20,18,12,12,35,20,20,19,35,36,12,37,1,18,58,59,18,24,20,7,37
ERR912192,enx,207,58,92,41,131,104,0,29,24,10,11,129,28,67,254,285,103,167,4,175,30,57,63,102,56,21,32,25,67,30,15,98,29,17,16,24,53,11,7,10,11,189,34,2,151,56,26,13,23,4,34,94,14,29,15,24,4,2,190,2,9,96,27,69,54,10,45,167,138,124,37,8,34,21,31,37,19,29,30,5,44,36,23,3,29,27,0,142,25,44,13,8,2040,844,643,761,403,80,48,31,532,76,15,173,7,8,165,231,106,5,28,15,0,27,735,121,33,54,30,101,5,62,122,164,188,8,29,4,224,35,5,2,33,7,2,207,51,7,21,7,8,7,7,7,4,13,13,5,7,7,5,16,12,9,21,8,0,56,49,7,55,7,9,9,207,58,92,41,131,104,0,29,24,10,11,129,28,67,254,285,103,167,4,175,30,57,63,102,56,21,32,25,67,30,15,98,29,17,16,24,53,11,7,10,11,189,34,2,151,56,26,13,23,4,34,94,14,29,15,24,4,2,190,2,9,96,27,69,54,10,45,167,138,124,37,8,34,21,31,37,19,29,30,5,44,36,23,3,29,27,0,142,25,44,13,8,2040,844,643,761,403,80,48,31,532,76,15,173,7,8,165,231,106,5,28,15,0,27,735,121,33,54,30,101,5,62,122,164,188,8,29,4,224,35,5,2,33,7,2,207,51,7,21,7,8,7,7,7,4,13,13,5,7,7,5,16,12,9,21,8,0,56,49,7,55,7,9,9
ERR912194,enx,259,155,149,75,167,202,34,43,11,15,24,155,33,122,478,377,212,228,15,178,20,168,74,36,101,34,37,36,73,6,13,127,49,18,25,36,56,30,5,10,64,179,85,13,227,157,63,18,29,31,21,88,41,36,36,94,28,13,253,2,19,111,25,83,71,44,90,189,126,208,80,27,62,36,82,55,33,30,59,6,51,23,17,26,56,46,7,252,64,30,15,1,2752,1210,763,1211,530,192,49,8,731,132,31,118,23,25,167,184,117,9,36,9,2,13,861,177,34,158,34,93,3,129,162,146,143,26,16,25,155,32,14,24,41,26,21,129,43,3,35,17,21,22,17,17,3,14,14,20,17,17,3,18,20,17,31,13,6,62,75,16,19,17,17,36,259,155,149,75,167,202,34,43,11,15,24,155,33,122,478,377,212,228,15,178,20,168,74,36,101,34,37,36,73,6,13,127,49,18,25,36,56,30,5,10,64,179,85,13,227,157,63,18,29,31,21,88,41,36,36,94,28,13,253,2,19,111,25,83,71,44,90,189,126,208,80,27,62,36,82,55,33,30,59,6,51,23,17,26,56,46,7,252,64,30,15,1,2752,1210,763,1211,530,192,49,8,731,132,31,118,23,25,167,184,117,9,36,9,2,13,861,177,34,158,34,93,3,129,162,146,143,26,16,25,155,32,14,24,41,26,21,129,43,3,35,17,21,22,17,17,3,14,14,20,17,17,3,18,20,17,31,13,6,62,75,16,19,17,17,36
ERR912198,enx,312,158,179,162,247,233,9,84,16,10,14,161,62,116,614,497,297,262,62,293,32,121,174,32,92,42,56,52,130,17,22,138,69,8,18,59,70,43,21,18,56,247,75,3,302,153,107,23,28,15,15,171,44,44,91,92,25,3,275,2,22,147,28,79,91,38,62,266,150,201,94,17,128,49,82,81,39,75,47,6,110,51,6,50,39,63,17,227,109,24,5,4,3570,1522,999,1420,628,212,91,10,981,151,52,107,19,32,267,326,204,13,139,23,45,30,1080,222,46,179,87,149,10,140,160,133,209,30,27,17,206,37,25,16,48,40,9,177,85,11,84,34,54,61,34,34,8,18,19,40,34,34,9,42,55,15,38,5,112,118,79,32,48,34,14,40,312,158,179,162,247,233,9,84,16,10,14,161,62,116,614,497,297,262,62,293,32,121,174,32,92,42,56,52,130,17,22,138,69,8,18,59,70,43,21,18,56,247,75,3,302,153,107,23,28,15,15,171,44,44,91,92,25,3,275,2,22,147,28,79,91,38,62,266,150,201,94,17,128,49,82,81,39,75,47,6,110,51,6,50,39,63,17,227,109,24,5,4,3570,1522,999,1420,628,212,91,10,981,151,52,107,19,32,267,326,204,13,139,23,45,30,1080,222,46,179,87,149,10,140,160,133,209,30,27,17,206,37,25,16,48,40,9,177,85,11,84,34,54,61,34,34,8,18,19,40,34,34,9,42,55,15,38,5,112,118,79,32,48,34,14,40
ERR912202,enx,236,153,143,192,212,228,10,122,30,15,0,131,33,149,427,321,195,134,33,191,40,176,183,71,73,75,96,57,64,6,14,93,41,24,8,84,78,16,11,7,56,140,74,3,191,82,60,14,48,23,59,199,51,42,38,110,22,3,252,5,19,130,12,107,111,82,64,186,105,184,97,61,40,46,111,114,53,31,47,3,83,43,14,14,28,31,20,157,54,58,1,2,3004,1293,838,1149,492,259,131,7,802,166,37,94,5,10,208,290,125,13,58,35,2,29,594,148,30,155,25,63,15,65,114,103,111,12,6,15,123,17,3,7,66,15,15,96,51,16,38,2,23,12,2,2,13,25,26,27,2,2,13,20,21,6,26,11,58,51,56,2,19,2,5,36,236,153,143,192,212,228,10,122,30,15,0,131,33,149,427,321,195,134,33,191,40,176,183,71,73,75,96,57,64,6,14,93,41,24,8,84,78,16,11,7,56,140,74,3,191,82,60,14,48,23,59,199,51,42,38,110,22,3,252,5,19,130,12,107,111,82,64,186,105,184,97,61,40,46,111,114,53,31,47,3,83,43,14,14,28,31,20,157,54,58,1,2,3004,1293,838,1149,492,259,131,7,802,166,37,94,5,10,208,290,125,13,58,35,2,29,594,148,30,155,25,63,15,65,114,103,111,12,6,15,123,17,3,7,66,15,15,96,51,16,38,2,23,12,2,2,13,25,26,27,2,2,13,20,21,6,26,11,58,51,56,2,19,2,5,36
