sample_id,group,00010,00020,00030,00040,00051,00052,00053,00061,00071,00130,00140,00190,00195,00220,00230,00240,00250,00260,00261,00270,00280,00290,00300,00310,00330,00333,00340,00350,00360,00362,00380,00400,00401,00410,00430,00440,00450,00460,00471,00473,00480,00500,00511,00513,00520,00521,00523,00524,00525,00531,00540,00550,00561,00562,00564,00600,00603,00604,00620,00625,00627,00630,00633,00640,00650,00660,00670,00680,00710,00720,00730,00740,00750,00760,00770,00780,00790,00860,00900,00908,00910,00920,00930,00940,00950,00960,00966,00970,00983,01040,01051,01055,01100,01110,01120,01130,01200,01210,01212,01220,01230,01501,01502,01503,01523,01524,02010,02020,02024,02025,02026,02030,02040,02060,03010,03018,03020,03030,03060,03070,03320,03410,03420,03430,03440,04016,04066,04070,04112,04122,04141,04142,04146,04151,04152,04212,04213,04216,04217,04612,04621,04626,04657,04659,04714,04724,04727,04910,04914,04915,04920,04922,04931,04940,05111,05120,05132,05134,05152,05200,05206,05215,05230,05418
ERR911956,controle,13919.86820550316,5145.908724906753,11569.03939952058,5331.013355299083,7876.20202319361,10171.499440058493,2378.594500541431,3729.8583024054346,1712.2178311290456,749.6737530889335,259.146482549261,7209.825353781225,2397.104963580664,6876.637019075032,25590.71515173952,20333.743648597367,14391.8850130036,12105.842827658334,2804.3351504437883,9301.507677214546,1332.7533388247707,7043.231186428128,6413.875443094209,1129.1382453932085,3331.883347061927,990.3097725989616,2637.740983090692,2350.828805982582,2554.4438994141437,259.146482549261,277.6569455884939,7876.20202319361,3396.669967699242,2480.402047257212,1499.347506177867,222.12555647079512,3193.0548742676797,3156.0339481892142,758.92898460855,379.464492304275,1786.2596832859774,10328.838375891974,3424.4356622580913,323.9331031865762,11569.03939952058,5469.841828093329,3322.6281155423103,1453.0713485797846,1138.393476912825,499.7825020592891,1860.3015354429092,4090.812331670477,1758.493988727128,869.9917628439475,2609.9752885318426,2841.356076522254,832.9708367654817,323.9331031865762,10430.645922607755,481.2720390200561,185.10463039232928,6524.938221329607,277.6569455884939,4026.025711033161,4294.427425102039,2721.03806676724,2795.0799189241716,12152.118985256417,5830.795857358372,8135.348505742872,2906.1426971595693,2378.594500541431,1416.050422501319,3507.7327459346398,7089.50734402621,3396.669967699242,2748.8037613260894,2443.3811211787465,2378.594500541431,231.3807879904116,4942.293631475191,3109.7577905911317,555.3138911769878,2461.891584217979,1554.8788952955658,2184.2346386294853,453.5063444612067,12503.817783001843,2684.0171406887744,222.12555647079512,1332.7533388247707,425.74064990235735,159356.57630475628,72736.86451266578,47164.6598239655,62176.6453487834,30690.347719048194,10874.897035549344,3665.0716817681196,832.9708367654817,46655.62209038659,2998.695012355734,1443.8161170601684,2110.1927864725535,1443.8161170601684,1295.7324127463048,8801.725175155256,7894.712486232844,9671.716937999205,212.87032495117867,2212.0003331883345,944.0336150008793,1036.585930197044,1138.393476912825,29283.55252806649,11050.746434422057,2924.653160198802,8070.561885105555,4331.448351180505,7357.909058095088,1101.3725508343591,3072.7368645126658,6478.662063731524,7487.482299369718,9930.863420548465,1295.7324127463048,1934.3433875998408,305.4226401473433,3276.351957944228,1129.1382453932085,731.1632900497005,453.5063444612067,1610.4102844132647,462.7615759808232,333.1883347061927,3665.0716817681196,1221.6905605893733,1092.1173193147426,2748.8037613260894,333.1883347061927,1156.903939952058,1073.6068562755097,333.1883347061927,333.1883347061927,832.9708367654817,1610.4102844132647,1739.983525687895,629.3557433339196,333.1883347061927,333.1883347061927,907.0126889224134,1221.6905605893733,1434.5608855405517,805.2051422066323,2193.489870149102,934.7783834812627,129.5732412746305,2387.8497320610477,2684.0171406887744,388.71972382389146,379.464492304275,333.1883347061927,1082.8620877951262,1277.2219497070719
ERR911979,controle,13135.810321372413,3489.337644211233,10344.340206003428,5203.088284659282,7234.854507870886,8171.233723785798,1519.4077843147647,3294.994788077949,1881.5921980177027,291.5142841999258,53.002597127259236,7782.548011519231,5203.088284659282,5150.085687532022,24999.558311690605,16209.96095475345,9575.802547658168,7959.223335276763,3294.994788077949,6536.986979028639,1086.5532411088145,6581.1558099680215,5132.41815515627,671.366230278617,3153.6545290719246,538.859737460469,812.7064892846416,1174.8909029875797,865.7090864119009,335.6831151393085,123.67272663027154,8356.742813731205,750.8701259695058,538.859737460469,3127.1532305082947,671.366230278617,5715.4467235561215,3701.3480327202697,750.8701259695058,265.01298563629615,883.3766187876539,13153.477853748167,1289.7298634299748,79.50389569088885,14770.057066129573,5971.62594300454,5282.592180350171,273.8467518241727,3038.8155686295295,388.6857122665677,477.02337414533315,6466.316849525627,3259.659723326443,821.5402554725182,6695.994770410417,1404.5688238723699,406.3532446423208,88.3376618787654,17111.005105916858,397.5194784544443,203.1766223211604,6457.48308333775,318.0155827635554,5008.745428525998,3135.9869966961714,1713.7506404480484,4293.210367307998,12720.623310542218,8533.418137488736,12941.46746523913,2950.4779067507643,2429.285701666048,750.8701259695058,3021.1480362537764,4178.371406865603,1325.0649281814808,6139.467500574195,4796.735040016961,4505.220755817035,371.0181798908146,3595.3428384657514,4752.566209077578,203.1766223211604,3065.316867193159,371.0181798908146,583.0285683998516,229.67792088479,16757.654458401797,3498.17141039911,318.0155827635554,1157.2233706118266,1280.8960972420982,162938.81733538277,67304.46458543136,47569.83092171516,59309.90618540309,30317.485556792282,9098.779173512836,2888.6415434356286,715.5350612179997,40803.166021801735,4496.386989629159,1121.8883058603205,1272.0623310542217,1863.9246656419498,141.34025900602464,14036.85447253582,10441.51163407007,10724.192152082118,1439.903888623876,1272.0623310542217,1148.38960442395,229.67792088479,1766.7532375753078,29425.275171816753,13347.820709881451,2208.441546969135,3939.8597197929366,4151.870108301973,7552.870090634441,1510.5740181268882,2385.1168707266656,6121.799968198441,4699.563611950319,6501.651914277133,176.6753237575308,2234.9428455327647,1068.8857087330612,1360.399992932987,2261.444144096394,1007.0493454179255,141.34025900602464,1378.06752530874,671.366230278617,353.3506475150616,3029.9818024416527,3851.5220579141715,689.03376265437,2641.2960901750853,574.194802211975,6492.818148089256,2208.441546969135,574.194802211975,574.194802211975,565.3610360240986,821.5402554725182,865.7090864119009,591.8623345877281,574.194802211975,574.194802211975,618.3636331513578,759.7038921573824,1316.2311619936042,1316.2311619936042,2199.6077807812585,1484.0727195632585,0.0,2756.13505061748,2685.464921114468,547.6935036483454,318.0155827635554,574.194802211975,574.194802211975,7270.189572622392
ERR911990,controle,13312.45105716523,4361.350387192204,12007.308796658835,6395.197076481336,9255.633864091187,9875.576437831725,2664.6654485338904,4731.140694335682,1816.3229792047334,293.65700861393896,402.4188636561385,6601.844601061515,2686.41781954233,8418.167580266248,23220.656051509613,17739.058557382752,15650.830940572523,11517.880448968937,2371.0084399199513,8831.462629426607,826.5900983207171,6199.425737405377,5525.10223614374,1881.5800922300532,4165.579048116245,1587.9230836161141,2675.5416340381103,2566.779778995911,2773.42730357609,511.1807186983381,358.91412163925867,7722.091707996172,3099.7128687026884,2642.9130775254503,1620.5516401287741,239.27608109283912,2990.951013660489,3404.246062820848,935.3519533629166,522.0569042025581,2186.113286348212,11572.261376490038,3480.379361350387,554.685460715218,12703.384668928913,4524.493169755503,2447.141738449491,1174.6280344557558,1620.5516401287741,815.713912816497,1250.7613329852954,4372.226572696424,2338.3798834072913,978.8566953797964,2588.5321500043506,3034.455755677369,1370.399373531715,554.685460715218,11822.413643087097,435.0474201687984,369.7903071434786,6406.073261985556,184.8951535717393,4644.131210301923,4122.074306099365,3023.579570173149,3404.246062820848,12137.823022709475,7221.787174802053,8461.67232228313,3284.608022274428,1587.9230836161141,1326.894631514835,3121.4652397111286,6677.977899591056,4219.959975637344,2468.8941094579313,2642.9130775254503,2468.8941094579313,554.685460715218,5873.140172278779,3893.674410510746,369.7903071434786,2262.2465848777515,1838.0753502131734,2381.884625424171,184.8951535717393,13442.96528321587,3132.3414252153484,467.6759766814583,1653.1801966414341,565.5616462194379,163849.7346210737,67127.81693204559,47855.216218567824,59786.39171669712,30594.709823370747,10277.995301487863,4578.874097276604,967.9805098755764,44559.73201078917,3023.579570173149,2012.0943182806925,1446.5326720612547,1598.799269120334,1250.7613329852954,10821.80457669886,9647.176542243105,9864.700252327502,870.0948403375968,2033.8466892891324,728.7044287827373,859.2186548333768,2468.8941094579313,27179.58757504568,10288.871486992082,2273.1227703819713,5633.864091185939,3730.5316279474464,5764.378317236578,1511.7897850865745,2566.779778995911,6482.2065605150965,6123.292438875837,8439.919951274687,739.5806142869573,1522.6659705907944,206.64752458017927,3295.484207778648,1544.4183415992343,761.3329852953972,935.3519533629166,2153.484729835552,337.1617506308188,261.0284521012791,3784.912555468546,1740.1896806751936,1424.7803010528146,2751.6749325676496,217.5237100843992,1381.275559035935,1174.6280344557558,217.5237100843992,217.5237100843992,1087.618550421996,1392.1517445401548,1500.9135995823544,489.4283476898982,217.5237100843992,217.5237100843992,1185.5042199599757,1163.7518489515357,1065.866179413556,848.3424693291569,1141.9994779430958,554.685460715218,337.1617506308188,1881.5800922300532,2729.92256155921,696.0758722700774,641.6949447489777,217.5237100843992,1229.0089619768555,1892.456277734273
ERR911991,controle,15424.694050648248,4143.947655398038,11498.848903429056,6530.958439355386,12722.646310432568,12019.871561856295,2895.9166363746513,3768.326669090028,1490.367139222101,363.50418029807344,399.8545983278808,6470.374409305707,2629.3469041560647,7257.966799951532,22428.207924391132,18853.750151460077,16430.38894947292,11656.367381558222,2508.1788440567066,8808.917969223312,836.0596146855689,7015.630679752818,5719.132436689689,1635.7688113413303,3635.0418029807342,1163.2133769538348,2677.8141281958074,1769.053677450624,2629.3469041560647,666.4243305464679,363.50418029807344,7330.667636011147,2835.332606324973,2302.1931418877984,1163.2133769538348,399.8545983278808,3562.3409669211196,2387.010783957349,799.7091966557616,678.5411365564037,1829.637707500303,11692.717799588028,3550.224160911184,375.6209863080092,14661.335272022294,4119.714043378166,2096.2074397188903,993.578092814734,1405.5494971525504,521.0226584272386,727.0083605961469,4337.81655155701,2011.3897976493395,666.4243305464679,2229.4923058281834,3719.8594450502846,1090.5125408942204,327.15376226826606,10262.934690415606,302.9201502483945,157.51847812916515,5852.417302798983,339.27056827820184,2738.3981582454867,3804.677087119835,3647.15860899067,3671.3922210105416,15121.773900399856,7730.522234339029,7924.391130498001,3441.172906821762,521.0226584272386,1563.0679752817157,3441.172906821762,6603.659275415001,3937.9619532291285,2908.0334423845875,2992.851084454138,2859.5662183448444,399.8545983278808,5343.511450381679,3029.201502483945,145.40167211922935,1272.2646310432572,1526.7175572519084,1817.5209014903671,581.6066884769174,11729.068217617836,2653.5805161759363,230.21931418877986,1296.4982430631285,545.2562704471102,164316.00630073913,69405.06482491216,46346.782988004365,61153.519932145886,30061.795710650673,10759.723736822973,3780.443475099964,702.7747485762752,48079.48624742518,3089.785532533624,1502.4839452320368,1248.0310190233854,1357.0822731128073,436.2050163576881,10032.715376226826,8009.208772567552,9123.954925481643,351.3873742881376,2605.1132921361927,1914.4553495698533,2023.5066036592752,1284.3814370531927,28316.97564521992,10178.117048346057,2071.973827699019,5004.240882103477,4022.779595298679,6118.98703501757,1260.1478250333212,3259.420816672725,6034.169392948019,6228.038289106992,7088.3315158124315,617.9571065067248,1769.053677450624,193.86889615897252,3828.9106991397066,1199.5637949836423,981.4612868047983,472.5554343874955,2168.908275778505,848.1764206955047,436.2050163576881,2968.6174724342663,2350.6603659275415,1284.3814370531927,3101.9023385435603,508.9058524173028,1029.9285108445415,1005.6948988246697,496.789046407367,496.789046407367,969.3444807948625,1563.0679752817157,1647.8856173512663,1029.9285108445415,496.789046407367,508.9058524173028,1090.5125408942204,1599.4183933115232,1563.0679752817157,714.8915545862111,2423.361201987156,945.110868774991,0.0,1599.4183933115232,2096.2074397188903,484.67224039743127,569.4898824669817,496.789046407367,1138.9797649339635,1514.6007512419726
ERR911995,controle,15944.168853103321,5640.475457027225,11652.733665459258,4248.945730340659,10261.20393877269,9464.52661433382,1285.3060834280493,3218.5763907330497,2262.563601406401,467.3840303374725,934.768060674945,8551.003282310578,3643.4709637671153,6830.18026152261,25185.625816594256,22094.517797771427,15211.22571461956,8019.885066017994,1742.0677494396703,7106.361733994752,1338.4179050573077,4514.504838486951,4333.924644947472,1625.221741855302,2995.5067398901647,1094.1035255627198,4142.722087082142,1848.2913926981869,1540.242827248489,839.1667817422803,201.82492219118132,5364.293984555083,1805.8019353947802,1540.242827248489,1062.2364325851647,201.82492219118132,3229.198755058901,3356.667126969121,998.502246630055,839.1667817422803,934.768060674945,10983.524712930604,3664.715692418819,562.9853092701373,11928.9151379314,4960.64414017272,3600.9815064637087,839.1667817422803,2485.6332522492858,711.6984098320604,1901.403214327445,4450.770652531841,2708.7029030921703,1508.375734270934,2793.681817698983,3069.863290171126,1115.3482542144232,562.9853092701373,15020.02315675423,711.6984098320604,148.71310056192308,5321.804527251676,254.93674382043952,3452.2684059017856,4928.777047195165,1773.9348424172251,4163.966815733846,11642.111301133407,10282.448667424394,11758.957308717774,2475.010887923434,1518.9980985967857,1125.9706185402747,3377.911855620824,5024.37832612783,1518.9980985967857,2984.8843755643134,3877.1629789358517,3112.352747474533,509.87348764087903,4068.3655368011814,2634.346352811209,63.73418595510988,1986.3821289342584,775.4325957871703,966.6351536525,201.82492219118132,14913.799513495713,2220.0741441029945,244.3143794945879,754.187867135467,934.768060674945,161385.5812026641,65550.61025483052,47641.30400144464,57254.543716340384,32621.28084469041,7531.256307028818,3664.715692418819,1327.795540731456,41374.10904919217,3197.331662081346,1667.7111991587087,1869.53612134989,1083.481161236868,828.5444174164286,13840.940716584697,8253.577081186731,9963.777737648847,159.33546488777472,2602.479259833654,860.4115103939836,605.474766573544,754.187867135467,38920.34288992044,10856.056341020385,3760.316971351483,6660.222432308983,3335.4223983174174,7573.745764332225,1221.5718974729396,3962.141893542665,4631.350846071318,5884.789836521813,8752.828204501759,945.3904250007967,1912.0255786532966,393.02748005651097,3420.4013129242308,1242.8166261246429,1094.1035255627198,828.5444174164286,1306.5508120797526,892.2786033715385,573.6076735959889,3537.2473205085985,1115.3482542144232,892.2786033715385,2846.7936393282416,562.9853092701373,1688.955927810412,1720.8230207879672,562.9853092701373,562.9853092701373,658.5865882028022,1370.2849980348626,1508.375734270934,1253.4389904504947,562.9853092701373,562.9853092701373,743.5655028096154,1242.8166261246429,1593.3546488777472,913.5233320232418,1550.8651915743405,626.7194952252473,892.2786033715385,2793.681817698983,2868.038367979945,584.2300379218406,924.1456963490934,562.9853092701373,945.3904250007967,1975.7597646084066
ERR912003,controle,13300.828164772525,4176.675151471696,9715.699279389095,6659.376904599721,6040.942171871078,11024.271322554046,2177.9657978704336,5001.254795109884,1586.4195317821675,528.8065105940559,250.9590219768401,6865.521815509267,2706.7723084644895,6838.6333488688915,27372.459039902486,18768.149714982253,15299.537518373785,11015.308500340589,3262.467285698921,10477.539167533074,985.9104434804432,6919.298748790019,6704.191015667013,1801.5272649051733,4185.637973685154,2142.114509016599,2491.664575341483,2025.5978202416377,2142.114509016599,412.2898218190944,412.2898218190944,7618.398881439788,3271.4301079123798,2070.4119313089304,1586.4195317821675,313.6987774710501,4615.853439931166,3253.504463485462,582.5834438748072,788.7283547843545,1649.1592872763777,11651.668877496146,4597.927795504248,564.6577994478902,12924.389631807264,4400.74570680816,1756.7131538378803,1138.2784211092387,941.0963324131503,878.3565769189402,1505.7541318610404,4983.329150682966,2070.4119313089304,448.14111067292873,2276.5568422184774,3710.6083963718497,1236.8694654572832,564.6577994478902,11535.152188721184,466.0667550998458,376.4385329652601,6094.71910515183,143.4051554153372,3961.56741834869,3782.310974079518,3181.801885777794,2868.1031083067437,11320.04445559818,5431.470261355896,7905.209192270461,3128.0249524970422,1882.1926648263006,1720.8618649840462,4060.1584626967337,6005.090883017245,4221.489262538988,2751.586419531782,2841.214641666368,2617.1440863299035,519.8436883805973,5305.990750367476,4239.414906965905,376.4385329652601,2697.8094862510306,1550.5682429283333,1989.7465313878033,367.4757107518015,12449.36005449396,2419.961997633815,259.92184419029866,896.2822213458575,394.3641773921772,165677.76861578174,68610.40404402537,44518.33793424874,60382.53325207042,27578.603950812034,10504.427634173448,4947.477861829133,797.6911769978132,45262.2521779658,3952.6045961352306,1989.7465313878033,2697.8094862510306,1192.0553543899903,546.732155020973,9921.84419029864,7663.212992507081,10065.249345713979,215.10773312300577,2975.6569748682464,743.9142437170616,412.2898218190944,994.8732656939017,28510.737461011722,12386.62029899975,2186.928620083892,7232.997526261069,4338.0059513139495,7466.030903810993,1263.757932097659,2975.6569748682464,5906.4998386692,6139.5332162191235,10047.323701287061,537.7693328075144,1532.642598501416,295.7731330441329,3011.5082637220808,967.984799053526,627.3975549421002,788.7283547843545,2204.854264510809,645.3231993690173,475.0295773133044,3737.4968630122253,1935.969598107052,1218.943821030366,2733.660775104865,457.10393288638727,761.8398881439788,1308.5720431649518,457.10393288638727,457.10393288638727,950.0591546266088,1550.5682429283333,1613.3079984225433,636.3603771555587,457.10393288638727,457.10393288638727,1021.7617323342773,1658.1221094898362,1407.163087512996,636.3603771555587,2097.300397949306,842.505288065106,125.47951098842005,1443.0143763668304,2661.9581973971967,430.21546624601154,448.14111067292873,457.10393288638727,1389.2374430860789,1003.8360879073604
ERR912047,controle,10002.222716159145,3889.753278506335,13252.94509891087,3695.2656145810183,10474.549899977772,9363.191820404534,1000.2222716159147,3056.234718826406,1528.117359413203,444.5432318292954,166.70371193598578,9557.679484329852,3084.0186708157366,7612.802845076684,15892.420537897311,17726.161369193152,12669.482107134918,8335.185596799289,944.6543676372528,9557.679484329852,527.8950877972883,4028.67303845299,2222.716159146477,1028.0062236052456,4806.623694154256,250.05556790397867,1861.5247832851744,3361.8581907090465,3723.049566570349,1611.469215381196,333.40742387197156,8779.728828628584,3723.049566570349,555.6790397866192,1055.7901755945766,111.13580795732385,1944.8766392531675,4417.648366303623,1611.469215381196,416.75927983996445,972.4383196265837,11891.531451433651,3028.450766837075,1528.117359413203,15864.63658590798,6834.852189375417,4945.543454100912,722.382751722605,3750.8335185596798,2472.771727050456,2917.314958879751,4278.728606356968,2000.4445432318294,1416.981551455879,3889.753278506335,2444.9877750611245,2306.06801511447,1528.117359413203,12363.858635252278,472.3271838186264,277.8395198933096,4917.75950211158,138.9197599466548,4806.623694154256,3861.969326517004,1500.333407423872,3028.450766837075,8196.265836852634,10030.006668148477,9418.759724383197,2500.5556790397864,2222.716159146477,1528.117359413203,3361.8581907090465,2667.2593909757725,1250.2778395198932,3611.9137586130255,6501.444765503445,1778.1729273171816,388.9753278506335,3917.5372304956654,1555.901311402534,138.9197599466548,3417.4260946877084,3306.2902867303847,3250.7223827517223,444.5432318292954,14864.414314292066,1861.5247832851744,639.0308957546122,3917.5372304956654,1500.333407423872,159535.4523227384,62013.78084018671,44426.539230940216,51094.68770837964,29589.908868637474,7334.963325183374,3000.666814847744,2222.716159146477,38564.12536119137,5334.518781951545,1305.845743498555,1305.845743498555,1472.549455434541,722.382751722605,14614.358746388087,14947.766170260058,12697.26605912425,166.70371193598578,3889.753278506335,750.166703711936,1917.0926872638363,1917.0926872638363,40842.40942431652,8279.617692820626,1861.5247832851744,4723.271838186263,4278.728606356968,9029.784396532563,1305.845743498555,3167.3705267837295,9641.031340297843,10057.790620137808,8696.376972660591,694.5987997332741,1166.9259835519003,555.6790397866192,5445.654589908869,1750.3889753278506,527.8950877972883,1583.6852633918647,1361.4136474772172,583.4629917759502,111.13580795732385,5028.895310068904,472.3271838186264,1333.6296954878862,2278.284063125139,500.11113580795734,2194.932207157146,2556.1235830184487,500.11113580795734,500.11113580795734,861.3025116692598,777.950655701267,805.734607690598,277.8395198933096,500.11113580795734,500.11113580795734,972.4383196265837,388.9753278506335,444.5432318292954,1139.1420315625694,1028.0062236052456,500.11113580795734,4834.407646143587,4000.8890864636587,2861.747054901089,444.5432318292954,2417.2038230717935,500.11113580795734,305.62347188264056,1528.117359413203
ERR912079,controle,15703.527422460898,4618.684536017911,11382.317483678038,7656.056739365283,8642.419877565719,12008.579793646568,1142.9287156925677,4227.27059228758,2160.6049693914297,344.4442704826917,0.0,7577.7739506192165,3726.2607443127554,6575.754254669568,24580.795666264818,23469.180066070672,13198.478182586778,5683.330462964413,720.20165646381,9018.177263546835,782.827887460663,6544.441139171141,3961.1091105509545,1330.8074086831268,4274.240265535219,1236.8680621878475,3851.5132063064616,2332.8271046327754,1628.2820059181788,485.35329022561103,328.7877127334784,5714.643578462839,2223.2312003882826,782.827887460663,454.0401747271845,798.4844452098762,3350.503358331637,3272.2205695855705,861.1106762067292,735.8582142130231,1534.3426594228993,13699.4880305616,3601.008282319049,281.8180394858386,10599.489596217376,4681.310767014765,1628.2820059181788,1315.1508509339135,986.3631382004353,579.2926367208905,939.3934649527955,5824.239482707332,1440.40331292762,2207.5746426390697,2207.5746426390697,3099.998434344225,626.2623099685303,281.8180394858386,13934.3363967998,814.1410029590894,250.5049239874121,4430.805843027352,78.28278874606629,2254.544315886709,4023.735341547807,2645.9582596170403,5182.320614989589,9253.025629785036,10176.762536988617,9675.752689013792,2505.049239874121,532.3229634732508,1737.8779101626717,2332.8271046327754,4336.866496532072,4039.3918992970202,2395.4533356296283,5323.229634732507,2426.766451128055,203.53525073977235,3475.7558203253434,2191.9180848898563,0.0,1565.655774921326,547.9795212224641,1581.312332670539,908.080349454369,17441.405332623566,2833.8369526076,532.3229634732508,1315.1508509339135,407.0705014795447,164002.44242300888,63330.77609556763,43149.47315683174,54484.82096726214,28714.126912057112,9253.025629785036,4305.553381033646,1221.2115044386342,43556.54365831128,2661.6148173662536,2129.291853893003,1596.9688904197524,1800.5041411595246,93.93934649527955,14560.59870676833,8626.763319816506,9957.570728499633,203.53525073977235,2035.3525073977235,1048.9893691972884,391.4139437303315,1409.0901974291933,41004.52474518952,12869.690469853298,3209.594338588718,5119.694383992735,2661.6148173662536,6654.037043415635,1268.181177686274,4728.280440262404,5667.6739052152,4712.623882513191,6763.632947660128,328.7877127334784,1393.43363967998,391.4139437303315,4556.058305021058,735.8582142130231,1753.534467911885,814.1410029590894,1910.1000454040175,939.3934649527955,344.4442704826917,7796.965759108203,688.8885409653834,1315.1508509339135,3193.9377808395047,814.1410029590894,1268.181177686274,1221.2115044386342,767.1713297114496,767.1713297114496,986.3631382004353,1346.4639664323402,1409.0901974291933,861.1106762067292,767.1713297114496,814.1410029590894,1127.2721579433544,1236.8680621878475,1080.3024846957148,2207.5746426390697,2285.8574313851354,579.2926367208905,219.19180848898563,6027.774733447104,6372.219003929796,876.7672339559425,673.2319832161701,767.1713297114496,610.6057522193171,1283.837735435487
ERR912133,controle,13236.322269490098,4550.356089063741,9005.913092938652,4420.007346929102,7690.575785943666,9302.16023415374,1421.9862778324189,3614.2151228240646,1066.4897083743142,533.2448541871571,604.344168078778,7145.481046107905,2808.422898719027,5984.192252544763,25299.505859768455,18995.366694711396,12584.578558816907,9716.906231854862,2156.6791880458354,10451.59914206828,1528.6352486698504,9906.504402232518,5261.34922797995,1220.5382218061595,4870.303001576035,2097.429759802818,3436.466838095012,1481.2357060754364,2132.9794167486284,1789.3327329391273,343.6466838095012,5474.647169654812,2014.4805602625936,1149.4389079145387,1279.7876500491768,71.09931389162095,4894.002772873242,2393.676901017905,1125.7391366173315,545.0947398357606,734.6929102134164,10498.998684662694,3602.3652371754615,319.9469125122942,11790.636220360473,4882.152887224638,3045.4206116910973,876.8915379966584,2358.127244072095,367.3464551067082,1919.6814750737656,5735.3446539240895,2204.078730640249,829.4919954022444,3080.9702686369073,4206.70940525424,1256.08787875197,319.9469125122942,11044.093424498453,367.3464551067082,106.64897083743142,6031.591795139177,225.14782732346634,3543.115808932444,5510.196826600623,5569.44625484364,3697.164322364289,13105.973527355462,6019.741909490574,9491.758404531396,3519.416037635237,663.5935963217955,1279.7876500491768,3175.7693538257354,5759.044425221297,1765.6329616419202,3353.517638554788,2737.323584827406,2843.9725556648377,236.99771297206982,4076.360663119601,3140.219696879925,71.09931389162095,1718.233419047506,1398.2865065352119,1469.3858204268329,616.1940537273815,12300.181303250423,2962.4714121508728,130.3487421346384,1042.7899370771072,699.1432532676059,157567.92946948062,66252.7106613421,46107.905058716184,57436.395738781124,28842.621668700896,11932.834848143715,3472.0164950408225,628.043939375985,45942.006659635736,2820.2727843676307,2180.3789593430424,2761.023356124613,1350.886963940798,1291.6375356977805,13449.620211164964,11980.23439073813,11648.437592577231,331.79679816089777,2251.478273234663,2571.4251857469576,2014.4805602625936,1469.3858204268329,34258.0194101127,11956.534619440921,2642.5244996385786,7133.631160459302,4562.205974712345,7346.929102134164,734.6929102134164,2749.1734704760097,5225.79957103414,6458.187678488903,9716.906231854862,1303.487421346384,2251.478273234663,355.4965694581047,4384.457689983292,1599.7345625614714,782.0924528078303,604.344168078778,592.4942824301746,1066.4897083743142,331.79679816089777,3400.917181149202,1066.4897083743142,462.14554029553614,3104.6700399341144,853.1917666994514,2192.228844991646,1516.785363021247,865.0416523480548,865.0416523480548,308.09702686369076,1587.8846769128677,1658.9839908044887,1030.9400514285037,865.0416523480548,865.0416523480548,319.9469125122942,1362.7368495894016,1718.233419047506,805.7922241050375,1350.886963940798,1184.9885648603492,165.89839908044888,1777.4828472905238,2737.323584827406,853.1917666994514,1220.5382218061595,865.0416523480548,1019.0901657799003,2310.727701477681
ERR912200,controle,17612.254742707504,4302.155015407031,9628.16385599102,6044.675467871663,6773.186843478346,8279.433336286758,1141.9908050050701,2411.96333815726,2539.94506630438,630.0638924165903,0.0,6093.89920946671,3681.93587130945,5729.643521663368,26383.925494944724,20132.510312373866,12552.054106736761,7609.99045059413,2618.7030528564537,9372.200399696781,1210.9040432381346,7619.83519891314,5079.89013260876,807.2693621587564,3652.401626352422,315.03194620829515,2215.0683717770753,2362.7395965622136,1545.6254860844483,433.1689260364059,167.3607214231568,5306.319343945972,856.4931037538026,551.3059058645166,1535.780737765439,718.6666272876734,4508.894730106225,4292.310267088022,1250.2830365141715,777.7351172017288,738.3561239256919,12778.483318073973,2461.187079752306,177.20546974216603,12837.551807988028,3967.433572560718,3042.0272305738504,265.8082046132491,2372.584344881223,226.42921133721217,206.7397146991937,4243.086525492976,3238.9221969540345,1388.1095129803007,3553.9541431623297,2165.8446301820295,580.8401508215443,177.20546974216603,15623.61558226764,1073.0775667720054,433.1689260364059,6989.771306496549,118.1369798281107,3996.967817517745,3317.6801835061087,2402.1185898382505,2963.2692440217766,11341.150063498626,8673.223269047126,11223.013083670516,2549.7898146233892,767.8903688827195,1457.0227512133652,3288.145938549081,5759.177766620396,1437.3332545753467,3229.0774486350256,3317.6801835061087,2431.6528347952785,443.0136743554151,4469.515736830188,3967.433572560718,49.22374159504612,3534.2646465243115,374.1004361223505,836.8036071157841,1004.1643285389409,18340.766118314186,4823.92667631452,118.1369798281107,1329.0410230662453,994.3195802199316,159071.44333855106,67781.09217637852,48140.81927995511,60072.65424259429,32093.879519970073,11134.410348799433,2569.4793112614075,1614.5387243175128,43238.134617088515,2776.2190259606014,2471.0318280713154,1161.6803016430886,1457.0227512133652,226.42921133721217,13487.305197042637,11163.944593756461,11016.273368971322,984.4748319009225,1043.5433218149778,1555.4702344034577,1831.1231873357158,1407.7990096183191,36120.38158244484,12670.191086564872,2697.4610394085275,5247.250854031917,3770.538606180533,7304.803252704844,1427.4885062563376,2155.99988186302,5345.698337222009,5365.387833860027,6261.259930889867,255.96345629423988,2805.753270917629,305.187197889286,3278.301190230072,1535.780737765439,1791.7441940596789,482.392667631452,1043.5433218149778,443.0136743554151,236.2739596562214,3337.369680144127,836.8036071157841,492.23741595046124,3042.0272305738504,315.03194620829515,3849.2965927326068,2165.8446301820295,324.87669452730444,324.87669452730444,334.7214428463136,974.6300835819131,1014.00907685795,639.9086407355995,324.87669452730444,315.03194620829515,423.32417771739665,689.1323823306458,2087.0866436299557,1417.6437579373282,748.200872244701,1919.7259222067987,344.5661911653229,2982.9587406597952,2795.90852259862,295.3424495702767,679.2876340116364,324.87669452730444,472.5479193124428,3839.4518444135974
SRR24907834,controle,13194.558269136207,5040.1573512538935,11282.303447522265,5012.839425230836,9424.684477954434,10995.465224280171,1051.7401518876686,2089.821340763809,1188.3297820029504,314.15614926514775,437.0868163689013,6515.3253564989345,3892.804458285527,6050.920614106976,23233.896082609408,18630.825547724417,10285.199147680709,9492.979293012075,1543.4628203026825,8673.441512320385,669.2891875648801,6952.4121728678365,4261.596459596787,1529.8038572911544,4043.0530514123366,560.0174834726547,2854.7232694093864,2226.410970879091,2130.7982297983935,1120.0349669453094,40.97688903458449,6815.822542752554,2021.5265257061683,860.5146697262744,1570.780746325739,300.4971862536196,3660.602087089548,3305.469048789816,737.5840026225209,355.1330382997323,2390.318527017429,12293.06671037535,1912.254821613943,437.0868163689013,11268.644484510736,7594.3834344096595,5217.723870403759,1024.4222258646123,3660.602087089548,600.9943725072392,396.10992733431675,4125.0068294815055,2485.931268098126,1994.2085996831122,2403.9774900289567,2554.226083155767,1106.3760039337812,437.0868163689013,10134.950554553898,519.0405944380703,0.0,4726.0012019887445,54.63585204611266,2021.5265257061683,3933.7813473201118,3633.284161066492,3660.602087089548,12948.6969349287,6556.3022455335185,8769.054253401082,3155.2204556630063,1365.8963011528165,2977.65393651314,2950.3360104900835,5627.492760749604,1680.0524504179643,3387.4228268589845,4329.891274654428,4329.891274654428,286.8382232420915,3578.648309020379,2813.746380374802,13.658963011528165,2690.8157132710485,1406.873190187401,1953.2317106485275,1242.965634049063,15612.194722176693,2841.064306397858,286.8382232420915,1174.6708189914223,737.5840026225209,153608.69802764573,68158.22542752554,44104.79156422444,58173.52346609846,28779.435065289843,12552.587007594384,2007.8675626946404,573.676446484183,44842.37556684696,3086.925640605365,1352.2373381412883,1365.8963011528165,1188.3297820029504,710.2660765994646,16213.18909468393,9916.407146369449,10476.424629842102,218.54340818445064,1488.82696825657,1201.9887450144784,2253.728896902147,1147.352892968366,39911.48991968529,11309.62137354532,1639.0755613833796,6610.938097579632,2458.61334207507,8263.67262197454,1557.121783314211,3879.145495273999,6460.689504452822,6515.3253564989345,11815.003004971863,805.8788176801618,1816.642080533246,573.676446484183,3715.237939135661,1925.9137846254712,1939.5727476369996,1024.4222258646123,2226.410970879091,1065.3991148991968,587.3354094957111,2800.0874173632737,2444.9543790635416,491.72266841501397,2704.4746762825766,956.1274108069715,4111.347866469978,3947.44031033164,942.4684477954434,942.4684477954434,300.4971862536196,928.8094847839152,942.4684477954434,341.4740752882041,942.4684477954434,942.4684477954434,505.38163142654207,573.676446484183,710.2660765994646,737.5840026225209,723.9250396109927,1529.8038572911544,1543.4628203026825,4985.52149920778,1584.439709337267,901.4915587608589,1434.1911162104573,942.4684477954434,1051.7401518876686,1843.9600065563022
SRR24907871,controle,14090.036031236417,5692.094157892523,12323.524051200808,4836.878040573695,9715.81589019586,12772.162014384456,1051.495226211673,3364.7847238773534,2888.106887994729,504.717708581603,448.6379631836472,7724.984928568424,2761.927460849328,6000.532757581281,26329.440464340292,20791.565606292148,10851.430734504465,8019.403591907692,1542.192998443787,8454.02161874185,897.2759263672943,6252.891611872083,2916.1467606937063,841.1961809693383,3897.5423051579346,588.8373266785369,2677.8078427523938,1920.7312798799894,2187.11007052028,546.77751763007,168.23923619386767,6308.971357270038,1780.5319163850997,939.3357354157612,1976.8110252779452,546.77751763007,5229.4362583593875,3631.1635145176438,616.8771993775149,252.3588542908015,2074.9505797243683,11243.988952290156,2649.767970053416,448.6379631836472,10711.231371009575,6505.250466162884,4430.299886438516,1163.6547170075848,2972.226506091662,630.8971357270038,953.3556717652502,4682.658740729317,3266.6451694309308,1542.192998443787,2299.2695613161914,3406.8445329258207,1710.4322346376548,448.6379631836472,10458.872516718775,771.0964992218935,56.0797453979559,4878.9378496221625,364.5183450867133,3757.3429416630447,4556.479313583916,3014.2863151401293,4318.140395642604,12239.404433103875,6827.709002201131,9477.476972254546,3112.425869586552,1878.6714708315224,2579.6682883059707,3673.223323566111,5678.074221543034,2173.090134170791,4107.841350400269,4051.761605002313,3589.1037054691774,42.05980904846692,3953.6220505558904,2677.8078427523938,0.0,3406.8445329258207,1135.6148443086067,1738.4721073366327,953.3556717652502,13823.657240596127,2775.947397198817,238.33891794131256,1962.7910889284565,855.2161173188274,158803.8190306616,68094.83084946795,44751.6368275688,58519.21432276697,28095.9524443759,10262.593407825929,3336.7448511783755,574.8173903290478,40966.25401320678,2719.8676518008606,1864.6515344820334,1444.0534439973644,939.3357354157612,658.9370084259817,10949.570288950888,9477.476972254546,10374.75289862184,182.25917254335664,1037.4752898621841,1149.6347806580957,1738.4721073366327,1163.6547170075848,34979.74119197499,11608.507297376871,1850.6315981325445,7332.426710782734,3729.303068964067,7753.024801267402,2201.130006869769,3589.1037054691774,6995.948238394997,7823.124483014848,9799.935508292792,799.1363719208715,1710.4322346376548,224.3189815918236,4290.100522943626,1780.5319163850997,1219.7344624055406,911.2958627167832,2383.3891794131255,700.9968174744487,630.8971357270038,3140.4657422855303,2397.4091157626144,1261.7942714540077,2579.6682883059707,546.77751763007,2565.648351956482,2916.1467606937063,546.77751763007,546.77751763007,1107.574971609629,1359.9338259004303,1401.9936349488974,532.757581280581,546.77751763007,546.77751763007,1416.0135712983863,602.8572630280258,1037.4752898621841,560.7974539795589,995.4154808137171,1500.1331893953202,1289.8341441529853,4780.79829517574,1724.4521709871437,532.757581280581,1093.55503526014,546.77751763007,616.8771993775149,1275.8142078034966
SRR24907892,controle,13312.053393304073,3881.1708803366096,10627.879139613335,5078.16750698248,12223.874641807828,13275.780768254199,1051.906126446371,2684.1742536907395,2575.356378541115,797.9977510972469,725.4525009974972,5114.440132032355,1196.9966266458703,4135.079255685734,25245.747034712902,18970.582901084552,10990.605390112081,9503.427763067213,834.2703761471217,7363.342885124596,471.54412564837315,7943.704885922595,4352.715005984984,1668.5407522942435,5186.985382132106,398.99887554862346,2647.901628640865,1450.9050019949943,1704.8133773441184,906.8156262468715,145.09050019949944,6855.526134426348,1196.9966266458703,580.3620007979978,1196.9966266458703,580.3620007979978,4135.079255685734,2031.2670027929921,1124.4513765461206,689.1798759476223,1487.1776270448693,12586.600892306576,3191.9910043889877,689.1798759476223,12296.419891907577,6710.435634226848,4642.896006383982,870.5430011969966,2430.2658783416155,1450.9050019949943,398.99887554862346,5658.5295077804785,2502.8111284413653,1523.4502520947442,2865.5373789401137,3300.808879538612,1632.2681272443688,689.1798759476223,7726.069135623346,362.7262504987486,36.27262504987486,5876.165258079727,72.54525009974972,3155.7183793391127,4388.987631034857,3844.898255286735,4388.987631034857,12514.055642206828,4896.804381733106,6637.890384127099,3337.081504588487,2176.357502992492,2212.6301280423663,4135.079255685734,8052.522761072219,2140.0848779426165,3808.62563023686,4534.078131234357,5186.985382132106,108.81787514962457,3953.71613043636,2067.539627842867,108.81787514962457,1559.7228771446191,870.5430011969966,1269.54187674562,979.3608763466212,14871.776270448692,3554.717254887736,253.90837534912401,1088.178751496246,616.6346258478726,161848.45297254162,75084.33385324095,39573.43392941348,63041.82233668251,24665.385033914903,10954.332765062207,2539.08375349124,1196.9966266458703,43527.15005984983,4534.078131234357,2466.5385033914904,1342.0871268453698,1958.7217526932425,943.0882512967463,12622.873517356451,8850.520512169465,14835.503645398818,326.4536254488737,1994.9943777431172,1378.3597518952447,1668.5407522942435,1414.6323769451196,37179.44067612173,9358.337262867713,1305.8145017954948,5295.80325728173,5041.894881932606,8342.703761471217,1051.906126446371,2901.8100039899887,5731.0747578802275,6456.527258877725,7327.070260074722,1233.2692516957452,761.7251260473721,253.90837534912401,4715.441256483732,1777.358627443868,797.9977510972469,1595.9955021944938,1523.4502520947442,652.9072508977474,0.0,4316.442380935108,1849.903877543618,1595.9955021944938,2212.6301280423663,616.6346258478726,2466.5385033914904,2502.8111284413653,616.6346258478726,616.6346258478726,761.7251260473721,398.99887554862346,398.99887554862346,471.54412564837315,616.6346258478726,616.6346258478726,797.9977510972469,544.089375748123,761.7251260473721,1450.9050019949943,1668.5407522942435,1704.8133773441184,1015.6335013964961,4497.8055061844825,2502.8111284413653,652.9072508977474,1305.8145017954948,616.6346258478726,725.4525009974972,1051.906126446371
SRR24907906,controle,13062.97523883798,6434.002729576916,11990.64145057516,4289.335153051277,10187.170988496784,10918.307662312342,1121.0762331838564,3460.713589393644,1998.440241762527,243.71222460518618,536.1668941314097,8042.5034119711445,2485.864690972899,5507.896276077208,26613.374926886332,22226.554883992983,11941.899005654124,7603.821407681809,2242.152466367713,8139.98830181322,828.621563657633,7165.139403392474,3899.395593682979,779.8791187365957,4630.532267498538,584.909339052447,2778.319360499123,1852.212906999415,1852.212906999415,389.93955936829786,0.0,6141.548060050692,1608.500682394229,1900.9553519204524,2144.6675765256387,779.8791187365957,4728.017157340612,2827.06180542016,1072.3337882628193,536.1668941314097,1413.53090271008,10333.398323259895,3070.774030025346,389.93955936829786,13014.232793916943,7896.276077208032,5312.926496393059,877.3640085786702,4191.850263209202,731.1366738155585,536.1668941314097,3363.2286995515697,1998.440241762527,1511.0157925521544,1998.440241762527,3460.713589393644,974.8488984207447,389.93955936829786,9456.034314681225,828.621563657633,0.0,5069.214271787873,389.93955936829786,3460.713589393644,5166.699161629947,3022.0315851043088,4289.335153051277,10528.368102944043,6287.775394813804,9797.231429128484,3314.486254630532,1023.591343341782,1559.7582374731915,3411.9711444726067,7798.791187365958,2290.89491128875,3363.2286995515697,4630.532267498538,3217.001364788458,243.71222460518618,4045.6229284460906,3217.001364788458,0.0,1803.470462078378,1218.561123025931,1608.500682394229,682.3942288945213,17498.53772665237,3168.258919867421,292.4546695262235,2095.925131604601,1998.440241762527,153441.21661142525,66240.98264768961,44891.7917722753,60196.919477480995,28173.133164359526,10967.05010723338,3265.743809709495,292.4546695262235,39042.69838175082,2729.5769155780854,1705.9855722363034,1511.0157925521544,1949.6977968414894,926.1064534997075,12673.035679469684,8334.958081497367,10918.307662312342,389.93955936829786,1218.561123025931,1413.53090271008,1072.3337882628193,828.621563657633,34850.848118541624,10625.852992786118,2144.6675765256387,8286.215636576331,3363.2286995515697,10040.943653733671,2193.4100214466757,4094.365373367128,6190.290504971729,7457.594072918698,9017.352310391889,974.8488984207447,1511.0157925521544,97.48488984207447,4240.59270813024,2047.182686683564,779.8791187365957,584.909339052447,2242.152466367713,633.6517839734842,389.93955936829786,3948.138038604016,1998.440241762527,1852.212906999415,3070.774030025346,584.909339052447,1705.9855722363034,1998.440241762527,584.909339052447,584.909339052447,1754.7280171573404,1121.0762331838564,1559.7582374731915,536.1668941314097,584.909339052447,584.909339052447,1852.212906999415,584.909339052447,926.1064534997075,1169.818678104894,1413.53090271008,1657.243127315266,779.8791187365957,3899.395593682979,2729.5769155780854,682.3942288945213,1511.0157925521544,584.909339052447,926.1064534997075,1072.3337882628193
SRR24907908,controle,15002.344116268168,4063.134864822629,12619.159243631817,6719.7999687451165,11447.101109548366,13674.011564306922,1758.0872011251756,2461.322081575246,1289.2639474917958,390.68604469448354,664.1662759806219,4571.026722925457,1992.4988279418658,6094.702297233943,22698.859196749494,17463.666197843413,11408.032505078918,9454.602281606501,1250.1953430223473,9493.67088607595,742.3034849195186,8516.955774339742,4961.712767619941,2617.5964994530395,6094.702297233943,781.3720893889671,3438.037193311455,2695.7337083919365,3047.3511486169714,1406.4697609001407,156.2744178777934,6133.770901703391,2383.1848726363496,859.5092983278638,1172.0581340834506,507.8918581028286,5039.849976558837,3711.517424597593,312.5488357555868,234.41162681669013,2187.8418502891077,12345.679012345678,4688.232536333802,859.5092983278638,14181.903422409752,7149.554617909049,5586.810439131114,664.1662759806219,3789.65463353649,2031.5674324113145,625.0976715111736,4610.095327394905,2461.322081575246,1250.1953430223473,1367.4011564306923,4102.203469292077,1250.1953430223473,859.5092983278638,10509.454602281607,468.82325363338026,0.0,4688.232536333802,273.48023128613846,2344.116268166901,4258.477887169871,4727.301140803251,4180.340678230973,13556.805750898578,5274.261603375528,6446.319737458978,3047.3511486169714,1875.293014533521,2109.7046413502107,1992.4988279418658,6094.702297233943,3242.6941709642133,3906.860446944835,3867.791842475387,3477.1057977809032,0.0,4102.203469292077,2344.116268166901,156.2744178777934,3672.448820128145,1797.155805594624,2578.5278949835915,1015.7837162056572,16408.813877168308,3516.1744022503512,507.8918581028286,664.1662759806219,1367.4011564306923,160689.17018284107,69971.87060478199,43131.739334270984,59188.93577121425,25121.11267385529,12384.747616815126,2383.1848726363496,1289.2639474917958,44030.317237068295,1992.4988279418658,1953.4302234724175,1132.9895296140023,1367.4011564306923,859.5092983278638,10548.523206751055,9259.25925925926,5625.879043600563,117.20581340834507,1601.8127832473824,1093.9209251445538,937.6465072667605,2070.6360368807627,39107.673073917795,9024.84763244257,1445.538365369589,5821.222065947804,3125.4883575558683,5117.987185497735,781.3720893889671,4258.477887169871,6641.6627598062205,5430.5360212533205,8946.710423503673,1054.8523206751054,1328.3325519612438,78.1372089388967,4297.546491639318,1601.8127832473824,1054.8523206751054,2422.2534771057976,1328.3325519612438,820.4406938584153,195.34302234724177,3672.448820128145,2187.8418502891077,586.0290670417253,2265.9790592280046,781.3720893889671,2187.8418502891077,2226.9104547585557,781.3720893889671,781.3720893889671,234.41162681669013,781.3720893889671,781.3720893889671,429.7546491639319,781.3720893889671,781.3720893889671,312.5488357555868,468.82325363338026,546.9604625722769,273.48023128613846,2265.9790592280046,820.4406938584153,781.3720893889671,3008.2825441475234,1523.6755743084857,781.3720893889671,1758.0872011251756,781.3720893889671,1758.0872011251756,1211.1267385528988
SRR24907938,controle,14326.835012429676,5887.740416066989,10990.44877665838,5037.289022635091,9158.707313881983,10009.158707313882,850.4513934318985,4121.418291246893,1308.3867591259977,719.6127175192987,130.83867591259977,8569.933272275284,5691.482402198089,5102.708360591391,23616.381002224258,17336.12455841947,11252.12612848358,8569.933272275284,785.0320554755986,7981.159230668586,850.4513934318985,4841.031008766191,3074.7088839460944,1308.3867591259977,4775.611670809891,1570.064110951197,2158.838152557896,2224.257490514196,2420.5155043830955,719.6127175192987,196.25801386889964,5233.547036503991,1831.7414627763967,1504.6447729948973,850.4513934318985,130.83867591259977,2551.3541802956956,2813.031532120895,588.7740416066989,588.7740416066989,1700.902786863797,10597.93274892058,3140.128221902394,327.09668978149944,13541.802956954076,6018.579091979589,4710.192332853591,457.9353656940992,3663.4829255527934,523.3547036503991,719.6127175192987,3598.0635875964936,2355.0961664267957,1308.3867591259977,3728.9022635090932,2813.031532120895,1373.8060970822976,327.09668978149944,17336.12455841947,981.2900693444982,0.0,6280.256443804788,785.0320554755986,3401.805573727594,4710.192332853591,2355.0961664267957,6083.998429935889,13214.706267172576,10205.416721182783,10074.578045270182,2551.3541802956956,1766.3221248200969,2027.9994766452965,2682.1928562082953,4055.998953290593,1504.6447729948973,4513.934318984691,2355.0961664267957,2158.838152557896,457.9353656940992,3401.805573727594,1831.7414627763967,0.0,2485.934842339396,1177.5480832133978,1570.064110951197,457.9353656940992,19822.059400758862,1046.7094073007981,457.9353656940992,1897.1608007326968,2289.676828470496,149483.18723014524,65157.66060447469,43961.79510663352,58550.307470888394,32251.733612455842,8504.513934318986,4055.998953290593,981.2900693444982,37550.69998691613,4055.998953290593,1046.7094073007981,1504.6447729948973,3598.0635875964936,392.5160277377993,10794.190762789482,15177.286405861574,10990.44877665838,719.6127175192987,2682.1928562082953,1504.6447729948973,3467.224911683894,1635.483448907497,45858.95590736622,11775.480832133979,1439.2254350385974,5168.127698547691,2878.450870077195,6869.0304854114875,785.0320554755986,2682.1928562082953,6083.998429935889,5756.90174015439,7326.965851105587,457.9353656940992,1570.064110951197,196.25801386889964,3663.4829255527934,1831.7414627763967,523.3547036503991,981.2900693444982,1700.902786863797,327.09668978149944,457.9353656940992,3009.2895459897945,1962.5801386889964,850.4513934318985,3598.0635875964936,327.09668978149944,4121.418291246893,3859.7409394216934,327.09668978149944,327.09668978149944,719.6127175192987,1439.2254350385974,1439.2254350385974,1177.5480832133978,327.09668978149944,327.09668978149944,850.4513934318985,1570.064110951197,2224.257490514196,719.6127175192987,1439.2254350385974,1046.7094073007981,2289.676828470496,5887.740416066989,2158.838152557896,327.09668978149944,719.6127175192987,327.09668978149944,915.8707313881984,785.0320554755986
SRR24907942,controle,15960.179833012202,5427.103403982017,10340.398201669877,3307.6429030186255,10822.093770070649,10629.41554271034,610.1477199743096,2151.573538856776,1926.7822736030828,449.58253050738597,321.1303789338471,6904.303147077713,3082.8516377649325,5427.103403982017,24919.717405266536,17501.60565189467,12202.95439948619,7418.111753371869,1701.9910083493899,8734.746307000642,1091.8432883750802,5491.329479768786,4720.616570327553,1798.3301220295439,3371.868978805395,353.24341682723184,2633.2691072575467,1316.6345536287733,1926.7822736030828,802.8259473346178,96.33911368015414,4495.825305073859,1284.5215157353884,802.8259473346178,2793.8342967244703,224.79126525369298,3660.8863198458575,2665.382145150931,738.5998715478485,738.5998715478485,1798.3301220295439,13455.362877328194,2408.4778420038533,96.33911368015414,12202.95439948619,6518.946692357097,4078.3558124598585,802.8259473346178,3082.8516377649325,642.2607578676942,385.35645472061657,5009.633911368015,1991.0083493898524,2119.460500963391,4046.2427745664736,2536.9299935773925,706.4868336544637,96.33911368015414,14515.09312780989,481.6955684007707,64.22607578676943,5330.764290301862,545.9216441875401,4945.407835581246,5202.312138728324,2023.1213872832368,4014.1297366730896,12235.067437379575,7321.772639691715,9987.154784842645,3018.625561978163,1445.086705202312,2408.4778420038533,3853.5645472061656,6679.511881824021,1156.0693641618498,2472.703917790623,4110.468850353243,3211.3037893384712,642.2607578676942,4046.2427745664736,2472.703917790623,128.45215157353886,2119.460500963391,802.8259473346178,1220.295439948619,545.9216441875401,17148.362235067438,3339.7559409120104,224.79126525369298,1669.8779704560052,674.373795761079,152633.26910725754,70295.43994861914,47944.765574823374,57899.80732177264,29865.125240847785,8477.842003853564,1991.0083493898524,545.9216441875401,42003.85356454721,2922.286448298009,2087.3474630700066,834.9389852280026,1477.199743095697,1091.8432883750802,13198.458574181117,9826.589595375723,12684.649967886962,160.56518946692356,2697.495183044316,1091.8432883750802,674.373795761079,1669.8779704560052,40109.1843288375,12524.084778420038,1573.538856775851,6262.042389210019,4431.599229287091,9152.215799614643,1316.6345536287733,3243.416827231856,4881.181759794476,6133.59023763648,8028.259473346179,1156.0693641618498,2697.495183044316,449.58253050738597,4881.181759794476,995.5041746949262,931.2780989081567,802.8259473346178,1059.7302504816955,610.1477199743096,1027.6172125883108,3821.451509312781,2055.2344251766217,802.8259473346178,3275.5298651252406,545.9216441875401,1637.7649325626203,1605.6518946692356,545.9216441875401,545.9216441875401,610.1477199743096,1605.6518946692356,1701.9910083493899,834.9389852280026,545.9216441875401,545.9216441875401,674.373795761079,1316.6345536287733,1252.4084778420038,2312.1387283236995,1156.0693641618498,1509.3127809890816,353.24341682723184,3692.999357739242,3339.7559409120104,610.1477199743096,1862.5561978163134,545.9216441875401,1991.0083493898524,1477.199743095697
SRR24907950,controle,16358.038873317097,2205.5782750539906,21297.615218490097,8753.388779120525,19528.557643707212,20585.397233837248,2871.846712309884,1677.1584799889722,689.2432109543721,551.3945687634977,229.7477369847907,6180.21412489087,2688.048522722051,4043.560170932316,16220.190231126224,16955.38298947755,10958.967054174516,13692.965124293527,459.4954739695814,3905.7115287414417,735.1927583513302,13807.83899278592,6731.608693654368,2802.9223912144466,4594.954739695814,344.62160547718605,8270.918531452466,1837.9818958783255,2113.6791802600746,2067.7296328631164,252.72251068326975,7237.0537150209075,4227.358360520149,1033.8648164315582,7397.87713091026,114.87386849239535,1424.4359693057022,1125.7639112254744,160.8234158893535,298.6720580802279,1378.4864219087442,7305.978036116345,7374.902357211782,68.92432109543721,12498.276891972615,19482.60809631025,18104.121674401507,459.4954739695814,8500.666268437255,91.89909479391628,1263.6125534163489,1562.2846114965769,2251.527822450949,1148.7386849239535,5238.2484032532275,7260.028488719386,941.9657216376419,68.92432109543721,8477.691494738776,160.8234158893535,0.0,3492.1656021688186,137.84864219087441,7076.230299131554,2274.502596149428,3147.5439966916324,1700.133253687451,18081.14690070303,3193.4935440885906,8684.464458025088,1424.4359693057022,390.5711528741442,2090.704406561595,2113.6791802600746,5077.424987363875,1355.511648210265,6616.7348251619715,1723.1080273859302,1631.208932592014,321.646831778707,3561.089923264256,1378.4864219087442,206.7729632863116,1125.7639112254744,1194.6882323209115,1631.208932592014,482.47024766806044,6065.340256398475,3354.3169599779444,91.89909479391628,781.1423057482884,918.9909479391628,153494.4630795387,69636.53908009006,42066.81064191517,72692.18398198778,29959.104902816707,6639.7095988604515,1746.0828010844093,1378.4864219087442,47856.4536139319,6409.96186187566,620.3188898589349,6180.21412489087,643.293663557414,1883.9314432752838,7260.028488719386,6249.1384459863075,7650.599641593531,0.0,620.3188898589349,68.92432109543721,0.0,964.9404953361209,40458.57648302164,12383.40302348022,712.2179846528511,2251.527822450949,4709.828608188209,4617.929513394293,781.1423057482884,1769.0575747828884,3767.8628865505675,3515.1403758672977,3377.291733676423,2113.6791802600746,1700.133253687451,229.7477369847907,3721.9133391536093,827.0918531452464,229.7477369847907,114.87386849239535,781.1423057482884,183.79818958783255,689.2432109543721,2067.7296328631164,735.1927583513302,528.4197950650187,1447.4107430041815,160.8234158893535,275.69728438174883,459.4954739695814,160.8234158893535,160.8234158893535,413.5459265726232,1171.7134586224327,1194.6882323209115,229.7477369847907,160.8234158893535,160.8234158893535,413.5459265726232,229.7477369847907,666.268437255893,160.8234158893535,1309.5621008133069,252.72251068326975,22.97477369847907,574.3693424619768,1309.5621008133069,137.84864219087441,0.0,160.8234158893535,735.1927583513302,344.62160547718605
SRR24907956,controle,12333.858977247128,5293.985131786439,7997.296688443344,4787.114214913269,8898.400540662311,11207.479161973417,1126.3798152737104,3435.4584365848164,788.4658706915972,450.5519261094841,225.27596305474205,6701.959900878576,1914.8456859653074,5406.623113313809,23597.65712998423,18022.077044379366,13178.64383870241,11320.11714350079,2590.6735751295337,9574.228429826539,394.2329353457986,8053.61567920703,4956.071187204325,1576.9317413831943,5181.347150259067,1295.3367875647668,3773.3723811669292,2590.6735751295337,2928.587519711647,1633.25073214688,168.95697229105653,7828.339716152287,2196.440639783735,3097.544492002703,1858.526695201622,619.5088984005406,4336.562288803784,4111.286325749043,225.27596305474205,675.8278891642261,1633.25073214688,10982.203198918676,3266.50146429376,0.0,12615.453931065555,6927.235863933319,4787.114214913269,1464.2937598558235,3210.1824735300743,281.5949538184276,563.1899076368552,5744.537057895923,2534.354584365848,1689.5697229105656,1464.2937598558235,2534.354584365848,901.1038522189682,0.0,9348.952466771796,675.8278891642261,0.0,6533.00292858752,112.63798152737102,3266.50146429376,3998.648344221672,4618.157242622213,3886.0103626943005,12446.496958774498,4505.519261094842,8222.572651498085,2421.7166028384772,1802.2077044379364,2421.7166028384772,3548.096418112187,8278.89164226177,3491.777427348502,2872.2685289479614,5350.304122550124,2759.63054742059,112.63798152737102,4674.476233385898,3717.053390403244,225.27596305474205,3773.3723811669292,1689.5697229105656,2196.440639783735,1070.0608245100248,12840.729894120297,2083.802658256364,1013.7418337463392,619.5088984005406,1464.2937598558235,162029.73642712322,72257.26514980852,47589.54719531426,60486.596080198244,26920.477585041677,12559.134940301868,3322.8204550574455,2027.4836674926785,46575.80536156792,3379.139445821131,2252.759630547421,1689.5697229105656,1745.888713674251,1295.3367875647668,10306.375309754449,8166.253660734399,9179.99549448074,506.8709168731696,1070.0608245100248,1520.612750619509,563.1899076368552,2083.802658256364,36269.43005181347,10250.056318990763,1576.9317413831943,5237.6661410227525,3153.8634827663886,7096.192836224374,844.7848614552828,3773.3723811669292,7772.020725388601,5688.218067132238,8109.934669970714,1689.5697229105656,1464.2937598558235,450.5519261094841,5575.580085604866,1464.2937598558235,450.5519261094841,281.5949538184276,1464.2937598558235,337.91394458211306,450.5519261094841,3379.139445821131,2590.6735751295337,394.2329353457986,1802.2077044379364,281.5949538184276,1126.3798152737104,1126.3798152737104,281.5949538184276,281.5949538184276,337.91394458211306,1295.3367875647668,1407.9747690921379,506.8709168731696,281.5949538184276,281.5949538184276,506.8709168731696,394.2329353457986,563.1899076368552,337.91394458211306,1351.6557783284522,281.5949538184276,563.1899076368552,2365.3976120747916,1745.888713674251,225.27596305474205,901.1038522189682,281.5949538184276,337.91394458211306,844.7848614552828
SRR24907957,controle,12525.545520469379,4219.131122684422,11536.686663590217,4944.294284395807,10020.436416375502,10811.523501878832,857.0110092952733,3032.5004944294283,1384.402399630826,263.69569516777636,1120.7067044630496,6856.0880743621865,4021.3593513085902,5339.837827147472,27688.04799261652,21754.894851341553,13316.632605972707,12327.773749093547,1845.8698661744347,7383.479464697739,1516.2502472147141,6790.164150570242,4548.750741644143,1911.7937899663787,5867.2292174830245,791.0870855033291,3032.5004944294283,1911.7937899663787,2307.3373327180434,1252.5545520469377,131.84784758388818,7976.794778825236,1845.8698661744347,2241.4134089260992,1450.3263234227702,527.3913903355527,3955.4354275166456,3098.424418221373,461.4674665436087,197.7717713758323,1384.402399630826,8767.881864328565,3757.6636561408136,131.84784758388818,11404.83881600633,6724.240226778298,4219.131122684422,857.0110092952733,2373.2612565099876,725.1631617113851,527.3913903355527,4482.8268178521985,3362.120113389149,2768.804799261652,1845.8698661744347,4878.370360603863,1779.9459423824906,131.84784758388818,6856.0880743621865,197.7717713758323,0.0,5999.077065066913,65.92392379194409,3691.7397323488694,3691.7397323488694,3296.1961895972045,4482.8268178521985,13448.480453556596,6394.620607818578,6130.9249126508,2900.6526468455404,725.1631617113851,2505.1091040938754,4021.3593513085902,6987.935921946074,3428.0440371810932,3889.511503724702,4482.8268178521985,4614.674665436087,593.3153141274969,2636.9569516777638,2966.576570637484,0.0,2043.641637550267,1252.5545520469377,1779.9459423824906,922.9349330872174,16283.209176610191,4153.207198892478,725.1631617113851,1648.0980947986022,1450.3263234227702,164480.18986090051,70011.20706704463,40872.83275100534,60452.238117212735,26435.493440569582,10086.360340167446,3032.5004944294283,988.8588568791614,44960.116026105876,2373.2612565099876,2109.565561342211,1252.5545520469377,1252.5545520469377,461.4674665436087,8833.805788120508,7251.6316171138515,10613.751730503,0.0,1714.0220185905466,1186.6306282549938,922.9349330872174,1516.2502472147141,33423.42936251566,9888.588568791614,2307.3373327180434,6658.316302986354,2307.3373327180434,3823.5875799327573,1384.402399630826,3625.8158085569257,9097.501483288286,8306.414397784956,8701.95794053662,527.3913903355527,1186.6306282549938,1054.7827806711055,4812.446436811919,1384.402399630826,527.3913903355527,197.7717713758323,2109.565561342211,395.5435427516646,0.0,4746.522513019975,2571.03302788582,1911.7937899663787,2307.3373327180434,395.5435427516646,1977.7177137583228,1384.402399630826,395.5435427516646,395.5435427516646,1186.6306282549938,1054.7827806711055,1516.2502472147141,725.1631617113851,395.5435427516646,395.5435427516646,1252.5545520469377,988.8588568791614,1054.7827806711055,2175.489485134155,1714.0220185905466,725.1631617113851,593.3153141274969,3823.5875799327573,2175.489485134155,395.5435427516646,1120.7067044630496,395.5435427516646,1186.6306282549938,1054.7827806711055
SRR24907983,controle,12675.690972549759,3348.7406848410524,14385.43533628903,6980.473540232054,14126.025846618242,13925.573059145365,1521.082916705971,2087.0672578058675,1037.637958683143,282.9921705499481,165.0787661541364,6060.748985944722,3195.4532591264974,5034.90236770116,21059.334025091972,19396.75502311103,10352.79690595227,11461.1829072729,1320.630129233091,7157.3436468257705,613.149702858221,10305.631544193944,6662.107348363362,2405.433449674559,3702.480898028488,495.2362984624092,5365.0599000094335,1686.1616828601075,1674.3703424205262,530.6103197811527,153.28742571455524,5164.607112536552,2546.929534949533,542.4016602207339,3513.819450995189,389.11423450617866,3195.4532591264974,4044.4297707763417,613.149702858221,424.4882558249222,1521.082916705971,10906.989906612584,4221.29987737006,601.3583624186398,12663.899632110179,14821.714932553532,12982.265823978869,306.5748514291105,7735.119328365248,813.6024903311009,341.94887274785395,3384.1147061597962,2770.9650033015755,1957.3625129704744,3973.6817281388544,4233.0912178096405,1238.0907461560232,601.3583624186398,9550.985756060749,695.6890859352892,23.582680879162343,4221.29987737006,200.45278747287992,4504.2920479200075,3289.783982643147,4221.29987737006,3348.7406848410524,13076.59654749552,5424.016602207339,8348.26903122347,2511.55551363079,1697.9530232996888,3478.4454296764457,3124.7052164890106,4669.370814074144,1603.6222997830394,5365.0599000094335,2829.9217054994815,2311.1027261579097,0.0,3348.7406848410524,2299.3113857183284,165.0787661541364,3796.8116215451373,1096.5946608810489,1462.1262145080652,1014.0552778039809,11720.592396943684,3608.1501745118385,400.90557494575984,742.8544476936138,1615.4136402226206,155775.39854730686,71148.94821243278,40444.29770776342,65618.80954626923,27674.27601169701,10116.970097160645,1910.1971512121497,955.0985756060749,45785.77492689369,3608.1501745118385,1438.543533628903,2334.685407037072,978.6812564852372,707.4804263748704,11225.356098481276,8183.190265069333,7428.5444769361375,176.8701065937176,1426.7521931893218,1285.2561079143477,2204.980662201679,825.3938307706819,36093.29308555797,11897.462503537403,1049.4292991227244,4810.866899349118,2676.634279784926,6072.540326384304,1061.2206395623055,2405.433449674559,4681.162154513725,4834.449580228281,6107.914347703047,837.1851712102631,1190.9253843976983,306.5748514291105,4952.362984624093,1556.4569380247146,990.4725969248184,1049.4292991227244,1438.543533628903,530.6103197811527,0.0,3006.7918120931986,1709.7443637392698,613.149702858221,1686.1616828601075,530.6103197811527,3407.6973870389584,3171.8705782473353,518.8189793415715,518.8189793415715,483.444958022828,365.5315536270163,389.11423450617866,318.3661918686916,518.8189793415715,518.8189793415715,483.444958022828,518.8189793415715,495.2362984624092,731.0631072540326,1214.5080652768606,1249.8820865956043,1426.7521931893218,4504.2920479200075,1603.6222997830394,495.2362984624092,813.6024903311009,518.8189793415715,754.645788133195,1190.9253843976983
SRR24907984,controle,13509.561410956707,5018.915272785593,11113.312389739525,4320.795479202634,9641.600392456532,10056.698648100455,811.3284087585731,2688.704610420853,3028.330455947698,198.115076557326,150.94482023415316,8028.377626204021,3811.3567109123674,5528.354041075859,24953.065594958443,20217.17186011189,12113.321823790791,9141.5956754309,1349.069330842744,8254.794856555249,1150.9542542854178,6943.461730771045,4603.817017141671,1575.4865611939736,3669.8459419428486,396.230153114652,2886.8196869781787,1566.052509929339,1273.5969207256674,377.3620505853829,235.8512816158643,5273.634656930726,1650.9589713110502,924.5370239341881,2490.589533863527,283.02153793903716,3735.8843007952905,2717.006764214757,952.8391777280918,754.7241011707658,1169.822356814687,11443.504184001737,2471.721431334258,301.8896404683063,11981.245106085908,7481.202652855215,5415.145425900245,622.6473834658817,3971.7355824111546,754.7241011707658,415.09825564392116,3764.186454589194,1820.7718940744724,1792.4697402805687,2622.666251568411,2377.3809186879125,698.1197935829583,283.02153793903716,12858.61187369692,1367.937433372013,56.60430758780743,6103.831168218568,349.05989679147916,5084.9536316380345,4311.361427938,3066.066661006236,4150.982556439211,12179.360182643233,6943.461730771045,9622.732289927262,3141.5390711233126,1349.069330842744,3528.33517297333,3962.3015311465206,5254.766554401456,1188.6904593439563,4207.586864027019,4292.49332540873,2877.3856357135446,56.60430758780743,4367.965735525807,2198.1339446598554,103.77456391098029,2141.529637072048,716.9878961122275,1122.652100491514,575.4771271427089,17264.313814281268,2754.742969273295,226.41723035122973,1160.3883055500523,1471.7119972829933,154935.42391909356,67934.60315663354,45623.071915772794,58887.347993849,29236.12486910254,9641.600392456532,2613.2322003037766,1000.0094340512646,43019.27376673365,2801.913225596468,1679.2611251049539,1367.937433372013,2141.529637072048,1018.8775365805337,11934.074849762734,9311.408598194323,12886.914027490824,292.45558920367176,2613.2322003037766,2150.9636883366825,1179.2564080793215,1084.9158954329757,39689.05367031764,11009.537825828545,2047.189124425702,5990.622553042954,3566.071378031868,8952.914650138207,1405.6736384305511,2849.0834819196407,5896.282040396607,7028.368192152757,7339.691883885697,1188.6904593439563,1509.4482023415317,198.115076557326,4198.152812762384,1886.8102529269145,792.460306229304,792.460306229304,1547.1844074000699,632.0814347305163,556.6090246134397,3217.011481240389,1867.9421503976453,1132.0861517561486,3037.7645072123323,537.7409220841706,2273.6063547769318,1886.8102529269145,556.6090246134397,556.6090246134397,1028.3115878451683,1396.2395871659166,1566.052509929339,735.8559986414966,556.6090246134397,594.3452296719781,1028.3115878451683,867.9327163463806,1396.2395871659166,1764.167586486665,1490.5800998122625,1283.0309719903016,632.0814347305163,3688.7140444721176,2726.440815479391,566.0430758780743,1858.5080991330105,556.6090246134397,603.7792809366126,1320.76717704884
SRR24908007,controle,13546.536336591585,5577.985550361241,11740.331491712706,7118.572035699108,12855.928601784955,13387.165320866978,1806.204844878878,2709.307267318317,1328.0917977050574,690.6077348066298,1115.5971100722484,5259.243518912027,2124.9468763280915,6374.840628984276,25233.74415639609,20346.366340841476,12218.444538886528,9668.508287292818,849.9787505312368,8977.900552486188,584.3603909902253,8871.653208669783,3984.275393115172,2124.9468763280915,7277.943051423715,584.3603909902253,4568.635784105398,3346.7913302167444,3612.409689757756,690.6077348066298,0.0,7437.314067148322,3028.0492987675307,1221.8444538886527,690.6077348066298,637.4840628984276,4356.141096472588,3240.54398640034,478.11304717382063,0.0,2603.0599235019126,11209.094772630684,3559.286017849554,0.0,13599.660008499788,6693.582660433489,4303.017424564386,1859.3285167870804,2603.0599235019126,371.86570335741607,637.4840628984276,4090.5227369315767,2549.9362515937105,1487.4628134296643,1381.2154696132595,3931.15172120697,424.9893752656184,0.0,9137.271568210796,159.3710157246069,106.2473438164046,6056.098597535061,318.7420314492138,2124.9468763280915,3612.409689757756,4568.635784105398,3878.0280492987677,11740.331491712706,6534.211644708883,7596.6850828729275,2018.6995325116873,1806.204844878878,1540.5864853378664,3878.0280492987677,6321.7169570760725,2656.183595410115,4515.512112197195,3771.780705482363,4515.512112197195,0.0,2762.430939226519,4143.646408839779,53.1236719082023,3187.420314492138,2284.317892052699,3028.0492987675307,1540.5864853378664,15033.999150021249,2178.070548236294,424.9893752656184,903.102422439439,1062.4734381640458,161708.4572885678,73470.03824904378,44145.77135571611,60720.35699107523,27464.938376540587,12643.433914152145,2656.183595410115,743.7314067148321,42180.195495112624,3028.0492987675307,2124.9468763280915,1487.4628134296643,1221.8444538886527,159.3710157246069,9402.889927751807,8021.674458138547,7809.179770505738,478.11304717382063,1168.7207819804505,637.4840628984276,371.86570335741607,2549.9362515937105,33096.04759881003,9774.755631109221,1753.0811729706757,5471.738206544836,3771.780705482363,5365.490862728432,1274.9681257968552,4249.893752656183,8712.282192945177,6056.098597535061,7649.80875478113,159.3710157246069,584.3603909902253,265.61835954101144,3771.780705482363,1965.575860603485,1221.8444538886527,159.3710157246069,2284.317892052699,849.9787505312368,0.0,3771.780705482363,2390.565235869103,1381.2154696132595,2178.070548236294,849.9787505312368,1328.0917977050574,1540.5864853378664,849.9787505312368,849.9787505312368,956.2260943476413,424.9893752656184,478.11304717382063,318.7420314492138,849.9787505312368,849.9787505312368,1009.3497662558436,318.7420314492138,796.8550786230345,1168.7207819804505,1593.710157246069,531.2367190820229,265.61835954101144,1806.204844878878,1487.4628134296643,796.8550786230345,424.9893752656184,849.9787505312368,1912.4521886952825,956.2260943476413
SRR24908040,controle,15892.76624625304,4298.3994117979755,13064.87189638595,7295.96742265709,13177.987670380635,13913.240201346078,1583.62083592557,2941.010123861772,2318.8733668910127,282.7894349867089,452.46309597873426,6504.157004694305,2884.4522368644307,4524.630959787342,23810.870425880887,18268.197500141392,11594.366834455064,10350.093320513546,1300.831400938861,7295.96742265709,1470.505061930886,8257.4515016119,5033.651942763418,2714.7785758724053,5938.578134720887,904.9261919574685,3732.8205418245575,2431.9891408856965,1979.5260449069624,1979.5260449069624,791.810417962785,6617.272778688988,2262.315479893671,1753.2944969175953,2262.315479893671,282.7894349867089,3110.683784853798,3223.7995588484814,735.252530965443,622.1367569707595,2884.4522368644307,8992.704032577343,3506.5889938351906,113.11577399468356,11877.156269441773,6391.041230699621,4354.957298795317,961.4840789548102,3223.7995588484814,169.67366099202533,1074.5998529494939,2205.7575928963292,2601.662801877722,2205.7575928963292,2884.4522368644307,3619.704767829874,735.252530965443,113.11577399468356,10745.998529494938,1187.7156269441773,509.02098297607597,5372.999264747469,395.9052089813925,4185.283637803292,4015.6099768112663,3789.3784288218994,3450.0311068378487,13008.31400938861,6956.620100673039,8314.009388609242,2545.10491488038,1866.4102709122787,1753.2944969175953,2318.8733668910127,8031.219953622533,2205.7575928963292,5033.651942763418,3619.704767829874,4354.957298795317,113.11577399468356,3789.3784288218994,3167.24167185114,226.23154798936713,2827.8943498670887,1074.5998529494939,1527.062948928228,904.9261919574685,13630.450766359369,3280.3574458458233,509.02098297607597,2205.7575928963292,622.1367569707595,157626.83106159154,72507.21113059216,45925.004241841525,61308.74950511849,28222.385611673548,10180.41965952152,3336.9153328431653,2601.662801877722,43210.22566596912,2545.10491488038,1074.5998529494939,1979.5260449069624,1413.9471749335444,1187.7156269441773,14026.355975340763,9727.956563542786,10915.672190486965,282.7894349867089,1922.9681579096205,1074.5998529494939,509.02098297607597,2262.315479893671,36932.300209264184,11255.019512471014,1413.9471749335444,5372.999264747469,3732.8205418245575,7352.525309654431,1300.831400938861,2036.0839319043039,6617.272778688988,4977.094055766076,6277.925456704938,1187.7156269441773,904.9261919574685,395.9052089813925,3789.3784288218994,1413.9471749335444,169.67366099202533,395.9052089813925,1470.505061930886,169.67366099202533,282.7894349867089,1922.9681579096205,1696.7366099202534,1866.4102709122787,1753.2944969175953,169.67366099202533,848.3683049601267,904.9261919574685,169.67366099202533,169.67366099202533,791.810417962785,904.9261919574685,848.3683049601267,395.9052089813925,169.67366099202533,169.67366099202533,904.9261919574685,565.5788699734178,735.252530965443,735.252530965443,1809.852383914937,791.810417962785,339.34732198405067,1696.7366099202534,1244.273513941519,452.46309597873426,1413.9471749335444,169.67366099202533,1074.5998529494939,678.6946439681013
SRR24908049,controle,13831.258644536652,5670.816044260027,10442.600276625171,4011.065006915629,9820.193637621023,13001.383125864455,760.7192254495159,3042.8769017980635,1244.8132780082988,760.7192254495159,207.4688796680498,6708.160442600276,3319.5020746887967,5947.44121715076,23789.76486860304,15629.322268326418,11479.944674965423,10995.85062240664,2282.1576763485477,7883.817427385892,622.4066390041494,7192.254495159059,4149.377593360996,1244.8132780082988,5186.721991701244,760.7192254495159,4080.221300138313,2973.72060857538,2627.9391424619644,691.5629322268327,0.0,7399.723374827109,2420.470262793914,1659.7510373443984,968.1881051175658,553.2503457814661,4011.065006915629,2835.4080221300137,1037.344398340249,484.0940525587829,1728.9073305670815,12448.132780082986,2558.782849239281,138.31258644536652,12793.914246196404,6154.91009681881,3665.283540802213,1244.8132780082988,2627.9391424619644,207.4688796680498,484.0940525587829,4979.253112033195,2213.0013831258643,1037.344398340249,2973.72060857538,2420.470262793914,899.0318118948824,138.31258644536652,15698.4785615491,691.5629322268327,0.0,4702.627939142461,276.62517289073304,3596.1272475795295,5463.347164591977,2904.564315352697,3388.65836791148,13278.008298755187,6500.6915629322275,9059.474412171508,2973.72060857538,1728.9073305670815,2143.8450899031814,4495.159059474412,5739.972337482712,1728.9073305670815,3319.5020746887967,4080.221300138313,3803.5961272475793,276.62517289073304,2351.3139695712307,2074.688796680498,207.4688796680498,2005.5325034578145,1728.9073305670815,2351.3139695712307,622.4066390041494,15905.94744121715,2143.8450899031814,622.4066390041494,484.0940525587829,553.2503457814661,156500.69156293222,69917.01244813278,45089.90318118949,61341.632088520055,30774.550484094056,11894.88243430152,2973.72060857538,1106.5006915629322,45228.21576763485,4702.627939142461,1659.7510373443984,1106.5006915629322,1798.0636237897647,414.9377593360996,14799.446749654218,11549.100968188106,11479.944674965423,345.78146611341634,1521.4384508990317,2351.3139695712307,1728.9073305670815,1037.344398340249,34508.99031811895,10995.85062240664,2005.5325034578145,5325.034578146611,3803.5961272475793,7330.567081604426,1037.344398340249,1867.2199170124481,4910.096818810512,5947.44121715076,7883.817427385892,553.2503457814661,1244.8132780082988,69.15629322268326,3872.752420470263,1590.5947441217152,1590.5947441217152,276.62517289073304,1452.2821576763486,691.5629322268327,0.0,3872.752420470263,1867.2199170124481,553.2503457814661,2213.0013831258643,622.4066390041494,2282.1576763485477,2420.470262793914,622.4066390041494,622.4066390041494,484.0940525587829,622.4066390041494,691.5629322268327,414.9377593360996,622.4066390041494,622.4066390041494,484.0940525587829,691.5629322268327,968.1881051175658,1659.7510373443984,1244.8132780082988,1383.1258644536654,829.8755186721992,3526.9709543568465,3042.8769017980635,622.4066390041494,829.8755186721992,622.4066390041494,829.8755186721992,1106.5006915629322
SRR6784403,controle,13705.369693561992,3689.9072251897665,9031.48720832162,4533.314590947427,6852.684846780996,8750.351419735733,2178.802361540624,4357.604723081248,2389.6542029800394,456.84565645206635,281.135788585887,6571.549058195108,4287.320775934776,7414.956423952769,23826.25808265392,20522.91256676975,15357.042451504076,7168.962608940118,2811.35788585887,9172.055102614562,1757.0986786617937,4955.018273826258,5165.870115265673,632.5555243182457,3338.487489457408,1686.814731515322,2284.2282822603315,2459.938150126511,1757.0986786617937,351.41973573235873,316.27776215912286,7098.678661793647,2143.660387967388,948.8332864773686,632.5555243182457,281.135788585887,3654.765251616531,3549.3393308968234,1721.9567050885578,878.5493393308968,632.5555243182457,12053.696935619904,3443.9134101771156,597.4135507450098,16200.449817261737,2635.6480179926907,1475.9628900759067,702.8394714647175,1757.0986786617937,843.407365757661,2038.2344672476806,6676.974978914816,3162.7776215912286,913.6913129041327,3725.0491987630026,2319.3702558335676,1159.6851279167838,597.4135507450098,15743.604160809673,878.5493393308968,281.135788585887,6852.684846780996,597.4135507450098,3795.3331459094743,5376.721956705089,1967.9505201012091,3233.0615687377003,9242.339049761034,10296.598256958112,10226.314309811638,4006.1849873488895,773.1234186111892,702.8394714647175,2459.938150126511,4498.172617374192,2495.0801236997468,2108.5184143941524,5271.296035985381,2670.7899915659264,562.271577171774,5130.728141692438,3795.3331459094743,386.5617093055946,2038.2344672476806,773.1234186111892,1405.678942929435,210.85184143941524,16727.57942086028,3935.9010402024182,281.135788585887,1159.6851279167838,983.9752600506046,163902.1647455721,61287.60191172336,44806.01630587574,52572.392465560864,28500.140567894294,8469.215631149844,4568.456564520663,1686.814731515322,41221.535001405675,4252.178802361541,2003.0924936744448,2003.0924936744448,1440.8209165026708,351.41973573235873,14232.499297160528,8890.919314028675,9910.036547652517,1089.401180770312,3162.7776215912286,2354.5122294068033,2424.7961765532755,1089.401180770312,30854.652797301096,11350.857464155188,4603.5985380939,6501.265111048637,4814.450379533315,9488.332864773685,1019.1172336238403,4076.4689344953613,6290.413269609221,7274.388529659826,9628.90075906663,351.41973573235873,2635.6480179926907,316.27776215912286,2389.6542029800394,1897.6665729547371,948.8332864773686,1089.401180770312,1089.401180770312,948.8332864773686,245.99381501265114,4287.320775934776,913.6913129041327,737.9814450379533,3408.7714366038795,527.1296035985381,1440.8209165026708,1229.9690750632556,527.1296035985381,527.1296035985381,597.4135507450098,1581.3888107956143,1651.672757942086,1054.2592071970762,527.1296035985381,527.1296035985381,667.6974978914816,1932.808546527973,2319.3702558335676,1757.0986786617937,2108.5184143941524,773.1234186111892,0.0,2705.931965139162,4111.6109080685965,667.6974978914816,808.2653921844251,527.1296035985381,597.4135507450098,2670.7899915659264
SRR6784406,controle,14948.76979348888,3695.5418739729344,8118.075592006118,5505.448652414598,6088.556694004589,7322.92826256522,3248.74480314424,5111.661403548628,2468.7431371212638,522.5253879183043,143.8838024702577,8042.347274916509,3695.5418739729344,8580.018326252735,23634.807763667068,17871.8828331478,17493.241247699752,10071.86617291804,3748.5516959356614,8875.358762902211,1703.8871345162097,5467.584493869793,4786.029640063309,1204.080241724788,2499.034463957107,1552.4305003369911,1650.877312553483,2377.8691566137327,2241.5581858524356,234.75778297778888,439.224239119734,8284.67788960326,2506.6072956660687,1400.9738661577726,1158.6432514710225,83.30114879857025,4096.901954547864,2832.2390591513886,1522.1391735011473,530.0982196272653,1506.9935100832254,11745.461980598406,2635.3454347184042,696.7005172244058,14002.165829868763,3665.250547137091,2385.4419883226933,1090.4877660903742,1105.633429508296,772.428834314015,1408.5466978667332,6255.15899160173,1484.2750149563426,780.0016660229759,4664.864332719933,1491.8478466653035,893.59414165739,696.7005172244058,17364.50310864742,355.9230903211638,719.4190123512885,7269.918440602495,53.00982196272652,5740.206435392386,3332.04595194281,2589.9084444646387,2597.4812761736,11291.09207806075,8451.2801872004,10920.023324321664,3316.9002885248883,1931.0720857850376,833.0114879857025,2794.3749006065837,4649.718669302012,2915.5402079499586,2483.888800539186,2658.063929845287,2021.9460662925687,325.63176348532005,6482.343942870558,4096.901954547864,567.96237817207,1681.168639389327,1090.4877660903742,1605.4403222997175,287.7676049405154,13699.252561510326,3074.569673838138,128.73813905233584,1052.6236075455695,446.797070828695,164451.6133917956,63074.1153039356,47973.888876267505,57803.42443449879,32290.55440700941,8428.561692073517,5210.108215765121,1347.964044195046,42082.2258066959,3188.1621494725523,1666.022975971405,1900.7807589491938,1885.635095531272,863.3028148215462,8799.630445812603,7906.036304155213,9579.632111835579,302.9132683584373,2695.928088390092,1931.0720857850376,1037.4779441276476,1158.6432514710225,28564.721206200633,9579.632111835579,4528.553361958637,6406.615625780948,4180.203103346435,5626.613959757972,1749.3241247699752,2340.0049980689278,6308.168813564456,6845.839864900682,9329.728665439867,992.040953873882,1734.1784613520533,408.93291228389035,2847.3847225693103,1355.5368759040068,1575.148995463874,666.409190388562,1938.6449174939985,1067.7692709634914,272.62194152259354,3475.9297544130677,772.428834314015,1370.6825393219287,3279.0361299800834,772.428834314015,2340.0049980689278,1408.5466978667332,772.428834314015,772.428834314015,1135.92475634414,1756.896956478936,1779.6154516058189,840.5843196946635,772.428834314015,764.8560026050542,1226.7987368516708,2627.772603009443,2021.9460662925687,742.1375074781713,1711.4599662251705,840.5843196946635,302.9132683584373,1158.6432514710225,3044.2783470022946,840.5843196946635,560.3895464631089,772.428834314015,1196.5074100158272,5172.244057220317
SRR6784524,controle,9618.501392499686,2500.5457540336183,11867.669531048445,8222.694106517956,4544.6426799499895,7124.570838873564,694.5960427871162,5543.537941481937,2990.0705841883478,304.2992187448319,0.0,6641.6612091263305,6330.746789974002,8560.06932730027,26533.56883446784,19997.750831861453,11675.828719231049,5285.54512558958,1600.8784986141154,10888.619870738985,509.37043137721855,6429.974796086447,5920.604364709229,899.667255419503,4670.33148769242,853.3608525670286,701.2112431946125,1442.1136888342032,912.8976562344957,496.1400305622259,377.06642322729164,5609.6899455569,3056.222588263311,377.06642322729164,271.22321670735016,635.0592391196491,1746.4129075790352,4690.177088914908,1329.6552819067654,1098.1232676443933,899.667255419503,19607.454007819164,1938.2537193964292,257.99281589235744,14732.051307494361,3691.2818273829607,1342.885682721758,979.0496603094591,932.7432574569847,1263.5032778318018,1514.8808933166629,6191.827581416579,1667.030502689079,681.3656419721235,4723.253090952391,1753.0281079865315,390.29682404228436,257.99281589235744,14143.298471227186,787.208848492065,85.99760529745248,6205.057982231572,198.45601222489034,2070.5577275463556,2864.3817764459177,1051.816864791919,2566.6977581085816,5398.003532517017,10392.479840176758,8136.696501220505,3592.0538212705155,641.6744395271454,423.3728260797661,3095.9137907082895,3155.4505943757567,3585.4386208630194,2116.8641303988306,5014.32190888223,3466.365013528085,879.8216541970139,3783.8946330879094,5034.1675101047185,33.07600203748173,2990.0705841883478,456.44882811724784,1203.9664741643348,85.99760529745248,17053.986650525578,4366.032268947588,456.44882811724784,2976.840183373355,416.75762567226974,164142.96771120682,67885.1865817275,42714.3490312039,52756.223249783354,28445.361752234283,12330.733559573187,5662.611548816871,919.512856641992,44877.5195644552,4147.730655500209,2381.4721466986844,191.84081181739398,1647.1849014665897,85.99760529745248,19885.292424934014,12601.956776280538,10696.77905892159,251.3776154848611,2302.089741808728,317.52961955982454,205.07121263238668,4478.490675875026,34471.80932346346,13891.920855742324,4366.032268947588,3446.519412305596,3466.365013528085,15856.635376768738,1938.2537193964292,1911.792917766444,6072.753974081645,4121.269853870223,5682.45715003936,72.76720448245979,1514.8808933166629,2004.4057234713925,3631.7450237154935,2077.172927953852,324.1448199673209,1184.1208729418458,1739.7977071715388,72.76720448245979,33.07600203748173,6562.278804236374,178.61041100240132,1375.9616847592397,3644.975424530486,59.536803667467105,522.6008321922112,912.8976562344957,59.536803667467105,59.536803667467105,1157.6600713118603,2202.8617356962827,2229.3225373262685,317.52961955982454,59.536803667467105,59.536803667467105,1243.6576766093128,661.5200407496345,1018.7408627544371,2176.4009340662974,1349.5008831292544,820.2848505295467,26.460801629985383,3605.284222085508,6608.585207088849,66.15200407496346,39.69120244497807,59.536803667467105,337.3752207823136,1270.1184782392982
SRR6784528,controle,14356.02953240361,4511.894995898278,8476.89362865737,5113.480995351381,5113.480995351381,8285.479901558654,2406.3439978124147,6562.756357670222,2214.9302707137,191.4137270987148,164.06890894175552,7601.859447634673,1503.9649986327593,8914.410719168716,24555.646704949413,17063.166529942577,19004.648619086685,11457.478807765929,5851.791085589281,11348.09953513809,1531.3098167897183,5633.032540333606,6590.101175827181,1175.8271807492479,2433.688815969374,2105.5509980858624,1039.1030899644518,1394.585726004922,1175.8271807492479,765.6549083948591,984.4134536505334,7765.928356576429,1558.6546349466776,2433.688815969374,1230.5168170631666,109.37927262783703,5523.653267705769,3281.378178835111,1394.585726004922,437.5170905113481,1039.1030899644518,10637.13426305715,5004.101722723543,792.9997265518184,8996.445173639595,3882.9641782882145,4074.3779053869293,410.1722723543889,546.8963631391852,765.6549083948591,2625.1025430680884,5386.929176920974,4101.722723543889,136.7240907847963,2679.792179382007,3964.9986327590923,1804.757998359311,792.9997265518184,14930.270713699754,628.9308176100628,710.9652720809407,6836.204539239814,136.7240907847963,4129.067541700848,4238.446814328685,3171.9989062072736,2543.0680885972106,10883.237626469785,7902.652447361226,10937.927262783704,3062.6196335794366,765.6549083948591,820.3445447087778,3992.3434509160516,5222.860267979218,3281.378178835111,2652.4473612250476,2187.5854525567406,1449.2753623188405,710.9652720809407,6644.790812141099,4785.343177467869,54.68963631391851,2105.5509980858624,957.0686354935739,820.3445447087778,0.0,9598.031173092699,2351.6543614984957,246.10336341263334,1066.447908121411,328.13781788351105,164260.32266885426,61717.254580257046,49029.25895542795,59775.77249111293,29477.713973202077,9762.100082034454,6562.756357670222,957.0686354935739,45911.949685534586,3117.309269893355,1203.1719989062074,1996.1717254580258,738.3100902378999,246.10336341263334,10801.203171998906,6261.96335794367,12770.030079299973,136.7240907847963,4402.5157232704405,2570.4129067541703,273.4481815695926,601.5859994531037,27700.300792999726,9926.16899097621,3199.343724364233,6015.859994531037,5386.929176920974,5058.791359037462,1476.6201804757998,2214.9302707137,4867.377631938748,7410.445720535958,9242.54853705223,546.8963631391852,1558.6546349466776,164.06890894175552,2406.3439978124147,574.2411812961444,847.6893628657369,957.0686354935739,1941.4820891441072,1503.9649986327593,601.5859994531037,3390.7574514629478,1968.8269073010667,1175.8271807492479,3089.964451736396,464.86190866830736,1230.5168170631666,1011.7582718074925,464.86190866830736,464.86190866830736,957.0686354935739,1695.3787257314739,1777.4131802023517,1640.6890894175556,464.86190866830736,464.86190866830736,1011.7582718074925,2761.8266338528847,2324.309543341537,683.6204539239815,2871.205906480722,656.2756357670221,875.0341810226962,1039.1030899644518,2570.4129067541703,492.2067268252667,246.10336341263334,464.86190866830736,929.7238173366147,5578.342904019688
SRR6784540,controle,12357.150782203484,3397.8697437035394,10609.674914013092,6989.903472761566,7059.247753245313,10193.609231110619,2232.8858315766115,5630.755575280151,1414.6233218684124,582.4919560634638,499.278819482969,5381.116165538666,4202.26339731499,7086.98546543881,25629.64606679241,17876.95550870964,12925.773882170197,7336.624875180295,2121.9349828026184,9624.986131143904,1636.5250194163987,5339.50959724842,5173.083324087429,956.9510706756907,4257.738821701985,1719.7381559968933,1483.967602352158,1442.3610340619105,1650.3938755131476,277.3771219349828,346.72140241872853,5935.870409408632,2066.459558415622,818.2625097081993,582.4919560634638,221.90169754798623,3009.5417729945634,4340.951958282481,1192.721624320426,915.3445023854432,235.7705536447354,15519.249972262289,3273.0500388327973,402.1968268057251,16531.676467324975,3536.558304671031,873.7379340951958,859.8690779984466,624.0985243537112,804.3936536114502,1012.4264950626873,7586.264284921779,3481.0828802840338,915.3445023854432,4923.443914345945,3605.9025851547763,1747.4758681903916,402.1968268057251,15297.348274714303,499.278819482969,527.0165316764674,7017.641184955065,249.6394097414845,4659.9356485077105,3869.41085099301,1497.836458448907,3328.525463219794,8945.412182403195,8820.592477532453,10373.904360368357,3356.2631754132917,873.7379340951958,568.6230999667148,3092.7549095750583,3855.541994896261,4035.837124154,3065.01719738156,3425.6074558970377,2551.869521801842,776.6559414179518,4618.329080217463,2870.853212027072,180.2951292577388,1955.5087096416287,818.2625097081993,1248.1970487074225,318.98369022523025,15449.905691778542,2732.1646510595806,540.8853877732165,1761.344724287141,360.5902585154776,160726.1733052258,65946.41074004216,45531.45456562743,53963.719072450906,28597.58127149673,10027.182957949628,5727.837567957395,693.4428048374571,42119.715965827134,3966.492843670254,2815.3777876400754,1067.9019194496836,2080.3284145123707,249.6394097414845,17613.447242871407,12565.18362365472,12065.904804171752,388.3279707089759,2232.8858315766115,1164.9839121269276,859.8690779984466,2815.3777876400754,26863.974259403083,14298.790635748364,3245.3123266392986,4327.083102185732,5020.525907023189,10457.117496948851,1026.2953511594364,2316.0989681571064,6878.952623987573,5325.64074115167,6851.214911794075,416.06568290247424,2579.60723399534,1137.2461999334296,4146.787972927993,2038.7218462221235,457.6722511927216,527.0165316764674,1095.639631643182,429.9345389992233,152.55741706424052,5700.099855763897,610.2296682569621,596.360812160213,2954.066348607567,263.5082658382337,1483.967602352158,1206.5904804171753,263.5082658382337,263.5082658382337,513.1476755797182,1539.4430267391547,1581.049595029402,748.9182292244535,263.5082658382337,263.5082658382337,540.8853877732165,1386.8856096749141,1858.426716964385,1969.377565738378,1442.3610340619105,1761.344724287141,457.6722511927216,3023.410629091313,5908.132697215134,277.3771219349828,624.0985243537112,263.5082658382337,429.9345389992233,2593.476090092089
SRR6784551,controle,13267.922845356228,4615.899208384435,8585.126546995207,6912.699297580555,6578.213847697625,8183.74400713569,2943.4719589697847,3969.22733861077,1806.2214293678226,156.09320994536736,178.39223993756272,7180.2876574869,3411.751588805887,9588.582896643995,22432.82417214851,19890.734753038243,17103.356004013825,7983.0527372059305,2787.378749024417,9744.676106589362,1114.951499609767,4727.394358345412,4972.683688259561,1114.951499609767,2765.079719032222,1360.2408295239156,2430.5942691492924,1694.7262794068458,1516.3340394692832,758.1670197346416,445.9805998439068,6132.233247853718,1605.5301594380644,1337.9417995317203,1070.3534396253763,535.1767198126881,3746.237038688817,2519.790389118073,1427.1379195005018,958.8582896643996,802.7650797190322,11863.08395584792,2408.295239157097,445.9805998439068,14182.183075036235,2497.491359125878,1181.848589586353,713.5689597502509,1070.3534396253763,624.3728397814695,1204.1476195785485,6778.905117627383,2341.3981491805107,1003.4563496487901,3835.4331586575986,2408.295239157097,1204.1476195785485,423.68156985171146,16033.002564388451,624.3728397814695,245.2893299141487,8116.846917159104,178.39223993756272,3411.751588805887,3255.6583788605194,1650.128219422455,4370.609878470286,9588.582896643995,10391.34797636303,11840.784925855725,3411.751588805887,579.7747797970788,1204.1476195785485,2564.3884491024637,4593.60017839224,2876.574868993199,2809.677779016613,4615.899208384435,2586.687479094659,423.68156985171146,6689.708997658601,4816.590478314194,245.2893299141487,1181.848589586353,557.4757498048835,847.3631397034229,334.4854498829301,15698.517114505517,2586.687479094659,156.09320994536736,1471.7359794848924,646.6718697736648,163206.6005128777,58378.8605195674,48968.66986286096,51310.068012041476,29969.896309510536,8384.435277065448,3969.22733861077,1248.745679562939,42546.549225108705,4125.320548556138,2096.108819266362,2452.8932991414877,914.2602296800089,178.39223993756272,14003.790835098673,11550.897535957185,8741.219756940573,445.9805998439068,3277.9574088527147,1360.2408295239156,825.0641097112275,1650.128219422455,32222.098338722262,11773.887835879139,3991.5263686029652,5797.747797970788,3211.060318876129,5976.140037908352,1204.1476195785485,3880.031218641989,6243.728397814695,6243.728397814695,7782.361467276173,245.2893299141487,2096.108819266362,914.2602296800089,3255.6583788605194,1114.951499609767,3054.9671089307617,802.7650797190322,1114.951499609767,1404.8388895083065,356.78447987512544,5106.477868212733,981.1573196565948,802.7650797190322,5106.477868212733,981.1573196565948,2140.7068792507525,1873.1185193444085,981.1573196565948,981.1573196565948,646.6718697736648,2631.28553907905,2675.8835990634407,1070.3534396253763,981.1573196565948,981.1573196565948,780.4660497268369,1761.6233693834317,2073.8097892741666,1895.417549336604,2029.211729289776,668.9708997658602,178.39223993756272,3010.369048946371,4816.590478314194,1048.054409633181,490.5786598282974,981.1573196565948,602.0738097892743,4281.413758501505
SRR6784554,controle,12574.736642308057,4080.85792920186,9869.981968302172,7592.2938217709025,4934.990984151086,7877.004840087312,2847.1101831640885,4365.568947518269,2087.8808009869986,521.9702002467496,0.0,7971.908512859447,4650.2799658346785,9253.108095283287,22539.622283382367,17082.661098984532,14852.42478883933,8446.426876720128,3131.821201480497,12005.314605675241,1708.2661098984531,5931.479548258518,5409.5093480117675,1281.19958242384,3416.5322197969062,1043.9404004934993,1850.6216190566574,1423.5550915820443,1376.103255195976,379.61469108854516,521.9702002467496,6405.997912119199,1613.3624371263168,1708.2661098984531,1091.3922368795672,237.2591819303407,3796.1469108854512,3653.791401727247,1518.4587643541806,854.1330549492266,949.0367277213628,13096.706842554806,3463.984056182974,379.61469108854516,9964.88564107431,2277.6881465312704,1233.7477460377715,569.4220366328176,1328.651418809908,711.7775457910221,1565.9106007402486,8209.167694789789,2467.495492075543,759.2293821770903,4033.4060928157924,3321.62854702477,1281.19958242384,379.61469108854516,15137.135807155737,616.8738730188858,806.6812185631584,6738.160766821676,189.80734554427258,4223.213438360064,3321.62854702477,2325.1399829173392,2609.851001233748,9395.463604441491,10249.59665939072,11151.181550726013,2562.39916484768,664.325709404954,616.8738730188858,2847.1101831640885,4982.442820537155,3084.369365094429,2989.465692322293,5836.575875486382,2467.495492075543,996.4885641074309,5931.479548258518,4507.924456676474,0.0,2135.3326373730665,616.8738730188858,949.0367277213628,189.80734554427258,14520.26193413685,2467.495492075543,237.2591819303407,2040.42896460093,806.6812185631584,163281.76900446048,63917.62361203379,46977.31802220746,52956.24940685204,29752.301414064725,9775.078295530038,4365.568947518269,474.5183638606814,48163.61393185916,4555.376293062541,2799.6583467780206,2562.39916484768,806.6812185631584,332.162854702477,14852.42478883933,10486.85584132106,11340.988896270284,474.5183638606814,4365.568947518269,1043.9404004934993,616.8738730188858,1898.0734554427256,28613.45734079909,10154.692986618582,3891.0505836575876,4080.85792920186,3606.339565341179,7070.323621524153,1091.3922368795672,2562.39916484768,5884.02771187245,4318.1171111322,6311.094239347062,332.162854702477,1708.2661098984531,996.4885641074309,3843.5987472715196,1518.4587643541806,1803.1697826705895,711.7775457910221,1091.3922368795672,1233.7477460377715,284.7110183164088,3701.243238113315,949.0367277213628,901.5848913352947,3653.791401727247,949.0367277213628,3463.984056182974,1850.6216190566574,949.0367277213628,949.0367277213628,759.2293821770903,1850.6216190566574,1850.6216190566574,996.4885641074309,949.0367277213628,949.0367277213628,806.6812185631584,1565.9106007402486,1423.5550915820443,901.5848913352947,2325.1399829173392,711.7775457910221,759.2293821770903,1660.814273512385,3938.502420043656,996.4885641074309,569.4220366328176,949.0367277213628,521.9702002467496,5124.79832969536
SRR6784564,controle,14841.72580826856,5914.160189253126,10307.536329841163,5322.744170327814,5632.533513574405,6364.762870339078,2675.453418947843,5463.557508167173,1492.6213810972176,1886.8987270474258,535.0906837895686,10138.56032443393,3069.7307648980513,8561.450940633098,26163.118170553116,21938.718035372312,16475.160527205135,9293.68029739777,3210.5441027374113,8364.312267657991,1351.8080432578572,4168.07480004506,4618.677481131012,535.0906837895686,1689.7600540723217,1999.549397318914,1436.2960459614735,1154.669370282753,1070.1813675791373,197.1386729751042,309.7893432465923,6167.624197363974,1830.573391911682,1323.6453756899855,1098.3440351470092,225.30134054297625,3266.869437873155,2816.2667567872027,2027.712064886786,957.530697307649,619.5786864931846,11659.34437309902,2619.128083812099,591.4160189253126,11039.765686605835,4731.328151402501,3323.194773008899,1098.3440351470092,1154.669370282753,929.368029739777,4168.07480004506,5125.60549735271,2055.874732454658,309.7893432465923,2816.2667567872027,2253.0134054297623,1098.3440351470092,591.4160189253126,15151.515151515152,197.1386729751042,309.7893432465923,5914.160189253126,394.2773459502084,3351.3574405767713,5857.834854117382,1746.0853892080659,3323.194773008899,10645.488340655627,10223.048327137547,11124.253689309453,2450.1520784048666,1661.5973865044496,619.5786864931846,4787.653486538245,3464.0081108482595,2365.6640757012506,2140.3627351582745,2478.3147459727384,2168.5254027261462,704.0666891968007,5745.184183845894,4252.562802748676,478.7653486538245,1605.2720513687057,675.9040216289286,788.5546919004169,168.97600540723215,14475.611129886223,1999.549397318914,112.65067027148812,1886.8987270474258,450.6026810859525,164047.53858285455,61141.151289850175,49538.1322518869,57620.81784386617,35062.521122000675,7406.781570350344,5604.370846006534,957.530697307649,39286.92125718148,2421.9894108369945,1999.549397318914,1605.2720513687057,1126.5067027148812,337.9520108144643,12870.339078517516,9885.096316323083,9237.354962262025,873.0426946040329,2647.290751379971,1436.2960459614735,901.205362171905,1182.8320378506253,27965.528894896925,10166.722992001804,4787.653486538245,7829.221583868423,3717.472118959108,5012.954827081221,1013.856032443393,4365.213473020164,4928.466824377605,11293.229694716683,12307.085727160076,394.2773459502084,3999.098794637828,619.5786864931846,1464.4587135293455,704.0666891968007,1520.7840486650896,760.3920243325448,1492.6213810972176,1154.669370282753,366.11467838233636,4308.888137884421,1239.1573729863692,929.368029739777,2985.2427621944353,450.6026810859525,1548.9467162329618,675.9040216289286,450.6026810859525,450.6026810859525,704.0666891968007,2027.712064886786,2196.6880702940184,1154.669370282753,450.6026810859525,450.6026810859525,760.3920243325448,1858.736059479554,1830.573391911682,929.368029739777,1605.2720513687057,844.8800270361609,84.48800270361608,2703.6160865157144,3886.44812436634,478.7653486538245,1098.3440351470092,450.6026810859525,844.8800270361609,3745.6347865269795
SRR6784567,controle,19455.505540166207,4912.569252077562,13266.101108033241,4414.819944598338,11707.929362880886,6124.480609418282,1666.3781163434903,3246.191135734072,1514.8891966759004,779.0858725761773,0.0,6340.893351800554,3332.7562326869806,7985.630193905818,18395.083102493078,17789.127423822716,18048.822714681442,5626.7313019390585,2423.82271468144,8699.792243767313,952.2160664819945,7119.979224376731,3873.788088642659,476.10803324099726,4393.17867036011,605.95567867036,2856.648199445983,4046.918282548477,3960.353185595568,887.292243767313,454.46675900277006,6622.229916897507,3570.8102493074794,432.8254847645429,389.54293628808864,497.7493074792244,3440.9626038781166,5388.677285318559,1168.628808864266,411.1842105263158,302.97783933518,11188.538781163435,3116.343490304709,519.3905817174516,14413.088642659279,1709.6606648199445,1385.0415512465374,367.9016620498615,1774.584487534626,800.7271468144045,4414.819944598338,4999.134349030471,1731.3019390581717,995.4986149584488,4284.972299168975,2488.7465373961218,800.7271468144045,519.3905817174516,12768.351800554015,779.0858725761773,194.77146814404432,4566.308864265928,735.803324099723,2532.029085872576,4025.277008310249,1926.073407202216,3635.7340720221605,14954.120498614959,14932.479224376732,10647.506925207757,2553.6703601108034,1060.4224376731302,2099.203601108033,2099.203601108033,3440.9626038781166,1341.759002770083,2899.9307479224376,3376.0387811634346,2272.3337950138502,281.33656509695294,3311.1149584487534,2488.7465373961218,86.56509695290859,3137.9847645429363,2943.213296398892,2683.518005540166,952.2160664819945,11686.28808864266,2705.1592797783937,173.13019390581718,1060.4224376731302,1038.7811634349032,154540.33933518006,65789.47368421052,49926.419667590024,53648.7188365651,36400.623268698066,9392.313019390582,2986.4958448753464,1211.91135734072,43975.06925207756,1990.9972299168976,1601.454293628809,2921.572022160665,1449.9653739612188,281.33656509695294,12357.1675900277,9911.703601108034,11340.027700831024,259.6952908587258,1341.759002770083,1623.095567867036,1320.1177285318558,908.9335180055401,34755.8864265928,14629.501385041553,2986.4958448753464,4717.797783933518,8678.150969529086,11210.180055401663,735.803324099723,2402.1814404432134,3787.2229916897504,5475.242382271468,5821.502770083102,302.97783933518,6427.458448753463,454.46675900277006,2726.8005540166205,1341.759002770083,714.1620498614958,714.1620498614958,670.8795013850415,649.2382271468144,151.48891966759,6860.283933518006,670.8795013850415,822.3684210526316,1926.073407202216,411.1842105263158,2120.8448753462603,1125.3462603878118,346.26038781163436,346.26038781163436,346.26038781163436,735.803324099723,779.0858725761773,844.0096952908586,346.26038781163436,411.1842105263158,389.54293628808864,1276.8351800554017,2034.279778393352,887.292243767313,822.3684210526316,562.6731301939059,0.0,1363.4002770083102,6600.58864265928,432.8254847645429,238.05401662049863,346.26038781163436,281.33656509695294,3657.375346260388
SRR6784574,controle,13100.997883277894,4913.81917145449,9434.532809192622,5760.508013305111,6221.651043241609,7710.916238282431,3424.553976413668,5133.051103719384,1693.3776837012397,370.4263683096462,37.79860901118839,8565.164801935289,1753.8554581191413,8943.150892047173,24168.430601753855,19874.508618082855,18491.07952827336,9835.19806471122,4324.160870879952,12753.250680374962,1708.4971273057151,6267.009374055035,5798.306622316299,1421.2276988206834,2751.7387360145144,2018.44572119746,1322.9513153915937,2199.879044451164,2154.520713637738,128.5152706380405,680.374962201391,8912.912004838223,2343.5137586936803,2540.0665255518597,1557.3026912609616,173.87360145146658,4112.488660417296,2865.13456304808,1133.9582703356516,1081.040217719988,960.084668884185,9993.95222255821,3583.3081342606592,710.6138494103417,11702.449349863924,2630.783187178712,1277.5929845781677,824.0096764439069,536.7402479588751,755.9721802237679,1935.2887813728455,6115.814938010281,1564.8624130631993,332.6277592984578,2131.841548231025,2479.5887511339583,1300.2721499848806,710.6138494103417,15187.481100695495,166.3138796492289,430.90414272754765,6108.255216208044,52.91805261566374,4860.901118838827,3643.7859086785606,3046.5678863017843,2358.6332022981555,10530.692470517084,8270.335651648018,11082.552162080436,3296.0387057756275,1315.391593589356,536.7402479588751,3424.553976413668,5571.514968249169,3832.7789537345025,2162.080435439976,2933.1720592682186,1481.7054732385848,854.2485636528576,6705.47323858482,4210.765043846387,370.4263683096462,1957.9679467795586,1277.5929845781677,1602.6610220743878,105.83610523132748,12292.107650438464,2661.0220743876625,105.83610523132748,1466.5860296341093,173.87360145146658,166911.0976716057,60054.42999697611,48548.53341397036,54384.638645297855,31153.61354702147,9547.928636226186,5185.969156335047,755.9721802237679,47800.12095554884,4709.7066827940735,2290.595706078016,3318.7178711823403,922.2860598729967,370.4263683096462,8323.253704263683,10009.071666162685,10689.446628364076,188.99304505594196,5004.535833081342,771.0916238282431,582.0985787723013,566.9791351678258,27033.565164801934,10024.19110976716,3553.0692470517083,6917.145449047475,3409.434532809192,4392.198367100091,1224.6749319625037,3039.0081644995466,5813.426065920774,6259.449652252797,10288.781372845478,362.8666465074085,1814.3332325370425,287.2694284850317,2139.401270033263,710.6138494103417,1648.0193528878137,672.8152403991533,1534.6235258542486,1640.4596310855761,551.8596915633505,2600.544299969761,1474.1457514363472,997.8832778953733,3432.113698215906,892.047172664046,2366.192924100393,1549.742969458724,892.047172664046,892.047172664046,808.8902328394315,1716.056849107953,1784.094345328092,1383.429089809495,892.047172664046,892.047172664046,869.3680072573329,2456.909585727245,1935.2887813728455,476.2624735409737,3144.8442697308737,551.8596915633505,136.0749924402782,839.1291200483822,2207.438766253402,937.405503477472,287.2694284850317,892.047172664046,929.8457816752343,5049.894163894768
SRR6784579,controle,15532.009242187318,5904.730786286088,11249.329007865195,5554.647933344225,9207.179032370994,8005.227903937265,2520.596541181413,3827.572525497701,1330.3148411790792,770.1822764720984,291.7357107848857,9568.931313744251,2964.0348215744393,7538.450766681448,20538.19403925596,18285.99435199664,15893.761523560575,7188.367913739585,2427.2411137302493,10805.890727472168,863.5377039232618,5461.292505893061,4761.126800009336,1155.2734147081476,3605.853385301188,1236.9594137279155,2753.9851098093213,3034.051392162812,3022.3819637314164,315.07456764767664,210.04971176511773,7305.062198053539,3220.7622470651386,1143.603986276752,711.8351343151213,408.42999509884004,3559.1756715756064,5157.88736667678,1271.967699022102,735.1739911779121,746.8434196093076,11949.494713748922,5087.870796088408,361.7522813732583,12369.594137279157,2170.51368823955,921.884846080239,665.1574205895396,921.884846080239,560.1325647069807,4130.977664713982,6196.466497070974,1260.2982705907066,595.140850001167,2929.026536280253,4457.721660793054,595.140850001167,361.7522813732583,11739.445001983802,350.0828529418629,280.06628235349035,5181.226223539571,233.3885686279086,2917.3571078488576,3687.539384320956,1552.0339813755922,3769.225383340724,13268.140126496604,10175.741592176815,11179.312437276823,2695.6379676523443,1015.2402735314023,1365.3231264732653,3034.051392162812,3687.539384320956,2438.910542161645,3757.555954909328,2975.7042500058346,1633.7199803953602,665.1574205895396,4341.0273764791,3559.1756715756064,210.04971176511773,3349.1259598104884,1937.1251196116414,2275.538544122109,490.115994118608,12031.180712768688,1843.769692160478,198.38028333372233,1482.0174107872197,571.801993138376,164422.2465983616,60587.67241580507,47576.25971479917,50225.219968725934,34494.8304432049,8215.277615702384,3932.5973813802602,630.1491352953533,43503.62919224216,3442.481387261652,1785.4225500035009,3337.456531379093,1003.570845100007,385.0911382360492,11937.825285317525,11179.312437276823,11937.825285317525,548.4631362755853,3267.4399607907203,1038.5791303941933,1843.769692160478,1937.1251196116414,29850.39792750951,14610.124396107078,3139.076248045371,5239.5733656965485,6033.094499031437,9440.567600998904,863.5377039232618,2462.2493990244357,4107.638807851192,5274.5816509907345,6709.921348052372,385.0911382360492,5157.88736667678,746.8434196093076,2824.001680397694,735.1739911779121,1260.2982705907066,490.115994118608,898.5459892174481,933.5542745116344,245.057997059304,6348.169066679115,653.487992158144,746.8434196093076,2917.3571078488576,700.1657058837258,2590.6131117697855,1505.3562676500105,700.1657058837258,700.1657058837258,501.7854225500035,1423.6702686302426,1447.0091254930333,875.2071323546573,700.1657058837258,700.1657058837258,548.4631362755853,1482.0174107872197,1843.769692160478,1166.942843139543,1820.4308352976873,793.5211333348893,116.6942843139543,2182.1831166709453,6336.499638247718,758.512848040703,653.487992158144,700.1657058837258,536.7937078441897,4399.374518636077
SRR6784585,controle,14153.29620084795,3740.959348241749,8999.085543270428,5528.3065924016955,5985.534957186798,8022.279491229529,3637.0438107905898,5008.728905145897,2327.7080389059774,290.9635048632472,644.2763321971902,8687.33893091695,2681.02086623992,8999.085543270428,23651.17632388395,20325.879125446838,16730.40152963671,10121.373347742954,3948.790423144068,11285.227367195945,1143.0709119627568,5507.523484911464,5507.523484911464,1184.6371269432207,2577.1053287887607,1641.8654917283231,1953.6121040818023,2681.02086623992,2743.370188710616,519.5776872557985,290.9635048632472,8978.302435780197,2868.068833652008,1350.901986865076,1350.901986865076,228.61418239255136,3907.2242081636045,3907.2242081636045,1662.648599218555,561.1439022362623,1496.3837392966996,12199.684096766148,2390.0573613766733,374.0959348241749,12074.985451824756,3242.1647684761824,1246.9864494139163,1101.5046969822927,768.9749771385818,561.1439022362623,1475.6006318064676,4884.030260204506,1537.9499542771637,540.3607947460304,2805.719511181312,1766.5641366697148,789.7580846288137,374.0959348241749,15795.161692576272,415.6621498046388,665.059439687422,6754.5099343253805,103.9155374511597,3990.356638124532,3574.6944883198935,2473.1897913376006,2992.767478593399,10869.565217391304,8250.89367362208,9768.060520409012,3117.466123534791,2015.9614265524983,768.9749771385818,3844.8748856929087,4198.187713026852,3637.0438107905898,2182.2262864743534,1683.4317067087873,2078.310749023194,540.3607947460304,6401.197106991437,4322.886357968243,685.842547177654,2306.9249314157455,1080.7215894920607,1808.130351650179,457.2283647851027,11991.853021863828,2390.0573613766733,270.1803973730152,1122.2878044725246,207.8310749023194,164144.98295785184,61871.310998420486,47905.06276498462,54971.31931166348,32068.334857427883,9290.049048133678,5154.2106575775215,1662.648599218555,44039.404771801484,3221.3816609859505,1704.2148141990192,1808.130351650179,1724.997921689251,748.1918696483498,9809.626735389475,9206.91661817275,10537.035497547593,498.7945797655665,3449.995843378502,1080.7215894920607,748.1918696483498,997.589159531133,27516.83431706709,10890.348324881536,4343.669465458475,8250.89367362208,4115.055283065924,6525.895751932829,1558.7330617673956,4385.235680438939,7107.822761659323,6899.991686757004,11077.396292293623,768.9749771385818,2223.7925014548173,290.9635048632472,2784.9364036910797,956.0229445506692,914.4567295702054,332.529719843711,1724.997921689251,810.5411921190456,249.39728988278324,3907.2242081636045,893.6736220799734,1226.2033419236843,3699.393133261285,519.5776872557985,1246.9864494139163,1143.0709119627568,519.5776872557985,519.5776872557985,1018.3722670213651,2182.2262864743534,2203.0093939645853,852.1074070995096,519.5776872557985,519.5776872557985,1101.5046969822927,2223.7925014548173,1579.5161692576273,872.8905145897414,2161.4431789841215,768.9749771385818,436.4452572948707,1600.2992767478593,3429.21273588827,561.1439022362623,685.842547177654,519.5776872557985,1059.938482001829,3928.007315653836
SRR6784590,controle,14698.62129211136,3969.0075582057802,8887.538455695241,4709.6357628470505,8412.776786053402,9181.89069087318,2791.598617494018,5032.473698203502,1908.541911960196,522.2378366060237,0.0,8963.500322837936,2354.8178814235253,8469.748186410423,25352.273158874246,22266.322306202288,17813.05784496183,10596.680466405864,4006.9884917771283,10349.80439819211,1414.7897755326826,5421.77826730981,5744.616202666261,1300.846974818641,2402.294048387709,1557.2182764252345,1585.7039766037449,2164.913213566789,2098.4465798169317,161.41896767822553,693.1520376770861,8498.233886588932,2478.2559155304034,1975.0085457100533,1690.1515439249497,104.44756732120476,3731.6267233848607,3218.8841201716737,1186.9041741045996,598.1997037487182,1623.684910175092,11992.479775152873,3066.960385886285,256.37130160659353,15277.830529074405,3114.436552850469,1319.8374416043146,1025.4852064263741,541.2283033916973,341.8284021421246,2050.9704128527483,5079.949865167686,826.0853051768012,341.8284021421246,2259.8655474951574,2421.2845151733827,503.2473698203502,256.37130160659353,15999.468266930002,142.42850089255194,503.2473698203502,6295.339739450796,28.48570017851039,4842.569030346765,3361.312621064226,2468.760682137567,2962.51281856508,12714.11751300847,8127.919784268297,10891.032701583805,2858.0652512438755,1766.113411067644,731.1329712484333,3304.3412207072047,4814.083330168256,3646.1696228493297,1804.0943446389913,2506.741615708914,1291.3517414258042,503.2473698203502,6428.2730069505105,3513.2363553496148,484.25690303467655,1927.5323787458694,1272.3612746401307,1557.2182764252345,85.45710053553115,11669.64183979642,2725.13198374416,180.40943446389912,1148.9232405332523,246.87606821375667,168559.38318963881,60826.46511451252,47874.96676668312,53989.89707167002,32160.35550153823,8555.205286945953,5165.406965703217,1015.9899730335371,43829.99734133465,3779.1028903490446,1414.7897755326826,2658.6653499943027,1766.113411067644,531.7330699988606,9590.185726765165,8745.109954802689,9552.204793193816,465.266436249003,3218.8841201716737,1538.227809639561,560.218770177371,712.1425044627597,27583.653006190892,10406.775798549128,4491.2453948118045,6960.006076949372,4187.397926241028,5744.616202666261,1386.3040753541723,3731.6267233848607,6665.653841771431,5934.520870522998,10511.223365870332,484.25690303467655,1984.5037791028901,294.35223517794066,2060.465646245585,598.1997037487182,1557.2182764252345,265.8665349994303,1680.656310532113,1253.370807854457,389.30456910630863,3019.4842189221013,1633.180143567929,1129.9327737475787,3446.7697215997573,816.5900717839645,1766.113411067644,1148.9232405332523,816.5900717839645,816.5900717839645,949.5233392836795,1880.0562117816858,1965.5133123172168,1034.9804398192107,816.5900717839645,816.5900717839645,1025.4852064263741,2421.2845151733827,1471.7611758897035,626.6854039272285,2392.798814994873,683.6568042842492,0.0,1034.9804398192107,2573.2082494587717,883.056705533822,522.2378366060237,816.5900717839645,1110.9423069619052,4282.3502601693945
SRR6784591,controle,12890.571737237915,2716.5647517856955,9607.618967705395,6513.462204088482,6188.313527233824,7635.74957258682,1709.6527202357852,4898.207486810502,2391.416074931037,534.9220167608898,209.7733399062313,9985.21097953661,5055.537491740174,8411.910930239876,24008.558752268174,21816.427350248057,13079.367743153523,9439.80029578041,2506.7914118794642,9974.722312541298,954.4686965733525,4615.013477937088,4929.673487796436,503.4560157749551,3178.0660995794046,1625.7433842732926,2076.75606507169,2338.972739954479,3031.2247616450427,545.4106837562015,471.99001478902045,8191.648923338332,2380.927407935725,1510.3680473248653,1006.9120315499102,241.239340892166,3996.1821252137065,4122.046129157445,1153.753369484272,430.03534680777415,1080.332700517091,13394.02775301287,2034.8013970904435,314.660009859347,13509.403089961297,4531.104141974596,1227.174038451453,1290.1060404233226,650.2973537093171,555.899350751513,2244.5747369966753,4468.172140002726,2989.270093663796,818.1160256343021,4017.1594592043302,1678.1867192498505,671.2746876999402,314.660009859347,17463.630547193756,629.320019718694,230.75067389685444,7331.578229722784,104.88666995311566,3765.431451316852,3891.2954552605906,1342.5493753998803,3933.250123241837,8936.344280005453,10635.508333245927,10541.110330288124,3199.0434335700274,1646.7207182639158,797.1386916436791,2936.8267586872385,4111.5574621621345,4132.534796152757,1657.2093852592275,4111.5574621621345,2076.75606507169,482.478681784332,5758.278180426049,3251.486768546585,304.1713428640354,1982.358062113886,902.0253615967947,1478.9020463389309,146.84133793436192,15082.703139258032,4761.85481587145,356.61467784059323,1657.2093852592275,346.1260108452817,168636.78795061936,61243.32658562423,48677.903525240974,51069.31960017201,30784.237631239444,8422.399597235188,5233.844830660471,1363.5267093905036,40402.34526594015,2727.053418781007,1583.7887162920465,1300.5947074186342,2160.665401034182,912.5140285921062,16425.25251465791,12124.89904658017,8537.774934183613,723.7180226764981,2810.9627547434998,451.01268079839735,178.30733892029662,1846.0053911748355,19991.399293063845,11002.611678081832,5202.378829674537,8128.716921366464,2443.859409907595,7730.147575544624,1374.0153763858152,4164.000797138692,7237.18022676498,5989.028854322904,11380.203689913049,660.7860207046286,1678.1867192498505,283.19400887341226,2213.1087360107404,1164.242036479584,1006.9120315499102,587.3653517374477,1604.7660502826695,471.99001478902045,83.90933596249252,5485.572838547949,1027.8893655405336,1038.378032535845,4300.353468077742,304.1713428640354,1027.8893655405336,650.2973537093171,314.660009859347,314.660009859347,849.5820266202368,2380.927407935725,2422.8820759169716,1122.2873684983376,314.660009859347,304.1713428640354,975.4460305639757,2087.2447320670017,1730.6300542264084,2297.018071973233,1667.698052254539,818.1160256343021,241.239340892166,3796.897452302787,5160.42416169329,881.0480276061716,818.1160256343021,314.660009859347,629.320019718694,2055.7787310810672
SRR8556880,controle,11148.079332843625,4969.105128980686,9419.694940154692,4990.709933889297,6178.974203862939,5617.249276239036,1101.8450503391955,2787.019833210906,4364.170591539559,345.6768785377868,302.4672687205634,5617.249276239036,2635.7861988506247,8253.035475089659,26357.861988506247,19012.228319578273,16592.490169813766,8512.293133993,2290.1093203128376,10629.564015036945,885.7970012530787,4580.218640625675,4558.613835717064,1058.635440521972,3456.768785377868,669.7489521669619,1987.6420515922744,2009.246856500886,1836.4084172319924,626.5393423497386,259.2576589033401,5530.830056604589,1166.6594650650306,1663.5699779630988,1836.4084172319924,151.2336343602817,4688.242665168734,2052.456466318109,885.7970012530787,820.9825865272437,2052.456466318109,11083.26491811779,2246.8997104956143,302.4672687205634,10737.588039580001,3024.6726872056342,1706.7795877803223,864.192196344467,1253.0786846994772,1058.635440521972,453.70090308084514,6567.86069221795,1858.013222140604,432.0960981722335,2592.576589033401,1577.1507583286523,518.5153178066802,302.4672687205634,15296.201875297067,950.6114159789137,64.81441472583502,8577.107548718835,216.04804908611675,3629.607224646761,4320.9609817223345,1836.4084172319924,3780.840859007043,9398.090135246079,8058.592230912155,8901.17962234801,4472.194616082616,1382.7075141511473,1447.5219288769822,3175.906321565916,5120.3387633409675,2484.552564490343,3046.277492114246,3586.3976148295383,2614.1813939420126,410.49129326362186,6740.699131486843,3932.074493367325,151.2336343602817,1209.8690748822537,777.7729767100203,1209.8690748822537,475.30570798945683,19120.252344121334,2354.923735038673,496.9105128980686,1188.264269973642,561.7249276239036,156159.5298794452,62178.6285269844,43922.568379207536,53320.658514453615,29404.13948062049,9916.605453052758,2722.205418485071,1123.4498552478071,41740.48308343776,1922.8276368664392,3003.0678822970226,2246.8997104956143,1253.0786846994772,280.8624638119518,13049.302164801453,13632.631897333968,13762.260726785637,388.88648835501016,2895.0438577539644,3499.9783951950913,2333.3189301300613,993.8210257961372,31326.967117486925,11083.26491811779,4061.7033228189953,5941.321349868211,4234.541762087888,8793.155597804951,1425.9171239683706,3499.9783951950913,7432.052888562416,6351.812643131832,8036.987426003544,345.6768785377868,1706.7795877803223,86.4192196344467,5357.991617335695,2722.205418485071,993.8210257961372,734.563366892797,1987.6420515922744,1404.312319059759,194.44324417750508,5962.926154776823,2009.246856500886,842.5873914358554,4817.871494620404,1101.8450503391955,3932.074493367325,2981.4630773884114,1101.8450503391955,1101.8450503391955,1037.0306356133603,2354.923735038673,2290.1093203128376,1317.8930994253124,1101.8450503391955,1101.8450503391955,1080.2402454305836,1469.126733785594,1663.5699779630988,2592.576589033401,1922.8276368664392,1382.7075141511473,885.7970012530787,4407.380201356782,4774.661884803179,1166.6594650650306,1145.0546601564188,1101.8450503391955,734.563366892797,3672.816834463985
SRR8556900,controle,15498.817195529815,2365.60894037034,21535.19862957827,8075.699486091851,17089.485276123665,14152.867281181174,2039.3180520433966,3140.549800146831,1998.5316910025285,367.07724936781136,203.93180520433967,8891.42670690921,3874.7042988824537,3385.2679663920385,21698.34407374174,21943.06223998695,11624.11289664736,11216.24928623868,407.86361040867934,5302.226935312831,1019.6590260216983,11664.89925768823,8483.563096500531,1590.6680805938495,3670.772493678114,1427.5226364303776,6077.167795089322,1509.0953585121135,897.2999428990946,203.93180520433967,163.14544416347175,9258.50395627702,5546.945101558039,856.5135818582265,5873.235989884982,122.35908312260379,2365.60894037034,1509.0953585121135,489.43633249041517,652.581776653887,693.3681376947549,5139.081491149359,3752.34521575985,367.07724936781136,13989.721837017702,12643.771922669059,10115.017538135247,163.14544416347175,5710.09054572151,489.43633249041517,1101.2317481034343,1957.7453299616607,1631.4544416347173,693.3681376947549,2284.0362182886042,3589.1997715963785,897.2999428990946,367.07724936781136,15213.31266824374,897.2999428990946,81.57272208173588,3915.4906599233213,81.57272208173588,6974.467737988417,1916.9589689207928,4119.422465127662,1672.2408026755852,16722.408026755853,4527.28607553634,10482.094787503058,1998.5316910025285,978.8726649808303,1916.9589689207928,2039.3180520433966,5424.586018435435,1998.5316910025285,6811.3222938249455,1998.5316910025285,1264.377192266906,0.0,2651.1134676564157,1549.8817195529816,122.35908312260379,938.0863039399625,530.2226935312832,815.7272208173587,81.57272208173588,8198.058569214454,2651.1134676564157,326.2908883269435,815.7272208173587,489.43633249041517,156986.70364630068,71620.84998776409,42744.10637082959,69989.39554612938,26307.202871359816,8565.135818582266,2977.404355983359,693.3681376947549,49514.64230361368,6688.963210702341,1060.4453870625664,7096.826821111021,530.2226935312832,1794.5998857981892,11909.617423933436,6974.467737988417,6281.099600293662,407.86361040867934,2039.3180520433966,938.0863039399625,693.3681376947549,815.7272208173587,40092.99290317317,11297.822008320418,1549.8817195529816,3344.4816053511704,2447.181662452076,3589.1997715963785,571.0090545721511,1549.8817195529816,3262.9088832694347,3670.772493678114,4037.8497430459256,2161.677135166001,407.86361040867934,0.0,2977.404355983359,1182.80447018517,326.2908883269435,571.0090545721511,856.5135818582265,367.07724936781136,81.57272208173588,2365.60894037034,489.43633249041517,1916.9589689207928,1753.8135247573211,367.07724936781136,1672.2408026755852,1019.6590260216983,367.07724936781136,367.07724936781136,571.0090545721511,774.9408597764908,815.7272208173587,489.43633249041517,367.07724936781136,367.07724936781136,489.43633249041517,652.581776653887,571.0090545721511,652.581776653887,815.7272208173587,978.8726649808303,285.50452728607553,1631.4544416347173,1835.386246839057,367.07724936781136,489.43633249041517,367.07724936781136,448.6499714495473,1753.8135247573211
SRR8556918,controle,13309.533972294439,2832.641341042257,7915.874432501649,6480.152108959684,9894.843040627062,12882.697605836018,1202.9024872919174,2832.641341042257,737.2628147918203,310.426448333398,1241.705793333592,4462.380194792596,1513.3289356253154,8032.2843506266745,25493.772069380313,20294.129059795894,14240.813317294633,15094.486050211479,1280.5090993752667,13270.730666252764,388.0330604167475,6053.315742501261,3725.117380000776,1707.3454658336889,8265.10418687672,970.0826510418688,5354.856233751116,4656.39672500097,3608.7074618757515,310.426448333398,194.01653020837375,9700.826510418687,3220.6744014590045,4928.019867292693,232.8198362500485,853.6727329168444,2793.8380350005823,7683.054596251601,271.62314229172324,77.6066120833495,2056.575220208762,15210.895968336501,7333.824841876528,0.0,12999.107523961042,3569.904155834077,1125.2958752085678,3337.0843195840284,310.426448333398,77.6066120833495,1358.1157114586163,4345.970276667572,3026.6578712506307,2056.575220208762,1164.0991812502425,7023.39839354313,1086.492569166893,0.0,5742.889294167863,232.8198362500485,0.0,7256.218229793179,232.8198362500485,1435.7223235419658,2328.198362500485,2367.0016685421597,4928.019867292693,11757.401730627449,5160.8397035427415,4307.166970625898,1047.6892631252183,2561.0181987505334,776.066120833495,5199.643009584417,6712.9719452097315,9002.367001668543,2638.624810833883,4966.823173334368,4578.790112917621,194.01653020837375,3919.13391020915,4074.347134375849,77.6066120833495,6286.13557875131,3298.281013542354,3957.9372162508243,1513.3289356253154,12727.48438166932,3220.6744014590045,582.0495906251213,620.852896666796,155.213224166699,165496.10026774282,72872.60874626518,39424.15893834154,51491.98711730239,27938.38035000582,10864.92569166893,2871.4446470839316,737.2628147918203,45865.50774125956,2871.4446470839316,1746.1487718753638,1474.5256295836407,2522.2148927088588,116.40991812502425,5859.299212292887,6945.79178145978,5044.4297854177175,116.40991812502425,1241.705793333592,465.639672500097,543.2462845834465,2328.198362500485,33758.87625625703,9972.449652710411,2716.2314229172325,5160.8397035427415,3453.4942377090524,5316.05292770944,543.2462845834465,5354.856233751116,8342.710798960072,5742.889294167863,9972.449652710411,155.213224166699,1396.9190175002911,1823.7553839587133,3919.13391020915,970.0826510418688,349.2297543750728,116.40991812502425,1746.1487718753638,426.8363664584222,77.6066120833495,5122.036397501067,2638.624810833883,1901.3619960420626,1978.9686081254122,426.8363664584222,853.6727329168444,659.6562027084708,426.8363664584222,426.8363664584222,543.2462845834465,582.0495906251213,814.8694268751698,659.6562027084708,426.8363664584222,426.8363664584222,426.8363664584222,582.0495906251213,1008.8859570835434,737.2628147918203,3143.067789375655,349.2297543750728,232.8198362500485,814.8694268751698,1784.9520779170384,465.639672500097,1047.6892631252183,426.8363664584222,1435.7223235419658,1241.705793333592
SRR8556942,controle,15181.09928731817,2440.6912037489014,20306.55081519086,11031.924240945034,16059.748120667773,16206.189592892706,2001.3667870740996,2831.201796348726,585.7658888997364,390.51059259982424,146.4414722249341,6882.749194571902,2928.8294444986823,2733.57414819877,17719.41813921703,18061.11490774187,10153.27540759543,9860.392463145563,683.3935370496926,5076.637703797715,829.8350092746266,11959.38689836962,11373.621009469882,3221.71238894855,3124.084740798594,878.6488333496046,7224.445963096749,878.6488333496046,1073.9041296495168,927.4626574245826,195.25529629991212,7175.632139021771,4734.94093527287,390.51059259982424,6980.376842721859,195.25529629991212,1854.9253148491653,7956.65332422142,244.06912037489016,829.8350092746266,292.8829444498682,12008.200722444595,4979.01005564776,341.6967685248463,12886.8495557942,24553.35350971395,18842.13609294152,341.6967685248463,9128.185102020892,390.51059259982424,732.2073611246706,2196.6220833740113,1415.600898174363,341.6967685248463,2196.6220833740113,4246.8026945230895,488.1382407497803,341.6967685248463,9274.626574245825,0.0,48.81382407497803,3709.8506296983305,48.81382407497803,9128.185102020892,2538.3188518988577,5760.031240847407,1610.856194474275,16499.072537342578,3172.8985648735725,11178.36571316997,1513.228546324319,1073.9041296495168,1269.1594259494289,1073.9041296495168,3563.409157473396,732.2073611246706,4979.01005564776,1659.6700185492532,1366.787074099385,976.2764814995606,2538.3188518988577,1854.9253148491653,97.62764814995606,7614.956555696573,488.1382407497803,634.5797129747144,244.06912037489016,5027.823879722737,2245.43590744899,48.81382407497803,781.0211851996485,1073.9041296495168,151957.43434540663,75661.42731621595,40759.54310260666,79224.83647368934,26164.209704188226,7322.073611246706,2880.0156204237037,195.25529629991212,49057.893195352925,8347.163916821244,585.7658888997364,7614.956555696573,390.51059259982424,1903.7391389241432,10250.903055745388,4393.2441667480225,5857.658888997365,341.6967685248463,536.9520648247584,488.1382407497803,195.25529629991212,1415.600898174363,35634.09157473396,9518.695694620716,1073.9041296495168,2684.760324123792,3075.270916723616,3319.3400370985064,927.4626574245826,1757.2976666992092,2635.9465000488135,2880.0156204237037,3612.2229815483747,2196.6220833740113,927.4626574245826,48.81382407497803,2147.8082592990336,195.25529629991212,585.7658888997364,439.3244166748023,585.7658888997364,585.7658888997364,341.6967685248463,634.5797129747144,341.6967685248463,1171.5317777994728,1366.787074099385,536.9520648247584,927.4626574245826,1073.9041296495168,536.9520648247584,536.9520648247584,488.1382407497803,488.1382407497803,488.1382407497803,146.4414722249341,536.9520648247584,536.9520648247584,390.51059259982424,634.5797129747144,341.6967685248463,97.62764814995606,1269.1594259494289,292.8829444498682,97.62764814995606,488.1382407497803,390.51059259982424,585.7658888997364,146.4414722249341,536.9520648247584,292.8829444498682,1025.0903055745387
SRR8556969,controle,14718.076285240464,3264.9253731343283,12748.756218905472,6737.1475953565505,11194.029850746268,7825.456053067995,1813.8474295190713,8240.049751243781,2850.3316749585406,155.4726368159204,310.9452736318408,6633.499170812604,2953.9800995024875,5804.311774461028,19952.321724709785,17983.001658374793,14769.900497512439,7566.334991708126,1347.42951907131,8395.522388059702,1191.9568822553897,5907.960199004975,5286.0696517412935,1710.1990049751244,2591.2106135986733,1969.320066334992,3161.2769485903814,1140.1326699834162,1399.2537313432836,9483.830845771145,207.29684908789386,6996.268656716418,2280.2653399668325,155.4726368159204,2643.0348258706467,103.64842454394693,1865.6716417910447,4975.124378109453,414.5936981757877,777.363184079602,673.714759535655,14251.658374792702,1710.1990049751244,207.29684908789386,17775.704809286897,7721.807628524047,5856.135986733002,362.76948590381426,3057.6285240464344,984.660033167496,1191.9568822553897,4456.882255389718,1502.9021558872307,984.660033167496,6374.378109452736,2021.1442786069651,984.660033167496,207.29684908789386,9432.006633499172,103.64842454394693,0.0,4405.058043117744,310.9452736318408,4767.827529021559,3938.640132669984,2487.5621890547263,4249.585406301824,11815.92039800995,8395.522388059702,9328.358208955224,2487.5621890547263,414.5936981757877,2072.9684908789386,2798.507462686567,2746.6832504145937,2124.792703150912,5389.71807628524,2643.0348258706467,2072.9684908789386,570.0663349917081,3524.0464344941956,1399.2537313432836,103.64842454394693,4405.058043117744,518.2421227197347,1036.4842454394693,621.8905472636816,12334.162520729684,2902.155887230514,103.64842454394693,1036.4842454394693,1710.1990049751244,156198.17578772802,64469.32006633499,44257.87728026534,58924.12935323383,27052.238805970148,6218.905472636816,8395.522388059702,7566.334991708126,41822.13930348259,4042.2885572139303,1554.726368159204,2591.2106135986733,2850.3316749585406,1451.077943615257,11194.029850746268,9691.127694859037,9328.358208955224,310.9452736318408,2124.792703150912,1710.1990049751244,1606.5505804311774,414.5936981757877,38090.796019900496,13526.119402985074,1762.0232172470978,5389.71807628524,4405.058043117744,5907.960199004975,2280.2653399668325,2332.089552238806,5493.366500829187,6011.608623548923,8084.577114427861,1606.5505804311774,3109.452736318408,259.1210613598673,2902.155887230514,829.1873963515754,1140.1326699834162,777.363184079602,1502.9021558872307,155.4726368159204,259.1210613598673,2591.2106135986733,1606.5505804311774,2332.089552238806,1969.320066334992,51.824212271973465,2487.5621890547263,1710.1990049751244,51.824212271973465,51.824212271973465,2176.6169154228855,1399.2537313432836,1347.42951907131,518.2421227197347,51.824212271973465,51.824212271973465,1969.320066334992,984.660033167496,2435.737976782753,673.714759535655,1140.1326699834162,1295.6053067993366,673.714759535655,3005.8043117744614,3264.9253731343283,103.64842454394693,1710.1990049751244,51.824212271973465,362.76948590381426,2228.441127694859
SRR8556973,controle,12996.581398090299,5245.785689025109,8517.034068136272,5982.553341978074,4833.195803371448,7603.442178474596,4715.3129788989745,4361.664505481551,1267.2403630790993,707.2969468348462,294.7070611811859,6925.615937757868,5039.490746198279,8458.092655900036,20835.789225509845,15413.179299776022,13821.76116939762,6218.318990923023,5127.902864552634,10049.510786278439,766.2383590710833,5127.902864552634,2858.658493457503,324.1777672993045,4479.547329954025,442.06059177177883,943.062595779795,2239.7736649770127,1650.359542614641,2858.658493457503,530.4727101261345,6837.203819403513,1473.5353059059296,766.2383590710833,442.06059177177883,383.11917953554166,7957.090651892019,3565.9554402923495,1149.357538606625,618.8848284804903,2770.2463751031473,12760.81574914535,1119.8868324885063,0.0,12819.757161381587,3683.8382647648236,2387.1271955676057,559.9434162442532,1886.12519155959,147.35353059059295,1355.652481433455,6660.379582694802,2475.5393139219614,854.6504774254391,6306.731109277378,1444.064599787811,618.8848284804903,0.0,10344.217847459624,648.355534598609,501.002004008016,3919.6039137097728,206.29494282683012,2062.9494282683013,5186.844276788872,1355.652481433455,3064.9534362843333,8870.682541553695,8929.623953789933,9371.684545561711,4538.488742190262,825.1797713073205,1503.006012024048,1768.2423670871153,5334.197807379465,2328.1857833313684,3064.9534362843333,4155.369562654721,4008.016032064128,88.41211835435577,3801.721089237298,5157.373570670754,88.41211835435577,1945.066603795827,1444.064599787811,1768.2423670871153,294.7070611811859,13969.114699988211,1768.2423670871153,324.1777672993045,2004.008016032064,235.76564894494874,144435.9306848992,58853.000117882824,42644.111752917604,54078.74572674761,28586.584934575032,10756.807733113286,4125.898856536603,1591.418130378404,41347.400683720385,2033.4787221501826,1856.6544854414713,501.002004008016,795.709065189202,324.1777672993045,15000.589414122363,15295.296475303549,13792.2904632795,677.8262407167275,2151.361546622657,2711.30496286691,5334.197807379465,1738.771660968997,31297.889897441943,14440.645997878108,648.355534598609,5687.846280796888,4008.016032064128,9076.977484380524,1591.418130378404,3595.426146410468,5687.846280796888,5422.60992573382,10432.629965813981,324.1777672993045,4538.488742190262,324.1777672993045,2858.658493457503,3123.8948485205706,3565.9554402923495,176.82423670871154,3123.8948485205706,2210.3029588588943,0.0,5894.141223623718,2328.1857833313684,147.35353059059295,3477.543321937994,1886.12519155959,8517.034068136272,8222.327006955087,1856.6544854414713,1856.6544854414713,265.23635506306726,707.2969468348462,677.8262407167275,383.11917953554166,1856.6544854414713,1886.12519155959,206.29494282683012,972.5333018979135,1090.4161263703877,943.062595779795,854.6504774254391,2475.5393139219614,2711.30496286691,7161.381586702817,4715.3129788989745,2180.8322527407754,530.4727101261345,1856.6544854414713,943.062595779795,6070.96546033243
SRR8556986,controle,14475.913822319051,5664.488017429194,9440.81336238199,3243.7666424594527,6632.7765674170905,7988.380537400145,580.9731299927379,3679.4964899540064,2808.0367949648994,484.14427499394816,145.24328249818447,7020.091987412249,3873.1541999515853,7939.96610990075,30694.747034616314,19753.086419753086,14040.183974824498,8230.45267489712,3050.1089324618733,9392.398934882594,823.0452674897119,3727.910917453401,4357.2984749455345,1161.9462599854758,2130.234809973372,387.31541999515855,1646.0905349794239,1597.676107480029,1984.9915274751875,242.07213749697408,290.48656499636894,6632.7765674170905,1016.7029774872912,919.8741224885016,968.2885499878963,145.24328249818447,4018.39748244977,2372.306947470346,1355.6039699830549,1452.4328249818445,1016.7029774872912,12878.237714839022,5180.343742435246,871.4596949891068,13749.697409828128,3389.0099249576374,1307.18954248366,1258.7751149842654,968.2885499878963,2275.4780924715565,2227.0636649721614,6342.290002420721,2081.820382473977,1210.3606874848704,3292.1810699588477,2711.2079399661097,1210.3606874848704,871.4596949891068,10021.786492374727,387.31541999515855,0.0,6874.848704914064,677.8019849915274,3969.983054950375,5954.974582425562,1161.9462599854758,5761.316872427984,8666.182522391673,8908.254659888646,10651.17404986686,3389.0099249576374,1452.4328249818445,1210.3606874848704,3292.1810699588477,6100.217864923747,2275.4780924715565,1791.3338174776084,4260.469619946744,3243.7666424594527,96.82885499878964,5374.001452432825,3340.595497458243,532.558702493343,1307.18954248366,823.0452674897119,1113.5318324860807,387.31541999515855,19511.01428225611,2614.37908496732,193.65770999757927,1210.3606874848704,774.6308399903171,151101.42822561122,63616.5577342048,45896.87726942629,53594.771241830065,30259.01718712176,8472.524812394093,3824.739772452191,1065.117404986686,37860.082304526746,4115.22633744856,3873.1541999515853,677.8019849915274,2614.37908496732,677.8019849915274,15686.274509803921,10167.029774872912,14621.157104817235,0.0,4115.22633744856,726.2164124909223,484.14427499394816,1307.18954248366,30501.089324618737,9924.95763737594,6003.389009924958,7794.7228274025665,3921.5686274509803,10021.786492374727,1113.5318324860807,5519.24473493101,7649.479544904382,9198.741224885014,10263.858629871702,726.2164124909223,1646.0905349794239,968.2885499878963,3631.082062454612,1404.0183974824497,1065.117404986686,2420.7213749697407,1065.117404986686,823.0452674897119,871.4596949891068,4454.127329944323,1791.3338174776084,290.48656499636894,4066.8119099491646,484.14427499394816,1307.18954248366,1065.117404986686,484.14427499394816,484.14427499394816,387.31541999515855,2178.6492374727673,2420.7213749697407,1258.7751149842654,484.14427499394816,484.14427499394816,823.0452674897119,1549.2616799806342,2275.4780924715565,1210.3606874848704,2130.234809973372,2178.6492374727673,242.07213749697408,1984.9915274751875,3873.1541999515853,580.9731299927379,532.558702493343,484.14427499394816,1016.7029774872912,1646.0905349794239
SRR8556990,controle,13095.369654105427,5525.472427892585,7956.680296165322,3370.538181014477,5304.453530776881,10940.435407227318,1049.8397612995911,4972.925185103326,773.5661399049619,1436.622831252072,331.52834567355507,9503.812575975246,2099.6795225991823,8288.208641838877,19228.644049066195,19339.153497624047,9835.3409216488,9061.77478174384,1823.405901204553,11548.237374295502,1878.660625483479,6630.5669134711015,2707.4814896673665,607.8019670681844,6906.840534865731,994.5850370206653,1823.405901204553,5304.453530776881,4807.161012266549,110.5094485578517,331.52834567355507,6685.821637750028,3591.5570781301803,4365.123218035143,552.5472427892585,663.0566913471101,2762.7362139462925,2596.972041109515,2265.44369543596,276.27362139462923,1933.9153497624045,11548.237374295502,4917.6704608244,331.52834567355507,7293.623604818212,3923.085423803735,2541.717316830589,1105.094485578517,2044.4247983202563,884.0755884628136,2431.2078682727374,4254.61376947729,3260.028732456625,884.0755884628136,1823.405901204553,4696.651563708698,2486.462592551663,331.52834567355507,33594.87236158692,718.311415626036,0.0,4586.142115150845,607.8019670681844,3812.5759752458835,5635.981876450436,2652.2267653884405,3978.340148082661,11382.473201458726,11990.275168526909,10829.925958669466,2541.717316830589,1878.660625483479,663.0566913471101,3812.5759752458835,7127.859431981435,2375.9531439938114,1436.622831252072,3591.5570781301803,3260.028732456625,110.5094485578517,3978.340148082661,1933.9153497624045,331.52834567355507,2154.9342468781083,3481.0476295723283,4475.632666592994,663.0566913471101,18123.54956348768,2707.4814896673665,552.5472427892585,2873.245662504144,1436.622831252072,176262.57044977346,58735.77190849818,44424.798320256385,50944.85578516963,33871.14598298154,12045.529892805835,4972.925185103326,718.311415626036,38181.01447673776,2652.2267653884405,1160.3492098574427,1878.660625483479,1823.405901204553,276.27362139462923,8343.463366117803,7846.17084760747,10222.123991601282,110.5094485578517,1215.6039341363687,331.52834567355507,221.0188971157034,1823.405901204553,29063.984970714995,8232.953917559951,5691.236600729363,6464.802740634324,3978.340148082661,7348.878329097138,663.0566913471101,2983.7551110619956,4641.396839429771,8232.953917559951,7625.151950491767,331.52834567355507,3591.5570781301803,663.0566913471101,2762.7362139462925,884.0755884628136,994.5850370206653,1823.405901204553,1049.8397612995911,110.5094485578517,0.0,3481.0476295723283,1933.9153497624045,1215.6039341363687,1823.405901204553,110.5094485578517,386.78306995248096,497.2925185103326,110.5094485578517,110.5094485578517,607.8019670681844,1160.3492098574427,1547.1322798099238,552.5472427892585,110.5094485578517,110.5094485578517,497.2925185103326,497.2925185103326,1436.622831252072,2154.9342468781083,994.5850370206653,221.0188971157034,110.5094485578517,2762.7362139462925,2210.188971157034,165.76417283677753,828.8208641838877,110.5094485578517,1105.094485578517,607.8019670681844
SRR8557003,controle,12912.48206599713,7890.961262553802,8608.32137733142,3586.800573888092,6456.241032998565,10043.041606886656,2869.4404591104735,1434.7202295552368,0.0,0.0,717.3601147776184,8608.32137733142,3586.800573888092,6456.241032998565,23672.88378766141,15781.922525107604,10043.041606886656,7173.601147776184,8608.32137733142,5021.520803443328,2152.080344332855,6456.241032998565,5021.520803443328,2869.4404591104735,1434.7202295552368,1434.7202295552368,717.3601147776184,1434.7202295552368,2152.080344332855,0.0,0.0,2869.4404591104735,717.3601147776184,1434.7202295552368,1434.7202295552368,717.3601147776184,6456.241032998565,1434.7202295552368,4304.16068866571,0.0,0.0,9325.681492109039,1434.7202295552368,0.0,12912.48206599713,2152.080344332855,1434.7202295552368,1434.7202295552368,1434.7202295552368,1434.7202295552368,717.3601147776184,7890.961262553802,2152.080344332855,3586.800573888092,2869.4404591104735,2152.080344332855,0.0,0.0,17934.002869440457,0.0,1434.7202295552368,7890.961262553802,0.0,2869.4404591104735,5021.520803443328,5738.880918220947,2869.4404591104735,10760.401721664277,12195.121951219513,9325.681492109039,5738.880918220947,717.3601147776184,2152.080344332855,7890.961262553802,4304.16068866571,2152.080344332855,2152.080344332855,5021.520803443328,3586.800573888092,2152.080344332855,7173.601147776184,7173.601147776184,0.0,1434.7202295552368,717.3601147776184,717.3601147776184,717.3601147776184,19368.723098995695,4304.16068866571,0.0,2869.4404591104735,1434.7202295552368,147058.82352941178,55236.72883787662,55954.08895265423,44476.32711621234,30129.12482065997,10760.401721664277,1434.7202295552368,0.0,35868.005738880915,2152.080344332855,2869.4404591104735,717.3601147776184,0.0,717.3601147776184,16499.282639885223,12195.121951219513,15064.562410329985,0.0,5021.520803443328,0.0,717.3601147776184,3586.800573888092,28694.404591104736,10043.041606886656,3586.800573888092,9325.681492109039,3586.800573888092,10760.401721664277,2152.080344332855,1434.7202295552368,10760.401721664277,7173.601147776184,12912.48206599713,717.3601147776184,1434.7202295552368,0.0,4304.16068866571,2152.080344332855,0.0,0.0,0.0,1434.7202295552368,1434.7202295552368,7890.961262553802,717.3601147776184,0.0,5021.520803443328,0.0,717.3601147776184,717.3601147776184,0.0,0.0,0.0,3586.800573888092,3586.800573888092,2152.080344332855,0.0,0.0,2152.080344332855,2869.4404591104735,2152.080344332855,3586.800573888092,2152.080344332855,0.0,717.3601147776184,5021.520803443328,7890.961262553802,0.0,0.0,0.0,1434.7202295552368,0.0
SRR8557024,controle,12170.803823145156,5707.21309220931,7048.064360860895,4641.408237640102,7254.3491714226775,7701.299594306539,1581.5168809736642,4641.408237640102,3025.5105549061404,412.56962112356456,343.8080176029705,6429.2099291755485,3163.0337619473285,8217.011620710995,26473.21735542873,18909.44096816338,16777.831259024962,7701.299594306539,2337.8945197001995,10933.094959774462,721.9968369662381,5397.785876366637,3231.7953654679227,825.1392422471291,5122.73946228426,1134.5664580898026,1615.8976827339613,2956.748951385546,2509.798528501685,309.4272158426735,309.4272158426735,6635.494739737331,1856.5632950560407,1822.1824932957438,790.7584404868321,275.0464140823764,4228.838616516537,3025.5105549061404,1409.612872172179,550.0928281647527,1856.5632950560407,12927.18146187169,2750.464140823764,275.0464140823764,11517.568589699513,2991.1297531458436,1753.4208897751496,1168.9472598500997,1272.0896651309909,721.9968369662381,550.0928281647527,5982.259506291687,2681.70253730317,1203.3280616103966,4022.5538059547553,2647.321735542873,1272.0896651309909,275.0464140823764,11311.28377913773,756.3776387265351,309.4272158426735,7116.825964381489,137.5232070411882,2853.606546104655,4160.077012995943,2062.848105617823,4572.646634119507,9214.05487175961,8079.488413669806,9523.482087602282,3575.6033830708934,1719.0400880148527,1512.7552774530702,4160.077012995943,5294.643471085746,2819.225744344358,2750.464140823764,4538.26583235921,2234.7521144193083,550.0928281647527,4847.693048201884,3919.411400673864,171.90400880148525,1547.136079213367,1719.0400880148527,2647.321735542873,653.235233445644,17465.4472942309,3300.5569689885165,481.3312246441587,928.2816475280204,446.9504228838617,150106.5804854569,64051.4336794334,45279.51591831122,52396.3418826927,29120.539090971604,11483.187787939214,4675.789039400399,756.3776387265351,40878.773292993195,2131.609709138417,1650.2784844942582,825.1392422471291,2200.371312659011,240.66561232207934,14852.506360448326,11826.995805542185,12720.896651309908,1134.5664580898026,3403.699374269408,2269.132916179605,2681.70253730317,1100.1856563295055,27607.78381351853,11311.28377913773,2372.2753214604963,6429.2099291755485,4091.3154094753495,10279.85972632882,1856.5632950560407,3713.1265901120814,6635.494739737331,7254.3491714226775,8251.392422471292,275.0464140823764,2303.5137179399026,412.56962112356456,3644.3649865914877,2647.321735542873,1306.470466891288,653.235233445644,2406.6561232207932,1443.9936739324762,618.854431685347,5294.643471085746,1787.8016915354467,997.0432510486144,3644.3649865914877,1065.8048545692086,4160.077012995943,3850.6497971532694,1065.8048545692086,1065.8048545692086,1134.5664580898026,1203.3280616103966,1203.3280616103966,1237.708863370694,1065.8048545692086,1065.8048545692086,1340.851268651585,1409.612872172179,1615.8976827339613,1134.5664580898026,2441.0369249810906,928.2816475280204,1134.5664580898026,4160.077012995943,4022.5538059547553,1547.136079213367,1031.4240528089115,1065.8048545692086,997.0432510486144,2578.5601320222786
ERR911954,enx,14151.332618202821,7261.3251918475125,8168.990840828451,3383.1174189289545,9984.322138790329,9282.944137305058,660.1204719861375,4290.783067909893,660.1204719861375,536.3478834887367,618.8629424870039,6890.00742635531,2021.6189454575458,6972.5224853535765,27766.317352916907,17369.41991913524,11428.335671260005,10561.9275517782,1402.756002970542,11923.42602524961,1237.7258849740078,7096.295073850978,5611.024011882168,1526.5285914679428,4208.268008911626,4538.328244904695,2557.966828946283,2392.9367109497484,3630.6625959237563,123.77258849740079,453.83282449046953,6683.719778859642,3094.3147124350194,330.0602359930688,1113.953296476607,2145.3915339549467,1815.3312979618781,1485.2710619688091,330.0602359930688,1320.240943972275,2392.9367109497484,10231.867315785132,4785.873421899497,536.3478834887367,13656.24226421322,9159.171548807659,6229.886954369173,742.6355309844046,2970.5421239376183,1196.4683554748742,1320.240943972275,5363.478834887367,1609.04365046621,2351.6791814506146,2640.48188794455,4662.100833402096,783.8930604835382,536.3478834887367,11758.395907253074,371.3177654922023,330.0602359930688,6972.5224853535765,1196.4683554748742,4620.843303902962,3424.3749484280884,1815.3312979618781,4868.388480897764,10108.09472728773,6477.432131363974,8911.626371812856,5157.191187391699,1320.240943972275,3135.5722419341528,2434.194240448882,3218.08730093242,4455.813185906428,2929.284594438485,2434.194240448882,3218.08730093242,453.83282449046953,3176.8297714332866,2104.134004455813,330.0602359930688,1320.240943972275,2846.7695354402176,2805.512005941084,536.3478834887367,10314.382374783398,2557.966828946283,3960.7228319168253,206.28764749566795,288.80270649393515,153560.5247957752,68817.55920455483,38121.95725719944,66548.39508210249,25950.98605495503,11015.760376268669,4414.555656407295,453.83282449046953,40886.21173364139,5611.024011882168,2805.512005941084,3341.859889429821,1031.4382374783397,1485.2710619688091,9901.807079792063,10190.609786285999,8292.763429325852,660.1204719861375,3506.8900074263556,1113.953296476607,453.83282449046953,783.8930604835382,39772.25843716478,8251.505899826718,2021.6189454575458,6972.5224853535765,3589.405066424623,6312.40201336744,330.0602359930688,3960.7228319168253,6312.40201336744,6271.1444838683055,8210.248370327585,1650.3011799653436,577.6054129878703,701.378001485271,8292.763429325852,1485.2710619688091,247.54517699480158,825.1505899826718,1402.756002970542,536.3478834887367,495.09035398960316,7013.780014852711,1031.4382374783397,206.28764749566795,1939.1038864592788,371.3177654922023,990.1807079792063,742.6355309844046,371.3177654922023,371.3177654922023,165.0301179965344,701.378001485271,701.378001485271,1196.4683554748742,371.3177654922023,371.3177654922023,165.0301179965344,1485.2710619688091,1278.9834144731415,866.4081194818054,2021.6189454575458,371.3177654922023,577.6054129878703,3135.5722419341528,3630.6625959237563,330.0602359930688,1609.04365046621,371.3177654922023,701.378001485271,1485.2710619688091
ERR911958,enx,12960.80714008537,4423.7485448195575,7372.914241365929,4967.015909972836,12029.491656965465,5665.502522312767,620.8769887466045,3259.604190919674,1319.3636010865348,1008.9251067132324,0.0,8925.10671323244,3802.871556072953,4734.18703919286,25921.61428017074,20644.159875824604,12262.320527745442,9235.545207605743,1241.753977493209,12417.539774932091,543.267365153279,6208.7698874660455,5432.67365153279,465.6577415599534,3259.604190919674,1164.1443538998835,2638.7272021730696,1008.9251067132324,1940.2405898331394,620.8769887466045,77.60962359332557,6286.379511059371,1707.4117190531626,232.8288707799767,1319.3636010865348,1707.4117190531626,2793.9464493597206,1164.1443538998835,931.3154831199068,232.8288707799767,310.43849437330226,10942.956926658906,2173.069460613116,77.60962359332557,10942.956926658906,3647.652308886302,1629.802095459837,543.267365153279,698.4866123399302,232.8288707799767,155.21924718665113,7683.352735739231,2017.8502134264647,3104.3849437330227,5898.331393092743,2173.069460613116,698.4866123399302,77.60962359332557,9080.325960419092,155.21924718665113,0.0,6286.379511059371,1164.1443538998835,3725.2619324796274,3104.3849437330227,2405.8983313930926,2250.6790842064415,10865.34730306558,6907.256499805976,6829.646876212651,4734.18703919286,853.7058595265813,1552.1924718665114,1862.6309662398137,3259.604190919674,2328.288707799767,2949.1656965463717,3414.8234381063253,2328.288707799767,155.21924718665113,4035.7004268529295,1862.6309662398137,232.8288707799767,465.6577415599534,1008.9251067132324,1241.753977493209,1552.1924718665114,19635.23476911137,3259.604190919674,1008.9251067132324,620.8769887466045,232.8288707799767,156693.83003492432,64571.20682964687,38416.76367869616,57198.29258828095,24990.298797050833,9778.812572759021,3181.9945673263483,620.8769887466045,38571.98292588281,4346.138921226232,2871.556072953046,4578.967792006209,776.0962359332557,1940.2405898331394,13426.464881645323,9856.422196352347,9545.983701979045,388.04811796662784,2173.069460613116,853.7058595265813,232.8288707799767,2949.1656965463717,61466.82188591385,12262.320527745442,2638.7272021730696,6752.037252619324,3570.0426852929763,6519.208381839348,620.8769887466045,5898.331393092743,13426.464881645323,7605.743112145906,8149.0104772991845,1862.6309662398137,1008.9251067132324,0.0,15521.924718665116,2250.6790842064415,232.8288707799767,698.4866123399302,931.3154831199068,465.6577415599534,543.267365153279,10011.641443539,1629.802095459837,698.4866123399302,2173.069460613116,388.04811796662784,698.4866123399302,465.6577415599534,388.04811796662784,388.04811796662784,543.267365153279,1319.3636010865348,1396.9732246798603,543.267365153279,388.04811796662784,388.04811796662784,620.8769887466045,1319.3636010865348,1707.4117190531626,1241.753977493209,2095.4598370197905,465.6577415599534,0.0,3802.871556072953,4656.577415599534,388.04811796662784,2949.1656965463717,388.04811796662784,853.7058595265813,776.0962359332557
ERR911962,enx,12089.127686472819,9481.668773704172,8454.48798988622,9086.599241466498,6005.056890012643,10508.849557522124,6084.070796460177,5768.015170670037,474.0834386852086,158.02781289506956,474.0834386852086,6716.182048040456,1501.2642225031607,10034.766118836915,25995.575221238938,12089.127686472819,9639.69658659924,6637.168141592921,1501.2642225031607,13432.364096080912,1264.2225031605565,8691.529709228826,5926.0429835651075,1738.305941845765,2844.5006321112514,6321.112515802781,3081.542351453856,2844.5006321112514,4345.764854614413,158.02781289506956,632.1112515802782,5056.890012642226,4266.750948166878,632.1112515802782,1106.1946902654868,316.0556257901391,2528.445006321113,632.1112515802782,1501.2642225031607,395.0695322376738,4977.87610619469,7585.3350189633375,7032.237673830594,237.0417193426043,13906.44753476612,13274.336283185841,12168.141592920354,1106.1946902654868,8770.543615676359,632.1112515802782,1975.3476611883689,5530.973451327433,2054.3615676359036,553.0973451327434,474.0834386852086,8533.501896333755,1027.1807838179518,237.0417193426043,14380.530973451327,158.02781289506956,0.0,6953.22376738306,158.02781289506956,4582.806573957017,4108.723135271807,3239.570164348925,5451.959544879899,8138.432364096081,5056.890012642226,7190.265486725663,3476.61188369153,1896.3337547408344,2054.3615676359036,790.1390644753476,5609.987357774969,4740.834386852086,3081.542351453856,2765.4867256637167,2291.4032869785083,158.02781289506956,3397.597977243995,1501.2642225031607,553.0973451327434,711.1251580278129,3555.6257901390645,3713.653603034134,0.0,13590.39190897598,4582.806573957017,5293.93173198483,158.02781289506956,79.01390644753478,153207.96460176993,64554.361567635904,36504.424778761066,71586.5992414665,26864.728192161823,12168.141592920354,5768.015170670037,395.0695322376738,42114.412136536026,5056.890012642226,1501.2642225031607,4345.764854614413,632.1112515802782,0.0,7506.321112515803,7980.404551201012,3713.653603034134,474.0834386852086,2765.4867256637167,79.01390644753478,0.0,1027.1807838179518,30420.353982300883,8533.501896333755,3002.5284450063214,7980.404551201012,1738.305941845765,3713.653603034134,632.1112515802782,5926.0429835651075,4503.792667509482,4819.84829329962,6321.112515802781,0.0,711.1251580278129,79.01390644753478,5530.973451327433,1027.1807838179518,553.0973451327434,711.1251580278129,1343.236409608091,1659.2920353982302,1896.3337547408344,3476.61188369153,395.0695322376738,395.0695322376738,2449.4310998735778,869.1529709228824,1027.1807838179518,1975.3476611883689,869.1529709228824,869.1529709228824,237.0417193426043,1343.236409608091,1422.2503160556257,1343.236409608091,869.1529709228824,869.1529709228824,237.0417193426043,1185.2085967130215,1027.1807838179518,790.1390644753476,1185.2085967130215,237.0417193426043,0.0,3792.6675094816687,2212.3893805309735,790.1390644753476,1975.3476611883689,869.1529709228824,1422.2503160556257,2607.458912768647
ERR911970,enx,12395.118230358505,11479.786422578185,7665.903890160183,7398.932112890922,9534.706331045005,11174.675819984745,2250.1906941266207,5415.713196033563,343.24942791762015,76.27765064836004,0.0,6254.767353165523,1106.0259344012204,10488.176964149503,23913.04347826087,12547.673531655226,9839.816933638444,7551.4874141876435,1296.7200610221205,8581.235697940503,1182.3035850495803,11899.313501144165,7398.932112890922,2364.6071700991606,5301.296720061022,5491.990846681922,2745.995423340961,3279.9389778794816,6178.489702517162,38.13882532418002,762.7765064836003,6445.461479786422,4614.797864225781,457.6659038901602,1754.3859649122808,3966.437833714722,3127.3836765827614,953.4706331045004,305.11060259344015,190.69412662090008,5682.684973302822,8962.623951182304,6903.127383676583,686.4988558352403,13234.172387490466,8543.096872616323,6521.739130434782,991.6094584286805,3699.466056445461,1906.9412662090008,1563.6918382913807,5835.240274599542,2212.051868802441,343.24942791762015,1639.9694889397408,6292.906178489702,1563.6918382913807,686.4988558352403,10793.287566742945,38.13882532418002,686.4988558352403,6483.600305110603,0.0,5682.684973302822,4271.548436308161,4805.491990846682,4462.242562929062,8543.096872616323,3852.0213577421814,9992.372234935165,5110.602593440122,2173.913043478261,2517.162471395881,2326.4683447749812,4309.687261632342,4424.103737604882,2707.8565980167814,1144.1647597254005,2440.884820747521,190.69412662090008,2936.6895499618613,1182.3035850495803,724.6376811594203,1029.7482837528605,4805.491990846682,4424.103737604882,572.0823798627002,10373.760488176964,2364.6071700991606,3279.9389778794816,305.11060259344015,152.55530129672007,147101.4492753623,62929.06178489703,40350.87719298246,68802.44088482075,25667.42944317315,15827.612509534707,5377.574370709382,305.11060259344015,43783.37147215866,8657.513348588864,1639.9694889397408,8543.096872616323,800.9153318077803,228.8329519450801,6788.710907704043,8848.207475209763,3318.077803203661,228.8329519450801,2173.913043478261,991.6094584286805,190.69412662090008,381.38825324180016,33295.194508009154,6483.600305110603,2440.884820747521,8581.235697940503,1334.8588863463006,1906.9412662090008,228.8329519450801,7055.6826849733025,4805.491990846682,5530.129672006103,6636.155606407322,228.8329519450801,343.24942791762015,839.0541571319603,5835.240274599542,953.4706331045004,572.0823798627002,1067.8871090770403,2822.2730739893213,1945.0800915331808,1258.5812356979404,3585.049580472921,343.24942791762015,381.38825324180016,2860.411899313501,762.7765064836003,2059.496567505721,839.0541571319603,762.7765064836003,762.7765064836003,228.8329519450801,1106.0259344012204,1144.1647597254005,2555.301296720061,762.7765064836003,762.7765064836003,228.8329519450801,2326.4683447749812,2212.051868802441,266.9717772692601,2440.884820747521,305.11060259344015,991.6094584286805,2669.717772692601,2479.023646071701,724.6376811594203,305.11060259344015,762.7765064836003,533.9435545385202,3585.049580472921
ERR911972,enx,12735.92143624367,8490.614290829113,8797.503963991612,6495.831415272875,11406.066185872845,15395.63193698532,1841.3380389749884,4756.78993401872,664.9276251854125,255.74139430208174,1176.410413789576,6188.941742110378,1329.855250370825,7314.2038770395375,27466.62574804358,16878.932023937392,10280.804050943687,8899.800521712445,1432.1518080916578,7979.131502224949,971.8172983479105,7723.390107922869,5728.607232366631,1329.855250370825,3938.4174722520593,3478.0829625083115,4347.60370313539,2403.9691064395683,4552.196818577055,255.74139430208174,1227.5586926499923,7314.2038770395375,3580.3795202291444,613.7793463249961,869.5207406270779,3938.4174722520593,2506.265664160401,1074.1138560687432,562.6310674645798,306.88967316249807,4654.493376297888,10383.10060866452,7723.390107922869,613.7793463249961,13503.145619149915,7927.983223364533,4552.196818577055,1125.2621349291596,1125.2621349291596,1790.1897601145722,1585.5966446729067,4859.086491739553,2148.2277121374864,1176.410413789576,1636.7449235333231,8234.872896527033,1687.8932023937393,613.7793463249961,10178.507493222853,204.5931154416654,920.6690194874942,5421.717559204133,358.03795202291445,3682.676077949977,4143.010587693724,2915.451895043732,4603.345097437471,9718.172983479106,4654.493376297888,8490.614290829113,4143.010587693724,1432.1518080916578,3068.896731624981,2813.155337322899,3478.0829625083115,4347.60370313539,2455.1173852999846,2403.9691064395683,3733.8243568103935,51.14827886041635,3631.5277990895606,1381.0035292312414,1176.410413789576,1176.410413789576,2659.71050074165,2966.600173904148,1022.965577208327,10536.545445245767,3324.6381259270624,2250.5242698583193,255.74139430208174,51.14827886041635,151296.60886911157,64958.314152728766,39435.323001381,66441.61423968084,23630.504833512354,11661.807580174927,4654.493376297888,818.3724617666616,40509.43685744975,7467.648713620787,1176.410413789576,7058.4624827374555,1125.2621349291596,1585.5966446729067,7263.055598179121,9308.986752595776,5472.865838064549,818.3724617666616,3171.1932893458134,971.8172983479105,1022.965577208327,869.5207406270779,36110.684875453946,8337.169454247865,2148.2277121374864,9718.172983479106,1739.0414812541558,3222.34156820623,306.88967316249807,6495.831415272875,6086.645184389546,7365.352155899954,8797.503963991612,1483.300086952074,358.03795202291445,818.3724617666616,8439.466011968696,1534.4483658124905,358.03795202291445,1227.5586926499923,2301.6725487187355,1432.1518080916578,1278.7069715104087,4910.234770599969,971.8172983479105,409.1862308833308,1687.8932023937393,460.3345097437471,1074.1138560687432,920.6690194874942,460.3345097437471,460.3345097437471,306.88967316249807,664.9276251854125,716.0759040458289,1790.1897601145722,460.3345097437471,460.3345097437471,358.03795202291445,1585.5966446729067,1483.300086952074,562.6310674645798,2250.5242698583193,409.1862308833308,1329.855250370825,3887.269193391642,2813.155337322899,409.1862308833308,409.1862308833308,460.3345097437471,767.2241829062452,1739.0414812541558
ERR911978,enx,10871.37620793069,9163.612129290237,8122.292569143619,6872.709096967677,6039.653448850383,10579.806731089637,3248.9170276574478,4415.19493502166,999.6667777407531,416.5278240586471,416.5278240586471,7580.806397867378,1541.1529490169944,10496.501166277909,24700.099966677775,15161.612795734756,9371.87604131956,10204.931689436855,958.0139953348884,11454.515161612797,1832.7224258580472,9621.792735754747,6747.750749750084,3498.833722092636,5748.08397200933,2874.041986004665,2499.1669443518826,2957.3475508163947,5706.431189603465,499.83338887037655,958.0139953348884,7497.5008330556475,3790.403198933689,541.4861712762412,2915.69476841053,6539.4868377207595,3665.4448517160945,1291.236254581806,291.56947684105296,583.1389536821059,4665.111629456847,7580.806397867378,6622.792402532489,666.4445184938354,13162.279240253249,6706.097967344219,4331.889370209929,708.0973008997001,1249.5834721759413,1291.236254581806,3582.1392869043652,4873.375541486171,1082.9723425524824,874.708430523159,1207.9306897700767,6622.792402532489,874.708430523159,666.4445184938354,11829.390203265579,291.56947684105296,666.4445184938354,7997.334221926025,416.5278240586471,7664.111962679107,6456.181272909031,4915.028323892036,4706.764411862713,9288.570476507832,4331.889370209929,10788.070643118961,3040.653115628124,1541.1529490169944,2915.69476841053,1624.4585138287239,4123.625458180607,3082.305898033989,1832.7224258580472,1707.7640786404531,2207.59746751083,166.61112962345885,2665.7780739753416,1874.3752082639119,1082.9723425524824,749.7500833055648,4123.625458180607,3457.180939686771,208.26391202932356,8413.862045984672,2290.9030323225593,2374.2085971342885,541.4861712762412,83.30556481172943,150824.72509163612,60688.10396534489,41319.56014661779,63270.576474508496,27699.100299900034,14120.293235588137,4915.028323892036,666.4445184938354,42819.06031322892,8330.556481172944,1457.847384205265,6039.653448850383,1041.319560146618,874.708430523159,7039.320226591137,15119.96001332889,5414.861712762412,666.4445184938354,3915.361546151283,624.7917360879707,83.30556481172943,333.2222592469177,37070.97634121959,7830.723092302566,1791.0696434521826,7622.459180273242,1457.847384205265,3332.222592469177,374.8750416527824,6206.264578473842,5373.208930356548,6039.653448850383,8205.59813395535,1249.5834721759413,458.1806064645118,666.4445184938354,4831.722759080307,2582.472509163612,249.91669443518828,749.7500833055648,2999.000333222259,458.1806064645118,208.26391202932356,4956.6811062979,2290.9030323225593,499.83338887037655,2290.9030323225593,333.2222592469177,833.0556481172943,999.6667777407531,333.2222592469177,333.2222592469177,333.2222592469177,1457.847384205265,1499.5001666111295,1124.6251249583472,333.2222592469177,333.2222592469177,374.8750416527824,833.0556481172943,666.4445184938354,583.1389536821059,2957.3475508163947,499.83338887037655,249.91669443518828,3790.403198933689,2582.472509163612,291.56947684105296,1291.236254581806,333.2222592469177,124.95834721759414,1541.1529490169944
ERR911988,enx,9284.686805283118,7192.363018177062,6276.971361318164,7388.518373218256,8173.139793383026,11834.706420818622,1961.5535504119262,5688.505296194586,1503.8577219824767,915.3916568588988,1569.242840329541,7976.984438341833,1438.4726036354125,6603.896953053485,26284.81757551981,19877.07597750752,9807.767752059632,9676.997515365503,784.6214201647705,9676.997515365503,2026.9386687589904,6603.896953053485,5100.0392310710085,2942.3303256178892,4511.57316594743,2353.8642604943116,2484.63449718844,1830.7833137177977,2746.174970576697,457.6958284294494,1046.1618935530273,5100.0392310710085,2353.8642604943116,457.6958284294494,980.7767752059631,3007.7154439649535,3138.485680659082,2353.8642604943116,392.31071008238524,196.15535504119262,1830.7833137177977,10461.618935530274,8892.376095200732,457.6958284294494,11573.165947430365,8107.754675035962,6669.282071400549,980.7767752059631,3792.3368641297243,1176.9321302471558,1700.0130770236694,6996.20766313587,1176.9321302471558,980.7767752059631,2092.3237871060546,5426.96482280633,653.8511834706421,457.6958284294494,9676.997515365503,130.7702366941284,980.7767752059631,6865.437426441742,523.0809467765137,5296.194586112201,4380.802929253302,3857.7219824767885,4446.188047600366,9807.767752059632,4903.883876029816,8892.376095200732,2419.249378841376,2288.4791421472473,4119.262455865045,1700.0130770236694,3465.4112723944027,5819.275532888714,3007.7154439649535,2680.7898522296327,2353.8642604943116,457.6958284294494,2680.7898522296327,1176.9321302471558,1176.9321302471558,2288.4791421472473,1961.5535504119262,1896.1684320648621,1438.4726036354125,10853.92964561266,2746.174970576697,2419.249378841376,326.92559173532106,130.7702366941284,152478.09598535372,59696.61305086962,38184.9091146855,53419.64168955146,24911.730090231464,9742.382633712568,6342.356479665228,523.0809467765137,37334.90257617366,7976.984438341833,2288.4791421472473,5688.505296194586,784.6214201647705,523.0809467765137,10461.618935530274,12292.40224924807,7650.058846606513,457.6958284294494,2223.094023800183,850.0065385118347,196.15535504119262,784.6214201647705,44919.57630443311,8042.369556688897,2288.4791421472473,8042.369556688897,2419.249378841376,5230.809467765137,980.7767752059631,4969.26899437688,6538.511834706421,9219.301686936054,9546.227278671375,1111.5470119000915,457.6958284294494,588.4660651235779,12946.253432718713,1176.9321302471558,523.0809467765137,2026.9386687589904,3334.6410357002746,980.7767752059631,523.0809467765137,10003.923107100823,2353.8642604943116,1242.31724859422,2484.63449718844,719.2363018177062,850.0065385118347,980.7767752059631,719.2363018177062,719.2363018177062,980.7767752059631,1373.0874852883485,1438.4726036354125,915.3916568588988,719.2363018177062,719.2363018177062,1046.1618935530273,980.7767752059631,1503.8577219824767,1046.1618935530273,784.6214201647705,588.4660651235779,653.8511834706421,4119.262455865045,3661.5666274355954,653.8511834706421,784.6214201647705,719.2363018177062,457.6958284294494,1503.8577219824767
ERR912020,enx,14207.845590206416,6657.135197926906,6657.135197926906,5495.487445268519,10454.829773925476,8712.358144937896,1474.3990706817979,3574.300777410419,1385.0415512465374,714.8601554820838,1251.0052720936467,6925.207756232687,2323.2955053167725,5718.88124385667,30158.16280940041,20328.83567152176,10946.296130819408,9829.327137878652,1653.114109552319,13492.985434724333,2412.6530247520327,8042.176749173444,5361.451166115628,2591.368063622554,2367.9742650344024,2055.222947010991,2546.6893039049237,2412.6530247520327,2636.0468233401843,491.4663568939327,491.4663568939327,5674.20248413904,1921.1866678581002,804.2176749173443,714.8601554820838,2189.2592261638815,3529.6220176927886,1474.3990706817979,625.5026360468233,1340.362791528907,2546.6893039049237,12554.731480654098,4199.803413457243,580.8238763291931,11750.513805736753,6567.777678491645,4691.269770351175,1027.6114735054955,2546.6893039049237,848.8964346349745,1027.6114735054955,7684.746671432401,2323.2955053167725,2144.5804664462516,2680.725583057814,2948.7981413635957,1027.6114735054955,580.8238763291931,11214.36868912519,580.8238763291931,625.5026360468233,5361.451166115628,446.78759717630237,4557.233491198284,4601.912250915914,2904.1193816459654,2948.7981413635957,8712.358144937896,6120.990081315344,8131.534268608704,4780.6272897864355,1385.0415512465374,1429.7203109641675,3395.585738539898,4601.912250915914,3395.585738539898,3127.513180234117,4244.4821731748725,2725.4043427754445,223.39379858815118,3797.69457599857,2546.6893039049237,1116.968992940756,1519.077830399428,1116.968992940756,1608.4353498346886,2278.616745599142,12510.052720936468,2904.1193816459654,2412.6530247520327,357.4300777410419,134.03627915289073,154409.7935841301,68403.18112769189,41819.3190957019,62148.15476722366,25064.784201590563,11839.871325172013,4021.088374586722,1116.968992940756,41640.604056831384,6612.456438209276,3663.6582968456796,5316.772406397999,893.5751943526047,580.8238763291931,8935.751943526047,12376.016441783577,8623.000625502636,446.78759717630237,3797.69457599857,580.8238763291931,178.71503887052094,1742.4716289875792,37440.80064337414,6746.492717362166,2323.2955053167725,7550.71039227951,2502.0105441872934,6612.456438209276,357.4300777410419,2680.725583057814,5227.414886962738,6701.813957644536,9293.18202126709,536.1451166115629,268.07255830578146,134.03627915289073,10678.223572513627,1921.1866678581002,312.75131802341167,625.5026360468233,1385.0415512465374,536.1451166115629,268.07255830578146,7193.280314538468,1251.0052720936467,357.4300777410419,2725.4043427754445,357.4300777410419,491.4663568939327,804.2176749173443,357.4300777410419,357.4300777410419,268.07255830578146,982.9327137878654,1027.6114735054955,1608.4353498346886,357.4300777410419,357.4300777410419,312.75131802341167,2278.616745599142,1697.792869269949,759.538915199714,1295.684031811277,134.03627915289073,268.07255830578146,3172.191939951747,2904.1193816459654,312.75131802341167,848.8964346349745,357.4300777410419,759.538915199714,893.5751943526047
ERR912041,enx,12425.922385777098,8449.627222328427,7302.619002102848,7914.35671955649,11278.91416555152,10667.176448097878,1644.0451156566621,5582.106671764481,611.7377174536417,382.3360734085261,229.40164404511566,7149.684572739438,2676.3525138596824,6117.377174536417,29172.242401070544,18122.729879564136,11661.250238960047,9940.737908621677,1988.1475817243359,10628.942840757025,573.5041101127891,6805.582106671764,8411.393614987574,1261.7090422481363,3058.6885872682087,2408.7172624737145,3976.2951634486717,2217.5492257694514,3861.5943414261133,76.46721468170522,573.5041101127891,7493.7870388071115,4052.7623781303764,152.93442936341043,573.5041101127891,2867.5205505639456,2561.651691837125,1108.7746128847257,1070.541005543873,497.03689543108396,3096.922194609061,10437.774804052762,4129.229592812081,152.93442936341043,13496.463391320971,4282.164022175492,2332.2500477920094,1147.0082202255783,1070.541005543873,917.6065761804626,994.0737908621679,7417.319824125406,1988.1475817243359,1644.0451156566621,2561.651691837125,4702.733702924871,497.03689543108396,152.93442936341043,11928.885490346014,38.23360734085261,573.5041101127891,5123.30338367425,267.6352513859683,3441.0246606767346,2943.987765245651,2714.5861212005357,3096.922194609061,10284.840374689353,5314.471420378512,9329.000191168037,4129.229592812081,1491.1106862932518,5658.573886446186,2332.2500477920094,2982.2213725865035,6232.077996558975,2255.7828331103037,3326.323838654177,2255.7828331103037,191.16803670426305,3899.827948766966,1414.6434716115466,1299.9426495889886,1338.1762569298412,2026.3811890651882,3135.1558019499143,573.5041101127891,9252.532976486333,4129.229592812081,1758.74593767922,267.6352513859683,38.23360734085261,156643.08927547312,67138.21449053718,40527.623781303766,62856.0504683617,25960.619384438924,11202.446950869815,5582.106671764481,573.5041101127891,43548.078761231125,7111.450965398586,1720.5123303383673,4932.135346969986,1070.541005543873,1147.0082202255783,8755.496081055247,12081.819919709424,7608.487860829669,688.204932135347,5276.23781303766,1567.5779009749572,1682.278722997515,420.56968074937873,36627.7958325368,9023.131332441215,1261.7090422481363,6499.713247944944,2867.5205505639456,5773.2747084687435,458.8032880902313,5238.004205696808,4664.500095584019,6958.516536035175,6843.815714012617,1070.541005543873,994.0737908621679,420.56968074937873,9481.934620531447,1261.7090422481363,305.86885872682086,420.56968074937873,2294.0164404511565,726.4385394761996,497.03689543108396,6193.844389218122,1949.913974383483,649.9713247944943,2561.651691837125,420.56968074937873,1376.409864270694,955.8401835213152,420.56968074937873,420.56968074937873,420.56968074937873,802.9057541579048,841.1393614987575,1605.8115083158095,420.56968074937873,420.56968074937873,420.56968074937873,1529.3442936341044,1338.1762569298412,344.1024660676735,1338.1762569298412,229.40164404511566,1911.6803670426305,2332.2500477920094,2255.7828331103037,382.3360734085261,535.2705027719365,420.56968074937873,382.3360734085261,1720.5123303383673
ERR912044,enx,10621.142189845965,6784.185063671245,6672.968915086471,5560.8074292387255,10176.277595506866,7229.049658010343,834.1211143858088,4337.429794806206,1445.8099316020687,1167.7695601401324,0.0,9953.845298337317,2279.9310459878775,5115.942834899628,20908.635933937607,19685.258299505087,11844.519824278485,9675.804926875382,1000.9453372629706,12623.032864371906,1501.418005894456,6951.009286548407,6061.280097870211,1056.553411555358,5004.726686314853,2168.714897403103,4671.07824056053,2557.971417449814,4504.254017683368,222.432297169549,278.0403714619363,8841.683812489573,4337.429794806206,222.432297169549,1000.9453372629706,4671.07824056053,4114.9974976366575,1723.850303064005,444.864594339098,1223.3776344325197,2001.8906745259412,8730.4676639048,4893.510537730079,945.3372629705833,12789.857087249069,3503.308680420397,2335.539120280265,500.4726686314853,1334.593783017294,2057.4987488183287,2947.2279374965246,7173.441583717956,2669.187566034588,2057.4987488183287,2891.6198632041373,2836.01178891175,2057.4987488183287,945.3372629705833,9842.629149752544,222.432297169549,556.0807429238725,6283.71239503976,1612.6341544792303,5393.983206361564,3225.2683089584607,2001.8906745259412,4337.429794806206,11288.439081354612,5393.983206361564,9508.98070399822,5060.33476060724,1056.553411555358,2669.187566034588,1890.6745259411666,4281.821720513819,3169.6602346660734,4448.64594339098,3670.1329032975586,3670.1329032975586,55.60807429238725,4059.3894233442693,2113.106823110716,333.6484457543235,889.729188678196,1668.2422287716176,3447.70060612801,1000.9453372629706,12344.99249290997,1501.418005894456,1890.6745259411666,444.864594339098,389.25652004671076,159928.82166490573,67841.85063671245,39982.20541622643,64394.15003058444,24856.8092086971,10899.182561307902,4726.686314852916,222.432297169549,43485.51409664683,7785.130400934216,1723.850303064005,2168.714897403103,1557.026080186843,1779.458377356392,11900.127898570872,9564.588778290608,9898.237224044931,556.0807429238725,2557.971417449814,611.6888172162598,333.6484457543235,2057.4987488183287,41261.19112495134,9175.332258243896,1390.2018573096814,6728.576989378857,2891.6198632041373,6339.320469332147,1000.9453372629706,1723.850303064005,4949.118612022466,6172.496246454985,6283.71239503976,1668.2422287716176,389.25652004671076,278.0403714619363,6951.009286548407,2168.714897403103,333.6484457543235,1056.553411555358,2669.187566034588,500.4726686314853,222.432297169549,5171.550909192015,1278.985708724907,1167.7695601401324,2391.147194572652,444.864594339098,1612.6341544792303,945.3372629705833,444.864594339098,444.864594339098,889.729188678196,1112.161485847745,1167.7695601401324,778.5130400934215,444.864594339098,444.864594339098,945.3372629705833,1278.985708724907,778.5130400934215,778.5130400934215,1167.7695601401324,889.729188678196,1000.9453372629706,2724.7956403269754,3225.2683089584607,389.25652004671076,667.296891508647,444.864594339098,500.4726686314853,1612.6341544792303
ERR912049,enx,11476.016711618806,4865.408006769263,7192.342270876302,7192.342270876302,9466.391665344545,10894.283145592046,475.963826749167,3490.4013961605583,951.927653498334,211.53947855518538,528.8486963879634,7403.881749431487,3120.207308688984,5394.256703157227,33370.3527420805,21682.7965519065,13274.102279337882,9201.967317150564,1375.006610608705,11211.592363424825,740.3881749431488,5870.2205299063935,4812.523137130466,1004.8125231371305,2802.898090856206,1586.5460891638902,1903.855306996668,1427.8914802475012,2432.7040033846315,264.4243481939817,211.53947855518538,4442.3290496588925,1216.3520016923158,370.1940874715744,581.7335660267597,1533.6612195250939,2855.7829604950025,1269.2368713311123,899.0427838595377,1057.6973927759268,1004.8125231371305,11581.7864508964,4759.63826749167,317.3092178327781,13168.33254006029,5658.681051351208,2855.7829604950025,1639.4309588026867,1163.4671320535194,581.7335660267597,105.76973927759269,6875.033053043525,1850.9704373578718,1692.315828441483,3384.631656882966,4230.789571103707,1216.3520016923158,317.3092178327781,9677.93114389973,317.3092178327781,423.07895711037077,6134.6448781003755,1163.4671320535194,3437.5165265217624,4177.904701464911,2750.01322121741,1956.7401766354646,11423.13184198001,4600.983658575282,6504.83896557195,4283.674440742504,1110.5822624147231,3966.3652229097256,2750.01322121741,4653.868528214078,4653.868528214078,2485.588873023428,3701.9408747157436,1586.5460891638902,423.07895711037077,5658.681051351208,1639.4309588026867,475.963826749167,634.6184356655561,740.3881749431488,1110.5822624147231,1057.6973927759268,10418.31931884288,3437.5165265217624,1586.5460891638902,951.927653498334,370.1940874715744,155798.82595589402,67322.43905018774,38711.72457559892,60711.830345338196,23163.5729017928,11317.362102702416,3225.9770479665767,793.2730445819451,41197.31344862235,3807.710613993336,2961.552699772595,1216.3520016923158,1004.8125231371305,2644.2434819398172,13855.835845364642,9995.240361732507,9889.470622454915,634.6184356655561,6081.760008461579,951.927653498334,740.3881749431488,2274.0493944682426,39240.57327198688,10259.66470992649,1745.2006980802792,9254.85218678936,3649.0560050769473,6822.148183404728,423.07895711037077,4019.250092548522,4389.444180020097,7403.881749431487,10153.894970648898,2485.588873023428,687.5033053043525,158.65460891638904,11581.7864508964,1533.6612195250939,1057.6973927759268,1639.4309588026867,846.1579142207415,1110.5822624147231,158.65460891638904,8831.773229678989,581.7335660267597,528.8486963879634,3913.4803532709293,1057.6973927759268,1216.3520016923158,1216.3520016923158,1057.6973927759268,1057.6973927759268,423.07895711037077,1533.6612195250939,1586.5460891638902,1163.4671320535194,1057.6973927759268,1057.6973927759268,423.07895711037077,2115.3947855518536,1480.7763498862976,1586.5460891638902,1110.5822624147231,475.963826749167,951.927653498334,5500.02644243482,5341.37183351843,1004.8125231371305,1216.3520016923158,1057.6973927759268,793.2730445819451,1004.8125231371305
ERR912053,enx,10968.158184371325,9108.505066605943,7438.61247106152,5199.438308854225,10133.21188659911,9791.642946601389,1593.9883866560401,4060.8751755284825,493.3773577744886,417.4731488861057,2087.3657444305286,7590.420888838286,1783.7489088769973,9298.2655888269,28577.934646476147,15142.889673232381,12030.817108808684,9639.834528824624,1442.1799688792744,9829.59505104558,531.32946221868,10550.685035485218,7248.851948840563,2428.934684428252,4971.725682189078,3263.880982200463,2656.6473110934,3187.9767733120802,4895.821473300694,37.952104444191434,531.32946221868,6262.097233291586,4592.204637747163,151.80841777676574,1366.2757599908916,3567.4978177539947,2808.455728870166,645.1857755512543,455.42525333029715,189.76052222095714,5199.438308854225,9905.499259933964,4819.917264412312,303.6168355535315,15029.033359899808,6717.522486621883,5047.62989107746,759.0420888838286,2390.98257998406,1366.2757599908916,1556.0362822118486,5541.007248851949,1442.1799688792744,872.8984022164028,3036.1683555353143,5541.007248851949,872.8984022164028,341.5689399977229,11461.535542145813,227.71262666514858,872.8984022164028,5654.863562184523,265.66473110934,4250.63569774944,3605.449922198186,3225.9288777562715,4630.156742191354,9336.217693271092,4706.060951079738,9488.026111047857,5351.246726630992,1707.8446999886144,5578.95935329614,2353.030475539869,4630.156742191354,3339.7851910888457,1631.9404911002316,2808.455728870166,2542.790997760826,189.76052222095714,3339.7851910888457,1366.2757599908916,303.6168355535315,834.9462977722114,4098.827279972675,3871.1146533075257,910.8505066605943,10247.068199931686,3074.120459979506,2125.31784887472,341.5689399977229,37.952104444191434,152643.36407453794,66530.03909066759,38293.673384189155,64784.24228623478,24175.49053094994,13700.709704353107,3947.0188621959087,417.4731488861057,42582.261186382784,6717.522486621883,872.8984022164028,6072.336711070629,1290.3715511025086,1138.563133325743,6186.193024403203,10247.068199931686,3947.0188621959087,265.66473110934,4819.917264412312,1328.3236555467,1556.0362822118486,721.0899844396372,37762.343921970474,7400.66036661733,2315.078371095677,6869.330904398649,1745.7968044328056,2960.2641466469317,151.80841777676574,4857.869368856504,4364.492011082015,5958.480397738054,6262.097233291586,1062.65892443736,189.76052222095714,493.3773577744886,6413.905651068352,417.4731488861057,455.42525333029715,531.32946221868,2390.98257998406,1404.227864435083,834.9462977722114,4971.725682189078,1442.1799688792744,265.66473110934,3187.9767733120802,645.1857755512543,2846.407833314357,1518.0841777676571,645.1857755512543,645.1857755512543,113.85631333257429,1024.7068199931687,1062.65892443736,2884.3599377585488,645.1857755512543,645.1857755512543,113.85631333257429,2732.5515199817833,2504.8388933166343,341.5689399977229,2087.3657444305286,379.5210444419143,3567.4978177539947,3984.9709666401004,2428.934684428252,607.233671107063,872.8984022164028,645.1857755512543,493.3773577744886,3491.5936088656113
ERR912054,enx,11251.014002045638,8993.7572743625,7053.927274009805,4549.783091736324,5572.602546467746,13155.574366028286,1939.8300003526965,5219.906182767256,529.0445455507354,493.77490918068634,670.1230910309315,5748.950728317991,423.23563644058834,9981.307092723873,26558.036186646917,15412.831093711424,11462.631820265933,10228.194547314217,423.23563644058834,10369.273092794412,599.5838182908334,9840.228547243678,5784.22036468804,2962.649455084118,5502.063273727648,3209.5369096744616,2856.840545973971,3280.0761824145593,6242.725637498677,282.1570909603922,1022.8194547314217,7900.398546890981,4973.018728176913,529.0445455507354,1058.0890911014708,1269.706909321765,2010.3692730927946,3033.188727824216,599.5838182908334,705.3927274009804,5325.715091877402,13966.776002539413,7089.196910379854,740.6623637710295,12485.451274997355,7441.893274080344,2856.840545973971,1622.403273022255,634.8534546608824,1163.898000211618,2045.6389094628435,4761.400909956618,2363.0656367932843,775.9320001410786,881.7409092512256,6665.961273939266,1692.9425457623533,740.6623637710295,10192.924910944168,141.0785454801961,811.2016365111275,7300.814728600149,387.9660000705393,4020.7385461855893,4338.16527351603,2433.604909533383,6630.691637569216,8887.948365252354,3773.8510915952456,9205.375092582795,3103.7280005643142,1728.2121821324022,1798.7514548725003,2363.0656367932843,4197.086728035834,5713.681091947942,1340.246182061863,3315.345818784608,4514.513455366276,387.9660000705393,2997.9190914541673,1763.4818185024512,1269.706909321765,3526.9636370049025,5290.4454555073535,4514.513455366276,458.50527281063734,10651.430183754805,2257.256727683138,3244.80654604451,317.4267273304412,70.53927274009806,152823.33439142242,69481.18364899658,38338.094734243285,65072.47910274046,24970.90254999471,12450.181638627306,5219.906182767256,846.4712728811767,39431.45346171481,10863.0480019751,2151.4478185729904,11039.396183825345,2327.796000423236,282.1570909603922,4443.974182626177,8394.173456071669,4514.513455366276,141.0785454801961,4831.940182696716,423.23563644058834,493.77490918068634,423.23563644058834,29344.33745988079,5078.82763728706,1728.2121821324022,8288.36454696152,1869.2907276125982,3315.345818784608,246.88745459034317,3174.2672733044124,2504.144182273481,7653.511092300639,8782.139456142208,282.1570909603922,352.6963637004902,70.53927274009806,7653.511092300639,1269.706909321765,740.6623637710295,1199.1676365816668,2398.3352731633336,1657.672909392304,599.5838182908334,4056.008182555638,458.50527281063734,387.9660000705393,4585.052728106373,1022.8194547314217,846.4712728811767,1163.898000211618,1022.8194547314217,1022.8194547314217,246.88745459034317,1058.0890911014708,1093.3587274715198,4232.356364405883,1022.8194547314217,1022.8194547314217,282.1570909603922,4056.008182555638,3809.120727965295,176.3481818502451,2751.031636863824,387.9660000705393,0.0,1904.5603639826475,1551.8640002821571,952.2801819913237,529.0445455507354,1022.8194547314217,211.61781822029417,2045.6389094628435
ERR912063,enx,12642.959256611866,6567.190850607577,8398.856325947107,5852.394567548248,14161.901358112938,9560.400285918513,1027.5196568977842,3484.6318799142246,1027.5196568977842,312.72337383845604,446.74767691208007,7147.962830593281,2680.4860614724803,6031.093638313081,28279.127948534668,19254.82487491065,11883.48820586133,9113.652609006434,1474.267333809864,9962.473195139384,1295.5682630450322,6522.516082916369,6254.46747676912,759.471050750536,2903.8598999285205,1786.9907076483203,2903.8598999285205,982.8448892065761,1742.3159399571123,0.0,536.097212294496,5048.248749106504,1295.5682630450322,312.72337383845604,580.771979985704,625.4467476769121,2501.7869907076483,1921.0150107219442,625.4467476769121,446.74767691208007,2278.4131522516086,12687.634024303074,4110.078627591137,402.0729092208721,13268.406004288778,6031.093638313081,4199.428162973553,759.471050750536,1876.3402430307362,536.097212294496,714.7962830593281,6254.46747676912,2546.461758398856,3529.3066476054323,3082.5589706933524,3305.9328091493926,759.471050750536,446.74767691208007,9381.70121515368,312.72337383845604,178.69907076483202,7639.385275196569,759.471050750536,4512.151536812009,3350.6075768406004,2367.762687634024,4333.452466047176,10051.8227305218,7103.288062902073,8756.254467476769,5137.59828448892,2055.0393137955684,2948.534667619728,3529.3066476054323,4422.802001429593,4869.549678341673,3216.5832737669766,2993.2094353109364,3037.884203002144,446.74767691208007,4735.525375268048,1697.6411722659043,893.4953538241601,1608.2916368834883,714.7962830593281,1027.5196568977842,2189.063616869192,10230.521801286633,2591.1365260900643,1652.9664045746963,804.1458184417442,223.37383845604003,159176.19728377415,69603.28806290207,41413.50964974982,61159.75696926376,26670.83631165118,10811.293781272338,3573.9814152966405,536.097212294496,41994.281629735524,5450.321658327376,2591.1365260900643,4646.175839885632,982.8448892065761,1429.5925661186561,10543.24517512509,8398.856325947107,6522.516082916369,759.471050750536,5763.045032165833,580.771979985704,223.37383845604003,2501.7869907076483,40073.26661901358,8756.254467476769,1786.9907076483203,7907.433881343817,2635.8112937812725,5807.719799857041,446.74767691208007,4110.078627591137,5450.321658327376,8532.880629020729,8622.230164403145,1340.2430307362401,714.7962830593281,312.72337383845604,9113.652609006434,1742.3159399571123,446.74767691208007,625.4467476769121,938.1701215153681,938.1701215153681,714.7962830593281,5629.020729092209,1965.6897784131522,491.42244460328806,3573.9814152966405,625.4467476769121,1027.5196568977842,893.4953538241601,625.4467476769121,625.4467476769121,357.39814152966403,1340.2430307362401,1429.5925661186561,2233.7383845604004,625.4467476769121,625.4467476769121,357.39814152966403,2278.4131522516086,2144.388849177984,580.771979985704,1518.942101501072,268.048606147248,268.048606147248,2457.1122230164406,2859.1851322373122,580.771979985704,759.471050750536,625.4467476769121,714.7962830593281,1250.8934953538242
ERR912064,enx,11422.213981086594,6081.958093825328,7046.170962358613,8529.575375486742,11385.12887075839,11496.384201743002,1038.3830891896903,7305.766734656036,1372.1490821435195,667.531985907658,0.0,6526.979417763768,2039.6810680511774,7009.08585203041,23400.704617096235,19247.172260337473,11755.979974040423,7824.958279250881,1668.8299647691451,11273.873539773782,1520.489523456332,8047.4689412201005,7417.022065640645,852.9575375486742,3411.8301501946967,1965.5108473947707,2633.0428333024292,1817.1704060819582,2076.7661783793806,0.0,593.3617652512517,4153.532356758761,1780.085295753755,407.9362136102355,519.1915445948451,1372.1490821435195,4153.532356758761,667.531985907658,815.872427220471,556.2766549230483,1557.5746337845355,10161.320229927684,4969.404783979232,148.3404413128129,12089.745966994251,7157.426293343223,5562.766549230484,1335.063971815316,3597.255701835713,704.6170962358614,890.0426478768775,11162.61820878917,1780.085295753755,1297.978861487113,4042.2770257741513,7009.08585203041,1372.1490821435195,148.3404413128129,10495.086222881513,296.6808826256258,37.08511032820323,7083.256072686816,185.42555164101614,4895.234563322826,4079.3621361023547,2781.383274615242,3745.596143148526,11385.12887075839,5859.447431856111,8752.086037455962,4561.468570368997,1557.5746337845355,7194.511403671426,1038.3830891896903,5340.255887261264,7379.9369553124425,3300.574819210087,3226.4045985536804,1817.1704060819582,185.42555164101614,4895.234563322826,2076.7661783793806,0.0,630.4468755794549,1409.2341924717227,1409.2341924717227,556.2766549230483,10791.767105507139,3671.4259224921193,1483.4044131281291,630.4468755794549,296.6808826256258,158167.99554978675,64194.32597811979,41980.34489152605,60040.79362136102,26664.19432597812,11496.384201743002,7046.170962358613,259.59577229742257,42425.36621546449,7231.596513999629,3189.3194882254775,2299.2768403486,815.872427220471,1112.5533098460967,14055.256814389024,10754.681995178937,8195.809382532914,667.531985907658,3708.5110328203227,927.1277582050807,407.9362136102355,1001.2979788614871,32671.98219914704,9419.618023363619,1409.2341924717227,7046.170962358613,2744.298164287039,4301.872798071574,704.6170962358614,2336.361950676803,5303.1707769330615,6675.3198590765805,7528.277396625255,1038.3830891896903,630.4468755794549,296.6808826256258,8529.575375486742,1075.4681995178935,222.51066196921937,815.872427220471,1594.6597441127387,890.0426478768775,482.10643426664194,6230.298535138142,1112.5533098460967,890.0426478768775,2781.383274615242,296.6808826256258,1149.6384201743,630.4468755794549,296.6808826256258,296.6808826256258,704.6170962358614,1223.8086408307065,1260.8937511589097,1557.5746337845355,296.6808826256258,296.6808826256258,741.7022065640646,1817.1704060819582,1446.319302799926,704.6170962358614,815.872427220471,111.25533098460969,2484.702391989616,3968.106805117745,3263.489708881884,259.59577229742257,964.2128685332839,296.6808826256258,556.2766549230483,1297.978861487113
ERR912065,enx,13552.098870658427,9162.582569784787,8352.865970594501,7500.532708288942,10867.24909439591,12273.598977200085,2045.5998295333472,5028.766247602813,681.8666098444492,894.9499254208396,596.633283613893,5199.232900063925,1065.416577881952,7543.149371404219,24461.96462816961,14361.81546984871,10057.532495205625,9205.199232900064,1619.4331983805666,11293.41572554869,980.1832516513956,9716.599190283401,8182.399318133389,1875.1331770722354,3579.7997016833583,2897.933091838909,4176.4329852972505,2471.7664606861285,4986.149584487534,42.61666311527807,1108.03324099723,6179.416151715321,4091.1996590666945,383.54996803750265,980.1832516513956,3792.8830172597486,4261.666311527808,1278.4998934583423,298.3166418069465,213.08331557639036,4645.21627956531,8523.332623055616,6008.949499254209,468.78329426805885,13594.715533773706,8821.64926486256,5923.716173023653,1278.4998934583423,3707.6496910291926,1917.7498401875134,1534.1998721500106,8779.032601747283,2173.4498188791817,1022.7999147666736,2684.849776262519,6179.416151715321,809.7165991902833,468.78329426805885,11165.565736202856,85.23332623055614,1576.8165352652886,3622.4163647986366,298.3166418069465,3792.8830172597486,3238.8663967611333,4091.1996590666945,5113.999573833369,9119.965906669508,4346.8996377583635,9418.282548476454,5284.466226294481,2216.06648199446,5625.399531216705,1875.1331770722354,5369.699552525038,4048.582995951417,1875.1331770722354,2940.549754954187,3196.2497336458555,213.08331557639036,2855.316428723631,1363.7332196888983,639.2499467291711,1576.8165352652886,2855.316428723631,3153.6330705305772,298.3166418069465,9759.215853398679,3707.6496910291926,1321.1165565736203,213.08331557639036,170.4666524611123,150862.98742808437,70360.1108033241,39846.580012785,64095.461325378215,24547.19795440017,12955.465587044533,4986.149584487534,340.9333049222246,45003.19624973364,9119.965906669508,1576.8165352652886,7670.999360750054,724.4832729597273,554.016620498615,6946.516087790326,11378.649051779244,4602.599616450032,383.54996803750265,2556.9997869166846,1022.7999147666736,937.5665885361177,511.3999573833368,30726.614106115492,6861.28276155977,2855.316428723631,8992.115917323674,1534.1998721500106,2471.7664606861285,639.2499467291711,7074.366077136161,4773.066268911144,5753.24952056254,5412.316215640315,511.3999573833368,298.3166418069465,2130.833155763904,6903.899424675047,681.8666098444492,298.3166418069465,1150.649904112508,3111.0164074152995,980.1832516513956,767.0999360750053,4219.04964841253,1491.5832090347326,809.7165991902833,1406.3498828041763,383.54996803750265,1917.7498401875134,1108.03324099723,383.54996803750265,383.54996803750265,554.016620498615,426.1666311527807,426.1666311527807,1448.9665459194546,383.54996803750265,383.54996803750265,596.633283613893,1235.8832303430643,1193.266567227786,127.8499893458342,1875.1331770722354,724.4832729597273,2301.299808225016,2216.06648199446,2216.06648199446,383.54996803750265,170.4666524611123,383.54996803750265,426.1666311527807,3281.4830598764115
ERR912066,enx,14418.079096045198,6508.474576271186,6870.056497175142,3480.225988700565,6915.254237288135,5604.519774011299,1265.5367231638418,4384.180790960452,768.361581920904,542.3728813559322,677.9661016949153,6915.254237288135,1401.1299435028247,5378.531073446327,23050.84745762712,20474.57627118644,11751.41242937853,9220.338983050848,813.5593220338983,9310.734463276836,1265.5367231638418,5830.5084745762715,4836.1581920903955,1898.3050847457628,1988.7005649717516,2847.4576271186443,1581.9209039548023,1310.734463276836,2079.09604519774,1355.9322033898306,632.7683615819209,5152.542372881356,1581.9209039548023,632.7683615819209,1943.502824858757,2711.8644067796613,2621.468926553672,813.5593220338983,451.9774011299435,949.1525423728814,2666.6666666666665,13830.50847457627,3028.2485875706216,542.3728813559322,8858.757062146891,6689.265536723164,5288.13559322034,632.7683615819209,2937.8531073446325,2395.4802259887006,994.3502824858758,7502.8248587570615,903.954802259887,542.3728813559322,1491.5254237288136,3118.64406779661,1220.3389830508474,542.3728813559322,13830.50847457627,135.59322033898306,361.5819209039548,5378.531073446327,677.9661016949153,4022.598870056497,2892.6553672316386,1898.3050847457628,3751.4124293785308,9943.502824858757,10259.887005649718,10802.25988700565,3615.819209039548,2531.0734463276835,2892.6553672316386,1988.7005649717516,5559.322033898306,3389.830508474576,3661.016949152542,3389.830508474576,1717.5141242937855,587.5706214689266,3435.028248587571,632.7683615819209,406.77966101694915,723.1638418079096,1355.9322033898306,1265.5367231638418,587.5706214689266,15367.23163841808,3435.028248587571,2214.689265536723,406.77966101694915,45.19774011299435,153175.14124293785,66350.28248587571,43073.44632768362,58033.898305084746,29468.926553672314,8813.559322033898,4384.180790960452,2033.8983050847457,38779.66101694915,4474.576271186441,3118.64406779661,15638.418079096047,587.5706214689266,271.1864406779661,4293.785310734463,7909.604519774011,4384.180790960452,451.9774011299435,2666.6666666666665,451.9774011299435,271.1864406779661,497.1751412429379,62508.47457627119,8677.966101694916,3344.632768361582,5920.90395480226,1672.316384180791,3254.237288135593,542.3728813559322,5242.937853107344,9807.909604519775,7548.022598870057,12158.192090395482,361.5819209039548,2711.8644067796613,451.9774011299435,10711.864406779661,1898.3050847457628,497.1751412429379,1401.1299435028247,2079.09604519774,1129.9435028248588,587.5706214689266,9446.32768361582,1039.54802259887,677.9661016949153,1536.723163841808,587.5706214689266,858.7570621468927,994.3502824858758,587.5706214689266,587.5706214689266,542.3728813559322,497.1751412429379,542.3728813559322,1310.734463276836,587.5706214689266,587.5706214689266,587.5706214689266,1129.9435028248588,1129.9435028248588,677.9661016949153,1717.5141242937855,316.38418079096044,1175.1412429378531,3525.423728813559,3932.2033898305085,542.3728813559322,2214.689265536723,587.5706214689266,361.5819209039548,1491.5254237288136
ERR912067,enx,11550.519773389802,6875.309388922501,8470.381167152522,8250.371266707001,10395.467796050823,12540.564325394642,2090.0940542324406,5170.232660469721,935.0420768934603,495.02227600242014,0.0,7150.321764479402,2530.113855123481,7700.346515593202,25906.165777459988,17160.772234750562,11330.509872944282,7370.331664924922,1595.0717782300203,11330.509872944282,1265.0569275617404,9460.425719157362,6050.272262251801,1705.0767284527803,4070.1831582421205,2805.1262306803806,3685.165832462461,2200.0990044552004,3630.163357351081,220.00990044552006,770.0346515593201,6215.279687585941,3630.163357351081,275.01237555690005,605.0272262251801,2420.1089049007205,2420.1089049007205,1210.0544524503603,770.0346515593201,825.0371266707002,3465.155932016941,12100.544524503603,4290.193058687641,550.0247511138001,14135.636103624664,5995.269787140422,2530.113855123481,1870.0841537869205,1595.0717782300203,1155.0519773389801,715.0321764479402,7095.319289368022,2145.0965293438203,1925.0866288983004,2475.1113800121007,3740.168307573841,1265.0569275617404,550.0247511138001,8525.383642263901,110.00495022276003,495.02227600242014,7040.316814256642,110.00495022276003,4785.215334690061,3905.1757329079805,2750.123755569001,3685.165832462461,9570.430669380123,4510.202959133161,8140.366316484241,5115.23018535834,1045.0470271162203,3300.148506682801,2310.1039546779602,5445.245036026621,5775.259886694901,1925.0866288983004,2585.1163302348605,2805.1262306803806,55.002475111380015,4730.212859578681,2255.1014795665806,935.0420768934603,1540.0693031186402,2860.1287057917607,3135.1410813486605,715.0321764479402,9295.418293823222,4565.205434244541,2310.1039546779602,550.0247511138001,165.00742533414004,157362.08129365824,67543.03943677466,41141.85138331225,62867.82905230735,25301.138551234806,12980.584126285683,5170.232660469721,605.0272262251801,44386.99741488367,7260.326714702162,2750.123755569001,4620.2079093559205,1045.0470271162203,330.0148506682801,9845.443044937021,10450.470271162201,6490.2920631428415,880.0396017820802,3410.1534569055607,935.0420768934603,165.00742533414004,1595.0717782300203,32011.440514823167,7645.344040481822,1485.0668280072603,10395.467796050823,2255.1014795665806,3410.1534569055607,495.02227600242014,4345.195533799021,4620.2079093559205,8085.363841372862,8250.371266707001,330.0148506682801,935.0420768934603,550.0247511138001,8965.403443154943,1375.0618777845004,495.02227600242014,990.0445520048403,1760.0792035641605,1265.0569275617404,550.0247511138001,5280.237610692481,1430.0643528958803,550.0247511138001,2970.1336560145205,605.0272262251801,935.0420768934603,715.0321764479402,605.0272262251801,605.0272262251801,385.01732577966004,1375.0618777845004,1430.0643528958803,1705.0767284527803,605.0272262251801,605.0272262251801,440.0198008910401,1595.0717782300203,1540.0693031186402,550.0247511138001,1485.0668280072603,385.01732577966004,0.0,2915.131180903141,2365.1064297893404,550.0247511138001,935.0420768934603,605.0272262251801,220.00990044552006,1540.0693031186402
ERR912070,enx,10206.696276050563,8327.639221045438,6405.876323881107,4783.054321831227,8114.110010249403,12897.164332080627,1879.0570550051248,4142.466689443116,640.5876323881107,896.822685343355,811.4110010249402,7943.286641612573,2476.9388452340277,9053.638537751964,26819.268875982234,17979.159549026306,10975.401434916297,8370.345063204646,597.8817902289034,9907.75538093611,1024.9402118209773,8840.109326955928,3971.6433208062863,1451.9986334130508,5081.995216945678,2306.1154765971983,3331.0556884181756,3202.9381619405535,5081.995216945678,0.0,725.9993167065254,8199.521694567818,4996.583532627264,640.5876323881107,1238.4694226170138,3288.3498462589682,1964.4687393235395,1537.4103177314655,725.9993167065254,256.2350529552443,4825.760163990434,9993.167065254527,7174.58148274684,811.4110010249402,11786.812435941238,11573.2832251452,9523.402801503245,768.7051588657328,6662.111376836351,1665.5278442090878,1238.4694226170138,6662.111376836351,2434.2330030748208,1409.2927912538437,1323.8811069354288,6875.640587632388,2690.468056030065,811.4110010249402,10932.695592757089,42.70584215920738,427.05842159207384,7089.169798428426,341.646737273659,4014.349162965494,4014.349162965494,3544.584899214213,4697.642637512812,8370.345063204646,5423.641954219337,10462.931329005809,4099.760847283909,2007.174581482747,2946.7031089853094,3202.9381619405535,5509.053638537752,3843.5257943286642,3117.526477622139,1964.4687393235395,2519.6446873932355,384.3525794328664,4526.819268875982,1366.586949094636,896.822685343355,1708.2336863682954,4142.466689443116,4398.701742398361,1110.351896139392,8968.22685343355,3202.9381619405535,1622.8220020498804,256.2350529552443,1964.4687393235395,153185.85582507687,62948.41134267168,37794.67031089853,63674.410659378205,25452.6819268876,13238.811069354288,4057.0550051247014,341.646737273659,40442.432524769385,8669.285958319098,2135.292107960369,6235.052955244278,768.7051588657328,982.2343696617697,7302.699009224461,10206.696276050563,6106.935428766655,854.1168431841477,3459.1732148957976,298.9408951144517,128.11752647762216,1153.0577382985991,29595.148616330713,6619.405534677144,3459.1732148957976,7131.875640587633,1580.116159890673,3202.9381619405535,341.646737273659,3544.584899214213,4783.054321831227,5936.112060129826,7772.463272975743,939.5285275025624,213.52921079603692,384.3525794328664,4868.4660061496415,1281.1752647762214,469.7642637512812,1494.7044755722584,2989.408951144517,1153.0577382985991,384.3525794328664,4227.87837376153,512.4701059104887,555.175948069696,3971.6433208062863,640.5876323881107,1366.586949094636,725.9993167065254,640.5876323881107,640.5876323881107,341.646737273659,2348.821318756406,2434.2330030748208,2007.174581482747,640.5876323881107,640.5876323881107,384.3525794328664,2092.5862658011615,1750.9395285275025,768.7051588657328,2007.174581482747,256.2350529552443,1622.8220020498804,2989.408951144517,2733.173898189272,597.8817902289034,298.9408951144517,640.5876323881107,256.2350529552443,1879.0570550051248
ERR912075,enx,11563.550108717138,6671.2789088752725,6720.695789681756,7313.698359359557,8697.371021941095,12700.13836726626,2372.010278711208,3656.8491796797784,1087.1713777426369,741.2532120972523,296.501284838901,8697.371021941095,1877.841470646373,6424.194504842854,25054.35856888713,18333.662779205377,8895.038545167028,11860.051393556038,444.75192725835143,9092.706068392963,2619.094682743625,6819.529551294722,6127.693220003954,5732.358173552086,5337.023127100218,2075.5089938723067,3903.933583712196,2915.595967582526,4398.102391777031,988.3376161296698,1877.841470646373,6671.2789088752725,2965.0128483890094,1630.7570666139552,1136.5882585491204,1186.005139355604,2520.260921130658,790.670092903736,197.667523225934,345.9181656453845,4892.271199841866,9636.29175726428,5880.6088159715355,494.1688080648349,11662.383870330104,8499.70349871516,5633.524411939118,790.670092903736,1729.5908282269224,889.5038545167029,4941.68808064835,5089.938723067799,2124.92587467879,2223.759636291757,1581.340185807472,5682.9412927456015,988.3376161296698,494.1688080648349,10476.3787309745,49.4168808064835,1186.005139355604,7264.281478553074,1927.2583514528562,6918.36331290769,5287.606246293734,2372.010278711208,4299.268630164064,11860.051393556038,4941.68808064835,8400.869737102194,3903.933583712196,395.335046451868,3409.764775647361,3706.266060486262,2717.9284443565925,4496.936153389997,1334.2557817750544,3113.26349080846,4200.434868551097,49.4168808064835,2668.511563550109,2619.094682743625,2569.677801937142,790.670092903736,2866.179086776043,2767.345325163076,345.9181656453845,9142.122949199447,2470.844040324175,3310.931014034394,395.335046451868,247.08440403241744,157046.84720300455,60189.7608222969,43289.18758647954,60090.927060683935,26339.197469855702,10229.294326942083,4842.854319035383,938.9207353231865,36173.156750345915,9932.793042103183,1433.0895433880214,7906.700929037358,1284.838900968571,642.4194504842854,6572.445147262304,18383.079660011863,4694.603676615932,98.833761612967,4694.603676615932,1433.0895433880214,247.08440403241744,642.4194504842854,32022.138762601306,5781.775054358569,1136.5882585491204,7659.616525004942,1531.9233050009884,3063.846610001977,395.335046451868,6275.9438624234035,4447.519272583514,6226.52698161692,8796.204783554062,593.002569677802,741.2532120972523,296.501284838901,7709.033405811425,2273.1765170982408,494.1688080648349,1235.4220201620874,3261.5141332279104,1136.5882585491204,790.670092903736,5781.775054358569,3261.5141332279104,395.335046451868,2421.4271595176915,691.836331290769,790.670092903736,790.670092903736,691.836331290769,691.836331290769,444.75192725835143,345.9181656453845,345.9181656453845,2470.844040324175,691.836331290769,691.836331290769,345.9181656453845,2322.5933979047245,1976.6752322593395,296.501284838901,2668.511563550109,247.08440403241744,889.5038545167029,2470.844040324175,1927.2583514528562,642.4194504842854,1334.2557817750544,691.836331290769,543.5856888713184,1680.173947420439
ERR912077,enx,12942.743009320904,7403.462050599202,8095.872170439415,4314.247669773636,8255.659121171771,10545.938748335553,2023.9680426098537,3994.6737683089214,479.3608521970706,53.262316910785614,319.57390146471374,8735.019973368842,1917.4434087882823,9480.69241011984,27057.256990679096,17043.941411451397,13262.31691078562,9267.643142476698,852.1970705725698,9800.266311584553,852.1970705725698,9960.053262316911,5752.330226364847,2183.7549933422106,4314.247669773636,2450.0665778961384,1970.705725699068,2503.3288948069244,3834.8868175765647,106.52463382157123,479.3608521970706,7030.625832223702,3834.8868175765647,319.57390146471374,1225.0332889480692,2343.5419440745673,2023.9680426098537,2183.7549933422106,639.1478029294275,852.1970705725698,3621.8375499334225,11291.611185086553,4101.1984021304925,106.52463382157123,10972.037283621838,7563.249001331558,4633.821571238349,1171.7709720372836,1757.6564580559254,639.1478029294275,2183.7549933422106,6018.641810918774,1597.8695073235685,1278.295605858855,2183.7549933422106,3941.411451398136,426.0985352862849,106.52463382157123,11025.299600532622,213.04926764314246,639.1478029294275,6870.838881491345,106.52463382157123,3888.1491344873502,3515.312916111851,2716.3781624500666,5805.592543275633,10599.201065246338,5858.854860186418,9427.430093209054,3302.2636484687087,1651.1318242343543,4846.870838881492,1651.1318242343543,4846.870838881492,2183.7549933422106,1864.1810918774966,3142.4766977363515,1917.4434087882823,53.262316910785614,4793.608521970706,1065.2463382157123,745.6724367509987,2396.804260985353,3888.1491344873502,3302.2636484687087,585.8854860186418,10386.151797603196,4047.9360852197074,1597.8695073235685,639.1478029294275,213.04926764314246,150252.99600532625,67802.92942743009,39147.80292942743,65352.86284953396,25725.699067909452,11824.234354194408,4047.9360852197074,372.83621837549936,42716.37816245007,6977.363515312916,2396.804260985353,6071.904127829561,1651.1318242343543,798.9347536617843,7669.773635153129,10226.36484687084,5379.494007989348,639.1478029294275,4154.460719041278,1171.7709720372836,106.52463382157123,532.6231691078561,41810.91877496671,6711.051930758988,2450.0665778961384,9374.167776298269,2450.0665778961384,4367.509986684421,159.78695073235687,4367.509986684421,4260.985352862849,6711.051930758988,10173.102529960053,958.7217043941412,532.6231691078561,692.410119840213,9374.167776298269,852.1970705725698,745.6724367509987,372.83621837549936,1384.820239680426,1704.3941411451397,1011.9840213049268,4420.772303595206,745.6724367509987,106.52463382157123,3462.0505992010653,1011.9840213049268,1171.7709720372836,1597.8695073235685,1011.9840213049268,1011.9840213049268,53.262316910785614,1118.508655126498,1171.7709720372836,2556.59121171771,1011.9840213049268,1011.9840213049268,53.262316910785614,2450.0665778961384,2237.017310252996,319.57390146471374,1491.3448735019974,479.3608521970706,319.57390146471374,2556.59121171771,2183.7549933422106,958.7217043941412,1757.6564580559254,1011.9840213049268,692.410119840213,2450.0665778961384
ERR912078,enx,9046.304814474088,7615.250945517735,4753.143207605029,3219.871205151794,7001.9421445364405,16865.992026985587,1226.6176019625882,4139.834406623735,971.0722682203823,868.8541347235,1226.6176019625882,6950.833077788,1839.9264029438823,10579.576816927323,23050.189103546967,16508.228559746498,14719.411223551058,8330.77787999591,613.3088009812941,8381.886946744353,1175.5085352141468,7001.9421445364405,2862.107737912706,971.0722682203823,5621.997342328529,1891.0354696923234,2913.216804661147,2759.8896044158237,4190.943473372176,0.0,971.0722682203823,7768.578145763058,4804.252274353471,459.9816007359706,971.0722682203823,1073.2904017172646,1737.708269447,1277.7266687110293,562.1997342328528,562.1997342328528,5059.797608095676,10068.486149442911,10784.013083921087,971.0722682203823,11090.667484411735,14106.102422569764,11499.540018399264,1482.162935704794,8484.105080241234,1226.6176019625882,1124.3994684657057,5213.124808340999,5110.906674844117,1328.8357354594705,1328.8357354594705,10784.013083921087,4957.579474598793,971.0722682203823,10784.013083921087,153.32720024532352,664.4178677297352,7513.032812020852,102.21813349688234,3935.3981396299705,3986.507206378411,2964.325871409588,3577.6346723908823,9097.41388122253,5110.906674844117,10732.904017172646,4599.8160073597055,1635.4901359501175,1431.053868956353,4344.2706736175,4088.725339875294,3270.980271900235,1226.6176019625882,2504.3442706736178,4599.8160073597055,204.4362669937647,5417.561075334764,1277.7266687110293,766.6360012266175,1073.2904017172646,3935.3981396299705,3475.416538894,562.1997342328528,10170.704282939794,2402.1261371767355,1686.5992026985587,153.32720024532352,1993.2536031892055,150567.3106409077,60359.80782990903,37974.03659409179,63835.22436880303,24072.37043851579,11959.521619135236,4344.2706736175,511.09066748441177,40325.053664520085,7717.469079014617,2146.580803434529,6388.633343555147,1073.2904017172646,868.8541347235,5468.670142083206,10988.449350914852,7001.9421445364405,1328.8357354594705,2913.216804661147,408.8725339875294,0.0,1124.3994684657057,33425.32965348053,4242.052540120617,1584.3810692016764,8637.432280486559,1737.708269447,3219.871205151794,664.4178677297352,6490.851477052029,3884.289072881529,6541.96054380047,12572.830420116528,1124.3994684657057,102.21813349688234,613.3088009812941,8126.341613002146,1124.3994684657057,357.76346723908824,971.0722682203823,3219.871205151794,715.5269344781765,255.54533374220588,3424.3074721455587,919.9632014719411,868.8541347235,4906.470407850353,459.9816007359706,408.8725339875294,919.9632014719411,459.9816007359706,459.9816007359706,613.3088009812941,3526.525605642441,3628.743739139323,1584.3810692016764,459.9816007359706,459.9816007359706,664.4178677297352,1737.708269447,1431.053868956353,459.9816007359706,1584.3810692016764,153.32720024532352,919.9632014719411,2197.6898701829705,1277.7266687110293,408.8725339875294,562.1997342328528,459.9816007359706,255.54533374220588,1277.7266687110293
ERR912082,enx,10102.594672606909,8502.494274150535,7435.760675179619,7498.509710413203,5051.297336303454,12643.930599567031,4172.810843033288,4706.177642518746,250.9961409343331,376.49421140149974,4015.93825494933,5678.787688639287,784.362940419791,9631.976908355035,26699.71449188969,15342.139114611113,7875.003921814703,7592.633263263578,2290.3397860257896,8188.749097982619,1537.3513632227905,11106.579236344242,6620.023217143036,2572.7104445769146,4455.181501584413,3827.69114924858,4643.428607285163,3639.4440435478305,5992.532864807204,188.24710570074987,1349.1042575220406,6055.281900040787,4580.679572051579,909.8610108869576,1286.3552222884573,4517.930536817996,3608.069525931039,1568.725880839582,470.61776425187463,94.12355285037494,8878.988485552036,12392.934458632699,8502.494274150535,564.7413171022495,13302.795469519657,13961.66033947228,8722.115897468077,1976.5946098578734,5365.04251247137,972.6100461205409,2039.3436450914567,4768.92667775233,2949.2046559784144,1349.1042575220406,501.9922818686662,10290.841778307658,2102.09268032504,564.7413171022495,7624.007780880369,31.37451761679164,847.1119756533743,7059.266463778119,156.8725880839582,5710.162206256078,3733.5675963982053,4800.301195369121,5867.034794340037,4266.9343958836635,2792.332067894456,8565.243309384117,3513.945973080664,1600.1003984563738,376.49421140149974,2478.5868917265398,4643.428607285163,4831.675712985913,2007.969127474665,1003.9845637373325,4643.428607285163,0.0,2478.5868917265398,1662.849433689957,2949.2046559784144,1945.2200922410818,4455.181501584413,4361.057948734038,470.61776425187463,10039.845637373324,1851.0965393907068,3262.9498321463307,31.37451761679164,0.0,153233.14404041038,63156.903962601566,36927.807234963766,68208.20129890504,23625.011765444106,16157.876572647694,4863.050230602705,1098.1081165877076,36614.06205879585,11545.822482979323,2007.969127474665,10447.714366391618,1317.729739905249,125.49807046716656,3890.4401844821637,6525.899664292661,1631.4749160731653,250.9961409343331,3106.0772440623723,188.24710570074987,0.0,250.9961409343331,28142.9423022621,4329.683431117247,2949.2046559784144,9380.9807674207,470.61776425187463,847.1119756533743,94.12355285037494,6902.393875694161,4800.301195369121,8063.251027515452,10573.212436858783,94.12355285037494,0.0,1129.482634204499,7059.266463778119,1160.8571518212907,250.9961409343331,878.486493270166,3106.0772440623723,2541.335926960123,1537.3513632227905,3953.1892197157467,376.49421140149974,94.12355285037494,2509.961409343331,376.49421140149974,596.1158347190412,376.49421140149974,376.49421140149974,376.49421140149974,94.12355285037494,470.61776425187463,470.61776425187463,4957.1737834530795,376.49421140149974,376.49421140149974,94.12355285037494,4580.679572051579,3764.942114014997,219.6216233175415,2070.718162708248,31.37451761679164,0.0,2133.4671979418317,1788.3475041571237,345.1196937847081,188.24710570074987,376.49421140149974,0.0,2007.969127474665
ERR912089,enx,12484.81904299247,8064.124362399805,7481.175613310663,9910.128734515423,10638.814670876853,10055.865921787708,1748.8462472674278,6509.594364828758,1311.6346854505707,485.7906242409522,485.7906242409522,6169.540927860092,1603.109059995142,6801.068739373331,24678.163711440367,18605.780908428467,9472.917172698566,8307.019674520283,1311.6346854505707,10201.603109059995,1408.7928102987614,7432.5965508865675,4955.064367257712,2234.6368715083795,3740.5878066553314,3594.850619383046,2040.320621811999,2234.6368715083795,4129.220306048093,291.47437454457133,1214.4765606023805,5392.275929074569,3109.0599951420936,534.3696866650473,1068.7393733300946,3449.11343211076,2720.4274957493317,1748.8462472674278,340.05343696866646,728.6859363614283,3789.1668690794268,8404.177799368474,5003.643429681807,194.31624969638085,10590.235608452756,10347.340296332282,7724.07092543114,1943.1624969638087,3497.6924945348555,1117.3184357541897,1700.2671848433326,8307.019674520283,1165.8974981782853,631.5278115132378,2088.8996842360943,4615.010930289046,582.9487490891427,194.31624969638085,10444.498421180471,97.15812484819043,1165.8974981782853,6218.119990284187,437.21156181685694,4372.115618168569,3546.271556958951,2283.2159339324753,3546.271556958951,12047.607481175613,4809.3271799854265,10541.656546028662,3206.218119990284,1943.1624969638087,5197.9596793781875,2137.4787466601892,5246.538741802283,6023.803740587807,1214.4765606023805,3206.218119990284,2477.532183628856,291.47437454457133,3109.0599951420936,923.002186057809,680.1068739373329,2088.8996842360943,2720.4274957493317,2817.585620597523,242.8953121204761,9472.917172698566,3934.904056351713,3060.4809327179987,291.47437454457133,97.15812484819043,150352.1982025747,60432.35365557445,40806.41243623998,59460.77240709254,27495.74933203789,11416.079669662375,6801.068739373331,242.8953121204761,38231.722127762936,10930.289045421423,3449.11343211076,6169.540927860092,680.1068739373329,1505.9509351469517,8501.335924216663,11513.237794510565,5586.59217877095,97.15812484819043,2137.4787466601892,1020.1603109059995,1117.3184357541897,437.21156181685694,39786.25212533398,8987.126548457614,2914.743745445713,7043.964051493806,1797.425309691523,4177.799368472189,874.4231236337139,5197.9596793781875,4712.169055137236,4760.748117561331,5878.066553315522,1603.109059995142,874.4231236337139,582.9487490891427,8015.54529997571,340.05343696866646,680.1068739373329,777.2649987855234,3157.639057566189,1457.3718727228566,728.6859363614283,6606.75248967695,1748.8462472674278,1263.0556230264756,2866.1646830216177,1020.1603109059995,1943.1624969638087,1554.5299975710468,1020.1603109059995,1020.1603109059995,1020.1603109059995,1165.8974981782853,1214.4765606023805,1263.0556230264756,1020.1603109059995,1020.1603109059995,1068.7393733300946,1117.3184357541897,971.5812484819044,777.2649987855234,1360.2137478746658,437.21156181685694,3206.218119990284,3400.5343696866653,3546.271556958951,971.5812484819044,582.9487490891427,1020.1603109059995,582.9487490891427,1991.7415593879036
ERR912092,enx,8082.716632551305,3096.625203380045,7872.775940796725,7767.805594919435,8135.201805489949,10969.401144176769,524.8517293864484,6928.0428279011185,2204.3772634230827,2781.714165748176,0.0,10811.945625360835,2834.199338686821,3673.9621057051386,28446.9637327455,23565.84264945153,10602.004933606257,8555.083188999108,1259.644150527476,20679.158137826063,1522.0700152207,6718.102136146538,5878.339369128222,734.7924211410277,3254.0807221959794,734.7924211410277,4093.8434892142973,2204.3772634230827,2361.8327822390174,52.48517293864483,1207.158977588831,6193.25040676009,2991.6548575027555,0.0,104.97034587728966,3096.625203380045,4933.606256232614,682.3072482023829,262.4258646932242,892.2479399569622,262.4258646932242,8555.083188999108,4408.754526846165,629.822075263738,10444.549414790321,8765.023880753688,8187.686978428595,682.3072482023829,6928.0428279011185,577.3369023250931,2204.3772634230827,15378.155671022936,839.7627670183173,2204.3772634230827,3096.625203380045,3726.447278643783,944.7331128956071,629.822075263738,7190.468692594342,367.39621057051386,52.48517293864483,5353.487639741773,2519.288301054952,3149.1103763186898,1994.4365716685038,1889.4662257912141,5196.032120925838,6403.19109851467,6298.2207526373795,7085.498346717052,5930.824542066865,1364.6144964047658,8450.112843121819,2991.6548575027555,6875.557654962473,4881.12108329397,4723.665564478035,2414.317955177662,3201.595549257335,209.94069175457932,3044.1400304414,1259.644150527476,104.97034587728966,577.3369023250931,1102.1886317115413,2939.169684564111,1049.7034587728967,10549.51976066761,4251.299008030231,577.3369023250931,262.4258646932242,157.4555188159345,170576.8120505957,67233.50653440403,32750.74791371438,51960.321209258385,20101.82123550097,8187.686978428595,7033.013173778408,314.911037631869,37474.41347819241,10916.915971238126,5563.428331496352,2676.7438198708865,1049.7034587728967,997.2182858342519,11809.163911195088,12963.837715845275,9342.36078307878,629.822075263738,2834.199338686821,472.36655644780353,367.39621057051386,1994.4365716685038,40151.1572980633,7610.3500761035,5668.398677373642,7190.468692594342,2151.892090484438,3988.8731433370076,1469.5848422820554,3464.0214139505592,4513.7248727234555,5563.428331496352,6350.705925576024,944.7331128956071,262.4258646932242,1102.1886317115413,6560.646617330604,1469.5848422820554,52.48517293864483,577.3369023250931,2991.6548575027555,104.97034587728966,104.97034587728966,4513.7248727234555,577.3369023250931,1994.4365716685038,1732.0107069752796,104.97034587728966,1154.6738046501862,314.911037631869,104.97034587728966,104.97034587728966,1574.5551881593449,1102.1886317115413,1154.6738046501862,367.39621057051386,104.97034587728966,104.97034587728966,1679.5255340366346,734.7924211410277,629.822075263738,262.4258646932242,157.4555188159345,52.48517293864483,734.7924211410277,997.2182858342519,2151.892090484438,104.97034587728966,6560.646617330604,104.97034587728966,629.822075263738,1049.7034587728967
ERR912103,enx,12891.599667313558,9795.767489141484,6561.315959707976,7624.064319378985,9888.180389982443,13030.219018574993,2448.941872285371,5128.915996673136,554.4774050457444,46.206450420478696,646.8903058867019,7254.412716015156,1478.6064134553183,8132.335274004251,25598.3735329452,15432.954440439884,10165.419092505314,8086.128823583772,970.3354588300526,10026.799741243878,924.129008409574,10812.309398392015,6376.49015802606,2402.7354218648925,5267.535347934572,4297.199889104519,3419.2773311154237,2171.703169762499,4112.374087422604,46.206450420478696,877.9225579890953,5775.806302559837,3557.89668237686,323.44515294335093,1108.9548100914888,3188.24507901303,2911.006376490158,1155.1612605119676,508.2709546252657,462.064504204787,3604.1031327973387,8733.019129470475,6838.5546622308475,415.8580537843083,13815.72867572313,10165.419092505314,6422.696608446539,1524.8128638757971,2448.941872285371,1108.9548100914888,1201.3677109324462,7023.380463912762,1848.258016819148,1293.7806117734037,1524.8128638757971,6468.9030588670175,970.3354588300526,415.8580537843083,12337.122262267812,46.206450420478696,924.129008409574,5036.503095832179,92.41290084095739,4066.1676370021255,4759.264393309306,3604.1031327973387,4019.961186581647,8825.432030311431,4297.199889104519,10211.625542925793,4620.64504204787,1663.4322151372332,4204.786988263561,2679.9741243877647,5729.5998521393585,3696.516033638296,1894.4644672396266,3419.2773311154237,4482.025690786434,184.82580168191478,2864.7999260696793,970.3354588300526,739.3032067276591,1293.7806117734037,2957.2128269106365,3049.6257277515942,600.6838554662231,10396.451344607707,3788.9289344792533,2217.9096201829775,138.6193512614361,138.6193512614361,154606.7831069217,65705.57249792072,37843.082894372055,65705.57249792072,24859.07032621754,13399.870621938822,5082.709546252657,323.44515294335093,40892.70862212365,6977.174013492284,2448.941872285371,6653.728860548933,831.7161075686166,1524.8128638757971,7531.651418538028,9795.767489141484,4250.9934386840405,46.206450420478696,2495.1483227058498,739.3032067276591,646.8903058867019,693.0967563071804,32483.134645596525,8270.954625265687,2772.3870252287215,7808.8901210609,1432.3999630348396,4343.406339524998,231.0322521023935,5683.393401718879,4250.9934386840405,5683.393401718879,7947.509472322336,1432.3999630348396,323.44515294335093,1339.9870621938824,8501.986877368081,970.3354588300526,369.65160336382957,646.8903058867019,2310.322521023935,1016.5419092505314,831.7161075686166,6053.045005082709,462.064504204787,369.65160336382957,2079.2902689215416,508.2709546252657,1293.7806117734037,739.3032067276591,508.2709546252657,508.2709546252657,277.2387025228722,924.129008409574,924.129008409574,1524.8128638757971,508.2709546252657,508.2709546252657,277.2387025228722,1432.3999630348396,1432.3999630348396,739.3032067276591,1986.877368080584,554.4774050457444,1016.5419092505314,3973.754736161168,3373.070880694945,508.2709546252657,831.7161075686166,508.2709546252657,600.6838554662231,2633.767673967286
ERR912113,enx,11466.43389938105,7578.16219647675,6467.2274242183785,7697.190922075861,9879.384224726235,12458.33994604031,2817.0131725122997,3570.8617679733375,753.8485954610379,476.114902396445,396.7624186637042,7697.190922075861,1666.4021583875576,7697.190922075861,25948.262180606253,20353.912077448025,10990.318996984604,9363.593080463419,1269.6397397238534,10633.232820187271,912.5535629265196,8212.982066338676,6030.788763688303,1944.1358514521503,4919.853991429932,1785.4308839866687,4999.206475162672,2142.5170607840023,3888.2717029043006,238.0574511982225,1031.5822885256307,6506.903666084749,3293.1280749087446,872.8773210601491,872.8773210601491,1944.1358514521503,3332.8043167751152,1190.2872559911125,277.7336930645929,515.7911442628154,4562.767814632598,11982.225043643866,6268.846214886526,991.9060466592605,14362.79955562609,7855.895889541343,4046.976670369783,1944.1358514521503,1587.0496746548167,1468.0209490557054,2817.0131725122997,4602.444056498968,2459.926995714966,634.8198698619267,1031.5822885256307,4681.7965402317095,1904.45960958578,991.9060466592605,11585.462624980162,119.02872559911125,674.4961117282971,6705.284875416601,753.8485954610379,3650.2142517060784,3491.5092842405966,2499.603237581336,3610.538009839708,9204.888112997936,4800.825265830821,8451.0395175369,4999.206475162672,1269.6397397238534,2578.955721314077,3332.8043167751152,4404.062847167116,4999.206475162672,2063.1645770512614,2817.0131725122997,3650.2142517060784,198.3812093318521,3729.5667354388193,2697.9844469131885,1547.3734327884463,1071.2585303920011,3094.7468655768926,2936.041898111411,1110.9347722583716,11982.225043643866,3174.0993493096335,2063.1645770512614,198.3812093318521,198.3812093318521,157038.56530709413,63442.3107443263,40945.88160609427,62053.64227900333,23924.77384542136,13053.483574035867,3808.91921917156,515.7911442628154,39517.53689890494,9522.2980479289,1468.0209490557054,6744.961117282971,991.9060466592605,515.7911442628154,8927.154419933344,12934.454848436757,5435.645135692747,515.7911442628154,4007.3004285034126,753.8485954610379,0.0,793.5248373274084,30868.116172036185,7300.428503412157,1229.963497857483,9403.269322329788,1547.3734327884463,4523.091572766228,238.0574511982225,5832.407554356451,4166.005395968894,8530.39200126964,10117.441675924456,476.114902396445,357.0861767973338,119.02872559911125,8252.658308205046,1626.7259165211872,476.114902396445,1428.3447071893352,2697.9844469131885,952.22980479289,277.7336930645929,5078.5589588954135,2182.193302650373,357.0861767973338,2578.955721314077,634.8198698619267,634.8198698619267,952.22980479289,634.8198698619267,634.8198698619267,238.0574511982225,634.8198698619267,674.4961117282971,2221.869544516743,634.8198698619267,634.8198698619267,277.7336930645929,2261.545786383114,2063.1645770512614,436.43866053007457,2142.5170607840023,198.3812093318521,238.0574511982225,2459.926995714966,2182.193302650373,595.1436279955562,991.9060466592605,634.8198698619267,119.02872559911125,1388.6684653229647
ERR912116,enx,13090.005732849226,6401.681635772979,6067.265430919168,5159.564303458819,10557.997324670361,9889.164914962736,859.9273839098032,3678.578253391936,525.5111790559909,477.73743550544623,0.0,9077.011274603477,2914.198356583222,5302.885534110454,27039.938849608254,20686.03095738582,11274.603477928531,9841.391171412191,2149.818459774508,12373.399579591056,1146.5698452130707,6736.097840626791,7166.0615325816925,1672.0810242690618,2770.8771259315877,1958.7234855723295,3535.2570227403016,1863.1759984712403,3296.388304987579,95.54748710108925,95.54748710108925,6640.550353525702,3105.2933307854,95.54748710108925,1051.0223581119817,2340.913433976686,3344.1620485381236,812.1536403592586,907.7011274603477,382.189948404357,1863.1759984712403,11035.734760175808,3774.125740493025,573.2849226065354,12898.910758647047,4299.636919549016,2675.3296388304984,859.9273839098032,1480.9860500668833,1624.3072807185172,716.6061532581693,9554.748710108925,1003.2486145614371,1528.759793617428,2627.5558952799543,3821.89948404357,1242.1173323141602,573.2849226065354,13997.706860309574,95.54748710108925,668.8324097076246,3726.3519969424806,716.6061532581693,3009.7458436843112,3057.519587234856,2245.3659468755973,3009.7458436843112,9411.42747945729,7643.79896808714,11322.377221479075,4395.184406650105,2197.5922033250527,3630.804509841391,2102.0447162239634,5589.52799541372,2961.9721001337666,3583.0307662908463,3057.519587234856,1433.2123065163387,429.9636919549016,3630.804509841391,1337.6648194152492,95.54748710108925,907.7011274603477,1767.6285113701508,2388.687177527231,334.4162048538123,11847.888400535066,3726.3519969424806,1051.0223581119817,477.73743550544623,143.32123065163384,154118.09669405693,62726.92528186509,39508.8859163004,57328.49226065354,26848.843875406077,9602.522453659469,3678.578253391936,143.32123065163384,41563.15688897382,7930.4414293904065,2197.5922033250527,3200.8408178864893,716.6061532581693,1910.949742021785,10175.807376266004,13854.385629657942,9268.106248805656,668.8324097076246,4060.7682017962925,1337.6648194152492,764.379896808714,573.2849226065354,47964.838524746796,9793.617427861647,3965.2207146952032,6736.097840626791,3009.7458436843112,6449.455379323524,382.189948404357,5589.52799541372,7070.514045480603,6019.4916873686225,7213.835276132238,1767.6285113701508,716.6061532581693,334.4162048538123,10653.54481177145,1051.0223581119817,525.5111790559909,955.4748710108925,1528.759793617428,716.6061532581693,286.6424613032677,7118.287789031148,1672.0810242690618,525.5111790559909,2149.818459774508,525.5111790559909,1337.6648194152492,955.4748710108925,525.5111790559909,525.5111790559909,382.189948404357,525.5111790559909,573.2849226065354,1146.5698452130707,525.5111790559909,525.5111790559909,429.9636919549016,1576.5335371679723,1719.8547678196064,764.379896808714,2436.4609210777758,382.189948404357,2770.8771259315877,3678.578253391936,3391.935792088668,477.73743550544623,1433.2123065163387,525.5111790559909,621.0586661570801,1337.6648194152492
ERR912119,enx,13607.963570899079,8260.086836810337,8260.086836810337,4977.231811924176,10483.956369797734,9848.565074658478,1535.5289632532035,3124.007201101345,741.2898443291326,264.74637297469025,1006.036217303823,5506.724557873557,1270.7825902785132,5612.623107063433,25892.195276924704,17685.05771470931,13184.369374139575,11542.941861696494,1270.7825902785132,10166.260722228106,582.4420205443184,7095.202795721699,6353.912951392566,1429.6304140633274,4659.5361643545475,1747.3260616329558,3494.6521232659115,2382.7173567722125,3388.753574076035,158.84782378481415,688.3405697341947,7306.999894101451,3388.753574076035,370.6449221645663,741.2898443291326,3441.7028486709733,3282.855024886159,953.086942708885,264.74637297469025,688.3405697341947,2859.260828126655,9689.717250873662,3229.905750291221,264.74637297469025,14137.456316848458,6989.304246531823,4024.144869215292,1906.17388541777,2012.072434607646,1270.7825902785132,1058.985491898761,6724.557873557132,3018.1086519114688,741.2898443291326,3547.6013978608494,3918.246320025415,1058.985491898761,264.74637297469025,13396.166472519326,211.79709837975219,688.3405697341947,5294.927459493804,1164.8840410886369,3865.2970454304777,3653.4999470507255,2223.869532987398,3706.4492216456633,10960.499841152176,6618.659324367256,10219.209996823045,4341.84051678492,1323.731864873451,4447.739065974796,2806.3115535317165,4235.941967595044,2594.5144551519643,1323.731864873451,3282.855024886159,3176.956475696283,158.84782378481415,3229.905750291221,1217.8333156835752,370.6449221645663,1058.985491898761,2594.5144551519643,2700.413004341841,158.84782378481415,11384.09403791168,3706.4492216456633,1588.4782378481416,582.4420205443184,105.89854918987609,150217.09202583926,66769.03526421687,41406.33273324156,66398.39034205231,26898.231494228527,10272.15927141798,3176.956475696283,476.5434713544425,44530.3399343429,8524.833209785025,1800.2753362278936,4871.333262734301,847.1883935190087,688.3405697341947,9213.17377951922,8895.478131949592,5983.268029227999,370.6449221645663,4394.789791379858,1270.7825902785132,317.6956475696283,476.5434713544425,37699.883511595894,8789.579582759716,1270.7825902785132,8577.782484379964,1588.4782378481416,4924.282537329239,317.6956475696283,5771.470930848247,5136.07963570899,6830.456422747009,6989.304246531823,635.3912951392566,264.74637297469025,900.1376681139468,6777.50714815207,794.2391189240708,1376.6811394683893,423.59419675950437,1853.2246108228317,1641.4275124430794,52.949274594938046,6459.811500582442,1111.934766493699,317.6956475696283,2859.260828126655,1641.4275124430794,2117.970983797522,1853.2246108228317,1641.4275124430794,1641.4275124430794,211.79709837975219,476.5434713544425,529.4927459493805,1270.7825902785132,1641.4275124430794,1641.4275124430794,264.74637297469025,1323.731864873451,2594.5144551519643,635.3912951392566,1058.985491898761,476.5434713544425,741.2898443291326,4341.84051678492,3547.6013978608494,1535.5289632532035,1111.934766493699,1641.4275124430794,264.74637297469025,2859.260828126655
ERR912120,enx,5305.588093433474,2825.0534003996413,3376.2833321849375,3927.5132639702333,3582.9945566044235,3996.4170054433953,826.8448976779439,2067.11224419486,1102.4598635705918,4685.454420175016,0.0,21773.58230551919,3720.802039550748,7165.989113208847,29008.475160201197,28319.43774546958,17777.165300075794,8681.87142561841,413.42244883897195,15847.860538827259,826.8448976779439,11162.406118652243,3031.7646248191277,689.03741473162,14331.978226417694,689.03741473162,3789.7057810239094,6545.855439950389,8544.063942672088,0.0,275.61496589264794,14814.304416729829,8888.582650037897,344.51870736581,137.80748294632397,20119.8925101633,620.1336732584579,482.3261903121339,4409.839454282367,206.71122441948597,895.7486391511059,3514.0908151312615,4478.743195755529,1998.2085027216976,12333.769723695998,964.6523806242678,551.2299317852959,68.90374147316199,413.42244883897195,2342.727210087508,10611.176186866947,12953.903396954454,1446.9785709364019,2342.727210087508,2549.4384345069934,2618.342175980156,2893.9571418728037,1998.2085027216976,4134.22448838972,482.3261903121339,206.71122441948597,2756.14965892648,7717.219044994143,2204.9197271411836,2067.11224419486,1722.59353682905,5305.588093433474,4478.743195755529,2549.4384345069934,3720.802039550748,6614.759181423551,964.6523806242678,1378.07482946324,895.7486391511059,2480.5346930338314,2825.0534003996413,9026.390132984221,2549.4384345069934,551.2299317852959,68.90374147316199,2756.14965892648,1929.3047612485357,137.80748294632397,413.42244883897195,7786.122786467305,8406.256459725764,344.51870736581,14745.400675256667,1791.4972783022117,482.3261903121339,206.71122441948597,68.90374147316199,172948.3910976366,58912.698959553505,23289.464617928752,62220.07855026528,10680.079928340108,9991.042513608489,2067.11224419486,413.42244883897195,31420.106111761866,20119.8925101633,1033.55612209743,2687.245917453318,2962.8608833459657,413.42244883897195,12127.05849927651,19155.240129539034,16330.186729139392,482.3261903121339,1378.07482946324,895.7486391511059,137.80748294632397,413.42244883897195,17777.165300075794,16261.282987666233,1240.2673465169157,13918.555777578722,1309.171087990078,2273.8234686143455,413.42244883897195,3720.802039550748,1998.2085027216976,11506.924826018052,11644.732308964376,344.51870736581,206.71122441948597,344.51870736581,4547.646937228691,689.03741473162,68.90374147316199,2067.11224419486,1102.4598635705918,206.71122441948597,206.71122441948597,2273.8234686143455,826.8448976779439,413.42244883897195,1309.171087990078,137.80748294632397,4547.646937228691,482.3261903121339,137.80748294632397,137.80748294632397,344.51870736581,757.9411562047819,757.9411562047819,689.03741473162,137.80748294632397,137.80748294632397,344.51870736581,964.6523806242678,826.8448976779439,206.71122441948597,1102.4598635705918,137.80748294632397,413.42244883897195,895.7486391511059,1033.55612209743,137.80748294632397,137.80748294632397,137.80748294632397,620.1336732584579,4961.069386067663
ERR912130,enx,11709.13445545872,8116.559111170249,6785.975650322667,6253.742265983634,5388.863016432706,10777.726032865412,2128.9335373561303,4390.925420797019,997.9375956356863,332.6458652118954,665.2917304237908,7916.971592043111,1663.2293260594772,6852.504823365046,27343.490120417802,18761.2267979509,10711.196859823032,8582.263322466903,332.6458652118954,9047.967533763554,1330.5834608475816,6120.6839198988755,4191.337901669882,2328.521056483268,4657.042112966536,2794.2252677799215,2062.404364313752,2062.404364313752,3925.221209500366,399.1750382542745,1064.4667686780651,5189.275497305568,2461.579402568026,864.8792495509281,1064.4667686780651,2594.637748652784,2461.579402568026,1596.700153017098,465.70421129665357,266.1166921695163,4191.337901669882,9314.084225933071,7185.15068857694,266.1166921695163,8848.380014636417,11443.017763289203,9846.317610272105,931.4084225933071,3925.221209500366,798.350076508549,2794.2252677799215,7251.67986161932,1463.64180693234,931.4084225933071,1663.2293260594772,5921.096400771738,731.82090346617,266.1166921695163,14037.655511941986,133.05834608475814,931.4084225933071,5921.096400771738,532.2333843390326,5056.217151220811,4257.867074712261,2195.4627103985094,3659.1045173308494,9247.555052890693,6519.8589581531505,11443.017763289203,3259.9294790765753,2927.28361386468,1995.8751912713726,3459.5169982037123,3925.221209500366,3925.221209500366,2461.579402568026,3060.3419599494378,2860.7544408223007,332.6458652118954,2528.1085756104053,2128.9335373561303,1596.700153017098,1463.64180693234,2461.579402568026,2195.4627103985094,465.70421129665357,13438.892954560575,3259.9294790765753,2860.7544408223007,266.1166921695163,0.0,153948.50642006518,59277.49318075976,40915.44142106314,58612.201450335975,27609.606812587317,9047.967533763554,4723.571286008914,731.82090346617,32798.88230989289,10045.905129399242,2794.2252677799215,8848.380014636417,864.8792495509281,931.4084225933071,7916.971592043111,15301.709799747188,5987.625573814118,133.05834608475814,3060.3419599494378,1197.5251147628235,0.0,532.2333843390326,44907.191803605885,6453.329785110772,2927.28361386468,6852.504823365046,1995.8751912713726,3126.871132991817,598.7625573814117,8449.204976382143,7052.092342492182,6386.800612068392,9247.555052890693,1264.0542878052026,1264.0542878052026,332.6458652118954,10045.905129399242,1596.700153017098,798.350076508549,798.350076508549,3526.046171246091,864.8792495509281,731.82090346617,6253.742265983634,2062.404364313752,798.350076508549,2461.579402568026,532.2333843390326,1197.5251147628235,532.2333843390326,532.2333843390326,532.2333843390326,665.2917304237908,931.4084225933071,931.4084225933071,1796.287672144235,532.2333843390326,532.2333843390326,665.2917304237908,1596.700153017098,1862.8168451866143,266.1166921695163,1596.700153017098,266.1166921695163,399.1750382542745,1929.3460182289934,2062.404364313752,465.70421129665357,1862.8168451866143,532.2333843390326,598.7625573814117,1862.8168451866143
ERR912134,enx,12846.005744405516,5775.968184830981,6722.848215131143,7795.978916137992,10983.808351481868,9595.050973708298,1420.3200454502414,3755.9574535239717,915.317362623489,568.1280181800967,1167.8187040368653,7196.288230281223,2051.573398983682,5270.96550200423,22946.059400940565,16191.648518132752,12498.816399962125,8395.669601994761,1546.5707161569294,12656.629738345484,1925.322728276994,11330.99769592526,7764.41624846132,1325.6320424202254,3187.829435343875,1483.4453808035855,3377.2054414039076,1925.322728276994,4292.522804027397,284.06400909004833,410.3146797967364,6091.594861597702,2777.514755547139,536.5653505034246,852.1920272701449,3093.141432313859,3440.3307767572514,1704.3840545402898,725.9413565634567,725.9413565634567,2272.5120727203866,13319.445759555598,5176.277498974214,1483.4453808035855,14266.325789855759,4545.024145440773,3219.392103020547,946.880030300161,2304.0747403970586,2209.3867373670423,662.8160212101127,7922.22958684468,1735.9467222169617,1262.5067070668813,2840.640090900483,3755.9574535239717,2588.138749487107,1483.4453808035855,11299.435028248588,220.93867373670423,94.68800303001609,5902.21885553767,662.8160212101127,4671.274816147461,3945.3334595840042,4608.149480794117,3314.0801060505632,10478.805668655115,5807.530852507653,8711.296278761482,5239.402834327558,1230.9440393902094,5428.77884038759,2272.5120727203866,6470.346873717766,2430.325411103747,5965.344190891014,2872.202758577155,2903.7654262538267,189.37600606003218,4450.336142410757,2777.514755547139,0.0,1862.1973929236499,1704.3840545402898,2304.0747403970586,3882.20812423066,11015.37101915854,3156.266767667203,978.442697976833,284.06400909004833,126.25067070668814,158823.34374901367,71047.56494018873,41063.030647350315,62620.33267051731,25123.883470630935,13761.323107029006,3724.3947858472998,189.37600606003218,45702.742795821105,5933.781523214342,2493.4507464570906,3219.392103020547,725.9413565634567,757.5040242401287,10636.619007038476,9658.176309061642,7511.914907047943,599.6906858567686,3250.9547706972194,1420.3200454502414,189.37600606003218,1704.3840545402898,33456.42773727235,6470.346873717766,1830.634725246978,7006.912224221191,2493.4507464570906,4481.8988100874285,473.4400151500805,3156.266767667203,6754.410882807815,7038.474891897863,6407.2215383644225,883.7546949468169,347.1893444433924,347.1893444433924,9405.674967648267,1735.9467222169617,347.1893444433924,1767.5093898936339,1167.8187040368653,662.8160212101127,315.6266767667203,4513.461477764101,978.442697976833,505.00268282675256,1704.3840545402898,378.75201212006436,568.1280181800967,662.8160212101127,378.75201212006436,378.75201212006436,378.75201212006436,694.3786888867847,725.9413565634567,1073.1307010068492,378.75201212006436,378.75201212006436,410.3146797967364,1199.3813717135372,1104.6933686835212,568.1280181800967,1672.8213868636176,157.81333838336016,441.87734747340846,2556.576081810435,2240.9494050437143,378.75201212006436,252.50134141337628,378.75201212006436,473.4400151500805,946.880030300161
ERR912139,enx,11160.293840647955,7157.656809191938,7204.746656620833,5886.230928611791,8852.891316632134,9182.520248634393,1459.7852702957243,3296.289320022603,706.3477114334149,847.6172537200979,894.7071011489923,7487.285741194199,1977.7735920135617,6310.039555471841,28300.998304765493,24251.27142588058,11254.473535505746,10312.676586927859,1601.054812582407,13138.067432661517,1083.0664908645697,7016.387266905255,5839.141081182897,2448.672066302505,4049.726878884913,1930.6837445846675,2401.582218873611,2448.672066302505,3861.367489169335,141.269542286683,941.7969485778866,7157.656809191938,3437.5588623092863,659.2578640045206,1365.6055754379356,1930.6837445846675,2825.3908457336597,1271.425880580147,423.80862686004895,847.6172537200979,2401.582218873611,8994.160858918818,3767.1877943115464,423.80862686004895,11772.461857223581,8852.891316632134,6027.500470898474,1553.964965153513,3343.379167451498,1553.964965153513,1648.1446600113015,6451.309097758523,1083.0664908645697,1035.9766434356752,2213.2228291580336,4002.637031456018,941.7969485778866,423.80862686004895,10877.75475607459,188.35938971557732,706.3477114334149,5650.781691467319,988.8867960067809,3814.2776417404407,3484.6487097381805,2354.492371444717,3767.1877943115464,8852.891316632134,6027.500470898474,8899.981164061028,4897.34413260501,1648.1446600113015,2825.3908457336597,2542.851761160294,5697.871538896215,3625.9182520248632,2825.3908457336597,3484.6487097381805,2071.9532868713504,235.44923714447165,3625.9182520248632,1177.2461857223584,376.71877943115464,1177.2461857223584,2966.660388020343,3060.8400828781314,235.44923714447165,13043.88773780373,3955.5471840271234,1177.2461857223584,706.3477114334149,188.35938971557732,153842.53155019777,61781.87982670936,39461.29214541345,59757.0163872669,25145.978527029572,11019.024298361273,3249.199472593709,282.539084573366,40073.460161989075,6592.578640045206,2825.3908457336597,5179.883217178377,753.4375588623093,1177.2461857223584,8711.62177434545,10406.856281785647,6733.848182331889,706.3477114334149,2872.480693162554,517.9883217178376,517.9883217178376,470.8984742889433,46713.12864946318,9983.047654925598,3484.6487097381805,8381.992842343192,1930.6837445846675,4944.433980033905,423.80862686004895,5650.781691467319,6922.207572047467,6451.309097758523,9229.610096063288,1459.7852702957243,329.6289320022603,329.6289320022603,9135.4304012055,894.7071011489923,470.8984742889433,1083.0664908645697,1601.054812582407,894.7071011489923,423.80862686004895,7110.566961763044,1224.3360331512524,470.8984742889433,2119.0431343002447,612.1680165756262,1035.9766434356752,1177.2461857223584,612.1680165756262,612.1680165756262,376.71877943115464,988.8867960067809,1035.9766434356752,941.7969485778866,612.1680165756262,612.1680165756262,423.80862686004895,753.4375588623093,1130.156338293464,1130.156338293464,1412.6954228668299,235.44923714447165,2542.851761160294,4190.996421171596,3861.367489169335,565.078169146732,2260.312676586928,612.1680165756262,329.6289320022603,1177.2461857223584
ERR912140,enx,13538.658966955407,6929.740134744947,6031.4404876483795,6929.740134744947,9367.982034007058,8405.518126403593,1411.6137311517484,2181.5848572345203,577.478344562079,256.65704202759065,1219.1209496310555,9111.324991979467,2887.3917228103946,4748.1552775104265,28617.260186076353,25986.52550529355,9047.16073147257,11036.252807186398,1090.7924286172602,12191.209496310556,898.2996470965671,4363.169714469041,5325.633622072505,1604.1065126724416,2053.256336220725,1026.6281681103626,1860.763554700032,1026.6281681103626,1475.7779916586462,64.16426050689766,384.98556304138594,5903.111966634585,1283.285210137953,256.65704202759065,1604.1065126724416,1668.2707731793391,3272.3772858517805,1668.2707731793391,577.478344562079,1283.285210137953,1732.4350336862367,12768.687840872635,3144.048764837985,577.478344562079,11036.252807186398,4940.64805903112,1668.2707731793391,1924.9278152069298,1283.285210137953,1347.4494706448509,898.2996470965671,7956.3683028553105,1283.285210137953,1154.956689124158,1989.0920757138276,2759.0632017965995,1154.956689124158,577.478344562079,15014.436958614051,128.32852101379532,705.8068655758742,4748.1552775104265,1732.4350336862367,4042.3484119345526,4299.005453962143,1283.285210137953,3208.213025344883,10715.431504651908,7699.711260827719,11998.716714789862,4812.319538017324,1347.4494706448509,2951.5559833172924,1860.763554700032,3721.527109400064,1924.9278152069298,2887.3917228103946,4106.51267244145,1732.4350336862367,513.3140840551813,3144.048764837985,705.8068655758742,0.0,1604.1065126724416,834.1353865896696,1154.956689124158,577.478344562079,13538.658966955407,3978.1841514276553,705.8068655758742,769.9711260827719,192.49278152069297,151684.31183830605,59801.090792428615,41578.440808469684,51588.06544754572,28809.752967597047,8213.0253448829,2309.913378248316,192.49278152069297,37215.271094000644,6223.933269169072,3144.048764837985,3015.7202438241898,577.478344562079,2117.4205967276225,10458.774462624318,9624.639076034648,8726.339428938081,513.3140840551813,4876.483798524222,834.1353865896696,449.14982354828356,898.2996470965671,49342.3163298043,12961.180622393327,2823.227462303497,9367.982034007058,2759.0632017965995,10073.788899582933,256.65704202759065,5453.962143086301,7828.039781841514,7443.054218800128,9945.460378569138,1989.0920757138276,769.9711260827719,384.98556304138594,10843.760025665704,898.2996470965671,577.478344562079,1796.5992941931343,1026.6281681103626,898.2996470965671,449.14982354828356,11934.552454282964,2117.4205967276225,320.82130253448827,1924.9278152069298,834.1353865896696,1154.956689124158,1026.6281681103626,834.1353865896696,834.1353865896696,256.65704202759065,577.478344562079,641.6426050689765,577.478344562079,834.1353865896696,834.1353865896696,256.65704202759065,641.6426050689765,769.9711260827719,2438.241899262111,769.9711260827719,192.49278152069297,898.2996470965671,8854.667949951878,7635.547000320821,769.9711260827719,2502.406159769009,834.1353865896696,641.6426050689765,1347.4494706448509
ERR912151,enx,11574.189061646219,7103.4722567184945,7550.543937211266,7202.8215190502215,9885.251602006856,9140.1321345189,1788.2867219710893,4023.6451244349514,397.39704932690876,397.39704932690876,745.1194674879539,7749.242461874721,2533.406189459043,6209.328895732949,28761.61144503502,18180.915006706076,11027.768118821718,9338.830659182355,993.4926233172719,8693.060454026128,645.7702051562267,9040.782872187174,4719.089960757042,993.4926233172719,3328.2002881128606,3427.549550444588,2235.3584024638617,1986.9852466345437,3526.898812776315,149.02389349759076,645.7702051562267,5662.90795290845,2781.779345288361,198.69852466345438,1539.9135661417715,3973.9704932690875,2036.6598778004072,943.8179921514082,943.8179921514082,397.39704932690876,3030.1525011176795,11077.44274998758,3874.6212309373605,447.0716804927723,13312.801152451442,7749.242461874721,5762.257215240177,844.468729819681,3427.549550444588,1092.841885648999,2384.382295961452,7302.1707813819485,2434.0569271273157,1490.2389349759078,2434.0569271273157,4321.692911430133,1539.9135661417715,447.0716804927723,11226.466643485172,99.34926233172719,149.02389349759076,5712.582584074313,745.1194674879539,3278.525656946997,3526.898812776315,2732.1047141224976,2384.382295961452,9338.830659182355,5613.233321742586,8941.433609855447,3924.2958621032244,2235.3584024638617,4222.343649098405,2036.6598778004072,4719.089960757042,3477.2241816104515,2235.3584024638617,2136.0091401321347,1986.9852466345437,298.0477869951815,3824.946599771497,1440.5643038100443,347.72241816104514,745.1194674879539,1539.9135661417715,2483.7315582931797,447.0716804927723,9239.481396850628,3129.5017634494066,3129.5017634494066,745.1194674879539,298.0477869951815,152650.14157269883,65918.23555710098,36957.92558740251,64080.274203964036,25185.038001092842,12269.633897968308,3973.9704932690875,298.0477869951815,39242.95862103224,6557.051313893994,3427.549550444588,5364.860165913268,596.095573990363,2285.033033629725,9885.251602006856,10928.41885648999,7202.8215190502215,794.7940986538175,5513.884059410859,695.4448363220903,546.4209428244995,1241.8657791465898,37901.74357955392,8096.964880035766,2881.1286076200886,8047.290248869903,2781.779345288361,5315.185534747405,198.69852466345438,4619.740698425314,5215.836272415678,6706.0752073915855,8941.433609855447,2334.7076647955887,496.74631165863593,347.72241816104514,6904.7737320550395,1043.1672544831356,1341.215041478317,1142.5165168148626,1738.6120908052258,1986.9852466345437,695.4448363220903,6259.003526898813,794.7940986538175,298.0477869951815,3824.946599771497,1291.5404103124533,1937.3106154686802,1837.961353136953,1291.5404103124533,1291.5404103124533,198.69852466345438,1142.5165168148626,1192.191147980726,2781.779345288361,1291.5404103124533,1291.5404103124533,198.69852466345438,3874.6212309373605,3576.5734439421785,894.1433609855446,1887.6359843028165,248.37315582931797,1490.2389349759078,3824.946599771497,3030.1525011176795,1192.191147980726,645.7702051562267,1291.5404103124533,993.4926233172719,1937.3106154686802
ERR912152,enx,12479.823628990986,8779.181921971576,7440.6519428368965,3385.693476634778,5590.331089327192,13030.98303216409,2834.534073461675,4173.0640525963545,314.94823038463056,236.2111727884729,393.68528798078813,6102.121963702217,984.2132199519704,7913.074288413843,29565.76512735719,16928.46738317389,9999.60631471202,11220.030707452463,866.107633557734,8897.287508365811,433.053816778867,8424.865162788867,4488.012282980985,2086.5320262981772,4409.275225384827,3346.3249478366993,3858.115822211724,2952.6396598559113,4921.0660997598525,78.73705759615764,1299.1614503366009,7716.231644423448,4448.6437541829055,787.3705759615763,1220.4243927404434,3110.113775048226,2007.7949687020196,1062.950277548128,354.31675918270935,984.2132199519704,4763.591984567537,11456.241880240934,6535.175780481083,629.8964607692611,12676.666272981378,11731.821581827488,5550.962560529113,1377.8985079327585,2047.1634975000982,1456.6355655289162,1417.2670367308374,3858.115822211724,3070.7452462501474,1889.6893823077833,1496.004094326995,6968.22959725995,1023.5817487500491,629.8964607692611,11771.190110625565,157.47411519231528,1259.7929215385223,4763.591984567537,393.68528798078813,4409.275225384827,4330.538167788669,2716.4284870674383,5708.436675721428,8385.496633990788,4054.9584662021175,9566.552497933151,3228.2193614424627,1614.1096807212314,2047.1634975000982,3464.430534230936,4173.0640525963545,3897.484351009803,984.2132199519704,3346.3249478366993,4173.0640525963545,196.84264399039407,2204.6376126924133,787.3705759615763,1929.057911105862,1299.1614503366009,3936.8528798078814,3976.2214086059603,275.57970158655166,9920.869257115863,3306.9564190386204,2755.797015865517,354.31675918270935,78.73705759615764,154364.00141726702,64879.33545923388,36770.20589740561,67044.60454312821,24565.96197000118,10865.713948269753,4173.0640525963545,905.4761623558127,39250.42321168458,9015.39309476005,1732.215267115468,9724.026613125467,2007.7949687020196,748.0020471634975,5275.382858942561,8503.602220385024,3976.2214086059603,118.10558639423645,3306.9564190386204,551.1594031731033,1692.846738317389,314.94823038463056,36967.048541396005,6377.701665288768,1771.5837959135467,9605.921026731232,1338.5299791346797,3070.7452462501474,236.2111727884729,7086.335183654187,4133.695523798276,8188.653990000393,9763.395141923547,1023.5817487500491,511.79087437502454,1496.004094326995,7283.17782764458,1653.4782095193102,708.6335183654187,708.6335183654187,1889.6893823077833,1417.2670367308374,354.31675918270935,4921.0660997598525,905.4761623558127,157.47411519231528,2558.9543718751233,1102.3188063462067,1771.5837959135467,1968.4264399039407,1102.3188063462067,1102.3188063462067,118.10558639423645,511.79087437502454,551.1594031731033,1850.3208535097042,1102.3188063462067,1102.3188063462067,118.10558639423645,1771.5837959135467,1496.004094326995,354.31675918270935,2165.2690838943345,196.84264399039407,3070.7452462501474,3740.0102358174877,2007.7949687020196,1023.5817487500491,669.2649895673399,1102.3188063462067,275.57970158655166,2637.6914294712806
ERR912158,enx,12624.86126526082,6196.818349981502,6520.532741398446,6150.573436921938,10220.125786163522,9988.901220865706,832.408435072142,5549.389567147614,971.1431742508324,554.9389567147614,277.4694783573807,6798.002219755827,2034.7761746207916,6289.30817610063,25897.15131335553,18035.516093229744,12301.146873843876,10312.615612282649,1156.1228264890863,12023.677395486497,739.9186089530152,7306.696263411024,5688.124306326304,924.898261191269,2728.4498705142437,2682.20495745468,3329.633740288568,2543.4702182759897,4994.450610432853,416.204217536071,323.7143914169441,7075.471698113208,3884.5726970033297,138.73473917869035,554.9389567147614,3005.919348871624,2959.674435812061,1526.082130965594,1109.8779134295228,1202.3677395486498,2543.4702182759897,12023.677395486497,4115.797262301147,416.204217536071,12069.92230854606,6243.0632630410655,3607.103218645949,924.898261191269,1803.5516093229744,971.1431742508324,1294.8575656677765,5873.103958564558,2728.4498705142437,2081.0210876803553,2543.4702182759897,5133.185349611543,2127.2660007399186,416.204217536071,9341.472438031815,277.4694783573807,323.7143914169441,4855.715871254161,508.6940436551979,3283.3888272290046,4069.552349241583,3237.1439141694414,4023.3074361820195,10451.350351461339,5919.348871624122,9017.758046614872,4763.226045135035,1248.6126526082132,6058.083610802812,2497.2253052164265,4393.266740658528,3930.817610062893,2589.715131335553,2913.429522752497,2728.4498705142437,138.73473917869035,3653.348131705512,2266.000739918609,786.1635220125787,1433.592304846467,2081.0210876803553,3098.409174990751,1341.10247872734,9110.247872734,4347.021827598964,2081.0210876803553,231.22456529781724,184.9796522382538,153209.3969663337,67425.08324084351,41481.68701442841,60580.83610802812,25157.23270440252,11283.758786533483,5456.899741028487,1017.3880873103958,40880.50314465409,4716.981132075472,2450.9803921568628,3422.123566407695,1572.3270440251574,601.1838697743249,9110.247872734,11376.248612652607,7306.696263411024,601.1838697743249,4578.246392896781,2266.000739918609,1618.5719570847207,1156.1228264890863,42129.1157972623,8647.798742138364,1988.5312615612283,6428.0429152793195,2682.20495745468,4254.532001479837,601.1838697743249,6150.573436921938,4578.246392896781,7584.1657417684055,6982.98187199408,554.9389567147614,508.6940436551979,277.4694783573807,8601.553829078803,1433.592304846467,1017.3880873103958,1109.8779134295228,1849.796522382538,1063.6330003699593,601.1838697743249,6428.0429152793195,1942.2863485016649,786.1635220125787,2913.429522752497,739.9186089530152,1202.3677395486498,1248.6126526082132,739.9186089530152,739.9186089530152,601.1838697743249,647.4287828338882,693.6736958934517,1341.10247872734,739.9186089530152,739.9186089530152,647.4287828338882,1433.592304846467,1433.592304846467,601.1838697743249,1526.082130965594,231.22456529781724,1942.2863485016649,4439.511653718091,2959.674435812061,693.6736958934517,1803.5516093229744,739.9186089530152,601.1838697743249,1156.1228264890863
ERR912161,enx,9267.30379380249,6536.758925985685,12163.33622936577,8563.98163087998,6619.502709858922,8150.2627115137975,1861.7351371478217,8481.237847006743,2151.3383807041496,2151.3383807041496,620.578379049274,6950.4778453518675,1489.3881097182573,5502.461627570228,22754.540565140043,17334.82272144305,8729.469198626453,8315.750279260272,1199.7848661619296,11997.848661619297,1696.2475694013488,9225.931901865872,5295.6021678871375,1282.528650035166,2689.172975880187,2234.0821645773863,3475.2389226759337,1778.9913532745852,2896.0324355632783,41.37189193661826,1282.528650035166,4137.189193661827,2565.057300070332,372.3470274295643,1075.6691903520748,4054.4454097885896,5295.6021678871375,744.6940548591286,579.2064871126556,1034.2972984154567,2689.172975880187,7819.287576020852,5709.32108725332,537.8345951760374,11211.78271482355,12659.798932605187,11584.129742253113,744.6940548591286,9225.931901865872,1696.2475694013488,661.9502709858922,12866.65839228828,1199.7848661619296,786.065946795747,2482.313516197096,5585.205411443466,1241.156758098548,537.8345951760374,11501.385958379877,124.11567580985478,620.578379049274,5254.230275950519,0.0,4385.420545281535,2978.7762194365146,5171.4864920772825,5543.833519506847,6081.668114682885,6784.990277605395,9763.76649704191,3268.3794629928425,2316.8259484506225,11501.385958379877,992.9254064788382,6702.246493732158,5750.692979189938,3227.0075710562246,1530.7600016548756,3888.9578420421167,165.48756774647305,2482.313516197096,1075.6691903520748,248.23135161970956,744.6940548591286,1861.7351371478217,2192.7102726407675,910.1816226056018,6578.130817922303,3227.0075710562246,1406.644325845021,620.578379049274,165.48756774647305,163791.3201770717,66567.37412601878,39923.87571883662,57010.46708865996,27388.19246204129,11046.295147077075,8481.237847006743,165.48756774647305,43026.76761408299,9929.254064788383,5626.577303380084,5626.577303380084,413.7189193661826,165.48756774647305,9225.931901865872,11294.526498696787,6950.4778453518675,413.7189193661826,2109.9664887675312,1158.4129742253112,206.8594596830913,537.8345951760374,33263.00111704109,5171.4864920772825,4385.420545281535,5543.833519506847,992.9254064788382,2151.3383807041496,1820.3632452112035,4923.255140457573,4095.817301725208,5005.99892433081,6164.411898556121,124.11567580985478,372.3470274295643,1489.3881097182573,5295.6021678871375,537.8345951760374,289.6032435563278,868.8097306689834,4426.792437218154,620.578379049274,248.23135161970956,4178.561085598444,744.6940548591286,2565.057300070332,1861.7351371478217,413.7189193661826,868.8097306689834,537.8345951760374,413.7189193661826,413.7189193661826,2027.2227048942948,703.3221629225105,703.3221629225105,951.55351454222,413.7189193661826,413.7189193661826,2109.9664887675312,992.9254064788382,744.6940548591286,372.3470274295643,1448.0162177816392,413.7189193661826,744.6940548591286,1654.8756774647304,2192.7102726407675,372.3470274295643,206.8594596830913,413.7189193661826,206.8594596830913,1158.4129742253112
ERR912173,enx,11574.73563875393,10145.75593026579,6823.378108030866,3893.9697056301798,5108.602457845099,14325.5215775936,1571.8776793369534,4858.531008859674,464.41840525864535,107.17347813661046,357.2449271220348,8038.010860245784,1464.7042012003428,11467.562160617319,23863.961131751927,15361.531866247498,12324.949985710202,6751.929122606459,643.0408688196628,9752.786510431552,857.3878250928836,11646.184624178337,6287.510717347814,3036.5818805372965,5537.29637039154,4608.45955987425,2464.989997142041,3465.2757930837383,5787.367819376965,71.44898542440697,643.0408688196628,8395.25578736782,5608.745355815947,392.96941983423835,1250.357244927122,2464.989997142041,2786.510431551872,1214.6327522149186,464.41840525864535,785.9388396684767,5537.29637039154,11467.562160617319,7466.418976850529,571.5918833952558,13253.786796227494,12182.052014861389,7537.867962274936,2214.918548156616,3536.7247785081454,964.5613032294941,1250.357244927122,5215.775935981709,2286.367533581023,1143.1837667905115,607.3163761074593,8180.908831094598,2536.4389825664475,571.5918833952558,10967.41926264647,107.17347813661046,750.2143469562732,5644.469848528151,857.3878250928836,5072.877965132895,5394.398399542726,3786.7962274935694,4501.2860817376395,7609.316947699343,4215.490140040011,9967.133466704774,3929.6941983423835,1643.3266647613605,2072.0205773078023,2607.8879679908546,5108.602457845099,3822.5207202057727,1500.4286939125464,1643.3266647613605,1750.5001428979708,107.17347813661046,3179.47985138611,678.7653615318662,750.2143469562732,1214.6327522149186,5644.469848528151,4822.806516147471,250.0714489854244,11217.490711631894,3215.204344098314,2965.1328951128894,285.7959416976279,857.3878250928836,145827.37925121465,61624.74992855101,36617.60503000858,67197.77079165477,24185.48156616176,14932.837953701059,4858.531008859674,392.96941983423835,43726.77907973706,7537.867962274936,1714.7756501857673,6787.653615318663,964.5613032294941,285.7959416976279,6501.857673621034,7895.11288939697,4572.735067162046,750.2143469562732,5037.153472420692,678.7653615318662,0.0,571.5918833952558,32795.084309802805,6716.204629894256,2214.918548156616,8109.4598456701915,1428.9797084881393,2679.3369534152616,321.5204344098314,5037.153472420692,4394.112603601029,7537.867962274936,7466.418976850529,285.7959416976279,71.44898542440697,678.7653615318662,5001.428979708488,464.41840525864535,571.5918833952558,571.5918833952558,2715.061446127465,1964.8470991711918,1036.0102886539012,5001.428979708488,893.1123178050872,392.96941983423835,3572.4492712203487,785.9388396684767,857.3878250928836,821.6633323806802,785.9388396684767,785.9388396684767,285.7959416976279,1214.6327522149186,1250.357244927122,3751.071734781366,785.9388396684767,785.9388396684767,321.5204344098314,3215.204344098314,3393.8268076593313,714.4898542440696,1821.9491283223779,214.3469562732209,500.1428979708488,4322.663618176622,2464.989997142041,714.4898542440696,785.9388396684767,785.9388396684767,250.0714489854244,2464.989997142041
ERR912185,enx,10769.559945795592,9592.753726553026,8665.573068967977,4885.528849582769,6454.603808572855,9949.361671778046,1355.1101918550744,6525.925397617859,713.2158904500392,748.8766849725412,1319.4493973325725,7738.392411382925,1105.4846301975606,11696.740603380644,28350.33164538906,15548.106411810855,11161.828685543114,6918.19413736538,820.1982740175451,9913.700877255545,1069.8238356750587,10305.969617003067,6775.550959275372,3316.4538905926825,4921.18964410527,4528.920904357749,3102.4891234576708,3280.7930960701806,5563.083945510306,71.32158904500393,820.1982740175451,7631.41002781542,4707.224876970259,392.2687397475216,748.8766849725412,2282.290849440126,2852.8635618001567,1212.4670137650667,748.8766849725412,570.5727123600315,5741.387918122816,11233.150274588119,5884.031096212824,748.8766849725412,11946.366165038156,13444.11953498324,7488.766849725412,1676.0573425575922,3066.828328935169,998.502246630055,1569.0749589900863,7096.498109977891,1604.7357535125882,1319.4493973325725,1390.7709863775765,4635.903287925255,1141.145424720063,748.8766849725412,10519.93438413808,106.98238356750588,534.9119178375294,5563.083945510306,71.32158904500393,3780.044219385208,4421.938520790242,3245.1323015476783,6204.9782469153415,5349.119178375294,3387.775479637686,8879.537836102989,2995.5067398901647,2531.9164110976394,3209.4715070251764,1925.682904215106,3566.0794522501965,6632.907781185365,1890.022109692604,1676.0573425575922,2531.9164110976394,35.660794522501966,3459.09706868269,927.180657585051,1283.7886028100706,1497.7533699450823,5206.476000285286,4635.903287925255,106.98238356750588,9771.057699165538,3066.828328935169,3780.044219385208,71.32158904500393,35.660794522501966,150024.96255616576,66257.75622280865,36338.3496184295,66507.38178446617,23429.142001283788,12802.225233578203,6490.2646030953565,606.2335068825333,41794.4511803723,9343.128164895514,2353.6124384851296,8736.894658012981,1640.3965480350903,392.2687397475216,4314.956137222737,9806.718493688039,3566.0794522501965,570.5727123600315,2817.202767277655,891.5198630625491,106.98238356750588,213.96476713501175,37836.10298837458,6062.335068825334,2888.5243563226586,8451.608301832965,1034.1630411525568,1390.7709863775765,499.2511233150275,5384.779972897796,3423.436274160188,7845.374794950432,8487.269096355467,427.9295342700235,249.62556165751374,1890.022109692604,5741.387918122816,748.8766849725412,463.5903287925255,677.5550959275372,2995.5067398901647,1390.7709863775765,606.2335068825333,4207.973753655231,499.2511233150275,820.1982740175451,3780.044219385208,713.2158904500392,927.180657585051,641.8943014050353,713.2158904500392,713.2158904500392,534.9119178375294,1248.1278082875688,1319.4493973325725,2995.5067398901647,713.2158904500392,713.2158904500392,570.5727123600315,2745.881178232651,2282.290849440126,142.64317809000786,2424.9340275301333,285.28635618001573,0.0,2888.5243563226586,2210.969260395121,641.8943014050353,142.64317809000786,713.2158904500392,142.64317809000786,2995.5067398901647
ERR912186,enx,11885.170963613093,5348.326933625892,7176.814774181752,7405.375754251234,14033.644176266229,11793.7465715853,594.2585481806545,3382.7025050283414,959.9561162918267,365.697568111172,274.27317608337904,5851.161089778752,2148.4732126531358,5394.039129639788,24501.737063448527,19930.51746205888,12982.263667946609,7222.526970195649,1097.0927043335162,12982.263667946609,1599.9268604863776,8045.346498445785,5439.751325653684,411.40976412506853,3291.2781130005483,1234.2292923752057,3474.1268970561346,1554.2146644724812,2514.170780764308,228.56098006948255,182.848784055586,4982.62936551472,2605.595172792101,502.83415615286157,868.5317242640336,639.9707441945511,1782.7756445419639,1142.8049003474125,1234.2292923752057,959.9561162918267,1142.8049003474125,11610.897787529713,4022.6732492228925,274.27317608337904,11656.609983543609,3839.8244651673067,2514.170780764308,685.6829402084476,1279.9414883891022,274.27317608337904,548.5463521667581,8365.331870543061,2514.170780764308,2468.4585847504113,3245.565916986652,3702.687877125617,1554.2146644724812,182.848784055586,11016.639239349059,274.27317608337904,319.98537209727556,6948.253794112269,594.2585481806545,5256.902541598099,4068.385445236789,2971.292740903273,2102.761016639239,12250.868531724263,6628.268422014994,8685.317242640336,6811.117206070579,685.6829402084476,3794.11226915341,2788.443956847687,5119.765953556409,3748.400073139514,3519.839093070031,2651.307368805997,1645.6390565002741,319.98537209727556,5759.73669775096,2148.4732126531358,274.27317608337904,1005.6683123057231,1051.3805083196196,1874.200036569757,2971.292740903273,16182.117388919365,2879.86834887548,1142.8049003474125,411.40976412506853,411.40976412506853,150530.2614737612,66374.10861217773,41872.3715487292,57140.24501737063,24958.859023587494,11428.049003474127,3336.990309014445,411.40976412506853,42375.205704882064,5759.73669775096,2559.8829767782045,1097.0927043335162,822.8195282501371,2057.048820625343,16182.117388919365,11519.47339550192,9462.424574876577,914.2439202779302,4525.507405375754,1874.200036569757,91.424392027793,1554.2146644724812,45575.059425854815,8228.195282501372,1142.8049003474125,7953.922106417993,3885.5366611812033,6673.98061802889,319.98537209727556,2011.3366246114463,7633.936734320717,6673.98061802889,8319.619674529164,2194.1854086670323,685.6829402084476,274.27317608337904,11153.775827390748,2742.7317608337903,685.6829402084476,502.83415615286157,959.9561162918267,411.40976412506853,91.424392027793,7176.814774181752,1325.6536844029986,457.1219601389651,3794.11226915341,365.697568111172,685.6829402084476,365.697568111172,365.697568111172,365.697568111172,365.697568111172,1782.7756445419639,1828.4878405558604,1325.6536844029986,365.697568111172,365.697568111172,365.697568111172,1919.9122325836533,1965.62442859755,731.395136222344,1782.7756445419639,411.40976412506853,0.0,3839.8244651673067,3154.141524958859,319.98537209727556,1965.62442859755,365.697568111172,365.697568111172,685.6829402084476
ERR912190,enx,11168.995185097481,6511.95832346673,8564.211855710791,7853.816402241692,8998.342410608573,13379.11437366801,1973.3207040808272,4538.637619385902,1539.1901491830452,1026.1267661220302,1262.9252506117293,7735.417159996843,1697.0558055095114,6314.626253058647,24982.240113663272,20127.871181624436,10024.469176730601,7972.215644486541,1775.9886336727445,11997.78988081143,2131.1863604072933,7735.417159996843,7538.08508958876,3117.846712447707,4222.90630673297,2052.2535322440604,5051.701002446917,1973.3207040808272,4183.439892651354,473.5969689793985,1815.4550477543612,6354.092667140264,3315.1787828557894,1065.5931802036466,907.7275238771806,2407.451258978609,2486.3840871418424,1065.5931802036466,394.66414081616546,631.4626253058647,3315.1787828557894,9866.603520404136,7064.488120609361,749.8618675507144,9235.140895098271,8998.342410608573,4696.503275712369,1618.1229773462785,1973.3207040808272,1460.257321019812,2802.1153997947745,6946.088878364511,1539.1901491830452,2091.719946325677,2170.65277448891,6117.294182650565,1460.257321019812,749.8618675507144,10774.331044281316,276.26489857131577,749.8618675507144,5485.8315573447,749.8618675507144,4696.503275712369,3630.9100955087224,2367.984844896993,4025.5742363248874,8722.077512037256,5288.499486936617,7695.950745915226,3788.775751835188,1499.7237351014287,3117.846712447707,2131.1863604072933,5367.43231509985,5880.495698160866,3157.3131265293237,1933.8542899992108,3986.1078222432707,118.39924224484963,3315.1787828557894,2802.1153997947745,2328.5184308153757,1144.5260083668798,2446.9176730602258,2525.8505012234587,670.9290393874812,8051.148472649775,3433.5780251006395,3157.3131265293237,157.86565632646617,118.39924224484963,158457.65253769042,66106.2435867077,39940.01105059594,61567.60596732181,23956.113347541243,12155.655537137896,5209.566658773384,670.9290393874812,39821.611808351096,10221.801247138685,2525.8505012234587,7656.48433183361,710.3954534690978,513.0633830610151,7853.816402241692,14918.304522851055,5170.100244691767,789.3282816323309,3315.1787828557894,1341.8580787749625,355.1977267345489,315.73131265293233,29639.276975294026,6117.294182650565,1933.8542899992108,7301.286605099061,1341.8580787749625,3433.5780251006395,670.9290393874812,5841.029284079248,3433.5780251006395,7735.417159996843,8643.144683874023,473.5969689793985,394.66414081616546,1460.257321019812,7538.08508958876,1657.5893914278947,749.8618675507144,1539.1901491830452,3275.7123687741732,1183.9924224484964,513.0633830610151,5130.633830610151,2486.3840871418424,907.7275238771806,2012.7871181624437,789.3282816323309,710.3954534690978,1460.257321019812,789.3282816323309,789.3282816323309,710.3954534690978,473.5969689793985,473.5969689793985,1381.3244928565791,789.3282816323309,789.3282816323309,749.8618675507144,1381.3244928565791,1420.7909069381956,473.5969689793985,1460.257321019812,39.46641408161654,710.3954534690978,2289.0520167337595,2328.5184308153757,710.3954534690978,947.193937958797,789.3282816323309,276.26489857131577,1460.257321019812
ERR912192,enx,14979.376221144801,4197.119907373905,6657.5005427310225,2966.9295896953467,9479.701859758305,7525.870178739417,0.0,2098.5599536869527,1736.7392720167884,723.6413633403286,796.0054996743613,9334.973587090237,2026.19581735292,4848.397134380201,18380.490628844345,20623.77885519936,7453.5060424053845,12084.810767783485,289.4565453361314,12663.723858455749,2170.9240900209857,4124.755771039872,4558.940589044069,7381.141906071351,4052.39163470584,1519.64686301469,2315.652362689051,1809.1034083508214,4848.397134380201,2170.9240900209857,1085.4620450104928,7091.68536073522,2098.5599536869527,1230.1903176785586,1157.8261813445256,1736.7392720167884,3835.2992257037413,796.0054996743613,506.54895433823,723.6413633403286,796.0054996743613,13676.821767132209,2460.380635357117,144.7282726680657,10926.98458643896,4052.39163470584,1881.4675446848541,940.7337723424271,1664.3751356827556,289.4565453361314,2460.380635357117,6802.2288153990885,1013.09790867646,2098.5599536869527,1085.4620450104928,1736.7392720167884,289.4565453361314,144.7282726680657,13749.185903466241,144.7282726680657,651.2772270062957,6946.957088067154,1953.8316810188871,4993.125407048266,3907.6633620377743,723.6413633403286,3256.3861350314783,12084.810767783485,9986.250814096533,8973.152905420075,2677.4730443592157,578.9130906722628,2460.380635357117,1519.64686301469,2243.2882263550187,2677.4730443592157,1374.9185903466241,2098.5599536869527,2170.9240900209857,361.8206816701643,3184.0219986974453,2605.1089080251827,1664.3751356827556,217.09240900209855,2098.5599536869527,1953.8316810188871,0.0,10275.707359432665,1809.1034083508214,3184.0219986974453,940.7337723424271,578.9130906722628,147622.83812142702,61075.331065923725,46530.13966278313,55069.107750199,29162.74694261524,5789.130906722628,3473.478544033577,2243.2882263550187,38497.72052970548,5499.6743613864965,1085.4620450104928,12518.995585787683,506.54895433823,578.9130906722628,11940.08249511542,16716.11549316159,7670.598451407483,361.8206816701643,2026.19581735292,1085.4620450104928,0.0,1953.8316810188871,53187.64020551415,8756.060496417977,2388.016499023084,3907.6633620377743,2170.9240900209857,7308.777769737318,361.8206816701643,4486.576452710037,8828.424632752009,11867.718358781387,13604.457630798177,578.9130906722628,2098.5599536869527,289.4565453361314,16209.56653882336,2532.7447716911497,361.8206816701643,144.7282726680657,2388.016499023084,506.54895433823,144.7282726680657,14979.376221144801,3690.5709530356753,506.54895433823,1519.64686301469,506.54895433823,578.9130906722628,506.54895433823,506.54895433823,506.54895433823,289.4565453361314,940.7337723424271,940.7337723424271,361.8206816701643,506.54895433823,506.54895433823,361.8206816701643,1157.8261813445256,868.3696360083942,651.2772270062957,1519.64686301469,578.9130906722628,0.0,4052.39163470584,3545.84268036761,506.54895433823,3980.0274983718073,506.54895433823,651.2772270062957,651.2772270062957
ERR912194,enx,13806.706114398421,8262.700570392879,7942.854096700251,3998.080921157845,8902.393517778133,10768.16461431846,1812.4633509248895,2292.233061463831,586.3852017698172,799.6161842315689,1279.38589477051,8262.700570392879,1759.1556053094516,6503.544965083426,25481.102404179328,20097.020097020097,11301.24207047284,12154.166000319847,799.6161842315689,9488.77871954795,1066.1549123087584,8955.70126339357,3944.7731755424065,1919.0788421557654,5384.08230715923,1812.4633509248895,1972.3865877712033,1919.0788421557654,3891.465429926968,319.8464736926275,693.000693000693,6770.083693160616,2612.0795351564584,959.5394210778827,1332.6936403859481,1919.0788421557654,2985.233754464524,1599.2323684631378,266.5387280771896,533.0774561543792,3411.695719388027,9542.08646516339,4531.158377312224,693.000693000693,12100.85825470441,8369.316061623755,3358.3879737725892,959.5394210778827,1545.9246228476998,1652.5401140785757,1119.4626579241963,4691.081614158537,2185.617570232955,1919.0788421557654,1919.0788421557654,5010.928087851165,1492.616877232262,693.000693000693,13486.859640705794,106.61549123087585,1012.8471666933204,5917.159763313609,1332.6936403859481,4424.542886081347,3784.8499386960925,2345.5408070792687,4797.697105389413,10075.163921317766,6716.7759475451785,11088.011088011088,4264.619649235034,1439.3091316168238,3305.0802281571514,1919.0788421557654,4371.23514046591,2931.9260088490855,1759.1556053094516,1599.2323684631378,3145.1569913108374,319.8464736926275,2718.6950263873337,1226.0781491550722,906.2316754624447,1386.001386001386,2985.233754464524,2452.1562983101444,373.1542193080655,13433.551895090357,3411.695719388027,1599.2323684631378,799.6161842315689,53.30774561543792,146702.91593368517,64502.37219467988,40673.80990457913,64555.67994029532,28253.1051761821,10235.08715816408,2612.0795351564584,426.4619649235034,38967.96204488513,7036.6224212378065,1652.5401140785757,6290.313982621675,1226.0781491550722,1332.6936403859481,8902.393517778133,9808.625193240578,6237.006237006237,479.76971053894135,1919.0788421557654,479.76971053894135,106.61549123087585,693.000693000693,45897.96897489205,9435.470973932512,1812.4633509248895,8422.623807239192,1812.4633509248895,4957.620342235727,159.92323684631376,6876.699184391492,8635.854789700943,7782.930859853936,7623.007623007623,1386.001386001386,852.9239298470068,1332.6936403859481,8262.700570392879,1705.8478596940136,746.308438616131,1279.38589477051,2185.617570232955,1386.001386001386,1119.4626579241963,6876.699184391492,2292.233061463831,159.92323684631376,1865.7710965403273,906.2316754624447,1119.4626579241963,1172.7704035396343,906.2316754624447,906.2316754624447,159.92323684631376,746.308438616131,746.308438616131,1066.1549123087584,906.2316754624447,906.2316754624447,159.92323684631376,959.5394210778827,1066.1549123087584,906.2316754624447,1652.5401140785757,693.000693000693,319.8464736926275,3305.0802281571514,3998.080921157845,852.9239298470068,1012.8471666933204,906.2316754624447,906.2316754624447,1919.0788421557654
ERR912198,enx,12861.206150294736,6513.046704315924,7378.704810585762,6677.933962653035,10181.788202316666,9604.682798136773,370.996331258502,3462.6324250793523,659.549033348448,412.21814584278,577.1054041798919,6636.712148068758,2555.752504225236,4781.730491776248,25310.194154746692,20487.241848386166,12242.878931530568,10800.115421080836,2555.752504225236,12077.991673193454,1319.098066696896,4987.839564697638,7172.595737664372,1319.098066696896,3792.406941753576,1731.3162125396761,2308.4216167195677,2143.534358382456,5358.83589595614,700.7708479327259,906.879920854116,5688.610412630364,2844.305206315182,329.774516674224,741.992662517004,2432.0870604724023,2885.52702089946,1772.538027123954,865.6581062698381,741.992662517004,2308.4216167195677,10181.788202316666,3091.63609382085,123.665443752834,12448.988004451956,6306.937631394534,4410.734160517746,948.101735438394,1154.2108083597839,618.32721876417,618.32721876417,7048.930293911538,1813.759841708232,1813.759841708232,3751.185127169298,3792.406941753576,1030.54536460695,123.665443752834,11335.99901067645,82.443629168556,906.879920854116,6059.606743888866,1154.2108083597839,3256.523352157962,3751.185127169298,1566.428954202564,2555.752504225236,10965.002679417948,6183.2721876417,8285.584731439878,3874.850570922132,700.7708479327259,5276.392266787584,2019.8689146296217,3380.188795910796,3338.9669813265177,1607.650768786842,3091.63609382085,1937.425285461066,247.330887505668,4534.39960427058,2102.312543798178,247.330887505668,2061.0907292139,1607.650768786842,2596.974318809514,700.7708479327259,9357.351910631107,4493.177789686301,989.323550022672,206.10907292139,164.887258337112,147161.87806587247,62739.60179727112,41180.59276969372,58534.97670967476,25887.299558926585,8739.024691866936,3751.185127169298,412.21814584278,40438.60010717672,6224.494002225978,2143.534358382456,4410.734160517746,783.214477101282,1319.098066696896,11006.224494002226,13438.311554474627,8409.250175192712,535.883589595614,5729.8322272146415,948.101735438394,1854.98165629251,1236.65443752834,44519.55975102024,9151.242837709717,1896.203470876788,7378.704810585762,3586.297868832186,6142.050373057422,412.21814584278,5771.05404179892,6595.49033348448,5482.501339708974,8615.359248114102,1236.65443752834,1112.988993775506,700.7708479327259,8491.693804361268,1525.207139618286,1030.54536460695,659.549033348448,1978.647100045344,1648.87258337112,370.996331258502,7296.261181417206,3503.85423966363,453.439960427058,3462.6324250793523,1401.5416958654519,2225.977987551012,2514.530689640958,1401.5416958654519,1401.5416958654519,329.774516674224,741.992662517004,783.214477101282,1648.87258337112,1401.5416958654519,1401.5416958654519,370.996331258502,1731.3162125396761,2267.19980213529,618.32721876417,1566.428954202564,206.10907292139,4616.8432334391355,4864.174120944805,3256.523352157962,1319.098066696896,1978.647100045344,1401.5416958654519,577.1054041798919,1648.87258337112
ERR912202,enx,12314.756835733668,7983.719474013777,7461.907743686078,10018.785222291797,11062.408682947193,11897.307451471508,521.8117303276978,6366.103109997913,1565.4351909830932,782.7175954915466,0.0,6835.73366729284,1721.9787100814026,7774.994781882697,22281.360884992693,16750.1565435191,10175.328741390107,6992.277186391149,1721.9787100814026,9966.604049259027,2087.246921310791,9183.88645376748,9549.15466499687,3704.8632853266545,3809.2256313921935,3913.5879774577334,5009.392611145899,2974.326862867877,3339.5950740972658,313.08703819661866,730.5364224587769,4852.84909204759,2139.428094343561,1252.3481527864747,417.4493842621582,4383.218534752661,4070.1314965560423,834.8987685243164,573.9929033604675,365.26821122938844,2922.1456898351075,7305.364224587768,3861.406804424964,156.54351909830933,9966.604049259027,4278.856188687122,3130.8703819661864,730.5364224587769,2504.6963055729493,1200.166979753705,3078.689208933417,10384.053433521185,2661.2398246712587,2191.6092673763305,1982.8845752452514,5739.929033604676,1147.985806720935,156.54351909830933,13149.655604257983,260.9058651638489,991.4422876226257,6783.552494260071,626.1740763932373,5583.385514506366,5792.110206637445,4278.856188687122,3339.5950740972658,9705.69818409518,5479.023168440826,9601.33583802964,5061.573784178668,3183.0515549989564,2087.246921310791,2400.33395950741,5792.110206637445,5948.653725735754,2765.602170736798,1617.6163640158632,2452.5151325401794,156.54351909830933,4331.037361719891,2243.7904404091005,730.5364224587769,730.5364224587769,1461.0728449175538,1617.6163640158632,1043.6234606553955,8192.444166144855,2817.7833437695676,3026.508035900647,52.18117303276978,104.36234606553955,156752.2437904404,67470.25673137132,43727.823001461074,59956.16781465247,25673.13713212273,13514.923815487373,6835.73366729284,365.26821122938844,41849.30077228136,8662.074723439782,1930.703402212482,4905.030265080359,260.9058651638489,521.8117303276978,10853.683990816115,15132.540179503236,6522.646629096223,678.3552494260072,3026.508035900647,1826.341056146942,104.36234606553955,1513.2540179503235,30995.616781465247,7722.813608849928,1565.4351909830932,8088.081820079316,1304.5293258192444,3287.413901064496,782.7175954915466,3391.7762471300357,5948.653725735754,5374.660822375286,5792.110206637445,626.1740763932373,313.08703819661866,782.7175954915466,6418.284283030683,887.0799415570863,156.54351909830933,365.26821122938844,3443.957420162805,782.7175954915466,782.7175954915466,5009.392611145899,2661.2398246712587,834.8987685243164,1982.8845752452514,104.36234606553955,1200.166979753705,626.1740763932373,104.36234606553955,104.36234606553955,678.3552494260072,1304.5293258192444,1356.7104988520143,1408.8916718847838,104.36234606553955,104.36234606553955,678.3552494260072,1043.6234606553955,1095.8046336881653,313.08703819661866,1356.7104988520143,573.9929033604675,3026.508035900647,2661.2398246712587,2922.1456898351075,104.36234606553955,991.4422876226257,104.36234606553955,260.9058651638489,1878.522229179712
