,-,00010,00020,00030,00040,00051,00052,00053,00061,00071,00072,00120,00121,00130,00140,00190,00195,00220,00230,00240,00250,00260,00261,00270,00280,00290,00300,00310,00311,00330,00332,00333,00340,00350,00360,00361,00362,00380,00400,00401,00405,00410,00430,00440,00450,00460,00471,00472,00473,00480,00500,00510,00511,00513,00520,00521,00523,00524,00525,00531,00540,00550,00561,00562,00564,00590,00600,00603,00604,00620,00621,00622,00625,00626,00627,00630,00633,00640,00643,00650,00660,00670,00680,00710,00720,00730,00740,00750,00760,00770,00780,00785,00790,00791,00830,00860,00900,00903,00908,00910,00920,00930,00940,00941,00944,00945,00950,00960,00966,00970,00980,00981,00982,00983,01040,01051,01053,01054,01055,01100,01110,01120,01130,01200,01210,01212,01220,01230,01501,01502,01503,01521,01523,01524,02010,02020,02024,02025,02026,02030,02040,02060,03008,03010,03013,03018,03020,03022,03030,03060,03070,03320,03410,03420,03430,03440,03450,04011,04016,04066,04068,04070,04071,04072,04112,04113,04122,04141,04142,04146,04150,04151,04152,04210,04211,04212,04213,04214,04216,04217,04371,04380,04612,04614,04621,04626,04657,04659,04714,04724,04727,04910,04914,04915,04917,04918,04920,04922,04930,04931,04934,04940,04964,04973,04974,05010,05014,05100,05111,05120,05132,05133,05134,05146,05150,05152,05165,05200,05203,05205,05206,05211,05215,05219,05225,05230,05231,05323,05340,05418,ko00010,ko00020,ko00030,ko00040,ko00051,ko00052,ko00053,ko00061,ko00071,ko00072,ko00120,ko00121,ko00130,ko00140,ko00190,ko00195,ko00220,ko00230,ko00240,ko00250,ko00260,ko00261,ko00270,ko00280,ko00290,ko00300,ko00310,ko00311,ko00330,ko00332,ko00333,ko00340,ko00350,ko00360,ko00361,ko00362,ko00380,ko00400,ko00401,ko00405,ko00410,ko00430,ko00440,ko00450,ko00460,ko00471,ko00472,ko00473,ko00480,ko00500,ko00510,ko00511,ko00513,ko00520,ko00521,ko00523,ko00524,ko00525,ko00531,ko00540,ko00550,ko00561,ko00562,ko00564,ko00590,ko00600,ko00603,ko00604,ko00620,ko00621,ko00622,ko00625,ko00626,ko00627,ko00630,ko00633,ko00640,ko00643,ko00650,ko00660,ko00670,ko00680,ko00710,ko00720,ko00730,ko00740,ko00750,ko00760,ko00770,ko00780,ko00785,ko00790,ko00791,ko00830,ko00860,ko00900,ko00903,ko00908,ko00910,ko00920,ko00930,ko00940,ko00941,ko00944,ko00945,ko00950,ko00960,ko00966,ko00970,ko00980,ko00981,ko00982,ko00983,ko01040,ko01051,ko01053,ko01054,ko01055,ko01100,ko01110,ko01120,ko01130,ko01200,ko01210,ko01212,ko01220,ko01230,ko01501,ko01502,ko01503,ko01521,ko01523,ko01524,ko02010,ko02020,ko02024,ko02025,ko02026,ko02030,ko02040,ko02060,ko03008,ko03010,ko03013,ko03018,ko03020,ko03022,ko03030,ko03060,ko03070,ko03320,ko03410,ko03420,ko03430,ko03440,ko03450,ko04011,ko04016,ko04066,ko04068,ko04070,ko04071,ko04072,ko04112,ko04113,ko04122,ko04141,ko04142,ko04146,ko04150,ko04151,ko04152,ko04210,ko04211,ko04212,ko04213,ko04214,ko04216,ko04217,ko04371,ko04380,ko04612,ko04614,ko04621,ko04626,ko04657,ko04659,ko04714,ko04724,ko04727,ko04910,ko04914,ko04915,ko04917,ko04918,ko04920,ko04922,ko04930,ko04931,ko04934,ko04940,ko04964,ko04973,ko04974,ko05010,ko05014,ko05100,ko05111,ko05120,ko05132,ko05133,ko05134,ko05146,ko05150,ko05152,ko05165,ko05200,ko05203,ko05205,ko05206,ko05211,ko05215,ko05219,ko05225,ko05230,ko05231,ko05323,ko05340,ko05418,00281,00363,00365,00404,00514,00515,00565,00591,00592,00623,00642,00906,00909,00984,03460,04013,04080,04138,04140,04260,04530,04622,04932,04976,04979,05012,05016,05020,05110,05142,05143,05160,05162,05164,05166,05167,05168,05169,ko00281,ko00363,ko00365,ko00404,ko00514,ko00515,ko00565,ko00591,ko00592,ko00623,ko00642,ko00906,ko00909,ko00984,ko03460,ko04013,ko04080,ko04138,ko04140,ko04260,ko04530,ko04622,ko04932,ko04976,ko04979,ko05012,ko05016,ko05020,ko05110,ko05142,ko05143,ko05160,ko05162,ko05164,ko05166,ko05167,ko05168,ko05169,00364,00624,00965,01522,03015,03040,03050,04010,04012,04014,04015,04022,04024,04062,04064,04114,04144,04145,04218,04261,04270,04320,04350,04360,04370,04510,04520,04540,04550,04611,04620,04650,04658,04660,04662,04664,04666,04668,04710,04713,04720,04721,04722,04723,04725,04726,04730,04742,04810,04911,04912,04916,04919,04921,04925,04926,04933,04960,04961,04966,04970,04971,04972,04978,05032,05034,05131,05140,05145,05161,05202,05204,05210,05212,05213,05214,05216,05218,05220,05221,05223,05224,05226,05410,ko00364,ko00624,ko00965,ko01522,ko03015,ko03040,ko03050,ko04010,ko04012,ko04014,ko04015,ko04022,ko04024,ko04062,ko04064,ko04114,ko04144,ko04145,ko04218,ko04261,ko04270,ko04320,ko04350,ko04360,ko04370,ko04510,ko04520,ko04540,ko04550,ko04611,ko04620,ko04650,ko04658,ko04660,ko04662,ko04664,ko04666,ko04668,ko04710,ko04713,ko04720,ko04721,ko04722,ko04723,ko04725,ko04726,ko04730,ko04742,ko04810,ko04911,ko04912,ko04916,ko04919,ko04921,ko04925,ko04926,ko04933,ko04960,ko04961,ko04966,ko04970,ko04971,ko04972,ko04978,ko05032,ko05034,ko05131,ko05140,ko05145,ko05161,ko05202,ko05204,ko05210,ko05212,ko05213,ko05214,ko05216,ko05218,ko05220,ko05221,ko05223,ko05224,ko05226,ko05410,04111,04120,04640,04672,04728,05030,05031,ko04111,ko04120,ko04640,ko04672,ko04728,ko05030,ko05031
SRR6784404,68486,1163,1016,729,333,831,817,111,150,149,26,0,0,72,0,744,290,681,2064,1701,1280,970,119,655,469,416,516,109,1,435,38,16,310,147,172,0,283,61,364,124,9,86,113,15,213,694,267,0,38,206,858,0,263,3,996,307,355,12,180,22,251,545,205,84,383,3,244,64,3,1360,5,5,82,47,6,1392,34,843,0,651,112,497,1068,428,1819,290,294,306,302,628,75,0,155,0,0,278,107,5,0,615,295,0,349,4,10,4,22,168,25,1197,0,4,0,290,15,37,11,0,3,15110,7269,5206,5575,3469,1026,181,69,4114,658,193,292,0,252,59,1073,1207,949,11,56,99,64,91,3,3896,65,739,156,8,456,214,521,92,180,332,745,912,0,35,74,109,29,33,0,0,234,55,95,61,47,138,0,19,61,0,22,129,111,9,55,426,0,0,17,71,73,99,17,17,48,191,191,28,17,17,28,3,54,66,30,54,3,59,135,38,0,42,35,0,87,42,141,9,129,0,0,90,30,21,32,3,27,3,17,0,0,103,0,0,0,157,1163,1016,729,333,831,817,111,150,149,26,0,0,72,0,744,290,681,2064,1701,1280,970,119,655,469,416,516,109,1,435,38,16,310,147,172,0,283,61,364,124,9,86,113,15,213,694,267,0,38,206,858,0,263,3,996,307,355,12,180,22,251,545,205,84,383,3,244,64,3,1360,5,5,82,47,6,1392,34,843,0,651,112,497,1068,428,1819,290,294,306,302,628,75,0,155,0,0,278,107,5,0,615,295,0,349,4,10,4,22,168,25,1197,0,4,0,290,15,37,11,0,3,15110,7269,5206,5575,3469,1026,181,69,4114,658,193,292,0,252,59,1073,1207,949,11,56,99,64,91,3,3896,65,739,156,8,456,214,521,92,180,332,745,912,0,35,74,109,29,33,0,0,234,55,95,61,47,138,0,19,61,0,22,129,111,9,55,426,0,0,17,71,73,99,17,17,48,191,191,28,17,17,28,3,54,66,30,54,3,59,135,38,0,42,35,0,87,42,141,9,129,0,0,90,30,21,32,3,27,3,17,0,0,103,0,0,0,157,0,0,0,0,0,0,0,0,0,0,0,0,0,0,0,0,0,0,0,0,0,0,0,0,0,0,0,0,0,0,0,0,0,0,0,0,0,0,0,0,0,0,0,0,0,0,0,0,0,0,0,0,0,0,0,0,0,0,0,0,0,0,0,0,0,0,0,0,0,0,0,0,0,0,0,0,0,0,0,0,0,0,0,0,0,0,0,0,0,0,0,0,0,0,0,0,0,0,0,0,0,0,0,0,0,0,0,0,0,0,0,0,0,0,0,0,0,0,0,0,0,0,0,0,0,0,0,0,0,0,0,0,0,0,0,0,0,0,0,0,0,0,0,0,0,0,0,0,0,0,0,0,0,0,0,0,0,0,0,0,0,0,0,0,0,0,0,0,0,0,0,0,0,0,0,0,0,0,0,0,0,0,0,0,0,0,0,0,0,0,0,0,0,0,0,0,0,0,0,0,0,0,0,0,0,0,0,0,0,0,0,0,0,0,0,0,0,0,0,0,0,0,0,0,0,0,0,0,0,0,0,0,0,0,0,0,0,0,0,0,0,0,0,0,0,0,0,0,0,0,0,0,0,0,0,0,0,0
SRR6784405,127032,2765,1462,1819,766,2146,1597,106,395,415,48,7,9,61,0,1263,443,1152,4033,3312,2097,1310,272,1181,1020,1098,669,235,0,843,48,20,631,324,386,2,580,119,807,265,35,205,238,37,384,728,495,0,39,293,1518,0,670,93,2010,837,649,171,444,104,52,1063,270,342,478,0,557,156,93,2172,38,35,141,81,21,1948,29,1810,4,1393,326,1107,2080,1190,2417,660,248,490,422,946,68,11,387,19,3,496,218,8,2,808,423,4,373,0,3,0,151,358,24,2628,3,2,3,601,21,74,15,8,131,26899,12327,9266,10730,6750,1833,442,104,7370,786,303,276,0,593,142,1885,1664,1673,47,318,104,56,181,47,5453,20,1533,351,4,888,715,1535,296,304,819,1203,1742,0,79,175,477,79,28,0,0,563,49,152,30,195,321,0,45,258,5,50,341,225,0,209,604,0,0,17,80,58,139,17,17,179,291,291,83,17,17,12,0,205,120,27,173,5,77,275,108,11,128,79,20,269,63,92,45,246,0,10,249,27,34,29,43,179,5,17,0,8,412,0,0,8,306,2765,1462,1819,766,2146,1597,106,395,415,48,7,9,61,0,1263,443,1152,4033,3312,2097,1310,272,1181,1020,1098,669,235,0,843,48,20,631,324,386,2,580,119,807,265,35,205,238,37,384,728,495,0,39,293,1518,0,670,93,2010,837,649,171,444,104,52,1063,270,342,478,0,557,156,93,2172,38,35,141,81,21,1948,29,1810,4,1393,326,1107,2080,1190,2417,660,248,490,422,946,68,11,387,19,3,496,218,8,2,808,423,4,373,0,3,0,151,358,24,2628,3,2,3,601,21,74,15,8,131,26899,12327,9266,10730,6750,1833,442,104,7370,786,303,276,0,593,142,1885,1664,1673,47,318,104,56,181,47,5453,20,1533,351,4,888,715,1535,296,304,819,1203,1742,0,79,175,477,79,28,0,0,563,49,152,30,195,321,0,45,258,5,50,341,225,0,209,604,0,0,17,80,58,139,17,17,179,291,291,83,17,17,12,0,205,120,27,173,5,77,275,108,11,128,79,20,269,63,92,45,246,0,10,249,27,34,29,43,179,5,17,0,8,412,0,0,8,306,0,0,0,0,0,0,0,0,0,0,0,0,0,0,0,0,0,0,0,0,0,0,0,0,0,0,0,0,0,0,0,0,0,0,0,0,0,0,0,0,0,0,0,0,0,0,0,0,0,0,0,0,0,0,0,0,0,0,0,0,0,0,0,0,0,0,0,0,0,0,0,0,0,0,0,0,0,0,0,0,0,0,0,0,0,0,0,0,0,0,0,0,0,0,0,0,0,0,0,0,0,0,0,0,0,0,0,0,0,0,0,0,0,0,0,0,0,0,0,0,0,0,0,0,0,0,0,0,0,0,0,0,0,0,0,0,0,0,0,0,0,0,0,0,0,0,0,0,0,0,0,0,0,0,0,0,0,0,0,0,0,0,0,0,0,0,0,0,0,0,0,0,0,0,0,0,0,0,0,0,0,0,0,0,0,0,0,0,0,0,0,0,0,0,0,0,0,0,0,0,0,0,0,0,0,0,0,0,0,0,0,0,0,0,0,0,0,0,0,0,0,0,0,0,0,0,0,0,0,0,0,0,0,0,0,0,0,0,0,0,0,0,0,0,0,0,0,0,0,0,0,0,0,0,0,0,0,0
SRR6784409,31662,888,397,484,251,751,448,107,73,91,6,5,7,5,4,452,193,320,1216,938,485,430,114,377,313,228,287,61,0,272,0,5,213,90,113,0,34,37,149,47,3,79,55,1,50,59,91,0,24,64,208,0,216,0,645,145,101,33,84,6,23,430,51,115,164,0,223,7,0,611,3,3,46,48,0,537,0,530,0,450,83,321,637,293,739,236,53,85,69,262,28,0,42,3,0,139,65,2,2,230,101,1,43,52,0,52,44,61,4,703,0,0,0,149,0,9,2,0,41,7581,3446,2629,2969,1727,418,81,52,2013,205,112,26,0,145,22,422,423,374,15,109,27,18,23,11,1881,7,402,86,0,288,166,174,46,109,280,329,354,0,34,42,61,25,6,3,0,175,51,40,15,48,69,0,7,92,0,21,55,67,0,37,135,0,0,8,41,22,22,8,8,31,67,69,40,8,8,7,0,33,45,2,52,0,18,34,12,19,25,34,11,69,31,44,0,43,0,5,25,2,9,2,10,58,0,8,0,0,149,0,0,68,21,888,397,484,251,751,448,107,73,91,6,5,7,5,4,452,193,320,1216,938,485,430,114,377,313,228,287,61,0,272,0,5,213,90,113,0,34,37,149,47,3,79,55,1,50,59,91,0,24,64,208,0,216,0,645,145,101,33,84,6,23,430,51,115,164,0,223,7,0,611,3,3,46,48,0,537,0,530,0,450,83,321,637,293,739,236,53,85,69,262,28,0,42,3,0,139,65,2,2,230,101,1,43,52,0,52,44,61,4,703,0,0,0,149,0,9,2,0,41,7581,3446,2629,2969,1727,418,81,52,2013,205,112,26,0,145,22,422,423,374,15,109,27,18,23,11,1881,7,402,86,0,288,166,174,46,109,280,329,354,0,34,42,61,25,6,3,0,175,51,40,15,48,69,0,7,92,0,21,55,67,0,37,135,0,0,8,41,22,22,8,8,31,67,69,40,8,8,7,0,33,45,2,52,0,18,34,12,19,25,34,11,69,31,44,0,43,0,5,25,2,9,2,10,58,0,8,0,0,149,0,0,68,21,0,0,0,0,0,0,0,0,0,0,0,0,0,0,0,0,0,0,0,0,0,0,0,0,0,0,0,0,0,0,0,0,0,0,0,0,0,0,0,0,0,0,0,0,0,0,0,0,0,0,0,0,0,0,0,0,0,0,0,0,0,0,0,0,0,0,0,0,0,0,0,0,0,0,0,0,0,0,0,0,0,0,0,0,0,0,0,0,0,0,0,0,0,0,0,0,0,0,0,0,0,0,0,0,0,0,0,0,0,0,0,0,0,0,0,0,0,0,0,0,0,0,0,0,0,0,0,0,0,0,0,0,0,0,0,0,0,0,0,0,0,0,0,0,0,0,0,0,0,0,0,0,0,0,0,0,0,0,0,0,0,0,0,0,0,0,0,0,0,0,0,0,0,0,0,0,0,0,0,0,0,0,0,0,0,0,0,0,0,0,0,0,0,0,0,0,0,0,0,0,0,0,0,0,0,0,0,0,0,0,0,0,0,0,0,0,0,0,0,0,0,0,0,0,0,0,0,0,0,0,0,0,0,0,0,0,0,0,0,0,0,0,0,0,0,0,0,0,0,0,0,0,0,0,0,0,0,0
SRR6784412,28528,603,461,428,197,467,388,15,181,202,11,0,0,9,0,282,95,229,1091,994,478,275,75,284,235,213,143,44,0,164,6,5,162,69,118,0,44,45,128,74,0,80,120,4,73,214,57,0,6,32,460,0,96,21,392,115,89,25,72,30,11,127,84,43,70,0,122,69,20,634,0,0,9,10,8,537,0,572,0,432,66,321,505,262,580,90,33,143,177,182,26,3,71,0,0,58,70,2,0,191,80,0,147,14,0,14,52,63,0,413,0,2,0,154,5,4,3,0,43,6394,2788,2273,2256,1621,466,194,12,1708,81,32,31,0,153,31,265,439,413,3,77,18,16,31,0,1464,20,381,68,0,275,124,206,145,109,211,323,500,0,6,30,141,5,4,0,0,66,5,33,7,35,145,0,4,60,0,4,40,14,0,120,131,0,0,4,8,7,22,4,4,101,77,77,19,4,4,0,0,108,43,18,24,0,14,29,21,38,25,6,0,87,12,10,12,71,0,2,36,17,4,18,0,48,0,4,0,0,105,0,0,6,11,603,461,428,197,467,388,15,181,202,11,0,0,9,0,282,95,229,1091,994,478,275,75,284,235,213,143,44,0,164,6,5,162,69,118,0,44,45,128,74,0,80,120,4,73,214,57,0,6,32,460,0,96,21,392,115,89,25,72,30,11,127,84,43,70,0,122,69,20,634,0,0,9,10,8,537,0,572,0,432,66,321,505,262,580,90,33,143,177,182,26,3,71,0,0,58,70,2,0,191,80,0,147,14,0,14,52,63,0,413,0,2,0,154,5,4,3,0,43,6394,2788,2273,2256,1621,466,194,12,1708,81,32,31,0,153,31,265,439,413,3,77,18,16,31,0,1464,20,381,68,0,275,124,206,145,109,211,323,500,0,6,30,141,5,4,0,0,66,5,33,7,35,145,0,4,60,0,4,40,14,0,120,131,0,0,4,8,7,22,4,4,101,77,77,19,4,4,0,0,108,43,18,24,0,14,29,21,38,25,6,0,87,12,10,12,71,0,2,36,17,4,18,0,48,0,4,0,0,105,0,0,6,11,0,0,0,0,0,0,0,0,0,0,0,0,0,0,0,0,0,0,0,0,0,0,0,0,0,0,0,0,0,0,0,0,0,0,0,0,0,0,0,0,0,0,0,0,0,0,0,0,0,0,0,0,0,0,0,0,0,0,0,0,0,0,0,0,0,0,0,0,0,0,0,0,0,0,0,0,0,0,0,0,0,0,0,0,0,0,0,0,0,0,0,0,0,0,0,0,0,0,0,0,0,0,0,0,0,0,0,0,0,0,0,0,0,0,0,0,0,0,0,0,0,0,0,0,0,0,0,0,0,0,0,0,0,0,0,0,0,0,0,0,0,0,0,0,0,0,0,0,0,0,0,0,0,0,0,0,0,0,0,0,0,0,0,0,0,0,0,0,0,0,0,0,0,0,0,0,0,0,0,0,0,0,0,0,0,0,0,0,0,0,0,0,0,0,0,0,0,0,0,0,0,0,0,0,0,0,0,0,0,0,0,0,0,0,0,0,0,0,0,0,0,0,0,0,0,0,0,0,0,0,0,0,0,0,0,0,0,0,0,0,0,0,0,0,0,0,0,0,0,0,0,0,0,0,0,0,0,0
SRR6784519,24689,760,411,428,182,538,428,41,134,131,8,0,0,12,0,308,77,294,1031,850,539,335,58,357,227,289,154,34,7,202,20,9,155,96,119,1,57,20,167,82,10,79,75,4,91,208,127,0,12,51,416,0,211,42,582,192,93,56,63,53,30,248,45,128,175,8,156,58,42,556,5,5,22,11,0,506,27,483,4,382,92,283,562,375,597,169,46,131,147,240,20,0,62,2,0,85,79,6,0,217,117,0,103,0,0,0,72,81,4,576,0,4,0,174,9,15,2,2,16,6780,3069,2407,2638,1773,472,144,14,1906,164,68,44,0,162,43,285,425,364,15,99,42,42,31,3,1441,12,415,88,2,195,138,190,89,71,209,260,370,0,10,43,115,8,19,0,9,143,15,28,0,66,97,0,2,60,0,6,56,44,0,74,125,0,6,0,25,7,34,0,0,62,64,64,12,0,0,12,8,67,26,6,31,0,20,64,8,17,23,10,4,81,8,13,27,93,0,2,53,5,3,6,3,43,0,0,0,2,105,9,6,0,23,760,411,428,182,538,428,41,134,131,8,0,0,12,0,308,77,294,1031,850,539,335,58,357,227,289,154,34,7,202,20,9,155,96,119,1,57,20,167,82,10,79,75,4,91,208,127,0,12,51,416,0,211,42,582,192,93,56,63,53,30,248,45,128,175,8,156,58,42,556,5,5,22,11,0,506,27,483,4,382,92,283,562,375,597,169,46,131,147,240,20,0,62,2,0,85,79,6,0,217,117,0,103,0,0,0,72,81,4,576,0,4,0,174,9,15,2,2,16,6780,3069,2407,2638,1773,472,144,14,1906,164,68,44,0,162,43,285,425,364,15,99,42,42,31,3,1441,12,415,88,2,195,138,190,89,71,209,260,370,0,10,43,115,8,19,0,9,143,15,28,0,66,97,0,2,60,0,6,56,44,0,74,125,0,6,0,25,7,34,0,0,62,64,64,12,0,0,12,8,67,26,6,31,0,20,64,8,17,23,10,4,81,8,13,27,93,0,2,53,5,3,6,3,43,0,0,0,2,105,9,6,0,23,0,0,0,0,0,0,0,0,0,0,0,0,0,0,0,0,0,0,0,0,0,0,0,0,0,0,0,0,0,0,0,0,0,0,0,0,0,0,0,0,0,0,0,0,0,0,0,0,0,0,0,0,0,0,0,0,0,0,0,0,0,0,0,0,0,0,0,0,0,0,0,0,0,0,0,0,0,0,0,0,0,0,0,0,0,0,0,0,0,0,0,0,0,0,0,0,0,0,0,0,0,0,0,0,0,0,0,0,0,0,0,0,0,0,0,0,0,0,0,0,0,0,0,0,0,0,0,0,0,0,0,0,0,0,0,0,0,0,0,0,0,0,0,0,0,0,0,0,0,0,0,0,0,0,0,0,0,0,0,0,0,0,0,0,0,0,0,0,0,0,0,0,0,0,0,0,0,0,0,0,0,0,0,0,0,0,0,0,0,0,0,0,0,0,0,0,0,0,0,0,0,0,0,0,0,0,0,0,0,0,0,0,0,0,0,0,0,0,0,0,0,0,0,0,0,0,0,0,0,0,0,0,0,0,0,0,0,0,0,0,0,0,0,0,0,0,0,0,0,0,0,0,0,0,0,0,0,0
SRR6784520,15326,397,188,248,72,306,179,29,91,95,3,18,21,21,0,120,19,182,628,534,304,132,22,170,127,162,51,24,0,79,3,3,101,55,57,0,16,8,86,51,3,34,61,0,52,129,53,0,2,19,226,0,68,30,249,116,104,17,71,29,11,79,25,60,48,0,38,38,30,315,0,0,6,5,0,293,4,312,0,195,62,162,302,183,298,109,46,48,121,94,10,0,72,0,3,45,92,2,4,103,60,0,68,0,2,0,42,46,0,307,2,2,2,85,8,9,2,0,45,3710,1727,1234,1345,911,253,96,5,1009,64,29,31,0,95,6,120,188,201,6,41,10,11,11,0,720,4,189,41,3,174,46,79,71,28,85,200,244,0,5,8,77,4,5,0,0,87,5,14,9,27,72,0,5,37,0,3,14,13,0,58,89,0,0,5,6,9,12,5,5,49,71,71,6,5,5,2,0,52,11,0,7,0,6,29,28,0,12,5,0,26,6,0,9,43,0,5,10,0,6,0,0,44,0,5,0,0,70,0,0,0,17,397,188,248,72,306,179,29,91,95,3,18,21,21,0,120,19,182,628,534,304,132,22,170,127,162,51,24,0,79,3,3,101,55,57,0,16,8,86,51,3,34,61,0,52,129,53,0,2,19,226,0,68,30,249,116,104,17,71,29,11,79,25,60,48,0,38,38,30,315,0,0,6,5,0,293,4,312,0,195,62,162,302,183,298,109,46,48,121,94,10,0,72,0,3,45,92,2,4,103,60,0,68,0,2,0,42,46,0,307,2,2,2,85,8,9,2,0,45,3710,1727,1234,1345,911,253,96,5,1009,64,29,31,0,95,6,120,188,201,6,41,10,11,11,0,720,4,189,41,3,174,46,79,71,28,85,200,244,0,5,8,77,4,5,0,0,87,5,14,9,27,72,0,5,37,0,3,14,13,0,58,89,0,0,5,6,9,12,5,5,49,71,71,6,5,5,2,0,52,11,0,7,0,6,29,28,0,12,5,0,26,6,0,9,43,0,5,10,0,6,0,0,44,0,5,0,0,70,0,0,0,17,0,0,0,0,0,0,0,0,0,0,0,0,0,0,0,0,0,0,0,0,0,0,0,0,0,0,0,0,0,0,0,0,0,0,0,0,0,0,0,0,0,0,0,0,0,0,0,0,0,0,0,0,0,0,0,0,0,0,0,0,0,0,0,0,0,0,0,0,0,0,0,0,0,0,0,0,0,0,0,0,0,0,0,0,0,0,0,0,0,0,0,0,0,0,0,0,0,0,0,0,0,0,0,0,0,0,0,0,0,0,0,0,0,0,0,0,0,0,0,0,0,0,0,0,0,0,0,0,0,0,0,0,0,0,0,0,0,0,0,0,0,0,0,0,0,0,0,0,0,0,0,0,0,0,0,0,0,0,0,0,0,0,0,0,0,0,0,0,0,0,0,0,0,0,0,0,0,0,0,0,0,0,0,0,0,0,0,0,0,0,0,0,0,0,0,0,0,0,0,0,0,0,0,0,0,0,0,0,0,0,0,0,0,0,0,0,0,0,0,0,0,0,0,0,0,0,0,0,0,0,0,0,0,0,0,0,0,0,0,0,0,0,0,0,0,0,0,0,0,0,0,0,0,0,0,0,0,0
SRR6784521,47695,1221,641,761,338,1037,724,36,167,177,6,0,0,18,0,543,179,346,1611,1315,734,524,103,516,411,348,243,51,0,314,3,13,276,106,142,0,19,24,206,81,0,92,119,0,76,187,94,0,14,67,508,0,289,18,654,214,122,61,75,21,46,363,46,140,179,0,280,31,18,950,0,0,21,23,10,797,0,837,2,580,93,461,1019,442,1040,237,67,170,160,346,16,0,83,2,5,173,70,0,3,292,168,0,118,4,0,4,69,93,4,920,4,0,4,193,14,22,22,0,32,9979,4490,3749,3863,2694,562,178,22,2761,218,71,83,0,248,40,542,604,632,4,160,25,28,46,6,1888,9,643,53,0,367,249,292,130,102,287,431,608,0,19,47,174,15,6,0,0,170,28,36,0,79,137,0,0,161,0,12,48,40,0,102,191,0,0,0,18,0,30,0,0,87,108,108,20,0,0,3,0,94,59,2,38,2,12,49,20,0,43,19,0,122,21,37,11,59,0,6,28,2,3,2,6,62,2,0,0,0,262,0,0,7,15,1221,641,761,338,1037,724,36,167,177,6,0,0,18,0,543,179,346,1611,1315,734,524,103,516,411,348,243,51,0,314,3,13,276,106,142,0,19,24,206,81,0,92,119,0,76,187,94,0,14,67,508,0,289,18,654,214,122,61,75,21,46,363,46,140,179,0,280,31,18,950,0,0,21,23,10,797,0,837,2,580,93,461,1019,442,1040,237,67,170,160,346,16,0,83,2,5,173,70,0,3,292,168,0,118,4,0,4,69,93,4,920,4,0,4,193,14,22,22,0,32,9979,4490,3749,3863,2694,562,178,22,2761,218,71,83,0,248,40,542,604,632,4,160,25,28,46,6,1888,9,643,53,0,367,249,292,130,102,287,431,608,0,19,47,174,15,6,0,0,170,28,36,0,79,137,0,0,161,0,12,48,40,0,102,191,0,0,0,18,0,30,0,0,87,108,108,20,0,0,3,0,94,59,2,38,2,12,49,20,0,43,19,0,122,21,37,11,59,0,6,28,2,3,2,6,62,2,0,0,0,262,0,0,7,15,0,0,0,0,0,0,0,0,0,0,0,0,0,0,0,0,0,0,0,0,0,0,0,0,0,0,0,0,0,0,0,0,0,0,0,0,0,0,0,0,0,0,0,0,0,0,0,0,0,0,0,0,0,0,0,0,0,0,0,0,0,0,0,0,0,0,0,0,0,0,0,0,0,0,0,0,0,0,0,0,0,0,0,0,0,0,0,0,0,0,0,0,0,0,0,0,0,0,0,0,0,0,0,0,0,0,0,0,0,0,0,0,0,0,0,0,0,0,0,0,0,0,0,0,0,0,0,0,0,0,0,0,0,0,0,0,0,0,0,0,0,0,0,0,0,0,0,0,0,0,0,0,0,0,0,0,0,0,0,0,0,0,0,0,0,0,0,0,0,0,0,0,0,0,0,0,0,0,0,0,0,0,0,0,0,0,0,0,0,0,0,0,0,0,0,0,0,0,0,0,0,0,0,0,0,0,0,0,0,0,0,0,0,0,0,0,0,0,0,0,0,0,0,0,0,0,0,0,0,0,0,0,0,0,0,0,0,0,0,0,0,0,0,0,0,0,0,0,0,0,0,0,0,0,0,0,0,0
SRR6784522,24349,608,278,359,152,498,393,31,74,76,0,0,0,17,18,252,90,134,875,686,368,283,84,260,170,160,185,20,0,146,13,4,158,36,41,0,21,13,114,24,3,50,43,0,46,96,90,0,4,24,274,0,219,17,470,121,65,35,31,39,72,197,48,96,122,0,200,34,17,420,0,0,15,14,3,338,0,336,0,309,63,208,463,238,459,173,59,64,87,147,20,8,43,0,0,151,58,0,8,113,98,0,47,0,0,0,24,26,12,561,0,0,0,90,4,14,0,2,19,5370,2474,1894,1996,1286,236,85,13,1398,136,35,85,2,118,24,291,313,350,14,77,18,14,10,13,1201,15,328,43,0,133,175,185,50,46,196,188,215,0,13,29,81,13,0,2,0,110,23,18,12,70,53,2,8,65,0,8,26,30,9,38,74,2,0,3,2,9,52,3,3,33,57,58,29,3,3,0,0,37,57,4,37,0,11,37,34,11,21,13,0,67,7,3,40,48,0,18,18,4,6,4,13,39,0,3,0,3,122,0,0,0,13,608,278,359,152,498,393,31,74,76,0,0,0,17,18,252,90,134,875,686,368,283,84,260,170,160,185,20,0,146,13,4,158,36,41,0,21,13,114,24,3,50,43,0,46,96,90,0,4,24,274,0,219,17,470,121,65,35,31,39,72,197,48,96,122,0,200,34,17,420,0,0,15,14,3,338,0,336,0,309,63,208,463,238,459,173,59,64,87,147,20,8,43,0,0,151,58,0,8,113,98,0,47,0,0,0,24,26,12,561,0,0,0,90,4,14,0,2,19,5370,2474,1894,1996,1286,236,85,13,1398,136,35,85,2,118,24,291,313,350,14,77,18,14,10,13,1201,15,328,43,0,133,175,185,50,46,196,188,215,0,13,29,81,13,0,2,0,110,23,18,12,70,53,2,8,65,0,8,26,30,9,38,74,2,0,3,2,9,52,3,3,33,57,58,29,3,3,0,0,37,57,4,37,0,11,37,34,11,21,13,0,67,7,3,40,48,0,18,18,4,6,4,13,39,0,3,0,3,122,0,0,0,13,0,0,0,0,0,0,0,0,0,0,0,0,0,0,0,0,0,0,0,0,0,0,0,0,0,0,0,0,0,0,0,0,0,0,0,0,0,0,0,0,0,0,0,0,0,0,0,0,0,0,0,0,0,0,0,0,0,0,0,0,0,0,0,0,0,0,0,0,0,0,0,0,0,0,0,0,0,0,0,0,0,0,0,0,0,0,0,0,0,0,0,0,0,0,0,0,0,0,0,0,0,0,0,0,0,0,0,0,0,0,0,0,0,0,0,0,0,0,0,0,0,0,0,0,0,0,0,0,0,0,0,0,0,0,0,0,0,0,0,0,0,0,0,0,0,0,0,0,0,0,0,0,0,0,0,0,0,0,0,0,0,0,0,0,0,0,0,0,0,0,0,0,0,0,0,0,0,0,0,0,0,0,0,0,0,0,0,0,0,0,0,0,0,0,0,0,0,0,0,0,0,0,0,0,0,0,0,0,0,0,0,0,0,0,0,0,0,0,0,0,0,0,0,0,0,0,0,0,0,0,0,0,0,0,0,0,0,0,0,0,0,0,0,0,0,0,0,0,0,0,0,0,0,0,0,0,0,0
SRR6784527,36038,1179,576,743,421,974,722,14,262,295,4,2,2,7,0,410,68,336,1762,1614,709,401,35,340,361,384,119,24,0,260,0,2,222,109,161,0,29,12,154,93,0,146,178,10,143,351,74,0,8,40,668,0,178,42,801,206,59,76,60,48,8,207,174,165,91,0,236,138,42,891,3,3,11,9,16,673,0,883,0,577,129,505,985,523,876,112,48,214,278,354,16,1,86,2,0,83,60,2,2,246,128,0,216,0,0,0,92,87,0,812,0,2,0,259,11,11,2,0,38,9949,4223,3475,3566,2710,650,274,17,2585,139,48,53,0,324,66,276,433,538,0,74,20,13,14,14,1615,12,608,70,0,441,165,201,232,235,176,549,754,0,8,61,243,6,10,0,0,204,13,22,13,62,221,0,3,124,0,5,43,19,0,184,125,0,7,3,17,12,55,3,3,154,80,80,6,3,3,3,0,166,29,2,37,2,19,38,11,6,28,8,0,94,5,3,17,114,0,0,33,2,5,2,13,29,2,3,3,0,200,0,7,0,12,1179,576,743,421,974,722,14,262,295,4,2,2,7,0,410,68,336,1762,1614,709,401,35,340,361,384,119,24,0,260,0,2,222,109,161,0,29,12,154,93,0,146,178,10,143,351,74,0,8,40,668,0,178,42,801,206,59,76,60,48,8,207,174,165,91,0,236,138,42,891,3,3,11,9,16,673,0,883,0,577,129,505,985,523,876,112,48,214,278,354,16,1,86,2,0,83,60,2,2,246,128,0,216,0,0,0,92,87,0,812,0,2,0,259,11,11,2,0,38,9949,4223,3475,3566,2710,650,274,17,2585,139,48,53,0,324,66,276,433,538,0,74,20,13,14,14,1615,12,608,70,0,441,165,201,232,235,176,549,754,0,8,61,243,6,10,0,0,204,13,22,13,62,221,0,3,124,0,5,43,19,0,184,125,0,7,3,17,12,55,3,3,154,80,80,6,3,3,3,0,166,29,2,37,2,19,38,11,6,28,8,0,94,5,3,17,114,0,0,33,2,5,2,13,29,2,3,3,0,200,0,7,0,12,0,0,0,0,0,0,0,0,0,0,0,0,0,0,0,0,0,0,0,0,0,0,0,0,0,0,0,0,0,0,0,0,0,0,0,0,0,0,0,0,0,0,0,0,0,0,0,0,0,0,0,0,0,0,0,0,0,0,0,0,0,0,0,0,0,0,0,0,0,0,0,0,0,0,0,0,0,0,0,0,0,0,0,0,0,0,0,0,0,0,0,0,0,0,0,0,0,0,0,0,0,0,0,0,0,0,0,0,0,0,0,0,0,0,0,0,0,0,0,0,0,0,0,0,0,0,0,0,0,0,0,0,0,0,0,0,0,0,0,0,0,0,0,0,0,0,0,0,0,0,0,0,0,0,0,0,0,0,0,0,0,0,0,0,0,0,0,0,0,0,0,0,0,0,0,0,0,0,0,0,0,0,0,0,0,0,0,0,0,0,0,0,0,0,0,0,0,0,0,0,0,0,0,0,0,0,0,0,0,0,0,0,0,0,0,0,0,0,0,0,0,0,0,0,0,0,0,0,0,0,0,0,0,0,0,0,0,0,0,0,0,0,0,0,0,0,0,0,0,0,0,0,0,0,0,0,0,0
SRR6784530,31143,689,336,451,132,550,338,7,84,82,6,0,0,43,0,361,50,286,980,924,481,338,35,319,349,176,118,61,8,181,10,17,178,66,89,0,63,24,173,45,14,62,66,10,108,90,120,0,17,60,267,0,235,120,604,126,71,34,21,140,55,298,58,108,84,6,97,149,120,552,7,7,23,23,22,547,21,584,16,397,51,321,497,272,568,197,95,107,119,199,30,3,67,2,0,92,326,0,2,193,98,0,44,0,1,0,35,48,0,608,0,0,0,118,69,23,4,0,5,6772,3030,2269,2482,1607,332,94,42,1650,228,99,102,0,120,34,427,520,349,13,59,16,27,27,26,1319,16,366,69,3,305,101,272,54,84,225,387,466,0,18,41,64,14,6,3,0,138,6,48,31,146,57,0,14,62,0,11,61,22,36,39,143,0,2,17,6,30,65,17,17,30,114,116,26,17,17,0,6,32,26,15,52,3,27,56,38,3,12,18,0,60,7,3,21,105,4,2,55,6,28,7,24,88,3,17,0,7,128,0,2,0,43,689,336,451,132,550,338,7,84,82,6,0,0,43,0,361,50,286,980,924,481,338,35,319,349,176,118,61,8,181,10,17,178,66,89,0,63,24,173,45,14,62,66,10,108,90,120,0,17,60,267,0,235,120,604,126,71,34,21,140,55,298,58,108,84,6,97,149,120,552,7,7,23,23,22,547,21,584,16,397,51,321,497,272,568,197,95,107,119,199,30,3,67,2,0,92,326,0,2,193,98,0,44,0,1,0,35,48,0,608,0,0,0,118,69,23,4,0,5,6772,3030,2269,2482,1607,332,94,42,1650,228,99,102,0,120,34,427,520,349,13,59,16,27,27,26,1319,16,366,69,3,305,101,272,54,84,225,387,466,0,18,41,64,14,6,3,0,138,6,48,31,146,57,0,14,62,0,11,61,22,36,39,143,0,2,17,6,30,65,17,17,30,114,116,26,17,17,0,6,32,26,15,52,3,27,56,38,3,12,18,0,60,7,3,21,105,4,2,55,6,28,7,24,88,3,17,0,7,128,0,2,0,43,0,0,0,0,0,0,0,0,0,0,0,0,0,0,0,0,0,0,0,0,0,0,0,0,0,0,0,0,0,0,0,0,0,0,0,0,0,0,0,0,0,0,0,0,0,0,0,0,0,0,0,0,0,0,0,0,0,0,0,0,0,0,0,0,0,0,0,0,0,0,0,0,0,0,0,0,0,0,0,0,0,0,0,0,0,0,0,0,0,0,0,0,0,0,0,0,0,0,0,0,0,0,0,0,0,0,0,0,0,0,0,0,0,0,0,0,0,0,0,0,0,0,0,0,0,0,0,0,0,0,0,0,0,0,0,0,0,0,0,0,0,0,0,0,0,0,0,0,0,0,0,0,0,0,0,0,0,0,0,0,0,0,0,0,0,0,0,0,0,0,0,0,0,0,0,0,0,0,0,0,0,0,0,0,0,0,0,0,0,0,0,0,0,0,0,0,0,0,0,0,0,0,0,0,0,0,0,0,0,0,0,0,0,0,0,0,0,0,0,0,0,0,0,0,0,0,0,0,0,0,0,0,0,0,0,0,0,0,0,0,0,0,0,0,0,0,0,0,0,0,0,0,0,0,0,0,0,0
SRR6784532,30597,588,411,405,281,362,380,40,68,91,53,2,2,36,0,369,206,357,910,747,597,353,105,303,176,186,251,112,0,220,15,22,142,71,75,0,188,66,240,61,3,38,22,9,112,217,204,0,4,107,466,0,140,11,502,173,146,26,117,20,26,269,126,62,244,0,128,39,11,546,25,23,45,29,4,565,3,297,4,346,56,214,442,233,589,158,37,72,77,145,21,4,106,3,0,147,130,18,9,309,119,0,86,5,1,5,31,104,2,776,0,13,0,178,0,23,0,2,20,7023,3314,2303,2740,1521,516,112,48,1959,216,35,77,0,165,27,742,500,452,7,114,110,126,76,3,1656,21,345,171,30,171,170,256,36,115,295,270,383,0,3,24,93,2,89,0,37,255,18,70,5,25,39,0,2,31,0,2,103,41,0,15,232,0,0,3,0,16,68,3,3,9,72,72,25,3,3,23,0,10,57,25,30,11,36,109,88,2,33,3,0,33,49,9,0,70,7,11,82,25,17,27,3,58,11,3,0,0,62,36,0,0,41,588,411,405,281,362,380,40,68,91,53,2,2,36,0,369,206,357,910,747,597,353,105,303,176,186,251,112,0,220,15,22,142,71,75,0,188,66,240,61,3,38,22,9,112,217,204,0,4,107,466,0,140,11,502,173,146,26,117,20,26,269,126,62,244,0,128,39,11,546,25,23,45,29,4,565,3,297,4,346,56,214,442,233,589,158,37,72,77,145,21,4,106,3,0,147,130,18,9,309,119,0,86,5,1,5,31,104,2,776,0,13,0,178,0,23,0,2,20,7023,3314,2303,2740,1521,516,112,48,1959,216,35,77,0,165,27,742,500,452,7,114,110,126,76,3,1656,21,345,171,30,171,170,256,36,115,295,270,383,0,3,24,93,2,89,0,37,255,18,70,5,25,39,0,2,31,0,2,103,41,0,15,232,0,0,3,0,16,68,3,3,9,72,72,25,3,3,23,0,10,57,25,30,11,36,109,88,2,33,3,0,33,49,9,0,70,7,11,82,25,17,27,3,58,11,3,0,0,62,36,0,0,41,0,0,0,0,0,0,0,0,0,0,0,0,0,0,0,0,0,0,0,0,0,0,0,0,0,0,0,0,0,0,0,0,0,0,0,0,0,0,0,0,0,0,0,0,0,0,0,0,0,0,0,0,0,0,0,0,0,0,0,0,0,0,0,0,0,0,0,0,0,0,0,0,0,0,0,0,0,0,0,0,0,0,0,0,0,0,0,0,0,0,0,0,0,0,0,0,0,0,0,0,0,0,0,0,0,0,0,0,0,0,0,0,0,0,0,0,0,0,0,0,0,0,0,0,0,0,0,0,0,0,0,0,0,0,0,0,0,0,0,0,0,0,0,0,0,0,0,0,0,0,0,0,0,0,0,0,0,0,0,0,0,0,0,0,0,0,0,0,0,0,0,0,0,0,0,0,0,0,0,0,0,0,0,0,0,0,0,0,0,0,0,0,0,0,0,0,0,0,0,0,0,0,0,0,0,0,0,0,0,0,0,0,0,0,0,0,0,0,0,0,0,0,0,0,0,0,0,0,0,0,0,0,0,0,0,0,0,0,0,0,0,0,0,0,0,0,0,0,0,0,0,0,0,0,0,0,0,0
SRR6784533,38065,913,540,547,299,704,503,54,141,133,24,0,0,16,0,343,129,367,1427,1247,709,359,36,372,296,366,159,82,0,216,26,10,231,122,151,5,127,44,285,110,5,96,84,9,137,232,155,0,7,82,531,3,200,40,627,255,169,62,111,46,31,196,61,143,244,6,140,60,40,812,11,11,18,11,13,673,13,635,0,527,130,387,663,482,740,144,58,177,205,311,32,1,123,2,0,206,124,2,0,274,135,0,110,0,0,0,49,122,5,733,0,2,0,295,15,28,7,0,17,9109,4214,3014,3494,2208,648,161,24,2614,163,67,80,2,222,51,535,521,526,5,111,54,42,43,21,2052,6,433,111,6,306,185,332,88,176,242,412,611,0,23,58,164,18,18,0,0,200,7,35,13,72,104,2,9,70,4,15,64,83,0,70,192,2,3,7,8,41,46,7,7,61,96,96,17,7,7,8,6,65,25,10,24,0,22,78,18,9,44,23,2,92,20,20,9,124,0,0,42,10,11,11,21,63,0,7,2,3,118,0,3,0,83,913,540,547,299,704,503,54,141,133,24,0,0,16,0,343,129,367,1427,1247,709,359,36,372,296,366,159,82,0,216,26,10,231,122,151,5,127,44,285,110,5,96,84,9,137,232,155,0,7,82,531,3,200,40,627,255,169,62,111,46,31,196,61,143,244,6,140,60,40,812,11,11,18,11,13,673,13,635,0,527,130,387,663,482,740,144,58,177,205,311,32,1,123,2,0,206,124,2,0,274,135,0,110,0,0,0,49,122,5,733,0,2,0,295,15,28,7,0,17,9109,4214,3014,3494,2208,648,161,24,2614,163,67,80,2,222,51,535,521,526,5,111,54,42,43,21,2052,6,433,111,6,306,185,332,88,176,242,412,611,0,23,58,164,18,18,0,0,200,7,35,13,72,104,2,9,70,4,15,64,83,0,70,192,2,3,7,8,41,46,7,7,61,96,96,17,7,7,8,6,65,25,10,24,0,22,78,18,9,44,23,2,92,20,20,9,124,0,0,42,10,11,11,21,63,0,7,2,3,118,0,3,0,83,0,0,0,0,0,0,0,0,0,0,0,0,0,0,0,0,0,0,0,0,0,0,0,0,0,0,0,0,0,0,0,0,0,0,0,0,0,0,0,0,0,0,0,0,0,0,0,0,0,0,0,0,0,0,0,0,0,0,0,0,0,0,0,0,0,0,0,0,0,0,0,0,0,0,0,0,0,0,0,0,0,0,0,0,0,0,0,0,0,0,0,0,0,0,0,0,0,0,0,0,0,0,0,0,0,0,0,0,0,0,0,0,0,0,0,0,0,0,0,0,0,0,0,0,0,0,0,0,0,0,0,0,0,0,0,0,0,0,0,0,0,0,0,0,0,0,0,0,0,0,0,0,0,0,0,0,0,0,0,0,0,0,0,0,0,0,0,0,0,0,0,0,0,0,0,0,0,0,0,0,0,0,0,0,0,0,0,0,0,0,0,0,0,0,0,0,0,0,0,0,0,0,0,0,0,0,0,0,0,0,0,0,0,0,0,0,0,0,0,0,0,0,0,0,0,0,0,0,0,0,0,0,0,0,0,0,0,0,0,0,0,0,0,0,0,0,0,0,0,0,0,0,0,0,0,0,0,0
SRR6784537,27198,523,271,270,144,283,225,37,111,99,13,0,0,60,0,366,87,230,881,806,401,244,41,182,138,171,121,100,3,136,11,21,111,59,54,0,43,39,161,31,0,50,56,5,106,105,182,0,16,45,191,0,126,14,439,231,275,6,331,17,38,177,73,27,171,0,63,35,14,641,5,5,49,33,53,374,13,475,25,406,62,252,377,183,504,167,119,56,103,147,42,5,96,12,8,89,246,17,5,178,91,0,35,3,0,3,24,43,2,469,7,12,7,174,69,28,17,0,218,5718,2380,1811,2079,1103,249,119,58,1271,176,76,79,0,123,23,390,608,397,32,29,41,91,39,7,1415,13,292,72,0,293,132,215,50,125,146,342,392,0,23,34,93,17,31,0,0,158,17,50,17,25,69,0,7,35,46,14,66,28,12,41,130,0,0,8,6,19,28,8,8,35,126,127,19,8,8,2,0,38,9,7,12,0,30,99,10,0,30,23,0,30,30,7,54,115,4,10,42,3,9,3,6,118,0,8,0,0,101,0,0,0,20,523,271,270,144,283,225,37,111,99,13,0,0,60,0,366,87,230,881,806,401,244,41,182,138,171,121,100,3,136,11,21,111,59,54,0,43,39,161,31,0,50,56,5,106,105,182,0,16,45,191,0,126,14,439,231,275,6,331,17,38,177,73,27,171,0,63,35,14,641,5,5,49,33,53,374,13,475,25,406,62,252,377,183,504,167,119,56,103,147,42,5,96,12,8,89,246,17,5,178,91,0,35,3,0,3,24,43,2,469,7,12,7,174,69,28,17,0,218,5718,2380,1811,2079,1103,249,119,58,1271,176,76,79,0,123,23,390,608,397,32,29,41,91,39,7,1415,13,292,72,0,293,132,215,50,125,146,342,392,0,23,34,93,17,31,0,0,158,17,50,17,25,69,0,7,35,46,14,66,28,12,41,130,0,0,8,6,19,28,8,8,35,126,127,19,8,8,2,0,38,9,7,12,0,30,99,10,0,30,23,0,30,30,7,54,115,4,10,42,3,9,3,6,118,0,8,0,0,101,0,0,0,20,0,0,0,0,0,0,0,0,0,0,0,0,0,0,0,0,0,0,0,0,0,0,0,0,0,0,0,0,0,0,0,0,0,0,0,0,0,0,0,0,0,0,0,0,0,0,0,0,0,0,0,0,0,0,0,0,0,0,0,0,0,0,0,0,0,0,0,0,0,0,0,0,0,0,0,0,0,0,0,0,0,0,0,0,0,0,0,0,0,0,0,0,0,0,0,0,0,0,0,0,0,0,0,0,0,0,0,0,0,0,0,0,0,0,0,0,0,0,0,0,0,0,0,0,0,0,0,0,0,0,0,0,0,0,0,0,0,0,0,0,0,0,0,0,0,0,0,0,0,0,0,0,0,0,0,0,0,0,0,0,0,0,0,0,0,0,0,0,0,0,0,0,0,0,0,0,0,0,0,0,0,0,0,0,0,0,0,0,0,0,0,0,0,0,0,0,0,0,0,0,0,0,0,0,0,0,0,0,0,0,0,0,0,0,0,0,0,0,0,0,0,0,0,0,0,0,0,0,0,0,0,0,0,0,0,0,0,0,0,0,0,0,0,0,0,0,0,0,0,0,0,0,0,0,0,0,0,0
SRR6784538,36491,1056,466,602,260,813,579,52,105,138,2,22,26,12,0,547,76,329,1359,1342,718,381,48,480,376,332,164,66,0,238,6,3,201,130,143,0,27,38,154,71,5,89,130,0,160,155,108,0,11,48,526,4,320,39,694,262,211,51,195,47,31,327,80,148,144,0,225,66,39,987,0,0,65,66,3,635,0,868,0,479,112,324,726,385,810,220,115,135,212,277,11,7,117,5,3,130,101,6,4,236,196,0,90,3,0,3,70,81,12,771,3,5,3,208,4,26,11,0,126,9075,3954,3200,3334,2177,521,111,128,2364,166,88,110,0,133,89,1033,784,641,174,168,201,100,86,12,1770,1,473,66,2,312,184,230,71,176,248,423,440,0,29,95,108,22,4,0,0,183,20,16,15,63,91,0,8,85,4,18,64,43,22,58,129,0,2,8,28,57,41,9,9,50,98,98,25,9,8,2,0,54,21,2,16,0,23,56,110,0,21,29,7,146,14,48,22,113,3,10,37,2,9,2,11,96,0,9,2,0,150,0,2,0,46,1056,466,602,260,813,579,52,105,138,2,22,26,12,0,547,76,329,1359,1342,718,381,48,480,376,332,164,66,0,238,6,3,201,130,143,0,27,38,154,71,5,89,130,0,160,155,108,0,11,48,526,4,320,39,694,262,211,51,195,47,31,327,80,148,144,0,225,66,39,987,0,0,65,66,3,635,0,868,0,479,112,324,726,385,810,220,115,135,212,277,11,7,117,5,3,130,101,6,4,236,196,0,90,3,0,3,70,81,12,771,3,5,3,208,4,26,11,0,126,9075,3954,3200,3334,2177,521,111,128,2364,166,88,110,0,133,89,1033,784,641,174,168,201,100,86,12,1770,1,473,66,2,312,184,230,71,176,248,423,440,0,29,95,108,22,4,0,0,183,20,16,15,63,91,0,8,85,4,18,64,43,22,58,129,0,2,8,28,57,41,9,9,50,98,98,25,9,8,2,0,54,21,2,16,0,23,56,110,0,21,29,7,146,14,48,22,113,3,10,37,2,9,2,11,96,0,9,2,0,150,0,2,0,46,0,0,0,0,0,0,0,0,0,0,0,0,0,0,0,0,0,0,0,0,0,0,0,0,0,0,0,0,0,0,0,0,0,0,0,0,0,0,0,0,0,0,0,0,0,0,0,0,0,0,0,0,0,0,0,0,0,0,0,0,0,0,0,0,0,0,0,0,0,0,0,0,0,0,0,0,0,0,0,0,0,0,0,0,0,0,0,0,0,0,0,0,0,0,0,0,0,0,0,0,0,0,0,0,0,0,0,0,0,0,0,0,0,0,0,0,0,0,0,0,0,0,0,0,0,0,0,0,0,0,0,0,0,0,0,0,0,0,0,0,0,0,0,0,0,0,0,0,0,0,0,0,0,0,0,0,0,0,0,0,0,0,0,0,0,0,0,0,0,0,0,0,0,0,0,0,0,0,0,0,0,0,0,0,0,0,0,0,0,0,0,0,0,0,0,0,0,0,0,0,0,0,0,0,0,0,0,0,0,0,0,0,0,0,0,0,0,0,0,0,0,0,0,0,0,0,0,0,0,0,0,0,0,0,0,0,0,0,0,0,0,0,0,0,0,0,0,0,0,0,0,0,0,0,0,0,0,0
SRR6784539,55071,1255,787,676,367,823,617,51,185,247,22,0,0,122,0,701,165,403,2226,1368,733,730,84,542,297,386,295,93,0,211,17,10,224,147,116,0,66,103,217,33,18,65,100,6,340,220,282,0,11,148,644,0,231,9,819,185,148,32,31,45,35,571,231,152,574,0,198,60,9,1251,0,0,194,131,15,1068,13,705,0,638,126,502,1062,531,1315,232,70,187,170,371,31,12,105,58,50,300,160,16,7,382,285,5,79,59,0,59,19,89,21,1372,46,6,46,284,13,79,18,9,18,12318,5476,4327,4563,2947,735,210,143,3061,334,132,165,0,334,141,1340,962,968,45,227,115,178,189,22,2968,16,649,217,3,429,292,538,106,193,336,595,546,8,13,129,151,10,0,0,0,450,7,91,75,49,124,0,34,56,0,8,168,26,63,85,297,0,0,40,18,116,75,40,40,73,103,103,114,40,40,14,0,78,223,44,93,0,75,85,39,6,24,13,8,107,123,39,167,167,0,8,109,44,43,47,20,39,0,40,7,0,148,0,0,7,108,1255,787,676,367,823,617,51,185,247,22,0,0,122,0,701,165,403,2226,1368,733,730,84,542,297,386,295,93,0,211,17,10,224,147,116,0,66,103,217,33,18,65,100,6,340,220,282,0,11,148,644,0,231,9,819,185,148,32,31,45,35,571,231,152,574,0,198,60,9,1251,0,0,194,131,15,1068,13,705,0,638,126,502,1062,531,1315,232,70,187,170,371,31,12,105,58,50,300,160,16,7,382,285,5,79,59,0,59,19,89,21,1372,46,6,46,284,13,79,18,9,18,12318,5476,4327,4563,2947,735,210,143,3061,334,132,165,0,334,141,1340,962,968,45,227,115,178,189,22,2968,16,649,217,3,429,292,538,106,193,336,595,546,8,13,129,151,10,0,0,0,450,7,91,75,49,124,0,34,56,0,8,168,26,63,85,297,0,0,40,18,116,75,40,40,73,103,103,114,40,40,14,0,78,223,44,93,0,75,85,39,6,24,13,8,107,123,39,167,167,0,8,109,44,43,47,20,39,0,40,7,0,148,0,0,7,108,0,0,0,0,0,0,0,0,0,0,0,0,0,0,0,0,0,0,0,0,0,0,0,0,0,0,0,0,0,0,0,0,0,0,0,0,0,0,0,0,0,0,0,0,0,0,0,0,0,0,0,0,0,0,0,0,0,0,0,0,0,0,0,0,0,0,0,0,0,0,0,0,0,0,0,0,0,0,0,0,0,0,0,0,0,0,0,0,0,0,0,0,0,0,0,0,0,0,0,0,0,0,0,0,0,0,0,0,0,0,0,0,0,0,0,0,0,0,0,0,0,0,0,0,0,0,0,0,0,0,0,0,0,0,0,0,0,0,0,0,0,0,0,0,0,0,0,0,0,0,0,0,0,0,0,0,0,0,0,0,0,0,0,0,0,0,0,0,0,0,0,0,0,0,0,0,0,0,0,0,0,0,0,0,0,0,0,0,0,0,0,0,0,0,0,0,0,0,0,0,0,0,0,0,0,0,0,0,0,0,0,0,0,0,0,0,0,0,0,0,0,0,0,0,0,0,0,0,0,0,0,0,0,0,0,0,0,0,0,0,0,0,0,0,0,0,0,0,0,0,0,0,0,0,0,0,0,0
SRR6784544,43409,1112,579,653,313,877,638,107,188,189,16,8,10,38,0,525,112,380,1780,1495,726,449,65,439,469,403,169,58,9,317,25,14,214,106,151,0,73,78,296,64,3,146,96,17,167,131,167,11,26,61,504,0,289,43,781,162,71,53,47,56,30,334,111,172,120,13,230,77,43,972,7,7,28,22,0,683,18,804,8,665,146,511,815,491,834,265,98,249,220,395,24,7,84,0,3,299,128,6,9,324,133,2,52,0,0,0,61,67,14,999,3,3,3,305,18,25,7,0,30,10595,4663,3634,3847,2505,558,207,38,2674,216,127,123,11,202,19,481,638,607,6,94,51,55,49,29,2331,27,546,147,0,380,277,496,134,147,243,541,551,0,66,62,134,53,10,2,0,216,34,46,21,111,161,11,26,107,0,40,119,98,6,103,210,11,2,10,7,25,70,10,10,91,133,134,35,10,10,0,13,96,43,6,38,4,41,82,42,3,24,66,8,121,4,15,41,154,2,0,63,4,19,5,34,98,4,10,9,4,177,0,2,7,39,1112,579,653,313,877,638,107,188,189,16,8,10,38,0,525,112,380,1780,1495,726,449,65,439,469,403,169,58,9,317,25,14,214,106,151,0,73,78,296,64,3,146,96,17,167,131,167,11,26,61,504,0,289,43,781,162,71,53,47,56,30,334,111,172,120,13,230,77,43,972,7,7,28,22,0,683,18,804,8,665,146,511,815,491,834,265,98,249,220,395,24,7,84,0,3,299,128,6,9,324,133,2,52,0,0,0,61,67,14,999,3,3,3,305,18,25,7,0,30,10595,4663,3634,3847,2505,558,207,38,2674,216,127,123,11,202,19,481,638,607,6,94,51,55,49,29,2331,27,546,147,0,380,277,496,134,147,243,541,551,0,66,62,134,53,10,2,0,216,34,46,21,111,161,11,26,107,0,40,119,98,6,103,210,11,2,10,7,25,70,10,10,91,133,134,35,10,10,0,13,96,43,6,38,4,41,82,42,3,24,66,8,121,4,15,41,154,2,0,63,4,19,5,34,98,4,10,9,4,177,0,2,7,39,0,0,0,0,0,0,0,0,0,0,0,0,0,0,0,0,0,0,0,0,0,0,0,0,0,0,0,0,0,0,0,0,0,0,0,0,0,0,0,0,0,0,0,0,0,0,0,0,0,0,0,0,0,0,0,0,0,0,0,0,0,0,0,0,0,0,0,0,0,0,0,0,0,0,0,0,0,0,0,0,0,0,0,0,0,0,0,0,0,0,0,0,0,0,0,0,0,0,0,0,0,0,0,0,0,0,0,0,0,0,0,0,0,0,0,0,0,0,0,0,0,0,0,0,0,0,0,0,0,0,0,0,0,0,0,0,0,0,0,0,0,0,0,0,0,0,0,0,0,0,0,0,0,0,0,0,0,0,0,0,0,0,0,0,0,0,0,0,0,0,0,0,0,0,0,0,0,0,0,0,0,0,0,0,0,0,0,0,0,0,0,0,0,0,0,0,0,0,0,0,0,0,0,0,0,0,0,0,0,0,0,0,0,0,0,0,0,0,0,0,0,0,0,0,0,0,0,0,0,0,0,0,0,0,0,0,0,0,0,0,0,0,0,0,0,0,0,0,0,0,0,0,0,0,0,0,0,0
SRR6784546,22014,372,329,169,54,151,111,8,40,28,7,0,0,11,0,125,75,204,495,382,301,297,17,283,60,67,227,27,0,60,8,0,67,34,42,0,30,12,87,32,0,13,25,10,53,201,60,3,5,25,217,0,43,0,237,41,48,2,23,5,149,111,24,41,137,0,29,12,0,492,5,5,17,16,0,271,0,152,0,126,32,117,344,188,536,55,137,117,51,131,22,0,15,1,0,83,36,2,1,103,77,1,99,8,0,8,14,33,5,384,0,0,0,77,2,5,0,1,7,4124,2079,1438,1483,1064,278,47,22,1210,193,27,144,0,82,14,245,164,305,19,19,35,19,18,5,1253,4,271,64,0,67,43,80,11,79,67,181,337,0,5,15,35,4,5,2,3,86,3,22,4,8,17,0,2,12,0,4,55,10,0,8,89,0,0,2,1,8,9,2,2,7,36,37,18,2,2,0,0,8,28,10,29,1,40,31,29,2,12,5,2,24,11,4,0,66,1,0,49,10,5,10,5,158,1,2,0,1,24,3,0,0,17,372,329,169,54,151,111,8,40,28,7,0,0,11,0,125,75,204,495,382,301,297,17,283,60,67,227,27,0,60,8,0,67,34,42,0,30,12,87,32,0,13,25,10,53,201,60,3,5,25,217,0,43,0,237,41,48,2,23,5,149,111,24,41,137,0,29,12,0,492,5,5,17,16,0,271,0,152,0,126,32,117,344,188,536,55,137,117,51,131,22,0,15,1,0,83,36,2,1,103,77,1,99,8,0,8,14,33,5,384,0,0,0,77,2,5,0,1,7,4124,2079,1438,1483,1064,278,47,22,1210,193,27,144,0,82,14,245,164,305,19,19,35,19,18,5,1253,4,271,64,0,67,43,80,11,79,67,181,337,0,5,15,35,4,5,2,3,86,3,22,4,8,17,0,2,12,0,4,55,10,0,8,89,0,0,2,1,8,9,2,2,7,36,37,18,2,2,0,0,8,28,10,29,1,40,31,29,2,12,5,2,24,11,4,0,66,1,0,49,10,5,10,5,158,1,2,0,1,24,3,0,0,17,0,0,0,0,0,0,0,0,0,0,0,0,0,0,0,0,0,0,0,0,0,0,0,0,0,0,0,0,0,0,0,0,0,0,0,0,0,0,0,0,0,0,0,0,0,0,0,0,0,0,0,0,0,0,0,0,0,0,0,0,0,0,0,0,0,0,0,0,0,0,0,0,0,0,0,0,0,0,0,0,0,0,0,0,0,0,0,0,0,0,0,0,0,0,0,0,0,0,0,0,0,0,0,0,0,0,0,0,0,0,0,0,0,0,0,0,0,0,0,0,0,0,0,0,0,0,0,0,0,0,0,0,0,0,0,0,0,0,0,0,0,0,0,0,0,0,0,0,0,0,0,0,0,0,0,0,0,0,0,0,0,0,0,0,0,0,0,0,0,0,0,0,0,0,0,0,0,0,0,0,0,0,0,0,0,0,0,0,0,0,0,0,0,0,0,0,0,0,0,0,0,0,0,0,0,0,0,0,0,0,0,0,0,0,0,0,0,0,0,0,0,0,0,0,0,0,0,0,0,0,0,0,0,0,0,0,0,0,0,0,0,0,0,0,0,0,0,0,0,0,0,0,0,0,0,0,0,0
SRR6784547,7052,153,75,150,26,105,75,4,22,26,5,0,0,4,0,79,22,83,245,166,157,86,11,59,34,39,50,32,1,38,2,3,39,20,16,0,15,7,66,8,0,10,11,1,31,33,74,0,3,16,74,0,36,10,129,29,27,3,28,10,12,42,10,19,30,0,23,12,10,117,0,0,16,16,7,142,4,71,0,75,15,87,125,102,142,60,21,24,25,42,6,0,28,7,0,24,37,0,4,64,23,0,6,3,0,3,4,14,3,200,0,0,0,25,5,26,3,0,16,1671,800,590,682,440,79,26,16,497,30,10,22,0,48,2,83,135,92,3,17,31,27,7,0,450,9,96,35,2,37,48,81,10,19,41,58,58,0,2,3,32,1,0,0,0,29,1,29,4,14,12,0,2,11,2,1,23,6,5,9,48,0,0,2,0,15,14,2,2,7,40,40,17,2,2,0,0,7,20,3,21,0,14,40,5,3,11,2,2,14,9,9,2,37,0,0,21,3,2,3,0,59,0,2,0,0,36,0,0,0,7,153,75,150,26,105,75,4,22,26,5,0,0,4,0,79,22,83,245,166,157,86,11,59,34,39,50,32,1,38,2,3,39,20,16,0,15,7,66,8,0,10,11,1,31,33,74,0,3,16,74,0,36,10,129,29,27,3,28,10,12,42,10,19,30,0,23,12,10,117,0,0,16,16,7,142,4,71,0,75,15,87,125,102,142,60,21,24,25,42,6,0,28,7,0,24,37,0,4,64,23,0,6,3,0,3,4,14,3,200,0,0,0,25,5,26,3,0,16,1671,800,590,682,440,79,26,16,497,30,10,22,0,48,2,83,135,92,3,17,31,27,7,0,450,9,96,35,2,37,48,81,10,19,41,58,58,0,2,3,32,1,0,0,0,29,1,29,4,14,12,0,2,11,2,1,23,6,5,9,48,0,0,2,0,15,14,2,2,7,40,40,17,2,2,0,0,7,20,3,21,0,14,40,5,3,11,2,2,14,9,9,2,37,0,0,21,3,2,3,0,59,0,2,0,0,36,0,0,0,7,0,0,0,0,0,0,0,0,0,0,0,0,0,0,0,0,0,0,0,0,0,0,0,0,0,0,0,0,0,0,0,0,0,0,0,0,0,0,0,0,0,0,0,0,0,0,0,0,0,0,0,0,0,0,0,0,0,0,0,0,0,0,0,0,0,0,0,0,0,0,0,0,0,0,0,0,0,0,0,0,0,0,0,0,0,0,0,0,0,0,0,0,0,0,0,0,0,0,0,0,0,0,0,0,0,0,0,0,0,0,0,0,0,0,0,0,0,0,0,0,0,0,0,0,0,0,0,0,0,0,0,0,0,0,0,0,0,0,0,0,0,0,0,0,0,0,0,0,0,0,0,0,0,0,0,0,0,0,0,0,0,0,0,0,0,0,0,0,0,0,0,0,0,0,0,0,0,0,0,0,0,0,0,0,0,0,0,0,0,0,0,0,0,0,0,0,0,0,0,0,0,0,0,0,0,0,0,0,0,0,0,0,0,0,0,0,0,0,0,0,0,0,0,0,0,0,0,0,0,0,0,0,0,0,0,0,0,0,0,0,0,0,0,0,0,0,0,0,0,0,0,0,0,0,0,0,0,0
SRR6784549,53726,1496,717,902,454,1114,845,95,316,351,19,26,31,22,0,571,154,612,2279,2068,944,625,96,610,531,604,254,89,0,353,20,14,325,159,182,3,70,49,313,133,16,169,178,19,229,358,180,0,13,105,899,0,286,76,1158,376,220,102,170,72,35,384,177,123,259,5,240,134,76,1170,12,11,46,42,19,1139,7,1192,4,700,218,584,1230,632,1216,318,111,313,353,515,60,2,220,2,0,199,205,13,18,440,292,0,189,0,0,0,82,128,10,1130,0,9,0,386,21,36,13,0,73,14482,6407,4877,5317,3544,1098,344,56,4081,239,85,61,0,326,111,623,835,894,24,170,85,34,58,8,2818,18,766,118,3,569,258,457,258,270,378,768,926,0,25,111,323,20,21,3,0,255,56,93,67,81,248,0,30,135,0,16,95,52,0,192,306,0,0,36,22,74,119,36,36,163,175,176,13,36,36,0,5,174,47,10,21,0,45,74,94,2,56,25,0,176,31,61,3,166,0,0,75,9,38,10,7,71,0,36,8,0,226,0,0,0,106,1496,717,902,454,1114,845,95,316,351,19,26,31,22,0,571,154,612,2279,2068,944,625,96,610,531,604,254,89,0,353,20,14,325,159,182,3,70,49,313,133,16,169,178,19,229,358,180,0,13,105,899,0,286,76,1158,376,220,102,170,72,35,384,177,123,259,5,240,134,76,1170,12,11,46,42,19,1139,7,1192,4,700,218,584,1230,632,1216,318,111,313,353,515,60,2,220,2,0,199,205,13,18,440,292,0,189,0,0,0,82,128,10,1130,0,9,0,386,21,36,13,0,73,14482,6407,4877,5317,3544,1098,344,56,4081,239,85,61,0,326,111,623,835,894,24,170,85,34,58,8,2818,18,766,118,3,569,258,457,258,270,378,768,926,0,25,111,323,20,21,3,0,255,56,93,67,81,248,0,30,135,0,16,95,52,0,192,306,0,0,36,22,74,119,36,36,163,175,176,13,36,36,0,5,174,47,10,21,0,45,74,94,2,56,25,0,176,31,61,3,166,0,0,75,9,38,10,7,71,0,36,8,0,226,0,0,0,106,0,0,0,0,0,0,0,0,0,0,0,0,0,0,0,0,0,0,0,0,0,0,0,0,0,0,0,0,0,0,0,0,0,0,0,0,0,0,0,0,0,0,0,0,0,0,0,0,0,0,0,0,0,0,0,0,0,0,0,0,0,0,0,0,0,0,0,0,0,0,0,0,0,0,0,0,0,0,0,0,0,0,0,0,0,0,0,0,0,0,0,0,0,0,0,0,0,0,0,0,0,0,0,0,0,0,0,0,0,0,0,0,0,0,0,0,0,0,0,0,0,0,0,0,0,0,0,0,0,0,0,0,0,0,0,0,0,0,0,0,0,0,0,0,0,0,0,0,0,0,0,0,0,0,0,0,0,0,0,0,0,0,0,0,0,0,0,0,0,0,0,0,0,0,0,0,0,0,0,0,0,0,0,0,0,0,0,0,0,0,0,0,0,0,0,0,0,0,0,0,0,0,0,0,0,0,0,0,0,0,0,0,0,0,0,0,0,0,0,0,0,0,0,0,0,0,0,0,0,0,0,0,0,0,0,0,0,0,0,0,0,0,0,0,0,0,0,0,0,0,0,0,0,0,0,0,0,0
SRR6784550,27485,1032,413,673,346,822,601,21,173,189,0,0,0,14,0,341,72,176,1369,1095,541,334,66,305,296,277,145,7,0,199,6,0,195,68,114,0,8,13,107,57,5,97,126,0,51,160,23,0,6,22,401,3,186,23,446,133,67,42,77,25,13,159,123,142,100,4,218,95,23,600,0,0,10,7,4,449,0,666,0,433,84,401,830,462,680,157,41,154,197,264,5,2,32,0,0,105,40,4,0,158,83,1,107,0,0,0,57,51,3,672,0,2,0,174,0,3,0,2,50,7449,3409,2886,2895,2169,389,179,9,2106,79,39,28,0,251,14,261,254,509,5,137,8,12,6,0,1498,8,568,57,0,235,209,202,142,123,274,307,385,0,11,19,217,9,4,0,0,96,17,8,13,55,143,0,6,125,0,7,17,31,0,118,57,0,0,7,3,16,26,7,7,100,36,36,4,7,7,0,4,107,46,0,11,0,2,7,6,11,46,11,0,97,8,0,16,82,0,0,8,0,10,0,0,9,0,7,0,3,204,0,0,0,24,1032,413,673,346,822,601,21,173,189,0,0,0,14,0,341,72,176,1369,1095,541,334,66,305,296,277,145,7,0,199,6,0,195,68,114,0,8,13,107,57,5,97,126,0,51,160,23,0,6,22,401,3,186,23,446,133,67,42,77,25,13,159,123,142,100,4,218,95,23,600,0,0,10,7,4,449,0,666,0,433,84,401,830,462,680,157,41,154,197,264,5,2,32,0,0,105,40,4,0,158,83,1,107,0,0,0,57,51,3,672,0,2,0,174,0,3,0,2,50,7449,3409,2886,2895,2169,389,179,9,2106,79,39,28,0,251,14,261,254,509,5,137,8,12,6,0,1498,8,568,57,0,235,209,202,142,123,274,307,385,0,11,19,217,9,4,0,0,96,17,8,13,55,143,0,6,125,0,7,17,31,0,118,57,0,0,7,3,16,26,7,7,100,36,36,4,7,7,0,4,107,46,0,11,0,2,7,6,11,46,11,0,97,8,0,16,82,0,0,8,0,10,0,0,9,0,7,0,3,204,0,0,0,24,0,0,0,0,0,0,0,0,0,0,0,0,0,0,0,0,0,0,0,0,0,0,0,0,0,0,0,0,0,0,0,0,0,0,0,0,0,0,0,0,0,0,0,0,0,0,0,0,0,0,0,0,0,0,0,0,0,0,0,0,0,0,0,0,0,0,0,0,0,0,0,0,0,0,0,0,0,0,0,0,0,0,0,0,0,0,0,0,0,0,0,0,0,0,0,0,0,0,0,0,0,0,0,0,0,0,0,0,0,0,0,0,0,0,0,0,0,0,0,0,0,0,0,0,0,0,0,0,0,0,0,0,0,0,0,0,0,0,0,0,0,0,0,0,0,0,0,0,0,0,0,0,0,0,0,0,0,0,0,0,0,0,0,0,0,0,0,0,0,0,0,0,0,0,0,0,0,0,0,0,0,0,0,0,0,0,0,0,0,0,0,0,0,0,0,0,0,0,0,0,0,0,0,0,0,0,0,0,0,0,0,0,0,0,0,0,0,0,0,0,0,0,0,0,0,0,0,0,0,0,0,0,0,0,0,0,0,0,0,0,0,0,0,0,0,0,0,0,0,0,0,0,0,0,0,0,0,0
SRR6784552,40947,1057,613,615,301,872,629,80,150,129,16,0,0,48,0,523,155,332,1548,1193,685,537,117,480,424,310,296,61,1,285,22,18,298,89,132,0,129,35,238,59,3,77,44,3,134,149,116,0,16,108,455,0,308,20,729,198,122,53,62,23,44,464,49,149,183,9,270,26,20,841,20,18,26,23,10,740,21,674,28,591,89,499,725,449,1057,389,75,147,147,328,33,2,66,6,0,207,72,3,2,291,122,1,39,0,0,0,47,86,20,1044,0,2,0,226,4,36,5,0,0,9990,4473,3576,3772,2385,539,172,44,2587,295,129,34,0,288,55,782,620,591,7,111,90,91,61,12,2120,9,507,129,6,299,233,297,85,63,389,420,507,0,21,61,112,20,8,0,0,237,37,63,28,95,99,0,19,83,0,13,51,53,6,63,178,0,0,15,40,33,39,15,15,54,70,70,41,15,15,14,9,61,67,13,53,0,14,63,58,0,41,21,0,95,28,58,0,67,2,12,37,10,16,11,11,22,0,15,10,0,137,0,0,33,40,1057,613,615,301,872,629,80,150,129,16,0,0,48,0,523,155,332,1548,1193,685,537,117,480,424,310,296,61,1,285,22,18,298,89,132,0,129,35,238,59,3,77,44,3,134,149,116,0,16,108,455,0,308,20,729,198,122,53,62,23,44,464,49,149,183,9,270,26,20,841,20,18,26,23,10,740,21,674,28,591,89,499,725,449,1057,389,75,147,147,328,33,2,66,6,0,207,72,3,2,291,122,1,39,0,0,0,47,86,20,1044,0,2,0,226,4,36,5,0,0,9990,4473,3576,3772,2385,539,172,44,2587,295,129,34,0,288,55,782,620,591,7,111,90,91,61,12,2120,9,507,129,6,299,233,297,85,63,389,420,507,0,21,61,112,20,8,0,0,237,37,63,28,95,99,0,19,83,0,13,51,53,6,63,178,0,0,15,40,33,39,15,15,54,70,70,41,15,15,14,9,61,67,13,53,0,14,63,58,0,41,21,0,95,28,58,0,67,2,12,37,10,16,11,11,22,0,15,10,0,137,0,0,33,40,0,0,0,0,0,0,0,0,0,0,0,0,0,0,0,0,0,0,0,0,0,0,0,0,0,0,0,0,0,0,0,0,0,0,0,0,0,0,0,0,0,0,0,0,0,0,0,0,0,0,0,0,0,0,0,0,0,0,0,0,0,0,0,0,0,0,0,0,0,0,0,0,0,0,0,0,0,0,0,0,0,0,0,0,0,0,0,0,0,0,0,0,0,0,0,0,0,0,0,0,0,0,0,0,0,0,0,0,0,0,0,0,0,0,0,0,0,0,0,0,0,0,0,0,0,0,0,0,0,0,0,0,0,0,0,0,0,0,0,0,0,0,0,0,0,0,0,0,0,0,0,0,0,0,0,0,0,0,0,0,0,0,0,0,0,0,0,0,0,0,0,0,0,0,0,0,0,0,0,0,0,0,0,0,0,0,0,0,0,0,0,0,0,0,0,0,0,0,0,0,0,0,0,0,0,0,0,0,0,0,0,0,0,0,0,0,0,0,0,0,0,0,0,0,0,0,0,0,0,0,0,0,0,0,0,0,0,0,0,0,0,0,0,0,0,0,0,0,0,0,0,0,0,0,0,0,0,0
SRR6784555,33023,427,225,401,153,304,209,50,151,174,17,0,0,42,0,417,65,385,1792,1696,742,202,28,399,160,364,138,79,0,390,29,9,101,175,157,0,57,118,241,130,16,157,52,7,53,98,199,0,2,34,157,9,221,17,412,100,99,7,47,22,33,147,98,68,136,0,212,40,17,408,3,3,50,47,6,499,24,321,0,244,88,383,352,285,462,146,13,41,225,415,16,2,56,0,7,229,141,3,2,272,67,0,15,0,0,0,114,130,14,1116,7,3,7,497,17,83,14,0,12,7649,3709,1938,2813,1272,587,177,48,1792,312,46,174,0,129,11,544,359,670,18,44,46,74,82,92,2372,12,377,261,0,266,109,264,104,174,313,545,329,0,117,89,49,81,16,0,0,138,0,46,13,146,164,0,6,27,0,69,136,93,19,76,147,0,0,7,0,29,53,7,7,65,103,103,25,7,7,2,0,69,24,2,51,0,27,102,8,0,18,117,0,13,19,15,23,160,0,2,57,2,8,2,85,117,0,7,5,0,75,0,0,6,22,427,225,401,153,304,209,50,151,174,17,0,0,42,0,417,65,385,1792,1696,742,202,28,399,160,364,138,79,0,390,29,9,101,175,157,0,57,118,241,130,16,157,52,7,53,98,199,0,2,34,157,9,221,17,412,100,99,7,47,22,33,147,98,68,136,0,212,40,17,408,3,3,50,47,6,499,24,321,0,244,88,383,352,285,462,146,13,41,225,415,16,2,56,0,7,229,141,3,2,272,67,0,15,0,0,0,114,130,14,1116,7,3,7,497,17,83,14,0,12,7649,3709,1938,2813,1272,587,177,48,1792,312,46,174,0,129,11,544,359,670,18,44,46,74,82,92,2372,12,377,261,0,266,109,264,104,174,313,545,329,0,117,89,49,81,16,0,0,138,0,46,13,146,164,0,6,27,0,69,136,93,19,76,147,0,0,7,0,29,53,7,7,65,103,103,25,7,7,2,0,69,24,2,51,0,27,102,8,0,18,117,0,13,19,15,23,160,0,2,57,2,8,2,85,117,0,7,5,0,75,0,0,6,22,0,0,0,0,0,0,0,0,0,0,0,0,0,0,0,0,0,0,0,0,0,0,0,0,0,0,0,0,0,0,0,0,0,0,0,0,0,0,0,0,0,0,0,0,0,0,0,0,0,0,0,0,0,0,0,0,0,0,0,0,0,0,0,0,0,0,0,0,0,0,0,0,0,0,0,0,0,0,0,0,0,0,0,0,0,0,0,0,0,0,0,0,0,0,0,0,0,0,0,0,0,0,0,0,0,0,0,0,0,0,0,0,0,0,0,0,0,0,0,0,0,0,0,0,0,0,0,0,0,0,0,0,0,0,0,0,0,0,0,0,0,0,0,0,0,0,0,0,0,0,0,0,0,0,0,0,0,0,0,0,0,0,0,0,0,0,0,0,0,0,0,0,0,0,0,0,0,0,0,0,0,0,0,0,0,0,0,0,0,0,0,0,0,0,0,0,0,0,0,0,0,0,0,0,0,0,0,0,0,0,0,0,0,0,0,0,0,0,0,0,0,0,0,0,0,0,0,0,0,0,0,0,0,0,0,0,0,0,0,0,0,0,0,0,0,0,0,0,0,0,0,0,0,0,0,0,0,0
SRR6784557,24640,534,253,405,111,271,274,22,44,45,7,19,23,40,0,333,51,370,624,704,541,224,49,203,98,233,161,164,7,170,48,7,92,94,90,0,151,34,265,71,0,36,49,11,107,171,318,0,11,65,357,0,79,33,502,189,166,31,107,37,27,176,144,26,111,0,75,83,32,603,3,3,34,27,52,394,16,377,10,482,85,238,361,209,418,239,143,43,108,168,54,10,153,10,0,201,255,3,0,152,93,0,97,0,4,0,33,109,2,370,0,3,0,97,30,41,0,8,48,6316,2775,1990,2262,1281,398,53,49,1520,257,70,241,0,118,36,620,584,444,18,30,36,27,61,38,784,14,315,101,0,253,122,486,47,116,201,397,469,0,33,53,93,26,20,7,0,113,0,72,38,37,43,0,17,47,6,20,100,37,12,18,145,0,0,18,2,38,184,18,18,12,200,205,27,18,18,20,0,14,22,0,82,0,52,175,76,0,31,33,0,34,25,5,96,116,5,2,69,0,19,0,34,224,0,18,2,0,170,0,0,0,39,534,253,405,111,271,274,22,44,45,7,19,23,40,0,333,51,370,624,704,541,224,49,203,98,233,161,164,7,170,48,7,92,94,90,0,151,34,265,71,0,36,49,11,107,171,318,0,11,65,357,0,79,33,502,189,166,31,107,37,27,176,144,26,111,0,75,83,32,603,3,3,34,27,52,394,16,377,10,482,85,238,361,209,418,239,143,43,108,168,54,10,153,10,0,201,255,3,0,152,93,0,97,0,4,0,33,109,2,370,0,3,0,97,30,41,0,8,48,6316,2775,1990,2262,1281,398,53,49,1520,257,70,241,0,118,36,620,584,444,18,30,36,27,61,38,784,14,315,101,0,253,122,486,47,116,201,397,469,0,33,53,93,26,20,7,0,113,0,72,38,37,43,0,17,47,6,20,100,37,12,18,145,0,0,18,2,38,184,18,18,12,200,205,27,18,18,20,0,14,22,0,82,0,52,175,76,0,31,33,0,34,25,5,96,116,5,2,69,0,19,0,34,224,0,18,2,0,170,0,0,0,39,0,0,0,0,0,0,0,0,0,0,0,0,0,0,0,0,0,0,0,0,0,0,0,0,0,0,0,0,0,0,0,0,0,0,0,0,0,0,0,0,0,0,0,0,0,0,0,0,0,0,0,0,0,0,0,0,0,0,0,0,0,0,0,0,0,0,0,0,0,0,0,0,0,0,0,0,0,0,0,0,0,0,0,0,0,0,0,0,0,0,0,0,0,0,0,0,0,0,0,0,0,0,0,0,0,0,0,0,0,0,0,0,0,0,0,0,0,0,0,0,0,0,0,0,0,0,0,0,0,0,0,0,0,0,0,0,0,0,0,0,0,0,0,0,0,0,0,0,0,0,0,0,0,0,0,0,0,0,0,0,0,0,0,0,0,0,0,0,0,0,0,0,0,0,0,0,0,0,0,0,0,0,0,0,0,0,0,0,0,0,0,0,0,0,0,0,0,0,0,0,0,0,0,0,0,0,0,0,0,0,0,0,0,0,0,0,0,0,0,0,0,0,0,0,0,0,0,0,0,0,0,0,0,0,0,0,0,0,0,0,0,0,0,0,0,0,0,0,0,0,0,0,0,0,0,0,0,0
SRR24907818,48944,1052,607,500,315,500,737,103,245,247,10,73,86,45,10,636,90,618,1591,1379,1109,658,130,551,480,275,244,99,15,170,22,37,129,108,89,0,72,118,216,67,9,52,30,4,126,293,247,0,18,158,742,2,534,210,1221,259,154,105,54,182,276,481,206,57,361,0,251,165,210,1077,3,1,62,64,77,1046,67,636,70,529,102,415,742,523,993,359,141,149,138,240,87,8,179,0,11,193,155,8,0,542,217,6,86,0,4,0,41,66,1,1034,10,2,10,209,33,45,4,6,28,12518,4486,3853,3856,2562,539,303,62,2730,512,128,230,0,109,10,988,856,1035,21,155,25,24,72,21,3122,20,637,180,0,560,288,379,275,157,286,476,787,0,12,25,169,25,6,0,8,358,0,46,22,255,169,0,15,61,0,22,158,89,27,60,343,0,0,14,0,38,156,14,14,53,262,256,56,14,14,7,0,56,92,20,73,5,21,57,138,9,34,17,2,74,54,10,6,69,9,0,149,19,16,20,19,61,5,14,0,0,93,7,0,4,129,1052,607,500,315,500,737,103,245,247,10,73,86,45,10,636,90,618,1591,1379,1109,658,130,551,480,275,244,99,15,170,22,37,129,108,89,0,72,118,216,67,9,52,30,4,126,293,247,0,18,158,742,2,534,210,1221,259,154,105,54,182,276,481,206,57,361,0,251,165,210,1077,3,1,62,64,77,1046,67,636,70,529,102,415,742,523,993,359,141,149,138,240,87,8,179,0,11,193,155,8,0,542,217,6,86,0,4,0,41,66,1,1034,10,2,10,209,33,45,4,6,28,12518,4486,3853,3856,2562,539,303,62,2730,512,128,230,0,109,10,988,856,1035,21,155,25,24,72,21,3122,20,637,180,0,560,288,379,275,157,286,476,787,0,12,25,169,25,6,0,8,358,0,46,22,255,169,0,15,61,0,22,158,89,27,60,343,0,0,14,0,38,156,14,14,53,262,256,56,14,14,7,0,56,92,20,73,5,21,57,138,9,34,17,2,74,54,10,6,69,9,0,149,19,16,20,19,61,5,14,0,0,93,7,0,4,129,20,0,7,0,9,9,82,0,9,0,9,0,0,0,0,10,0,1,0,0,0,8,0,0,0,0,13,6,0,3,3,0,0,0,0,0,0,0,20,0,7,0,9,9,82,0,9,0,9,0,0,0,0,10,0,1,0,0,0,8,0,0,0,0,13,6,0,3,3,0,0,0,0,0,0,0,0,0,0,0,0,0,0,0,0,0,0,0,0,0,0,0,0,0,0,0,0,0,0,0,0,0,0,0,0,0,0,0,0,0,0,0,0,0,0,0,0,0,0,0,0,0,0,0,0,0,0,0,0,0,0,0,0,0,0,0,0,0,0,0,0,0,0,0,0,0,0,0,0,0,0,0,0,0,0,0,0,0,0,0,0,0,0,0,0,0,0,0,0,0,0,0,0,0,0,0,0,0,0,0,0,0,0,0,0,0,0,0,0,0,0,0,0,0,0,0,0,0,0,0,0,0,0,0,0,0,0,0,0,0,0,0,0,0,0,0,0,0,0,0,0,0,0,0,0,0,0,0,0,0,0,0,0,0,0,0,0,0,0,0,0,0,0,0,0,0,0,0,0,0,0,0,0,0,0,0,0,0
SRR24907822,7763,151,78,95,80,73,91,28,30,18,2,0,0,11,0,109,24,83,226,189,131,80,27,113,99,55,42,8,0,39,8,3,33,25,27,0,7,21,47,20,0,15,7,3,39,27,34,0,0,13,92,0,65,7,162,23,19,4,10,9,20,61,10,7,52,0,43,10,7,191,3,1,3,3,9,176,3,153,6,76,12,64,110,111,201,43,21,12,37,47,5,0,18,0,0,45,19,1,0,59,49,1,7,0,2,0,10,19,0,136,0,0,0,45,2,7,0,0,5,1753,692,626,558,444,101,33,8,436,49,12,29,0,45,9,120,175,111,8,40,15,5,22,0,328,15,97,30,0,67,65,90,9,27,40,73,123,0,2,11,44,4,2,0,2,35,2,5,9,21,13,0,1,0,0,4,15,8,7,13,46,0,0,1,0,4,5,1,1,8,36,35,9,1,1,2,0,8,16,5,18,0,6,6,5,2,4,2,5,40,8,3,24,25,0,0,13,5,1,5,0,7,0,1,4,0,13,6,0,10,15,151,78,95,80,73,91,28,30,18,2,0,0,11,0,109,24,83,226,189,131,80,27,113,99,55,42,8,0,39,8,3,33,25,27,0,7,21,47,20,0,15,7,3,39,27,34,0,0,13,92,0,65,7,162,23,19,4,10,9,20,61,10,7,52,0,43,10,7,191,3,1,3,3,9,176,3,153,6,76,12,64,110,111,201,43,21,12,37,47,5,0,18,0,0,45,19,1,0,59,49,1,7,0,2,0,10,19,0,136,0,0,0,45,2,7,0,0,5,1753,692,626,558,444,101,33,8,436,49,12,29,0,45,9,120,175,111,8,40,15,5,22,0,328,15,97,30,0,67,65,90,9,27,40,73,123,0,2,11,44,4,2,0,2,35,2,5,9,21,13,0,1,0,0,4,15,8,7,13,46,0,0,1,0,4,5,1,1,8,36,35,9,1,1,2,0,8,16,5,18,0,6,6,5,2,4,2,5,40,8,3,24,25,0,0,13,5,1,5,0,7,0,1,4,0,13,6,0,10,15,3,3,0,0,0,0,0,0,0,0,0,0,3,0,0,3,0,0,0,0,0,0,0,0,0,0,3,0,0,8,8,0,0,0,0,0,0,0,3,3,0,0,0,0,0,0,0,0,0,0,3,0,0,3,0,0,0,0,0,0,0,0,0,0,3,0,0,8,8,0,0,0,0,0,0,0,0,0,0,0,0,0,0,0,0,0,0,0,0,0,0,0,0,0,0,0,0,0,0,0,0,0,0,0,0,0,0,0,0,0,0,0,0,0,0,0,0,0,0,0,0,0,0,0,0,0,0,0,0,0,0,0,0,0,0,0,0,0,0,0,0,0,0,0,0,0,0,0,0,0,0,0,0,0,0,0,0,0,0,0,0,0,0,0,0,0,0,0,0,0,0,0,0,0,0,0,0,0,0,0,0,0,0,0,0,0,0,0,0,0,0,0,0,0,0,0,0,0,0,0,0,0,0,0,0,0,0,0,0,0,0,0,0,0,0,0,0,0,0,0,0,0,0,0,0,0,0,0,0,0,0,0,0,0,0,0,0,0,0,0,0,0,0,0,0,0,0,0,0,0,0,0,0,0,0,0,0,0
SRR24907824,6563,156,76,102,25,73,64,7,21,59,0,0,0,7,0,75,20,43,252,170,96,71,19,76,37,27,37,25,0,23,3,4,28,12,7,0,4,13,38,3,3,17,5,1,32,23,26,0,2,8,68,0,22,12,106,25,14,7,9,15,6,50,17,23,39,0,20,12,12,161,1,0,19,15,6,88,5,64,2,73,11,68,94,98,124,36,16,13,37,30,12,2,19,0,3,39,20,5,6,39,31,3,11,0,1,0,1,2,1,150,3,2,3,34,3,13,2,0,6,1422,653,488,502,363,60,28,18,354,54,17,11,0,35,9,160,103,140,5,27,11,1,7,4,317,5,91,27,2,59,46,96,8,29,57,61,77,0,0,10,22,5,6,0,0,44,0,20,9,20,13,0,8,26,0,4,37,10,2,10,30,0,0,7,0,10,10,7,7,4,14,14,5,7,7,0,0,5,11,1,15,0,20,6,6,0,9,0,0,27,4,1,0,19,2,4,37,2,7,2,3,6,0,7,0,0,21,0,0,0,12,156,76,102,25,73,64,7,21,59,0,0,0,7,0,75,20,43,252,170,96,71,19,76,37,27,37,25,0,23,3,4,28,12,7,0,4,13,38,3,3,17,5,1,32,23,26,0,2,8,68,0,22,12,106,25,14,7,9,15,6,50,17,23,39,0,20,12,12,161,1,0,19,15,6,88,5,64,2,73,11,68,94,98,124,36,16,13,37,30,12,2,19,0,3,39,20,5,6,39,31,3,11,0,1,0,1,2,1,150,3,2,3,34,3,13,2,0,6,1422,653,488,502,363,60,28,18,354,54,17,11,0,35,9,160,103,140,5,27,11,1,7,4,317,5,91,27,2,59,46,96,8,29,57,61,77,0,0,10,22,5,6,0,0,44,0,20,9,20,13,0,8,26,0,4,37,10,2,10,30,0,0,7,0,10,10,7,7,4,14,14,5,7,7,0,0,5,11,1,15,0,20,6,6,0,9,0,0,27,4,1,0,19,2,4,37,2,7,2,3,6,0,7,0,0,21,0,0,0,12,2,0,0,0,0,0,4,0,0,0,0,2,4,0,0,3,0,0,0,0,0,0,0,0,0,0,3,0,0,6,6,2,2,2,0,2,2,2,2,0,0,0,0,0,4,0,0,0,0,2,4,0,0,3,0,0,0,0,0,0,0,0,0,0,3,0,0,6,6,2,2,2,0,2,2,2,0,0,0,0,0,0,0,0,0,0,0,0,0,0,0,0,0,0,0,0,0,0,0,0,0,0,0,0,0,0,0,0,0,0,0,0,0,0,0,0,0,0,0,0,0,0,0,0,0,0,0,0,0,0,0,0,0,0,0,0,0,0,0,0,0,0,0,0,0,0,0,0,0,0,0,0,0,0,0,0,0,0,0,0,0,0,0,0,0,0,0,0,0,0,0,0,0,0,0,0,0,0,0,0,0,0,0,0,0,0,0,0,0,0,0,0,0,0,0,0,0,0,0,0,0,0,0,0,0,0,0,0,0,0,0,0,0,0,0,0,0,0,0,0,0,0,0,0,0,0,0,0,0,0,0,0,0,0,0,0,0,0,0,0,0,0,0,0,0,0,0,0,0,0,0,0,0,0,0,0,0,0
SRR24907831,6274,109,64,60,34,64,55,7,28,30,0,0,0,9,2,74,23,53,185,144,94,40,22,79,49,43,46,8,0,17,0,2,28,15,19,0,4,4,28,9,3,4,14,0,14,27,34,0,8,4,59,0,46,14,95,10,5,4,5,11,15,66,13,9,16,0,25,12,14,146,1,1,3,3,4,99,1,79,2,65,16,30,85,94,136,47,3,6,31,29,8,4,14,0,0,25,10,0,0,42,16,1,15,0,0,0,7,9,0,107,0,0,0,23,2,5,0,2,2,1209,490,425,374,293,75,37,11,301,37,25,15,0,12,4,74,113,95,7,15,5,3,10,0,354,3,77,29,0,64,40,47,11,31,27,67,81,0,3,7,31,3,2,0,0,26,0,6,5,23,13,0,2,5,0,2,18,8,5,7,29,0,0,2,0,2,6,2,2,4,21,21,6,2,2,1,0,5,12,3,7,2,3,8,0,0,9,3,2,16,0,0,0,10,0,0,13,3,2,3,0,3,2,2,0,0,11,0,0,5,12,109,64,60,34,64,55,7,28,30,0,0,0,9,2,74,23,53,185,144,94,40,22,79,49,43,46,8,0,17,0,2,28,15,19,0,4,4,28,9,3,4,14,0,14,27,34,0,8,4,59,0,46,14,95,10,5,4,5,11,15,66,13,9,16,0,25,12,14,146,1,1,3,3,4,99,1,79,2,65,16,30,85,94,136,47,3,6,31,29,8,4,14,0,0,25,10,0,0,42,16,1,15,0,0,0,7,9,0,107,0,0,0,23,2,5,0,2,2,1209,490,425,374,293,75,37,11,301,37,25,15,0,12,4,74,113,95,7,15,5,3,10,0,354,3,77,29,0,64,40,47,11,31,27,67,81,0,3,7,31,3,2,0,0,26,0,6,5,23,13,0,2,5,0,2,18,8,5,7,29,0,0,2,0,2,6,2,2,4,21,21,6,2,2,1,0,5,12,3,7,2,3,8,0,0,9,3,2,16,0,0,0,10,0,0,13,3,2,3,0,3,2,2,0,0,11,0,0,5,12,0,7,0,0,1,1,0,0,0,0,0,0,0,0,0,0,0,0,0,0,0,0,0,0,0,0,0,0,0,0,0,0,0,0,0,0,0,0,0,7,0,0,1,1,0,0,0,0,0,0,0,0,0,0,0,0,0,0,0,0,0,0,0,0,0,0,0,0,0,0,0,0,0,0,0,0,0,0,0,0,0,0,0,0,0,0,0,0,0,0,0,0,0,0,0,0,0,0,0,0,0,0,0,0,0,0,0,0,0,0,0,0,0,0,0,0,0,0,0,0,0,0,0,0,0,0,0,0,0,0,0,0,0,0,0,0,0,0,0,0,0,0,0,0,0,0,0,0,0,0,0,0,0,0,0,0,0,0,0,0,0,0,0,0,0,0,0,0,0,0,0,0,0,0,0,0,0,0,0,0,0,0,0,0,0,0,0,0,0,0,0,0,0,0,0,0,0,0,0,0,0,0,0,0,0,0,0,0,0,0,0,0,0,0,0,0,0,0,0,0,0,0,0,0,0,0,0,0,0,0,0,0,0,0,0,0,0,0,0,0,0,0,0,0,0,0,0,0,0,0,0,0,0,0,0,0,0,0
SRR24907840,7590,554,211,198,59,159,132,17,57,85,12,0,0,1,0,138,62,149,594,474,285,91,33,164,115,109,63,53,0,117,5,9,66,63,75,0,53,38,103,58,4,110,52,4,66,31,106,0,11,7,226,0,121,0,269,64,46,16,40,0,15,112,53,23,187,0,48,2,0,541,13,12,48,5,8,169,6,205,0,237,15,138,308,221,427,19,7,81,70,129,9,2,14,1,3,74,43,15,0,99,47,1,2,0,0,0,37,49,3,330,3,13,3,68,5,9,2,0,34,3314,1476,1316,1285,984,216,72,36,886,62,25,11,0,45,5,256,167,209,8,72,36,23,30,4,656,3,190,99,0,70,58,98,28,40,109,168,121,0,0,6,110,4,54,0,0,39,0,2,4,3,34,0,4,8,0,3,36,9,15,26,48,0,0,2,0,7,10,2,2,23,15,14,16,2,2,5,0,25,70,42,23,0,17,29,31,0,7,0,3,48,7,3,4,47,0,0,34,39,2,41,4,7,0,2,1,0,120,0,0,5,21,554,211,198,59,159,132,17,57,85,12,0,0,1,0,138,62,149,594,474,285,91,33,164,115,109,63,53,0,117,5,9,66,63,75,0,53,38,103,58,4,110,52,4,66,31,106,0,11,7,226,0,121,0,269,64,46,16,40,0,15,112,53,23,187,0,48,2,0,541,13,12,48,5,8,169,6,205,0,237,15,138,308,221,427,19,7,81,70,129,9,2,14,1,3,74,43,15,0,99,47,1,2,0,0,0,37,49,3,330,3,13,3,68,5,9,2,0,34,3314,1476,1316,1285,984,216,72,36,886,62,25,11,0,45,5,256,167,209,8,72,36,23,30,4,656,3,190,99,0,70,58,98,28,40,109,168,121,0,0,6,110,4,54,0,0,39,0,2,4,3,34,0,4,8,0,3,36,9,15,26,48,0,0,2,0,7,10,2,2,23,15,14,16,2,2,5,0,25,70,42,23,0,17,29,31,0,7,0,3,48,7,3,4,47,0,0,34,39,2,41,4,7,0,2,1,0,120,0,0,5,21,2,0,0,0,1,1,7,0,0,0,0,0,0,0,0,3,0,0,0,0,0,0,0,0,0,0,2,0,2,0,0,0,0,0,0,0,0,0,2,0,0,0,1,1,7,0,0,0,0,0,0,0,0,3,0,0,0,0,0,0,0,0,0,0,2,0,2,0,0,0,0,0,0,0,0,0,0,0,0,0,0,0,0,0,0,0,0,0,0,0,0,0,0,0,0,0,0,0,0,0,0,0,0,0,0,0,0,0,0,0,0,0,0,0,0,0,0,0,0,0,0,0,0,0,0,0,0,0,0,0,0,0,0,0,0,0,0,0,0,0,0,0,0,0,0,0,0,0,0,0,0,0,0,0,0,0,0,0,0,0,0,0,0,0,0,0,0,0,0,0,0,0,0,0,0,0,0,0,0,0,0,0,0,0,0,0,0,0,0,0,0,0,0,0,0,0,0,0,0,0,0,0,0,0,0,0,0,0,0,0,0,0,0,0,0,0,0,0,0,0,0,0,0,0,0,0,0,0,0,0,0,0,0,0,0,0,0,0,0,0,0,0,0,0,0,0,0,0,0,0,0,0,0,0,0,0,0,0
SRR24907844,14059,370,193,182,111,168,172,24,58,103,4,10,11,6,3,209,90,159,705,507,313,204,80,216,112,92,121,21,3,100,20,6,72,44,41,0,16,18,100,25,2,13,33,12,96,79,65,0,9,19,214,0,93,11,273,57,35,9,21,18,22,130,38,41,161,4,69,24,11,436,4,4,34,40,3,228,2,231,2,207,39,152,190,234,390,91,26,38,49,88,22,6,42,2,0,66,65,3,6,110,68,3,39,0,4,0,14,26,2,475,0,0,0,85,7,11,0,0,4,3852,1621,1278,1292,883,216,78,38,932,61,38,35,0,76,30,304,296,313,21,65,65,69,19,13,890,10,226,111,5,151,96,184,27,64,108,196,223,0,0,34,66,3,10,0,0,89,3,58,16,49,31,0,8,25,1,1,55,11,10,19,72,0,0,6,0,20,22,6,6,19,47,46,17,6,6,0,0,22,29,6,19,0,22,17,15,4,22,0,3,56,13,8,4,72,0,1,60,4,6,5,12,29,0,6,4,0,32,0,0,7,21,370,193,182,111,168,172,24,58,103,4,10,11,6,3,209,90,159,705,507,313,204,80,216,112,92,121,21,3,100,20,6,72,44,41,0,16,18,100,25,2,13,33,12,96,79,65,0,9,19,214,0,93,11,273,57,35,9,21,18,22,130,38,41,161,4,69,24,11,436,4,4,34,40,3,228,2,231,2,207,39,152,190,234,390,91,26,38,49,88,22,6,42,2,0,66,65,3,6,110,68,3,39,0,4,0,14,26,2,475,0,0,0,85,7,11,0,0,4,3852,1621,1278,1292,883,216,78,38,932,61,38,35,0,76,30,304,296,313,21,65,65,69,19,13,890,10,226,111,5,151,96,184,27,64,108,196,223,0,0,34,66,3,10,0,0,89,3,58,16,49,31,0,8,25,1,1,55,11,10,19,72,0,0,6,0,20,22,6,6,19,47,46,17,6,6,0,0,22,29,6,19,0,22,17,15,4,22,0,3,56,13,8,4,72,0,1,60,4,6,5,12,29,0,6,4,0,32,0,0,7,21,0,2,0,0,0,0,7,4,4,0,0,1,0,0,0,1,0,0,0,0,0,0,0,0,0,0,1,0,0,0,0,1,1,1,0,1,1,1,0,2,0,0,0,0,7,4,4,0,0,1,0,0,0,1,0,0,0,0,0,0,0,0,0,0,1,0,0,0,0,1,1,1,0,1,1,1,0,0,0,0,0,0,0,0,0,0,0,0,0,0,0,0,0,0,0,0,0,0,0,0,0,0,0,0,0,0,0,0,0,0,0,0,0,0,0,0,0,0,0,0,0,0,0,0,0,0,0,0,0,0,0,0,0,0,0,0,0,0,0,0,0,0,0,0,0,0,0,0,0,0,0,0,0,0,0,0,0,0,0,0,0,0,0,0,0,0,0,0,0,0,0,0,0,0,0,0,0,0,0,0,0,0,0,0,0,0,0,0,0,0,0,0,0,0,0,0,0,0,0,0,0,0,0,0,0,0,0,0,0,0,0,0,0,0,0,0,0,0,0,0,0,0,0,0,0,0,0,0,0,0,0,0,0,0,0,0,0,0,0,0,0,0,0,0,0,0,0,0,0,0,0,0,0,0,0,0,0,0
SRR24907847,7167,187,89,112,43,106,69,5,32,30,2,3,3,12,0,109,24,90,267,252,160,53,16,82,102,45,38,23,3,36,6,5,33,30,33,0,17,16,76,26,7,17,5,0,16,42,43,3,0,6,87,0,47,21,94,13,4,2,3,19,15,68,8,24,54,3,29,17,21,175,6,6,3,3,7,172,5,127,0,81,16,54,160,131,176,43,18,20,37,34,18,2,28,0,0,48,18,1,10,79,33,1,13,0,2,0,11,25,0,141,0,0,0,59,0,23,3,0,1,1854,822,656,621,471,92,43,11,514,57,12,18,0,39,2,105,109,122,16,22,16,14,0,3,314,6,99,31,0,77,40,71,9,22,24,99,149,0,0,2,45,0,10,0,0,31,0,5,4,26,16,0,4,19,0,0,15,6,7,8,40,0,0,3,0,7,6,3,3,8,33,33,7,3,3,1,0,8,17,8,8,0,4,0,0,4,3,0,0,23,4,4,13,16,0,0,11,7,3,8,3,0,0,3,0,0,29,0,0,4,19,187,89,112,43,106,69,5,32,30,2,3,3,12,0,109,24,90,267,252,160,53,16,82,102,45,38,23,3,36,6,5,33,30,33,0,17,16,76,26,7,17,5,0,16,42,43,3,0,6,87,0,47,21,94,13,4,2,3,19,15,68,8,24,54,3,29,17,21,175,6,6,3,3,7,172,5,127,0,81,16,54,160,131,176,43,18,20,37,34,18,2,28,0,0,48,18,1,10,79,33,1,13,0,2,0,11,25,0,141,0,0,0,59,0,23,3,0,1,1854,822,656,621,471,92,43,11,514,57,12,18,0,39,2,105,109,122,16,22,16,14,0,3,314,6,99,31,0,77,40,71,9,22,24,99,149,0,0,2,45,0,10,0,0,31,0,5,4,26,16,0,4,19,0,0,15,6,7,8,40,0,0,3,0,7,6,3,3,8,33,33,7,3,3,1,0,8,17,8,8,0,4,0,0,4,3,0,0,23,4,4,13,16,0,0,11,7,3,8,3,0,0,3,0,0,29,0,0,4,19,2,2,0,3,0,0,3,3,3,0,0,0,9,0,0,0,0,0,0,0,0,0,0,0,0,0,0,0,0,0,0,0,0,0,0,0,0,0,2,2,0,3,0,0,3,3,3,0,0,0,9,0,0,0,0,0,0,0,0,0,0,0,0,0,0,0,0,0,0,0,0,0,0,0,0,0,0,0,0,0,0,0,0,0,0,0,0,0,0,0,0,0,0,0,0,0,0,0,0,0,0,0,0,0,0,0,0,0,0,0,0,0,0,0,0,0,0,0,0,0,0,0,0,0,0,0,0,0,0,0,0,0,0,0,0,0,0,0,0,0,0,0,0,0,0,0,0,0,0,0,0,0,0,0,0,0,0,0,0,0,0,0,0,0,0,0,0,0,0,0,0,0,0,0,0,0,0,0,0,0,0,0,0,0,0,0,0,0,0,0,0,0,0,0,0,0,0,0,0,0,0,0,0,0,0,0,0,0,0,0,0,0,0,0,0,0,0,0,0,0,0,0,0,0,0,0,0,0,0,0,0,0,0,0,0,0,0,0,0,0,0,0,0,0,0,0,0,0,0,0,0,0,0,0,0,0,0,0
SRR24907848,8487,158,106,72,40,75,84,12,43,24,0,0,0,9,3,91,12,103,224,213,132,98,35,89,75,47,64,13,0,19,4,4,31,9,12,0,8,15,45,8,5,8,12,4,54,33,41,0,14,7,96,4,35,7,114,30,15,10,11,8,23,87,22,13,60,0,34,13,7,196,1,1,5,3,3,144,4,125,2,82,22,68,135,103,187,54,18,21,74,28,19,0,9,0,5,48,25,1,0,55,31,0,11,0,0,0,4,7,2,160,0,1,0,39,3,8,2,0,7,1771,723,625,596,423,125,50,7,439,54,39,26,0,33,10,134,115,133,2,27,0,1,23,4,404,9,127,27,0,72,46,71,11,32,54,97,112,0,0,11,28,4,6,0,0,43,0,12,7,14,7,0,2,5,2,3,37,5,10,4,43,0,0,2,2,5,7,2,2,4,32,31,10,2,2,5,0,4,11,1,12,3,27,8,13,3,4,0,3,17,6,2,0,21,0,1,34,1,5,1,3,19,3,2,0,3,7,7,0,5,19,158,106,72,40,75,84,12,43,24,0,0,0,9,3,91,12,103,224,213,132,98,35,89,75,47,64,13,0,19,4,4,31,9,12,0,8,15,45,8,5,8,12,4,54,33,41,0,14,7,96,4,35,7,114,30,15,10,11,8,23,87,22,13,60,0,34,13,7,196,1,1,5,3,3,144,4,125,2,82,22,68,135,103,187,54,18,21,74,28,19,0,9,0,5,48,25,1,0,55,31,0,11,0,0,0,4,7,2,160,0,1,0,39,3,8,2,0,7,1771,723,625,596,423,125,50,7,439,54,39,26,0,33,10,134,115,133,2,27,0,1,23,4,404,9,127,27,0,72,46,71,11,32,54,97,112,0,0,11,28,4,6,0,0,43,0,12,7,14,7,0,2,5,2,3,37,5,10,4,43,0,0,2,2,5,7,2,2,4,32,31,10,2,2,5,0,4,11,1,12,3,27,8,13,3,4,0,3,17,6,2,0,21,0,1,34,1,5,1,3,19,3,2,0,3,7,7,0,5,19,0,0,2,0,0,0,0,0,0,0,0,0,2,0,0,3,5,0,0,0,0,0,0,0,5,0,3,0,0,0,0,0,0,0,5,0,0,0,0,0,2,0,0,0,0,0,0,0,0,0,2,0,0,3,5,0,0,0,0,0,0,0,5,0,3,0,0,0,0,0,0,0,5,0,0,0,0,0,0,0,0,0,0,0,0,0,0,0,0,0,0,0,0,0,0,0,0,0,0,0,0,0,0,0,0,0,0,0,0,0,0,0,0,0,0,0,0,0,0,0,0,0,0,0,0,0,0,0,0,0,0,0,0,0,0,0,0,0,0,0,0,0,0,0,0,0,0,0,0,0,0,0,0,0,0,0,0,0,0,0,0,0,0,0,0,0,0,0,0,0,0,0,0,0,0,0,0,0,0,0,0,0,0,0,0,0,0,0,0,0,0,0,0,0,0,0,0,0,0,0,0,0,0,0,0,0,0,0,0,0,0,0,0,0,0,0,0,0,0,0,0,0,0,0,0,0,0,0,0,0,0,0,0,0,0,0,0,0,0,0,0,0,0,0,0,0,0,0,0,0,0,0,0,0,0,0,0,0
SRR24907857,42085,1024,584,555,505,546,418,235,135,148,0,46,55,85,0,679,245,522,1408,1282,931,405,56,561,679,270,138,34,0,143,30,23,170,99,169,0,19,160,242,75,2,183,63,0,110,307,296,0,15,47,616,0,221,47,1181,133,96,34,46,42,62,381,64,42,184,0,135,64,47,1227,0,0,52,29,44,1220,15,1159,0,685,118,458,767,692,1489,347,56,104,82,325,35,5,51,0,4,211,53,5,0,437,246,4,135,0,2,0,32,75,0,720,4,0,4,297,7,67,5,3,15,11200,4132,4109,3571,3008,459,169,32,2690,204,51,49,0,216,30,477,661,492,35,78,20,31,73,10,1637,16,791,203,0,390,359,464,71,252,303,450,565,0,0,35,281,0,7,0,0,175,0,22,35,84,70,0,21,9,0,0,90,35,50,55,269,0,0,19,0,59,51,19,19,52,239,233,24,19,19,3,0,53,58,14,43,0,18,14,55,0,18,0,0,151,15,10,12,69,0,0,76,13,18,14,7,19,0,19,0,0,37,0,0,124,125,1024,584,555,505,546,418,235,135,148,0,46,55,85,0,679,245,522,1408,1282,931,405,56,561,679,270,138,34,0,143,30,23,170,99,169,0,19,160,242,75,2,183,63,0,110,307,296,0,15,47,616,0,221,47,1181,133,96,34,46,42,62,381,64,42,184,0,135,64,47,1227,0,0,52,29,44,1220,15,1159,0,685,118,458,767,692,1489,347,56,104,82,325,35,5,51,0,4,211,53,5,0,437,246,4,135,0,2,0,32,75,0,720,4,0,4,297,7,67,5,3,15,11200,4132,4109,3571,3008,459,169,32,2690,204,51,49,0,216,30,477,661,492,35,78,20,31,73,10,1637,16,791,203,0,390,359,464,71,252,303,450,565,0,0,35,281,0,7,0,0,175,0,22,35,84,70,0,21,9,0,0,90,35,50,55,269,0,0,19,0,59,51,19,19,52,239,233,24,19,19,3,0,53,58,14,43,0,18,14,55,0,18,0,0,151,15,10,12,69,0,0,76,13,18,14,7,19,0,19,0,0,37,0,0,124,125,6,0,0,0,0,0,0,0,0,0,0,0,0,0,0,0,0,1,0,0,0,0,0,0,0,0,0,0,0,0,0,0,0,0,0,0,0,0,6,0,0,0,0,0,0,0,0,0,0,0,0,0,0,0,0,1,0,0,0,0,0,0,0,0,0,0,0,0,0,0,0,0,0,0,0,0,0,0,0,0,0,0,0,0,0,0,0,0,0,0,0,0,0,0,0,0,0,0,0,0,0,0,0,0,0,0,0,0,0,0,0,0,0,0,0,0,0,0,0,0,0,0,0,0,0,0,0,0,0,0,0,0,0,0,0,0,0,0,0,0,0,0,0,0,0,0,0,0,0,0,0,0,0,0,0,0,0,0,0,0,0,0,0,0,0,0,0,0,0,0,0,0,0,0,0,0,0,0,0,0,0,0,0,0,0,0,0,0,0,0,0,0,0,0,0,0,0,0,0,0,0,0,0,0,0,0,0,0,0,0,0,0,0,0,0,0,0,0,0,0,0,0,0,0,0,0,0,0,0,0,0,0,0,0,0,0,0,0,0,0,0,0,0,0,0,0,0,0,0,0,0,0,0,0,0,0,0,0
SRR24907912,8094,178,110,77,82,133,73,14,57,67,4,0,0,14,0,129,29,109,306,245,171,105,28,129,78,45,49,14,0,45,6,1,31,21,27,0,14,11,47,19,0,27,12,1,23,33,29,0,0,14,120,0,28,11,163,40,23,12,16,10,18,52,27,13,49,0,27,16,11,220,5,4,0,0,5,199,5,143,0,80,19,93,122,80,193,32,10,9,36,46,14,2,18,0,0,30,28,0,0,71,37,0,15,5,1,5,13,19,0,205,0,0,0,52,0,6,2,0,9,1972,842,688,693,498,98,69,8,461,46,18,28,0,43,3,136,151,174,3,28,17,17,7,4,436,7,78,33,0,102,31,56,45,34,81,124,114,0,0,3,38,0,6,0,5,33,0,8,9,18,41,0,2,0,0,0,17,10,2,43,62,0,0,2,0,4,7,2,2,38,38,38,14,2,2,3,0,39,45,16,19,15,8,17,7,0,3,0,0,5,7,1,0,18,0,0,18,15,11,16,4,17,15,2,4,0,57,5,0,6,20,178,110,77,82,133,73,14,57,67,4,0,0,14,0,129,29,109,306,245,171,105,28,129,78,45,49,14,0,45,6,1,31,21,27,0,14,11,47,19,0,27,12,1,23,33,29,0,0,14,120,0,28,11,163,40,23,12,16,10,18,52,27,13,49,0,27,16,11,220,5,4,0,0,5,199,5,143,0,80,19,93,122,80,193,32,10,9,36,46,14,2,18,0,0,30,28,0,0,71,37,0,15,5,1,5,13,19,0,205,0,0,0,52,0,6,2,0,9,1972,842,688,693,498,98,69,8,461,46,18,28,0,43,3,136,151,174,3,28,17,17,7,4,436,7,78,33,0,102,31,56,45,34,81,124,114,0,0,3,38,0,6,0,5,33,0,8,9,18,41,0,2,0,0,0,17,10,2,43,62,0,0,2,0,4,7,2,2,38,38,38,14,2,2,3,0,39,45,16,19,15,8,17,7,0,3,0,0,5,7,1,0,18,0,0,18,15,11,16,4,17,15,2,4,0,57,5,0,6,20,0,3,0,0,0,0,0,0,0,0,0,0,0,0,3,0,0,2,0,0,0,0,0,0,0,0,0,0,0,0,0,0,0,0,0,0,0,0,0,3,0,0,0,0,0,0,0,0,0,0,0,0,3,0,0,2,0,0,0,0,0,0,0,0,0,0,0,0,0,0,0,0,0,0,0,0,0,0,0,0,0,0,0,0,0,0,0,0,0,0,0,0,0,0,0,0,0,0,0,0,0,0,0,0,0,0,0,0,0,0,0,0,0,0,0,0,0,0,0,0,0,0,0,0,0,0,0,0,0,0,0,0,0,0,0,0,0,0,0,0,0,0,0,0,0,0,0,0,0,0,0,0,0,0,0,0,0,0,0,0,0,0,0,0,0,0,0,0,0,0,0,0,0,0,0,0,0,0,0,0,0,0,0,0,0,0,0,0,0,0,0,0,0,0,0,0,0,0,0,0,0,0,0,0,0,0,0,0,0,0,0,0,0,0,0,0,0,0,0,0,0,0,0,0,0,0,0,0,0,0,0,0,0,0,0,0,0,0,0,0,0,0,0,0,0,0,0,0,0,0,0,0,0,0,0,0,0,0
SRR24907926,18601,359,204,136,141,184,158,49,116,59,2,3,4,15,4,171,48,272,517,546,448,156,79,173,135,71,110,13,0,51,9,4,42,26,32,0,15,13,93,20,0,25,17,0,55,92,201,0,2,22,185,0,83,27,259,32,25,0,14,36,57,202,27,27,107,2,65,35,27,450,0,0,9,10,7,350,3,243,0,214,16,185,181,190,399,84,37,26,39,53,22,3,35,2,0,49,50,3,6,206,74,2,26,0,10,0,14,21,0,314,0,0,0,78,0,6,2,2,5,3874,1477,1308,1264,846,183,127,9,964,62,29,37,0,130,5,185,279,190,5,61,19,10,19,1,719,13,177,96,0,77,52,101,34,40,132,173,191,0,0,6,70,0,13,0,4,36,0,9,19,48,36,0,9,5,4,0,40,11,14,31,164,0,0,9,0,23,20,9,9,29,135,132,19,9,9,2,2,29,50,8,39,3,4,13,4,4,9,0,3,45,4,6,0,33,2,0,37,7,10,8,1,13,3,9,0,0,26,4,0,10,59,359,204,136,141,184,158,49,116,59,2,3,4,15,4,171,48,272,517,546,448,156,79,173,135,71,110,13,0,51,9,4,42,26,32,0,15,13,93,20,0,25,17,0,55,92,201,0,2,22,185,0,83,27,259,32,25,0,14,36,57,202,27,27,107,2,65,35,27,450,0,0,9,10,7,350,3,243,0,214,16,185,181,190,399,84,37,26,39,53,22,3,35,2,0,49,50,3,6,206,74,2,26,0,10,0,14,21,0,314,0,0,0,78,0,6,2,2,5,3874,1477,1308,1264,846,183,127,9,964,62,29,37,0,130,5,185,279,190,5,61,19,10,19,1,719,13,177,96,0,77,52,101,34,40,132,173,191,0,0,6,70,0,13,0,4,36,0,9,19,48,36,0,9,5,4,0,40,11,14,31,164,0,0,9,0,23,20,9,9,29,135,132,19,9,9,2,2,29,50,8,39,3,4,13,4,4,9,0,3,45,4,6,0,33,2,0,37,7,10,8,1,13,3,9,0,0,26,4,0,10,59,4,8,0,0,1,1,0,0,0,0,0,0,0,0,0,0,0,0,0,0,0,0,0,0,0,0,0,0,0,0,0,0,0,0,0,0,0,0,4,8,0,0,1,1,0,0,0,0,0,0,0,0,0,0,0,0,0,0,0,0,0,0,0,0,0,0,0,0,0,0,0,0,0,0,0,0,0,0,0,0,0,0,0,0,0,0,0,0,0,0,0,0,0,0,0,0,0,0,0,0,0,0,0,0,0,0,0,0,0,0,0,0,0,0,0,0,0,0,0,0,0,0,0,0,0,0,0,0,0,0,0,0,0,0,0,0,0,0,0,0,0,0,0,0,0,0,0,0,0,0,0,0,0,0,0,0,0,0,0,0,0,0,0,0,0,0,0,0,0,0,0,0,0,0,0,0,0,0,0,0,0,0,0,0,0,0,0,0,0,0,0,0,0,0,0,0,0,0,0,0,0,0,0,0,0,0,0,0,0,0,0,0,0,0,0,0,0,0,0,0,0,0,0,0,0,0,0,0,0,0,0,0,0,0,0,0,0,0,0,0,0,0,0,0,0,0,0,0,0,0,0,0,0,0,0,0,0,0
SRR24907934,17202,404,193,212,87,154,170,14,107,68,3,0,0,6,4,180,45,158,634,537,345,162,74,196,151,107,118,21,0,61,6,13,48,47,55,0,27,29,94,37,3,36,15,0,66,138,121,0,5,25,206,0,95,10,242,44,26,14,16,14,65,179,45,32,118,0,75,30,10,442,0,0,24,28,13,266,9,238,3,184,31,121,214,247,382,111,42,12,72,92,21,5,41,0,0,48,66,3,0,128,99,3,47,4,1,4,21,31,1,337,0,0,0,64,6,20,3,0,6,3840,1584,1295,1325,927,214,117,26,961,83,54,39,0,56,21,267,280,222,7,70,76,33,24,6,775,14,216,121,2,157,97,169,39,59,108,181,317,0,0,24,84,4,11,0,0,74,0,13,9,19,33,0,7,32,2,1,46,6,17,23,75,0,0,5,0,20,24,5,5,22,50,48,17,5,5,1,0,25,36,10,26,12,10,18,24,3,25,0,0,45,3,5,21,39,0,0,37,9,12,10,6,12,12,5,7,0,41,0,0,16,37,404,193,212,87,154,170,14,107,68,3,0,0,6,4,180,45,158,634,537,345,162,74,196,151,107,118,21,0,61,6,13,48,47,55,0,27,29,94,37,3,36,15,0,66,138,121,0,5,25,206,0,95,10,242,44,26,14,16,14,65,179,45,32,118,0,75,30,10,442,0,0,24,28,13,266,9,238,3,184,31,121,214,247,382,111,42,12,72,92,21,5,41,0,0,48,66,3,0,128,99,3,47,4,1,4,21,31,1,337,0,0,0,64,6,20,3,0,6,3840,1584,1295,1325,927,214,117,26,961,83,54,39,0,56,21,267,280,222,7,70,76,33,24,6,775,14,216,121,2,157,97,169,39,59,108,181,317,0,0,24,84,4,11,0,0,74,0,13,9,19,33,0,7,32,2,1,46,6,17,23,75,0,0,5,0,20,24,5,5,22,50,48,17,5,5,1,0,25,36,10,26,12,10,18,24,3,25,0,0,45,3,5,21,39,0,0,37,9,12,10,6,12,12,5,7,0,41,0,0,16,37,6,4,0,0,0,0,0,0,0,0,0,0,0,0,3,1,0,0,0,0,0,0,0,0,0,0,1,0,2,3,3,0,0,0,0,0,0,0,6,4,0,0,0,0,0,0,0,0,0,0,0,0,3,1,0,0,0,0,0,0,0,0,0,0,1,0,2,3,3,0,0,0,0,0,0,0,0,0,0,0,0,0,0,0,0,0,0,0,0,0,0,0,0,0,0,0,0,0,0,0,0,0,0,0,0,0,0,0,0,0,0,0,0,0,0,0,0,0,0,0,0,0,0,0,0,0,0,0,0,0,0,0,0,0,0,0,0,0,0,0,0,0,0,0,0,0,0,0,0,0,0,0,0,0,0,0,0,0,0,0,0,0,0,0,0,0,0,0,0,0,0,0,0,0,0,0,0,0,0,0,0,0,0,0,0,0,0,0,0,0,0,0,0,0,0,0,0,0,0,0,0,0,0,0,0,0,0,0,0,0,0,0,0,0,0,0,0,0,0,0,0,0,0,0,0,0,0,0,0,0,0,0,0,0,0,0,0,0,0,0,0,0,0,0,0,0,0,0,0,0,0,0,0,0,0,0,0,0
SRR24907935,13177,388,155,214,77,153,68,19,78,35,0,3,3,10,0,124,22,199,428,363,313,126,39,141,127,82,77,8,0,65,10,8,21,44,43,0,2,14,110,41,0,20,5,2,28,114,130,0,5,8,144,0,45,7,170,31,12,11,10,7,46,152,18,17,35,0,25,11,7,337,0,0,13,16,7,233,4,173,0,171,21,121,214,204,329,90,37,17,55,72,7,0,9,0,0,25,24,0,0,128,67,0,40,4,0,4,21,32,0,183,0,0,0,51,2,6,0,0,8,2900,1245,1101,1090,798,149,77,13,875,86,30,42,0,92,5,146,185,150,4,51,11,11,19,7,310,5,130,80,0,48,71,71,30,38,59,95,109,0,0,6,88,3,9,0,8,29,0,0,3,11,28,2,5,28,0,2,16,2,23,30,71,0,0,2,0,5,7,2,2,28,63,61,10,2,2,2,0,30,31,15,16,0,14,11,0,0,28,0,3,22,2,5,0,20,0,0,14,14,2,14,6,21,0,2,2,0,54,9,0,17,50,388,155,214,77,153,68,19,78,35,0,3,3,10,0,124,22,199,428,363,313,126,39,141,127,82,77,8,0,65,10,8,21,44,43,0,2,14,110,41,0,20,5,2,28,114,130,0,5,8,144,0,45,7,170,31,12,11,10,7,46,152,18,17,35,0,25,11,7,337,0,0,13,16,7,233,4,173,0,171,21,121,214,204,329,90,37,17,55,72,7,0,9,0,0,25,24,0,0,128,67,0,40,4,0,4,21,32,0,183,0,0,0,51,2,6,0,0,8,2900,1245,1101,1090,798,149,77,13,875,86,30,42,0,92,5,146,185,150,4,51,11,11,19,7,310,5,130,80,0,48,71,71,30,38,59,95,109,0,0,6,88,3,9,0,8,29,0,0,3,11,28,2,5,28,0,2,16,2,23,30,71,0,0,2,0,5,7,2,2,28,63,61,10,2,2,2,0,30,31,15,16,0,14,11,0,0,28,0,3,22,2,5,0,20,0,0,14,14,2,14,6,21,0,2,2,0,54,9,0,17,50,0,0,0,0,0,0,0,0,0,0,0,0,0,0,0,1,0,0,2,0,2,0,0,4,0,0,1,0,0,2,2,0,0,0,0,0,0,0,0,0,0,0,0,0,0,0,0,0,0,0,0,0,0,1,0,0,2,0,2,0,0,4,0,0,1,0,0,2,2,0,0,0,0,0,0,0,0,0,0,0,0,0,0,0,0,0,0,0,0,0,0,0,0,0,0,0,0,0,0,0,0,0,0,0,0,0,0,0,0,0,0,0,0,0,0,0,0,0,0,0,0,0,0,0,0,0,0,0,0,0,0,0,0,0,0,0,0,0,0,0,0,0,0,0,0,0,0,0,0,0,0,0,0,0,0,0,0,0,0,0,0,0,0,0,0,0,0,0,0,0,0,0,0,0,0,0,0,0,0,0,0,0,0,0,0,0,0,0,0,0,0,0,0,0,0,0,0,0,0,0,0,0,0,0,0,0,0,0,0,0,0,0,0,0,0,0,0,0,0,0,0,0,0,0,0,0,0,0,0,0,0,0,0,0,0,0,0,0,0,0,0,0,0,0,0,0,0,0,0,0,0,0,0,0,0,0,0,0
SRR24907936,34986,729,316,470,183,433,268,56,231,110,7,10,12,13,3,348,106,501,1238,1067,887,343,95,482,358,334,243,34,4,151,17,20,69,88,98,0,28,46,185,73,2,63,56,3,92,339,393,0,5,40,430,0,126,9,500,103,48,32,30,31,152,490,82,65,122,0,98,54,9,748,2,1,13,15,25,650,16,445,3,347,89,301,535,425,680,259,67,54,179,293,25,0,78,2,0,109,100,4,0,353,199,4,122,4,6,4,48,75,2,681,0,0,0,241,6,7,3,0,20,8127,3341,2678,2628,1811,512,260,14,2221,220,108,121,0,236,21,477,599,452,10,156,34,32,31,6,1455,27,399,212,7,206,242,328,32,98,208,281,539,0,0,24,172,0,27,0,22,90,8,12,14,36,35,0,5,39,0,0,62,20,54,26,216,0,0,5,0,16,17,5,5,23,170,166,38,5,5,2,0,22,73,16,56,0,22,21,17,5,21,0,4,77,10,5,16,49,0,0,70,15,9,15,6,59,0,5,3,7,87,24,0,29,123,729,316,470,183,433,268,56,231,110,7,10,12,13,3,348,106,501,1238,1067,887,343,95,482,358,334,243,34,4,151,17,20,69,88,98,0,28,46,185,73,2,63,56,3,92,339,393,0,5,40,430,0,126,9,500,103,48,32,30,31,152,490,82,65,122,0,98,54,9,748,2,1,13,15,25,650,16,445,3,347,89,301,535,425,680,259,67,54,179,293,25,0,78,2,0,109,100,4,0,353,199,4,122,4,6,4,48,75,2,681,0,0,0,241,6,7,3,0,20,8127,3341,2678,2628,1811,512,260,14,2221,220,108,121,0,236,21,477,599,452,10,156,34,32,31,6,1455,27,399,212,7,206,242,328,32,98,208,281,539,0,0,24,172,0,27,0,22,90,8,12,14,36,35,0,5,39,0,0,62,20,54,26,216,0,0,5,0,16,17,5,5,23,170,166,38,5,5,2,0,22,73,16,56,0,22,21,17,5,21,0,4,77,10,5,16,49,0,0,70,15,9,15,6,59,0,5,3,7,87,24,0,29,123,8,0,0,0,0,0,0,0,0,0,0,0,2,0,0,0,0,0,0,2,0,0,2,0,0,2,1,0,0,5,5,0,0,0,0,0,0,0,8,0,0,0,0,0,0,0,0,0,0,0,2,0,0,0,0,0,0,2,0,0,2,0,0,2,1,0,0,5,5,0,0,0,0,0,0,0,0,0,0,0,0,0,0,0,0,0,0,0,0,0,0,0,0,0,0,0,0,0,0,0,0,0,0,0,0,0,0,0,0,0,0,0,0,0,0,0,0,0,0,0,0,0,0,0,0,0,0,0,0,0,0,0,0,0,0,0,0,0,0,0,0,0,0,0,0,0,0,0,0,0,0,0,0,0,0,0,0,0,0,0,0,0,0,0,0,0,0,0,0,0,0,0,0,0,0,0,0,0,0,0,0,0,0,0,0,0,0,0,0,0,0,0,0,0,0,0,0,0,0,0,0,0,0,0,0,0,0,0,0,0,0,0,0,0,0,0,0,0,0,0,0,0,0,0,0,0,0,0,0,0,0,0,0,0,0,0,0,0,0,0,0,0,0,0,0,0,0,0,0,0,0,0,0,0,0,0,0,0
SRR24907940,7231,186,141,121,71,90,111,32,33,18,2,11,13,6,0,67,18,72,279,307,138,51,16,89,95,46,40,2,0,39,7,3,14,23,30,0,7,9,52,23,0,14,0,0,14,69,50,0,0,76,89,0,78,0,166,12,10,2,6,5,20,65,9,4,21,0,69,5,0,220,0,0,0,0,10,139,0,186,0,130,4,55,117,103,263,48,12,10,30,45,3,1,5,0,0,21,13,0,0,48,39,0,27,0,2,0,13,21,0,101,0,0,0,41,0,3,2,0,2,1883,713,712,618,523,161,37,0,486,30,16,39,0,37,3,79,75,54,0,14,4,0,2,3,260,8,94,50,0,74,17,30,15,18,17,126,138,0,0,3,45,0,2,0,0,10,0,0,4,8,87,0,2,5,0,0,7,4,6,13,31,0,0,2,0,2,5,2,2,11,27,26,6,2,2,0,0,11,15,7,8,0,4,0,0,0,9,0,0,35,0,0,2,9,0,0,6,6,2,7,3,13,0,2,0,0,27,0,0,10,14,186,141,121,71,90,111,32,33,18,2,11,13,6,0,67,18,72,279,307,138,51,16,89,95,46,40,2,0,39,7,3,14,23,30,0,7,9,52,23,0,14,0,0,14,69,50,0,0,76,89,0,78,0,166,12,10,2,6,5,20,65,9,4,21,0,69,5,0,220,0,0,0,0,10,139,0,186,0,130,4,55,117,103,263,48,12,10,30,45,3,1,5,0,0,21,13,0,0,48,39,0,27,0,2,0,13,21,0,101,0,0,0,41,0,3,2,0,2,1883,713,712,618,523,161,37,0,486,30,16,39,0,37,3,79,75,54,0,14,4,0,2,3,260,8,94,50,0,74,17,30,15,18,17,126,138,0,0,3,45,0,2,0,0,10,0,0,4,8,87,0,2,5,0,0,7,4,6,13,31,0,0,2,0,2,5,2,2,11,27,26,6,2,2,0,0,11,15,7,8,0,4,0,0,0,9,0,0,35,0,0,2,9,0,0,6,6,2,7,3,13,0,2,0,0,27,0,0,10,14,0,0,0,0,0,0,0,0,0,0,0,0,0,0,0,0,0,0,0,0,0,0,0,0,0,0,0,0,0,0,0,0,0,0,0,0,0,0,0,0,0,0,0,0,0,0,0,0,0,0,0,0,0,0,0,0,0,0,0,0,0,0,0,0,0,0,0,0,0,0,0,0,0,0,0,0,0,0,0,0,0,0,0,0,0,0,0,0,0,0,0,0,0,0,0,0,0,0,0,0,0,0,0,0,0,0,0,0,0,0,0,0,0,0,0,0,0,0,0,0,0,0,0,0,0,0,0,0,0,0,0,0,0,0,0,0,0,0,0,0,0,0,0,0,0,0,0,0,0,0,0,0,0,0,0,0,0,0,0,0,0,0,0,0,0,0,0,0,0,0,0,0,0,0,0,0,0,0,0,0,0,0,0,0,0,0,0,0,0,0,0,0,0,0,0,0,0,0,0,0,0,0,0,0,0,0,0,0,0,0,0,0,0,0,0,0,0,0,0,0,0,0,0,0,0,0,0,0,0,0,0,0,0,0,0,0,0,0,0,0,0,0,0,0,0,0,0,0,0,0,0,0,0,0,0,0,0,0
SRR24907986,5799,123,69,79,46,69,55,12,21,26,3,4,5,0,1,70,24,91,181,200,106,41,12,62,80,25,30,7,0,37,15,0,10,16,14,0,4,20,36,15,1,12,0,0,7,32,62,0,0,0,100,0,30,0,89,14,8,5,6,0,10,48,5,4,19,0,19,5,0,125,0,0,3,3,6,118,0,106,0,84,4,20,83,60,120,23,16,17,16,28,1,0,0,0,0,10,7,0,0,48,27,0,15,0,0,0,7,13,0,98,0,0,0,38,0,0,0,0,5,1283,471,428,433,349,59,26,2,314,38,0,22,0,14,0,103,62,49,0,16,4,0,0,0,171,17,51,31,0,43,23,31,16,6,57,90,69,0,0,0,18,0,7,0,0,14,0,3,0,4,14,0,3,13,2,0,7,1,5,16,33,0,0,0,0,0,0,0,0,16,21,21,7,0,0,0,0,16,16,6,12,0,0,21,4,0,0,0,2,2,0,2,0,2,0,0,6,6,0,6,0,11,0,0,0,0,18,0,0,2,21,123,69,79,46,69,55,12,21,26,3,4,5,0,1,70,24,91,181,200,106,41,12,62,80,25,30,7,0,37,15,0,10,16,14,0,4,20,36,15,1,12,0,0,7,32,62,0,0,0,100,0,30,0,89,14,8,5,6,0,10,48,5,4,19,0,19,5,0,125,0,0,3,3,6,118,0,106,0,84,4,20,83,60,120,23,16,17,16,28,1,0,0,0,0,10,7,0,0,48,27,0,15,0,0,0,7,13,0,98,0,0,0,38,0,0,0,0,5,1283,471,428,433,349,59,26,2,314,38,0,22,0,14,0,103,62,49,0,16,4,0,0,0,171,17,51,31,0,43,23,31,16,6,57,90,69,0,0,0,18,0,7,0,0,14,0,3,0,4,14,0,3,13,2,0,7,1,5,16,33,0,0,0,0,0,0,0,0,16,21,21,7,0,0,0,0,16,16,6,12,0,0,21,4,0,0,0,2,2,0,2,0,2,0,0,6,6,0,6,0,11,0,0,0,0,18,0,0,2,21,0,0,0,0,0,0,0,0,0,0,0,0,0,0,0,0,0,0,0,0,0,0,0,0,0,0,0,0,0,0,0,0,0,0,0,0,0,0,0,0,0,0,0,0,0,0,0,0,0,0,0,0,0,0,0,0,0,0,0,0,0,0,0,0,0,0,0,0,0,0,0,0,0,0,0,0,0,0,0,0,0,0,0,0,0,0,0,0,0,0,0,0,0,0,0,0,0,0,0,0,0,0,0,0,0,0,0,0,0,0,0,0,0,0,0,0,0,0,0,0,0,0,0,0,0,0,0,0,0,0,0,0,0,0,0,0,0,0,0,0,0,0,0,0,0,0,0,0,0,0,0,0,0,0,0,0,0,0,0,0,0,0,0,0,0,0,0,0,0,0,0,0,0,0,0,0,0,0,0,0,0,0,0,0,0,0,0,0,0,0,0,0,0,0,0,0,0,0,0,0,0,0,0,0,0,0,0,0,0,0,0,0,0,0,0,0,0,0,0,0,0,0,0,0,0,0,0,0,0,0,0,0,0,0,0,0,0,0,0,0,0,0,0,0,0,0,0,0,0,0,0,0,0,0,0,0,0,0
SRR24907998,41472,881,503,396,302,339,217,61,250,324,7,3,4,36,5,607,129,511,1269,976,712,533,112,513,399,223,209,76,4,190,15,14,109,142,159,0,30,76,288,127,6,122,26,1,105,204,198,0,10,24,483,0,107,28,556,58,33,18,18,43,62,278,53,30,175,5,85,46,28,993,2,1,13,15,29,805,2,643,2,519,71,331,527,402,963,182,64,55,84,227,28,12,29,5,3,99,62,5,16,248,208,5,83,27,1,27,78,124,3,668,3,0,3,157,4,28,3,2,0,8309,3616,2934,3077,2320,504,288,15,2219,201,63,87,0,192,22,452,434,661,20,158,14,13,20,8,1954,34,528,156,3,334,150,324,249,165,207,441,525,0,0,26,198,9,25,0,11,86,0,86,49,42,209,0,22,40,4,5,64,23,45,241,215,0,0,14,0,31,27,14,14,233,118,115,73,14,14,2,0,246,153,61,90,3,18,23,38,5,44,0,3,44,10,4,11,47,0,0,46,57,14,60,7,32,3,14,2,0,183,10,0,73,122,881,503,396,302,339,217,61,250,324,7,3,4,36,5,607,129,511,1269,976,712,533,112,513,399,223,209,76,4,190,15,14,109,142,159,0,30,76,288,127,6,122,26,1,105,204,198,0,10,24,483,0,107,28,556,58,33,18,18,43,62,278,53,30,175,5,85,46,28,993,2,1,13,15,29,805,2,643,2,519,71,331,527,402,963,182,64,55,84,227,28,12,29,5,3,99,62,5,16,248,208,5,83,27,1,27,78,124,3,668,3,0,3,157,4,28,3,2,0,8309,3616,2934,3077,2320,504,288,15,2219,201,63,87,0,192,22,452,434,661,20,158,14,13,20,8,1954,34,528,156,3,334,150,324,249,165,207,441,525,0,0,26,198,9,25,0,11,86,0,86,49,42,209,0,22,40,4,5,64,23,45,241,215,0,0,14,0,31,27,14,14,233,118,115,73,14,14,2,0,246,153,61,90,3,18,23,38,5,44,0,3,44,10,4,11,47,0,0,46,57,14,60,7,32,3,14,2,0,183,10,0,73,122,9,6,0,0,1,1,5,5,5,0,0,2,2,0,0,4,5,0,0,0,0,2,0,0,5,0,4,0,0,0,0,0,0,0,5,0,0,0,9,6,0,0,1,1,5,5,5,0,0,2,2,0,0,4,5,0,0,0,0,2,0,0,5,0,4,0,0,0,0,0,0,0,5,0,0,0,0,0,0,0,0,0,0,0,0,0,0,0,0,0,0,0,0,0,0,0,0,0,0,0,0,0,0,0,0,0,0,0,0,0,0,0,0,0,0,0,0,0,0,0,0,0,0,0,0,0,0,0,0,0,0,0,0,0,0,0,0,0,0,0,0,0,0,0,0,0,0,0,0,0,0,0,0,0,0,0,0,0,0,0,0,0,0,0,0,0,0,0,0,0,0,0,0,0,0,0,0,0,0,0,0,0,0,0,0,0,0,0,0,0,0,0,0,0,0,0,0,0,0,0,0,0,0,0,0,0,0,0,0,0,0,0,0,0,0,0,0,0,0,0,0,0,0,0,0,0,0,0,0,0,0,0,0,0,0,0,0,0,0,0,0,0,0,0,0,0,0,0,0,0,0,0,0,0,0,0,0,0
SRR24908003,14998,282,123,185,80,143,87,33,96,27,0,0,0,4,1,143,38,212,514,517,390,87,27,147,153,98,71,3,0,71,19,8,40,39,38,0,0,16,75,32,0,17,9,0,22,169,133,0,2,2,134,0,76,7,186,10,10,0,5,7,69,158,25,3,43,0,50,29,7,299,0,0,3,4,11,281,1,183,0,139,20,124,184,165,300,88,21,15,40,77,4,0,16,0,0,22,5,0,0,156,68,0,59,0,0,0,21,33,0,230,0,0,0,77,0,3,0,0,2,3140,1163,1021,967,704,163,97,5,852,95,28,46,0,130,2,134,234,90,11,42,6,4,2,2,405,9,118,121,0,67,76,82,14,30,73,121,232,0,0,2,62,0,10,0,0,35,0,0,10,17,18,0,7,5,0,0,13,3,19,15,73,0,0,6,0,13,11,6,6,15,72,70,2,6,6,0,0,15,15,10,14,0,0,6,0,7,0,0,2,19,2,4,7,13,0,0,13,9,6,9,2,37,0,6,0,2,28,0,0,7,55,282,123,185,80,143,87,33,96,27,0,0,0,4,1,143,38,212,514,517,390,87,27,147,153,98,71,3,0,71,19,8,40,39,38,0,0,16,75,32,0,17,9,0,22,169,133,0,2,2,134,0,76,7,186,10,10,0,5,7,69,158,25,3,43,0,50,29,7,299,0,0,3,4,11,281,1,183,0,139,20,124,184,165,300,88,21,15,40,77,4,0,16,0,0,22,5,0,0,156,68,0,59,0,0,0,21,33,0,230,0,0,0,77,0,3,0,0,2,3140,1163,1021,967,704,163,97,5,852,95,28,46,0,130,2,134,234,90,11,42,6,4,2,2,405,9,118,121,0,67,76,82,14,30,73,121,232,0,0,2,62,0,10,0,0,35,0,0,10,17,18,0,7,5,0,0,13,3,19,15,73,0,0,6,0,13,11,6,6,15,72,70,2,6,6,0,0,15,15,10,14,0,0,6,0,7,0,0,2,19,2,4,7,13,0,0,13,9,6,9,2,37,0,6,0,2,28,0,0,7,55,0,0,0,0,0,0,0,0,0,0,0,0,0,0,0,0,0,0,0,0,0,0,0,0,0,0,0,0,0,0,0,0,0,0,0,0,0,0,0,0,0,0,0,0,0,0,0,0,0,0,0,0,0,0,0,0,0,0,0,0,0,0,0,0,0,0,0,0,0,0,0,0,0,0,0,0,0,0,0,0,0,0,0,0,0,0,0,0,0,0,0,0,0,0,0,0,0,0,0,0,0,0,0,0,0,0,0,0,0,0,0,0,0,0,0,0,0,0,0,0,0,0,0,0,0,0,0,0,0,0,0,0,0,0,0,0,0,0,0,0,0,0,0,0,0,0,0,0,0,0,0,0,0,0,0,0,0,0,0,0,0,0,0,0,0,0,0,0,0,0,0,0,0,0,0,0,0,0,0,0,0,0,0,0,0,0,0,0,0,0,0,0,0,0,0,0,0,0,0,0,0,0,0,0,0,0,0,0,0,0,0,0,0,0,0,0,0,0,0,0,0,0,0,0,0,0,0,0,0,0,0,0,0,0,0,0,0,0,0,0,0,0,0,0,0,0,0,0,0,0,0,0,0,0,0,0,0,0
SRR24908017,80386,1442,764,800,586,918,671,122,435,315,0,17,22,29,2,973,367,985,2689,2372,1890,790,213,922,705,474,518,53,7,304,72,21,284,175,212,1,44,153,437,146,2,110,182,4,269,656,542,0,15,55,1218,0,332,37,1252,229,174,29,109,62,229,790,226,128,576,2,305,145,37,1868,9,12,34,37,55,1531,9,1248,15,938,153,647,1068,1004,1681,430,149,179,296,362,79,13,166,11,3,280,131,4,6,739,504,3,258,14,17,14,74,144,5,1694,3,0,3,399,5,54,4,8,17,18389,7433,6063,5988,4145,956,494,76,4751,408,124,169,0,455,36,1134,1216,1030,26,362,143,140,68,13,3476,121,856,423,22,556,302,502,224,255,661,878,1174,0,0,42,274,0,44,0,14,262,0,55,150,109,161,0,32,33,0,0,128,57,44,162,497,0,0,29,2,69,100,29,29,156,311,304,110,29,29,16,0,159,213,45,172,2,22,72,38,0,40,0,10,142,47,27,0,204,3,0,127,42,28,45,12,29,2,29,4,0,147,13,0,68,222,1442,764,800,586,918,671,122,435,315,0,17,22,29,2,973,367,985,2689,2372,1890,790,213,922,705,474,518,53,7,304,72,21,284,175,212,1,44,153,437,146,2,110,182,4,269,656,542,0,15,55,1218,0,332,37,1252,229,174,29,109,62,229,790,226,128,576,2,305,145,37,1868,9,12,34,37,55,1531,9,1248,15,938,153,647,1068,1004,1681,430,149,179,296,362,79,13,166,11,3,280,131,4,6,739,504,3,258,14,17,14,74,144,5,1694,3,0,3,399,5,54,4,8,17,18389,7433,6063,5988,4145,956,494,76,4751,408,124,169,0,455,36,1134,1216,1030,26,362,143,140,68,13,3476,121,856,423,22,556,302,502,224,255,661,878,1174,0,0,42,274,0,44,0,14,262,0,55,150,109,161,0,32,33,0,0,128,57,44,162,497,0,0,29,2,69,100,29,29,156,311,304,110,29,29,16,0,159,213,45,172,2,22,72,38,0,40,0,10,142,47,27,0,204,3,0,127,42,28,45,12,29,2,29,4,0,147,13,0,68,222,2,12,0,0,5,5,2,2,2,3,0,0,0,0,0,0,0,7,0,0,0,0,0,0,0,0,0,0,0,0,0,0,0,0,0,0,0,0,2,12,0,0,5,5,2,2,2,3,0,0,0,0,0,0,0,7,0,0,0,0,0,0,0,0,0,0,0,0,0,0,0,0,0,0,0,0,0,0,0,0,0,0,0,0,0,0,0,0,0,0,0,0,0,0,0,0,0,0,0,0,0,0,0,0,0,0,0,0,0,0,0,0,0,0,0,0,0,0,0,0,0,0,0,0,0,0,0,0,0,0,0,0,0,0,0,0,0,0,0,0,0,0,0,0,0,0,0,0,0,0,0,0,0,0,0,0,0,0,0,0,0,0,0,0,0,0,0,0,0,0,0,0,0,0,0,0,0,0,0,0,0,0,0,0,0,0,0,0,0,0,0,0,0,0,0,0,0,0,0,0,0,0,0,0,0,0,0,0,0,0,0,0,0,0,0,0,0,0,0,0,0,0,0,0,0,0,0,0,0,0,0,0,0,0,0,0,0,0,0,0,0,0,0,0,0,0,0,0,0,0,0,0,0,0,0,0,0,0
SRR24908035,73933,1275,652,819,370,788,590,127,253,140,5,7,9,51,0,693,285,683,2540,2010,1671,508,176,763,446,334,394,27,5,189,41,25,178,114,84,0,21,71,217,84,5,81,126,13,200,582,477,0,10,28,824,0,335,67,1149,205,106,53,92,71,185,796,250,164,520,11,287,188,67,1556,5,6,36,41,15,1021,19,699,7,644,108,354,915,814,1290,513,62,142,314,368,47,2,91,2,0,320,196,17,20,623,336,17,167,0,7,0,41,71,1,1364,0,0,0,422,9,26,2,2,36,15181,6134,4694,4592,3110,703,281,77,3721,425,204,189,0,160,39,1331,1118,1174,23,280,256,139,76,28,2891,11,751,402,8,509,376,867,105,200,555,635,938,0,3,48,278,13,41,0,22,256,0,48,48,131,62,0,12,66,0,12,171,97,83,26,381,0,0,10,0,65,108,10,10,25,285,278,78,10,10,8,11,25,158,23,104,19,41,38,30,54,23,3,12,96,44,30,3,264,0,0,170,21,22,22,25,84,19,10,4,2,121,25,0,4,140,1275,652,819,370,788,590,127,253,140,5,7,9,51,0,693,285,683,2540,2010,1671,508,176,763,446,334,394,27,5,189,41,25,178,114,84,0,21,71,217,84,5,81,126,13,200,582,477,0,10,28,824,0,335,67,1149,205,106,53,92,71,185,796,250,164,520,11,287,188,67,1556,5,6,36,41,15,1021,19,699,7,644,108,354,915,814,1290,513,62,142,314,368,47,2,91,2,0,320,196,17,20,623,336,17,167,0,7,0,41,71,1,1364,0,0,0,422,9,26,2,2,36,15181,6134,4694,4592,3110,703,281,77,3721,425,204,189,0,160,39,1331,1118,1174,23,280,256,139,76,28,2891,11,751,402,8,509,376,867,105,200,555,635,938,0,3,48,278,13,41,0,22,256,0,48,48,131,62,0,12,66,0,12,171,97,83,26,381,0,0,10,0,65,108,10,10,25,285,278,78,10,10,8,11,25,158,23,104,19,41,38,30,54,23,3,12,96,44,30,3,264,0,0,170,21,22,22,25,84,19,10,4,2,121,25,0,4,140,10,0,0,0,3,3,3,0,0,0,0,0,2,3,0,8,0,0,0,0,0,0,0,0,0,0,8,0,0,0,0,0,0,0,0,0,0,0,10,0,0,0,3,3,3,0,0,0,0,0,2,3,0,8,0,0,0,0,0,0,0,0,0,0,8,0,0,0,0,0,0,0,0,0,0,0,0,0,0,0,0,0,0,0,0,0,0,0,0,0,0,0,0,0,0,0,0,0,0,0,0,0,0,0,0,0,0,0,0,0,0,0,0,0,0,0,0,0,0,0,0,0,0,0,0,0,0,0,0,0,0,0,0,0,0,0,0,0,0,0,0,0,0,0,0,0,0,0,0,0,0,0,0,0,0,0,0,0,0,0,0,0,0,0,0,0,0,0,0,0,0,0,0,0,0,0,0,0,0,0,0,0,0,0,0,0,0,0,0,0,0,0,0,0,0,0,0,0,0,0,0,0,0,0,0,0,0,0,0,0,0,0,0,0,0,0,0,0,0,0,0,0,0,0,0,0,0,0,0,0,0,0,0,0,0,0,0,0,0,0,0,0,0,0,0,0,0,0,0,0,0,0,0,0,0,0,0,0
SRR24908053,22446,581,212,232,216,255,111,43,130,125,0,7,8,49,0,247,65,286,641,537,457,273,39,259,273,131,76,9,0,93,7,11,35,67,113,2,33,73,120,57,2,79,15,5,41,158,141,0,7,5,253,0,29,0,373,63,12,44,12,5,27,156,49,26,64,2,24,17,0,526,4,4,7,0,4,549,2,411,3,226,25,276,369,321,584,142,26,22,64,138,16,1,15,2,0,99,39,0,2,162,112,1,49,20,2,20,42,58,2,308,0,0,0,129,6,11,0,0,5,4720,2082,1911,1764,1465,211,138,15,1292,77,22,43,0,167,32,184,295,281,6,131,29,21,9,3,943,2,455,87,0,149,74,96,128,98,103,173,370,0,0,36,219,9,7,0,7,53,0,14,9,12,99,0,8,29,0,6,57,12,27,115,158,0,0,2,0,13,22,2,2,113,84,82,57,2,2,1,2,120,98,29,74,6,27,16,4,3,70,0,0,69,2,8,4,48,2,0,34,27,5,28,3,7,6,2,0,0,87,7,0,49,73,581,212,232,216,255,111,43,130,125,0,7,8,49,0,247,65,286,641,537,457,273,39,259,273,131,76,9,0,93,7,11,35,67,113,2,33,73,120,57,2,79,15,5,41,158,141,0,7,5,253,0,29,0,373,63,12,44,12,5,27,156,49,26,64,2,24,17,0,526,4,4,7,0,4,549,2,411,3,226,25,276,369,321,584,142,26,22,64,138,16,1,15,2,0,99,39,0,2,162,112,1,49,20,2,20,42,58,2,308,0,0,0,129,6,11,0,0,5,4720,2082,1911,1764,1465,211,138,15,1292,77,22,43,0,167,32,184,295,281,6,131,29,21,9,3,943,2,455,87,0,149,74,96,128,98,103,173,370,0,0,36,219,9,7,0,7,53,0,14,9,12,99,0,8,29,0,6,57,12,27,115,158,0,0,2,0,13,22,2,2,113,84,82,57,2,2,1,2,120,98,29,74,6,27,16,4,3,70,0,0,69,2,8,4,48,2,0,34,27,5,28,3,7,6,2,0,0,87,7,0,49,73,0,0,0,0,3,3,0,0,0,0,0,0,0,0,0,5,0,0,0,0,0,0,0,0,0,0,5,0,0,0,0,0,0,0,0,0,0,0,0,0,0,0,3,3,0,0,0,0,0,0,0,0,0,5,0,0,0,0,0,0,0,0,0,0,5,0,0,0,0,0,0,0,0,0,0,0,0,0,0,0,0,0,0,0,0,0,0,0,0,0,0,0,0,0,0,0,0,0,0,0,0,0,0,0,0,0,0,0,0,0,0,0,0,0,0,0,0,0,0,0,0,0,0,0,0,0,0,0,0,0,0,0,0,0,0,0,0,0,0,0,0,0,0,0,0,0,0,0,0,0,0,0,0,0,0,0,0,0,0,0,0,0,0,0,0,0,0,0,0,0,0,0,0,0,0,0,0,0,0,0,0,0,0,0,0,0,0,0,0,0,0,0,0,0,0,0,0,0,0,0,0,0,0,0,0,0,0,0,0,0,0,0,0,0,0,0,0,0,0,0,0,0,0,0,0,0,0,0,0,0,0,0,0,0,0,0,0,0,0,0,0,0,0,0,0,0,0,0,0,0,0,0,0,0,0,0,0,0
SRR24908055,30195,568,262,338,218,321,199,59,167,131,7,7,8,20,5,349,117,355,932,897,605,299,71,328,288,163,158,42,0,126,19,20,84,64,76,0,19,57,144,47,2,67,36,2,98,214,215,0,16,48,330,0,124,8,488,85,66,15,36,21,88,335,79,24,165,4,84,28,8,605,0,0,18,15,10,551,6,409,13,298,40,274,407,347,572,231,61,60,103,179,33,5,49,0,4,118,83,8,8,263,148,5,79,6,5,6,29,46,2,648,4,2,4,158,12,9,5,0,22,6591,2525,2122,2071,1424,303,173,23,1604,189,79,90,0,184,26,472,460,403,9,110,41,40,26,5,1365,21,448,167,4,218,157,210,66,96,231,307,402,0,0,30,125,8,13,0,3,116,6,55,25,44,47,0,3,21,10,7,104,29,22,23,162,0,0,3,0,21,45,3,3,21,119,117,32,3,3,0,0,22,60,15,56,3,11,32,21,5,23,0,3,81,9,12,7,64,0,0,96,14,4,15,5,34,3,3,5,0,56,2,0,24,69,568,262,338,218,321,199,59,167,131,7,7,8,20,5,349,117,355,932,897,605,299,71,328,288,163,158,42,0,126,19,20,84,64,76,0,19,57,144,47,2,67,36,2,98,214,215,0,16,48,330,0,124,8,488,85,66,15,36,21,88,335,79,24,165,4,84,28,8,605,0,0,18,15,10,551,6,409,13,298,40,274,407,347,572,231,61,60,103,179,33,5,49,0,4,118,83,8,8,263,148,5,79,6,5,6,29,46,2,648,4,2,4,158,12,9,5,0,22,6591,2525,2122,2071,1424,303,173,23,1604,189,79,90,0,184,26,472,460,403,9,110,41,40,26,5,1365,21,448,167,4,218,157,210,66,96,231,307,402,0,0,30,125,8,13,0,3,116,6,55,25,44,47,0,3,21,10,7,104,29,22,23,162,0,0,3,0,21,45,3,3,21,119,117,32,3,3,0,0,22,60,15,56,3,11,32,21,5,23,0,3,81,9,12,7,64,0,0,96,14,4,15,5,34,3,3,5,0,56,2,0,24,69,4,5,0,0,0,0,6,4,4,0,0,5,0,0,0,6,0,1,0,0,0,0,0,0,0,0,6,0,0,0,0,2,2,2,0,2,2,2,4,5,0,0,0,0,6,4,4,0,0,5,0,0,0,6,0,1,0,0,0,0,0,0,0,0,6,0,0,0,0,2,2,2,0,2,2,2,0,0,0,0,0,0,0,0,0,0,0,0,0,0,0,0,0,0,0,0,0,0,0,0,0,0,0,0,0,0,0,0,0,0,0,0,0,0,0,0,0,0,0,0,0,0,0,0,0,0,0,0,0,0,0,0,0,0,0,0,0,0,0,0,0,0,0,0,0,0,0,0,0,0,0,0,0,0,0,0,0,0,0,0,0,0,0,0,0,0,0,0,0,0,0,0,0,0,0,0,0,0,0,0,0,0,0,0,0,0,0,0,0,0,0,0,0,0,0,0,0,0,0,0,0,0,0,0,0,0,0,0,0,0,0,0,0,0,0,0,0,0,0,0,0,0,0,0,0,0,0,0,0,0,0,0,0,0,0,0,0,0,0,0,0,0,0,0,0,0,0,0,0,0,0,0,0,0,0,0,0,0
ERR911956,79098,1504,556,1250,576,851,1099,257,403,185,5,39,47,81,28,779,259,743,2765,2197,1555,1308,303,1005,144,761,693,122,15,360,48,107,285,254,276,15,28,30,851,367,12,268,162,24,345,341,82,0,41,193,1116,0,370,35,1250,591,359,157,123,54,201,442,190,94,282,0,307,90,35,1127,2,1,52,36,20,705,30,435,7,464,294,302,1313,630,879,314,257,153,379,766,367,29,297,42,22,264,257,4,25,534,336,60,266,0,8,0,168,236,49,1351,23,4,23,290,24,144,16,4,46,17218,7859,5096,6718,3316,1175,396,90,5041,324,156,228,0,156,140,951,853,1045,23,239,102,112,123,23,3164,87,1194,316,6,872,468,795,119,332,700,809,1073,0,5,140,209,29,33,16,10,354,8,122,79,49,174,0,50,36,3,26,396,132,3,118,297,0,0,36,0,125,116,36,36,90,174,188,68,36,36,6,0,98,132,63,155,10,87,44,31,0,44,5,0,237,101,14,28,258,8,0,290,62,42,67,20,41,10,36,6,0,117,9,0,10,138,1504,556,1250,576,851,1099,257,403,185,5,39,47,81,28,779,259,743,2765,2197,1555,1308,303,1005,144,761,693,122,15,360,48,107,285,254,276,15,28,30,851,367,12,268,162,24,345,341,82,0,41,193,1116,0,370,35,1250,591,359,157,123,54,201,442,190,94,282,0,307,90,35,1127,2,1,52,36,20,705,30,435,7,464,294,302,1313,630,879,314,257,153,379,766,367,29,297,42,22,264,257,4,25,534,336,60,266,0,8,0,168,236,49,1351,23,4,23,290,24,144,16,4,46,17218,7859,5096,6718,3316,1175,396,90,5041,324,156,228,0,156,140,951,853,1045,23,239,102,112,123,23,3164,87,1194,316,6,872,468,795,119,332,700,809,1073,0,5,140,209,29,33,16,10,354,8,122,79,49,174,0,50,36,3,26,396,132,3,118,297,0,0,36,0,125,116,36,36,90,174,188,68,36,36,6,0,98,132,63,155,10,87,44,31,0,44,5,0,237,101,14,28,258,8,0,290,62,42,67,20,41,10,36,6,0,117,9,0,10,138,0,0,0,0,6,6,0,0,0,0,0,0,0,0,0,18,0,5,0,0,0,32,0,0,0,0,19,0,0,0,4,0,0,0,0,0,0,0,0,0,0,0,6,6,0,0,0,0,0,0,0,0,0,18,0,5,0,0,0,32,0,0,0,0,19,0,0,0,4,0,0,0,0,0,0,0,0,0,0,0,0,0,0,0,0,0,0,0,0,0,0,0,0,0,0,0,0,0,0,0,0,0,0,0,0,0,0,0,0,0,0,0,0,0,0,0,0,0,0,0,0,0,0,0,0,0,0,0,0,0,0,0,0,0,0,0,0,0,0,2,0,0,0,0,0,0,0,0,0,0,0,0,0,0,0,0,0,0,0,0,0,0,0,0,0,0,0,0,0,0,0,0,0,0,0,0,0,0,0,0,0,0,0,0,0,0,0,0,0,0,0,0,0,0,0,0,0,0,0,0,0,0,0,0,0,0,0,0,0,0,0,0,0,0,0,0,0,0,0,0,0,0,0,2,0,0,0,0,0,0,0,0,0,0,0,0,0,0,0,0,0,0,0,0,0,0,0,0,0,0,0,0,0,0,0,0,0,0
ERR911979,79043,1487,395,1171,589,819,925,172,373,213,15,81,98,33,6,881,589,583,2830,1835,1084,901,373,740,123,745,581,76,9,357,72,61,92,133,98,8,38,14,946,85,27,61,354,76,647,419,85,0,30,100,1489,0,146,9,1672,676,598,31,344,44,54,732,369,93,758,0,159,46,10,1937,4,8,45,31,23,731,36,567,6,355,194,486,1440,966,1465,334,275,85,342,473,150,6,695,79,13,543,510,3,42,407,538,23,347,0,3,0,42,66,26,1897,13,2,13,396,36,131,0,0,145,18445,7619,5385,6714,3432,1030,327,81,4619,509,127,144,0,211,16,1589,1182,1214,163,144,130,26,200,10,3331,49,1511,250,2,446,470,855,171,270,693,532,736,0,3,20,253,18,121,3,86,154,167,256,114,16,156,8,76,40,11,16,343,436,11,78,299,8,0,65,0,735,250,65,65,64,93,98,67,65,65,16,14,70,86,16,149,3,149,54,48,11,15,3,4,249,168,0,16,312,0,0,304,15,62,17,9,36,3,65,0,0,65,79,0,34,823,1487,395,1171,589,819,925,172,373,213,15,81,98,33,6,881,589,583,2830,1835,1084,901,373,740,123,745,581,76,9,357,72,61,92,133,98,8,38,14,946,85,27,61,354,76,647,419,85,0,30,100,1489,0,146,9,1672,676,598,31,344,44,54,732,369,93,758,0,159,46,10,1937,4,8,45,31,23,731,36,567,6,355,194,486,1440,966,1465,334,275,85,342,473,150,6,695,79,13,543,510,3,42,407,538,23,347,0,3,0,42,66,26,1897,13,2,13,396,36,131,0,0,145,18445,7619,5385,6714,3432,1030,327,81,4619,509,127,144,0,211,16,1589,1182,1214,163,144,130,26,200,10,3331,49,1511,250,2,446,470,855,171,270,693,532,736,0,3,20,253,18,121,3,86,154,167,256,114,16,156,8,76,40,11,16,343,436,11,78,299,8,0,65,0,735,250,65,65,64,93,98,67,65,65,16,14,70,86,16,149,3,149,54,48,11,15,3,4,249,168,0,16,312,0,0,304,15,62,17,9,36,3,65,0,0,65,79,0,34,823,0,0,0,0,5,5,0,0,0,14,0,0,0,0,0,0,2,3,8,0,8,0,8,0,2,0,0,0,0,0,0,0,0,0,2,0,0,0,0,0,0,0,5,5,0,0,0,14,0,0,0,0,0,0,2,3,8,0,8,0,8,0,2,0,0,0,0,0,0,0,0,0,2,0,0,0,0,0,0,0,0,0,0,0,0,0,0,0,0,0,0,0,0,0,0,0,0,0,0,0,0,0,0,0,0,0,0,0,0,0,0,0,0,0,8,0,0,0,0,0,0,0,0,0,0,0,0,0,0,8,0,0,0,0,0,0,0,0,0,0,0,0,0,0,0,0,0,0,0,0,0,0,0,0,0,0,0,0,0,8,0,0,0,0,0,0,0,0,0,0,0,0,0,0,0,0,0,0,0,0,0,0,0,0,0,0,0,0,0,0,0,0,0,0,0,0,0,0,8,0,0,0,0,0,0,0,0,0,0,0,0,0,0,8,0,0,0,0,0,0,0,0,0,0,0,0,0,0,0,0,0,0,0,0,0,0,0,0,0,0,0,0,0,8,0,0,0,0,0,0,0,0,0,0,0,0,0,0
ERR911990,57430,1224,401,1104,588,851,908,245,435,167,2,50,60,27,37,607,247,774,2135,1631,1439,1059,218,812,76,570,508,173,14,383,40,146,246,236,255,6,47,33,710,285,6,243,149,22,275,313,86,0,48,201,1064,0,320,51,1168,416,225,108,149,75,115,402,215,90,238,0,279,126,51,1087,18,17,40,29,34,589,17,427,3,379,278,313,1116,664,778,302,146,122,287,614,388,31,227,31,9,243,227,6,51,540,358,34,208,0,10,0,169,219,17,1236,27,4,26,288,43,152,11,0,52,15065,6172,4400,5497,2813,945,421,89,4097,278,185,133,0,147,115,995,887,907,80,187,67,79,227,17,2499,63,946,209,3,518,343,530,139,236,596,563,776,0,10,68,140,44,19,12,8,303,18,142,70,86,198,2,31,24,15,40,348,160,0,131,253,2,0,20,0,127,108,20,20,100,128,138,45,20,20,18,0,109,107,61,98,19,78,62,14,0,22,10,10,105,51,31,18,173,14,0,251,61,64,65,15,59,19,20,15,30,113,8,0,12,174,1224,401,1104,588,851,908,245,435,167,2,50,60,27,37,607,247,774,2135,1631,1439,1059,218,812,76,570,508,173,14,383,40,146,246,236,255,6,47,33,710,285,6,243,149,22,275,313,86,0,48,201,1064,0,320,51,1168,416,225,108,149,75,115,402,215,90,238,0,279,126,51,1087,18,17,40,29,34,589,17,427,3,379,278,313,1116,664,778,302,146,122,287,614,388,31,227,31,9,243,227,6,51,540,358,34,208,0,10,0,169,219,17,1236,27,4,26,288,43,152,11,0,52,15065,6172,4400,5497,2813,945,421,89,4097,278,185,133,0,147,115,995,887,907,80,187,67,79,227,17,2499,63,946,209,3,518,343,530,139,236,596,563,776,0,10,68,140,44,19,12,8,303,18,142,70,86,198,2,31,24,15,40,348,160,0,131,253,2,0,20,0,127,108,20,20,100,128,138,45,20,20,18,0,109,107,61,98,19,78,62,14,0,22,10,10,105,51,31,18,173,14,0,251,61,64,65,15,59,19,20,15,30,113,8,0,12,174,0,0,0,0,4,4,0,0,0,2,0,0,0,0,0,25,0,3,2,0,2,21,2,0,0,0,26,0,0,0,0,0,0,0,0,0,0,0,0,0,0,0,4,4,0,0,0,2,0,0,0,0,0,25,0,3,2,0,2,21,2,0,0,0,26,0,0,0,0,0,0,0,0,0,0,0,2,0,0,0,0,0,0,0,0,0,0,0,0,0,0,0,0,0,0,0,0,0,0,0,0,0,0,0,0,0,0,0,0,0,0,0,0,0,2,0,0,0,0,0,0,0,0,0,0,0,0,0,0,2,0,0,0,0,0,0,0,0,0,0,0,0,0,0,0,0,0,30,0,0,0,0,0,0,0,0,0,0,0,2,2,0,0,0,0,0,0,0,0,0,0,0,0,0,0,0,0,0,0,0,0,0,0,0,0,0,0,0,0,0,0,0,0,0,0,0,0,0,2,0,0,0,0,0,0,0,0,0,0,0,0,0,0,2,0,0,0,0,0,0,0,0,0,0,0,0,0,0,0,0,0,30,0,0,0,0,0,0,0,0,0,0,0,2,0,0,0,0,0,0,0,0,0,0,0,0,0,0
ERR911991,53848,1273,342,949,539,1050,992,239,311,123,5,34,41,30,33,534,217,599,1851,1556,1356,962,207,727,69,579,472,135,10,300,50,96,221,146,217,3,55,30,605,234,11,190,96,33,294,197,66,0,56,151,965,5,293,31,1210,340,173,82,116,43,60,358,166,55,184,0,307,90,27,847,20,18,25,18,13,483,28,226,8,314,301,303,1248,638,654,284,43,129,284,545,325,16,240,22,6,247,236,6,33,441,250,12,105,0,8,0,126,150,48,968,6,4,6,219,19,107,2,3,45,13561,5728,3825,5047,2481,888,312,58,3968,255,124,103,0,112,36,828,661,753,29,215,158,167,106,11,2337,81,840,171,14,413,332,505,104,269,498,514,585,0,6,51,146,54,16,5,7,316,13,99,81,39,179,4,70,36,3,47,245,194,0,106,256,0,0,42,0,85,83,41,41,80,129,136,85,41,42,24,2,90,132,45,129,3,59,39,22,2,23,6,10,200,78,0,12,132,10,0,173,45,40,48,7,47,3,41,6,0,94,6,4,12,125,1273,342,949,539,1050,992,239,311,123,5,34,41,30,33,534,217,599,1851,1556,1356,962,207,727,69,579,472,135,10,300,50,96,221,146,217,3,55,30,605,234,11,190,96,33,294,197,66,0,56,151,965,5,293,31,1210,340,173,82,116,43,60,358,166,55,184,0,307,90,27,847,20,18,25,18,13,483,28,226,8,314,301,303,1248,638,654,284,43,129,284,545,325,16,240,22,6,247,236,6,33,441,250,12,105,0,8,0,126,150,48,968,6,4,6,219,19,107,2,3,45,13561,5728,3825,5047,2481,888,312,58,3968,255,124,103,0,112,36,828,661,753,29,215,158,167,106,11,2337,81,840,171,14,413,332,505,104,269,498,514,585,0,6,51,146,54,16,5,7,316,13,99,81,39,179,4,70,36,3,47,245,194,0,106,256,0,0,42,0,85,83,41,41,80,129,136,85,41,42,24,2,90,132,45,129,3,59,39,22,2,23,6,10,200,78,0,12,132,10,0,173,45,40,48,7,47,3,41,6,0,94,6,4,12,125,0,2,0,0,5,5,0,0,0,0,0,0,0,0,2,36,0,3,0,0,0,26,0,0,0,0,38,2,4,0,0,0,2,2,0,0,0,2,0,2,0,0,5,5,0,0,0,0,0,0,0,0,2,36,0,3,0,0,0,26,0,0,0,0,38,2,4,0,0,0,2,2,0,0,0,2,0,0,0,0,0,2,0,2,0,0,0,0,0,0,0,0,2,4,0,0,0,0,0,0,0,0,0,0,0,0,0,0,0,0,0,0,0,0,0,0,0,4,0,0,0,0,0,0,0,0,0,0,0,0,0,0,0,0,0,4,0,0,0,0,0,0,0,0,2,0,0,0,0,0,0,0,0,0,0,0,0,0,0,0,0,0,0,0,0,2,0,2,0,0,0,0,0,0,0,0,2,4,0,0,0,0,0,0,0,0,0,0,0,0,0,0,0,0,0,0,0,0,0,0,0,4,0,0,0,0,0,0,0,0,0,0,0,0,0,0,0,0,0,4,0,0,0,0,0,0,0,0,2,0,0,0,0,0,0,0,0,0,0,0,0,0,0,0,0,0,0,0,0,0,0,0,0,0,0,0,0,0
ERR911995,78635,1501,531,1097,400,966,891,121,303,213,35,37,45,44,88,805,343,643,2371,2080,1432,755,164,669,126,425,408,153,4,282,70,103,390,174,145,12,79,19,505,170,2,145,100,19,304,316,94,0,79,88,1034,0,345,53,1123,467,339,79,234,67,179,419,255,142,263,0,289,105,53,1414,10,9,67,47,14,501,24,325,4,464,167,392,1096,968,1107,233,143,106,318,473,143,5,281,21,2,365,293,6,48,383,248,6,187,0,3,0,73,91,19,1404,2,4,2,209,23,71,6,38,88,15193,6171,4485,5390,3071,709,345,125,3895,301,157,176,0,102,78,1303,777,938,15,245,81,57,71,20,3664,48,1022,354,4,627,314,713,115,373,436,554,824,0,6,89,180,23,37,19,11,322,12,117,103,78,123,0,84,54,6,17,333,105,0,84,268,0,0,53,0,159,162,53,53,62,129,142,118,53,53,18,0,70,117,10,150,7,86,53,19,0,45,6,3,146,59,84,14,263,23,4,270,9,55,10,18,87,7,53,17,0,89,11,0,4,186,1501,531,1097,400,966,891,121,303,213,35,37,45,44,88,805,343,643,2371,2080,1432,755,164,669,126,425,408,153,4,282,70,103,390,174,145,12,79,19,505,170,2,145,100,19,304,316,94,0,79,88,1034,0,345,53,1123,467,339,79,234,67,179,419,255,142,263,0,289,105,53,1414,10,9,67,47,14,501,24,325,4,464,167,392,1096,968,1107,233,143,106,318,473,143,5,281,21,2,365,293,6,48,383,248,6,187,0,3,0,73,91,19,1404,2,4,2,209,23,71,6,38,88,15193,6171,4485,5390,3071,709,345,125,3895,301,157,176,0,102,78,1303,777,938,15,245,81,57,71,20,3664,48,1022,354,4,627,314,713,115,373,436,554,824,0,6,89,180,23,37,19,11,322,12,117,103,78,123,0,84,54,6,17,333,105,0,84,268,0,0,53,0,159,162,53,53,62,129,142,118,53,53,18,0,70,117,10,150,7,86,53,19,0,45,6,3,146,59,84,14,263,23,4,270,9,55,10,18,87,7,53,17,0,89,11,0,4,186,0,0,0,0,2,2,0,0,0,0,0,0,0,0,0,8,0,0,0,0,0,2,0,0,0,0,9,0,0,0,0,0,0,0,0,0,0,0,0,0,0,0,2,2,0,0,0,0,0,0,0,0,0,8,0,0,0,0,0,2,0,0,0,0,9,0,0,0,0,0,0,0,0,0,0,0,0,0,0,0,0,0,0,0,0,0,0,0,0,0,0,0,0,0,0,0,0,0,0,0,0,0,0,0,0,0,0,0,0,0,0,0,0,0,0,0,0,0,0,0,0,0,0,0,0,0,0,0,0,0,0,0,0,0,0,0,0,0,0,0,0,0,0,0,0,0,0,0,0,0,0,0,0,0,0,0,0,0,0,0,0,0,0,0,0,0,0,0,0,0,0,0,0,0,0,0,0,0,0,0,0,0,0,0,0,0,0,0,0,0,0,0,0,0,0,0,0,0,0,0,0,0,0,0,0,0,0,0,0,0,0,0,0,0,0,0,0,0,0,0,0,0,0,0,0,0,0,0,0,0,0,0,0,0,0,0,0,0,0,0,0,0,0,0,0,0,0,0,0,0,0,0,0,0,0,0,0,0
ERR912003,74096,1484,466,1084,743,674,1230,243,558,177,5,26,31,59,28,766,302,763,3054,2094,1707,1229,364,1169,110,772,748,201,35,467,82,239,278,226,239,26,46,46,850,365,10,231,177,35,515,363,65,0,88,184,1300,0,513,63,1442,491,196,127,105,98,168,556,231,50,254,0,414,138,63,1287,7,6,52,33,42,680,16,442,10,422,355,320,1263,606,882,349,210,192,453,670,471,15,307,37,13,317,292,17,58,592,473,42,301,0,18,0,173,222,41,1389,14,11,14,270,29,100,18,5,44,18485,7655,4967,6737,3077,1172,552,89,5050,441,222,301,0,133,61,1107,855,1123,24,332,83,46,111,13,3181,160,1382,244,5,807,484,833,141,332,659,685,1121,0,2,60,171,78,33,0,12,336,6,108,70,88,246,0,72,53,13,76,417,216,13,136,305,0,0,51,0,85,146,51,51,106,173,180,71,51,51,22,0,114,185,115,157,2,71,29,33,3,34,2,3,234,94,14,28,161,16,2,297,114,48,123,11,50,2,51,9,0,155,11,0,41,112,1484,466,1084,743,674,1230,243,558,177,5,26,31,59,28,766,302,763,3054,2094,1707,1229,364,1169,110,772,748,201,35,467,82,239,278,226,239,26,46,46,850,365,10,231,177,35,515,363,65,0,88,184,1300,0,513,63,1442,491,196,127,105,98,168,556,231,50,254,0,414,138,63,1287,7,6,52,33,42,680,16,442,10,422,355,320,1263,606,882,349,210,192,453,670,471,15,307,37,13,317,292,17,58,592,473,42,301,0,18,0,173,222,41,1389,14,11,14,270,29,100,18,5,44,18485,7655,4967,6737,3077,1172,552,89,5050,441,222,301,0,133,61,1107,855,1123,24,332,83,46,111,13,3181,160,1382,244,5,807,484,833,141,332,659,685,1121,0,2,60,171,78,33,0,12,336,6,108,70,88,246,0,72,53,13,76,417,216,13,136,305,0,0,51,0,85,146,51,51,106,173,180,71,51,51,22,0,114,185,115,157,2,71,29,33,3,34,2,3,234,94,14,28,161,16,2,297,114,48,123,11,50,2,51,9,0,155,11,0,41,112,0,0,0,0,11,11,0,0,0,4,0,0,0,0,0,64,0,5,0,0,0,0,0,0,0,0,68,0,0,0,0,0,0,0,0,0,0,0,0,0,0,0,11,11,0,0,0,4,0,0,0,0,0,64,0,5,0,0,0,0,0,0,0,0,68,0,0,0,0,0,0,0,0,0,0,0,0,0,0,0,0,0,0,0,0,0,0,0,0,0,0,0,0,0,0,0,0,0,0,0,0,0,0,0,0,0,0,0,0,0,0,0,0,0,0,0,0,0,0,0,0,0,0,0,0,0,0,0,0,0,0,0,0,0,0,0,0,0,0,0,0,0,0,0,0,0,0,0,0,0,0,0,0,0,0,0,0,0,0,0,0,0,0,0,0,0,0,0,0,0,0,0,0,0,0,0,0,0,0,0,0,0,0,0,0,0,0,0,0,0,0,0,0,0,0,0,0,0,0,0,0,0,0,0,0,0,0,0,0,0,0,0,0,0,0,0,0,0,0,0,0,0,0,0,0,0,0,0,0,0,0,0,0,0,0,0,0,0,0,0,0,0,0,0,0,0,0,0,0,0,0,0,0,0,0,0,0,0
ERR912047,26958,360,140,477,133,377,337,36,110,55,1,21,25,16,6,344,111,274,572,638,456,300,34,344,19,145,80,37,5,173,15,9,67,121,134,3,58,12,316,134,6,20,38,4,70,159,58,0,15,35,428,0,109,55,571,246,178,26,135,89,105,154,72,51,140,0,88,83,55,445,64,61,17,12,10,177,5,173,1,139,54,109,295,361,339,90,80,55,121,96,45,6,130,2,4,234,64,0,14,141,56,5,123,0,0,0,119,117,16,535,4,0,4,67,23,141,2,4,54,5742,2232,1599,1839,1065,264,108,80,1388,192,47,47,0,53,26,526,538,457,6,140,27,69,69,4,1470,15,298,67,0,170,154,325,47,114,347,362,313,0,0,25,42,6,20,0,8,196,1,63,19,57,49,0,21,4,0,0,181,17,0,48,82,0,0,18,0,79,92,18,18,31,28,29,10,18,18,2,0,35,14,7,16,0,41,20,5,0,11,0,22,37,18,174,7,144,7,0,103,7,16,8,3,87,0,18,0,0,11,7,0,0,55,360,140,477,133,377,337,36,110,55,1,21,25,16,6,344,111,274,572,638,456,300,34,344,19,145,80,37,5,173,15,9,67,121,134,3,58,12,316,134,6,20,38,4,70,159,58,0,15,35,428,0,109,55,571,246,178,26,135,89,105,154,72,51,140,0,88,83,55,445,64,61,17,12,10,177,5,173,1,139,54,109,295,361,339,90,80,55,121,96,45,6,130,2,4,234,64,0,14,141,56,5,123,0,0,0,119,117,16,535,4,0,4,67,23,141,2,4,54,5742,2232,1599,1839,1065,264,108,80,1388,192,47,47,0,53,26,526,538,457,6,140,27,69,69,4,1470,15,298,67,0,170,154,325,47,114,347,362,313,0,0,25,42,6,20,0,8,196,1,63,19,57,49,0,21,4,0,0,181,17,0,48,82,0,0,18,0,79,92,18,18,31,28,29,10,18,18,2,0,35,14,7,16,0,41,20,5,0,11,0,22,37,18,174,7,144,7,0,103,7,16,8,3,87,0,18,0,0,11,7,0,0,55,0,0,0,0,5,5,0,0,0,0,0,0,0,0,0,0,0,0,0,0,0,2,0,0,0,0,0,0,0,0,0,0,0,0,0,0,0,0,0,0,0,0,5,5,0,0,0,0,0,0,0,0,0,0,0,0,0,0,0,2,0,0,0,0,0,0,0,0,0,0,0,0,0,0,0,0,0,0,0,0,0,0,0,0,0,0,0,0,0,0,0,0,0,0,0,0,0,0,0,0,0,0,0,0,0,0,0,0,0,0,0,0,0,0,0,0,0,0,0,0,0,0,0,0,0,0,0,0,0,0,0,0,0,0,0,0,0,0,0,0,0,0,0,0,0,0,0,0,0,0,0,0,0,0,0,0,0,0,0,0,0,0,0,0,0,0,0,0,0,0,0,0,0,0,0,0,0,0,0,0,0,0,0,0,0,0,0,0,0,0,0,0,0,0,0,0,0,0,0,0,0,0,0,0,0,0,0,0,0,0,0,0,0,0,0,0,0,0,0,0,0,0,0,0,0,0,0,0,0,0,0,0,0,0,0,0,0,0,0,0,0,0,0,0,0,0,0,0,0,0,0,0,0,0,0,0,0,0
ERR912079,45610,1003,295,727,489,552,767,73,270,138,14,11,13,22,0,484,238,420,1570,1499,843,363,46,576,50,418,253,85,3,273,64,79,246,149,104,0,31,21,365,142,8,50,29,51,214,209,55,0,47,98,875,0,230,18,677,299,104,84,63,37,60,372,92,141,141,0,198,40,18,890,4,3,52,39,16,283,5,144,11,257,169,331,591,650,618,160,34,111,149,277,258,7,153,26,38,340,155,0,13,222,140,0,100,0,35,0,35,101,58,1114,40,0,39,181,34,84,0,11,26,10475,4045,2756,3480,1834,591,275,78,2782,170,136,102,0,115,6,930,551,636,13,130,67,25,90,14,2619,40,822,205,0,327,170,425,81,302,362,301,432,0,8,21,89,20,25,0,5,291,1,47,112,52,122,2,60,22,0,12,498,44,30,84,204,0,0,52,0,81,78,49,49,63,86,90,55,49,52,5,5,72,79,14,69,12,141,32,34,2,29,8,0,146,37,14,13,385,5,2,407,14,56,15,9,43,12,49,3,0,39,4,2,0,82,1003,295,727,489,552,767,73,270,138,14,11,13,22,0,484,238,420,1570,1499,843,363,46,576,50,418,253,85,3,273,64,79,246,149,104,0,31,21,365,142,8,50,29,51,214,209,55,0,47,98,875,0,230,18,677,299,104,84,63,37,60,372,92,141,141,0,198,40,18,890,4,3,52,39,16,283,5,144,11,257,169,331,591,650,618,160,34,111,149,277,258,7,153,26,38,340,155,0,13,222,140,0,100,0,35,0,35,101,58,1114,40,0,39,181,34,84,0,11,26,10475,4045,2756,3480,1834,591,275,78,2782,170,136,102,0,115,6,930,551,636,13,130,67,25,90,14,2619,40,822,205,0,327,170,425,81,302,362,301,432,0,8,21,89,20,25,0,5,291,1,47,112,52,122,2,60,22,0,12,498,44,30,84,204,0,0,52,0,81,78,49,49,63,86,90,55,49,52,5,5,72,79,14,69,12,141,32,34,2,29,8,0,146,37,14,13,385,5,2,407,14,56,15,9,43,12,49,3,0,39,4,2,0,82,0,0,0,0,5,5,0,0,0,0,0,0,0,0,0,0,11,0,0,2,0,2,0,2,11,0,0,4,2,0,0,0,4,4,11,0,0,4,0,0,0,0,5,5,0,0,0,0,0,0,0,0,0,0,11,0,0,2,0,2,0,2,11,0,0,4,2,0,0,0,4,4,11,0,0,4,0,0,0,0,2,4,0,4,0,0,0,2,2,0,0,0,4,2,0,2,0,0,0,0,0,0,0,0,0,0,0,0,0,0,0,0,0,0,0,0,0,2,0,0,0,0,0,0,0,2,0,0,2,0,2,0,0,2,2,2,2,2,2,2,0,0,0,0,4,0,0,0,0,0,0,0,0,0,0,0,0,0,0,0,0,0,0,0,2,4,0,4,0,0,0,2,2,0,0,0,4,2,0,2,0,0,0,0,0,0,0,0,0,0,0,0,0,0,0,0,0,0,0,0,0,2,0,0,0,0,0,0,0,2,0,0,2,0,2,0,0,2,2,2,2,2,2,2,0,0,0,0,4,0,0,0,0,0,0,0,0,0,0,0,0,0,0,0,0,0,0,0,0,0,0,0,0,0,0,0,0,0
ERR912133,65169,1117,384,760,373,649,785,120,305,90,15,27,32,45,51,603,237,505,2135,1603,1062,820,182,882,129,836,444,103,5,411,109,177,290,125,180,10,151,29,462,170,9,97,108,6,413,202,95,0,46,62,886,0,304,27,995,412,257,74,199,31,162,484,186,70,260,0,355,106,27,932,33,31,31,17,9,509,19,299,7,465,470,312,1106,508,801,297,56,108,268,486,149,4,283,15,11,231,240,24,20,344,265,6,145,6,6,6,118,124,52,1038,11,24,11,250,11,88,2,11,59,13297,5591,3891,4847,2434,1007,293,53,3877,238,184,233,0,114,109,1135,1011,983,28,190,217,170,124,62,2891,72,1009,223,14,602,385,620,62,232,441,545,820,0,5,110,190,12,30,3,11,370,12,135,66,51,50,0,90,28,0,12,287,90,3,39,262,0,0,72,0,185,128,73,73,26,134,140,87,73,73,19,0,27,115,30,145,6,68,39,28,7,28,5,4,114,100,14,8,150,3,4,231,29,72,31,56,103,6,73,3,0,86,11,0,69,195,1117,384,760,373,649,785,120,305,90,15,27,32,45,51,603,237,505,2135,1603,1062,820,182,882,129,836,444,103,5,411,109,177,290,125,180,10,151,29,462,170,9,97,108,6,413,202,95,0,46,62,886,0,304,27,995,412,257,74,199,31,162,484,186,70,260,0,355,106,27,932,33,31,31,17,9,509,19,299,7,465,470,312,1106,508,801,297,56,108,268,486,149,4,283,15,11,231,240,24,20,344,265,6,145,6,6,6,118,124,52,1038,11,24,11,250,11,88,2,11,59,13297,5591,3891,4847,2434,1007,293,53,3877,238,184,233,0,114,109,1135,1011,983,28,190,217,170,124,62,2891,72,1009,223,14,602,385,620,62,232,441,545,820,0,5,110,190,12,30,3,11,370,12,135,66,51,50,0,90,28,0,12,287,90,3,39,262,0,0,72,0,185,128,73,73,26,134,140,87,73,73,19,0,27,115,30,145,6,68,39,28,7,28,5,4,114,100,14,8,150,3,4,231,29,72,31,56,103,6,73,3,0,86,11,0,69,195,0,0,0,0,3,3,0,0,0,0,0,0,0,0,0,6,2,5,0,0,0,5,0,0,2,0,6,0,0,0,6,0,0,0,2,0,0,0,0,0,0,0,3,3,0,0,0,0,0,0,0,0,0,6,2,5,0,0,0,5,0,0,2,0,6,0,0,0,6,0,0,0,2,0,0,0,0,0,0,0,0,0,0,0,0,0,0,0,0,0,0,0,0,0,0,0,0,0,0,0,0,0,0,0,0,0,0,0,0,0,0,0,0,0,0,0,0,0,0,0,0,0,0,0,0,0,0,0,0,0,0,0,0,0,0,0,0,0,0,0,0,0,0,0,0,0,0,0,0,0,0,0,0,0,0,0,0,0,0,0,0,0,0,0,0,0,0,0,0,0,0,0,0,0,0,0,0,0,0,0,0,0,0,0,0,0,0,0,0,0,0,0,0,0,0,0,0,0,0,0,0,0,0,0,0,0,0,0,0,0,0,0,0,0,0,0,0,0,0,0,0,0,0,0,0,0,0,0,0,0,0,0,0,0,0,0,0,0,0,0,0,0,0,0,0,0,0,0,0,0,0,0,0,0,0,0,0,0
ERR912200,77822,1789,437,978,614,688,841,116,245,258,5,97,117,64,0,619,374,582,2680,2045,1275,773,266,952,123,774,516,82,8,371,65,32,225,240,157,3,44,17,539,87,49,56,156,73,458,436,127,0,79,75,1298,0,250,18,1304,403,309,27,241,23,21,431,329,141,361,0,220,59,18,1587,19,18,109,77,44,710,12,406,15,337,244,301,1152,881,1140,259,78,148,334,585,146,6,328,116,10,337,247,11,45,454,403,5,359,0,12,0,38,85,102,1863,11,9,11,490,12,135,2,0,101,16158,6885,4890,6102,3260,1131,261,164,4392,282,251,118,0,148,23,1370,1134,1119,100,106,158,186,143,5,3669,45,1287,274,0,533,383,742,145,219,543,545,636,0,3,26,285,17,31,0,13,333,26,156,182,49,106,0,45,24,3,5,339,85,0,50,309,0,0,32,0,391,220,33,33,34,99,103,65,33,32,6,0,43,70,18,212,0,144,86,25,0,17,3,13,76,195,35,16,303,4,11,284,17,30,19,5,69,0,33,11,0,48,12,0,34,390,1789,437,978,614,688,841,116,245,258,5,97,117,64,0,619,374,582,2680,2045,1275,773,266,952,123,774,516,82,8,371,65,32,225,240,157,3,44,17,539,87,49,56,156,73,458,436,127,0,79,75,1298,0,250,18,1304,403,309,27,241,23,21,431,329,141,361,0,220,59,18,1587,19,18,109,77,44,710,12,406,15,337,244,301,1152,881,1140,259,78,148,334,585,146,6,328,116,10,337,247,11,45,454,403,5,359,0,12,0,38,85,102,1863,11,9,11,490,12,135,2,0,101,16158,6885,4890,6102,3260,1131,261,164,4392,282,251,118,0,148,23,1370,1134,1119,100,106,158,186,143,5,3669,45,1287,274,0,533,383,742,145,219,543,545,636,0,3,26,285,17,31,0,13,333,26,156,182,49,106,0,45,24,3,5,339,85,0,50,309,0,0,32,0,391,220,33,33,34,99,103,65,33,32,6,0,43,70,18,212,0,144,86,25,0,17,3,13,76,195,35,16,303,4,11,284,17,30,19,5,69,0,33,11,0,48,12,0,34,390,0,0,0,0,8,8,0,0,0,0,0,0,0,0,0,0,0,19,0,0,0,3,0,0,0,0,0,0,0,0,0,0,0,0,0,0,0,0,0,0,0,0,8,8,0,0,0,0,0,0,0,0,0,0,0,19,0,0,0,3,0,0,0,0,0,0,0,0,0,0,0,0,0,0,0,0,0,0,0,0,0,0,0,0,0,0,0,0,0,0,0,0,0,0,0,0,0,0,0,0,0,0,0,0,0,0,0,0,0,0,0,0,0,0,0,0,0,0,0,0,0,0,0,0,0,0,0,0,0,0,0,0,0,0,0,0,0,0,0,0,0,0,0,0,0,0,0,0,0,0,0,0,0,0,0,0,0,0,0,0,0,0,0,0,0,0,0,0,0,0,0,0,0,0,0,0,0,0,0,0,0,0,0,0,0,0,0,0,0,0,0,0,0,0,0,0,0,0,0,0,0,0,0,0,0,0,0,0,0,0,0,0,0,0,0,0,0,0,0,0,0,0,0,0,0,0,0,0,0,0,0,0,0,0,0,0,0,0,0,0,0,0,0,0,0,0,0,0,0,0,0,0,0,0,0,0,0,0
SRR24907834,56916,966,369,826,367,690,805,77,153,87,11,30,36,23,32,477,285,443,1701,1364,753,695,113,635,49,509,312,112,2,296,12,41,209,163,156,7,82,3,499,148,0,63,115,22,268,242,54,0,26,175,900,8,140,32,825,556,382,75,268,44,29,302,182,146,176,30,187,81,32,742,3,4,38,21,0,346,4,148,3,288,266,268,948,480,642,231,100,218,216,412,123,0,248,0,0,317,317,1,21,262,206,1,197,6,5,6,103,143,91,1143,0,0,0,208,21,86,0,0,54,11246,4990,3229,4259,2107,919,147,42,3283,226,99,100,0,87,52,1187,726,767,16,109,88,165,84,34,2922,55,828,120,4,484,180,605,114,284,473,477,865,4,0,59,133,32,42,2,0,272,11,141,142,75,163,0,78,43,4,20,205,179,1,36,198,0,0,70,0,301,289,69,69,22,68,69,25,69,69,5,2,37,42,12,52,0,54,71,0,0,13,0,5,53,112,113,27,365,3,0,116,11,66,12,30,105,0,69,0,0,77,0,0,13,135,966,369,826,367,690,805,77,153,87,11,30,36,23,32,477,285,443,1701,1364,753,695,113,635,49,509,312,112,2,296,12,41,209,163,156,7,82,3,499,148,0,63,115,22,268,242,54,0,26,175,900,8,140,32,825,556,382,75,268,44,29,302,182,146,176,30,187,81,32,742,3,4,38,21,0,346,4,148,3,288,266,268,948,480,642,231,100,218,216,412,123,0,248,0,0,317,317,1,21,262,206,1,197,6,5,6,103,143,91,1143,0,0,0,208,21,86,0,0,54,11246,4990,3229,4259,2107,919,147,42,3283,226,99,100,0,87,52,1187,726,767,16,109,88,165,84,34,2922,55,828,120,4,484,180,605,114,284,473,477,865,4,0,59,133,32,42,2,0,272,11,141,142,75,163,0,78,43,4,20,205,179,1,36,198,0,0,70,0,301,289,69,69,22,68,69,25,69,69,5,2,37,42,12,52,0,54,71,0,0,13,0,5,53,112,113,27,365,3,0,116,11,66,12,30,105,0,69,0,0,77,0,0,13,135,0,9,0,0,0,0,29,29,29,0,0,0,0,0,0,17,0,0,0,0,0,0,0,0,0,0,16,0,0,0,0,0,0,0,0,0,0,0,0,9,0,0,0,0,29,29,29,0,0,0,0,0,0,17,0,0,0,0,0,0,0,0,0,0,16,0,0,0,0,0,0,0,0,0,0,0,0,0,0,0,0,0,0,0,0,0,0,0,0,0,0,0,0,0,0,0,0,0,0,0,0,0,0,0,0,0,0,0,0,0,0,0,0,0,0,0,0,0,0,0,0,0,0,0,0,0,0,0,0,0,0,0,0,0,0,0,0,0,0,0,0,0,0,0,0,0,0,0,0,0,0,0,0,0,0,0,0,0,0,0,0,0,0,0,0,0,0,0,0,0,0,0,0,0,0,0,0,0,0,0,0,0,0,0,0,0,0,0,0,0,0,0,0,0,0,0,0,0,0,0,0,0,0,0,0,0,0,0,0,0,0,0,0,0,0,0,0,0,0,0,0,0,0,0,0,0,0,0,0,0,0,0,0,0,0,0,0,0,0,0,0,0,0,0,0,0,0,0,0,0,0,0,0,0,0,0,0,0
SRR24907871,47881,1005,406,879,345,693,911,75,240,206,3,0,0,36,32,551,197,428,1878,1483,774,572,110,603,64,446,208,60,11,278,33,42,191,137,156,13,39,12,450,127,8,67,141,39,373,259,44,0,18,148,802,0,189,32,764,464,316,83,212,45,68,334,233,110,164,7,243,122,32,746,4,4,55,17,4,348,26,268,0,325,215,308,873,487,676,222,134,184,262,405,155,6,293,0,7,289,256,0,3,282,191,0,243,23,0,23,81,124,68,986,6,0,6,198,17,140,0,13,61,11327,4857,3192,4174,2004,732,238,41,2922,194,133,103,0,67,47,781,676,740,13,74,82,124,83,30,2495,17,828,132,0,523,266,553,157,256,499,558,699,0,0,57,122,48,16,4,0,306,0,127,87,65,170,0,50,45,0,31,224,171,2,90,184,0,0,39,0,183,208,39,39,79,97,100,38,39,39,9,7,101,43,1,74,2,40,62,6,0,9,0,8,71,107,92,3,341,2,0,123,1,38,1,26,78,2,39,0,0,44,0,0,27,91,1005,406,879,345,693,911,75,240,206,3,0,0,36,32,551,197,428,1878,1483,774,572,110,603,64,446,208,60,11,278,33,42,191,137,156,13,39,12,450,127,8,67,141,39,373,259,44,0,18,148,802,0,189,32,764,464,316,83,212,45,68,334,233,110,164,7,243,122,32,746,4,4,55,17,4,348,26,268,0,325,215,308,873,487,676,222,134,184,262,405,155,6,293,0,7,289,256,0,3,282,191,0,243,23,0,23,81,124,68,986,6,0,6,198,17,140,0,13,61,11327,4857,3192,4174,2004,732,238,41,2922,194,133,103,0,67,47,781,676,740,13,74,82,124,83,30,2495,17,828,132,0,523,266,553,157,256,499,558,699,0,0,57,122,48,16,4,0,306,0,127,87,65,170,0,50,45,0,31,224,171,2,90,184,0,0,39,0,183,208,39,39,79,97,100,38,39,39,9,7,101,43,1,74,2,40,62,6,0,9,0,8,71,107,92,3,341,2,0,123,1,38,1,26,78,2,39,0,0,44,0,0,27,91,0,0,0,0,3,3,0,0,0,0,0,0,0,0,0,26,0,7,0,0,0,12,0,0,0,0,24,0,0,0,0,0,0,0,0,0,0,0,0,0,0,0,3,3,0,0,0,0,0,0,0,0,0,26,0,7,0,0,0,12,0,0,0,0,24,0,0,0,0,0,0,0,0,0,0,0,0,0,0,0,0,0,0,0,0,0,0,0,0,0,0,0,0,0,0,0,0,0,0,0,0,0,0,0,0,0,0,0,0,0,0,0,0,0,0,0,0,0,0,0,0,0,0,0,0,0,0,0,0,0,0,0,0,0,0,0,0,0,0,0,0,0,0,0,0,0,0,0,0,0,0,0,0,0,0,0,0,0,0,0,0,0,0,0,0,0,0,0,0,0,0,0,0,0,0,0,0,0,0,0,0,0,0,0,0,0,0,0,0,0,0,0,0,0,0,0,0,0,0,0,0,0,0,0,0,0,0,0,0,0,0,0,0,0,0,0,0,0,0,0,0,0,0,0,0,0,0,0,0,0,0,0,0,0,0,0,0,0,0,0,0,0,0,0,0,0,0,0,0,0,0,0,0,0,0,0,0,0
SRR24907892,20483,367,107,293,140,337,366,29,74,71,3,9,10,22,20,141,33,114,696,523,303,262,23,203,13,219,120,46,5,143,19,11,73,40,47,0,25,4,189,33,4,16,33,16,114,56,31,0,19,41,347,3,88,19,339,185,128,24,67,40,11,156,69,42,79,2,91,45,19,213,11,10,10,12,1,162,2,87,0,121,106,121,345,135,183,92,60,61,114,222,59,2,105,0,2,125,143,1,3,109,57,3,43,3,1,3,24,35,27,410,2,0,2,98,7,30,8,0,17,4462,2070,1091,1738,680,302,70,33,1200,125,68,37,0,54,26,348,244,409,9,55,38,46,39,0,1025,6,258,36,0,146,139,230,29,80,158,178,202,0,0,34,21,9,7,0,4,130,0,49,22,44,42,0,18,0,2,8,119,51,0,44,61,0,0,17,0,68,69,17,17,21,11,11,13,17,17,4,2,22,15,3,21,3,40,28,3,5,4,0,0,46,47,28,0,124,1,0,69,3,18,3,0,36,3,17,0,0,20,4,0,0,29,367,107,293,140,337,366,29,74,71,3,9,10,22,20,141,33,114,696,523,303,262,23,203,13,219,120,46,5,143,19,11,73,40,47,0,25,4,189,33,4,16,33,16,114,56,31,0,19,41,347,3,88,19,339,185,128,24,67,40,11,156,69,42,79,2,91,45,19,213,11,10,10,12,1,162,2,87,0,121,106,121,345,135,183,92,60,61,114,222,59,2,105,0,2,125,143,1,3,109,57,3,43,3,1,3,24,35,27,410,2,0,2,98,7,30,8,0,17,4462,2070,1091,1738,680,302,70,33,1200,125,68,37,0,54,26,348,244,409,9,55,38,46,39,0,1025,6,258,36,0,146,139,230,29,80,158,178,202,0,0,34,21,9,7,0,4,130,0,49,22,44,42,0,18,0,2,8,119,51,0,44,61,0,0,17,0,68,69,17,17,21,11,11,13,17,17,4,2,22,15,3,21,3,40,28,3,5,4,0,0,46,47,28,0,124,1,0,69,3,18,3,0,36,3,17,0,0,20,4,0,0,29,0,2,0,0,0,0,0,0,0,0,0,0,0,0,0,7,0,0,0,0,0,0,0,0,0,0,6,0,3,0,0,0,0,0,0,0,0,0,0,2,0,0,0,0,0,0,0,0,0,0,0,0,0,7,0,0,0,0,0,0,0,0,0,0,6,0,3,0,0,0,0,0,0,0,0,0,0,0,0,0,0,0,0,0,0,0,0,0,0,0,0,0,0,0,0,0,0,0,0,0,0,0,0,0,0,0,0,0,0,0,0,0,0,0,0,0,0,0,0,0,0,0,0,0,0,0,0,0,0,0,0,0,0,0,0,0,0,0,0,0,0,0,0,0,0,0,0,0,0,0,0,0,0,0,0,0,0,0,0,0,0,0,0,0,0,0,0,0,0,0,0,0,0,0,0,0,0,0,0,0,0,0,0,0,0,0,0,0,0,0,0,0,0,0,0,0,0,0,0,0,0,0,0,0,0,0,0,0,0,0,0,0,0,0,0,0,0,0,0,0,0,0,0,0,0,0,0,0,0,0,0,0,0,0,0,0,0,0,0,0,0,0,0,0,0,0,0,0,0,0,0,0,0,0,0,0,0,0
SRR24907906,16126,268,132,246,88,209,224,23,71,41,0,0,0,5,11,165,51,113,546,456,245,156,46,167,17,147,80,16,0,95,17,12,57,38,38,5,8,0,126,33,2,39,44,16,97,58,22,0,11,29,212,0,63,8,267,162,109,18,86,15,11,69,41,31,41,0,71,20,8,194,2,2,17,3,0,104,8,71,0,106,62,88,216,129,201,68,21,32,70,160,47,1,69,0,2,95,66,0,5,83,66,0,37,0,2,0,25,33,14,359,3,0,3,65,6,43,0,2,41,3148,1359,921,1235,578,225,67,6,801,56,35,31,0,40,19,260,171,224,8,25,29,22,17,5,715,5,218,44,0,170,69,206,45,84,127,153,185,0,0,20,31,7,2,7,0,87,4,42,16,12,46,0,13,8,0,6,81,41,0,38,63,0,0,12,0,35,41,12,12,36,23,32,11,12,12,0,0,38,12,1,19,4,24,32,9,0,11,0,3,29,34,16,8,80,0,0,56,1,14,1,5,31,4,12,0,2,19,0,0,4,22,268,132,246,88,209,224,23,71,41,0,0,0,5,11,165,51,113,546,456,245,156,46,167,17,147,80,16,0,95,17,12,57,38,38,5,8,0,126,33,2,39,44,16,97,58,22,0,11,29,212,0,63,8,267,162,109,18,86,15,11,69,41,31,41,0,71,20,8,194,2,2,17,3,0,104,8,71,0,106,62,88,216,129,201,68,21,32,70,160,47,1,69,0,2,95,66,0,5,83,66,0,37,0,2,0,25,33,14,359,3,0,3,65,6,43,0,2,41,3148,1359,921,1235,578,225,67,6,801,56,35,31,0,40,19,260,171,224,8,25,29,22,17,5,715,5,218,44,0,170,69,206,45,84,127,153,185,0,0,20,31,7,2,7,0,87,4,42,16,12,46,0,13,8,0,6,81,41,0,38,63,0,0,12,0,35,41,12,12,36,23,32,11,12,12,0,0,38,12,1,19,4,24,32,9,0,11,0,3,29,34,16,8,80,0,0,56,1,14,1,5,31,4,12,0,2,19,0,0,4,22,0,4,0,0,0,0,0,0,0,0,0,0,0,0,0,5,0,2,0,0,0,0,0,0,0,0,5,0,0,0,0,0,0,0,0,0,0,0,0,4,0,0,0,0,0,0,0,0,0,0,0,0,0,5,0,2,0,0,0,0,0,0,0,0,5,0,0,0,0,0,0,0,0,0,0,0,0,0,0,0,0,0,0,0,0,0,0,0,0,0,0,0,0,0,0,0,0,0,0,0,0,0,0,0,0,0,0,0,0,0,0,0,0,0,0,0,0,0,0,0,0,0,0,0,0,0,0,0,0,0,0,0,0,0,0,0,0,0,0,0,0,0,0,0,0,0,0,2,0,0,0,0,0,0,0,0,0,0,0,0,0,0,0,0,0,0,0,0,0,0,0,0,0,0,0,0,0,0,0,0,0,0,0,0,0,0,0,0,0,0,0,0,0,0,0,0,0,0,0,0,0,0,0,0,0,0,0,0,0,0,0,0,0,0,0,0,0,0,0,0,0,0,0,0,0,0,0,0,0,0,0,2,0,0,0,0,0,0,0,0,0,0,0,0,0,0,0,0,0,0,0,0,0,0,0,0,0,0
SRR24907908,22703,384,104,323,172,293,350,45,63,33,3,3,4,10,17,117,51,156,581,447,292,242,32,243,19,218,127,67,3,156,10,20,88,69,78,2,36,4,157,61,0,22,30,13,129,95,8,0,6,56,316,0,120,22,363,183,143,17,97,52,16,118,63,32,35,4,105,32,22,269,10,9,12,6,0,120,7,60,0,109,121,107,347,135,165,78,48,54,51,156,83,0,100,0,2,99,89,1,0,105,60,4,94,2,0,2,46,66,26,420,2,1,2,90,13,17,0,12,35,4113,1791,1104,1515,643,317,61,33,1127,51,50,29,0,35,22,270,237,144,3,41,28,24,53,2,1001,0,231,37,2,149,80,131,20,109,170,139,229,0,2,27,34,16,2,0,0,110,0,41,27,62,34,0,21,5,0,14,94,56,7,15,58,0,0,20,0,56,57,20,20,6,20,20,11,20,20,0,0,8,12,2,14,3,7,9,3,18,4,2,0,58,21,20,4,77,2,0,39,2,20,2,2,45,3,20,0,0,45,0,0,2,31,384,104,323,172,293,350,45,63,33,3,3,4,10,17,117,51,156,581,447,292,242,32,243,19,218,127,67,3,156,10,20,88,69,78,2,36,4,157,61,0,22,30,13,129,95,8,0,6,56,316,0,120,22,363,183,143,17,97,52,16,118,63,32,35,4,105,32,22,269,10,9,12,6,0,120,7,60,0,109,121,107,347,135,165,78,48,54,51,156,83,0,100,0,2,99,89,1,0,105,60,4,94,2,0,2,46,66,26,420,2,1,2,90,13,17,0,12,35,4113,1791,1104,1515,643,317,61,33,1127,51,50,29,0,35,22,270,237,144,3,41,28,24,53,2,1001,0,231,37,2,149,80,131,20,109,170,139,229,0,2,27,34,16,2,0,0,110,0,41,27,62,34,0,21,5,0,14,94,56,7,15,58,0,0,20,0,56,57,20,20,6,20,20,11,20,20,0,0,8,12,2,14,3,7,9,3,18,4,2,0,58,21,20,4,77,2,0,39,2,20,2,2,45,3,20,0,0,45,0,0,2,31,0,4,0,0,0,0,4,4,4,0,0,0,0,0,0,11,0,1,0,0,0,2,0,0,0,0,10,0,0,0,0,0,0,0,0,0,0,0,0,4,0,0,0,0,4,4,4,0,0,0,0,0,0,11,0,1,0,0,0,2,0,0,0,0,10,0,0,0,0,0,0,0,0,0,0,0,0,0,0,0,0,0,0,0,0,0,0,0,0,0,0,0,0,0,0,0,0,0,0,0,0,0,0,0,0,0,0,0,0,0,0,0,0,0,0,0,0,0,0,0,0,0,0,0,0,0,0,0,0,0,0,0,0,0,0,0,0,0,0,0,0,0,0,0,0,0,0,0,0,0,0,0,0,0,0,0,0,0,0,0,0,0,0,0,0,0,0,0,0,0,0,0,0,0,0,0,0,0,0,0,0,0,0,0,0,0,0,0,0,0,0,0,0,0,0,0,0,0,0,0,0,0,0,0,0,0,0,0,0,0,0,0,0,0,0,0,0,0,0,0,0,0,0,0,0,0,0,0,0,0,0,0,0,0,0,0,0,0,0,0,0,0,0,0,0,0,0,0,0,0,0,0,0,0,0,0,0,0
SRR24907938,10113,219,90,168,77,140,153,13,63,20,0,5,6,11,2,131,87,78,361,265,172,131,12,122,13,74,47,20,7,73,12,24,33,34,37,1,11,3,80,28,5,23,13,2,39,43,9,0,9,26,162,0,48,5,207,92,72,7,56,8,11,55,36,20,57,3,43,21,5,265,3,3,15,11,0,96,12,52,0,72,36,93,202,156,154,39,27,31,41,62,23,0,69,0,3,36,33,1,7,52,28,0,38,0,0,0,18,24,7,303,5,1,5,16,7,29,0,0,35,2285,996,672,895,493,130,62,15,574,62,16,23,0,55,6,165,232,168,11,41,23,53,25,0,701,4,180,22,4,79,44,105,12,41,93,88,112,0,0,7,24,4,3,0,2,56,0,28,8,15,26,0,5,7,2,2,46,30,0,13,55,0,0,5,0,63,59,5,5,11,22,22,18,5,5,2,2,13,24,3,34,2,11,12,5,0,6,0,0,22,16,35,2,90,1,0,33,3,5,3,0,11,2,5,0,0,14,2,0,0,12,219,90,168,77,140,153,13,63,20,0,5,6,11,2,131,87,78,361,265,172,131,12,122,13,74,47,20,7,73,12,24,33,34,37,1,11,3,80,28,5,23,13,2,39,43,9,0,9,26,162,0,48,5,207,92,72,7,56,8,11,55,36,20,57,3,43,21,5,265,3,3,15,11,0,96,12,52,0,72,36,93,202,156,154,39,27,31,41,62,23,0,69,0,3,36,33,1,7,52,28,0,38,0,0,0,18,24,7,303,5,1,5,16,7,29,0,0,35,2285,996,672,895,493,130,62,15,574,62,16,23,0,55,6,165,232,168,11,41,23,53,25,0,701,4,180,22,4,79,44,105,12,41,93,88,112,0,0,7,24,4,3,0,2,56,0,28,8,15,26,0,5,7,2,2,46,30,0,13,55,0,0,5,0,63,59,5,5,11,22,22,18,5,5,2,2,13,24,3,34,2,11,12,5,0,6,0,0,22,16,35,2,90,1,0,33,3,5,3,0,11,2,5,0,0,14,2,0,0,12,0,0,0,0,1,1,2,2,2,2,0,0,0,0,0,2,0,0,0,0,0,0,0,0,0,0,2,0,0,0,0,0,0,0,0,0,0,0,0,0,0,0,1,1,2,2,2,2,0,0,0,0,0,2,0,0,0,0,0,0,0,0,0,0,2,0,0,0,0,0,0,0,0,0,0,0,0,0,0,0,0,0,0,0,0,0,0,0,0,0,0,0,0,0,0,0,0,0,0,0,0,0,0,0,0,0,0,0,0,0,0,0,0,0,0,0,0,0,0,0,0,0,0,0,0,0,0,0,0,0,0,0,0,0,0,0,0,0,0,0,0,0,0,0,0,0,0,3,0,0,0,0,0,0,0,0,0,0,0,0,0,0,0,0,0,0,0,0,0,0,0,0,0,0,0,0,0,0,0,0,0,0,0,0,0,0,0,0,0,0,0,0,0,0,0,0,0,0,0,0,0,0,0,0,0,0,0,0,0,0,0,0,0,0,0,0,0,0,0,0,0,0,0,0,0,0,0,0,0,0,0,3,0,0,0,0,0,0,0,0,0,0,0,0,0,0,0,0,0,0,0,0,0,0,0,0,0,0
SRR24907942,22081,497,169,322,103,337,331,19,67,60,3,5,6,14,10,215,96,169,776,545,380,231,53,272,34,171,147,56,2,105,9,11,82,41,60,4,25,3,140,40,5,25,87,7,114,83,23,0,23,56,419,2,75,3,380,203,127,25,96,20,12,156,62,66,126,16,79,22,3,452,1,1,15,3,2,166,17,154,0,162,63,125,381,228,311,94,45,75,120,208,36,1,77,2,2,128,100,4,20,126,77,4,66,5,7,5,25,38,17,534,4,0,4,104,7,52,0,2,21,4753,2189,1493,1803,930,264,62,17,1308,91,65,26,0,46,34,411,306,395,5,84,34,21,52,1,1249,6,390,49,0,195,138,285,41,101,152,191,250,0,0,36,84,2,14,3,10,152,3,31,29,25,33,0,19,32,5,0,119,64,0,25,102,0,0,17,0,51,50,17,17,19,50,53,26,17,17,8,2,21,41,14,39,3,72,24,5,0,33,0,5,36,47,11,11,115,4,0,104,14,19,14,0,58,3,17,0,3,62,9,0,0,46,497,169,322,103,337,331,19,67,60,3,5,6,14,10,215,96,169,776,545,380,231,53,272,34,171,147,56,2,105,9,11,82,41,60,4,25,3,140,40,5,25,87,7,114,83,23,0,23,56,419,2,75,3,380,203,127,25,96,20,12,156,62,66,126,16,79,22,3,452,1,1,15,3,2,166,17,154,0,162,63,125,381,228,311,94,45,75,120,208,36,1,77,2,2,128,100,4,20,126,77,4,66,5,7,5,25,38,17,534,4,0,4,104,7,52,0,2,21,4753,2189,1493,1803,930,264,62,17,1308,91,65,26,0,46,34,411,306,395,5,84,34,21,52,1,1249,6,390,49,0,195,138,285,41,101,152,191,250,0,0,36,84,2,14,3,10,152,3,31,29,25,33,0,19,32,5,0,119,64,0,25,102,0,0,17,0,51,50,17,17,19,50,53,26,17,17,8,2,21,41,14,39,3,72,24,5,0,33,0,5,36,47,11,11,115,4,0,104,14,19,14,0,58,3,17,0,3,62,9,0,0,46,0,8,0,0,0,0,15,15,15,0,0,0,0,0,0,0,0,1,0,0,0,0,0,0,0,0,0,0,0,0,0,0,0,0,0,0,0,0,0,8,0,0,0,0,15,15,15,0,0,0,0,0,0,0,0,1,0,0,0,0,0,0,0,0,0,0,0,0,0,0,0,0,0,0,0,0,0,0,0,0,0,0,0,0,0,0,0,0,0,0,0,0,0,0,0,0,0,0,0,0,0,0,0,0,0,0,0,0,0,0,0,0,0,0,0,0,0,0,0,0,0,0,0,0,0,0,0,0,0,0,0,0,0,0,0,0,0,0,0,0,0,0,0,0,0,0,0,3,0,0,0,0,0,0,0,0,0,0,0,0,0,0,0,0,0,0,0,0,0,0,0,0,0,0,0,0,0,0,0,0,0,0,0,0,0,0,0,0,0,0,0,0,0,0,0,0,0,0,0,0,0,0,0,0,0,0,0,0,0,0,0,0,0,0,0,0,0,0,0,0,0,0,0,0,0,0,0,0,0,0,0,3,0,0,0,0,0,0,0,0,0,0,0,0,0,0,0,0,0,0,0,0,0,0,0,0,0,0
SRR24907950,29067,712,96,927,381,850,896,125,73,30,5,9,11,24,10,269,117,176,706,738,477,596,20,170,32,601,293,122,2,200,6,15,360,80,92,0,90,11,315,184,0,45,322,5,62,49,7,7,13,60,318,0,321,3,544,848,788,20,370,4,55,68,98,50,228,0,316,41,3,369,7,7,7,4,0,152,6,308,2,99,137,74,787,139,378,62,17,91,92,221,59,1,288,0,0,75,71,1,14,155,60,9,49,0,1,0,52,71,21,264,0,2,0,146,4,34,10,0,40,6681,3031,1831,3164,1304,289,76,60,2083,279,27,269,0,28,82,316,272,333,0,27,3,0,42,0,1761,15,539,31,0,98,205,201,34,77,164,153,147,0,0,92,74,12,10,2,0,162,0,36,10,5,34,0,8,30,0,11,90,32,0,23,63,0,0,7,0,12,20,7,7,18,51,52,10,7,7,0,0,18,10,0,29,0,7,6,135,0,6,0,2,57,11,1,0,25,9,0,57,0,6,0,0,0,0,7,0,0,32,0,0,0,15,712,96,927,381,850,896,125,73,30,5,9,11,24,10,269,117,176,706,738,477,596,20,170,32,601,293,122,2,200,6,15,360,80,92,0,90,11,315,184,0,45,322,5,62,49,7,7,13,60,318,0,321,3,544,848,788,20,370,4,55,68,98,50,228,0,316,41,3,369,7,7,7,4,0,152,6,308,2,99,137,74,787,139,378,62,17,91,92,221,59,1,288,0,0,75,71,1,14,155,60,9,49,0,1,0,52,71,21,264,0,2,0,146,4,34,10,0,40,6681,3031,1831,3164,1304,289,76,60,2083,279,27,269,0,28,82,316,272,333,0,27,3,0,42,0,1761,15,539,31,0,98,205,201,34,77,164,153,147,0,0,92,74,12,10,2,0,162,0,36,10,5,34,0,8,30,0,11,90,32,0,23,63,0,0,7,0,12,20,7,7,18,51,52,10,7,7,0,0,18,10,0,29,0,7,6,135,0,6,0,2,57,11,1,0,25,9,0,57,0,6,0,0,0,0,7,0,0,32,0,0,0,15,0,0,0,0,0,0,0,0,0,0,0,0,0,0,0,9,0,0,0,0,0,0,0,0,0,0,8,0,0,0,0,0,0,0,0,0,0,0,0,0,0,0,0,0,0,0,0,0,0,0,0,0,0,9,0,0,0,0,0,0,0,0,0,0,8,0,0,0,0,0,0,0,0,0,0,0,0,0,0,0,0,0,0,0,0,0,0,0,0,0,0,0,0,0,0,0,0,0,0,0,0,0,0,0,0,0,0,0,0,0,0,0,0,0,0,0,0,0,0,0,0,0,0,0,0,0,0,0,0,0,0,0,0,0,0,0,0,0,0,0,0,0,0,0,0,0,0,0,0,0,0,0,0,0,0,0,0,0,0,0,0,0,0,0,0,0,0,0,0,0,0,0,0,0,0,0,0,0,0,0,0,0,0,0,0,0,0,0,0,0,0,0,0,0,0,0,0,0,0,0,0,0,0,0,0,0,0,0,0,0,0,0,0,0,0,0,0,0,0,0,0,0,0,0,0,0,0,0,0,0,0,0,0,0,0,0,0,0,0,0,0,0,0,0,0,0,0,0,0,0,0,0,0,0,0,0,0,0
SRR24907956,12503,219,94,142,85,158,199,20,61,14,0,5,6,8,4,119,34,96,419,320,234,201,46,170,7,143,88,28,0,92,9,23,67,46,52,2,29,3,139,39,5,55,33,11,77,73,4,0,12,29,195,2,58,0,224,123,85,26,57,5,10,102,45,30,26,0,45,16,0,166,11,10,12,5,0,116,2,58,0,71,82,69,221,80,146,43,32,43,63,147,62,2,51,0,3,95,49,1,2,83,66,4,67,3,0,3,30,39,19,228,3,0,3,37,18,11,0,0,26,2877,1283,845,1074,478,223,59,36,827,60,40,30,0,31,23,183,145,163,9,19,27,10,37,8,644,18,182,28,0,93,56,126,15,67,138,101,144,0,0,30,26,10,8,2,0,99,4,26,8,5,26,0,6,8,1,8,60,46,0,7,32,0,0,5,0,20,20,5,5,6,23,25,9,5,5,0,0,9,7,0,10,0,6,8,3,0,6,0,0,24,5,10,4,42,0,0,31,0,4,0,7,16,0,5,0,0,6,0,0,1,15,219,94,142,85,158,199,20,61,14,0,5,6,8,4,119,34,96,419,320,234,201,46,170,7,143,88,28,0,92,9,23,67,46,52,2,29,3,139,39,5,55,33,11,77,73,4,0,12,29,195,2,58,0,224,123,85,26,57,5,10,102,45,30,26,0,45,16,0,166,11,10,12,5,0,116,2,58,0,71,82,69,221,80,146,43,32,43,63,147,62,2,51,0,3,95,49,1,2,83,66,4,67,3,0,3,30,39,19,228,3,0,3,37,18,11,0,0,26,2877,1283,845,1074,478,223,59,36,827,60,40,30,0,31,23,183,145,163,9,19,27,10,37,8,644,18,182,28,0,93,56,126,15,67,138,101,144,0,0,30,26,10,8,2,0,99,4,26,8,5,26,0,6,8,1,8,60,46,0,7,32,0,0,5,0,20,20,5,5,6,23,25,9,5,5,0,0,9,7,0,10,0,6,8,3,0,6,0,0,24,5,10,4,42,0,0,31,0,4,0,7,16,0,5,0,0,6,0,0,1,15,0,7,0,0,0,0,0,0,0,0,0,0,0,0,0,6,0,0,0,0,0,0,0,0,0,0,6,0,0,0,0,0,0,0,0,0,0,0,0,7,0,0,0,0,0,0,0,0,0,0,0,0,0,6,0,0,0,0,0,0,0,0,0,0,6,0,0,0,0,0,0,0,0,0,0,0,0,0,0,0,0,0,0,0,0,0,0,0,0,0,0,0,0,0,0,0,0,0,0,0,0,0,0,0,0,0,0,0,0,0,0,0,0,0,0,0,0,0,0,0,0,0,0,0,0,0,0,0,0,0,0,0,0,0,0,0,0,0,0,0,0,0,0,0,0,0,0,0,0,0,0,0,0,0,0,0,0,0,0,0,0,0,0,0,0,0,0,0,0,0,0,0,0,0,0,0,0,0,0,0,0,0,0,0,0,0,0,0,0,0,0,0,0,0,0,0,0,0,0,0,0,0,0,0,0,0,0,0,0,0,0,0,0,0,0,0,0,0,0,0,0,0,0,0,0,0,0,0,0,0,0,0,0,0,0,0,0,0,0,0,0,0,0,0,0,0,0,0,0,0,0,0,0,0,0,0,0,0
SRR24907957,12608,190,64,175,75,152,164,13,46,21,0,0,0,4,17,104,61,81,420,330,202,187,28,112,23,103,69,29,3,89,16,12,46,29,35,1,19,2,121,28,0,34,22,8,60,47,7,0,3,21,133,0,57,2,173,102,64,13,36,11,8,68,51,42,28,0,74,27,2,104,8,8,3,0,0,91,1,56,0,56,50,68,204,97,93,44,11,38,61,106,52,3,59,7,0,68,70,0,9,40,45,0,31,0,0,0,19,27,14,247,0,0,0,63,11,25,0,3,22,2495,1062,620,917,401,153,46,15,682,36,32,19,0,19,7,134,110,161,0,26,18,14,23,0,507,8,150,35,0,101,35,58,21,55,138,126,132,0,0,8,18,12,16,5,8,73,0,21,8,3,32,0,6,0,0,11,72,39,0,29,35,0,0,6,0,30,21,6,6,18,16,23,11,6,6,0,0,19,15,3,16,0,33,13,6,0,7,0,0,26,11,9,0,58,7,0,33,3,6,3,0,17,0,6,0,0,18,7,0,0,16,190,64,175,75,152,164,13,46,21,0,0,0,4,17,104,61,81,420,330,202,187,28,112,23,103,69,29,3,89,16,12,46,29,35,1,19,2,121,28,0,34,22,8,60,47,7,0,3,21,133,0,57,2,173,102,64,13,36,11,8,68,51,42,28,0,74,27,2,104,8,8,3,0,0,91,1,56,0,56,50,68,204,97,93,44,11,38,61,106,52,3,59,7,0,68,70,0,9,40,45,0,31,0,0,0,19,27,14,247,0,0,0,63,11,25,0,3,22,2495,1062,620,917,401,153,46,15,682,36,32,19,0,19,7,134,110,161,0,26,18,14,23,0,507,8,150,35,0,101,35,58,21,55,138,126,132,0,0,8,18,12,16,5,8,73,0,21,8,3,32,0,6,0,0,11,72,39,0,29,35,0,0,6,0,30,21,6,6,18,16,23,11,6,6,0,0,19,15,3,16,0,33,13,6,0,7,0,0,26,11,9,0,58,7,0,33,3,6,3,0,17,0,6,0,0,18,7,0,0,16,0,0,0,0,1,1,0,0,0,0,0,0,0,0,0,10,0,0,0,0,0,3,0,0,0,0,9,0,0,0,0,0,0,0,0,0,0,0,0,0,0,0,1,1,0,0,0,0,0,0,0,0,0,10,0,0,0,0,0,3,0,0,0,0,9,0,0,0,0,0,0,0,0,0,0,0,0,0,0,0,0,0,0,0,0,0,0,0,0,0,0,0,0,0,0,0,0,0,0,0,0,0,0,0,0,0,0,0,0,0,0,0,0,0,0,0,0,0,0,0,0,0,0,0,0,0,0,0,0,0,0,0,0,0,0,0,0,0,0,0,0,0,0,0,0,0,0,0,0,0,0,0,0,0,0,0,0,0,0,0,0,0,0,0,0,0,0,0,0,0,0,0,0,0,0,0,0,0,0,0,0,0,0,0,0,0,0,0,0,0,0,0,0,0,0,0,0,0,0,0,0,0,0,0,0,0,0,0,0,0,0,0,0,0,0,0,0,0,0,0,0,0,0,0,0,0,0,0,0,0,0,0,0,0,0,0,0,0,0,0,0,0,0,0,0,0,0,0,0,0,0,0,0,0,0,0,0,0
SRR24907983,53848,1075,284,1220,592,1198,1181,129,177,88,15,30,35,24,14,514,271,427,1786,1645,878,972,112,607,52,874,565,204,7,314,22,42,455,143,142,10,45,13,438,216,0,46,298,33,271,343,52,0,36,129,925,0,358,51,1074,1257,1101,26,656,69,29,287,235,166,337,5,359,105,51,810,3,3,59,21,2,358,17,382,0,279,358,284,1109,460,708,213,144,295,265,396,136,0,455,0,7,240,196,7,0,284,195,14,322,7,2,7,93,124,86,994,6,4,6,306,34,63,3,2,137,13211,6034,3430,5565,2347,858,162,81,3883,306,122,198,0,83,60,952,694,630,15,121,109,187,70,17,3061,35,1009,89,5,408,227,515,90,204,397,410,518,0,3,71,101,15,26,2,3,420,0,132,84,89,122,0,45,0,9,13,255,145,3,52,143,0,0,45,0,289,269,44,44,41,31,33,27,44,44,5,0,41,44,10,42,0,62,38,49,5,0,3,0,103,106,121,7,382,4,4,136,9,42,10,15,69,0,44,0,0,64,2,0,15,101,1075,284,1220,592,1198,1181,129,177,88,15,30,35,24,14,514,271,427,1786,1645,878,972,112,607,52,874,565,204,7,314,22,42,455,143,142,10,45,13,438,216,0,46,298,33,271,343,52,0,36,129,925,0,358,51,1074,1257,1101,26,656,69,29,287,235,166,337,5,359,105,51,810,3,3,59,21,2,358,17,382,0,279,358,284,1109,460,708,213,144,295,265,396,136,0,455,0,7,240,196,7,0,284,195,14,322,7,2,7,93,124,86,994,6,4,6,306,34,63,3,2,137,13211,6034,3430,5565,2347,858,162,81,3883,306,122,198,0,83,60,952,694,630,15,121,109,187,70,17,3061,35,1009,89,5,408,227,515,90,204,397,410,518,0,3,71,101,15,26,2,3,420,0,132,84,89,122,0,45,0,9,13,255,145,3,52,143,0,0,45,0,289,269,44,44,41,31,33,27,44,44,5,0,41,44,10,42,0,62,38,49,5,0,3,0,103,106,121,7,382,4,4,136,9,42,10,15,69,0,44,0,0,64,2,0,15,101,0,3,0,0,0,0,5,5,5,0,0,0,0,0,0,10,0,0,0,0,0,0,0,0,0,0,9,0,2,0,0,0,0,0,0,0,0,0,0,3,0,0,0,0,5,5,5,0,0,0,0,0,0,10,0,0,0,0,0,0,0,0,0,0,9,0,2,0,0,0,0,0,0,0,0,0,0,0,0,0,0,0,0,0,0,0,0,0,0,0,0,0,0,0,0,0,0,0,0,0,0,0,0,0,0,0,0,0,0,0,0,0,0,0,0,0,0,0,0,0,0,0,0,0,0,0,0,0,0,0,0,0,0,0,0,0,0,0,0,0,0,0,0,0,0,0,0,0,0,0,0,0,0,0,0,0,0,0,0,0,0,0,0,0,0,0,0,0,0,0,0,0,0,0,0,0,0,0,0,0,0,0,0,0,0,0,0,0,0,0,0,0,0,0,0,0,0,0,0,0,0,0,0,0,0,0,0,0,0,0,0,0,0,0,0,0,0,0,0,0,0,0,0,0,0,0,0,0,0,0,0,0,0,0,0,0,0,0,0,0,0,0,0,0,0,0,0,0,0,0,0,0,0,0,0,0,0,0
SRR24907984,69020,1432,532,1178,458,1022,1066,86,285,321,2,10,12,21,16,851,404,586,2645,2143,1284,969,143,875,122,736,488,167,4,389,35,42,306,166,135,18,40,25,559,175,5,98,264,30,396,288,101,0,80,124,1213,16,262,32,1270,793,574,66,421,80,44,399,193,190,278,11,252,74,30,1363,4,4,145,86,6,647,37,539,3,457,325,440,1291,736,1020,333,143,374,420,557,126,0,446,0,10,455,305,15,6,463,233,11,227,4,7,4,76,119,61,1830,10,8,10,292,24,123,0,8,156,16423,7201,4836,6242,3099,1022,277,106,4560,297,178,145,3,227,108,1265,987,1366,31,277,228,125,115,21,4207,62,1167,217,14,635,378,949,149,302,625,745,778,0,16,126,160,20,21,14,4,445,16,200,84,84,164,3,67,59,2,7,341,198,4,120,322,3,5,57,0,241,200,59,59,109,148,166,78,59,63,10,11,109,92,12,148,10,187,97,14,2,45,6,3,158,136,67,18,391,10,4,289,11,60,16,7,197,10,59,3,3,64,4,0,6,140,1432,532,1178,458,1022,1066,86,285,321,2,10,12,21,16,851,404,586,2645,2143,1284,969,143,875,122,736,488,167,4,389,35,42,306,166,135,18,40,25,559,175,5,98,264,30,396,288,101,0,80,124,1213,16,262,32,1270,793,574,66,421,80,44,399,193,190,278,11,252,74,30,1363,4,4,145,86,6,647,37,539,3,457,325,440,1291,736,1020,333,143,374,420,557,126,0,446,0,10,455,305,15,6,463,233,11,227,4,7,4,76,119,61,1830,10,8,10,292,24,123,0,8,156,16423,7201,4836,6242,3099,1022,277,106,4560,297,178,145,3,227,108,1265,987,1366,31,277,228,125,115,21,4207,62,1167,217,14,635,378,949,149,302,625,745,778,0,16,126,160,20,21,14,4,445,16,200,84,84,164,3,67,59,2,7,341,198,4,120,322,3,5,57,0,241,200,59,59,109,148,166,78,59,63,10,11,109,92,12,148,10,187,97,14,2,45,6,3,158,136,67,18,391,10,4,289,11,60,16,7,197,10,59,3,3,64,4,0,6,140,0,8,0,0,3,3,0,0,0,0,0,0,0,0,3,7,7,4,3,0,6,0,14,0,0,14,26,8,0,3,0,3,0,11,0,3,5,9,0,8,0,0,3,3,0,0,0,0,0,0,0,0,3,7,7,4,3,0,6,0,14,0,0,14,26,8,0,3,0,3,0,11,0,3,5,9,0,0,0,3,14,20,0,5,3,3,3,3,9,3,3,3,14,0,3,3,3,3,3,3,3,3,3,3,3,3,5,3,3,3,3,3,3,5,0,3,3,11,3,16,3,3,3,7,3,0,3,3,3,8,0,3,3,3,11,0,0,0,0,0,7,3,3,5,5,3,7,0,3,3,3,3,3,3,3,3,3,3,3,0,0,0,0,3,14,20,0,5,3,3,3,3,9,3,3,3,14,0,3,3,3,3,3,3,3,3,3,3,3,3,5,3,3,3,3,3,3,5,0,3,3,11,3,16,3,3,3,7,3,0,3,3,3,8,0,3,3,3,11,0,0,0,0,0,7,3,3,5,5,3,7,0,3,3,3,3,3,3,3,3,3,3,3,0,0,0,0,0,0,0,0,0,0,0,0,0,0,0
SRR24908007,14913,255,105,221,134,242,252,34,51,25,3,0,0,13,21,99,40,120,475,383,230,182,16,169,11,167,75,40,0,137,15,11,86,63,68,0,13,0,140,57,0,23,13,12,82,61,9,0,0,49,211,0,67,0,256,126,81,35,49,7,12,77,48,28,26,0,74,8,0,172,3,3,3,3,2,114,6,40,0,68,86,73,221,123,143,38,34,29,73,119,50,0,85,0,2,71,85,0,0,52,78,1,60,0,0,0,43,57,29,283,2,0,2,41,8,17,0,4,20,3044,1383,831,1143,517,238,50,14,794,57,40,28,0,23,3,177,151,147,9,22,12,7,48,1,623,9,184,33,0,103,71,101,24,80,164,114,144,0,0,3,11,11,5,1,0,71,0,37,23,3,43,0,16,0,4,10,71,45,0,26,41,0,0,16,0,25,29,16,16,18,8,9,6,16,16,3,0,19,6,0,15,0,22,13,0,0,0,0,0,30,10,5,0,34,4,0,28,0,15,0,1,8,0,16,0,0,36,0,0,1,18,255,105,221,134,242,252,34,51,25,3,0,0,13,21,99,40,120,475,383,230,182,16,169,11,167,75,40,0,137,15,11,86,63,68,0,13,0,140,57,0,23,13,12,82,61,9,0,0,49,211,0,67,0,256,126,81,35,49,7,12,77,48,28,26,0,74,8,0,172,3,3,3,3,2,114,6,40,0,68,86,73,221,123,143,38,34,29,73,119,50,0,85,0,2,71,85,0,0,52,78,1,60,0,0,0,43,57,29,283,2,0,2,41,8,17,0,4,20,3044,1383,831,1143,517,238,50,14,794,57,40,28,0,23,3,177,151,147,9,22,12,7,48,1,623,9,184,33,0,103,71,101,24,80,164,114,144,0,0,3,11,11,5,1,0,71,0,37,23,3,43,0,16,0,4,10,71,45,0,26,41,0,0,16,0,25,29,16,16,18,8,9,6,16,16,3,0,19,6,0,15,0,22,13,0,0,0,0,0,30,10,5,0,34,4,0,28,0,15,0,1,8,0,16,0,0,36,0,0,1,18,0,0,0,0,0,0,0,0,0,0,0,0,0,0,0,8,0,1,0,0,0,0,0,0,0,0,8,0,0,0,0,0,0,0,0,0,0,0,0,0,0,0,0,0,0,0,0,0,0,0,0,0,0,8,0,1,0,0,0,0,0,0,0,0,8,0,0,0,0,0,0,0,0,0,0,0,0,0,0,0,0,0,0,0,0,0,0,0,0,0,0,0,0,0,0,0,0,0,0,0,0,0,0,0,0,0,0,0,0,0,0,0,0,0,0,0,0,0,0,0,0,0,0,0,0,0,0,0,0,0,0,0,0,0,0,0,0,0,0,0,0,0,0,0,0,0,0,0,0,0,0,0,0,0,0,0,0,0,0,0,0,0,0,0,0,0,0,0,0,0,0,0,0,0,0,0,0,0,0,0,0,0,0,0,0,0,0,0,0,0,0,0,0,0,0,0,0,0,0,0,0,0,0,0,0,0,0,0,0,0,0,0,0,0,0,0,0,0,0,0,0,0,0,0,0,0,0,0,0,0,0,0,0,0,0,0,0,0,0,0,0,0,0,0,0,0,0,0,0,0,0,0,0,0,0,0,0,0
SRR24908040,13479,281,76,231,129,233,246,28,52,41,10,0,0,5,8,115,51,80,421,323,205,183,23,129,26,146,89,48,0,105,12,16,66,43,35,2,35,14,117,40,0,31,40,5,55,57,13,0,11,51,159,2,62,2,210,113,77,17,57,3,19,39,46,39,51,3,64,13,2,190,0,7,21,25,9,95,7,74,2,71,67,61,230,123,147,45,33,31,41,142,39,0,89,0,3,64,77,0,2,67,56,4,50,0,0,0,19,27,16,241,10,0,10,58,9,39,0,13,11,2787,1282,812,1084,499,180,59,46,764,45,19,35,0,25,21,248,172,193,5,34,19,9,40,0,653,4,199,25,0,95,66,130,23,36,117,88,111,0,2,21,16,5,7,0,0,67,0,25,3,7,26,0,3,5,0,3,34,30,0,33,31,0,0,3,0,15,16,3,3,14,16,15,7,3,3,3,3,16,10,2,13,2,13,15,3,0,3,2,2,32,14,6,28,30,4,0,22,2,8,2,0,25,2,3,0,8,19,0,0,1,12,281,76,231,129,233,246,28,52,41,10,0,0,5,8,115,51,80,421,323,205,183,23,129,26,146,89,48,0,105,12,16,66,43,35,2,35,14,117,40,0,31,40,5,55,57,13,0,11,51,159,2,62,2,210,113,77,17,57,3,19,39,46,39,51,3,64,13,2,190,0,7,21,25,9,95,7,74,2,71,67,61,230,123,147,45,33,31,41,142,39,0,89,0,3,64,77,0,2,67,56,4,50,0,0,0,19,27,16,241,10,0,10,58,9,39,0,13,11,2787,1282,812,1084,499,180,59,46,764,45,19,35,0,25,21,248,172,193,5,34,19,9,40,0,653,4,199,25,0,95,66,130,23,36,117,88,111,0,2,21,16,5,7,0,0,67,0,25,3,7,26,0,3,5,0,3,34,30,0,33,31,0,0,3,0,15,16,3,3,14,16,15,7,3,3,3,3,16,10,2,13,2,13,15,3,0,3,2,2,32,14,6,28,30,4,0,22,2,8,2,0,25,2,3,0,8,19,0,0,1,12,0,2,0,0,0,0,0,0,0,4,4,0,0,0,0,2,0,0,0,0,0,0,0,0,0,0,2,0,0,0,0,0,0,0,0,0,0,0,0,2,0,0,0,0,0,0,0,4,4,0,0,0,0,2,0,0,0,0,0,0,0,0,0,0,2,0,0,0,0,0,0,0,0,0,0,0,4,4,0,0,0,0,0,0,0,0,0,0,0,0,0,0,0,0,0,0,0,0,0,0,0,0,0,0,0,0,0,0,0,0,0,0,0,0,0,0,0,0,0,0,0,0,0,0,0,0,0,0,0,0,0,0,0,0,0,0,0,0,0,0,0,0,0,0,0,0,0,8,0,0,0,0,0,0,0,0,0,0,0,0,4,4,0,0,0,0,0,0,0,0,0,0,0,0,0,0,0,0,0,0,0,0,0,0,0,0,0,0,0,0,0,0,0,0,0,0,0,0,0,0,0,0,0,0,0,0,0,0,0,0,0,0,0,0,0,0,0,0,0,0,0,0,0,0,0,0,0,0,0,0,0,8,0,0,0,0,0,0,0,0,0,0,0,0,0,0,0,0,0,0,0,0,0,0,0,0,0,0
SRR24908049,9093,200,82,151,58,142,188,11,44,18,0,11,14,11,3,97,48,86,344,226,166,159,33,114,9,104,60,18,0,75,8,11,59,43,38,0,10,0,107,35,0,24,14,8,58,41,15,0,7,25,180,0,37,2,185,89,53,18,38,3,7,72,32,15,43,2,35,13,2,227,1,1,10,11,0,68,4,52,0,79,42,49,192,94,131,43,25,31,65,83,25,2,48,3,0,59,55,2,4,34,30,3,29,0,1,0,25,34,9,230,0,0,0,31,9,7,0,3,8,2263,1011,652,887,445,172,43,16,654,68,24,16,0,26,6,214,167,166,5,22,34,25,15,4,499,0,159,29,0,77,55,106,15,27,71,86,114,0,0,8,18,2,1,1,2,56,0,23,23,4,21,0,10,0,0,1,56,27,0,8,32,0,0,9,0,33,35,9,9,7,9,10,6,9,9,3,2,7,10,3,14,0,24,14,10,0,2,0,0,18,20,12,4,51,0,0,44,3,9,3,3,12,0,9,0,0,12,2,0,4,16,200,82,151,58,142,188,11,44,18,0,11,14,11,3,97,48,86,344,226,166,159,33,114,9,104,60,18,0,75,8,11,59,43,38,0,10,0,107,35,0,24,14,8,58,41,15,0,7,25,180,0,37,2,185,89,53,18,38,3,7,72,32,15,43,2,35,13,2,227,1,1,10,11,0,68,4,52,0,79,42,49,192,94,131,43,25,31,65,83,25,2,48,3,0,59,55,2,4,34,30,3,29,0,1,0,25,34,9,230,0,0,0,31,9,7,0,3,8,2263,1011,652,887,445,172,43,16,654,68,24,16,0,26,6,214,167,166,5,22,34,25,15,4,499,0,159,29,0,77,55,106,15,27,71,86,114,0,0,8,18,2,1,1,2,56,0,23,23,4,21,0,10,0,0,1,56,27,0,8,32,0,0,9,0,33,35,9,9,7,9,10,6,9,9,3,2,7,10,3,14,0,24,14,10,0,2,0,0,18,20,12,4,51,0,0,44,3,9,3,3,12,0,9,0,0,12,2,0,4,16,0,3,0,0,2,2,0,0,0,0,0,0,0,0,0,1,0,0,0,0,0,0,0,0,0,0,1,0,3,0,0,0,0,0,0,0,0,0,0,3,0,0,2,2,0,0,0,0,0,0,0,0,0,1,0,0,0,0,0,0,0,0,0,0,1,0,3,0,0,0,0,0,0,0,0,0,0,0,0,0,0,0,0,0,0,0,0,0,0,0,0,0,0,0,0,0,0,0,0,0,0,0,0,0,0,0,0,0,0,0,0,0,0,0,0,0,0,0,0,0,0,0,0,0,0,0,0,0,0,0,0,0,0,0,0,0,0,0,0,0,0,0,0,0,0,0,0,0,0,0,0,0,0,0,0,0,0,0,0,0,0,0,0,0,0,0,0,0,0,0,0,0,0,0,0,0,0,0,0,0,0,0,0,0,0,0,0,0,0,0,0,0,0,0,0,0,0,0,0,0,0,0,0,0,0,0,0,0,0,0,0,0,0,0,0,0,0,0,0,0,0,0,0,0,0,0,0,0,0,0,0,0,0,0,0,0,0,0,0,0,0,0,0,0,0,0,0,0,0,0,0,0,0,0,0,0,0,0
SRR6784403,21687,390,105,257,129,195,249,62,124,68,10,19,23,13,8,187,122,211,678,584,437,204,80,261,50,141,147,18,3,95,44,48,65,70,50,0,10,9,202,61,10,27,18,8,104,101,49,0,25,18,343,0,98,17,461,75,42,20,50,24,58,190,90,26,106,0,66,33,17,448,3,3,25,29,8,195,17,108,0,153,56,92,263,293,291,114,22,20,70,128,71,4,60,8,0,150,76,0,16,146,108,11,58,3,6,3,22,40,6,476,0,0,0,112,8,33,2,3,28,4664,1744,1275,1496,811,241,130,48,1173,121,57,57,0,41,10,405,253,282,31,90,67,69,31,0,878,33,323,131,3,185,137,270,29,116,179,207,274,0,3,10,75,5,9,3,0,68,10,54,27,31,31,0,27,7,1,3,122,26,5,21,97,0,0,15,0,41,35,15,15,17,45,47,30,15,15,9,0,19,55,21,66,3,50,16,17,8,7,3,2,60,22,0,4,77,0,0,117,21,19,23,0,23,3,15,9,0,17,0,0,20,76,390,105,257,129,195,249,62,124,68,10,19,23,13,8,187,122,211,678,584,437,204,80,261,50,141,147,18,3,95,44,48,65,70,50,0,10,9,202,61,10,27,18,8,104,101,49,0,25,18,343,0,98,17,461,75,42,20,50,24,58,190,90,26,106,0,66,33,17,448,3,3,25,29,8,195,17,108,0,153,56,92,263,293,291,114,22,20,70,128,71,4,60,8,0,150,76,0,16,146,108,11,58,3,6,3,22,40,6,476,0,0,0,112,8,33,2,3,28,4664,1744,1275,1496,811,241,130,48,1173,121,57,57,0,41,10,405,253,282,31,90,67,69,31,0,878,33,323,131,3,185,137,270,29,116,179,207,274,0,3,10,75,5,9,3,0,68,10,54,27,31,31,0,27,7,1,3,122,26,5,21,97,0,0,15,0,41,35,15,15,17,45,47,30,15,15,9,0,19,55,21,66,3,50,16,17,8,7,3,2,60,22,0,4,77,0,0,117,21,19,23,0,23,3,15,9,0,17,0,0,20,76,0,3,0,0,2,2,0,0,0,0,0,0,0,0,0,3,0,0,0,0,0,0,0,0,0,0,3,0,0,0,0,0,0,0,0,0,0,0,0,3,0,0,2,2,0,0,0,0,0,0,0,0,0,3,0,0,0,0,0,0,0,0,0,0,3,0,0,0,0,0,0,0,0,0,0,0,0,0,0,0,0,0,0,0,0,0,0,0,0,0,0,0,0,0,0,0,0,0,0,0,0,0,0,0,0,0,0,0,0,0,0,0,0,0,0,0,0,0,0,0,0,0,0,0,0,0,0,0,0,0,0,0,0,0,0,0,0,0,0,0,0,0,0,0,0,0,0,0,0,0,0,0,0,0,0,0,0,0,0,0,0,0,0,0,0,0,0,0,0,0,0,0,0,0,0,0,0,0,0,0,0,0,0,0,0,0,0,0,0,0,0,0,0,0,0,0,0,0,0,0,0,0,0,0,0,0,0,0,0,0,0,0,0,0,0,0,0,0,0,0,0,0,0,0,0,0,0,0,0,0,0,0,0,0,0,0,0,0,0,0,0,0,0,0,0,0,0,0,0,0,0,0,0,0,0,0,0,0
SRR6784406,83914,1974,488,1072,727,804,967,429,675,326,2,59,71,69,19,1062,488,1133,3121,2360,2310,1330,495,1172,225,722,632,159,22,330,107,205,218,314,296,3,31,58,1094,331,7,185,153,11,541,374,201,0,70,199,1551,0,348,92,1849,484,315,144,146,102,186,826,196,103,616,0,197,118,92,2293,3,3,47,46,95,960,7,758,6,440,342,343,1491,1116,1442,438,255,110,369,614,385,61,328,13,16,351,267,9,43,856,541,75,222,0,10,0,144,212,38,1809,15,7,15,406,17,139,3,3,59,21716,8329,6335,7633,4264,1113,688,178,5557,421,220,251,0,249,114,1162,1044,1265,40,356,255,137,153,7,3772,158,1265,598,4,846,552,743,231,309,833,904,1232,0,51,131,229,45,54,0,30,376,15,179,208,88,256,0,141,36,19,37,459,102,0,181,433,0,0,102,0,309,186,102,102,150,232,235,111,102,101,15,0,162,347,181,267,4,98,40,75,2,16,51,0,226,111,40,0,153,0,2,402,185,111,198,6,74,4,102,4,0,158,29,0,80,683,1974,488,1072,727,804,967,429,675,326,2,59,71,69,19,1062,488,1133,3121,2360,2310,1330,495,1172,225,722,632,159,22,330,107,205,218,314,296,3,31,58,1094,331,7,185,153,11,541,374,201,0,70,199,1551,0,348,92,1849,484,315,144,146,102,186,826,196,103,616,0,197,118,92,2293,3,3,47,46,95,960,7,758,6,440,342,343,1491,1116,1442,438,255,110,369,614,385,61,328,13,16,351,267,9,43,856,541,75,222,0,10,0,144,212,38,1809,15,7,15,406,17,139,3,3,59,21716,8329,6335,7633,4264,1113,688,178,5557,421,220,251,0,249,114,1162,1044,1265,40,356,255,137,153,7,3772,158,1265,598,4,846,552,743,231,309,833,904,1232,0,51,131,229,45,54,0,30,376,15,179,208,88,256,0,141,36,19,37,459,102,0,181,433,0,0,102,0,309,186,102,102,150,232,235,111,102,101,15,0,162,347,181,267,4,98,40,75,2,16,51,0,226,111,40,0,153,0,2,402,185,111,198,6,74,4,102,4,0,158,29,0,80,683,0,20,0,0,8,8,0,0,0,0,0,0,0,0,0,9,0,1,0,0,0,11,0,0,0,0,9,0,0,0,0,0,0,0,0,0,0,0,0,20,0,0,8,8,0,0,0,0,0,0,0,0,0,9,0,1,0,0,0,11,0,0,0,0,9,0,0,0,0,0,0,0,0,0,0,0,0,0,0,0,0,0,0,0,0,0,0,0,0,0,0,0,0,0,0,0,0,0,0,0,0,0,0,0,0,0,0,0,0,0,0,0,0,0,0,0,0,0,0,0,0,0,0,0,0,0,0,0,0,0,0,0,0,0,0,0,0,0,0,0,0,0,0,0,0,0,0,0,0,0,0,0,0,0,0,0,0,0,0,0,0,0,0,0,0,0,0,0,0,0,0,0,0,0,0,0,0,0,0,0,0,0,0,0,0,0,0,0,0,0,0,0,0,0,0,0,0,0,0,0,0,0,0,0,0,0,0,0,0,0,0,0,0,0,0,0,0,0,0,0,0,0,0,0,0,0,0,0,0,0,0,0,0,0,0,0,0,0,0,0,0,0,0,0,0,0,0,0,0,0,0,0,0,0,0,0,0,0
SRR6784524,117155,1454,378,1794,1243,687,1077,105,838,452,24,76,92,46,0,1004,957,1294,4011,3023,1765,799,242,1646,77,972,895,136,9,706,292,129,106,218,138,29,75,57,848,462,5,57,41,96,264,709,201,0,166,136,2964,0,293,39,2227,558,203,148,141,191,229,936,252,103,714,2,265,59,39,2138,0,0,119,98,13,938,30,313,14,433,159,388,816,1571,1230,543,97,64,468,477,542,2,320,28,12,758,524,10,133,572,761,5,452,0,90,0,69,182,13,2578,11,5,11,660,69,450,0,0,63,24813,10262,6457,7975,4300,1864,856,139,6784,627,360,29,0,249,13,3006,1905,1617,38,348,48,31,677,22,5211,205,2100,660,6,521,524,2397,293,289,918,623,859,0,0,11,229,18,303,0,5,549,2,314,49,179,263,0,11,5,0,15,992,27,9,208,551,0,0,9,0,79,138,9,9,175,333,337,48,9,9,0,2,188,100,40,154,0,329,31,76,0,35,0,3,204,124,4,9,545,0,0,999,41,10,43,20,6,0,9,0,0,51,5,0,56,192,1454,378,1794,1243,687,1077,105,838,452,24,76,92,46,0,1004,957,1294,4011,3023,1765,799,242,1646,77,972,895,136,9,706,292,129,106,218,138,29,75,57,848,462,5,57,41,96,264,709,201,0,166,136,2964,0,293,39,2227,558,203,148,141,191,229,936,252,103,714,2,265,59,39,2138,0,0,119,98,13,938,30,313,14,433,159,388,816,1571,1230,543,97,64,468,477,542,2,320,28,12,758,524,10,133,572,761,5,452,0,90,0,69,182,13,2578,11,5,11,660,69,450,0,0,63,24813,10262,6457,7975,4300,1864,856,139,6784,627,360,29,0,249,13,3006,1905,1617,38,348,48,31,677,22,5211,205,2100,660,6,521,524,2397,293,289,918,623,859,0,0,11,229,18,303,0,5,549,2,314,49,179,263,0,11,5,0,15,992,27,9,208,551,0,0,9,0,79,138,9,9,175,333,337,48,9,9,0,2,188,100,40,154,0,329,31,76,0,35,0,3,204,124,4,9,545,0,0,999,41,10,43,20,6,0,9,0,0,51,5,0,56,192,0,0,0,0,7,7,0,0,0,0,0,0,0,0,0,22,3,7,0,0,0,34,0,0,3,0,23,0,0,0,4,0,0,0,3,0,0,0,0,0,0,0,7,7,0,0,0,0,0,0,0,0,0,22,3,7,0,0,0,34,0,0,3,0,23,0,0,0,4,0,0,0,3,0,0,0,0,0,3,0,0,0,0,0,0,0,0,0,0,0,0,0,0,0,0,0,0,0,0,0,0,0,0,0,0,0,0,0,0,0,0,0,0,0,0,0,0,0,0,0,0,0,0,0,0,0,0,0,0,0,0,0,0,0,0,0,0,0,0,0,0,0,0,0,0,0,0,0,0,0,0,0,0,0,0,0,0,0,0,0,0,0,3,0,0,0,0,0,0,0,0,0,0,0,0,0,0,0,0,0,0,0,0,0,0,0,0,0,0,0,0,0,0,0,0,0,0,0,0,0,0,0,0,0,0,0,0,0,0,0,0,0,0,0,0,0,0,0,0,0,0,0,0,0,0,0,0,0,0,0,0,0,0,0,0,0,0,0,0,0,0,0,0,0,0,0,0,0,0,0,0,0,0,0,0,0,0,0
SRR6784528,23615,525,165,310,187,187,303,88,240,81,2,7,9,7,6,278,55,326,898,624,695,419,214,415,56,206,241,43,3,89,12,77,38,51,43,5,28,36,284,57,0,89,45,4,202,120,51,0,16,38,389,0,183,29,329,142,149,15,20,28,96,197,150,5,98,0,145,66,29,546,3,3,23,14,26,250,5,151,0,155,116,93,398,289,400,112,28,30,146,191,120,2,97,3,0,80,53,8,26,243,175,2,77,0,0,0,35,30,0,351,0,6,0,86,9,39,0,0,12,6007,2257,1793,2186,1078,357,240,35,1679,114,44,73,0,27,9,395,229,467,5,161,94,10,22,0,1013,44,363,117,0,220,197,185,54,81,178,271,338,0,18,20,57,25,6,6,0,88,2,21,31,35,71,0,55,22,0,21,124,72,5,43,113,0,0,17,0,45,37,17,17,35,62,65,60,17,17,0,0,37,101,35,85,0,25,5,0,0,15,18,9,105,24,32,4,38,0,0,94,36,18,39,0,9,0,17,7,0,34,0,0,6,204,525,165,310,187,187,303,88,240,81,2,7,9,7,6,278,55,326,898,624,695,419,214,415,56,206,241,43,3,89,12,77,38,51,43,5,28,36,284,57,0,89,45,4,202,120,51,0,16,38,389,0,183,29,329,142,149,15,20,28,96,197,150,5,98,0,145,66,29,546,3,3,23,14,26,250,5,151,0,155,116,93,398,289,400,112,28,30,146,191,120,2,97,3,0,80,53,8,26,243,175,2,77,0,0,0,35,30,0,351,0,6,0,86,9,39,0,0,12,6007,2257,1793,2186,1078,357,240,35,1679,114,44,73,0,27,9,395,229,467,5,161,94,10,22,0,1013,44,363,117,0,220,197,185,54,81,178,271,338,0,18,20,57,25,6,6,0,88,2,21,31,35,71,0,55,22,0,21,124,72,5,43,113,0,0,17,0,45,37,17,17,35,62,65,60,17,17,0,0,37,101,35,85,0,25,5,0,0,15,18,9,105,24,32,4,38,0,0,94,36,18,39,0,9,0,17,7,0,34,0,0,6,204,0,0,0,0,0,0,0,0,0,0,0,0,0,0,0,16,0,1,0,0,0,0,0,0,0,0,16,0,0,0,0,0,0,0,0,0,0,0,0,0,0,0,0,0,0,0,0,0,0,0,0,0,0,16,0,1,0,0,0,0,0,0,0,0,16,0,0,0,0,0,0,0,0,0,0,0,0,0,0,0,0,0,0,0,0,0,0,0,0,0,0,0,0,0,0,0,0,0,0,0,0,0,0,0,0,0,0,0,0,0,0,0,0,0,0,0,0,0,0,0,0,0,0,0,0,0,0,0,0,0,0,0,0,0,0,0,0,0,0,0,0,0,0,0,0,0,0,0,0,0,0,0,0,0,0,0,0,0,0,0,0,0,0,0,0,0,0,0,0,0,0,0,0,0,0,0,0,0,0,0,0,0,0,0,0,0,0,0,0,0,0,0,0,0,0,0,0,0,0,0,0,0,0,0,0,0,0,0,0,0,0,0,0,0,0,0,0,0,0,0,0,0,0,0,0,0,0,0,0,0,0,0,0,0,0,0,0,0,0,0,0,0,0,0,0,0,0,0,0,0,0,0,0,0,0,0,0,0
SRR6784540,54759,891,245,765,504,509,735,161,406,102,2,69,83,42,36,388,303,511,1848,1289,932,529,153,694,118,385,373,69,14,307,151,124,107,104,119,11,20,25,428,149,9,59,42,16,217,313,86,0,66,17,1119,0,236,29,1192,255,63,62,45,58,73,547,251,66,355,0,260,126,29,1103,13,12,36,25,38,506,18,336,4,279,108,240,645,636,748,242,63,41,223,278,291,9,221,4,5,247,184,10,56,333,207,13,141,21,13,21,59,90,23,1114,4,4,4,197,39,127,0,0,26,11589,4755,3283,3891,2062,723,413,50,3037,286,203,77,0,150,18,1270,906,870,28,161,84,62,203,0,1937,57,1031,234,4,312,362,754,74,167,496,384,494,0,21,30,186,16,82,5,18,299,10,147,33,38,79,0,31,11,10,13,411,44,38,43,213,0,0,19,0,107,87,19,19,37,111,114,54,19,19,45,0,39,100,38,134,0,142,17,10,0,7,21,17,104,127,33,3,218,0,5,426,39,20,41,0,45,0,19,0,0,31,17,0,19,187,891,245,765,504,509,735,161,406,102,2,69,83,42,36,388,303,511,1848,1289,932,529,153,694,118,385,373,69,14,307,151,124,107,104,119,11,20,25,428,149,9,59,42,16,217,313,86,0,66,17,1119,0,236,29,1192,255,63,62,45,58,73,547,251,66,355,0,260,126,29,1103,13,12,36,25,38,506,18,336,4,279,108,240,645,636,748,242,63,41,223,278,291,9,221,4,5,247,184,10,56,333,207,13,141,21,13,21,59,90,23,1114,4,4,4,197,39,127,0,0,26,11589,4755,3283,3891,2062,723,413,50,3037,286,203,77,0,150,18,1270,906,870,28,161,84,62,203,0,1937,57,1031,234,4,312,362,754,74,167,496,384,494,0,21,30,186,16,82,5,18,299,10,147,33,38,79,0,31,11,10,13,411,44,38,43,213,0,0,19,0,107,87,19,19,37,111,114,54,19,19,45,0,39,100,38,134,0,142,17,10,0,7,21,17,104,127,33,3,218,0,5,426,39,20,41,0,45,0,19,0,0,31,17,0,19,187,0,0,0,0,9,9,0,0,0,0,0,0,0,0,0,0,14,9,0,0,0,0,0,0,14,0,0,0,0,0,6,0,0,0,14,0,0,0,0,0,0,0,9,9,0,0,0,0,0,0,0,0,0,0,14,9,0,0,0,0,0,0,14,0,0,0,0,0,6,0,0,0,14,0,0,0,0,0,0,0,0,0,0,0,0,0,0,0,0,0,0,0,0,0,0,0,0,0,0,0,0,0,0,0,0,0,0,0,0,0,0,0,0,0,0,0,0,0,0,0,0,0,0,0,0,0,0,0,0,0,0,0,0,0,0,0,0,0,0,0,0,0,0,0,0,0,0,0,0,0,0,0,0,0,0,0,0,0,0,0,0,0,0,0,0,0,0,0,0,0,0,0,0,0,0,0,0,0,0,0,0,0,0,0,0,0,0,0,0,0,0,0,0,0,0,0,0,0,0,0,0,0,0,0,0,0,0,0,0,0,0,0,0,0,0,0,0,0,0,0,0,0,0,0,0,0,0,0,0,0,0,0,0,0,0,0,0,0,0,0,0,0,0,0,0,0,0,0,0,0,0,0,0,0,0,0,0,0
SRR6784551,31490,595,207,385,310,295,367,132,178,81,0,30,35,7,8,322,153,430,1006,892,767,358,125,437,50,212,223,50,10,124,47,61,109,76,68,0,34,20,275,72,3,60,48,24,168,113,64,0,43,36,532,0,108,20,636,112,53,32,48,28,54,304,105,45,172,0,108,54,19,719,7,7,28,32,11,364,8,153,0,146,74,196,430,466,531,153,26,54,115,206,129,8,126,7,11,207,116,0,19,300,216,11,53,0,7,0,25,38,15,704,10,0,10,116,7,66,0,0,29,7319,2618,2196,2301,1344,376,178,56,1908,185,94,110,0,41,8,628,518,392,20,147,61,37,74,5,1445,59,528,179,5,260,144,268,54,174,280,280,349,0,6,11,94,17,41,2,10,146,9,50,137,36,50,0,63,16,0,9,229,44,8,36,229,0,0,44,0,96,84,44,44,29,118,120,48,44,44,2,0,35,79,27,93,2,85,28,14,0,15,6,2,91,30,8,15,135,0,3,216,28,47,29,5,22,2,44,0,0,27,10,0,0,192,595,207,385,310,295,367,132,178,81,0,30,35,7,8,322,153,430,1006,892,767,358,125,437,50,212,223,50,10,124,47,61,109,76,68,0,34,20,275,72,3,60,48,24,168,113,64,0,43,36,532,0,108,20,636,112,53,32,48,28,54,304,105,45,172,0,108,54,19,719,7,7,28,32,11,364,8,153,0,146,74,196,430,466,531,153,26,54,115,206,129,8,126,7,11,207,116,0,19,300,216,11,53,0,7,0,25,38,15,704,10,0,10,116,7,66,0,0,29,7319,2618,2196,2301,1344,376,178,56,1908,185,94,110,0,41,8,628,518,392,20,147,61,37,74,5,1445,59,528,179,5,260,144,268,54,174,280,280,349,0,6,11,94,17,41,2,10,146,9,50,137,36,50,0,63,16,0,9,229,44,8,36,229,0,0,44,0,96,84,44,44,29,118,120,48,44,44,2,0,35,79,27,93,2,85,28,14,0,15,6,2,91,30,8,15,135,0,3,216,28,47,29,5,22,2,44,0,0,27,10,0,0,192,0,0,0,0,6,6,0,0,0,0,0,0,0,0,0,8,2,5,0,0,0,4,0,0,2,0,9,0,0,0,0,0,0,0,2,0,0,0,0,0,0,0,6,6,0,0,0,0,0,0,0,0,0,8,2,5,0,0,0,4,0,0,2,0,9,0,0,0,0,0,0,0,2,0,0,0,0,0,0,0,0,0,0,0,0,0,0,0,0,0,0,0,0,0,0,0,0,0,0,0,0,0,0,0,0,0,0,0,0,0,0,0,0,0,0,0,0,0,0,0,0,0,0,0,0,0,0,0,0,0,0,0,0,0,0,0,0,0,0,0,0,0,0,0,0,0,0,0,0,0,0,0,0,0,0,0,0,0,0,0,0,0,0,0,0,0,0,0,0,0,0,0,0,0,0,0,0,0,0,0,0,0,0,0,0,0,0,0,0,0,0,0,0,0,0,0,0,0,0,0,0,0,0,0,0,0,0,0,0,0,0,0,0,0,0,0,0,0,0,0,0,0,0,0,0,0,0,0,0,0,0,0,0,0,0,0,0,0,0,0,0,0,0,0,0,0,0,0,0,0,0,0,0,0,0,0,0,0
SRR6784554,14808,265,86,208,160,104,166,60,92,44,6,10,12,11,0,168,98,195,475,360,313,178,66,253,36,125,114,27,1,72,33,22,39,30,29,3,8,11,135,34,5,36,23,5,80,77,32,0,18,20,276,0,73,8,210,48,26,12,28,15,33,173,52,16,85,2,70,27,8,319,5,5,13,6,17,142,4,89,4,70,49,55,198,216,235,54,14,13,60,105,65,1,63,0,2,123,52,7,21,125,95,0,45,0,6,0,13,20,4,306,2,5,2,52,5,43,0,0,17,3441,1347,990,1116,627,206,92,10,1015,96,59,54,0,17,7,313,221,239,10,92,22,13,40,7,603,19,214,82,6,86,76,149,23,54,124,91,133,0,3,7,36,2,21,0,3,81,4,32,38,15,23,0,26,6,1,2,78,20,0,19,77,0,0,20,0,73,39,20,20,16,39,39,21,20,20,0,2,17,33,11,30,0,19,3,10,0,8,3,0,49,15,16,0,35,0,0,83,12,21,12,6,12,0,20,0,0,11,3,0,27,108,265,86,208,160,104,166,60,92,44,6,10,12,11,0,168,98,195,475,360,313,178,66,253,36,125,114,27,1,72,33,22,39,30,29,3,8,11,135,34,5,36,23,5,80,77,32,0,18,20,276,0,73,8,210,48,26,12,28,15,33,173,52,16,85,2,70,27,8,319,5,5,13,6,17,142,4,89,4,70,49,55,198,216,235,54,14,13,60,105,65,1,63,0,2,123,52,7,21,125,95,0,45,0,6,0,13,20,4,306,2,5,2,52,5,43,0,0,17,3441,1347,990,1116,627,206,92,10,1015,96,59,54,0,17,7,313,221,239,10,92,22,13,40,7,603,19,214,82,6,86,76,149,23,54,124,91,133,0,3,7,36,2,21,0,3,81,4,32,38,15,23,0,26,6,1,2,78,20,0,19,77,0,0,20,0,73,39,20,20,16,39,39,21,20,20,0,2,17,33,11,30,0,19,3,10,0,8,3,0,49,15,16,0,35,0,0,83,12,21,12,6,12,0,20,0,0,11,3,0,27,108,0,0,0,0,1,1,0,0,0,0,0,0,0,0,0,0,0,0,0,0,0,0,0,0,0,0,0,0,0,0,0,0,0,0,0,0,0,0,0,0,0,0,1,1,0,0,0,0,0,0,0,0,0,0,0,0,0,0,0,0,0,0,0,0,0,0,0,0,0,0,0,0,0,0,0,0,0,0,0,0,0,0,0,0,0,0,0,0,0,0,0,0,0,0,0,0,0,0,0,0,0,0,0,0,0,0,0,0,0,0,0,0,0,0,0,0,0,0,0,0,0,0,0,0,0,0,0,0,0,0,0,0,0,0,0,0,0,0,0,0,0,0,0,0,0,0,0,0,0,0,0,0,0,0,0,0,0,0,0,0,0,0,0,0,0,0,0,0,0,0,0,0,0,0,0,0,0,0,0,0,0,0,0,0,0,0,0,0,0,0,0,0,0,0,0,0,0,0,0,0,0,0,0,0,0,0,0,0,0,0,0,0,0,0,0,0,0,0,0,0,0,0,0,0,0,0,0,0,0,0,0,0,0,0,0,0,0,0,0,0,0,0,0,0,0,0,0,0,0,0,0,0,0,0,0,0,0,0
SRR6784564,26154,527,210,366,189,200,226,95,194,53,0,27,32,67,19,360,109,304,929,779,585,330,114,297,48,148,164,19,8,60,17,71,51,41,38,2,7,11,219,65,21,47,39,8,116,100,72,0,34,22,414,0,93,21,392,168,118,39,41,33,148,182,73,11,100,0,80,39,21,538,0,0,7,4,11,210,14,119,3,208,62,118,378,363,395,87,59,22,170,123,84,6,76,5,0,88,77,3,25,204,151,17,57,0,0,0,24,28,6,514,0,3,0,71,4,67,2,0,16,5825,2171,1759,2046,1245,263,199,34,1395,86,71,57,0,40,12,457,351,328,31,94,51,32,42,10,993,36,361,170,0,278,132,178,36,155,175,401,437,0,7,14,142,17,22,10,5,52,8,25,54,27,53,0,41,13,2,14,153,44,8,33,106,0,0,16,0,55,24,16,16,25,72,78,41,16,16,0,0,27,66,22,65,0,33,31,3,12,48,7,2,57,30,3,3,96,0,2,138,23,17,24,9,39,0,16,0,0,30,5,0,6,133,527,210,366,189,200,226,95,194,53,0,27,32,67,19,360,109,304,929,779,585,330,114,297,48,148,164,19,8,60,17,71,51,41,38,2,7,11,219,65,21,47,39,8,116,100,72,0,34,22,414,0,93,21,392,168,118,39,41,33,148,182,73,11,100,0,80,39,21,538,0,0,7,4,11,210,14,119,3,208,62,118,378,363,395,87,59,22,170,123,84,6,76,5,0,88,77,3,25,204,151,17,57,0,0,0,24,28,6,514,0,3,0,71,4,67,2,0,16,5825,2171,1759,2046,1245,263,199,34,1395,86,71,57,0,40,12,457,351,328,31,94,51,32,42,10,993,36,361,170,0,278,132,178,36,155,175,401,437,0,7,14,142,17,22,10,5,52,8,25,54,27,53,0,41,13,2,14,153,44,8,33,106,0,0,16,0,55,24,16,16,25,72,78,41,16,16,0,0,27,66,22,65,0,33,31,3,12,48,7,2,57,30,3,3,96,0,2,138,23,17,24,9,39,0,16,0,0,30,5,0,6,133,0,0,0,0,0,0,0,0,0,0,0,0,0,0,0,15,0,0,0,0,0,5,0,0,0,0,16,0,0,0,3,0,0,0,0,0,0,0,0,0,0,0,0,0,0,0,0,0,0,0,0,0,0,15,0,0,0,0,0,5,0,0,0,0,16,0,0,0,3,0,0,0,0,0,0,0,0,0,0,0,0,0,0,0,0,0,0,0,0,0,0,0,0,0,0,0,0,0,0,0,0,0,0,0,0,0,0,0,0,0,0,0,0,0,0,0,0,0,0,0,0,0,0,0,0,0,0,0,0,0,0,0,0,0,0,0,0,0,0,0,0,0,0,0,0,0,0,0,0,0,0,0,0,0,0,0,0,0,0,0,0,0,0,0,0,0,0,0,0,0,0,0,0,0,0,0,0,0,0,0,0,0,0,0,0,0,0,0,0,0,0,0,0,0,0,0,0,0,0,0,0,0,0,0,0,0,0,0,0,0,0,0,0,0,0,0,0,0,0,0,0,0,0,0,0,0,0,0,0,0,0,0,0,0,0,0,0,0,0,0,0,0,0,0,0,0,0,0,0,0,0,0,0,0,0,0,0,0
SRR6784567,36325,899,227,613,204,541,283,77,150,70,0,52,62,36,0,293,154,369,850,822,834,260,112,402,44,329,179,22,0,203,30,28,132,187,183,3,41,21,306,165,5,20,18,23,159,249,54,0,19,14,517,0,144,24,666,79,64,17,82,37,204,231,80,46,198,0,115,37,24,590,0,0,36,30,9,211,34,117,0,186,89,168,691,690,492,118,49,97,97,159,62,3,134,5,15,156,105,5,13,153,115,4,145,0,10,0,136,124,44,540,14,4,14,125,8,49,2,3,48,7141,3040,2307,2479,1682,434,138,56,2032,92,74,135,0,67,13,571,458,524,12,62,75,61,42,19,1606,38,676,138,5,218,401,518,34,111,175,253,269,0,4,14,297,8,21,6,3,126,4,62,33,33,31,0,30,7,0,6,317,31,5,38,89,0,0,19,0,98,52,16,16,16,34,36,39,16,19,12,3,18,59,18,94,3,41,18,23,0,12,4,0,38,26,0,4,63,10,2,305,18,20,19,4,11,3,16,0,0,13,3,0,9,169,899,227,613,204,541,283,77,150,70,0,52,62,36,0,293,154,369,850,822,834,260,112,402,44,329,179,22,0,203,30,28,132,187,183,3,41,21,306,165,5,20,18,23,159,249,54,0,19,14,517,0,144,24,666,79,64,17,82,37,204,231,80,46,198,0,115,37,24,590,0,0,36,30,9,211,34,117,0,186,89,168,691,690,492,118,49,97,97,159,62,3,134,5,15,156,105,5,13,153,115,4,145,0,10,0,136,124,44,540,14,4,14,125,8,49,2,3,48,7141,3040,2307,2479,1682,434,138,56,2032,92,74,135,0,67,13,571,458,524,12,62,75,61,42,19,1606,38,676,138,5,218,401,518,34,111,175,253,269,0,4,14,297,8,21,6,3,126,4,62,33,33,31,0,30,7,0,6,317,31,5,38,89,0,0,19,0,98,52,16,16,16,34,36,39,16,19,12,3,18,59,18,94,3,41,18,23,0,12,4,0,38,26,0,4,63,10,2,305,18,20,19,4,11,3,16,0,0,13,3,0,9,169,0,0,0,0,0,0,0,0,0,0,0,0,0,0,0,7,0,2,0,0,0,0,0,0,0,0,7,3,0,0,0,0,3,3,0,0,0,3,0,0,0,0,0,0,0,0,0,0,0,0,0,0,0,7,0,2,0,0,0,0,0,0,0,0,7,3,0,0,0,0,3,3,0,0,0,3,0,0,0,0,0,3,0,3,0,0,0,0,0,0,0,0,3,0,0,0,0,0,0,0,0,0,0,0,0,0,0,0,0,0,0,0,0,0,0,0,0,0,0,0,0,0,0,0,0,0,0,0,0,0,0,0,0,0,0,0,0,0,0,0,0,0,0,0,3,0,0,0,0,0,0,0,0,0,0,0,0,0,0,0,0,0,0,0,0,3,0,3,0,0,0,0,0,0,0,0,3,0,0,0,0,0,0,0,0,0,0,0,0,0,0,0,0,0,0,0,0,0,0,0,0,0,0,0,0,0,0,0,0,0,0,0,0,0,0,0,0,0,0,0,0,0,0,0,0,0,0,0,3,0,0,0,0,0,0,0,0,0,0,0,0,0,0,0,0,0,0,0,0,0,0,0,0,0,0,0,0,0
SRR6784574,95214,1733,650,1248,762,823,1020,453,679,224,3,44,53,49,5,1133,232,1183,3197,2629,2446,1301,572,1687,226,829,767,188,16,364,98,267,175,291,285,0,17,90,1179,310,3,336,206,23,544,379,150,0,143,127,1322,0,474,94,1548,348,169,109,71,100,256,809,207,44,282,0,328,172,94,2009,0,0,22,12,57,808,7,643,8,482,403,312,1393,1094,1466,436,174,71,453,737,507,36,286,10,0,388,196,17,113,887,557,49,259,16,6,16,169,212,14,1626,0,12,0,352,14,194,6,0,23,22079,7944,6422,7194,4121,1263,686,100,6323,623,303,439,0,122,49,1101,1324,1414,25,662,102,77,75,17,3576,209,1326,470,0,915,451,581,162,402,769,828,1361,0,10,48,240,48,38,14,7,283,11,94,218,89,203,0,217,73,15,40,344,195,15,132,454,0,0,118,0,313,205,118,118,107,227,236,183,118,118,3,0,115,325,122,256,0,63,17,8,0,52,10,7,416,73,18,35,111,0,0,292,125,124,134,15,38,0,118,2,0,123,7,0,24,668,1733,650,1248,762,823,1020,453,679,224,3,44,53,49,5,1133,232,1183,3197,2629,2446,1301,572,1687,226,829,767,188,16,364,98,267,175,291,285,0,17,90,1179,310,3,336,206,23,544,379,150,0,143,127,1322,0,474,94,1548,348,169,109,71,100,256,809,207,44,282,0,328,172,94,2009,0,0,22,12,57,808,7,643,8,482,403,312,1393,1094,1466,436,174,71,453,737,507,36,286,10,0,388,196,17,113,887,557,49,259,16,6,16,169,212,14,1626,0,12,0,352,14,194,6,0,23,22079,7944,6422,7194,4121,1263,686,100,6323,623,303,439,0,122,49,1101,1324,1414,25,662,102,77,75,17,3576,209,1326,470,0,915,451,581,162,402,769,828,1361,0,10,48,240,48,38,14,7,283,11,94,218,89,203,0,217,73,15,40,344,195,15,132,454,0,0,118,0,313,205,118,118,107,227,236,183,118,118,3,0,115,325,122,256,0,63,17,8,0,52,10,7,416,73,18,35,111,0,0,292,125,124,134,15,38,0,118,2,0,123,7,0,24,668,0,0,0,0,8,8,0,0,0,0,0,0,0,0,0,50,0,0,0,0,0,0,0,0,0,0,52,0,0,0,2,0,0,0,0,0,0,0,0,0,0,0,8,8,0,0,0,0,0,0,0,0,0,50,0,0,0,0,0,0,0,0,0,0,52,0,0,0,2,0,0,0,0,0,0,0,0,0,0,0,0,0,0,0,0,0,0,0,0,0,0,0,0,0,0,0,0,0,0,0,0,0,0,0,0,0,0,0,0,0,0,0,0,0,0,0,0,0,0,0,0,0,0,0,0,0,0,0,0,0,0,0,0,0,0,0,0,0,0,0,0,0,0,0,0,0,0,0,0,0,0,0,0,0,0,0,0,0,0,0,0,0,0,0,0,0,0,0,0,0,0,0,0,0,0,0,0,0,0,0,0,0,0,0,0,0,0,0,0,0,0,0,0,0,0,0,0,0,0,0,0,0,0,0,0,0,0,0,0,0,0,0,0,0,0,0,0,0,0,0,0,0,0,0,0,0,0,0,0,0,0,0,0,0,0,0,0,0,0,0,0,0,0,0,0,0,0,0,0,0,0,0,0,0,0,0,0,0
SRR6784579,59791,1331,506,964,476,789,686,216,328,114,3,49,59,66,25,820,254,646,1760,1567,1362,616,208,926,74,468,408,99,8,309,80,106,236,260,259,6,27,18,626,276,18,98,61,35,305,442,109,2,63,64,1024,0,436,31,1060,186,79,57,79,48,354,531,108,51,251,7,382,51,31,1006,0,0,30,24,24,444,20,250,5,316,133,323,1137,872,958,231,87,117,260,316,209,11,322,12,6,255,140,6,57,372,305,18,287,5,9,5,166,195,42,1031,6,5,6,158,17,127,5,0,49,14090,5192,4077,4304,2956,704,337,54,3728,295,153,286,0,86,33,1023,958,1023,47,280,89,158,166,3,2558,74,1252,269,7,449,517,809,74,211,352,452,575,0,8,33,442,10,64,3,13,242,17,63,108,42,77,0,80,21,5,8,544,56,0,64,250,0,0,60,0,222,129,60,60,43,122,124,75,60,60,4,7,47,127,42,158,2,100,29,17,0,34,8,2,156,68,10,18,187,0,5,543,43,65,46,3,56,2,60,0,0,46,12,0,6,377,1331,506,964,476,789,686,216,328,114,3,49,59,66,25,820,254,646,1760,1567,1362,616,208,926,74,468,408,99,8,309,80,106,236,260,259,6,27,18,626,276,18,98,61,35,305,442,109,2,63,64,1024,0,436,31,1060,186,79,57,79,48,354,531,108,51,251,7,382,51,31,1006,0,0,30,24,24,444,20,250,5,316,133,323,1137,872,958,231,87,117,260,316,209,11,322,12,6,255,140,6,57,372,305,18,287,5,9,5,166,195,42,1031,6,5,6,158,17,127,5,0,49,14090,5192,4077,4304,2956,704,337,54,3728,295,153,286,0,86,33,1023,958,1023,47,280,89,158,166,3,2558,74,1252,269,7,449,517,809,74,211,352,452,575,0,8,33,442,10,64,3,13,242,17,63,108,42,77,0,80,21,5,8,544,56,0,64,250,0,0,60,0,222,129,60,60,43,122,124,75,60,60,4,7,47,127,42,158,2,100,29,17,0,34,8,2,156,68,10,18,187,0,5,543,43,65,46,3,56,2,60,0,0,46,12,0,6,377,0,0,0,0,0,0,0,0,0,0,0,0,0,0,0,6,0,0,0,0,0,0,0,0,0,0,6,0,0,0,0,0,0,0,0,0,0,0,0,0,0,0,0,0,0,0,0,0,0,0,0,0,0,6,0,0,0,0,0,0,0,0,0,0,6,0,0,0,0,0,0,0,0,0,0,0,0,0,0,0,0,0,0,0,0,0,0,0,0,0,0,0,0,0,0,0,0,0,0,0,0,0,0,0,0,0,0,0,0,0,0,0,0,0,0,0,0,0,0,0,0,0,0,0,0,0,0,0,0,0,0,0,0,0,0,0,0,0,0,0,0,0,0,0,0,0,0,0,0,0,0,0,0,0,0,0,0,0,0,0,0,0,0,0,0,0,0,0,0,0,0,0,0,0,0,0,0,0,0,0,0,0,0,0,0,0,0,0,0,0,0,0,0,0,0,0,0,0,0,0,0,0,0,0,0,0,0,0,0,0,0,0,0,0,0,0,0,0,0,0,0,0,0,0,0,0,0,0,0,0,0,0,0,0,0,0,0,0,0,0,0,0,0,0,0,0,0,0,0,0,0,0,0,0,0,0,0,0
SRR6784585,32797,681,180,433,266,288,386,175,241,112,2,19,23,14,31,418,129,433,1138,978,805,487,190,543,55,265,265,57,13,124,29,79,94,129,132,4,25,14,432,138,5,65,65,11,188,188,80,0,27,72,587,0,115,18,581,156,60,53,37,27,71,235,74,26,135,0,85,38,18,760,9,9,20,18,32,325,5,192,6,172,119,144,523,397,470,150,97,37,185,202,175,24,105,5,15,81,100,3,26,308,208,33,111,0,0,0,52,87,22,577,14,2,14,115,13,54,0,2,10,7898,2977,2305,2645,1543,447,248,80,2119,155,82,87,0,83,36,472,443,507,24,166,52,36,48,4,1324,58,524,209,3,397,198,314,75,211,342,332,533,0,9,37,107,14,14,2,0,134,5,46,44,16,83,0,39,12,2,11,188,43,5,59,178,0,0,25,0,60,55,25,25,49,105,106,41,25,25,4,0,53,107,52,76,2,42,28,13,0,14,9,16,104,37,21,9,77,0,2,165,53,27,57,4,33,2,25,0,0,51,0,0,19,189,681,180,433,266,288,386,175,241,112,2,19,23,14,31,418,129,433,1138,978,805,487,190,543,55,265,265,57,13,124,29,79,94,129,132,4,25,14,432,138,5,65,65,11,188,188,80,0,27,72,587,0,115,18,581,156,60,53,37,27,71,235,74,26,135,0,85,38,18,760,9,9,20,18,32,325,5,192,6,172,119,144,523,397,470,150,97,37,185,202,175,24,105,5,15,81,100,3,26,308,208,33,111,0,0,0,52,87,22,577,14,2,14,115,13,54,0,2,10,7898,2977,2305,2645,1543,447,248,80,2119,155,82,87,0,83,36,472,443,507,24,166,52,36,48,4,1324,58,524,209,3,397,198,314,75,211,342,332,533,0,9,37,107,14,14,2,0,134,5,46,44,16,83,0,39,12,2,11,188,43,5,59,178,0,0,25,0,60,55,25,25,49,105,106,41,25,25,4,0,53,107,52,76,2,42,28,13,0,14,9,16,104,37,21,9,77,0,2,165,53,27,57,4,33,2,25,0,0,51,0,0,19,189,0,0,0,0,0,0,0,0,0,0,0,0,0,0,0,9,0,9,0,0,0,6,0,0,0,0,10,0,0,0,0,0,0,0,0,0,0,0,0,0,0,0,0,0,0,0,0,0,0,0,0,0,0,9,0,9,0,0,0,6,0,0,0,0,10,0,0,0,0,0,0,0,0,0,0,0,0,0,0,0,0,0,0,0,0,0,0,0,0,0,0,0,0,0,0,0,0,0,0,0,0,0,0,0,0,0,0,0,0,0,0,0,0,0,0,0,0,0,0,0,0,0,0,0,0,0,0,0,0,0,0,0,0,0,0,0,0,0,0,0,0,0,0,0,0,0,0,0,0,0,0,0,0,0,0,0,0,0,0,0,0,0,0,0,0,0,0,0,0,0,0,0,0,0,0,0,0,0,0,0,0,0,0,0,0,0,0,0,0,0,0,0,0,0,0,0,0,0,0,0,0,0,0,0,0,0,0,0,0,0,0,0,0,0,0,0,0,0,0,0,0,0,0,0,0,0,0,0,0,0,0,0,0,0,0,0,0,0,0,0,0,0,0,0,0,0,0,0,0,0,0,0,0,0,0,0,0,0
SRR6784590,72352,1548,418,936,496,886,967,294,530,201,0,56,68,55,0,944,248,892,2670,2345,1876,1116,422,1090,149,571,605,137,9,253,63,164,167,228,221,7,17,73,895,261,5,208,178,11,393,339,125,0,63,171,1263,0,323,27,1609,328,139,108,57,36,216,535,87,36,238,0,255,53,27,1685,3,3,15,10,53,663,3,510,6,354,260,312,1339,856,1147,301,186,77,348,507,384,47,190,6,3,264,136,2,53,677,370,51,203,0,3,0,134,164,9,1229,3,0,3,287,19,121,8,0,26,17752,6406,5042,5686,3387,901,544,107,4616,398,149,280,0,186,56,1010,921,1006,49,339,162,59,75,36,2905,127,1096,473,6,733,441,605,146,393,702,625,1107,0,5,51,209,41,31,15,9,217,22,63,164,28,177,0,132,41,2,34,318,172,0,119,363,0,0,86,0,186,121,86,86,100,198,207,109,86,86,0,0,108,255,117,155,3,66,40,6,0,31,5,0,252,72,0,14,109,0,2,271,120,93,128,33,55,3,86,0,0,117,9,0,10,451,1548,418,936,496,886,967,294,530,201,0,56,68,55,0,944,248,892,2670,2345,1876,1116,422,1090,149,571,605,137,9,253,63,164,167,228,221,7,17,73,895,261,5,208,178,11,393,339,125,0,63,171,1263,0,323,27,1609,328,139,108,57,36,216,535,87,36,238,0,255,53,27,1685,3,3,15,10,53,663,3,510,6,354,260,312,1339,856,1147,301,186,77,348,507,384,47,190,6,3,264,136,2,53,677,370,51,203,0,3,0,134,164,9,1229,3,0,3,287,19,121,8,0,26,17752,6406,5042,5686,3387,901,544,107,4616,398,149,280,0,186,56,1010,921,1006,49,339,162,59,75,36,2905,127,1096,473,6,733,441,605,146,393,702,625,1107,0,5,51,209,41,31,15,9,217,22,63,164,28,177,0,132,41,2,34,318,172,0,119,363,0,0,86,0,186,121,86,86,100,198,207,109,86,86,0,0,108,255,117,155,3,66,40,6,0,31,5,0,252,72,0,14,109,0,2,271,120,93,128,33,55,3,86,0,0,117,9,0,10,451,0,2,0,0,2,2,0,0,0,0,0,0,0,0,0,46,0,0,0,0,0,0,0,0,0,0,48,0,0,0,5,0,0,0,0,0,0,0,0,2,0,0,2,2,0,0,0,0,0,0,0,0,0,46,0,0,0,0,0,0,0,0,0,0,48,0,0,0,5,0,0,0,0,0,0,0,0,0,0,0,0,0,0,0,0,0,0,0,0,0,0,0,0,0,0,0,0,0,0,0,0,0,0,0,0,0,0,0,0,0,0,0,0,0,0,0,0,0,0,0,0,0,0,0,0,0,0,0,0,0,0,0,0,0,0,0,0,0,0,0,0,0,0,0,0,0,0,0,0,0,0,0,0,0,0,0,0,0,0,0,0,0,0,0,0,0,0,0,0,0,0,0,0,0,0,0,0,0,0,0,0,0,0,0,0,0,0,0,0,0,0,0,0,0,0,0,0,0,0,0,0,0,0,0,0,0,0,0,0,0,0,0,0,0,0,0,0,0,0,0,0,0,0,0,0,0,0,0,0,0,0,0,0,0,0,0,0,0,0,0,0,0,0,0,0,0,0,0,0,0,0,0,0,0,0,0,0,0
SRR6784591,66993,1229,259,916,621,590,728,163,467,228,3,21,25,51,20,952,482,802,2289,2080,1247,900,239,951,91,440,470,48,3,303,113,155,198,223,289,13,52,45,781,227,5,144,96,23,381,393,110,0,41,103,1277,0,194,30,1288,432,117,123,62,53,214,426,285,78,383,0,160,64,30,1665,34,32,60,52,22,699,10,359,11,371,128,375,852,1014,1005,305,157,76,280,392,394,71,158,17,6,392,198,10,46,549,310,29,189,0,18,0,86,141,14,1438,31,8,31,454,34,158,0,11,33,16078,5839,4641,4869,2935,803,499,130,3852,260,151,124,0,206,87,1566,1156,814,69,268,43,17,176,6,1906,163,1049,496,3,775,233,737,131,397,690,571,1085,0,6,63,160,53,27,3,7,211,2,111,96,56,153,0,45,8,0,37,523,98,0,99,410,0,0,29,0,98,62,30,30,81,227,231,107,30,29,15,0,93,199,78,165,20,219,45,47,2,23,6,7,159,78,23,12,362,0,0,492,79,84,85,6,78,20,30,0,21,60,7,0,0,196,1229,259,916,621,590,728,163,467,228,3,21,25,51,20,952,482,802,2289,2080,1247,900,239,951,91,440,470,48,3,303,113,155,198,223,289,13,52,45,781,227,5,144,96,23,381,393,110,0,41,103,1277,0,194,30,1288,432,117,123,62,53,214,426,285,78,383,0,160,64,30,1665,34,32,60,52,22,699,10,359,11,371,128,375,852,1014,1005,305,157,76,280,392,394,71,158,17,6,392,198,10,46,549,310,29,189,0,18,0,86,141,14,1438,31,8,31,454,34,158,0,11,33,16078,5839,4641,4869,2935,803,499,130,3852,260,151,124,0,206,87,1566,1156,814,69,268,43,17,176,6,1906,163,1049,496,3,775,233,737,131,397,690,571,1085,0,6,63,160,53,27,3,7,211,2,111,96,56,153,0,45,8,0,37,523,98,0,99,410,0,0,29,0,98,62,30,30,81,227,231,107,30,29,15,0,93,199,78,165,20,219,45,47,2,23,6,7,159,78,23,12,362,0,0,492,79,84,85,6,78,20,30,0,21,60,7,0,0,196,0,6,0,0,0,0,0,0,0,5,0,0,0,0,0,49,0,0,0,0,0,8,0,0,0,0,51,0,0,0,0,0,0,0,0,0,0,0,0,6,0,0,0,0,0,0,0,5,0,0,0,0,0,49,0,0,0,0,0,8,0,0,0,0,51,0,0,0,0,0,0,0,0,0,0,0,5,0,7,0,0,0,0,0,0,0,0,0,0,0,0,0,0,0,0,0,0,0,0,0,0,0,0,0,0,0,0,0,0,0,0,0,0,0,0,0,0,0,0,0,0,0,0,0,0,0,0,0,0,0,0,0,0,0,0,0,0,0,0,0,0,0,0,0,0,0,0,21,0,0,0,0,0,0,0,0,0,0,0,0,5,0,7,0,0,0,0,0,0,0,0,0,0,0,0,0,0,0,0,0,0,0,0,0,0,0,0,0,0,0,0,0,0,0,0,0,0,0,0,0,0,0,0,0,0,0,0,0,0,0,0,0,0,0,0,0,0,0,0,0,0,0,0,0,0,0,0,0,0,0,0,21,0,0,0,0,0,0,0,0,0,0,0,0,0,0,0,0,0,0,0,0,0,0,0,0,0,0
SRR8556880,30947,516,230,436,231,286,260,51,129,202,3,13,16,16,14,260,122,382,1220,880,768,394,106,492,41,212,211,49,3,160,30,31,92,93,85,0,29,12,256,54,1,77,85,7,217,95,41,0,38,95,513,0,104,14,497,140,79,40,58,49,21,304,86,20,120,0,73,24,14,708,4,5,44,39,3,397,10,168,0,200,85,175,435,373,412,207,64,67,147,237,115,0,141,1,9,166,121,6,19,312,182,7,56,2,4,2,36,56,22,885,8,4,8,109,23,55,0,1,26,7228,2878,2033,2468,1361,459,126,52,1932,89,139,104,0,58,13,604,631,637,18,134,162,108,46,6,1450,39,513,188,3,275,196,407,66,162,344,294,372,0,0,16,79,7,4,1,0,248,0,126,46,34,92,0,65,9,1,3,276,93,9,39,223,0,0,51,0,182,138,51,51,48,109,106,61,51,51,5,0,50,68,9,77,0,120,33,6,0,4,0,0,89,64,41,6,204,4,0,221,9,54,8,5,53,0,51,3,0,34,0,0,0,170,516,230,436,231,286,260,51,129,202,3,13,16,16,14,260,122,382,1220,880,768,394,106,492,41,212,211,49,3,160,30,31,92,93,85,0,29,12,256,54,1,77,85,7,217,95,41,0,38,95,513,0,104,14,497,140,79,40,58,49,21,304,86,20,120,0,73,24,14,708,4,5,44,39,3,397,10,168,0,200,85,175,435,373,412,207,64,67,147,237,115,0,141,1,9,166,121,6,19,312,182,7,56,2,4,2,36,56,22,885,8,4,8,109,23,55,0,1,26,7228,2878,2033,2468,1361,459,126,52,1932,89,139,104,0,58,13,604,631,637,18,134,162,108,46,6,1450,39,513,188,3,275,196,407,66,162,344,294,372,0,0,16,79,7,4,1,0,248,0,126,46,34,92,0,65,9,1,3,276,93,9,39,223,0,0,51,0,182,138,51,51,48,109,106,61,51,51,5,0,50,68,9,77,0,120,33,6,0,4,0,0,89,64,41,6,204,4,0,221,9,54,8,5,53,0,51,3,0,34,0,0,0,170,0,2,0,0,4,4,0,0,0,0,0,0,0,0,0,3,0,2,0,0,0,0,0,0,0,0,3,0,4,0,0,0,0,3,0,0,3,0,0,2,0,0,4,4,0,0,0,0,0,0,0,0,0,3,0,2,0,0,0,0,0,0,0,0,3,0,4,0,0,0,0,3,0,0,3,0,0,0,0,0,3,0,0,0,0,0,0,0,0,0,0,0,0,0,0,0,0,0,0,0,0,0,0,0,0,0,0,0,0,0,0,0,0,0,0,0,0,0,0,0,0,0,0,0,0,0,0,0,0,0,0,0,0,0,0,0,0,0,0,0,0,0,0,0,0,0,0,0,0,0,0,0,0,0,0,0,0,0,0,0,0,0,0,0,3,0,0,0,0,0,0,0,0,0,0,0,0,0,0,0,0,0,0,0,0,0,0,0,0,0,0,0,0,0,0,0,0,0,0,0,0,0,0,0,0,0,0,0,0,0,0,0,0,0,0,0,0,0,0,0,0,0,0,0,0,0,0,0,0,0,0,0,0,0,0,0,0,0,0,0,0,0,0,0,0,0,0,0,0,0,0,0,0,0,0,0,0,0
SRR8556900,22358,380,58,528,198,419,347,50,77,49,1,0,0,9,5,218,95,83,532,538,285,275,10,130,25,286,208,39,1,90,16,35,149,37,22,3,5,4,227,136,3,21,144,3,58,37,12,2,16,17,126,0,92,9,343,310,248,4,140,12,27,48,40,17,56,3,88,22,9,373,0,0,22,14,2,96,2,171,0,47,101,41,410,111,257,49,24,47,50,133,49,0,167,0,5,49,31,3,0,65,38,3,23,0,0,0,13,20,2,201,4,2,4,65,8,20,0,0,12,3849,1756,1048,1716,645,210,73,17,1214,164,26,174,0,13,44,292,171,154,10,50,23,17,20,2,983,13,277,38,3,82,60,88,14,38,80,90,99,0,0,53,10,3,0,1,0,73,0,29,8,14,21,0,9,2,0,3,58,12,0,47,43,0,0,9,0,41,25,9,9,14,19,20,12,9,9,2,0,12,16,6,14,0,16,4,0,0,3,0,0,20,24,7,2,40,0,0,45,6,9,5,2,12,0,9,0,0,11,0,0,0,43,380,58,528,198,419,347,50,77,49,1,0,0,9,5,218,95,83,532,538,285,275,10,130,25,286,208,39,1,90,16,35,149,37,22,3,5,4,227,136,3,21,144,3,58,37,12,2,16,17,126,0,92,9,343,310,248,4,140,12,27,48,40,17,56,3,88,22,9,373,0,0,22,14,2,96,2,171,0,47,101,41,410,111,257,49,24,47,50,133,49,0,167,0,5,49,31,3,0,65,38,3,23,0,0,0,13,20,2,201,4,2,4,65,8,20,0,0,12,3849,1756,1048,1716,645,210,73,17,1214,164,26,174,0,13,44,292,171,154,10,50,23,17,20,2,983,13,277,38,3,82,60,88,14,38,80,90,99,0,0,53,10,3,0,1,0,73,0,29,8,14,21,0,9,2,0,3,58,12,0,47,43,0,0,9,0,41,25,9,9,14,19,20,12,9,9,2,0,12,16,6,14,0,16,4,0,0,3,0,0,20,24,7,2,40,0,0,45,6,9,5,2,12,0,9,0,0,11,0,0,0,43,0,2,0,0,3,3,3,3,3,0,0,0,0,0,0,3,0,0,0,0,0,0,0,0,0,0,3,0,0,0,3,0,0,0,0,0,0,0,0,2,0,0,3,3,3,3,3,0,0,0,0,0,0,3,0,0,0,0,0,0,0,0,0,0,3,0,0,0,3,0,0,0,0,0,0,0,0,0,0,0,0,0,0,0,0,0,0,0,0,0,0,0,0,0,0,0,0,0,0,0,0,0,0,0,0,0,0,0,0,0,0,0,0,0,0,0,0,0,0,0,0,0,0,0,0,0,0,0,0,0,0,0,0,0,0,0,0,0,0,0,0,0,0,0,0,0,0,0,0,0,0,0,0,0,0,0,0,0,0,0,0,0,0,0,0,0,0,0,0,0,0,0,0,0,0,0,0,0,0,0,0,0,0,0,0,0,0,0,0,0,0,0,0,0,0,0,0,0,0,0,0,0,0,0,0,0,0,0,0,0,0,0,0,0,0,0,0,0,0,0,0,0,0,0,0,0,0,0,0,0,0,0,0,0,0,0,0,0,0,0,0,0,0,0,0,0,0,0,0,0,0,0,0,0,0,0,0,0
SRR8556918,23433,343,73,204,167,255,332,31,73,19,0,0,0,8,32,115,39,207,657,523,367,389,33,342,10,156,96,44,0,213,31,25,138,120,93,0,8,5,250,83,0,127,6,22,72,198,7,0,2,53,392,0,189,0,335,92,29,86,8,2,35,112,78,53,30,0,181,28,0,148,0,0,6,5,0,187,6,37,0,60,61,127,303,133,111,27,66,20,134,173,232,0,68,0,3,128,118,1,5,101,105,2,162,0,0,0,85,102,39,328,3,1,3,83,15,16,1,0,4,4265,1878,1016,1327,720,280,74,19,1182,74,45,38,0,65,3,151,179,130,3,32,12,14,60,0,870,1,257,70,0,133,89,137,14,138,215,148,257,0,1,4,36,12,47,4,0,101,0,25,9,3,45,0,11,2,0,16,132,68,0,49,51,0,0,11,0,22,17,11,11,14,15,21,17,11,11,0,0,11,15,2,26,0,19,6,3,0,2,1,0,81,9,6,0,21,9,0,46,3,12,2,0,27,0,11,0,0,37,0,0,0,32,343,73,204,167,255,332,31,73,19,0,0,0,8,32,115,39,207,657,523,367,389,33,342,10,156,96,44,0,213,31,25,138,120,93,0,8,5,250,83,0,127,6,22,72,198,7,0,2,53,392,0,189,0,335,92,29,86,8,2,35,112,78,53,30,0,181,28,0,148,0,0,6,5,0,187,6,37,0,60,61,127,303,133,111,27,66,20,134,173,232,0,68,0,3,128,118,1,5,101,105,2,162,0,0,0,85,102,39,328,3,1,3,83,15,16,1,0,4,4265,1878,1016,1327,720,280,74,19,1182,74,45,38,0,65,3,151,179,130,3,32,12,14,60,0,870,1,257,70,0,133,89,137,14,138,215,148,257,0,1,4,36,12,47,4,0,101,0,25,9,3,45,0,11,2,0,16,132,68,0,49,51,0,0,11,0,22,17,11,11,14,15,21,17,11,11,0,0,11,15,2,26,0,19,6,3,0,2,1,0,81,9,6,0,21,9,0,46,3,12,2,0,27,0,11,0,0,37,0,0,0,32,0,0,0,0,1,1,0,0,0,0,0,0,0,0,0,13,0,0,0,0,0,0,0,0,0,0,12,0,0,0,0,0,0,0,0,0,0,0,0,0,0,0,1,1,0,0,0,0,0,0,0,0,0,13,0,0,0,0,0,0,0,0,0,0,12,0,0,0,0,0,0,0,0,0,0,0,0,0,0,0,0,0,0,0,0,0,0,0,0,0,0,0,0,0,0,0,0,0,0,0,0,0,0,0,0,0,0,0,0,0,0,0,0,0,0,0,0,0,0,0,0,0,0,0,0,0,0,0,0,0,0,0,0,0,0,0,0,0,0,0,0,0,0,0,0,0,0,0,0,0,0,0,0,0,0,0,0,0,0,0,0,0,0,0,0,0,0,0,0,0,0,0,0,0,0,0,0,0,0,0,0,0,0,0,0,0,0,0,0,0,0,0,0,0,0,0,0,0,0,0,0,0,0,0,0,0,0,0,0,0,0,0,0,0,0,0,0,0,0,0,0,0,0,0,0,0,0,0,0,0,0,0,0,0,0,0,0,0,0,0,0,0,0,0,0,0,0,0,0,0,0,0,0,0,0,0,0,0
SRR8556942,18114,311,50,416,226,329,332,41,58,12,1,0,0,8,3,141,60,56,363,370,208,202,14,104,17,245,233,66,0,64,26,18,148,18,22,0,19,4,147,97,0,8,143,4,38,163,5,8,17,6,246,0,102,7,264,503,386,7,187,8,15,45,29,7,45,0,87,10,7,190,0,1,0,0,1,76,1,187,1,52,118,33,338,65,229,31,22,26,22,73,15,2,102,0,0,34,28,1,20,52,38,2,156,1,0,1,10,13,5,103,0,0,0,46,1,16,1,0,22,3113,1550,835,1623,536,150,59,4,1005,171,12,156,0,8,39,210,90,120,7,11,10,4,29,2,730,12,195,22,0,55,63,68,19,36,54,59,74,0,0,45,19,2,1,0,0,44,0,4,12,9,12,0,12,7,0,2,13,7,0,24,28,0,0,11,0,19,22,11,11,10,10,10,3,11,11,1,0,8,13,0,7,0,2,3,40,0,0,0,0,26,6,2,6,10,0,0,8,0,12,0,3,3,0,11,0,0,6,0,0,0,21,311,50,416,226,329,332,41,58,12,1,0,0,8,3,141,60,56,363,370,208,202,14,104,17,245,233,66,0,64,26,18,148,18,22,0,19,4,147,97,0,8,143,4,38,163,5,8,17,6,246,0,102,7,264,503,386,7,187,8,15,45,29,7,45,0,87,10,7,190,0,1,0,0,1,76,1,187,1,52,118,33,338,65,229,31,22,26,22,73,15,2,102,0,0,34,28,1,20,52,38,2,156,1,0,1,10,13,5,103,0,0,0,46,1,16,1,0,22,3113,1550,835,1623,536,150,59,4,1005,171,12,156,0,8,39,210,90,120,7,11,10,4,29,2,730,12,195,22,0,55,63,68,19,36,54,59,74,0,0,45,19,2,1,0,0,44,0,4,12,9,12,0,12,7,0,2,13,7,0,24,28,0,0,11,0,19,22,11,11,10,10,10,3,11,11,1,0,8,13,0,7,0,2,3,40,0,0,0,0,26,6,2,6,10,0,0,8,0,12,0,3,3,0,11,0,0,6,0,0,0,21,0,3,0,0,0,0,0,0,0,0,0,0,0,0,0,2,0,0,0,0,0,0,0,0,0,0,2,0,0,0,0,0,0,0,0,0,0,0,0,3,0,0,0,0,0,0,0,0,0,0,0,0,0,2,0,0,0,0,0,0,0,0,0,0,2,0,0,0,0,0,0,0,0,0,0,0,0,0,0,0,0,0,0,0,0,0,0,0,0,0,0,0,0,0,0,0,0,0,0,0,0,0,0,0,0,0,0,0,0,0,0,0,0,0,0,0,0,0,0,0,0,0,0,0,0,0,0,0,0,0,0,0,0,0,0,0,0,0,0,0,0,0,0,0,0,0,0,0,0,0,0,0,0,0,0,0,0,0,0,0,0,0,0,0,0,0,0,0,0,0,0,0,0,0,0,0,0,0,0,0,0,0,0,0,0,0,0,0,0,0,0,0,0,0,0,0,0,0,0,0,0,0,0,0,0,0,0,0,0,0,0,0,0,0,0,0,0,0,0,0,0,0,0,0,0,0,0,0,0,0,0,0,0,0,0,0,0,0,0,0,0,0,0,0,0,0,0,0,0,0,0,0,0,0,0,0,0,0
SRR8556969,13463,284,63,246,130,216,151,35,159,55,0,9,11,3,6,128,57,112,385,347,285,146,26,162,23,114,102,33,4,50,4,38,61,22,27,0,183,4,135,44,3,3,51,2,36,96,8,2,15,13,275,0,33,4,343,149,113,7,59,19,23,86,29,19,123,4,39,19,4,182,0,0,2,2,0,85,6,92,0,76,48,82,228,162,180,48,8,40,54,53,41,0,104,0,0,51,40,0,11,68,27,2,85,4,1,4,10,20,12,238,0,0,0,56,2,20,0,0,33,3014,1244,854,1137,522,120,162,146,807,78,30,50,0,55,28,216,187,180,6,41,33,31,8,1,735,24,261,34,1,104,85,114,44,45,106,116,156,0,0,31,60,2,5,0,0,56,3,16,22,15,29,0,3,5,0,0,50,31,1,45,38,0,0,1,0,48,33,1,1,42,27,26,10,1,1,1,2,38,19,10,47,0,13,7,46,0,8,0,2,22,25,13,9,58,2,0,63,11,2,9,1,33,0,1,0,0,7,0,0,0,43,284,63,246,130,216,151,35,159,55,0,9,11,3,6,128,57,112,385,347,285,146,26,162,23,114,102,33,4,50,4,38,61,22,27,0,183,4,135,44,3,3,51,2,36,96,8,2,15,13,275,0,33,4,343,149,113,7,59,19,23,86,29,19,123,4,39,19,4,182,0,0,2,2,0,85,6,92,0,76,48,82,228,162,180,48,8,40,54,53,41,0,104,0,0,51,40,0,11,68,27,2,85,4,1,4,10,20,12,238,0,0,0,56,2,20,0,0,33,3014,1244,854,1137,522,120,162,146,807,78,30,50,0,55,28,216,187,180,6,41,33,31,8,1,735,24,261,34,1,104,85,114,44,45,106,116,156,0,0,31,60,2,5,0,0,56,3,16,22,15,29,0,3,5,0,0,50,31,1,45,38,0,0,1,0,48,33,1,1,42,27,26,10,1,1,1,2,38,19,10,47,0,13,7,46,0,8,0,2,22,25,13,9,58,2,0,63,11,2,9,1,33,0,1,0,0,7,0,0,0,43,0,0,0,0,0,0,2,2,2,0,0,0,0,0,0,0,0,0,0,0,0,0,0,0,0,0,0,0,1,0,0,0,0,1,0,0,1,0,0,0,0,0,0,0,2,2,2,0,0,0,0,0,0,0,0,0,0,0,0,0,0,0,0,0,0,0,1,0,0,0,0,1,0,0,1,0,0,0,0,0,1,0,2,0,0,0,0,0,0,0,0,0,0,0,0,0,0,0,0,0,0,0,0,0,0,0,0,0,0,0,0,0,0,0,0,0,0,0,0,0,0,0,0,0,0,0,0,0,0,0,0,0,0,0,0,0,0,0,0,0,0,0,0,0,0,0,0,0,0,0,0,0,0,0,0,0,0,0,0,0,0,0,0,0,1,0,2,0,0,0,0,0,0,0,0,0,0,0,0,0,0,0,0,0,0,0,0,0,0,0,0,0,0,0,0,0,0,0,0,0,0,0,0,0,0,0,0,0,0,0,0,0,0,0,0,0,0,0,0,0,0,0,0,0,0,0,0,0,0,0,0,0,0,0,0,0,0,0,0,0,0,0,0,0,0,0,0,0,0,0,0,0,0,0,0,0,0,0
SRR8556973,19893,441,178,289,203,164,258,160,148,43,2,16,20,24,10,235,171,287,707,523,469,211,174,341,26,174,97,11,1,152,16,15,32,76,56,4,97,18,232,50,8,26,15,13,270,121,39,2,21,94,433,0,38,0,435,125,81,19,64,5,46,226,84,29,214,4,49,21,0,351,16,25,22,10,17,133,7,70,4,176,46,104,301,303,318,154,28,51,60,181,79,0,104,1,2,141,136,1,3,129,175,3,66,0,4,0,49,60,10,474,3,2,3,60,11,68,4,0,8,4901,1997,1447,1835,970,365,140,54,1403,69,63,17,0,27,11,509,519,468,23,73,92,181,59,14,1062,43,490,22,0,193,136,308,54,122,193,184,354,0,0,11,154,20,11,0,3,97,2,106,121,6,106,0,75,0,0,25,200,79,0,5,118,0,0,64,0,289,279,63,63,9,24,23,13,63,64,10,4,7,33,20,37,0,32,10,3,0,12,0,0,29,84,92,2,243,1,1,160,21,74,17,19,18,0,63,0,6,32,3,0,9,206,441,178,289,203,164,258,160,148,43,2,16,20,24,10,235,171,287,707,523,469,211,174,341,26,174,97,11,1,152,16,15,32,76,56,4,97,18,232,50,8,26,15,13,270,121,39,2,21,94,433,0,38,0,435,125,81,19,64,5,46,226,84,29,214,4,49,21,0,351,16,25,22,10,17,133,7,70,4,176,46,104,301,303,318,154,28,51,60,181,79,0,104,1,2,141,136,1,3,129,175,3,66,0,4,0,49,60,10,474,3,2,3,60,11,68,4,0,8,4901,1997,1447,1835,970,365,140,54,1403,69,63,17,0,27,11,509,519,468,23,73,92,181,59,14,1062,43,490,22,0,193,136,308,54,122,193,184,354,0,0,11,154,20,11,0,3,97,2,106,121,6,106,0,75,0,0,25,200,79,0,5,118,0,0,64,0,289,279,63,63,9,24,23,13,63,64,10,4,7,33,20,37,0,32,10,3,0,12,0,0,29,84,92,2,243,1,1,160,21,74,17,19,18,0,63,0,6,32,3,0,9,206,0,0,0,0,0,0,0,0,0,3,2,4,0,0,0,23,0,0,0,0,0,0,0,0,0,0,22,0,0,0,0,0,0,0,0,0,0,0,0,0,0,0,0,0,0,0,0,3,2,4,0,0,0,23,0,0,0,0,0,0,0,0,0,0,22,0,0,0,0,0,0,0,0,0,0,0,3,2,0,0,0,0,0,0,0,0,0,0,0,0,0,0,0,0,0,0,0,0,0,0,0,0,0,0,0,0,0,0,0,0,0,0,0,0,0,0,0,0,0,0,0,0,0,0,0,0,0,0,0,0,0,0,0,0,0,0,0,0,0,2,0,0,0,0,0,0,0,1,0,0,0,0,0,0,0,0,0,0,0,0,3,2,0,0,0,0,0,0,0,0,0,0,0,0,0,0,0,0,0,0,0,0,0,0,0,0,0,0,0,0,0,0,0,0,0,0,0,0,0,0,0,0,0,0,0,0,0,0,0,0,0,0,0,0,0,0,0,0,0,0,0,0,0,2,0,0,0,0,0,0,0,1,0,0,0,0,0,0,0,0,0,0,0,0,0,0,0,0,0,0,0,0,0,0,0,0,0,0
SRR8556986,14975,299,117,195,67,137,165,12,76,58,0,21,25,10,3,145,80,164,634,408,290,170,63,194,17,77,90,24,3,44,10,8,34,33,41,1,5,6,137,21,1,19,20,3,83,49,28,0,30,21,266,0,107,18,284,70,27,26,20,47,46,131,43,25,68,0,56,25,18,207,0,0,8,7,0,142,14,82,0,123,24,119,179,184,220,70,30,25,68,126,47,2,37,2,2,88,67,4,2,111,69,11,27,3,4,3,17,23,8,403,2,0,2,54,4,25,1,1,16,3121,1314,948,1107,625,175,79,22,782,85,80,14,0,54,14,324,210,302,0,85,15,10,27,3,630,13,205,124,7,161,81,207,23,114,158,190,212,0,0,15,34,9,20,4,0,75,0,29,22,50,22,0,17,18,0,4,92,37,1,6,84,0,0,10,0,27,22,10,10,8,45,50,26,10,10,2,0,17,32,4,47,1,25,25,6,0,10,2,1,44,45,5,0,41,0,0,80,4,12,4,2,11,1,10,1,0,21,0,0,5,34,299,117,195,67,137,165,12,76,58,0,21,25,10,3,145,80,164,634,408,290,170,63,194,17,77,90,24,3,44,10,8,34,33,41,1,5,6,137,21,1,19,20,3,83,49,28,0,30,21,266,0,107,18,284,70,27,26,20,47,46,131,43,25,68,0,56,25,18,207,0,0,8,7,0,142,14,82,0,123,24,119,179,184,220,70,30,25,68,126,47,2,37,2,2,88,67,4,2,111,69,11,27,3,4,3,17,23,8,403,2,0,2,54,4,25,1,1,16,3121,1314,948,1107,625,175,79,22,782,85,80,14,0,54,14,324,210,302,0,85,15,10,27,3,630,13,205,124,7,161,81,207,23,114,158,190,212,0,0,15,34,9,20,4,0,75,0,29,22,50,22,0,17,18,0,4,92,37,1,6,84,0,0,10,0,27,22,10,10,8,45,50,26,10,10,2,0,17,32,4,47,1,25,25,6,0,10,2,1,44,45,5,0,41,0,0,80,4,12,4,2,11,1,10,1,0,21,0,0,5,34,0,5,0,0,0,0,0,0,0,0,0,0,0,0,0,3,0,0,0,0,0,0,0,0,0,0,6,2,0,0,0,0,0,3,0,0,3,0,0,5,0,0,0,0,0,0,0,0,0,0,0,0,0,3,0,0,0,0,0,0,0,0,0,0,6,2,0,0,0,0,0,3,0,0,3,0,0,0,0,0,3,0,0,0,0,0,0,0,0,0,0,0,0,0,0,0,0,0,0,0,0,0,0,0,0,0,0,0,0,0,0,0,0,0,0,0,0,0,0,0,0,0,0,0,0,0,0,0,0,0,0,0,0,0,0,0,0,0,0,0,0,0,0,0,0,0,0,0,0,0,0,0,0,0,0,0,0,0,0,0,0,0,0,0,3,0,0,0,0,0,0,0,0,0,0,0,0,0,0,0,0,0,0,0,0,0,0,0,0,0,0,0,0,0,0,0,0,0,0,0,0,0,0,0,0,0,0,0,0,0,0,0,0,0,0,0,0,0,0,0,0,0,0,0,0,0,0,0,0,0,0,0,0,0,0,0,0,0,0,0,0,0,0,0,0,0,0,0,0,0,0,0,0,0,0,0,0,0
SRR8556990,10155,237,100,144,61,96,198,19,90,14,0,3,4,26,6,172,38,150,348,350,178,164,33,209,34,120,49,11,3,125,18,18,33,96,87,0,2,6,121,65,0,79,10,12,50,47,41,0,5,35,209,0,89,6,132,71,46,20,37,16,44,77,59,16,33,1,85,45,6,608,0,0,13,5,0,83,11,69,0,102,48,72,206,217,196,46,34,12,69,129,43,4,26,0,0,65,59,0,2,72,35,6,39,2,2,2,63,81,12,328,0,0,0,49,10,52,0,0,26,3190,1063,804,922,613,218,90,13,691,48,21,34,0,33,5,151,142,185,2,22,6,4,33,10,526,14,149,103,9,117,72,133,12,54,84,149,138,0,0,6,65,4,12,5,0,50,3,16,18,33,19,0,2,0,1,5,63,35,0,22,33,0,0,2,0,7,9,2,2,11,21,28,10,2,2,0,0,9,9,3,26,0,39,9,1,0,14,0,2,18,4,2,6,50,1,0,40,2,3,18,2,15,0,2,0,0,20,0,0,0,11,237,100,144,61,96,198,19,90,14,0,3,4,26,6,172,38,150,348,350,178,164,33,209,34,120,49,11,3,125,18,18,33,96,87,0,2,6,121,65,0,79,10,12,50,47,41,0,5,35,209,0,89,6,132,71,46,20,37,16,44,77,59,16,33,1,85,45,6,608,0,0,13,5,0,83,11,69,0,102,48,72,206,217,196,46,34,12,69,129,43,4,26,0,0,65,59,0,2,72,35,6,39,2,2,2,63,81,12,328,0,0,0,49,10,52,0,0,26,3190,1063,804,922,613,218,90,13,691,48,21,34,0,33,5,151,142,185,2,22,6,4,33,10,526,14,149,103,9,117,72,133,12,54,84,149,138,0,0,6,65,4,12,5,0,50,3,16,18,33,19,0,2,0,1,5,63,35,0,22,33,0,0,2,0,7,9,2,2,11,21,28,10,2,2,0,0,9,9,3,26,0,39,9,1,0,14,0,2,18,4,2,6,50,1,0,40,2,3,18,2,15,0,2,0,0,20,0,0,0,11,0,1,0,0,0,0,1,1,1,0,0,0,0,0,0,5,0,0,0,0,0,0,0,0,0,0,5,0,8,0,0,0,0,0,0,0,0,9,0,1,0,0,0,0,1,1,1,0,0,0,0,0,0,5,0,0,0,0,0,0,0,0,0,0,5,0,8,0,0,0,0,0,0,0,0,9,0,0,0,0,0,0,0,0,0,0,0,0,0,0,0,0,0,8,0,0,0,0,0,0,0,0,0,0,0,0,0,0,0,0,0,0,0,0,0,0,0,0,0,0,0,0,0,0,0,0,0,0,0,0,0,0,0,0,0,0,0,0,0,0,0,0,0,0,0,0,0,0,0,0,0,0,0,0,0,0,0,0,0,0,0,0,0,0,0,0,0,0,0,0,0,0,0,0,0,0,0,8,0,0,0,0,0,0,0,0,0,0,0,0,0,0,0,0,0,0,0,0,0,0,0,0,0,0,0,0,0,0,0,0,0,0,0,0,0,0,0,0,0,0,0,0,0,0,0,0,0,0,0,0,0,0,0,0,0,0,0,0,0,0,0,0,0,0,0,0,0,0,0,0,0,0,0,0,0,0,0,0
SRR8557003,765,18,11,12,5,9,14,4,2,0,0,0,0,0,1,12,5,9,33,22,14,10,12,7,3,9,7,4,0,2,0,2,1,2,3,0,0,0,4,1,0,2,2,1,9,2,6,0,0,0,13,0,2,0,18,3,2,2,2,2,1,11,3,5,4,0,3,0,0,25,0,0,0,0,2,11,0,4,0,7,8,4,15,17,13,8,1,3,11,6,3,0,3,0,0,7,5,0,3,10,10,0,2,1,0,1,1,1,1,27,0,0,0,6,0,4,0,0,2,205,77,78,62,42,15,2,0,50,3,4,1,0,0,1,23,17,21,0,7,0,1,5,0,40,2,14,5,1,13,5,15,3,2,15,10,18,0,0,1,2,2,0,0,0,6,0,3,0,0,0,0,2,2,0,0,11,1,0,0,7,0,0,0,0,1,1,0,0,0,5,5,3,0,0,2,0,3,4,3,3,0,5,4,0,0,0,0,0,3,0,1,0,7,1,0,11,4,0,3,0,0,0,0,0,0,2,0,0,0,0,18,11,12,5,9,14,4,2,0,0,0,0,0,1,12,5,9,33,22,14,10,12,7,3,9,7,4,0,2,0,2,1,2,3,0,0,0,4,1,0,2,2,1,9,2,6,0,0,0,13,0,2,0,18,3,2,2,2,2,1,11,3,5,4,0,3,0,0,25,0,0,0,0,2,11,0,4,0,7,8,4,15,17,13,8,1,3,11,6,3,0,3,0,0,7,5,0,3,10,10,0,2,1,0,1,1,1,1,27,0,0,0,6,0,4,0,0,2,205,77,78,62,42,15,2,0,50,3,4,1,0,0,1,23,17,21,0,7,0,1,5,0,40,2,14,5,1,13,5,15,3,2,15,10,18,0,0,1,2,2,0,0,0,6,0,3,0,0,0,0,2,2,0,0,11,1,0,0,7,0,0,0,0,1,1,0,0,0,5,5,3,0,0,2,0,3,4,3,3,0,5,4,0,0,0,0,0,3,0,1,0,7,1,0,11,4,0,3,0,0,0,0,0,0,2,0,0,0,0,0,0,0,0,0,0,0,0,0,0,0,0,0,0,0,0,0,0,0,0,0,0,0,0,0,0,0,0,0,0,0,0,0,0,0,0,0,0,0,0,0,0,0,0,0,0,0,0,0,0,0,0,0,0,0,0,0,0,0,0,0,0,0,0,0,0,0,0,0,0,0,0,0,0,0,0,0,0,0,0,0,0,0,0,0,0,0,0,0,0,0,0,0,0,0,0,0,0,0,0,0,0,0,0,0,0,0,0,0,0,0,0,0,0,0,0,0,0,0,0,0,0,0,0,0,0,0,0,0,0,0,0,0,0,0,0,0,0,0,0,0,0,0,0,0,0,0,0,0,0,0,0,0,0,0,0,0,0,0,0,0,0,0,0,0,0,0,0,0,0,0,0,0,0,0,0,0,0,0,0,0,0,0,0,0,0,0,0,0,0,0,0,0,0,0,0,0,0,0,0,0,0,0,0,0,0,0,0,0,0,0,0,0,0,0,0,0,0,0,0,0,0,0,0,0,0,0,0,0,0,0,0,0,0,0,0,0,0,0,0,0,0,0,0,0,0,0,0,0,0,0,0,0,0,0,0,0,0
SRR8557024,17939,354,166,205,135,211,224,46,135,88,4,5,7,12,10,187,92,239,770,550,488,224,68,318,21,157,94,24,0,149,12,33,47,86,73,3,9,9,193,54,10,53,23,8,123,88,41,0,16,54,376,0,80,8,335,87,51,34,37,21,16,174,78,35,117,2,77,37,8,329,1,2,22,12,9,207,4,83,0,121,60,133,268,235,277,104,50,44,121,154,82,2,80,1,2,132,65,4,16,141,114,5,45,0,1,0,50,77,19,508,5,3,5,96,14,27,1,0,13,4366,1863,1317,1524,847,334,136,22,1189,62,48,24,0,64,7,432,344,370,33,99,66,78,32,6,803,19,329,69,6,187,119,299,54,108,193,211,240,0,0,8,67,12,12,1,3,106,0,77,38,19,70,0,42,18,5,7,154,52,0,29,106,0,0,31,0,121,112,31,31,33,35,35,36,31,31,2,0,39,41,5,47,10,33,20,4,0,15,0,0,71,27,33,4,121,1,0,117,6,45,4,8,30,10,31,1,0,29,3,0,3,75,354,166,205,135,211,224,46,135,88,4,5,7,12,10,187,92,239,770,550,488,224,68,318,21,157,94,24,0,149,12,33,47,86,73,3,9,9,193,54,10,53,23,8,123,88,41,0,16,54,376,0,80,8,335,87,51,34,37,21,16,174,78,35,117,2,77,37,8,329,1,2,22,12,9,207,4,83,0,121,60,133,268,235,277,104,50,44,121,154,82,2,80,1,2,132,65,4,16,141,114,5,45,0,1,0,50,77,19,508,5,3,5,96,14,27,1,0,13,4366,1863,1317,1524,847,334,136,22,1189,62,48,24,0,64,7,432,344,370,33,99,66,78,32,6,803,19,329,69,6,187,119,299,54,108,193,211,240,0,0,8,67,12,12,1,3,106,0,77,38,19,70,0,42,18,5,7,154,52,0,29,106,0,0,31,0,121,112,31,31,33,35,35,36,31,31,2,0,39,41,5,47,10,33,20,4,0,15,0,0,71,27,33,4,121,1,0,117,6,45,4,8,30,10,31,1,0,29,3,0,3,75,0,5,0,0,0,0,2,2,2,0,0,0,0,0,0,7,0,0,0,0,0,3,0,0,0,0,7,0,2,0,2,0,0,0,0,0,0,0,0,5,0,0,0,0,2,2,2,0,0,0,0,0,0,7,0,0,0,0,0,3,0,0,0,0,7,0,2,0,2,0,0,0,0,0,0,0,0,0,0,0,0,0,0,0,0,0,0,0,0,0,0,0,0,0,0,0,0,0,0,0,0,0,0,0,0,0,0,0,0,0,0,0,0,0,0,0,0,0,0,0,0,0,0,0,0,0,0,0,0,0,0,0,0,0,0,0,0,0,0,0,0,0,0,0,0,0,0,3,0,0,0,0,0,0,0,0,0,0,0,0,0,0,0,0,0,0,0,0,0,0,0,0,0,0,0,0,0,0,0,0,0,0,0,0,0,0,0,0,0,0,0,0,0,0,0,0,0,0,0,0,0,0,0,0,0,0,0,0,0,0,0,0,0,0,0,0,0,0,0,0,0,0,0,0,0,0,0,0,0,0,0,3,0,0,0,0,0,0,0,0,0,0,0,0,0,0,0,0,0,0,0,0,0,0,0,0,0,0
ERR911954,18030,343,176,198,82,242,225,16,104,16,5,0,2,13,15,167,49,169,673,421,277,256,34,289,30,172,136,37,0,102,2,110,62,58,88,17,3,11,162,75,18,8,27,52,44,36,8,8,32,58,248,0,116,13,331,222,151,18,72,29,32,130,39,57,64,0,113,19,13,285,0,0,9,4,8,169,29,112,0,83,44,118,245,157,216,125,32,76,59,78,108,13,71,5,0,59,78,0,11,77,51,8,32,0,4,0,69,68,13,250,0,0,0,62,96,5,10,0,7,3722,1668,924,1613,629,267,107,11,991,136,68,81,0,25,36,240,247,201,16,85,27,11,19,14,964,4,200,49,0,169,87,153,8,96,153,152,199,0,0,40,14,4,17,0,4,201,9,36,6,20,34,0,13,12,12,4,170,25,0,5,47,0,0,9,0,24,18,9,9,4,17,17,29,9,9,0,0,4,36,3,31,0,21,3,4,8,2,0,0,49,9,14,1,76,0,8,88,3,8,3,12,39,0,9,0,0,17,5,0,0,36,343,176,198,82,242,225,16,104,16,5,0,2,13,15,167,49,169,673,421,277,256,34,289,30,172,136,37,0,102,2,110,62,58,88,17,3,11,162,75,18,8,27,52,44,36,8,8,32,58,248,0,116,13,331,222,151,18,72,29,32,130,39,57,64,0,113,19,13,285,0,0,9,4,8,169,29,112,0,83,44,118,245,157,216,125,32,76,59,78,108,13,71,5,0,59,78,0,11,77,51,8,32,0,4,0,69,68,13,250,0,0,0,62,96,5,10,0,7,3722,1668,924,1613,629,267,107,11,991,136,68,81,0,25,36,240,247,201,16,85,27,11,19,14,964,4,200,49,0,169,87,153,8,96,153,152,199,0,0,40,14,4,17,0,4,201,9,36,6,20,34,0,13,12,12,4,170,25,0,5,47,0,0,9,0,24,18,9,9,4,17,17,29,9,9,0,0,4,36,3,31,0,21,3,4,8,2,0,0,49,9,14,1,76,0,8,88,3,8,3,12,39,0,9,0,0,17,5,0,0,36,4,4,0,0,12,12,0,0,4,0,4,0,0,0,0,4,0,12,0,0,0,0,0,0,0,0,4,0,0,0,0,0,0,0,0,0,0,0,4,4,0,0,12,12,0,0,4,0,4,0,0,0,0,4,0,12,0,0,0,0,0,0,0,0,4,0,0,0,0,0,0,0,0,0,0,0,0,0,0,0,0,0,0,0,0,0,0,0,0,0,0,0,0,0,0,0,0,0,0,0,0,0,0,0,0,0,0,0,0,0,0,0,0,0,0,0,0,0,0,0,0,0,0,0,0,0,0,0,0,0,0,0,0,0,0,0,0,0,0,0,0,0,0,0,0,0,0,0,0,0,0,0,0,0,0,0,0,0,0,0,0,0,0,0,0,0,0,0,0,0,0,0,0,0,0,0,0,0,0,0,0,0,0,0,0,0,0,0,0,0,0,0,0,0,0,0,0,0,0,0,0,0,0,0,0,0,0,0,0,0,0,0,0,0,0,0,0,0,0,0,0,0,0,0,0,0,0,0,0,0,0,0,0,0,0,0,0,0,0,0,0,0,0,0,0,0,0,0,0,0,0,0,0,0,0,0,0,0
ERR911958,10203,167,57,95,64,155,73,8,42,17,0,1,2,13,0,115,49,61,334,266,158,119,16,160,7,80,70,6,0,42,1,15,34,13,25,0,8,1,81,22,5,3,17,22,36,15,12,3,3,4,141,0,28,1,141,47,21,7,9,3,2,99,26,40,76,0,28,9,1,117,2,1,2,1,0,81,15,48,0,40,31,29,140,89,88,61,11,20,24,42,30,0,38,2,1,44,30,4,2,52,24,3,6,0,3,0,13,16,20,253,1,2,1,42,13,8,0,0,3,2019,832,495,737,322,126,41,8,497,56,37,59,0,10,25,173,127,123,5,28,11,3,38,4,792,0,158,34,0,87,46,84,8,76,173,98,105,0,0,24,13,0,0,0,0,200,0,29,3,9,12,0,6,7,0,0,129,21,3,9,28,0,0,5,0,9,6,5,5,7,17,18,7,5,5,0,0,8,17,4,22,0,16,2,3,0,5,0,0,27,6,0,0,49,6,2,60,4,5,5,3,38,0,5,0,0,11,1,0,5,10,167,57,95,64,155,73,8,42,17,0,1,2,13,0,115,49,61,334,266,158,119,16,160,7,80,70,6,0,42,1,15,34,13,25,0,8,1,81,22,5,3,17,22,36,15,12,3,3,4,141,0,28,1,141,47,21,7,9,3,2,99,26,40,76,0,28,9,1,117,2,1,2,1,0,81,15,48,0,40,31,29,140,89,88,61,11,20,24,42,30,0,38,2,1,44,30,4,2,52,24,3,6,0,3,0,13,16,20,253,1,2,1,42,13,8,0,0,3,2019,832,495,737,322,126,41,8,497,56,37,59,0,10,25,173,127,123,5,28,11,3,38,4,792,0,158,34,0,87,46,84,8,76,173,98,105,0,0,24,13,0,0,0,0,200,0,29,3,9,12,0,6,7,0,0,129,21,3,9,28,0,0,5,0,9,6,5,5,7,17,18,7,5,5,0,0,8,17,4,22,0,16,2,3,0,5,0,0,27,6,0,0,49,6,2,60,4,5,5,3,38,0,5,0,0,11,1,0,5,10,0,0,0,0,3,3,0,0,0,0,0,2,0,0,0,0,2,0,0,0,0,0,0,5,2,0,0,0,0,0,0,0,0,0,2,0,0,0,0,0,0,0,3,3,0,0,0,0,0,2,0,0,0,0,2,0,0,0,0,0,0,5,2,0,0,0,0,0,0,0,0,0,2,0,0,0,0,0,0,0,0,0,0,0,0,0,0,0,0,0,0,0,0,0,0,0,0,0,0,0,0,0,0,0,0,0,0,0,0,0,0,0,0,0,0,0,0,0,0,0,0,0,0,0,0,0,0,0,0,0,0,0,0,0,0,0,0,0,0,0,0,0,0,0,0,0,0,0,0,0,0,0,0,0,0,0,0,0,5,0,0,0,0,0,0,0,0,0,0,0,0,0,0,0,0,0,0,0,0,0,0,0,0,0,0,0,0,0,0,0,0,0,0,0,0,0,0,0,0,0,0,0,0,0,0,0,0,0,0,0,0,0,0,0,0,0,0,0,0,0,0,0,0,0,0,0,0,0,0,0,0,0,0,0,0,0,0,0,0,0,0,0,5,0,0,0,0,0,0,0,0,0,0,0,0,0,0,0
ERR911962,10138,153,120,107,115,76,133,77,73,6,1,0,1,2,6,85,19,127,329,153,122,84,19,170,16,110,75,22,9,36,0,80,39,36,55,0,2,8,64,54,7,8,14,4,32,8,19,0,5,63,96,0,89,3,176,168,154,14,111,8,25,70,26,7,6,0,108,13,3,182,0,0,2,2,0,88,2,58,0,52,41,69,103,64,91,44,24,26,10,71,60,3,39,0,0,35,29,0,2,43,19,7,9,0,8,0,45,47,0,172,0,0,0,58,67,2,0,0,1,1939,817,462,906,340,154,73,5,533,64,19,55,0,8,0,95,101,47,6,35,1,0,13,9,385,0,108,38,0,101,22,47,8,75,57,61,80,0,0,0,9,0,1,0,0,70,7,13,7,9,17,0,21,24,3,0,44,5,0,5,31,0,0,11,0,13,25,11,11,3,17,18,17,11,11,0,0,3,15,0,13,0,10,1,0,6,1,0,0,15,3,0,3,48,0,0,28,0,10,0,8,25,0,11,0,0,18,0,0,0,33,153,120,107,115,76,133,77,73,6,1,0,1,2,6,85,19,127,329,153,122,84,19,170,16,110,75,22,9,36,0,80,39,36,55,0,2,8,64,54,7,8,14,4,32,8,19,0,5,63,96,0,89,3,176,168,154,14,111,8,25,70,26,7,6,0,108,13,3,182,0,0,2,2,0,88,2,58,0,52,41,69,103,64,91,44,24,26,10,71,60,3,39,0,0,35,29,0,2,43,19,7,9,0,8,0,45,47,0,172,0,0,0,58,67,2,0,0,1,1939,817,462,906,340,154,73,5,533,64,19,55,0,8,0,95,101,47,6,35,1,0,13,9,385,0,108,38,0,101,22,47,8,75,57,61,80,0,0,0,9,0,1,0,0,70,7,13,7,9,17,0,21,24,3,0,44,5,0,5,31,0,0,11,0,13,25,11,11,3,17,18,17,11,11,0,0,3,15,0,13,0,10,1,0,6,1,0,0,15,3,0,3,48,0,0,28,0,10,0,8,25,0,11,0,0,18,0,0,0,33,0,7,0,0,0,0,0,0,0,0,0,0,0,0,0,0,0,0,0,0,0,0,0,0,0,0,0,0,0,0,0,0,0,0,0,0,0,0,0,7,0,0,0,0,0,0,0,0,0,0,0,0,0,0,0,0,0,0,0,0,0,0,0,0,0,0,0,0,0,0,0,0,0,0,0,0,0,0,0,0,0,0,0,0,0,0,0,0,0,0,0,0,0,0,0,0,0,0,0,0,0,0,0,0,0,0,0,0,0,0,0,0,0,0,0,0,0,0,0,0,0,0,0,0,0,0,0,0,0,0,0,0,0,0,0,0,0,0,0,0,0,0,0,0,0,0,0,0,0,0,0,0,0,0,0,0,0,0,0,0,0,0,0,0,0,0,0,0,0,0,0,0,0,0,0,0,0,0,0,0,0,0,0,0,0,0,0,0,0,0,0,0,0,0,0,0,0,0,0,0,0,0,0,0,0,0,0,0,0,0,0,0,0,0,0,0,0,0,0,0,0,0,0,0,0,0,0,0,0,0,0,0,0,0,0,0,0,0,0,0,0,0,0,0,0,0,0,0,0,0,0,0,0,0,0,0,0,0
ERR911970,20953,325,301,201,194,250,293,59,142,9,1,0,1,2,0,164,29,275,627,329,258,198,34,225,31,312,194,62,23,139,2,144,72,86,162,0,1,20,169,121,6,12,46,104,82,25,8,0,5,149,235,0,181,18,347,224,171,26,97,50,41,153,58,9,43,0,165,41,18,283,0,0,1,0,18,170,0,149,0,112,126,117,224,101,262,134,57,66,61,113,116,18,71,0,0,30,64,3,5,77,31,19,27,0,10,0,126,116,15,272,0,2,0,62,86,8,0,0,4,3857,1650,1058,1804,673,415,141,8,1148,227,43,224,0,21,6,178,232,87,6,57,26,5,10,48,873,7,170,64,0,225,35,50,6,185,126,145,174,0,0,6,9,0,22,0,14,153,7,25,15,28,74,0,51,33,24,0,94,9,0,10,75,0,0,20,0,54,22,20,20,6,29,30,67,20,20,0,0,6,61,1,58,0,7,3,2,19,1,0,0,64,8,26,1,70,0,0,65,1,19,1,43,8,0,20,0,0,14,13,0,0,94,325,301,201,194,250,293,59,142,9,1,0,1,2,0,164,29,275,627,329,258,198,34,225,31,312,194,62,23,139,2,144,72,86,162,0,1,20,169,121,6,12,46,104,82,25,8,0,5,149,235,0,181,18,347,224,171,26,97,50,41,153,58,9,43,0,165,41,18,283,0,0,1,0,18,170,0,149,0,112,126,117,224,101,262,134,57,66,61,113,116,18,71,0,0,30,64,3,5,77,31,19,27,0,10,0,126,116,15,272,0,2,0,62,86,8,0,0,4,3857,1650,1058,1804,673,415,141,8,1148,227,43,224,0,21,6,178,232,87,6,57,26,5,10,48,873,7,170,64,0,225,35,50,6,185,126,145,174,0,0,6,9,0,22,0,14,153,7,25,15,28,74,0,51,33,24,0,94,9,0,10,75,0,0,20,0,54,22,20,20,6,29,30,67,20,20,0,0,6,61,1,58,0,7,3,2,19,1,0,0,64,8,26,1,70,0,0,65,1,19,1,43,8,0,20,0,0,14,13,0,0,94,0,1,0,0,0,0,0,0,0,0,0,0,0,0,0,0,0,0,0,0,0,0,0,0,0,0,0,0,0,0,0,0,0,0,0,0,0,0,0,1,0,0,0,0,0,0,0,0,0,0,0,0,0,0,0,0,0,0,0,0,0,0,0,0,0,0,0,0,0,0,0,0,0,0,0,0,0,0,0,0,0,0,0,0,0,0,0,0,0,0,0,0,0,0,0,0,0,0,0,0,0,0,0,0,0,0,0,0,0,0,0,0,0,0,0,0,0,0,0,0,0,0,0,0,0,0,0,0,0,0,0,0,0,0,0,0,0,0,0,0,0,0,0,0,0,0,0,0,0,0,0,0,0,0,0,0,0,0,0,0,0,0,0,0,0,0,0,0,0,0,0,0,0,0,0,0,0,0,0,0,0,0,0,0,0,0,0,0,0,0,0,0,0,0,0,0,0,0,0,0,0,0,0,0,0,0,0,0,0,0,0,0,0,0,0,0,0,0,0,0,0,0,0,0,0,0,0,0,0,0,0,0,0,0,0,0,0,0,0,0,0,0,0,0,0,0,0,0,0,0,0,0,0,0,0,0,0,0
ERR911972,14427,249,166,172,127,223,301,36,93,13,0,0,0,5,23,121,26,143,537,330,201,174,28,156,19,151,112,26,12,77,1,68,85,47,89,0,5,24,143,70,17,12,17,77,49,21,11,0,6,91,203,0,151,12,264,155,89,22,22,35,31,95,42,23,32,0,161,33,12,199,5,4,4,1,18,106,7,72,0,81,57,90,190,91,166,81,28,60,55,68,85,27,48,0,0,47,73,10,1,71,27,23,23,0,8,0,52,58,20,206,0,9,0,65,44,5,0,0,1,2958,1270,771,1299,462,228,91,16,792,146,23,138,0,22,31,142,182,107,16,62,19,20,17,16,706,0,163,42,0,190,34,63,6,127,119,144,172,0,0,29,7,0,16,3,4,165,11,30,7,24,45,0,28,25,0,0,96,19,0,8,33,0,0,9,1,21,18,9,9,6,13,14,35,9,9,0,0,7,31,2,29,0,11,2,1,6,2,0,0,44,8,26,5,76,6,0,55,2,8,2,15,8,0,9,0,0,15,4,0,0,34,249,166,172,127,223,301,36,93,13,0,0,0,5,23,121,26,143,537,330,201,174,28,156,19,151,112,26,12,77,1,68,85,47,89,0,5,24,143,70,17,12,17,77,49,21,11,0,6,91,203,0,151,12,264,155,89,22,22,35,31,95,42,23,32,0,161,33,12,199,5,4,4,1,18,106,7,72,0,81,57,90,190,91,166,81,28,60,55,68,85,27,48,0,0,47,73,10,1,71,27,23,23,0,8,0,52,58,20,206,0,9,0,65,44,5,0,0,1,2958,1270,771,1299,462,228,91,16,792,146,23,138,0,22,31,142,182,107,16,62,19,20,17,16,706,0,163,42,0,190,34,63,6,127,119,144,172,0,0,29,7,0,16,3,4,165,11,30,7,24,45,0,28,25,0,0,96,19,0,8,33,0,0,9,1,21,18,9,9,6,13,14,35,9,9,0,0,7,31,2,29,0,11,2,1,6,2,0,0,44,8,26,5,76,6,0,55,2,8,2,15,8,0,9,0,0,15,4,0,0,34,0,0,0,0,0,0,0,0,0,0,0,0,0,0,0,0,0,0,0,0,0,0,0,0,0,0,0,0,0,0,0,0,0,0,0,0,0,0,0,0,0,0,0,0,0,0,0,0,0,0,0,0,0,0,0,0,0,0,0,0,0,0,0,0,0,0,0,0,0,0,0,0,0,0,0,0,0,0,0,0,0,0,0,0,0,0,0,0,0,0,0,0,0,0,0,0,0,0,0,0,0,0,0,0,0,0,0,0,0,0,0,0,0,0,0,0,0,0,0,0,0,0,0,0,0,0,0,0,0,0,0,0,0,0,0,0,0,0,0,0,0,0,0,0,0,0,0,0,0,0,0,0,0,0,0,0,0,0,0,0,0,0,0,0,0,0,0,0,0,0,0,0,0,0,0,0,0,0,0,0,0,0,0,0,0,0,0,0,0,0,0,0,0,0,0,0,0,0,0,0,0,0,0,0,0,0,0,0,0,0,0,0,0,0,0,0,0,0,0,0,0,0,0,0,0,0,0,0,0,0,0,0,0,0,0,0,0,0,0,0,0,0,0,0,0,0,0,0,0,0,0,0,0,0,0,0,0,0
ERR911978,17875,261,220,195,165,145,254,78,106,24,4,0,1,10,10,182,37,252,593,364,225,245,23,275,44,231,162,84,0,138,0,69,60,71,137,0,12,23,180,91,17,13,70,157,88,31,7,3,14,112,182,1,159,16,316,161,104,17,30,31,86,117,26,21,29,0,159,21,16,284,9,8,7,3,16,192,10,184,0,155,118,113,223,104,259,73,37,70,39,99,74,29,44,0,0,41,53,24,4,64,45,26,18,6,3,6,99,83,5,202,0,11,0,55,57,13,10,0,2,3621,1457,992,1519,665,339,118,16,1028,200,35,145,0,25,21,169,363,130,16,94,15,2,8,8,890,0,188,43,0,183,35,80,9,149,129,145,197,0,0,30,11,24,16,0,5,116,0,62,6,18,72,0,11,5,17,25,119,55,3,12,55,0,0,8,2,20,24,8,8,8,35,36,27,8,8,0,0,9,20,0,16,0,14,1,0,18,4,0,3,71,12,6,34,91,6,2,62,0,7,0,7,31,0,8,0,0,3,5,0,0,37,261,220,195,165,145,254,78,106,24,4,0,1,10,10,182,37,252,593,364,225,245,23,275,44,231,162,84,0,138,0,69,60,71,137,0,12,23,180,91,17,13,70,157,88,31,7,3,14,112,182,1,159,16,316,161,104,17,30,31,86,117,26,21,29,0,159,21,16,284,9,8,7,3,16,192,10,184,0,155,118,113,223,104,259,73,37,70,39,99,74,29,44,0,0,41,53,24,4,64,45,26,18,6,3,6,99,83,5,202,0,11,0,55,57,13,10,0,2,3621,1457,992,1519,665,339,118,16,1028,200,35,145,0,25,21,169,363,130,16,94,15,2,8,8,890,0,188,43,0,183,35,80,9,149,129,145,197,0,0,30,11,24,16,0,5,116,0,62,6,18,72,0,11,5,17,25,119,55,3,12,55,0,0,8,2,20,24,8,8,8,35,36,27,8,8,0,0,9,20,0,16,0,14,1,0,18,4,0,3,71,12,6,34,91,6,2,62,0,7,0,7,31,0,8,0,0,3,5,0,0,37,9,0,0,0,2,2,0,0,0,0,0,0,0,0,0,21,1,0,0,0,0,0,0,0,1,0,23,0,0,0,0,0,0,0,1,0,0,0,9,0,0,0,2,2,0,0,0,0,0,0,0,0,0,21,1,0,0,0,0,0,0,0,1,0,23,0,0,0,0,0,0,0,1,0,0,0,0,0,0,0,0,0,0,0,0,0,0,0,0,0,0,0,0,0,0,0,0,0,0,0,0,0,0,0,0,0,0,0,0,0,0,0,0,0,0,0,0,0,0,0,0,0,0,0,0,0,0,0,0,0,0,0,0,0,0,0,0,0,0,0,0,0,0,0,0,0,0,0,0,0,0,0,0,0,0,0,0,0,0,0,0,0,0,0,0,0,0,0,0,0,0,0,0,0,0,0,0,0,0,0,0,0,0,0,0,0,0,0,0,0,0,0,0,0,0,0,0,0,0,0,0,0,0,0,0,0,0,0,0,0,0,0,0,0,0,0,0,0,0,0,0,0,0,0,0,0,0,0,0,0,0,0,0,0,0,0,0,0,0,0,0,0,0,0,0,0,0,0,0,0,0,0,0,0,0,0,0,0
ERR911988,13003,142,110,96,113,125,181,30,87,23,9,0,0,14,24,122,22,101,402,304,150,148,12,148,31,101,78,45,3,69,2,36,38,28,42,0,7,16,78,36,3,7,15,46,48,36,6,2,3,28,160,2,136,7,177,124,102,15,58,18,26,107,18,15,32,0,83,10,7,148,5,4,2,1,15,105,8,81,0,67,59,68,150,75,136,37,35,63,26,53,89,3,46,0,0,41,36,12,7,41,18,18,35,0,14,0,30,29,22,166,0,2,0,42,37,5,2,0,2,2332,913,584,817,381,149,97,8,571,122,35,87,0,12,8,160,188,117,7,34,13,3,12,11,687,0,123,35,0,123,37,80,15,76,100,141,146,0,0,17,7,13,9,0,1,198,0,18,8,31,51,0,15,8,12,14,153,36,0,19,38,0,0,11,12,13,15,11,11,15,21,22,14,11,11,0,0,16,15,1,23,0,16,1,2,6,1,0,3,12,9,10,8,63,0,0,56,1,10,1,10,12,0,11,0,0,7,1,0,0,23,142,110,96,113,125,181,30,87,23,9,0,0,14,24,122,22,101,402,304,150,148,12,148,31,101,78,45,3,69,2,36,38,28,42,0,7,16,78,36,3,7,15,46,48,36,6,2,3,28,160,2,136,7,177,124,102,15,58,18,26,107,18,15,32,0,83,10,7,148,5,4,2,1,15,105,8,81,0,67,59,68,150,75,136,37,35,63,26,53,89,3,46,0,0,41,36,12,7,41,18,18,35,0,14,0,30,29,22,166,0,2,0,42,37,5,2,0,2,2332,913,584,817,381,149,97,8,571,122,35,87,0,12,8,160,188,117,7,34,13,3,12,11,687,0,123,35,0,123,37,80,15,76,100,141,146,0,0,17,7,13,9,0,1,198,0,18,8,31,51,0,15,8,12,14,153,36,0,19,38,0,0,11,12,13,15,11,11,15,21,22,14,11,11,0,0,16,15,1,23,0,16,1,2,6,1,0,3,12,9,10,8,63,0,0,56,1,10,1,10,12,0,11,0,0,7,1,0,0,23,6,1,0,0,2,2,0,0,0,0,0,0,0,0,0,12,0,0,0,0,0,0,0,0,0,0,12,0,0,0,0,0,0,0,0,0,0,0,6,1,0,0,2,2,0,0,0,0,0,0,0,0,0,12,0,0,0,0,0,0,0,0,0,0,12,0,0,0,0,0,0,0,0,0,0,0,0,0,0,0,0,0,0,0,0,0,0,0,0,0,0,0,0,0,0,0,0,0,0,0,0,0,0,0,0,0,0,0,0,0,0,0,0,0,0,0,0,0,0,0,0,0,0,0,0,0,0,0,0,0,0,0,0,0,0,0,0,0,0,0,0,0,0,0,0,0,0,0,0,0,0,0,0,0,0,0,0,0,0,0,0,0,0,0,0,0,0,0,0,0,0,0,0,0,0,0,0,0,0,0,0,0,0,0,0,0,0,0,0,0,0,0,0,0,0,0,0,0,0,0,0,0,0,0,0,0,0,0,0,0,0,0,0,0,0,0,0,0,0,0,0,0,0,0,0,0,0,0,0,0,0,0,0,0,0,0,0,0,0,0,0,0,0,0,0,0,0,0,0,0,0,0,0,0,0,0,0,0
ERR912020,16785,318,149,149,123,234,195,33,80,31,1,0,4,16,28,155,52,128,675,455,245,220,37,302,54,180,120,58,0,53,2,46,57,54,59,0,11,11,127,43,10,18,16,49,79,33,14,6,30,57,281,2,94,13,263,147,105,23,57,19,23,172,52,48,60,0,66,23,13,251,9,8,13,8,14,120,10,102,0,103,65,66,195,137,182,107,31,32,76,103,76,19,70,0,0,95,61,15,5,85,57,25,34,0,4,0,25,36,51,280,0,4,0,65,54,8,0,0,3,3456,1531,936,1391,561,265,90,25,932,148,82,119,0,20,13,200,277,193,10,85,13,4,39,7,838,8,151,52,0,169,56,148,8,60,117,150,208,0,0,12,6,6,3,0,2,239,0,43,7,14,31,0,12,6,0,7,161,28,0,8,61,0,0,8,2,11,18,8,8,6,22,23,36,8,8,0,0,7,51,16,38,0,17,5,15,7,1,0,8,29,3,6,13,71,4,0,65,16,7,17,6,19,0,8,0,0,17,1,0,0,20,318,149,149,123,234,195,33,80,31,1,0,4,16,28,155,52,128,675,455,245,220,37,302,54,180,120,58,0,53,2,46,57,54,59,0,11,11,127,43,10,18,16,49,79,33,14,6,30,57,281,2,94,13,263,147,105,23,57,19,23,172,52,48,60,0,66,23,13,251,9,8,13,8,14,120,10,102,0,103,65,66,195,137,182,107,31,32,76,103,76,19,70,0,0,95,61,15,5,85,57,25,34,0,4,0,25,36,51,280,0,4,0,65,54,8,0,0,3,3456,1531,936,1391,561,265,90,25,932,148,82,119,0,20,13,200,277,193,10,85,13,4,39,7,838,8,151,52,0,169,56,148,8,60,117,150,208,0,0,12,6,6,3,0,2,239,0,43,7,14,31,0,12,6,0,7,161,28,0,8,61,0,0,8,2,11,18,8,8,6,22,23,36,8,8,0,0,7,51,16,38,0,17,5,15,7,1,0,8,29,3,6,13,71,4,0,65,16,7,17,6,19,0,8,0,0,17,1,0,0,20,10,3,0,0,0,0,0,0,0,0,0,0,0,0,0,6,0,0,0,0,0,0,0,0,0,0,6,0,0,0,0,0,0,0,0,0,0,0,10,3,0,0,0,0,0,0,0,0,0,0,0,0,0,6,0,0,0,0,0,0,0,0,0,0,6,0,0,0,0,0,0,0,0,0,0,0,0,0,0,0,0,0,0,0,0,0,0,0,0,0,0,0,0,0,0,0,0,0,0,0,0,0,0,0,0,0,0,0,0,0,0,0,0,0,0,0,0,0,0,0,0,0,0,0,0,0,0,0,0,0,0,0,0,0,0,0,0,0,0,0,0,0,0,0,0,0,0,0,0,0,0,0,0,0,0,0,0,0,0,0,0,0,0,0,0,0,0,0,0,0,0,0,0,0,0,0,0,0,0,0,0,0,0,0,0,0,0,0,0,0,0,0,0,0,0,0,0,0,0,0,0,0,0,0,0,0,0,0,0,0,0,0,0,0,0,0,0,0,0,0,0,0,0,0,0,0,0,0,0,0,0,0,0,0,0,0,0,0,0,0,0,0,0,0,0,0,0,0,0,0,0,0,0,0,0,0,0,0
ERR912041,19077,325,221,191,207,295,279,43,146,16,1,0,2,10,6,187,70,160,763,474,305,260,52,278,15,178,220,33,6,80,1,63,104,58,101,0,2,15,196,106,15,4,15,75,67,29,28,0,13,81,273,0,108,4,353,112,61,30,28,24,26,194,52,43,67,0,123,13,4,312,2,1,1,1,15,134,7,90,0,77,71,81,269,139,244,108,39,148,61,78,163,13,59,0,0,87,59,14,5,102,37,34,35,0,8,0,53,82,15,242,0,0,0,108,46,7,5,0,1,4097,1756,1060,1644,679,293,146,15,1139,186,45,129,0,28,30,229,316,199,18,138,41,44,11,9,958,2,236,33,0,170,75,151,12,137,122,182,179,0,0,28,26,0,11,0,8,248,0,33,8,11,60,0,19,13,0,0,162,51,0,17,67,0,0,11,2,36,25,11,11,11,21,22,42,11,11,0,0,11,40,3,35,0,9,7,1,21,2,0,0,35,6,50,1,61,0,0,59,3,10,3,8,14,0,11,0,0,10,8,0,0,45,325,221,191,207,295,279,43,146,16,1,0,2,10,6,187,70,160,763,474,305,260,52,278,15,178,220,33,6,80,1,63,104,58,101,0,2,15,196,106,15,4,15,75,67,29,28,0,13,81,273,0,108,4,353,112,61,30,28,24,26,194,52,43,67,0,123,13,4,312,2,1,1,1,15,134,7,90,0,77,71,81,269,139,244,108,39,148,61,78,163,13,59,0,0,87,59,14,5,102,37,34,35,0,8,0,53,82,15,242,0,0,0,108,46,7,5,0,1,4097,1756,1060,1644,679,293,146,15,1139,186,45,129,0,28,30,229,316,199,18,138,41,44,11,9,958,2,236,33,0,170,75,151,12,137,122,182,179,0,0,28,26,0,11,0,8,248,0,33,8,11,60,0,19,13,0,0,162,51,0,17,67,0,0,11,2,36,25,11,11,11,21,22,42,11,11,0,0,11,40,3,35,0,9,7,1,21,2,0,0,35,6,50,1,61,0,0,59,3,10,3,8,14,0,11,0,0,10,8,0,0,45,0,1,0,0,0,0,0,0,0,0,0,0,0,0,0,0,0,0,0,0,0,0,0,0,0,0,0,0,0,0,0,0,0,0,0,0,0,0,0,1,0,0,0,0,0,0,0,0,0,0,0,0,0,0,0,0,0,0,0,0,0,0,0,0,0,0,0,0,0,0,0,0,0,0,0,0,0,0,0,0,0,0,0,0,0,0,0,0,0,0,0,0,0,0,0,0,0,0,0,0,0,0,0,0,0,0,0,0,0,0,0,0,0,0,0,0,0,0,0,0,0,0,0,0,0,0,0,0,0,0,0,0,0,0,0,0,0,0,0,0,0,0,0,0,0,0,0,0,0,0,0,0,0,0,0,0,0,0,0,0,0,0,0,0,0,0,0,0,0,0,0,0,0,0,0,0,0,0,0,0,0,0,0,0,0,0,0,0,0,0,0,0,0,0,0,0,0,0,0,0,0,0,0,0,0,0,0,0,0,0,0,0,0,0,0,0,0,0,0,0,0,0,0,0,0,0,0,0,0,0,0,0,0,0,0,0,0,0,0,0,0,0,0,0,0,0,0,0,0,0,0,0,0,0,0,0,0,0
ERR912044,12728,191,122,120,100,183,130,15,78,26,3,0,1,21,0,179,41,92,376,354,213,174,18,227,27,125,109,19,2,90,0,39,84,46,81,8,4,5,159,78,9,4,18,84,74,31,8,5,22,36,157,0,88,17,230,63,42,9,24,37,53,129,48,37,52,0,51,37,17,177,0,0,4,1,10,113,29,97,0,58,36,78,203,97,171,91,19,48,34,77,57,4,80,0,0,66,66,3,1,73,38,6,16,0,3,0,30,62,18,222,0,2,0,27,34,8,0,0,7,2876,1220,719,1158,447,196,85,4,782,140,31,39,0,28,32,214,172,178,10,46,11,6,37,0,742,0,165,25,0,121,52,114,18,31,89,111,113,0,0,30,7,0,5,0,3,125,0,39,6,19,48,0,9,4,0,0,93,23,0,21,43,0,0,8,0,29,17,8,8,16,20,21,14,8,8,0,0,17,23,0,14,0,14,4,1,2,3,0,3,21,16,18,1,49,0,9,58,0,7,0,0,12,0,8,0,0,9,3,0,0,29,191,122,120,100,183,130,15,78,26,3,0,1,21,0,179,41,92,376,354,213,174,18,227,27,125,109,19,2,90,0,39,84,46,81,8,4,5,159,78,9,4,18,84,74,31,8,5,22,36,157,0,88,17,230,63,42,9,24,37,53,129,48,37,52,0,51,37,17,177,0,0,4,1,10,113,29,97,0,58,36,78,203,97,171,91,19,48,34,77,57,4,80,0,0,66,66,3,1,73,38,6,16,0,3,0,30,62,18,222,0,2,0,27,34,8,0,0,7,2876,1220,719,1158,447,196,85,4,782,140,31,39,0,28,32,214,172,178,10,46,11,6,37,0,742,0,165,25,0,121,52,114,18,31,89,111,113,0,0,30,7,0,5,0,3,125,0,39,6,19,48,0,9,4,0,0,93,23,0,21,43,0,0,8,0,29,17,8,8,16,20,21,14,8,8,0,0,17,23,0,14,0,14,4,1,2,3,0,3,21,16,18,1,49,0,9,58,0,7,0,0,12,0,8,0,0,9,3,0,0,29,0,0,0,0,6,6,0,0,0,0,0,0,0,0,0,0,0,0,0,0,0,0,0,0,0,0,0,0,0,0,0,0,0,0,0,0,0,0,0,0,0,0,6,6,0,0,0,0,0,0,0,0,0,0,0,0,0,0,0,0,0,0,0,0,0,0,0,0,0,0,0,0,0,0,0,0,0,0,0,0,0,0,0,0,0,0,0,0,0,0,0,0,0,0,0,0,0,0,0,0,0,0,0,0,0,0,0,0,0,0,0,0,0,0,0,0,0,0,0,0,0,0,0,0,0,0,0,0,0,0,0,0,0,0,0,0,0,0,0,0,0,0,0,0,0,0,0,0,0,0,0,0,0,0,0,0,0,0,0,0,0,0,0,0,0,0,0,0,0,0,0,0,0,0,0,0,0,0,0,0,0,0,0,0,0,0,0,0,0,0,0,0,0,0,0,0,0,0,0,0,0,0,0,0,0,0,0,0,0,0,0,0,0,0,0,0,0,0,0,0,0,0,0,0,0,0,0,0,0,0,0,0,0,0,0,0,0,0,0,0,0,0,0,0,0,0,0,0,0,0,0,0,0,0,0,0,0,0
ERR912049,14601,217,92,136,136,179,206,9,66,18,0,0,2,4,10,140,59,102,631,410,251,174,26,212,14,111,91,19,0,53,13,30,36,27,46,0,5,4,84,23,14,7,11,29,54,24,17,2,20,19,219,0,90,6,249,107,54,31,22,11,2,130,35,32,64,0,80,23,6,183,9,8,6,4,8,116,22,65,0,79,52,37,216,87,123,81,21,75,52,88,88,4,47,0,0,70,30,9,8,107,31,9,12,0,10,0,14,21,20,197,0,2,0,65,30,18,0,0,7,2946,1273,732,1148,438,214,61,15,779,72,56,23,0,19,50,262,189,187,12,115,18,14,43,4,742,6,194,33,0,175,69,129,8,76,83,140,192,0,0,47,13,0,3,0,0,219,1,29,20,31,16,0,21,3,3,0,167,11,0,10,74,0,0,20,0,23,23,20,20,8,29,30,22,20,20,8,0,8,40,15,28,0,30,7,1,3,0,0,0,21,9,18,1,104,22,0,101,15,19,16,3,23,0,20,0,0,15,0,0,0,19,217,92,136,136,179,206,9,66,18,0,0,2,4,10,140,59,102,631,410,251,174,26,212,14,111,91,19,0,53,13,30,36,27,46,0,5,4,84,23,14,7,11,29,54,24,17,2,20,19,219,0,90,6,249,107,54,31,22,11,2,130,35,32,64,0,80,23,6,183,9,8,6,4,8,116,22,65,0,79,52,37,216,87,123,81,21,75,52,88,88,4,47,0,0,70,30,9,8,107,31,9,12,0,10,0,14,21,20,197,0,2,0,65,30,18,0,0,7,2946,1273,732,1148,438,214,61,15,779,72,56,23,0,19,50,262,189,187,12,115,18,14,43,4,742,6,194,33,0,175,69,129,8,76,83,140,192,0,0,47,13,0,3,0,0,219,1,29,20,31,16,0,21,3,3,0,167,11,0,10,74,0,0,20,0,23,23,20,20,8,29,30,22,20,20,8,0,8,40,15,28,0,30,7,1,3,0,0,0,21,9,18,1,104,22,0,101,15,19,16,3,23,0,20,0,0,15,0,0,0,19,0,0,0,0,0,0,0,0,0,0,0,0,0,0,0,0,0,0,0,0,0,0,0,0,0,0,0,0,0,0,0,0,0,0,0,0,0,0,0,0,0,0,0,0,0,0,0,0,0,0,0,0,0,0,0,0,0,0,0,0,0,0,0,0,0,0,0,0,0,0,0,0,0,0,0,0,0,0,0,0,0,0,0,0,0,0,0,0,0,0,0,0,0,0,0,0,0,0,0,0,0,0,0,0,0,0,0,0,0,0,0,0,0,0,0,0,0,0,0,0,0,0,0,0,0,0,0,0,0,0,0,0,0,0,0,0,0,0,0,0,0,0,0,0,0,0,0,0,0,0,0,0,0,0,0,0,0,0,0,0,0,0,0,0,0,0,0,0,0,0,0,0,0,0,0,0,0,0,0,0,0,0,0,0,0,0,0,0,0,0,0,0,0,0,0,0,0,0,0,0,0,0,0,0,0,0,0,0,0,0,0,0,0,0,0,0,0,0,0,0,0,0,0,0,0,0,0,0,0,0,0,0,0,0,0,0,0,0,0,0,0,0,0,0,0,0,0,0,0,0,0,0,0,0,0,0,0,0
ERR912053,19778,289,240,196,137,267,258,42,107,13,0,0,1,11,55,200,47,245,753,399,317,254,38,259,14,278,191,64,8,131,0,86,70,84,129,0,1,14,165,121,7,4,36,94,74,17,12,2,5,137,261,0,127,8,396,177,133,20,63,36,41,146,38,23,80,0,146,23,9,302,2,1,6,4,23,149,7,112,0,95,85,122,246,124,250,141,45,147,62,122,88,9,43,0,1,74,67,3,5,88,36,8,22,0,3,0,108,102,24,270,1,0,1,81,56,9,0,0,1,4022,1753,1009,1707,637,361,104,11,1122,177,23,160,0,34,30,163,270,104,7,127,35,41,19,4,995,3,195,61,0,181,46,78,4,128,115,157,165,0,0,28,5,3,13,0,6,169,7,11,12,14,63,0,37,22,3,3,131,38,0,7,84,0,0,17,8,75,40,17,17,3,27,28,76,17,17,0,0,3,72,3,66,0,9,2,1,25,1,0,0,55,10,94,1,105,0,0,64,3,16,3,3,23,0,17,0,0,13,6,0,0,92,289,240,196,137,267,258,42,107,13,0,0,1,11,55,200,47,245,753,399,317,254,38,259,14,278,191,64,8,131,0,86,70,84,129,0,1,14,165,121,7,4,36,94,74,17,12,2,5,137,261,0,127,8,396,177,133,20,63,36,41,146,38,23,80,0,146,23,9,302,2,1,6,4,23,149,7,112,0,95,85,122,246,124,250,141,45,147,62,122,88,9,43,0,1,74,67,3,5,88,36,8,22,0,3,0,108,102,24,270,1,0,1,81,56,9,0,0,1,4022,1753,1009,1707,637,361,104,11,1122,177,23,160,0,34,30,163,270,104,7,127,35,41,19,4,995,3,195,61,0,181,46,78,4,128,115,157,165,0,0,28,5,3,13,0,6,169,7,11,12,14,63,0,37,22,3,3,131,38,0,7,84,0,0,17,8,75,40,17,17,3,27,28,76,17,17,0,0,3,72,3,66,0,9,2,1,25,1,0,0,55,10,94,1,105,0,0,64,3,16,3,3,23,0,17,0,0,13,6,0,0,92,0,0,0,0,0,0,0,0,0,0,0,0,0,0,0,2,0,0,0,0,0,0,0,0,0,0,2,0,0,0,0,0,0,0,0,0,0,0,0,0,0,0,0,0,0,0,0,0,0,0,0,0,0,2,0,0,0,0,0,0,0,0,0,0,2,0,0,0,0,0,0,0,0,0,0,0,0,0,0,0,0,0,0,0,0,0,0,0,0,0,0,0,0,0,0,0,0,0,0,0,0,0,0,0,0,0,0,0,0,0,0,0,0,0,0,0,0,0,0,0,0,0,0,0,0,0,0,0,0,0,0,0,0,0,0,0,0,0,0,0,0,0,0,0,0,0,0,0,0,0,0,0,0,0,0,0,0,0,0,0,0,0,0,0,0,0,0,0,0,0,0,0,0,0,0,0,0,0,0,0,0,0,0,0,0,0,0,0,0,0,0,0,0,0,0,0,0,0,0,0,0,0,0,0,0,0,0,0,0,0,0,0,0,0,0,0,0,0,0,0,0,0,0,0,0,0,0,0,0,0,0,0,0,0,0,0,0,0,0,0,0,0,0,0,0,0,0,0,0,0,0,0,0,0,0,0,0,0
ERR912054,17319,319,255,200,129,158,373,55,148,15,1,0,1,14,19,163,12,283,753,437,325,290,12,294,17,279,164,84,2,156,0,91,81,93,177,0,8,29,224,141,4,15,30,36,57,86,17,0,20,151,396,1,201,21,354,211,81,46,18,33,58,135,67,22,25,0,189,48,21,289,9,8,4,2,23,207,11,114,0,123,69,188,252,107,261,88,49,51,67,119,162,54,38,0,0,94,128,7,11,85,50,36,100,0,12,0,150,128,13,302,0,6,0,64,92,9,0,0,2,4333,1970,1087,1845,708,353,148,24,1118,308,61,313,0,66,8,126,238,128,4,137,12,14,12,61,832,4,144,49,0,235,53,94,7,90,71,217,249,0,0,8,10,3,2,0,1,217,0,36,21,34,68,0,47,17,45,3,115,13,0,11,130,0,0,29,2,24,33,29,29,7,30,31,120,29,29,0,0,8,115,0,108,0,5,3,2,23,3,0,0,78,11,0,4,54,3,0,44,0,27,0,55,15,0,29,0,0,6,2,0,0,58,319,255,200,129,158,373,55,148,15,1,0,1,14,19,163,12,283,753,437,325,290,12,294,17,279,164,84,2,156,0,91,81,93,177,0,8,29,224,141,4,15,30,36,57,86,17,0,20,151,396,1,201,21,354,211,81,46,18,33,58,135,67,22,25,0,189,48,21,289,9,8,4,2,23,207,11,114,0,123,69,188,252,107,261,88,49,51,67,119,162,54,38,0,0,94,128,7,11,85,50,36,100,0,12,0,150,128,13,302,0,6,0,64,92,9,0,0,2,4333,1970,1087,1845,708,353,148,24,1118,308,61,313,0,66,8,126,238,128,4,137,12,14,12,61,832,4,144,49,0,235,53,94,7,90,71,217,249,0,0,8,10,3,2,0,1,217,0,36,21,34,68,0,47,17,45,3,115,13,0,11,130,0,0,29,2,24,33,29,29,7,30,31,120,29,29,0,0,8,115,0,108,0,5,3,2,23,3,0,0,78,11,0,4,54,3,0,44,0,27,0,55,15,0,29,0,0,6,2,0,0,58,1,5,0,0,0,0,0,0,0,0,0,0,0,0,0,2,0,0,0,0,0,0,0,0,0,0,2,0,0,0,0,0,0,0,0,0,0,0,1,5,0,0,0,0,0,0,0,0,0,0,0,0,0,2,0,0,0,0,0,0,0,0,0,0,2,0,0,0,0,0,0,0,0,0,0,0,0,0,0,0,0,0,0,0,0,0,0,0,0,0,0,0,0,0,0,0,0,0,0,0,0,0,0,0,0,0,0,0,0,0,0,0,0,0,0,0,0,0,0,0,0,0,0,0,0,0,0,0,0,0,0,0,0,0,0,0,0,0,0,0,0,0,0,0,0,0,0,0,0,0,0,0,0,0,0,0,0,0,0,0,0,0,0,0,0,0,0,0,0,0,0,0,0,0,0,0,0,0,0,0,0,0,0,0,0,0,0,0,0,0,0,0,0,0,0,0,0,0,0,0,0,0,0,0,0,0,0,0,0,0,0,0,0,0,0,0,0,0,0,0,0,0,0,0,0,0,0,0,0,0,0,0,0,0,0,0,0,0,0,0,0,0,0,0,0,0,0,0,0,0,0,0,0,0,0,0,0,0
ERR912063,16161,283,147,188,131,317,214,23,78,23,0,0,2,7,10,160,60,135,633,431,266,204,33,223,29,146,140,17,3,65,3,40,65,22,39,0,0,12,113,29,15,7,13,14,56,43,14,3,10,51,284,2,92,9,297,135,94,17,42,12,16,140,57,79,69,0,74,17,10,210,0,0,7,3,4,171,17,101,0,75,53,97,225,159,196,115,46,66,79,99,109,9,72,0,3,67,68,3,10,106,38,20,36,0,3,0,16,23,49,229,2,2,2,58,37,18,0,0,5,3563,1558,927,1369,597,242,80,12,940,122,58,104,0,22,32,236,188,146,17,129,13,5,56,15,897,1,196,40,0,177,59,130,10,92,122,191,193,0,0,30,16,0,7,0,2,204,5,39,10,14,21,0,21,16,0,0,126,44,6,11,80,0,0,14,4,23,20,14,14,8,30,32,50,14,14,0,0,8,51,3,48,0,13,4,4,3,6,0,6,34,6,6,1,55,0,0,64,3,13,4,14,17,0,14,0,0,16,3,0,0,28,283,147,188,131,317,214,23,78,23,0,0,2,7,10,160,60,135,633,431,266,204,33,223,29,146,140,17,3,65,3,40,65,22,39,0,0,12,113,29,15,7,13,14,56,43,14,3,10,51,284,2,92,9,297,135,94,17,42,12,16,140,57,79,69,0,74,17,10,210,0,0,7,3,4,171,17,101,0,75,53,97,225,159,196,115,46,66,79,99,109,9,72,0,3,67,68,3,10,106,38,20,36,0,3,0,16,23,49,229,2,2,2,58,37,18,0,0,5,3563,1558,927,1369,597,242,80,12,940,122,58,104,0,22,32,236,188,146,17,129,13,5,56,15,897,1,196,40,0,177,59,130,10,92,122,191,193,0,0,30,16,0,7,0,2,204,5,39,10,14,21,0,21,16,0,0,126,44,6,11,80,0,0,14,4,23,20,14,14,8,30,32,50,14,14,0,0,8,51,3,48,0,13,4,4,3,6,0,6,34,6,6,1,55,0,0,64,3,13,4,14,17,0,14,0,0,16,3,0,0,28,0,2,0,0,8,8,0,0,0,0,0,2,0,0,0,0,3,0,0,0,0,0,0,0,3,0,0,0,0,0,0,0,0,0,3,0,0,0,0,2,0,0,8,8,0,0,0,0,0,2,0,0,0,0,3,0,0,0,0,0,0,0,3,0,0,0,0,0,0,0,0,0,3,0,0,0,0,0,0,0,0,0,0,0,0,0,0,0,0,0,0,0,0,0,0,0,0,0,0,0,0,0,0,0,0,0,0,0,0,0,0,0,0,0,0,0,0,0,0,0,0,0,0,0,0,0,0,0,0,0,0,0,0,0,0,0,0,0,0,0,0,0,0,0,0,0,0,0,0,0,0,0,0,0,0,0,0,0,0,0,0,0,0,0,0,0,0,0,0,0,0,0,0,0,0,0,0,0,0,0,0,0,0,0,0,0,0,0,0,0,0,0,0,0,0,0,0,0,0,0,0,0,0,0,0,0,0,0,0,0,0,0,0,0,0,0,0,0,0,0,0,0,0,0,0,0,0,0,0,0,0,0,0,0,0,0,0,0,0,0,0,0,0,0,0,0,0,0,0,0,0,0,0,0,0,0,0,0
ERR912064,18035,308,164,190,230,307,310,28,197,37,0,2,5,18,0,176,55,189,631,519,317,211,45,304,41,217,200,23,25,92,2,53,71,49,56,0,0,16,112,48,18,11,14,37,112,18,22,0,15,42,274,0,134,4,326,193,150,36,97,19,24,301,48,35,109,0,189,37,4,283,0,0,8,5,1,191,5,132,0,110,75,101,307,158,236,123,42,194,28,144,199,2,89,7,0,87,49,7,5,132,56,0,17,0,22,0,38,38,15,291,0,8,0,99,40,17,0,0,8,4265,1731,1132,1619,719,310,190,7,1144,195,86,62,0,22,30,379,290,221,18,100,25,11,27,2,881,8,254,38,0,190,74,116,19,63,143,180,203,0,0,28,17,0,8,0,1,230,0,29,6,22,43,0,24,13,43,0,168,30,8,24,75,0,0,8,4,31,17,8,8,19,33,34,42,8,8,0,0,20,49,16,39,0,19,10,10,0,0,0,0,22,3,67,0,107,0,4,88,15,7,17,2,26,0,8,0,0,15,1,0,0,35,308,164,190,230,307,310,28,197,37,0,2,5,18,0,176,55,189,631,519,317,211,45,304,41,217,200,23,25,92,2,53,71,49,56,0,0,16,112,48,18,11,14,37,112,18,22,0,15,42,274,0,134,4,326,193,150,36,97,19,24,301,48,35,109,0,189,37,4,283,0,0,8,5,1,191,5,132,0,110,75,101,307,158,236,123,42,194,28,144,199,2,89,7,0,87,49,7,5,132,56,0,17,0,22,0,38,38,15,291,0,8,0,99,40,17,0,0,8,4265,1731,1132,1619,719,310,190,7,1144,195,86,62,0,22,30,379,290,221,18,100,25,11,27,2,881,8,254,38,0,190,74,116,19,63,143,180,203,0,0,28,17,0,8,0,1,230,0,29,6,22,43,0,24,13,43,0,168,30,8,24,75,0,0,8,4,31,17,8,8,19,33,34,42,8,8,0,0,20,49,16,39,0,19,10,10,0,0,0,0,22,3,67,0,107,0,4,88,15,7,17,2,26,0,8,0,0,15,1,0,0,35,0,0,0,0,0,0,0,0,0,0,0,0,0,0,0,0,4,0,0,0,0,0,0,0,4,0,0,0,0,0,0,0,0,0,4,0,0,0,0,0,0,0,0,0,0,0,0,0,0,0,0,0,0,0,4,0,0,0,0,0,0,0,4,0,0,0,0,0,0,0,0,0,4,0,0,0,0,0,0,0,0,0,0,0,0,0,0,0,0,0,0,0,0,0,0,0,0,0,0,0,0,0,0,0,0,0,0,0,0,0,0,0,0,0,0,0,0,0,0,0,0,0,0,0,0,0,0,0,0,0,0,0,0,0,0,0,0,0,0,0,0,0,0,0,0,0,0,0,0,0,0,0,0,0,0,0,0,0,0,0,0,0,0,0,0,0,0,0,0,0,0,0,0,0,0,0,0,0,0,0,0,0,0,0,0,0,0,0,0,0,0,0,0,0,0,0,0,0,0,0,0,0,0,0,0,0,0,0,0,0,0,0,0,0,0,0,0,0,0,0,0,0,0,0,0,0,0,0,0,0,0,0,0,0,0,0,0,0,0,0,0,0,0,0,0,0,0,0,0,0,0,0,0,0,0,0,0,0
ERR912065,19855,318,215,196,176,255,288,48,118,16,0,0,2,21,14,122,25,177,574,337,236,216,38,265,23,228,192,44,5,84,2,68,98,58,117,0,1,26,145,96,9,9,23,89,100,30,7,0,5,109,200,1,141,11,319,207,139,30,87,45,36,206,51,24,63,0,145,19,11,262,0,0,2,1,37,85,7,89,0,76,96,120,214,102,221,124,52,132,44,126,95,9,44,0,0,69,75,0,5,67,32,15,37,0,29,0,67,74,7,229,0,0,0,87,31,5,0,0,4,3540,1651,935,1504,576,304,117,8,1056,214,37,180,0,17,13,163,267,108,9,60,24,22,12,9,721,0,161,67,0,211,36,58,15,166,112,135,127,0,0,12,7,0,50,0,22,162,3,16,7,27,73,0,23,18,5,0,99,35,0,19,33,0,0,9,11,45,26,9,9,13,10,10,34,9,9,0,0,14,29,0,28,0,3,1,0,8,1,0,0,44,17,54,1,52,0,0,52,0,9,0,8,4,0,9,0,0,10,20,0,0,77,318,215,196,176,255,288,48,118,16,0,0,2,21,14,122,25,177,574,337,236,216,38,265,23,228,192,44,5,84,2,68,98,58,117,0,1,26,145,96,9,9,23,89,100,30,7,0,5,109,200,1,141,11,319,207,139,30,87,45,36,206,51,24,63,0,145,19,11,262,0,0,2,1,37,85,7,89,0,76,96,120,214,102,221,124,52,132,44,126,95,9,44,0,0,69,75,0,5,67,32,15,37,0,29,0,67,74,7,229,0,0,0,87,31,5,0,0,4,3540,1651,935,1504,576,304,117,8,1056,214,37,180,0,17,13,163,267,108,9,60,24,22,12,9,721,0,161,67,0,211,36,58,15,166,112,135,127,0,0,12,7,0,50,0,22,162,3,16,7,27,73,0,23,18,5,0,99,35,0,19,33,0,0,9,11,45,26,9,9,13,10,10,34,9,9,0,0,14,29,0,28,0,3,1,0,8,1,0,0,44,17,54,1,52,0,0,52,0,9,0,8,4,0,9,0,0,10,20,0,0,77,0,0,0,0,0,0,0,0,0,0,0,0,0,0,0,0,0,0,0,0,0,0,0,0,0,0,0,0,0,0,0,0,0,0,0,0,0,0,0,0,0,0,0,0,0,0,0,0,0,0,0,0,0,0,0,0,0,0,0,0,0,0,0,0,0,0,0,0,0,0,0,0,0,0,0,0,0,0,0,0,0,0,0,0,0,0,0,0,0,0,0,0,0,0,0,0,0,0,0,0,0,0,0,0,0,0,0,0,0,0,0,0,0,0,0,0,0,0,0,0,0,0,0,0,0,0,0,0,0,0,0,0,0,0,0,0,0,0,0,0,0,0,0,0,0,0,0,0,0,0,0,0,0,0,0,0,0,0,0,0,0,0,0,0,0,0,0,0,0,0,0,0,0,0,0,0,0,0,0,0,0,0,0,0,0,0,0,0,0,0,0,0,0,0,0,0,0,0,0,0,0,0,0,0,0,0,0,0,0,0,0,0,0,0,0,0,0,0,0,0,0,0,0,0,0,0,0,0,0,0,0,0,0,0,0,0,0,0,0,0,0,0,0,0,0,0,0,0,0,0,0,0,0,0,0,0,0,0
ERR912066,15569,319,144,152,77,153,124,28,97,17,1,0,1,12,15,153,31,119,510,453,260,204,18,206,28,129,107,42,3,44,3,63,35,29,46,3,30,14,114,35,7,14,43,60,58,18,10,2,21,59,306,2,67,12,196,148,117,14,65,53,22,166,20,12,33,0,69,27,12,306,2,1,3,2,8,119,15,89,0,64,42,83,220,227,239,80,56,64,44,123,75,5,81,0,0,75,38,3,13,76,14,9,16,10,6,10,30,28,13,340,0,0,0,76,49,9,0,0,1,3389,1468,953,1284,652,195,97,45,858,99,69,346,0,13,6,95,175,97,10,59,10,6,11,12,1383,6,192,74,0,131,37,72,12,116,217,167,269,0,0,8,60,4,10,0,2,237,1,42,11,31,46,0,25,13,15,4,209,23,0,15,34,0,0,13,7,19,22,13,13,12,11,12,29,13,13,0,0,13,25,3,25,0,15,1,3,10,31,0,0,38,7,26,10,78,0,0,87,3,12,4,11,49,0,13,0,0,8,1,0,0,33,319,144,152,77,153,124,28,97,17,1,0,1,12,15,153,31,119,510,453,260,204,18,206,28,129,107,42,3,44,3,63,35,29,46,3,30,14,114,35,7,14,43,60,58,18,10,2,21,59,306,2,67,12,196,148,117,14,65,53,22,166,20,12,33,0,69,27,12,306,2,1,3,2,8,119,15,89,0,64,42,83,220,227,239,80,56,64,44,123,75,5,81,0,0,75,38,3,13,76,14,9,16,10,6,10,30,28,13,340,0,0,0,76,49,9,0,0,1,3389,1468,953,1284,652,195,97,45,858,99,69,346,0,13,6,95,175,97,10,59,10,6,11,12,1383,6,192,74,0,131,37,72,12,116,217,167,269,0,0,8,60,4,10,0,2,237,1,42,11,31,46,0,25,13,15,4,209,23,0,15,34,0,0,13,7,19,22,13,13,12,11,12,29,13,13,0,0,13,25,3,25,0,15,1,3,10,31,0,0,38,7,26,10,78,0,0,87,3,12,4,11,49,0,13,0,0,8,1,0,0,33,2,14,0,0,3,3,0,0,0,0,0,0,0,0,0,3,0,0,0,0,0,0,0,0,0,0,4,0,0,0,0,0,0,0,0,0,0,0,2,14,0,0,3,3,0,0,0,0,0,0,0,0,0,3,0,0,0,0,0,0,0,0,0,0,4,0,0,0,0,0,0,0,0,0,0,0,0,0,0,0,0,0,0,0,0,0,0,0,0,0,0,0,0,0,0,0,0,0,0,0,0,0,0,0,0,0,0,0,0,0,0,0,0,0,0,0,0,0,0,0,0,0,0,0,0,0,0,0,0,0,0,0,0,0,0,0,0,0,0,0,0,0,0,0,0,0,0,0,0,0,0,0,0,0,0,0,0,0,0,0,0,0,0,0,0,0,0,0,0,0,0,0,0,0,0,0,0,0,0,0,0,0,0,0,0,0,0,0,0,0,0,0,0,0,0,0,0,0,0,0,0,0,0,0,0,0,0,0,0,0,0,0,0,0,0,0,0,0,0,0,0,0,0,0,0,0,0,0,0,0,0,0,0,0,0,0,0,0,0,0,0,0,0,0,0,0,0,0,0,0,0,0,0,0,0,0,0,0
ERR912067,13718,210,125,154,150,189,228,38,94,17,2,1,3,9,0,130,46,140,471,312,206,134,29,206,23,172,110,31,7,74,1,51,67,40,66,0,4,14,113,66,18,5,11,44,44,22,14,0,15,63,220,0,78,10,257,109,46,34,29,21,13,129,39,35,45,0,68,23,10,155,4,3,2,0,9,128,2,87,0,71,50,67,174,82,148,93,19,60,42,99,105,9,35,0,1,47,51,9,1,86,41,17,28,0,3,0,52,57,13,169,0,6,0,83,42,10,0,0,3,2861,1228,748,1143,460,236,94,11,807,132,50,84,0,19,6,179,190,118,16,62,17,3,29,12,582,0,139,27,0,189,41,62,9,79,84,147,150,0,0,6,17,0,10,0,2,163,0,25,9,18,32,0,23,10,8,0,96,26,0,10,54,0,0,11,2,17,13,11,11,7,25,26,31,11,11,0,0,8,29,2,28,0,10,4,3,7,1,0,0,27,7,0,1,53,0,0,43,2,10,2,11,17,0,11,0,0,4,2,0,0,28,210,125,154,150,189,228,38,94,17,2,1,3,9,0,130,46,140,471,312,206,134,29,206,23,172,110,31,7,74,1,51,67,40,66,0,4,14,113,66,18,5,11,44,44,22,14,0,15,63,220,0,78,10,257,109,46,34,29,21,13,129,39,35,45,0,68,23,10,155,4,3,2,0,9,128,2,87,0,71,50,67,174,82,148,93,19,60,42,99,105,9,35,0,1,47,51,9,1,86,41,17,28,0,3,0,52,57,13,169,0,6,0,83,42,10,0,0,3,2861,1228,748,1143,460,236,94,11,807,132,50,84,0,19,6,179,190,118,16,62,17,3,29,12,582,0,139,27,0,189,41,62,9,79,84,147,150,0,0,6,17,0,10,0,2,163,0,25,9,18,32,0,23,10,8,0,96,26,0,10,54,0,0,11,2,17,13,11,11,7,25,26,31,11,11,0,0,8,29,2,28,0,10,4,3,7,1,0,0,27,7,0,1,53,0,0,43,2,10,2,11,17,0,11,0,0,4,2,0,0,28,0,3,0,0,0,0,0,0,0,0,0,1,0,0,0,0,0,0,0,0,0,0,0,0,0,0,0,0,0,0,0,0,0,0,0,0,0,0,0,3,0,0,0,0,0,0,0,0,0,1,0,0,0,0,0,0,0,0,0,0,0,0,0,0,0,0,0,0,0,0,0,0,0,0,0,0,0,0,0,0,0,0,0,0,0,0,0,0,0,0,0,0,0,0,0,0,0,0,0,0,0,0,0,0,0,0,0,0,0,0,0,0,0,0,0,0,0,0,0,0,0,0,0,0,0,0,0,0,0,0,0,0,0,0,0,0,0,0,0,0,0,0,0,0,0,0,0,0,0,0,0,0,0,0,0,0,0,0,0,0,0,0,0,0,0,0,0,0,0,0,0,0,0,0,0,0,0,0,0,0,0,0,0,0,0,0,0,0,0,0,0,0,0,0,0,0,0,0,0,0,0,0,0,0,0,0,0,0,0,0,0,0,0,0,0,0,0,0,0,0,0,0,0,0,0,0,0,0,0,0,0,0,0,0,0,0,0,0,0,0,0,0,0,0,0,0,0,0,0,0,0,0,0,0,0,0,0,0
ERR912070,15690,239,195,150,112,190,302,44,97,15,0,1,2,21,19,186,58,212,628,421,257,196,14,232,24,207,93,34,13,119,0,54,78,75,119,0,0,17,192,117,23,15,29,77,46,36,17,0,6,113,234,1,168,19,276,271,223,18,156,39,29,156,57,33,31,0,161,63,19,256,0,0,1,0,10,166,8,94,0,94,83,110,196,127,245,96,47,69,75,129,90,24,73,0,0,46,59,0,9,106,32,21,40,6,6,6,97,103,26,210,0,0,0,75,38,6,0,0,46,3587,1474,885,1491,596,310,95,8,947,203,50,146,0,18,23,171,239,143,20,81,7,3,27,11,693,4,155,81,0,167,37,75,8,83,112,139,182,0,0,22,5,4,9,0,2,114,0,30,11,35,70,0,27,9,24,4,99,12,29,13,93,0,0,15,5,32,17,15,15,8,55,57,47,15,15,0,0,9,49,6,41,0,18,1,4,10,0,0,0,47,6,38,3,70,0,0,64,6,14,7,10,7,0,15,0,0,6,2,0,0,44,239,195,150,112,190,302,44,97,15,0,1,2,21,19,186,58,212,628,421,257,196,14,232,24,207,93,34,13,119,0,54,78,75,119,0,0,17,192,117,23,15,29,77,46,36,17,0,6,113,234,1,168,19,276,271,223,18,156,39,29,156,57,33,31,0,161,63,19,256,0,0,1,0,10,166,8,94,0,94,83,110,196,127,245,96,47,69,75,129,90,24,73,0,0,46,59,0,9,106,32,21,40,6,6,6,97,103,26,210,0,0,0,75,38,6,0,0,46,3587,1474,885,1491,596,310,95,8,947,203,50,146,0,18,23,171,239,143,20,81,7,3,27,11,693,4,155,81,0,167,37,75,8,83,112,139,182,0,0,22,5,4,9,0,2,114,0,30,11,35,70,0,27,9,24,4,99,12,29,13,93,0,0,15,5,32,17,15,15,8,55,57,47,15,15,0,0,9,49,6,41,0,18,1,4,10,0,0,0,47,6,38,3,70,0,0,64,6,14,7,10,7,0,15,0,0,6,2,0,0,44,0,9,0,0,0,0,0,0,0,0,0,0,0,0,0,3,12,0,0,0,0,0,0,0,12,0,4,0,0,0,0,0,0,0,12,0,0,0,0,9,0,0,0,0,0,0,0,0,0,0,0,0,0,3,12,0,0,0,0,0,0,0,12,0,4,0,0,0,0,0,0,0,12,0,0,0,0,0,0,0,0,0,0,0,0,0,0,0,0,0,0,0,0,0,0,0,0,0,0,0,0,0,0,0,0,0,0,0,0,0,0,0,0,0,0,0,0,0,0,0,0,0,0,0,0,0,0,0,0,0,0,0,0,0,0,0,0,0,0,0,0,0,0,0,0,0,0,0,0,0,0,0,0,0,0,0,0,0,0,0,0,0,0,0,0,0,0,0,0,0,0,0,0,0,0,0,0,0,0,0,0,0,0,0,0,0,0,0,0,0,0,0,0,0,0,0,0,0,0,0,0,0,0,0,0,0,0,0,0,0,0,0,0,0,0,0,0,0,0,0,0,0,0,0,0,0,0,0,0,0,0,0,0,0,0,0,0,0,0,0,0,0,0,0,0,0,0,0,0,0,0,0,0,0,0,0,0,0
ERR912075,13036,234,135,136,148,176,257,48,74,22,10,1,2,15,6,176,38,130,507,371,180,240,9,184,53,138,124,116,2,108,0,42,79,59,89,0,20,38,135,60,2,33,23,24,51,16,4,2,7,99,195,0,119,10,236,172,114,16,35,18,100,103,43,45,32,0,115,20,10,212,0,0,1,0,24,147,39,140,0,107,48,87,240,100,170,79,8,69,75,55,91,16,27,0,1,63,85,32,1,54,53,52,16,0,4,0,58,56,7,185,0,0,0,50,67,8,3,0,5,3178,1218,876,1216,533,207,98,19,732,201,29,160,0,26,13,133,372,95,2,95,29,5,13,21,648,1,117,23,0,155,31,62,8,127,90,126,178,0,0,12,15,32,6,0,2,156,0,46,10,25,66,0,23,16,6,33,117,66,29,8,49,0,0,14,0,16,16,14,14,9,7,7,50,14,14,0,0,7,47,0,40,0,6,2,0,15,8,0,0,54,5,18,27,50,4,0,39,0,13,0,19,27,0,14,0,0,11,1,0,0,34,234,135,136,148,176,257,48,74,22,10,1,2,15,6,176,38,130,507,371,180,240,9,184,53,138,124,116,2,108,0,42,79,59,89,0,20,38,135,60,2,33,23,24,51,16,4,2,7,99,195,0,119,10,236,172,114,16,35,18,100,103,43,45,32,0,115,20,10,212,0,0,1,0,24,147,39,140,0,107,48,87,240,100,170,79,8,69,75,55,91,16,27,0,1,63,85,32,1,54,53,52,16,0,4,0,58,56,7,185,0,0,0,50,67,8,3,0,5,3178,1218,876,1216,533,207,98,19,732,201,29,160,0,26,13,133,372,95,2,95,29,5,13,21,648,1,117,23,0,155,31,62,8,127,90,126,178,0,0,12,15,32,6,0,2,156,0,46,10,25,66,0,23,16,6,33,117,66,29,8,49,0,0,14,0,16,16,14,14,9,7,7,50,14,14,0,0,7,47,0,40,0,6,2,0,15,8,0,0,54,5,18,27,50,4,0,39,0,13,0,19,27,0,14,0,0,11,1,0,0,34,22,2,0,0,3,3,0,0,1,0,1,1,0,0,0,28,12,0,0,4,0,0,4,0,12,4,33,0,0,0,0,0,0,0,12,0,0,0,22,2,0,0,3,3,0,0,1,0,1,1,0,0,0,28,12,0,0,4,0,0,4,0,12,4,33,0,0,0,0,0,0,0,12,0,0,0,0,0,0,0,0,0,0,0,0,0,0,0,0,0,0,0,0,0,0,0,0,0,0,0,0,0,0,0,0,0,0,0,0,0,0,0,0,0,0,0,0,0,0,0,0,0,0,0,0,0,0,0,0,0,0,0,0,0,0,0,0,0,0,0,0,0,0,0,0,0,0,0,0,0,0,0,0,0,0,0,0,0,0,0,0,0,0,0,0,0,0,0,0,0,0,0,0,0,0,0,0,0,0,0,0,0,0,0,0,0,0,0,0,0,0,0,0,0,0,0,0,0,0,0,0,0,0,0,0,0,0,0,0,0,0,0,0,0,0,0,0,0,0,0,0,0,0,0,0,0,0,0,0,0,0,0,0,0,0,0,0,0,0,0,0,0,0,0,0,0,0,0,0,0,0,0,0,0,0,0,0,0
ERR912077,12650,243,139,152,81,155,198,38,75,9,0,0,1,1,6,164,36,178,508,320,249,174,16,184,16,187,108,41,5,81,1,46,37,47,72,6,2,9,132,72,13,6,23,44,38,41,12,0,16,68,212,0,77,2,206,142,87,22,33,12,41,113,30,24,41,0,74,8,2,207,0,0,4,2,12,129,2,73,0,66,51,109,199,110,177,62,31,91,31,91,41,8,35,0,1,59,36,7,1,90,20,14,45,0,6,0,73,62,11,195,0,2,0,76,30,12,0,0,4,2821,1273,735,1227,483,222,76,7,802,131,45,114,0,31,15,144,192,101,12,78,22,2,10,4,785,10,126,46,0,176,46,82,3,82,80,126,191,0,0,18,10,2,13,0,4,176,0,16,14,7,26,0,32,19,0,3,83,14,0,2,65,0,0,19,0,22,30,19,19,1,21,22,48,19,19,0,0,1,46,1,42,0,6,2,1,9,1,0,0,28,9,6,7,48,6,0,41,1,18,1,3,33,0,19,0,0,13,4,0,0,46,243,139,152,81,155,198,38,75,9,0,0,1,1,6,164,36,178,508,320,249,174,16,184,16,187,108,41,5,81,1,46,37,47,72,6,2,9,132,72,13,6,23,44,38,41,12,0,16,68,212,0,77,2,206,142,87,22,33,12,41,113,30,24,41,0,74,8,2,207,0,0,4,2,12,129,2,73,0,66,51,109,199,110,177,62,31,91,31,91,41,8,35,0,1,59,36,7,1,90,20,14,45,0,6,0,73,62,11,195,0,2,0,76,30,12,0,0,4,2821,1273,735,1227,483,222,76,7,802,131,45,114,0,31,15,144,192,101,12,78,22,2,10,4,785,10,126,46,0,176,46,82,3,82,80,126,191,0,0,18,10,2,13,0,4,176,0,16,14,7,26,0,32,19,0,3,83,14,0,2,65,0,0,19,0,22,30,19,19,1,21,22,48,19,19,0,0,1,46,1,42,0,6,2,1,9,1,0,0,28,9,6,7,48,6,0,41,1,18,1,3,33,0,19,0,0,13,4,0,0,46,4,12,0,0,0,0,0,0,0,0,0,2,0,0,0,2,0,0,0,0,0,0,0,3,0,0,2,0,0,0,0,0,0,0,0,0,0,0,4,12,0,0,0,0,0,0,0,0,0,2,0,0,0,2,0,0,0,0,0,0,0,3,0,0,2,0,0,0,0,0,0,0,0,0,0,0,0,0,0,0,0,0,0,0,0,0,0,0,0,0,0,0,0,0,0,0,0,0,0,0,0,0,0,0,0,0,0,0,0,0,0,0,0,0,0,0,0,0,0,0,0,0,0,0,0,0,0,0,0,0,0,0,0,0,0,0,0,0,0,0,0,0,0,0,0,0,0,0,0,0,0,0,0,0,0,0,0,0,3,0,0,0,0,0,0,0,0,0,0,0,0,0,0,0,0,0,0,0,0,0,0,0,0,0,0,0,0,0,0,0,0,0,0,0,0,0,0,0,0,0,0,0,0,0,0,0,0,0,0,0,0,0,0,0,0,0,0,0,0,0,0,0,0,0,0,0,0,0,0,0,0,0,0,0,0,0,0,0,0,0,0,0,3,0,0,0,0,0,0,0,0,0,0,0,0,0,0,0
ERR912078,13483,177,149,93,63,137,330,24,81,19,0,0,1,17,24,136,36,207,451,323,288,163,12,164,23,137,56,19,4,110,0,37,57,54,82,0,0,19,152,94,31,9,19,21,34,25,11,1,11,99,197,4,211,19,217,276,225,29,166,24,22,102,100,26,26,0,211,97,19,211,0,0,3,3,13,147,2,77,0,78,58,70,178,100,210,90,32,28,85,80,64,27,24,0,0,49,90,0,4,106,25,15,21,10,3,10,77,68,11,199,0,0,0,47,33,3,0,0,39,2946,1181,743,1249,471,234,85,10,789,151,42,125,0,21,17,107,215,137,26,57,8,0,22,21,654,1,83,31,0,169,34,63,13,127,76,128,246,0,0,22,2,2,12,0,2,159,0,22,7,19,63,0,14,5,3,3,67,18,0,17,96,0,0,9,8,8,18,9,9,12,69,71,31,9,9,0,0,13,34,3,28,0,9,1,3,5,0,0,0,31,3,18,5,43,0,0,25,3,8,3,19,11,0,9,0,0,5,2,0,0,25,177,149,93,63,137,330,24,81,19,0,0,1,17,24,136,36,207,451,323,288,163,12,164,23,137,56,19,4,110,0,37,57,54,82,0,0,19,152,94,31,9,19,21,34,25,11,1,11,99,197,4,211,19,217,276,225,29,166,24,22,102,100,26,26,0,211,97,19,211,0,0,3,3,13,147,2,77,0,78,58,70,178,100,210,90,32,28,85,80,64,27,24,0,0,49,90,0,4,106,25,15,21,10,3,10,77,68,11,199,0,0,0,47,33,3,0,0,39,2946,1181,743,1249,471,234,85,10,789,151,42,125,0,21,17,107,215,137,26,57,8,0,22,21,654,1,83,31,0,169,34,63,13,127,76,128,246,0,0,22,2,2,12,0,2,159,0,22,7,19,63,0,14,5,3,3,67,18,0,17,96,0,0,9,8,8,18,9,9,12,69,71,31,9,9,0,0,13,34,3,28,0,9,1,3,5,0,0,0,31,3,18,5,43,0,0,25,3,8,3,19,11,0,9,0,0,5,2,0,0,25,0,2,0,0,0,0,0,0,0,0,0,0,0,0,0,2,0,0,0,0,0,0,0,0,0,0,2,0,0,0,0,0,0,0,0,0,0,0,0,2,0,0,0,0,0,0,0,0,0,0,0,0,0,2,0,0,0,0,0,0,0,0,0,0,2,0,0,0,0,0,0,0,0,0,0,0,0,0,0,0,0,0,0,0,0,0,0,0,0,0,0,0,0,0,0,0,0,0,0,0,0,0,0,0,0,0,0,0,0,0,0,0,0,0,0,0,0,0,0,0,0,0,0,0,0,0,0,0,0,0,0,0,0,0,0,0,0,0,0,0,0,0,0,0,0,0,0,0,0,0,0,0,0,0,0,0,0,0,0,0,0,0,0,0,0,0,0,0,0,0,0,0,0,0,0,0,0,0,0,0,0,0,0,0,0,0,0,0,0,0,0,0,0,0,0,0,0,0,0,0,0,0,0,0,0,0,0,0,0,0,0,0,0,0,0,0,0,0,0,0,0,0,0,0,0,0,0,0,0,0,0,0,0,0,0,0,0,0,0,0,0,0,0,0,0,0,0,0,0,0,0,0,0,0,0,0,0,0
ERR912082,21758,322,271,237,239,161,403,133,150,8,1,0,2,12,128,181,25,307,851,489,251,242,73,261,49,354,211,82,65,142,0,122,148,116,191,0,6,43,193,146,8,29,41,144,115,50,15,0,3,283,395,0,271,18,424,445,278,63,171,31,65,152,94,43,16,0,328,67,18,243,0,0,1,1,27,225,5,182,0,119,153,187,136,89,273,112,51,12,79,148,154,31,64,0,1,32,148,12,0,79,53,94,62,0,2,0,142,139,15,320,1,0,1,59,104,1,2,0,0,4884,2013,1177,2174,753,515,155,35,1167,368,64,333,0,42,4,124,208,52,8,99,6,0,8,35,897,0,138,94,0,299,15,27,3,220,153,257,337,0,0,3,0,8,36,0,0,225,12,37,8,28,99,0,81,49,0,8,126,12,0,3,80,0,0,12,0,19,12,12,12,3,15,15,158,12,12,0,0,3,146,0,120,0,7,0,3,22,0,0,0,66,1,0,2,68,0,0,57,0,11,0,31,6,0,12,0,0,0,0,0,0,64,322,271,237,239,161,403,133,150,8,1,0,2,12,128,181,25,307,851,489,251,242,73,261,49,354,211,82,65,142,0,122,148,116,191,0,6,43,193,146,8,29,41,144,115,50,15,0,3,283,395,0,271,18,424,445,278,63,171,31,65,152,94,43,16,0,328,67,18,243,0,0,1,1,27,225,5,182,0,119,153,187,136,89,273,112,51,12,79,148,154,31,64,0,1,32,148,12,0,79,53,94,62,0,2,0,142,139,15,320,1,0,1,59,104,1,2,0,0,4884,2013,1177,2174,753,515,155,35,1167,368,64,333,0,42,4,124,208,52,8,99,6,0,8,35,897,0,138,94,0,299,15,27,3,220,153,257,337,0,0,3,0,8,36,0,0,225,12,37,8,28,99,0,81,49,0,8,126,12,0,3,80,0,0,12,0,19,12,12,12,3,15,15,158,12,12,0,0,3,146,0,120,0,7,0,3,22,0,0,0,66,1,0,2,68,0,0,57,0,11,0,31,6,0,12,0,0,0,0,0,0,64,7,2,0,0,0,0,0,0,0,0,0,0,0,0,0,7,0,0,0,0,0,0,0,0,0,0,7,0,0,0,0,0,0,0,0,0,0,0,7,2,0,0,0,0,0,0,0,0,0,0,0,0,0,7,0,0,0,0,0,0,0,0,0,0,7,0,0,0,0,0,0,0,0,0,0,0,0,0,0,0,0,0,0,0,0,0,0,0,0,0,0,0,0,0,0,0,0,0,0,0,0,0,0,0,0,0,0,0,0,0,0,0,0,0,0,0,0,0,0,0,0,0,0,0,0,0,0,0,0,0,0,0,0,0,0,0,0,0,0,0,0,0,0,0,0,0,0,0,0,0,0,0,0,0,0,0,0,0,0,0,0,0,0,0,0,0,0,0,0,0,0,0,0,0,0,0,0,0,0,0,0,0,0,0,0,0,0,0,0,0,0,0,0,0,0,0,0,0,0,0,0,0,0,0,0,0,0,0,0,0,0,0,0,0,0,0,0,0,0,0,0,0,0,0,0,0,0,0,0,0,0,0,0,0,0,0,0,0,0,0,0,0,0,0,0,0,0,0,0,0,0,0,0,0,0,0,0,0
ERR912089,17184,257,166,154,204,219,207,36,134,27,1,1,2,10,10,127,33,140,508,383,195,171,27,210,29,153,102,46,13,77,3,74,42,46,85,3,6,25,111,64,2,11,22,71,56,36,7,1,15,78,173,0,103,4,218,213,159,40,72,23,35,171,24,13,43,0,95,12,4,215,2,1,2,1,24,128,9,90,0,73,47,73,248,99,217,66,40,107,44,108,124,10,25,0,1,66,51,12,6,64,19,14,43,0,18,0,56,58,5,195,1,0,1,81,63,6,0,0,2,3095,1244,840,1224,566,235,140,5,787,225,71,127,0,14,31,175,237,115,2,44,21,23,9,22,819,3,185,60,0,145,37,86,18,107,97,98,121,0,0,33,18,2,12,0,3,165,0,7,14,16,65,0,30,15,56,3,136,36,13,26,59,0,0,21,2,40,32,21,21,21,24,25,26,21,21,0,0,22,23,1,20,0,16,3,1,7,0,0,0,28,9,66,1,70,0,0,73,1,20,1,20,12,0,21,0,0,12,3,0,0,41,257,166,154,204,219,207,36,134,27,1,1,2,10,10,127,33,140,508,383,195,171,27,210,29,153,102,46,13,77,3,74,42,46,85,3,6,25,111,64,2,11,22,71,56,36,7,1,15,78,173,0,103,4,218,213,159,40,72,23,35,171,24,13,43,0,95,12,4,215,2,1,2,1,24,128,9,90,0,73,47,73,248,99,217,66,40,107,44,108,124,10,25,0,1,66,51,12,6,64,19,14,43,0,18,0,56,58,5,195,1,0,1,81,63,6,0,0,2,3095,1244,840,1224,566,235,140,5,787,225,71,127,0,14,31,175,237,115,2,44,21,23,9,22,819,3,185,60,0,145,37,86,18,107,97,98,121,0,0,33,18,2,12,0,3,165,0,7,14,16,65,0,30,15,56,3,136,36,13,26,59,0,0,21,2,40,32,21,21,21,24,25,26,21,21,0,0,22,23,1,20,0,16,3,1,7,0,0,0,28,9,66,1,70,0,0,73,1,20,1,20,12,0,21,0,0,12,3,0,0,41,7,0,0,0,0,0,0,0,0,0,0,0,0,0,0,2,5,0,0,0,0,0,0,0,5,0,2,0,0,0,0,0,0,0,5,0,0,0,7,0,0,0,0,0,0,0,0,0,0,0,0,0,0,2,5,0,0,0,0,0,0,0,5,0,2,0,0,0,0,0,0,0,5,0,0,0,0,0,0,0,0,0,0,0,0,0,0,0,0,0,0,0,0,0,0,0,0,0,0,0,0,0,0,0,0,0,0,0,0,0,0,0,0,0,0,0,0,0,0,0,0,0,0,0,0,0,0,0,0,0,0,0,0,0,0,0,0,0,0,0,0,0,0,0,0,0,0,0,0,0,0,0,0,0,0,0,0,0,0,0,0,0,0,0,0,0,0,0,0,0,0,0,0,0,0,0,0,0,0,0,0,0,0,0,0,0,0,0,0,0,0,0,0,0,0,0,0,0,0,0,0,0,0,0,0,0,0,0,0,0,0,0,0,0,0,0,0,0,0,0,0,0,0,0,0,0,0,0,0,0,0,0,0,0,0,0,0,0,0,0,0,0,0,0,0,0,0,0,0,0,0,0,0,0,0,0,0,0
ERR912092,13746,154,59,150,148,155,209,10,132,42,1,0,1,53,0,206,54,70,542,449,202,163,24,394,29,128,112,14,0,62,3,14,78,42,45,0,1,23,118,57,7,0,2,59,94,13,5,2,17,5,163,0,84,12,199,167,156,13,132,11,42,293,16,42,59,0,71,18,12,137,0,0,7,4,1,102,48,60,0,38,36,99,122,120,135,113,26,161,57,131,93,0,90,0,1,46,61,3,4,58,24,2,11,0,0,0,21,56,20,201,1,0,1,81,11,5,0,0,3,3250,1281,624,990,383,156,134,6,714,208,106,51,0,20,19,225,247,178,12,54,9,7,38,0,765,3,145,108,0,137,41,76,28,66,86,106,121,0,0,18,5,0,21,0,0,125,1,28,1,11,57,0,2,2,0,0,86,11,0,38,33,0,0,2,12,22,6,2,2,30,21,22,7,2,2,0,0,32,14,10,12,0,5,2,0,0,1,0,13,3,1,14,6,19,0,0,41,10,2,11,0,125,0,2,0,0,12,0,0,0,20,154,59,150,148,155,209,10,132,42,1,0,1,53,0,206,54,70,542,449,202,163,24,394,29,128,112,14,0,62,3,14,78,42,45,0,1,23,118,57,7,0,2,59,94,13,5,2,17,5,163,0,84,12,199,167,156,13,132,11,42,293,16,42,59,0,71,18,12,137,0,0,7,4,1,102,48,60,0,38,36,99,122,120,135,113,26,161,57,131,93,0,90,0,1,46,61,3,4,58,24,2,11,0,0,0,21,56,20,201,1,0,1,81,11,5,0,0,3,3250,1281,624,990,383,156,134,6,714,208,106,51,0,20,19,225,247,178,12,54,9,7,38,0,765,3,145,108,0,137,41,76,28,66,86,106,121,0,0,18,5,0,21,0,0,125,1,28,1,11,57,0,2,2,0,0,86,11,0,38,33,0,0,2,12,22,6,2,2,30,21,22,7,2,2,0,0,32,14,10,12,0,5,2,0,0,1,0,13,3,1,14,6,19,0,0,41,10,2,11,0,125,0,2,0,0,12,0,0,0,20,2,2,0,0,0,0,1,0,0,0,0,0,0,0,0,0,0,0,0,0,0,0,0,0,0,0,0,0,0,0,0,0,0,0,0,0,0,0,2,2,0,0,0,0,1,0,0,0,0,0,0,0,0,0,0,0,0,0,0,0,0,0,0,0,0,0,0,0,0,0,0,0,0,0,0,0,0,0,0,0,0,0,0,0,0,0,0,0,0,0,0,0,0,0,0,0,0,0,0,0,0,0,0,0,0,0,0,0,0,0,0,0,0,0,0,0,0,0,0,0,0,0,0,0,0,0,0,0,0,0,0,0,0,0,0,0,0,0,0,0,0,0,0,0,0,0,0,0,0,0,0,0,0,0,0,0,0,0,0,0,0,0,0,0,0,0,0,0,0,0,0,0,0,0,0,0,0,0,0,0,0,0,0,0,0,0,0,0,0,0,0,0,0,0,0,0,0,0,0,0,0,0,0,0,0,0,0,0,0,0,0,0,0,0,0,0,0,0,0,0,0,0,0,0,0,0,0,0,0,0,0,0,0,0,0,0,0,0,0,0,0,0,0,0,0,0,0,0,0,0,0,0,0,0,0,0,0,0
ERR912103,18279,279,212,142,165,214,282,53,111,12,1,0,1,1,14,157,32,176,554,334,220,175,21,217,20,234,138,52,4,114,3,93,74,47,89,0,1,19,125,77,1,7,24,69,63,25,11,5,10,78,189,0,148,9,299,220,139,33,53,24,26,152,40,28,33,0,140,21,9,267,0,0,1,1,20,109,2,88,0,103,78,87,191,93,221,100,36,91,58,124,80,6,41,0,0,74,97,0,4,62,21,16,28,0,4,0,64,66,13,225,0,0,0,82,48,3,0,0,3,3346,1422,819,1422,538,290,110,7,885,151,53,144,0,18,33,163,212,92,1,54,16,14,15,15,703,1,179,60,0,169,31,94,5,123,92,123,172,0,0,31,7,0,29,0,11,184,3,21,8,14,50,0,22,18,12,0,131,10,0,8,45,0,0,11,0,28,16,11,11,6,20,20,33,11,11,0,0,6,31,2,31,0,16,0,1,11,1,0,4,43,12,22,1,86,0,0,73,2,11,2,13,18,0,11,0,0,13,10,0,0,57,279,212,142,165,214,282,53,111,12,1,0,1,1,14,157,32,176,554,334,220,175,21,217,20,234,138,52,4,114,3,93,74,47,89,0,1,19,125,77,1,7,24,69,63,25,11,5,10,78,189,0,148,9,299,220,139,33,53,24,26,152,40,28,33,0,140,21,9,267,0,0,1,1,20,109,2,88,0,103,78,87,191,93,221,100,36,91,58,124,80,6,41,0,0,74,97,0,4,62,21,16,28,0,4,0,64,66,13,225,0,0,0,82,48,3,0,0,3,3346,1422,819,1422,538,290,110,7,885,151,53,144,0,18,33,163,212,92,1,54,16,14,15,15,703,1,179,60,0,169,31,94,5,123,92,123,172,0,0,31,7,0,29,0,11,184,3,21,8,14,50,0,22,18,12,0,131,10,0,8,45,0,0,11,0,28,16,11,11,6,20,20,33,11,11,0,0,6,31,2,31,0,16,0,1,11,1,0,4,43,12,22,1,86,0,0,73,2,11,2,13,18,0,11,0,0,13,10,0,0,57,0,1,0,0,0,0,1,0,0,0,0,0,0,0,0,0,0,0,0,0,0,0,0,0,0,0,0,0,0,0,0,0,0,0,0,0,0,0,0,1,0,0,0,0,1,0,0,0,0,0,0,0,0,0,0,0,0,0,0,0,0,0,0,0,0,0,0,0,0,0,0,0,0,0,0,0,0,0,0,0,0,0,0,0,0,0,0,0,0,0,0,0,0,0,0,0,0,0,0,0,0,0,0,0,0,0,0,0,0,0,0,0,0,0,0,0,0,0,0,0,0,0,0,0,0,0,0,0,0,0,0,0,0,0,0,0,0,0,0,0,0,0,0,0,0,0,0,0,0,0,0,0,0,0,0,0,0,0,0,0,0,0,0,0,0,0,0,0,0,0,0,0,0,0,0,0,0,0,0,0,0,0,0,0,0,0,0,0,0,0,0,0,0,0,0,0,0,0,0,0,0,0,0,0,0,0,0,0,0,0,0,0,0,0,0,0,0,0,0,0,0,0,0,0,0,0,0,0,0,0,0,0,0,0,0,0,0,0,0,0,0,0,0,0,0,0,0,0,0,0,0,0,0,0,0,0,0,0
ERR912113,16838,289,191,163,194,249,314,71,90,19,0,2,4,12,10,194,42,194,654,513,277,236,32,268,23,207,152,49,12,124,7,45,126,54,98,0,6,26,164,83,15,22,22,49,84,30,7,0,13,115,302,0,158,25,362,198,102,49,40,37,71,116,62,16,26,0,118,48,25,292,3,2,3,1,17,169,19,92,0,88,63,91,232,121,213,126,32,65,84,111,126,50,52,2,0,71,92,18,5,94,68,39,27,0,3,0,78,74,28,302,0,6,0,80,52,5,0,0,5,3958,1599,1032,1564,603,329,96,13,996,240,37,170,0,25,13,225,326,137,13,101,19,0,20,21,778,3,184,31,0,237,39,114,6,147,105,215,255,0,0,12,9,22,3,0,1,208,0,41,12,36,68,0,24,7,10,23,128,55,8,9,65,0,0,16,0,16,24,16,16,6,16,17,56,16,16,0,0,7,57,1,52,0,11,2,1,11,0,0,0,54,5,6,21,62,3,0,55,1,15,1,19,25,0,16,0,0,3,1,0,0,35,289,191,163,194,249,314,71,90,19,0,2,4,12,10,194,42,194,654,513,277,236,32,268,23,207,152,49,12,124,7,45,126,54,98,0,6,26,164,83,15,22,22,49,84,30,7,0,13,115,302,0,158,25,362,198,102,49,40,37,71,116,62,16,26,0,118,48,25,292,3,2,3,1,17,169,19,92,0,88,63,91,232,121,213,126,32,65,84,111,126,50,52,2,0,71,92,18,5,94,68,39,27,0,3,0,78,74,28,302,0,6,0,80,52,5,0,0,5,3958,1599,1032,1564,603,329,96,13,996,240,37,170,0,25,13,225,326,137,13,101,19,0,20,21,778,3,184,31,0,237,39,114,6,147,105,215,255,0,0,12,9,22,3,0,1,208,0,41,12,36,68,0,24,7,10,23,128,55,8,9,65,0,0,16,0,16,24,16,16,6,16,17,56,16,16,0,0,7,57,1,52,0,11,2,1,11,0,0,0,54,5,6,21,62,3,0,55,1,15,1,19,25,0,16,0,0,3,1,0,0,35,8,0,0,0,0,0,0,0,0,0,0,0,0,0,0,20,3,0,0,0,0,0,0,0,3,0,21,0,0,0,0,0,0,0,3,0,0,0,8,0,0,0,0,0,0,0,0,0,0,0,0,0,0,20,3,0,0,0,0,0,0,0,3,0,21,0,0,0,0,0,0,0,3,0,0,0,0,0,0,0,0,0,0,0,0,0,0,0,0,0,0,0,0,0,0,0,0,0,0,0,0,0,0,0,0,0,0,0,0,0,0,0,0,0,0,0,0,0,0,0,0,0,0,0,0,0,0,0,0,0,0,0,0,0,0,0,0,0,0,0,0,0,0,0,0,0,0,0,0,0,0,0,0,0,0,0,0,0,0,0,0,0,0,0,0,0,0,0,0,0,0,0,0,0,0,0,0,0,0,0,0,0,0,0,0,0,0,0,0,0,0,0,0,0,0,0,0,0,0,0,0,0,0,0,0,0,0,0,0,0,0,0,0,0,0,0,0,0,0,0,0,0,0,0,0,0,0,0,0,0,0,0,0,0,0,0,0,0,0,0,0,0,0,0,0,0,0,0,0,0,0,0,0,0,0,0,0,0
ERR912116,17487,274,134,127,108,221,207,18,77,11,1,2,3,10,0,190,61,111,566,433,236,206,45,259,24,141,150,35,4,58,3,41,74,39,69,0,2,2,139,65,15,2,22,49,70,17,19,0,8,39,231,0,79,12,270,90,56,18,31,34,15,200,21,32,55,0,80,26,12,293,2,1,2,1,14,78,15,63,0,64,47,63,197,160,237,92,46,76,44,117,62,2,75,0,1,64,30,4,9,76,28,2,19,0,4,0,37,50,7,248,1,2,1,78,22,10,0,0,3,3226,1313,827,1200,562,201,77,3,870,166,46,67,0,15,40,213,290,194,14,85,28,16,12,5,1004,3,205,83,0,141,63,135,8,117,148,126,151,0,0,37,15,0,7,0,5,223,0,22,11,20,32,0,15,6,8,0,149,35,6,11,45,0,0,11,7,28,20,11,11,8,11,12,24,11,11,0,0,9,33,11,36,0,16,6,3,25,2,0,0,51,8,58,0,77,4,0,71,11,10,12,5,30,0,11,0,0,13,4,0,3,28,274,134,127,108,221,207,18,77,11,1,2,3,10,0,190,61,111,566,433,236,206,45,259,24,141,150,35,4,58,3,41,74,39,69,0,2,2,139,65,15,2,22,49,70,17,19,0,8,39,231,0,79,12,270,90,56,18,31,34,15,200,21,32,55,0,80,26,12,293,2,1,2,1,14,78,15,63,0,64,47,63,197,160,237,92,46,76,44,117,62,2,75,0,1,64,30,4,9,76,28,2,19,0,4,0,37,50,7,248,1,2,1,78,22,10,0,0,3,3226,1313,827,1200,562,201,77,3,870,166,46,67,0,15,40,213,290,194,14,85,28,16,12,5,1004,3,205,83,0,141,63,135,8,117,148,126,151,0,0,37,15,0,7,0,5,223,0,22,11,20,32,0,15,6,8,0,149,35,6,11,45,0,0,11,7,28,20,11,11,8,11,12,24,11,11,0,0,9,33,11,36,0,16,6,3,25,2,0,0,51,8,58,0,77,4,0,71,11,10,12,5,30,0,11,0,0,13,4,0,3,28,0,1,0,0,3,3,0,0,0,0,0,0,0,0,0,0,2,0,0,0,0,0,0,0,2,0,0,0,0,0,0,0,0,0,2,0,0,0,0,1,0,0,3,3,0,0,0,0,0,0,0,0,0,0,2,0,0,0,0,0,0,0,2,0,0,0,0,0,0,0,0,0,2,0,0,0,0,0,0,0,0,0,0,0,0,0,0,0,0,0,0,0,0,0,0,0,0,0,0,0,0,0,0,0,0,0,0,0,0,0,0,0,0,0,0,0,0,0,0,0,0,0,0,0,0,0,0,0,0,0,0,0,0,0,0,0,0,0,0,0,0,0,0,0,0,0,0,0,0,0,0,0,0,0,0,0,0,0,0,0,0,0,0,0,0,0,0,0,0,0,0,0,0,0,0,0,0,0,0,0,0,0,0,0,0,0,0,0,0,0,0,0,0,0,0,0,0,0,0,0,0,0,0,0,0,0,0,0,0,0,0,0,0,0,0,0,0,0,0,0,0,0,0,0,0,0,0,0,0,0,0,0,0,0,0,0,0,0,0,0,0,0,0,0,0,0,0,0,0,0,0,0,0,0,0,0,0,0
ERR912119,13701,257,156,156,94,198,186,29,59,14,2,0,2,5,19,104,24,106,489,334,249,218,24,192,11,134,120,27,11,88,13,33,66,45,64,0,3,13,138,64,7,7,14,65,62,18,5,0,13,54,183,0,61,5,267,132,76,36,38,24,20,127,57,14,67,0,74,20,5,253,4,3,4,3,13,100,22,73,0,69,42,70,207,125,193,82,25,84,53,80,49,15,25,1,0,62,60,3,3,61,23,7,20,0,3,0,49,51,3,215,0,2,0,70,30,11,0,0,2,2837,1261,782,1254,508,194,60,9,841,161,34,92,0,16,13,174,168,113,7,83,24,6,9,15,712,1,166,24,0,162,30,93,6,109,97,129,132,0,0,12,5,0,17,0,12,128,0,15,26,8,35,0,31,1,0,0,122,21,0,6,54,0,0,31,0,40,35,31,31,4,9,10,24,31,31,5,0,5,25,3,49,0,12,2,1,7,0,0,0,20,9,14,1,82,0,0,67,3,29,4,14,21,0,31,0,0,5,11,0,0,54,257,156,156,94,198,186,29,59,14,2,0,2,5,19,104,24,106,489,334,249,218,24,192,11,134,120,27,11,88,13,33,66,45,64,0,3,13,138,64,7,7,14,65,62,18,5,0,13,54,183,0,61,5,267,132,76,36,38,24,20,127,57,14,67,0,74,20,5,253,4,3,4,3,13,100,22,73,0,69,42,70,207,125,193,82,25,84,53,80,49,15,25,1,0,62,60,3,3,61,23,7,20,0,3,0,49,51,3,215,0,2,0,70,30,11,0,0,2,2837,1261,782,1254,508,194,60,9,841,161,34,92,0,16,13,174,168,113,7,83,24,6,9,15,712,1,166,24,0,162,30,93,6,109,97,129,132,0,0,12,5,0,17,0,12,128,0,15,26,8,35,0,31,1,0,0,122,21,0,6,54,0,0,31,0,40,35,31,31,4,9,10,24,31,31,5,0,5,25,3,49,0,12,2,1,7,0,0,0,20,9,14,1,82,0,0,67,3,29,4,14,21,0,31,0,0,5,11,0,0,54,0,0,0,0,0,0,0,0,0,0,0,0,0,0,0,0,0,3,0,0,0,0,0,0,0,0,0,0,0,0,0,0,0,0,0,0,0,0,0,0,0,0,0,0,0,0,0,0,0,0,0,0,0,0,0,3,0,0,0,0,0,0,0,0,0,0,0,0,0,0,0,0,0,0,0,0,0,0,0,0,0,0,0,0,0,0,0,0,0,0,0,0,0,0,0,0,0,0,0,0,0,0,0,0,0,0,0,0,0,0,0,0,0,0,0,0,0,0,0,0,0,0,0,0,0,0,0,0,0,0,0,0,0,0,0,0,0,0,0,0,0,0,0,0,0,0,0,0,0,0,0,0,0,0,0,0,0,0,0,0,0,0,0,0,0,0,0,0,0,0,0,0,0,0,0,0,0,0,0,0,0,0,0,0,0,0,0,0,0,0,0,0,0,0,0,0,0,0,0,0,0,0,0,0,0,0,0,0,0,0,0,0,0,0,0,0,0,0,0,0,0,0,0,0,0,0,0,0,0,0,0,0,0,0,0,0,0,0,0,0,0,0,0,0,0,0,0,0,0,0,0,0,0,0,0,0,0,0
ERR912120,11942,77,41,49,57,52,58,12,30,16,0,0,1,68,0,316,54,104,421,411,258,126,6,230,12,162,44,10,0,208,0,10,55,95,124,0,0,4,215,129,7,5,2,292,9,7,64,0,3,13,51,0,65,29,179,14,8,1,6,34,154,188,21,34,37,0,38,42,29,60,0,0,7,4,3,40,112,32,0,30,25,77,65,37,54,96,14,20,13,36,41,8,131,0,4,37,8,7,1,40,28,2,6,0,4,0,113,122,5,214,5,6,5,26,7,3,8,0,1,2510,855,338,903,155,145,30,6,456,292,15,39,0,43,6,176,278,237,7,20,13,2,6,2,258,0,236,18,0,202,19,33,6,54,29,167,169,0,0,5,3,5,5,0,3,66,0,10,1,30,16,0,3,3,0,5,33,12,0,6,19,0,0,2,0,66,7,2,2,5,11,11,10,2,2,0,0,5,14,6,12,0,3,0,2,1,0,0,0,16,2,6,5,13,0,4,15,6,2,7,2,2,0,2,0,0,9,18,0,0,72,77,41,49,57,52,58,12,30,16,0,0,1,68,0,316,54,104,421,411,258,126,6,230,12,162,44,10,0,208,0,10,55,95,124,0,0,4,215,129,7,5,2,292,9,7,64,0,3,13,51,0,65,29,179,14,8,1,6,34,154,188,21,34,37,0,38,42,29,60,0,0,7,4,3,40,112,32,0,30,25,77,65,37,54,96,14,20,13,36,41,8,131,0,4,37,8,7,1,40,28,2,6,0,4,0,113,122,5,214,5,6,5,26,7,3,8,0,1,2510,855,338,903,155,145,30,6,456,292,15,39,0,43,6,176,278,237,7,20,13,2,6,2,258,0,236,18,0,202,19,33,6,54,29,167,169,0,0,5,3,5,5,0,3,66,0,10,1,30,16,0,3,3,0,5,33,12,0,6,19,0,0,2,0,66,7,2,2,5,11,11,10,2,2,0,0,5,14,6,12,0,3,0,2,1,0,0,0,16,2,6,5,13,0,4,15,6,2,7,2,2,0,2,0,0,9,18,0,0,72,4,0,0,0,0,0,0,0,0,0,0,0,0,0,0,4,0,0,0,0,0,0,0,0,0,0,5,0,0,0,0,0,0,0,0,0,0,0,4,0,0,0,0,0,0,0,0,0,0,0,0,0,0,4,0,0,0,0,0,0,0,0,0,0,5,0,0,0,0,0,0,0,0,0,0,0,0,0,0,0,0,0,0,0,0,0,0,0,0,0,0,0,0,0,0,0,0,0,0,0,0,0,0,0,0,0,0,0,0,0,0,0,0,0,0,0,0,0,0,0,0,0,0,0,0,0,0,0,0,0,0,0,0,0,0,0,0,0,0,0,0,0,0,0,0,0,0,0,0,0,0,0,0,0,0,0,0,0,0,0,0,0,0,0,0,0,0,0,0,0,0,0,0,0,0,0,0,0,0,0,0,0,0,0,0,0,0,0,0,0,0,0,0,0,0,0,0,0,0,0,0,0,0,0,0,0,0,0,0,0,0,0,0,0,0,0,0,0,0,0,0,0,0,0,0,0,0,0,0,0,0,0,0,0,0,0,0,0,0,0,0,0,0,0,0,0,0,0,0,0,0,0,0,0,0,0,0,0
ERR912130,11526,176,122,102,94,81,162,32,66,15,1,1,1,5,10,119,25,103,411,282,161,129,5,136,20,92,63,35,2,70,1,42,31,31,59,0,6,16,78,37,2,13,16,39,37,24,7,2,4,63,140,0,108,4,133,172,148,14,59,12,42,109,22,14,25,0,89,11,4,211,0,0,2,1,14,89,8,76,0,64,33,55,139,98,172,49,44,30,52,59,59,14,37,1,0,46,43,9,5,38,32,24,22,0,4,0,37,33,7,202,0,0,0,49,43,4,10,0,0,2314,891,615,881,415,136,71,11,493,151,42,133,0,13,14,119,230,90,2,46,18,0,8,15,675,1,97,44,0,103,30,47,9,127,106,96,139,0,0,19,19,14,5,0,1,151,4,24,12,12,53,0,13,11,3,15,94,31,0,12,37,0,0,8,0,18,8,8,8,10,14,14,27,8,8,0,0,10,24,0,28,0,4,1,0,21,9,0,0,24,4,6,14,29,0,0,31,0,7,0,13,28,0,8,0,0,9,4,0,0,28,176,122,102,94,81,162,32,66,15,1,1,1,5,10,119,25,103,411,282,161,129,5,136,20,92,63,35,2,70,1,42,31,31,59,0,6,16,78,37,2,13,16,39,37,24,7,2,4,63,140,0,108,4,133,172,148,14,59,12,42,109,22,14,25,0,89,11,4,211,0,0,2,1,14,89,8,76,0,64,33,55,139,98,172,49,44,30,52,59,59,14,37,1,0,46,43,9,5,38,32,24,22,0,4,0,37,33,7,202,0,0,0,49,43,4,10,0,0,2314,891,615,881,415,136,71,11,493,151,42,133,0,13,14,119,230,90,2,46,18,0,8,15,675,1,97,44,0,103,30,47,9,127,106,96,139,0,0,19,19,14,5,0,1,151,4,24,12,12,53,0,13,11,3,15,94,31,0,12,37,0,0,8,0,18,8,8,8,10,14,14,27,8,8,0,0,10,24,0,28,0,4,1,0,21,9,0,0,24,4,6,14,29,0,0,31,0,7,0,13,28,0,8,0,0,9,4,0,0,28,6,0,0,0,0,0,0,0,1,0,1,0,0,0,0,13,0,0,0,0,0,0,0,0,0,0,13,0,0,0,0,0,0,0,0,0,0,0,6,0,0,0,0,0,0,0,1,0,1,0,0,0,0,13,0,0,0,0,0,0,0,0,0,0,13,0,0,0,0,0,0,0,0,0,0,0,0,0,0,0,0,0,0,0,0,0,0,0,0,0,0,0,0,0,0,0,0,0,0,0,0,0,0,0,0,0,0,0,0,0,0,0,0,0,0,0,0,0,0,0,0,0,0,0,0,0,0,0,0,0,0,0,0,0,0,0,0,0,0,0,0,0,0,0,0,0,0,0,0,0,0,0,0,0,0,0,0,0,0,0,0,0,0,0,0,0,0,0,0,0,0,0,0,0,0,0,0,0,0,0,0,0,0,0,0,0,0,0,0,0,0,0,0,0,0,0,0,0,0,0,0,0,0,0,0,0,0,0,0,0,0,0,0,0,0,0,0,0,0,0,0,0,0,0,0,0,0,0,0,0,0,0,0,0,0,0,0,0,0,0,0,0,0,0,0,0,0,0,0,0,0,0,0,0,0,0,0,0
ERR912134,22145,407,183,213,247,348,304,45,119,29,0,0,3,18,37,228,65,167,727,513,396,266,49,401,61,359,246,42,0,101,2,47,107,61,136,0,9,13,193,88,20,17,27,98,109,54,23,0,23,72,422,2,164,47,452,144,102,30,73,70,21,251,55,40,90,0,119,82,47,358,3,2,7,3,3,187,21,148,0,125,146,105,332,184,276,166,39,172,72,205,77,11,189,2,2,91,92,9,6,141,88,0,59,0,4,0,54,73,123,349,2,9,2,100,31,9,0,0,4,5032,2251,1301,1984,796,436,118,6,1448,188,79,102,0,23,24,337,306,238,19,103,45,6,54,6,1060,2,205,58,0,222,79,142,15,100,214,223,203,0,0,28,11,8,11,0,5,298,6,55,11,56,37,0,21,10,0,8,143,31,0,16,54,0,0,12,4,18,21,12,12,12,22,23,34,12,12,0,0,13,38,12,35,0,18,3,12,3,3,0,6,53,5,14,1,81,4,0,71,12,12,13,6,8,0,12,0,0,15,4,0,0,30,407,183,213,247,348,304,45,119,29,0,0,3,18,37,228,65,167,727,513,396,266,49,401,61,359,246,42,0,101,2,47,107,61,136,0,9,13,193,88,20,17,27,98,109,54,23,0,23,72,422,2,164,47,452,144,102,30,73,70,21,251,55,40,90,0,119,82,47,358,3,2,7,3,3,187,21,148,0,125,146,105,332,184,276,166,39,172,72,205,77,11,189,2,2,91,92,9,6,141,88,0,59,0,4,0,54,73,123,349,2,9,2,100,31,9,0,0,4,5032,2251,1301,1984,796,436,118,6,1448,188,79,102,0,23,24,337,306,238,19,103,45,6,54,6,1060,2,205,58,0,222,79,142,15,100,214,223,203,0,0,28,11,8,11,0,5,298,6,55,11,56,37,0,21,10,0,8,143,31,0,16,54,0,0,12,4,18,21,12,12,12,22,23,34,12,12,0,0,13,38,12,35,0,18,3,12,3,3,0,6,53,5,14,1,81,4,0,71,12,12,13,6,8,0,12,0,0,15,4,0,0,30,0,0,0,0,0,0,0,0,0,0,0,0,0,0,0,7,0,0,0,0,0,0,0,0,0,0,7,0,0,0,0,0,0,0,0,0,0,0,0,0,0,0,0,0,0,0,0,0,0,0,0,0,0,7,0,0,0,0,0,0,0,0,0,0,7,0,0,0,0,0,0,0,0,0,0,0,0,0,0,0,0,0,0,0,0,0,0,0,0,0,0,0,0,0,0,0,0,0,0,0,0,0,0,0,0,0,0,0,0,0,0,0,0,0,0,0,0,0,0,0,0,0,0,0,0,0,0,0,0,0,0,0,0,0,0,0,0,0,0,0,0,0,0,0,0,0,0,0,0,0,0,0,0,0,0,0,0,0,0,0,0,0,0,0,0,0,0,0,0,0,0,0,0,0,0,0,0,0,0,0,0,0,0,0,0,0,0,0,0,0,0,0,0,0,0,0,0,0,0,0,0,0,0,0,0,0,0,0,0,0,0,0,0,0,0,0,0,0,0,0,0,0,0,0,0,0,0,0,0,0,0,0,0,0,0,0,0,0,0,0,0,0,0,0,0,0,0,0,0,0,0,0,0,0,0,0,0,0
ERR912139,17644,237,152,153,125,188,195,31,70,15,1,0,1,18,19,159,42,134,601,515,239,219,34,279,23,149,124,52,4,86,0,41,51,52,82,0,3,20,152,73,16,14,29,41,60,27,9,2,18,51,191,0,80,9,250,188,128,33,71,33,35,137,23,22,47,0,85,20,9,231,3,2,4,1,15,120,21,81,0,74,50,80,188,128,189,104,35,60,54,121,77,13,60,1,1,74,44,10,5,77,25,8,25,0,0,0,63,65,5,277,1,11,1,84,25,15,0,0,4,3267,1312,838,1269,534,234,69,6,851,140,60,110,0,16,25,185,221,143,15,61,11,11,10,8,992,1,212,74,0,178,41,105,9,120,147,137,196,0,0,31,7,4,7,0,4,194,0,19,10,23,34,0,19,9,12,4,151,26,3,10,45,0,0,13,1,22,25,13,13,8,21,22,20,13,13,0,0,9,16,1,24,0,24,2,2,3,2,0,3,30,5,54,5,89,0,0,82,1,12,1,7,48,0,13,0,0,7,4,0,0,25,237,152,153,125,188,195,31,70,15,1,0,1,18,19,159,42,134,601,515,239,219,34,279,23,149,124,52,4,86,0,41,51,52,82,0,3,20,152,73,16,14,29,41,60,27,9,2,18,51,191,0,80,9,250,188,128,33,71,33,35,137,23,22,47,0,85,20,9,231,3,2,4,1,15,120,21,81,0,74,50,80,188,128,189,104,35,60,54,121,77,13,60,1,1,74,44,10,5,77,25,8,25,0,0,0,63,65,5,277,1,11,1,84,25,15,0,0,4,3267,1312,838,1269,534,234,69,6,851,140,60,110,0,16,25,185,221,143,15,61,11,11,10,8,992,1,212,74,0,178,41,105,9,120,147,137,196,0,0,31,7,4,7,0,4,194,0,19,10,23,34,0,19,9,12,4,151,26,3,10,45,0,0,13,1,22,25,13,13,8,21,22,20,13,13,0,0,9,16,1,24,0,24,2,2,3,2,0,3,30,5,54,5,89,0,0,82,1,12,1,7,48,0,13,0,0,7,4,0,0,25,0,0,0,0,0,0,0,0,0,0,0,0,0,0,0,3,1,0,0,0,0,0,0,0,1,0,4,0,0,0,0,0,0,0,1,0,0,0,0,0,0,0,0,0,0,0,0,0,0,0,0,0,0,3,1,0,0,0,0,0,0,0,1,0,4,0,0,0,0,0,0,0,1,0,0,0,0,0,0,0,0,0,0,0,0,0,0,0,0,0,0,0,0,0,0,0,0,0,0,0,0,0,0,0,0,0,0,0,0,0,0,0,0,0,0,0,0,0,0,0,0,0,0,0,0,0,0,0,0,0,0,0,0,0,0,0,0,0,0,0,0,0,0,0,0,0,0,0,0,0,0,0,0,0,0,0,0,0,0,0,0,0,0,0,0,0,0,0,0,0,0,0,0,0,0,0,0,0,0,0,0,0,0,0,0,0,0,0,0,0,0,0,0,0,0,0,0,0,0,0,0,0,0,0,0,0,0,0,0,0,0,0,0,0,0,0,0,0,0,0,0,0,0,0,0,0,0,0,0,0,0,0,0,0,0,0,0,0,0,0,0,0,0,0,0,0,0,0,0,0,0,0,0,0,0,0,0,0
ERR912140,14643,211,108,94,108,146,131,22,34,9,1,1,2,4,19,142,45,74,446,405,141,172,17,190,14,68,83,25,2,32,6,16,29,16,23,0,1,6,92,20,9,4,25,26,51,26,9,0,20,27,199,0,49,9,172,77,26,30,20,21,14,124,20,18,31,0,43,18,9,234,0,0,2,1,11,74,27,63,0,67,20,50,167,120,187,75,21,46,29,58,30,2,45,1,0,64,27,3,8,49,11,0,25,0,3,0,13,18,9,211,0,2,0,62,11,12,0,0,3,2364,932,648,804,449,128,36,3,580,97,49,47,0,9,33,163,150,136,8,76,13,7,14,4,769,0,202,44,0,146,43,157,4,85,122,116,155,0,0,31,12,0,6,0,3,169,0,14,9,28,16,0,14,7,0,0,186,33,8,5,30,0,0,13,1,18,16,13,13,4,9,10,9,13,13,0,0,4,10,2,12,0,38,3,2,7,3,0,0,12,3,14,1,138,3,0,119,2,12,2,3,39,0,13,0,0,10,3,0,0,21,211,108,94,108,146,131,22,34,9,1,1,2,4,19,142,45,74,446,405,141,172,17,190,14,68,83,25,2,32,6,16,29,16,23,0,1,6,92,20,9,4,25,26,51,26,9,0,20,27,199,0,49,9,172,77,26,30,20,21,14,124,20,18,31,0,43,18,9,234,0,0,2,1,11,74,27,63,0,67,20,50,167,120,187,75,21,46,29,58,30,2,45,1,0,64,27,3,8,49,11,0,25,0,3,0,13,18,9,211,0,2,0,62,11,12,0,0,3,2364,932,648,804,449,128,36,3,580,97,49,47,0,9,33,163,150,136,8,76,13,7,14,4,769,0,202,44,0,146,43,157,4,85,122,116,155,0,0,31,12,0,6,0,3,169,0,14,9,28,16,0,14,7,0,0,186,33,8,5,30,0,0,13,1,18,16,13,13,4,9,10,9,13,13,0,0,4,10,2,12,0,38,3,2,7,3,0,0,12,3,14,1,138,3,0,119,2,12,2,3,39,0,13,0,0,10,3,0,0,21,1,0,0,0,0,0,0,0,0,0,0,0,0,0,0,0,3,0,0,0,0,0,0,0,3,0,0,0,0,0,0,0,0,0,3,0,0,0,1,0,0,0,0,0,0,0,0,0,0,0,0,0,0,0,3,0,0,0,0,0,0,0,3,0,0,0,0,0,0,0,0,0,3,0,0,0,0,0,0,0,0,0,0,0,0,0,0,0,0,0,0,0,0,0,0,0,0,0,0,0,0,0,0,0,0,0,0,0,0,0,0,0,0,0,0,0,0,0,0,0,0,0,0,0,0,0,0,0,0,0,0,0,0,0,0,0,0,0,0,0,0,0,0,0,0,0,0,0,0,0,0,0,0,0,0,0,0,0,0,0,0,0,0,0,0,0,0,0,0,0,0,0,0,0,0,0,0,0,0,0,0,0,0,0,0,0,0,0,0,0,0,0,0,0,0,0,0,0,0,0,0,0,0,0,0,0,0,0,0,0,0,0,0,0,0,0,0,0,0,0,0,0,0,0,0,0,0,0,0,0,0,0,0,0,0,0,0,0,0,0,0,0,0,0,0,0,0,0,0,0,0,0,0,0,0,0,0,0
ERR912151,13755,233,143,152,145,199,184,36,81,8,0,1,2,8,15,156,51,125,579,366,222,188,20,175,13,182,95,20,3,67,1,69,45,40,71,0,3,13,114,56,18,4,31,80,41,19,19,0,8,61,223,0,78,9,268,156,116,17,69,22,48,147,49,30,49,0,87,31,9,226,4,3,2,2,3,115,15,66,0,71,55,48,188,113,180,79,45,85,41,95,70,5,45,1,1,43,40,3,6,77,29,7,15,0,3,0,31,50,9,186,1,0,1,63,63,15,0,0,6,3073,1327,744,1290,507,247,80,6,790,132,69,108,0,12,46,199,220,145,16,111,14,11,25,8,763,3,163,58,0,162,56,107,4,93,105,135,180,0,0,47,10,4,7,0,3,139,0,21,27,23,35,0,40,14,0,4,126,16,20,6,77,0,0,26,2,39,37,26,26,4,23,24,56,26,26,0,0,4,78,19,72,0,18,3,0,3,4,0,0,38,5,30,4,77,4,0,61,19,24,20,7,13,0,26,0,0,20,3,0,0,39,233,143,152,145,199,184,36,81,8,0,1,2,8,15,156,51,125,579,366,222,188,20,175,13,182,95,20,3,67,1,69,45,40,71,0,3,13,114,56,18,4,31,80,41,19,19,0,8,61,223,0,78,9,268,156,116,17,69,22,48,147,49,30,49,0,87,31,9,226,4,3,2,2,3,115,15,66,0,71,55,48,188,113,180,79,45,85,41,95,70,5,45,1,1,43,40,3,6,77,29,7,15,0,3,0,31,50,9,186,1,0,1,63,63,15,0,0,6,3073,1327,744,1290,507,247,80,6,790,132,69,108,0,12,46,199,220,145,16,111,14,11,25,8,763,3,163,58,0,162,56,107,4,93,105,135,180,0,0,47,10,4,7,0,3,139,0,21,27,23,35,0,40,14,0,4,126,16,20,6,77,0,0,26,2,39,37,26,26,4,23,24,56,26,26,0,0,4,78,19,72,0,18,3,0,3,4,0,0,38,5,30,4,77,4,0,61,19,24,20,7,13,0,26,0,0,20,3,0,0,39,1,0,0,0,0,0,0,0,0,0,0,1,0,0,0,3,3,0,0,1,0,0,1,1,3,1,5,0,0,0,0,0,0,0,3,0,0,0,1,0,0,0,0,0,0,0,0,0,0,1,0,0,0,3,3,0,0,1,0,0,1,1,3,1,5,0,0,0,0,0,0,0,3,0,0,0,0,0,0,0,0,0,0,0,0,0,0,0,0,0,0,0,0,0,0,0,0,0,0,0,0,0,0,0,0,0,0,0,0,0,0,0,0,0,0,0,0,0,0,0,0,0,0,0,0,0,0,0,0,0,0,0,0,0,0,0,0,0,0,0,0,0,0,0,0,0,0,0,0,0,0,0,0,0,0,0,0,0,1,0,0,0,0,0,0,0,0,0,0,0,0,0,0,0,0,0,0,0,0,0,0,0,0,0,0,0,0,0,0,0,0,0,0,0,0,0,0,0,0,0,0,0,0,0,0,0,0,0,0,0,0,0,0,0,0,0,0,0,0,0,0,0,0,0,0,0,0,0,0,0,0,0,0,0,0,0,0,0,0,0,0,0,1,0,0,0,0,0,0,0,0,0,0,0,0,0,0,0
ERR912152,17809,317,223,189,86,142,331,72,106,8,1,0,1,6,10,155,25,201,751,430,254,285,22,226,11,214,114,53,2,112,6,85,98,75,125,3,2,33,196,113,3,20,31,79,51,27,9,1,25,121,291,0,166,16,322,298,141,35,52,37,36,98,78,48,38,0,177,26,16,299,0,0,4,2,32,121,10,112,0,110,69,145,213,103,243,82,41,52,88,106,99,41,25,2,0,85,106,4,5,56,20,49,33,0,3,0,100,101,7,252,0,0,0,84,70,9,0,0,2,3921,1648,934,1703,624,276,106,23,997,229,44,247,0,51,19,134,216,101,3,84,14,43,8,31,939,2,162,45,0,244,34,78,6,180,105,208,248,0,0,26,13,2,38,0,6,185,0,42,18,18,48,0,36,9,15,3,125,23,0,4,65,0,0,28,0,45,50,28,28,3,13,14,47,28,28,0,0,3,45,1,38,0,9,1,5,16,3,0,0,55,5,78,2,95,0,0,51,1,26,1,27,17,0,28,0,0,7,6,0,0,67,317,223,189,86,142,331,72,106,8,1,0,1,6,10,155,25,201,751,430,254,285,22,226,11,214,114,53,2,112,6,85,98,75,125,3,2,33,196,113,3,20,31,79,51,27,9,1,25,121,291,0,166,16,322,298,141,35,52,37,36,98,78,48,38,0,177,26,16,299,0,0,4,2,32,121,10,112,0,110,69,145,213,103,243,82,41,52,88,106,99,41,25,2,0,85,106,4,5,56,20,49,33,0,3,0,100,101,7,252,0,0,0,84,70,9,0,0,2,3921,1648,934,1703,624,276,106,23,997,229,44,247,0,51,19,134,216,101,3,84,14,43,8,31,939,2,162,45,0,244,34,78,6,180,105,208,248,0,0,26,13,2,38,0,6,185,0,42,18,18,48,0,36,9,15,3,125,23,0,4,65,0,0,28,0,45,50,28,28,3,13,14,47,28,28,0,0,3,45,1,38,0,9,1,5,16,3,0,0,55,5,78,2,95,0,0,51,1,26,1,27,17,0,28,0,0,7,6,0,0,67,2,2,0,0,0,0,0,0,1,0,1,0,0,0,0,2,0,0,0,0,0,0,0,0,0,0,2,0,0,0,0,0,0,0,0,0,0,0,2,2,0,0,0,0,0,0,1,0,1,0,0,0,0,2,0,0,0,0,0,0,0,0,0,0,2,0,0,0,0,0,0,0,0,0,0,0,0,0,0,0,0,0,0,0,0,0,0,0,0,0,0,0,0,0,0,0,0,0,0,0,0,0,0,0,0,0,0,0,0,0,0,0,0,0,0,0,0,0,0,0,0,0,0,0,0,0,0,0,0,0,0,0,0,0,0,0,0,0,0,0,0,0,0,0,0,0,0,0,0,0,0,0,0,0,0,0,0,0,0,0,0,0,0,0,0,0,0,0,0,0,0,0,0,0,0,0,0,0,0,0,0,0,0,0,0,0,0,0,0,0,0,0,0,0,0,0,0,0,0,0,0,0,0,0,0,0,0,0,0,0,0,0,0,0,0,0,0,0,0,0,0,0,0,0,0,0,0,0,0,0,0,0,0,0,0,0,0,0,0,0,0,0,0,0,0,0,0,0,0,0,0,0,0,0,0,0,0,0
ERR912158,15982,273,134,141,133,221,216,18,120,21,1,1,2,12,6,147,44,136,560,390,266,223,25,260,16,158,123,20,3,59,1,58,72,55,108,0,9,7,153,84,13,3,12,65,64,33,24,2,26,55,260,0,89,9,261,135,78,20,39,21,28,127,59,45,55,0,111,46,9,202,11,10,6,4,7,105,11,71,0,88,70,87,226,128,195,103,27,131,54,95,85,14,56,0,5,63,59,12,3,79,49,17,31,0,10,0,45,67,29,197,5,0,5,94,45,5,0,0,4,3313,1458,897,1310,544,244,118,22,884,102,53,74,0,34,13,197,246,158,13,99,49,35,25,9,911,3,187,43,0,139,58,92,13,133,99,164,151,0,0,12,11,0,6,0,5,186,0,31,22,24,40,0,23,13,12,0,139,42,3,17,63,0,0,16,0,26,27,16,16,13,14,15,29,16,16,0,0,14,31,4,31,0,13,11,1,9,1,0,3,33,5,42,2,96,18,0,64,4,15,5,8,39,0,16,0,0,13,5,0,0,25,273,134,141,133,221,216,18,120,21,1,1,2,12,6,147,44,136,560,390,266,223,25,260,16,158,123,20,3,59,1,58,72,55,108,0,9,7,153,84,13,3,12,65,64,33,24,2,26,55,260,0,89,9,261,135,78,20,39,21,28,127,59,45,55,0,111,46,9,202,11,10,6,4,7,105,11,71,0,88,70,87,226,128,195,103,27,131,54,95,85,14,56,0,5,63,59,12,3,79,49,17,31,0,10,0,45,67,29,197,5,0,5,94,45,5,0,0,4,3313,1458,897,1310,544,244,118,22,884,102,53,74,0,34,13,197,246,158,13,99,49,35,25,9,911,3,187,43,0,139,58,92,13,133,99,164,151,0,0,12,11,0,6,0,5,186,0,31,22,24,40,0,23,13,12,0,139,42,3,17,63,0,0,16,0,26,27,16,16,13,14,15,29,16,16,0,0,14,31,4,31,0,13,11,1,9,1,0,3,33,5,42,2,96,18,0,64,4,15,5,8,39,0,16,0,0,13,5,0,0,25,0,14,0,0,0,0,0,0,0,0,0,0,0,0,0,0,1,0,0,0,0,0,0,1,1,0,0,0,0,0,0,0,0,0,1,0,0,0,0,14,0,0,0,0,0,0,0,0,0,0,0,0,0,0,1,0,0,0,0,0,0,1,1,0,0,0,0,0,0,0,0,0,1,0,0,0,0,0,0,0,0,0,0,0,0,0,0,0,0,0,0,0,0,0,0,0,0,0,0,0,0,0,0,0,0,0,0,0,0,0,0,0,0,0,0,0,0,0,0,0,0,0,0,0,0,0,0,0,0,0,0,0,0,0,0,0,0,0,0,0,0,0,0,0,0,0,0,0,0,0,0,0,0,0,0,0,0,0,1,0,0,0,0,0,0,0,0,0,0,0,0,0,0,0,0,0,0,0,0,0,0,0,0,0,0,0,0,0,0,0,0,0,0,0,0,0,0,0,0,0,0,0,0,0,0,0,0,0,0,0,0,0,0,0,0,0,0,0,0,0,0,0,0,0,0,0,0,0,0,0,0,0,0,0,0,0,0,0,0,0,0,0,1,0,0,0,0,0,0,0,0,0,0,0,0,0,0,0
ERR912161,15495,224,158,294,207,160,197,45,205,52,1,0,1,52,15,168,36,133,550,419,211,201,29,290,41,223,128,31,7,65,0,54,84,43,70,3,1,31,100,62,11,9,26,98,128,18,14,4,25,65,189,0,138,13,271,306,280,18,223,41,16,311,29,19,60,0,135,30,13,278,0,0,3,1,15,127,0,106,0,72,125,134,147,164,236,79,56,278,24,162,139,11,78,0,0,37,94,4,4,60,26,6,18,0,3,0,45,53,22,159,0,2,0,78,34,15,2,0,4,3959,1609,965,1378,662,267,205,4,1040,240,136,136,0,10,4,223,273,168,10,51,28,5,13,5,804,0,125,106,0,134,24,52,44,119,99,121,149,0,0,3,9,0,36,0,5,128,0,13,7,21,107,0,15,6,0,0,101,18,0,62,45,0,0,10,24,21,13,10,10,49,17,17,23,10,10,0,0,51,24,0,18,0,9,2,0,9,3,0,0,35,10,18,4,40,0,0,53,0,9,0,5,5,0,10,0,0,5,4,0,0,28,224,158,294,207,160,197,45,205,52,1,0,1,52,15,168,36,133,550,419,211,201,29,290,41,223,128,31,7,65,0,54,84,43,70,3,1,31,100,62,11,9,26,98,128,18,14,4,25,65,189,0,138,13,271,306,280,18,223,41,16,311,29,19,60,0,135,30,13,278,0,0,3,1,15,127,0,106,0,72,125,134,147,164,236,79,56,278,24,162,139,11,78,0,0,37,94,4,4,60,26,6,18,0,3,0,45,53,22,159,0,2,0,78,34,15,2,0,4,3959,1609,965,1378,662,267,205,4,1040,240,136,136,0,10,4,223,273,168,10,51,28,5,13,5,804,0,125,106,0,134,24,52,44,119,99,121,149,0,0,3,9,0,36,0,5,128,0,13,7,21,107,0,15,6,0,0,101,18,0,62,45,0,0,10,24,21,13,10,10,49,17,17,23,10,10,0,0,51,24,0,18,0,9,2,0,9,3,0,0,35,10,18,4,40,0,0,53,0,9,0,5,5,0,10,0,0,5,4,0,0,28,0,0,0,0,0,0,0,0,0,0,0,0,0,0,0,0,0,0,0,0,0,0,0,0,0,0,0,0,0,0,0,0,0,0,0,0,0,0,0,0,0,0,0,0,0,0,0,0,0,0,0,0,0,0,0,0,0,0,0,0,0,0,0,0,0,0,0,0,0,0,0,0,0,0,0,0,0,0,0,0,0,0,0,0,0,0,0,0,0,0,0,0,0,0,0,0,0,0,0,0,0,0,0,0,0,0,0,0,0,0,0,0,0,0,0,0,0,0,0,0,0,0,0,0,0,0,0,0,0,0,0,0,0,0,0,0,0,0,0,0,0,0,0,0,0,0,0,0,0,0,0,0,0,0,0,0,0,0,0,0,0,0,0,0,0,0,0,0,0,0,0,0,0,0,0,0,0,0,0,0,0,0,0,0,0,0,0,0,0,0,0,0,0,0,0,0,0,0,0,0,0,0,0,0,0,0,0,0,0,0,0,0,0,0,0,0,0,0,0,0,0,0,0,0,0,0,0,0,0,0,0,0,0,0,0,0,0,0,0,0,0,0,0,0,0,0,0,0,0,0,0,0,0,0,0,0,0,0
ERR912173,18119,324,284,191,109,143,401,44,136,13,1,0,2,3,10,225,41,321,668,430,345,189,18,273,24,326,176,85,4,155,7,129,69,97,162,0,2,18,235,157,25,11,35,69,78,34,13,0,22,155,321,0,209,16,371,341,211,62,99,27,35,146,64,32,17,0,229,71,16,307,0,0,3,2,21,158,24,142,0,151,106,126,213,118,279,110,46,58,73,143,107,15,42,1,1,46,49,3,3,89,19,21,34,0,3,0,158,135,7,314,1,2,1,90,83,8,0,0,24,4082,1725,1025,1881,677,418,136,11,1224,211,48,190,0,27,8,182,221,128,21,141,19,0,16,8,918,8,188,62,0,227,40,75,9,141,123,211,209,0,0,8,2,3,19,0,3,140,0,13,16,16,76,0,55,29,54,3,140,25,0,11,100,0,0,22,3,24,23,22,22,8,34,35,105,22,22,0,0,9,90,1,95,0,20,4,2,27,1,0,0,51,6,14,0,121,0,0,69,1,20,1,7,22,0,22,0,0,7,3,0,0,69,324,284,191,109,143,401,44,136,13,1,0,2,3,10,225,41,321,668,430,345,189,18,273,24,326,176,85,4,155,7,129,69,97,162,0,2,18,235,157,25,11,35,69,78,34,13,0,22,155,321,0,209,16,371,341,211,62,99,27,35,146,64,32,17,0,229,71,16,307,0,0,3,2,21,158,24,142,0,151,106,126,213,118,279,110,46,58,73,143,107,15,42,1,1,46,49,3,3,89,19,21,34,0,3,0,158,135,7,314,1,2,1,90,83,8,0,0,24,4082,1725,1025,1881,677,418,136,11,1224,211,48,190,0,27,8,182,221,128,21,141,19,0,16,8,918,8,188,62,0,227,40,75,9,141,123,211,209,0,0,8,2,3,19,0,3,140,0,13,16,16,76,0,55,29,54,3,140,25,0,11,100,0,0,22,3,24,23,22,22,8,34,35,105,22,22,0,0,9,90,1,95,0,20,4,2,27,1,0,0,51,6,14,0,121,0,0,69,1,20,1,7,22,0,22,0,0,7,3,0,0,69,0,0,0,0,0,0,0,0,0,0,0,0,0,0,0,2,0,0,0,0,0,0,0,0,0,0,2,0,0,0,0,0,0,0,0,0,0,0,0,0,0,0,0,0,0,0,0,0,0,0,0,0,0,2,0,0,0,0,0,0,0,0,0,0,2,0,0,0,0,0,0,0,0,0,0,0,0,0,0,0,0,0,0,0,0,0,0,0,0,0,0,0,0,0,0,0,0,0,0,0,0,0,0,0,0,0,0,0,0,0,0,0,0,0,0,0,0,0,0,0,0,0,0,0,0,0,0,0,0,0,0,0,0,0,0,0,0,0,0,0,0,0,0,0,0,0,0,0,0,0,0,0,0,0,0,0,0,0,0,0,0,0,0,0,0,0,0,0,0,0,0,0,0,0,0,0,0,0,0,0,0,0,0,0,0,0,0,0,0,0,0,0,0,0,0,0,0,0,0,0,0,0,0,0,0,0,0,0,0,0,0,0,0,0,0,0,0,0,0,0,0,0,0,0,0,0,0,0,0,0,0,0,0,0,0,0,0,0,0,0,0,0,0,0,0,0,0,0,0,0,0,0,0,0,0,0,0,0
ERR912185,18017,302,269,243,137,181,279,38,183,20,0,0,2,21,37,217,31,328,795,436,313,194,23,278,30,289,190,93,8,138,0,127,87,92,156,0,2,23,214,132,19,11,21,64,80,34,21,0,16,161,315,0,165,21,335,377,210,47,86,28,44,199,45,37,39,0,130,32,21,295,3,2,3,2,15,156,2,106,0,124,91,174,150,95,249,84,71,90,54,100,186,26,53,0,0,47,71,9,1,97,26,36,42,0,0,0,146,130,3,274,0,2,0,86,106,2,0,0,1,4207,1858,1019,1865,657,359,182,17,1172,262,66,245,0,46,11,121,275,100,16,79,25,3,6,22,1061,23,170,81,0,237,29,39,14,151,96,220,238,0,0,12,7,4,53,0,9,161,0,21,13,19,84,0,39,17,24,4,118,14,0,23,106,0,0,20,12,26,18,20,20,15,35,37,84,20,20,0,0,16,77,0,64,0,4,5,3,24,0,0,4,68,8,0,5,81,0,0,62,0,18,0,20,4,0,20,0,0,4,8,0,0,84,302,269,243,137,181,279,38,183,20,0,0,2,21,37,217,31,328,795,436,313,194,23,278,30,289,190,93,8,138,0,127,87,92,156,0,2,23,214,132,19,11,21,64,80,34,21,0,16,161,315,0,165,21,335,377,210,47,86,28,44,199,45,37,39,0,130,32,21,295,3,2,3,2,15,156,2,106,0,124,91,174,150,95,249,84,71,90,54,100,186,26,53,0,0,47,71,9,1,97,26,36,42,0,0,0,146,130,3,274,0,2,0,86,106,2,0,0,1,4207,1858,1019,1865,657,359,182,17,1172,262,66,245,0,46,11,121,275,100,16,79,25,3,6,22,1061,23,170,81,0,237,29,39,14,151,96,220,238,0,0,12,7,4,53,0,9,161,0,21,13,19,84,0,39,17,24,4,118,14,0,23,106,0,0,20,12,26,18,20,20,15,35,37,84,20,20,0,0,16,77,0,64,0,4,5,3,24,0,0,4,68,8,0,5,81,0,0,62,0,18,0,20,4,0,20,0,0,4,8,0,0,84,1,0,0,0,0,0,0,0,0,0,0,0,0,0,0,4,0,0,0,0,0,0,0,0,0,0,4,0,0,0,0,0,0,0,0,0,0,0,1,0,0,0,0,0,0,0,0,0,0,0,0,0,0,4,0,0,0,0,0,0,0,0,0,0,4,0,0,0,0,0,0,0,0,0,0,0,0,0,0,0,0,0,0,0,0,0,0,0,0,0,0,0,0,0,0,0,0,0,0,0,0,0,0,0,0,0,0,0,0,0,0,0,0,0,0,0,0,0,0,0,0,0,0,0,0,0,0,0,0,0,0,0,0,0,0,0,0,0,0,0,0,0,0,0,0,0,0,0,0,0,0,0,0,0,0,0,0,0,0,0,0,0,0,0,0,0,0,0,0,0,0,0,0,0,0,0,0,0,0,0,0,0,0,0,0,0,0,0,0,0,0,0,0,0,0,0,0,0,0,0,0,0,0,0,0,0,0,0,0,0,0,0,0,0,0,0,0,0,0,0,0,0,0,0,0,0,0,0,0,0,0,0,0,0,0,0,0,0,0,0,0,0,0,0,0,0,0,0,0,0,0,0,0,0,0,0,0,0
ERR912186,14718,260,117,157,162,307,258,13,74,21,0,1,6,8,6,128,47,118,536,436,284,158,24,284,35,176,119,9,0,72,7,27,76,34,55,3,5,4,109,57,20,11,19,14,39,25,27,0,21,25,254,4,88,6,255,84,55,15,28,6,12,183,55,54,71,0,81,34,4,241,6,5,6,3,7,152,13,115,0,89,65,46,268,145,190,149,15,83,61,112,82,2,77,0,2,58,36,11,7,126,47,6,22,0,4,0,23,41,65,354,0,4,0,63,25,9,0,0,9,3293,1452,916,1250,546,250,73,9,927,126,56,24,0,18,45,354,252,207,20,99,41,2,34,9,997,1,180,25,0,174,85,146,7,44,167,146,182,0,0,48,15,0,6,0,5,244,0,60,15,11,21,0,9,2,0,0,157,29,8,10,83,0,0,8,0,15,8,8,8,8,39,40,29,8,8,0,0,8,42,6,43,0,16,9,5,2,3,0,0,39,9,0,1,84,16,0,69,6,7,7,9,43,0,8,0,0,8,5,0,0,15,260,117,157,162,307,258,13,74,21,0,1,6,8,6,128,47,118,536,436,284,158,24,284,35,176,119,9,0,72,7,27,76,34,55,3,5,4,109,57,20,11,19,14,39,25,27,0,21,25,254,4,88,6,255,84,55,15,28,6,12,183,55,54,71,0,81,34,4,241,6,5,6,3,7,152,13,115,0,89,65,46,268,145,190,149,15,83,61,112,82,2,77,0,2,58,36,11,7,126,47,6,22,0,4,0,23,41,65,354,0,4,0,63,25,9,0,0,9,3293,1452,916,1250,546,250,73,9,927,126,56,24,0,18,45,354,252,207,20,99,41,2,34,9,997,1,180,25,0,174,85,146,7,44,167,146,182,0,0,48,15,0,6,0,5,244,0,60,15,11,21,0,9,2,0,0,157,29,8,10,83,0,0,8,0,15,8,8,8,8,39,40,29,8,8,0,0,8,42,6,43,0,16,9,5,2,3,0,0,39,9,0,1,84,16,0,69,6,7,7,9,43,0,8,0,0,8,5,0,0,15,0,0,0,0,2,2,0,0,0,0,0,4,0,0,0,0,4,0,0,0,0,0,0,6,4,0,0,0,0,0,0,0,0,0,4,0,0,0,0,0,0,0,2,2,0,0,0,0,0,4,0,0,0,0,4,0,0,0,0,0,0,6,4,0,0,0,0,0,0,0,0,0,4,0,0,0,0,0,0,0,0,0,0,0,0,0,0,0,0,0,0,0,0,0,0,0,0,0,0,0,0,0,0,0,0,0,0,0,0,0,0,0,0,0,0,0,0,0,0,0,0,0,0,0,0,0,0,0,0,0,0,0,0,0,0,0,0,0,0,0,0,0,0,0,0,0,0,0,0,0,0,0,0,0,0,0,0,0,6,0,0,0,0,0,0,0,0,0,0,0,0,0,0,0,0,0,0,0,0,0,0,0,0,0,0,0,0,0,0,0,0,0,0,0,0,0,0,0,0,0,0,0,0,0,0,0,0,0,0,0,0,0,0,0,0,0,0,0,0,0,0,0,0,0,0,0,0,0,0,0,0,0,0,0,0,0,0,0,0,0,0,0,6,0,0,0,0,0,0,0,0,0,0,0,0,0,0,0
ERR912190,18718,283,165,217,199,228,339,50,115,39,0,0,2,26,32,196,43,160,633,510,254,202,45,304,54,196,191,79,5,107,1,52,128,50,106,0,12,46,161,84,22,27,23,61,63,27,10,0,16,84,250,1,179,19,234,228,119,41,50,37,71,176,39,53,55,0,155,37,19,273,0,0,7,2,19,139,19,119,0,92,60,102,221,134,195,96,38,79,54,136,149,21,80,0,0,49,101,44,3,84,71,59,29,0,8,0,62,64,17,204,0,11,0,87,80,4,0,0,3,4015,1675,1012,1560,607,308,132,17,1009,259,64,194,0,18,13,199,378,131,20,84,34,9,8,24,751,0,155,49,0,185,34,87,17,148,87,196,219,0,0,12,10,28,37,0,3,191,0,42,19,39,83,0,30,13,0,29,130,63,6,23,51,0,0,20,6,18,37,20,20,18,12,12,35,20,20,0,0,19,35,1,36,0,12,3,0,10,1,0,0,37,1,18,34,58,0,0,59,1,18,1,21,24,0,20,0,0,7,3,0,0,37,283,165,217,199,228,339,50,115,39,0,0,2,26,32,196,43,160,633,510,254,202,45,304,54,196,191,79,5,107,1,52,128,50,106,0,12,46,161,84,22,27,23,61,63,27,10,0,16,84,250,1,179,19,234,228,119,41,50,37,71,176,39,53,55,0,155,37,19,273,0,0,7,2,19,139,19,119,0,92,60,102,221,134,195,96,38,79,54,136,149,21,80,0,0,49,101,44,3,84,71,59,29,0,8,0,62,64,17,204,0,11,0,87,80,4,0,0,3,4015,1675,1012,1560,607,308,132,17,1009,259,64,194,0,18,13,199,378,131,20,84,34,9,8,24,751,0,155,49,0,185,34,87,17,148,87,196,219,0,0,12,10,28,37,0,3,191,0,42,19,39,83,0,30,13,0,29,130,63,6,23,51,0,0,20,6,18,37,20,20,18,12,12,35,20,20,0,0,19,35,1,36,0,12,3,0,10,1,0,0,37,1,18,34,58,0,0,59,1,18,1,21,24,0,20,0,0,7,3,0,0,37,20,0,0,0,0,0,0,0,0,0,0,0,0,0,0,25,2,0,0,0,0,0,0,0,2,0,26,0,0,0,0,0,0,0,2,0,0,0,20,0,0,0,0,0,0,0,0,0,0,0,0,0,0,25,2,0,0,0,0,0,0,0,2,0,26,0,0,0,0,0,0,0,2,0,0,0,0,0,0,0,0,0,0,0,0,0,0,0,0,0,0,0,0,0,0,0,0,0,0,0,0,0,0,0,0,0,0,0,0,0,0,0,0,0,0,0,0,0,0,0,0,0,0,0,0,0,0,0,0,0,0,0,0,0,0,0,0,0,0,0,0,0,0,0,0,0,0,0,0,0,0,0,0,0,0,0,0,0,0,0,0,0,0,0,0,0,0,0,0,0,0,0,0,0,0,0,0,0,0,0,0,0,0,0,0,0,0,0,0,0,0,0,0,0,0,0,0,0,0,0,0,0,0,0,0,0,0,0,0,0,0,0,0,0,0,0,0,0,0,0,0,0,0,0,0,0,0,0,0,0,0,0,0,0,0,0,0,0,0,0,0,0,0,0,0,0,0,0,0,0,0,0,0,0,0,0,0,0
ERR912192,9801,207,58,92,41,131,104,0,29,24,6,0,2,10,11,129,28,67,254,285,103,167,4,175,30,57,63,102,0,56,1,21,32,25,67,0,30,15,98,29,3,17,16,24,53,11,7,11,10,11,189,0,34,2,151,56,26,13,23,4,34,94,14,29,15,0,24,4,2,190,2,1,2,2,9,96,27,69,0,54,10,45,167,138,124,37,8,34,21,31,37,2,19,0,1,29,30,25,5,44,36,23,3,0,0,0,29,27,0,142,1,0,1,25,44,13,3,0,8,2040,844,643,761,403,80,48,31,532,76,15,173,0,7,8,165,231,106,5,28,15,0,27,2,735,0,121,33,0,54,30,101,5,62,122,164,188,0,0,8,29,24,4,0,2,224,0,35,5,2,33,0,7,2,0,24,207,51,0,7,21,0,0,7,0,8,7,7,7,4,13,13,5,7,7,0,0,5,16,5,12,0,9,0,5,5,15,0,0,21,8,0,13,56,3,0,49,5,7,6,2,55,0,7,0,0,9,3,0,0,9,207,58,92,41,131,104,0,29,24,6,0,2,10,11,129,28,67,254,285,103,167,4,175,30,57,63,102,0,56,1,21,32,25,67,0,30,15,98,29,3,17,16,24,53,11,7,11,10,11,189,0,34,2,151,56,26,13,23,4,34,94,14,29,15,0,24,4,2,190,2,1,2,2,9,96,27,69,0,54,10,45,167,138,124,37,8,34,21,31,37,2,19,0,1,29,30,25,5,44,36,23,3,0,0,0,29,27,0,142,1,0,1,25,44,13,3,0,8,2040,844,643,761,403,80,48,31,532,76,15,173,0,7,8,165,231,106,5,28,15,0,27,2,735,0,121,33,0,54,30,101,5,62,122,164,188,0,0,8,29,24,4,0,2,224,0,35,5,2,33,0,7,2,0,24,207,51,0,7,21,0,0,7,0,8,7,7,7,4,13,13,5,7,7,0,0,5,16,5,12,0,9,0,5,5,15,0,0,21,8,0,13,56,3,0,49,5,7,6,2,55,0,7,0,0,9,3,0,0,9,22,0,0,0,15,15,0,0,6,0,6,0,0,0,0,21,0,0,0,0,0,0,0,0,0,0,22,0,0,0,0,0,0,0,0,0,0,0,22,0,0,0,15,15,0,0,6,0,6,0,0,0,0,21,0,0,0,0,0,0,0,0,0,0,22,0,0,0,0,0,0,0,0,0,0,0,0,0,0,0,0,0,0,0,0,0,0,0,0,0,0,0,0,0,0,0,0,0,0,0,0,0,0,0,0,0,0,0,0,0,0,0,0,0,0,0,0,0,0,0,0,0,0,0,0,0,0,0,0,0,0,0,0,0,0,0,0,0,0,0,0,0,0,0,0,0,0,0,0,0,0,0,0,0,0,0,0,0,0,0,0,0,0,0,0,0,0,0,0,0,0,0,0,0,0,0,0,0,0,0,0,0,0,0,0,0,0,0,0,0,0,0,0,0,0,0,0,0,0,0,0,0,0,0,0,0,0,0,0,0,0,0,0,0,0,0,0,0,0,0,0,0,0,0,0,0,0,0,0,0,0,0,0,0,0,0,0,0,0,0,0,0,0,0,0,0,0,0,0,0,0,0,0,0,0,0,0,0
ERR912194,15073,259,155,149,75,167,202,34,43,11,5,1,1,15,24,155,33,122,478,377,212,228,15,178,20,168,74,36,2,101,4,34,37,36,73,0,6,13,127,49,10,18,25,36,56,30,5,0,10,64,179,0,85,13,227,157,63,18,29,31,21,88,41,36,36,0,94,28,13,253,2,1,2,1,19,111,25,83,0,71,44,90,189,126,208,80,27,62,36,82,55,9,33,0,2,30,59,6,6,51,23,17,26,0,4,0,56,46,7,252,1,2,1,64,30,15,2,0,1,2752,1210,763,1211,530,192,49,8,731,132,31,118,0,23,25,167,184,117,9,36,9,2,13,12,861,1,177,34,0,158,34,93,3,129,162,146,143,0,0,26,16,5,25,0,8,155,0,32,14,24,41,0,26,21,8,5,129,43,0,3,35,0,0,17,0,21,22,17,17,3,14,14,20,17,17,0,0,3,18,1,20,0,17,0,1,7,8,0,0,31,13,6,7,62,0,0,75,1,16,1,11,19,0,17,0,0,17,7,0,1,36,259,155,149,75,167,202,34,43,11,5,1,1,15,24,155,33,122,478,377,212,228,15,178,20,168,74,36,2,101,4,34,37,36,73,0,6,13,127,49,10,18,25,36,56,30,5,0,10,64,179,0,85,13,227,157,63,18,29,31,21,88,41,36,36,0,94,28,13,253,2,1,2,1,19,111,25,83,0,71,44,90,189,126,208,80,27,62,36,82,55,9,33,0,2,30,59,6,6,51,23,17,26,0,4,0,56,46,7,252,1,2,1,64,30,15,2,0,1,2752,1210,763,1211,530,192,49,8,731,132,31,118,0,23,25,167,184,117,9,36,9,2,13,12,861,1,177,34,0,158,34,93,3,129,162,146,143,0,0,26,16,5,25,0,8,155,0,32,14,24,41,0,26,21,8,5,129,43,0,3,35,0,0,17,0,21,22,17,17,3,14,14,20,17,17,0,0,3,18,1,20,0,17,0,1,7,8,0,0,31,13,6,7,62,0,0,75,1,16,1,11,19,0,17,0,0,17,7,0,1,36,4,1,0,0,5,5,0,0,1,0,1,1,0,0,0,5,0,0,0,0,0,0,0,0,0,0,5,0,0,0,0,0,0,0,0,0,0,0,4,1,0,0,5,5,0,0,1,0,1,1,0,0,0,5,0,0,0,0,0,0,0,0,0,0,5,0,0,0,0,0,0,0,0,0,0,0,0,0,0,0,0,0,0,0,0,0,0,0,0,0,0,0,0,0,0,0,0,0,0,0,0,0,0,0,0,0,0,0,0,0,0,0,0,0,0,0,0,0,0,0,0,0,0,0,0,0,0,0,0,0,0,0,0,0,0,0,0,0,0,0,0,0,0,0,0,0,0,0,0,0,0,0,0,0,0,0,0,0,0,0,0,0,0,0,0,0,0,0,0,0,0,0,0,0,0,0,0,0,0,0,0,0,0,0,0,0,0,0,0,0,0,0,0,0,0,0,0,0,0,0,0,0,0,0,0,0,0,0,0,0,0,0,0,0,0,0,0,0,0,0,0,0,0,0,0,0,0,0,0,0,0,0,0,0,0,0,0,0,0,0,0,0,0,0,0,0,0,0,0,0,0,0,0,0,0,0,0,0
ERR912198,19453,312,158,179,162,247,233,9,84,16,13,2,4,10,14,161,62,116,614,497,297,262,62,293,32,121,174,32,2,92,2,42,56,52,130,3,17,22,138,69,13,8,18,59,70,43,21,2,18,56,247,0,75,3,302,153,107,23,28,15,15,171,44,44,91,0,92,25,3,275,13,12,2,0,22,147,28,79,12,91,38,62,266,150,201,94,17,128,49,82,81,4,39,1,0,75,47,7,6,110,51,6,50,0,4,0,39,63,17,227,0,2,0,109,24,5,6,0,4,3570,1522,999,1420,628,212,91,10,981,151,52,107,0,19,32,267,326,204,13,139,23,45,30,4,1080,0,222,46,0,179,87,149,10,140,160,133,209,0,0,30,27,22,17,0,10,206,0,37,25,16,48,0,40,9,6,23,177,85,6,11,84,0,0,34,0,54,61,34,34,8,18,19,40,34,34,0,0,9,42,2,55,0,15,9,0,4,6,0,0,38,5,112,5,118,14,0,79,2,32,2,3,48,0,34,0,0,14,11,0,0,40,312,158,179,162,247,233,9,84,16,13,2,4,10,14,161,62,116,614,497,297,262,62,293,32,121,174,32,2,92,2,42,56,52,130,3,17,22,138,69,13,8,18,59,70,43,21,2,18,56,247,0,75,3,302,153,107,23,28,15,15,171,44,44,91,0,92,25,3,275,13,12,2,0,22,147,28,79,12,91,38,62,266,150,201,94,17,128,49,82,81,4,39,1,0,75,47,7,6,110,51,6,50,0,4,0,39,63,17,227,0,2,0,109,24,5,6,0,4,3570,1522,999,1420,628,212,91,10,981,151,52,107,0,19,32,267,326,204,13,139,23,45,30,4,1080,0,222,46,0,179,87,149,10,140,160,133,209,0,0,30,27,22,17,0,10,206,0,37,25,16,48,0,40,9,6,23,177,85,6,11,84,0,0,34,0,54,61,34,34,8,18,19,40,34,34,0,0,9,42,2,55,0,15,9,0,4,6,0,0,38,5,112,5,118,14,0,79,2,32,2,3,48,0,34,0,0,14,11,0,0,40,8,2,0,0,0,0,0,0,8,0,8,0,0,0,0,20,2,0,0,0,0,0,0,0,2,0,21,0,0,0,0,0,0,0,2,0,0,0,8,2,0,0,0,0,0,0,8,0,8,0,0,0,0,20,2,0,0,0,0,0,0,0,2,0,21,0,0,0,0,0,0,0,2,0,0,0,0,0,0,0,0,0,0,0,0,0,0,0,0,0,0,0,0,0,0,0,0,0,0,0,0,0,0,0,0,0,0,0,0,0,0,0,0,0,0,0,0,0,0,0,0,0,0,0,0,0,0,0,0,0,0,0,0,0,0,0,0,0,0,0,0,0,0,0,0,0,0,0,0,0,0,0,0,0,0,0,0,0,0,0,0,0,0,0,0,0,0,0,0,0,0,0,0,0,0,0,0,0,0,0,0,0,0,0,0,0,0,0,0,0,0,0,0,0,0,0,0,0,0,0,0,0,0,0,0,0,0,0,0,0,0,0,0,0,0,0,0,0,0,0,0,0,0,0,0,0,0,0,0,0,0,0,0,0,0,0,0,0,0,0,0,0,0,0,0,0,0,0,0,0,0,0,0,0,0,0,0,0
ERR912202,18248,236,153,143,192,212,228,10,122,30,0,0,4,15,0,131,33,149,427,321,195,134,33,191,40,176,183,71,8,73,2,75,96,57,64,0,6,14,93,41,14,24,8,84,78,16,11,0,7,56,140,0,74,3,191,82,60,14,48,23,59,199,51,42,38,0,110,22,3,252,0,0,5,3,19,130,12,107,0,111,82,64,186,105,184,97,61,40,46,111,114,0,53,0,1,31,47,18,3,83,43,14,14,0,3,0,28,31,20,157,0,2,0,54,58,1,7,0,2,3004,1293,838,1149,492,259,131,7,802,166,37,94,0,5,10,208,290,125,13,58,35,2,29,2,594,0,148,30,0,155,25,63,15,65,114,103,111,0,0,12,6,25,15,0,9,123,0,17,3,7,66,0,15,15,0,26,96,51,0,16,38,0,0,2,0,23,12,2,2,13,25,26,27,2,2,0,0,13,20,0,21,0,6,2,1,1,0,0,3,26,11,58,19,51,0,0,56,0,2,0,2,19,0,2,0,0,5,8,0,0,36,236,153,143,192,212,228,10,122,30,0,0,4,15,0,131,33,149,427,321,195,134,33,191,40,176,183,71,8,73,2,75,96,57,64,0,6,14,93,41,14,24,8,84,78,16,11,0,7,56,140,0,74,3,191,82,60,14,48,23,59,199,51,42,38,0,110,22,3,252,0,0,5,3,19,130,12,107,0,111,82,64,186,105,184,97,61,40,46,111,114,0,53,0,1,31,47,18,3,83,43,14,14,0,3,0,28,31,20,157,0,2,0,54,58,1,7,0,2,3004,1293,838,1149,492,259,131,7,802,166,37,94,0,5,10,208,290,125,13,58,35,2,29,2,594,0,148,30,0,155,25,63,15,65,114,103,111,0,0,12,6,25,15,0,9,123,0,17,3,7,66,0,15,15,0,26,96,51,0,16,38,0,0,2,0,23,12,2,2,13,25,26,27,2,2,0,0,13,20,0,21,0,6,2,1,1,0,0,3,26,11,58,19,51,0,0,56,0,2,0,2,19,0,2,0,0,5,8,0,0,36,10,6,0,0,0,0,0,0,0,0,0,1,0,0,0,22,0,0,0,0,0,0,0,0,0,0,24,0,0,0,0,0,0,0,0,0,0,0,10,6,0,0,0,0,0,0,0,0,0,1,0,0,0,22,0,0,0,0,0,0,0,0,0,0,24,0,0,0,0,0,0,0,0,0,0,0,0,0,0,0,0,0,0,0,0,0,0,0,0,0,0,0,0,0,0,0,0,0,0,0,0,0,0,0,0,0,0,0,0,0,0,0,0,0,0,0,0,0,0,0,0,0,0,0,0,0,0,0,0,0,0,0,0,0,0,0,0,0,0,0,0,0,0,0,0,0,0,0,0,0,0,0,0,0,0,0,0,0,0,0,0,0,0,0,0,0,0,0,0,0,0,0,0,0,0,0,0,0,0,0,0,0,0,0,0,0,0,0,0,0,0,0,0,0,0,0,0,0,0,0,0,0,0,0,0,0,0,0,0,0,0,0,0,0,0,0,0,0,0,0,0,0,0,0,0,0,0,0,0,0,0,0,0,0,0,0,0,0,0,0,0,0,0,0,0,0,0,0,0,0,0,0,0,0,0,0,0,0
SRR8556885,18020,425,358,238,94,152,197,27,175,190,6,5,12,50,2,397,50,164,721,565,367,240,133,346,50,61,149,45,5,90,19,41,93,51,46,0,18,79,144,36,11,20,21,2,68,62,55,0,28,56,205,2,128,19,248,69,28,49,6,36,70,134,86,30,81,5,74,32,19,712,3,3,12,15,2,334,3,155,0,295,41,176,150,251,442,76,36,15,113,89,128,9,73,0,6,68,88,1,29,156,85,10,35,0,0,0,23,41,3,497,5,0,5,48,10,25,1,8,9,4896,1800,1474,1627,1080,189,187,38,944,150,47,105,0,98,2,381,302,345,12,32,9,2,15,2,754,10,159,141,1,170,149,215,79,100,161,199,284,4,30,23,27,48,14,3,0,56,0,59,11,44,130,0,17,22,6,56,152,109,1,54,65,0,1,12,0,21,25,12,12,74,48,48,16,12,12,1,3,65,41,33,31,1,36,6,13,4,32,30,0,77,26,0,17,84,2,0,110,36,13,31,3,71,1,12,3,0,47,0,1,6,39,425,358,238,94,152,197,27,175,190,6,5,12,50,2,397,50,164,721,565,367,240,133,346,50,61,149,45,5,90,19,41,93,51,46,0,18,79,144,36,11,20,21,2,68,62,55,0,28,56,205,2,128,19,248,69,28,49,6,36,70,134,86,30,81,5,74,32,19,712,3,3,12,15,2,334,3,155,0,295,41,176,150,251,442,76,36,15,113,89,128,9,73,0,6,68,88,1,29,156,85,10,35,0,0,0,23,41,3,497,5,0,5,48,10,25,1,8,9,4896,1800,1474,1627,1080,189,187,38,944,150,47,105,0,98,2,381,302,345,12,32,9,2,15,2,754,10,159,141,1,170,149,215,79,100,161,199,284,4,30,23,27,48,14,3,0,56,0,59,11,44,130,0,17,22,6,56,152,109,1,54,65,0,1,12,0,21,25,12,12,74,48,48,16,12,12,1,3,65,41,33,31,1,36,6,13,4,32,30,0,77,26,0,17,84,2,0,110,36,13,31,3,71,1,12,3,0,47,0,1,6,39,2,0,0,0,0,0,6,2,2,0,0,0,8,0,0,13,0,0,0,0,0,0,0,0,0,0,14,0,0,0,4,0,0,0,1,0,1,1,2,0,0,0,0,0,6,2,2,0,0,0,8,0,0,13,0,0,0,0,0,0,0,0,0,0,14,0,0,0,4,0,0,0,1,0,1,1,0,2,0,0,0,0,0,0,0,0,0,0,0,0,0,0,0,0,0,0,0,0,0,0,0,0,0,0,0,0,0,0,0,0,0,0,0,0,0,0,0,0,0,0,0,0,0,0,0,0,0,0,0,0,0,0,0,0,0,0,0,0,0,0,0,0,0,0,0,0,0,0,0,0,0,0,0,0,0,0,0,0,0,0,0,2,0,0,0,0,0,0,0,0,0,0,0,0,0,0,0,0,0,0,0,0,0,0,0,0,0,0,0,0,0,0,0,0,0,0,0,0,0,0,0,0,0,0,0,0,0,0,0,0,0,0,0,0,0,0,0,0,0,0,0,0,0,0,0,0,0,0,0,0,0,0,0,0,0,0,0,0,0,0,0,0,0,0,0,0,0,0,0,0,0,0,0,0,0,0,0,0
SRR8556891,25901,628,426,306,126,197,369,57,236,172,12,15,21,45,6,521,92,219,898,627,615,321,177,402,52,118,183,24,0,176,11,38,213,96,100,0,27,116,234,64,11,35,34,5,82,138,126,0,46,60,417,4,205,37,502,117,45,90,22,49,110,198,120,27,90,5,143,91,37,654,3,3,23,9,12,434,3,221,2,412,74,235,259,328,514,119,55,13,153,105,193,16,101,0,0,158,50,4,29,246,69,13,94,1,0,1,49,67,14,791,6,4,7,111,8,42,0,37,35,6304,2598,1937,2255,1408,320,253,44,1357,113,62,126,3,151,4,426,318,476,20,34,25,6,24,9,1133,52,182,157,10,242,198,249,137,173,225,276,315,0,37,34,44,76,23,3,0,66,5,65,14,76,198,3,15,27,16,89,129,109,0,142,69,3,12,10,0,12,22,10,10,152,51,52,12,10,10,3,3,124,46,54,41,1,24,20,8,8,10,37,3,126,33,0,10,90,3,0,53,77,12,67,8,41,1,10,0,0,75,0,12,8,18,628,426,306,126,197,369,57,236,172,12,15,21,45,6,521,92,219,898,627,615,321,177,402,52,118,183,24,0,176,11,38,213,96,100,0,27,116,234,64,11,35,34,5,82,138,126,0,46,60,417,4,205,37,502,117,45,90,22,49,110,198,120,27,90,5,143,91,37,654,3,3,23,9,12,434,3,221,2,412,74,235,259,328,514,119,55,13,153,105,193,16,101,0,0,158,50,4,29,246,69,13,94,1,0,1,49,67,14,791,6,4,7,111,8,42,0,37,35,6304,2598,1937,2255,1408,320,253,44,1357,113,62,126,3,151,4,426,318,476,20,34,25,6,24,9,1133,52,182,157,10,242,198,249,137,173,225,276,315,0,37,34,44,76,23,3,0,66,5,65,14,76,198,3,15,27,16,89,129,109,0,142,69,3,12,10,0,12,22,10,10,152,51,52,12,10,10,3,3,124,46,54,41,1,24,20,8,8,10,37,3,126,33,0,10,90,3,0,53,77,12,67,8,41,1,10,0,0,75,0,12,8,18,0,0,0,0,0,0,2,2,2,0,0,0,7,0,0,32,0,0,0,0,0,0,0,0,0,0,45,0,1,0,1,0,0,0,10,0,10,10,0,0,0,0,0,0,2,2,2,0,0,0,7,0,0,32,0,0,0,0,0,0,0,0,0,0,45,0,1,0,1,0,0,0,10,0,10,10,0,0,0,0,1,0,0,0,0,0,0,0,0,0,0,0,0,1,0,0,0,0,0,0,0,0,0,0,0,0,0,0,0,0,0,0,0,0,0,0,0,0,0,0,0,0,0,0,0,0,0,0,0,0,0,0,0,0,0,0,0,0,0,0,0,0,0,0,0,0,0,5,0,0,0,0,0,0,0,0,0,0,0,0,0,0,0,0,1,0,0,0,0,0,0,0,0,0,0,0,0,1,0,0,0,0,0,0,0,0,0,0,0,0,0,0,0,0,0,0,0,0,0,0,0,0,0,0,0,0,0,0,0,0,0,0,0,0,0,0,0,0,0,0,0,0,0,0,0,0,0,0,0,0,0,5,0,0,0,0,0,0,0,0,0,0,0,0,0,0,0,0,0,0,0,0,0,0,0,0,0,0
SRR8556892,20866,494,257,235,181,238,334,97,156,110,11,46,75,13,3,413,118,191,750,573,354,249,169,269,50,180,146,17,1,121,5,30,164,91,78,0,23,103,215,77,9,80,45,3,174,141,86,0,19,28,409,0,162,14,454,81,27,105,6,43,68,148,95,17,134,0,141,63,14,530,1,1,27,20,12,304,1,192,0,327,125,176,206,306,369,87,64,11,103,123,112,7,58,0,2,131,64,4,12,197,94,3,91,0,6,0,29,68,25,635,8,4,8,120,12,21,14,1,6,5343,2255,1626,1779,1121,357,162,38,1305,65,55,88,0,110,3,544,225,324,33,34,23,14,52,4,802,17,172,179,1,182,133,153,57,85,173,227,310,0,28,24,45,53,15,23,0,79,16,70,17,58,113,0,21,24,3,62,138,104,1,31,67,0,13,14,1,29,29,14,14,44,38,74,16,14,14,4,0,40,35,20,21,0,58,19,18,1,20,28,5,139,39,2,7,58,6,4,71,20,14,18,6,9,0,14,0,0,41,0,13,2,32,494,257,235,181,238,334,97,156,110,11,46,75,13,3,413,118,191,750,573,354,249,169,269,50,180,146,17,1,121,5,30,164,91,78,0,23,103,215,77,9,80,45,3,174,141,86,0,19,28,409,0,162,14,454,81,27,105,6,43,68,148,95,17,134,0,141,63,14,530,1,1,27,20,12,304,1,192,0,327,125,176,206,306,369,87,64,11,103,123,112,7,58,0,2,131,64,4,12,197,94,3,91,0,6,0,29,68,25,635,8,4,8,120,12,21,14,1,6,5343,2255,1626,1779,1121,357,162,38,1305,65,55,88,0,110,3,544,225,324,33,34,23,14,52,4,802,17,172,179,1,182,133,153,57,85,173,227,310,0,28,24,45,53,15,23,0,79,16,70,17,58,113,0,21,24,3,62,138,104,1,31,67,0,13,14,1,29,29,14,14,44,38,74,16,14,14,4,0,40,35,20,21,0,58,19,18,1,20,28,5,139,39,2,7,58,6,4,71,20,14,18,6,9,0,14,0,0,41,0,13,2,32,0,0,0,0,0,0,0,0,0,0,0,0,1,0,0,21,1,1,0,0,0,0,0,0,1,0,21,0,9,0,0,0,0,0,1,0,0,0,0,0,0,0,0,0,0,0,0,0,0,0,1,0,0,21,1,1,0,0,0,0,0,0,1,0,21,0,9,0,0,0,0,0,1,0,0,0,0,0,0,0,0,0,0,0,0,0,0,0,0,0,0,0,0,0,0,0,0,0,0,0,0,0,0,0,0,0,0,0,0,0,0,0,0,0,0,0,0,0,0,0,0,0,0,0,0,0,0,0,0,0,0,0,0,0,0,0,0,0,0,0,0,0,0,0,0,0,0,5,0,0,0,0,0,0,0,0,0,0,0,0,0,0,0,0,0,0,0,0,0,0,0,0,0,0,0,0,0,0,0,0,0,0,0,0,0,0,0,0,0,0,0,0,0,0,0,0,0,0,0,0,0,0,0,0,0,0,0,0,0,0,0,0,0,0,0,0,0,0,0,0,0,0,0,0,0,0,0,0,0,0,0,5,0,0,0,0,0,0,0,0,0,0,0,0,0,0,1,0,0,0,0,0,0,1,0,0,0,0
SRR8556894,16143,413,248,244,108,273,264,34,205,176,42,40,48,30,1,316,101,134,765,630,309,213,174,315,74,108,164,44,1,75,19,32,107,40,48,1,92,69,118,19,5,12,16,2,139,66,62,1,12,19,333,0,101,6,411,81,31,31,18,23,42,146,86,61,272,0,86,35,6,483,1,2,22,22,5,256,2,198,0,349,42,106,143,285,402,118,46,19,75,132,64,0,67,0,3,149,94,0,9,138,88,0,32,0,1,0,10,25,8,654,3,0,3,120,10,17,9,1,32,4772,1883,1518,1599,958,279,267,44,1012,75,48,53,0,52,6,448,348,415,36,56,78,27,35,2,983,32,225,179,0,154,104,213,116,96,168,212,207,0,4,9,24,6,14,0,0,54,1,22,38,29,62,0,47,14,3,6,167,50,0,55,119,0,3,39,0,45,60,39,39,76,12,11,27,39,39,4,0,66,41,11,54,2,118,42,11,1,15,4,4,62,3,2,5,110,0,0,157,12,43,10,2,37,2,39,9,0,19,0,3,4,70,413,248,244,108,273,264,34,205,176,42,40,48,30,1,316,101,134,765,630,309,213,174,315,74,108,164,44,1,75,19,32,107,40,48,1,92,69,118,19,5,12,16,2,139,66,62,1,12,19,333,0,101,6,411,81,31,31,18,23,42,146,86,61,272,0,86,35,6,483,1,2,22,22,5,256,2,198,0,349,42,106,143,285,402,118,46,19,75,132,64,0,67,0,3,149,94,0,9,138,88,0,32,0,1,0,10,25,8,654,3,0,3,120,10,17,9,1,32,4772,1883,1518,1599,958,279,267,44,1012,75,48,53,0,52,6,448,348,415,36,56,78,27,35,2,983,32,225,179,0,154,104,213,116,96,168,212,207,0,4,9,24,6,14,0,0,54,1,22,38,29,62,0,47,14,3,6,167,50,0,55,119,0,3,39,0,45,60,39,39,76,12,11,27,39,39,4,0,66,41,11,54,2,118,42,11,1,15,4,4,62,3,2,5,110,0,0,157,12,43,10,2,37,2,39,9,0,19,0,3,4,70,3,0,0,0,0,0,0,0,0,0,0,0,9,0,0,3,0,0,0,0,0,0,0,0,0,0,3,0,0,0,0,0,0,0,0,0,0,0,3,0,0,0,0,0,0,0,0,0,0,0,9,0,0,3,0,0,0,0,0,0,0,0,0,0,3,0,0,0,0,0,0,0,0,0,0,0,0,0,0,0,0,0,0,0,0,0,0,0,0,0,0,0,0,0,0,0,0,0,0,0,0,0,0,0,0,0,0,0,0,0,0,0,0,0,0,0,0,0,0,0,0,0,0,0,0,0,0,0,0,0,0,0,0,0,0,0,0,0,0,5,0,0,0,0,0,0,0,0,0,0,0,0,0,0,0,0,0,0,0,0,0,0,0,0,0,0,0,0,0,0,0,0,0,0,0,0,0,0,0,0,0,0,0,0,0,0,0,0,0,0,0,0,0,0,0,0,0,0,0,0,0,0,0,0,0,0,0,0,0,0,0,0,0,0,0,0,0,0,0,0,0,0,0,5,0,0,0,0,0,0,0,0,0,0,0,0,0,0,0,0,0,0,0,0,0,0,0,0,0,0,0,0,0,0,0,0,0,0
SRR8556896,11747,273,135,133,59,101,144,13,45,83,19,20,25,6,0,119,56,135,446,314,230,77,74,148,50,78,83,15,0,88,6,4,79,25,35,0,30,29,87,28,12,16,13,0,62,36,48,0,16,7,214,0,80,3,164,37,8,41,5,19,29,101,31,22,65,1,54,16,3,317,0,0,3,4,6,138,0,140,0,208,32,96,78,193,173,46,19,5,30,62,68,2,26,0,0,60,33,0,2,113,49,0,19,0,0,0,14,20,3,297,0,0,0,44,1,8,3,9,0,2615,1039,846,797,545,158,84,8,650,32,27,41,0,43,1,163,158,170,14,31,21,8,13,0,520,6,123,82,2,67,50,94,30,50,101,64,97,0,0,2,9,6,10,6,0,30,0,32,23,5,29,0,31,23,0,7,69,21,1,25,84,0,0,24,0,25,30,24,24,27,21,29,26,24,24,1,1,24,51,30,24,0,27,18,10,1,5,0,0,70,24,1,5,36,1,0,58,30,26,26,0,6,0,24,0,0,41,0,0,2,32,273,135,133,59,101,144,13,45,83,19,20,25,6,0,119,56,135,446,314,230,77,74,148,50,78,83,15,0,88,6,4,79,25,35,0,30,29,87,28,12,16,13,0,62,36,48,0,16,7,214,0,80,3,164,37,8,41,5,19,29,101,31,22,65,1,54,16,3,317,0,0,3,4,6,138,0,140,0,208,32,96,78,193,173,46,19,5,30,62,68,2,26,0,0,60,33,0,2,113,49,0,19,0,0,0,14,20,3,297,0,0,0,44,1,8,3,9,0,2615,1039,846,797,545,158,84,8,650,32,27,41,0,43,1,163,158,170,14,31,21,8,13,0,520,6,123,82,2,67,50,94,30,50,101,64,97,0,0,2,9,6,10,6,0,30,0,32,23,5,29,0,31,23,0,7,69,21,1,25,84,0,0,24,0,25,30,24,24,27,21,29,26,24,24,1,1,24,51,30,24,0,27,18,10,1,5,0,0,70,24,1,5,36,1,0,58,30,26,26,0,6,0,24,0,0,41,0,0,2,32,1,0,0,0,0,0,0,0,0,0,0,0,0,0,0,7,0,0,0,0,0,0,0,0,0,0,7,0,6,0,0,0,0,0,0,0,0,0,1,0,0,0,0,0,0,0,0,0,0,0,0,0,0,7,0,0,0,0,0,0,0,0,0,0,7,0,6,0,0,0,0,0,0,0,0,0,0,0,0,0,0,0,0,0,0,0,0,0,0,0,0,0,0,0,0,0,0,0,0,0,0,0,0,0,0,0,0,0,0,0,0,0,0,0,0,0,0,0,0,0,0,0,0,0,0,0,0,0,0,0,0,0,0,0,0,0,0,0,0,0,0,0,0,0,0,0,0,0,0,0,0,0,0,0,0,0,0,0,0,0,0,0,0,0,0,0,0,0,0,0,0,0,0,0,0,0,0,0,0,0,0,0,0,0,0,0,0,0,0,0,0,0,0,0,0,0,0,0,0,0,0,0,0,0,0,0,0,0,0,0,0,0,0,0,0,0,0,0,0,0,0,0,0,0,0,0,0,0,0,0,0,0,0,0,0,0,0,0,0,0,0,0,0,0,0,0,0,0,0,0,0,0,0,0,0,0,0,0
SRR8556898,18104,378,247,258,98,157,212,19,174,219,9,21,26,14,2,304,47,110,804,658,279,245,135,361,33,73,128,30,1,72,18,21,72,40,48,3,47,59,117,17,10,30,32,1,96,73,76,1,30,28,385,7,68,10,320,61,13,46,7,18,41,181,78,29,149,1,42,25,9,460,2,3,31,22,8,248,4,152,2,289,43,143,149,259,393,123,22,21,92,111,89,9,42,0,5,144,87,2,14,135,95,0,58,1,2,1,12,19,6,626,8,2,8,103,7,60,4,3,9,4528,1700,1438,1415,987,176,191,38,850,95,60,78,1,58,3,362,249,363,15,31,51,8,25,7,906,41,192,163,0,252,163,222,96,173,206,212,283,2,18,17,18,23,21,3,0,84,1,32,24,28,98,1,31,12,11,26,158,59,6,76,72,1,0,22,0,28,32,22,22,102,32,36,25,22,22,6,1,86,29,13,41,0,39,6,7,1,8,18,6,105,26,1,11,72,9,0,130,13,24,12,7,62,0,22,6,0,24,0,0,2,51,378,247,258,98,157,212,19,174,219,9,21,26,14,2,304,47,110,804,658,279,245,135,361,33,73,128,30,1,72,18,21,72,40,48,3,47,59,117,17,10,30,32,1,96,73,76,1,30,28,385,7,68,10,320,61,13,46,7,18,41,181,78,29,149,1,42,25,9,460,2,3,31,22,8,248,4,152,2,289,43,143,149,259,393,123,22,21,92,111,89,9,42,0,5,144,87,2,14,135,95,0,58,1,2,1,12,19,6,626,8,2,8,103,7,60,4,3,9,4528,1700,1438,1415,987,176,191,38,850,95,60,78,1,58,3,362,249,363,15,31,51,8,25,7,906,41,192,163,0,252,163,222,96,173,206,212,283,2,18,17,18,23,21,3,0,84,1,32,24,28,98,1,31,12,11,26,158,59,6,76,72,1,0,22,0,28,32,22,22,102,32,36,25,22,22,6,1,86,29,13,41,0,39,6,7,1,8,18,6,105,26,1,11,72,9,0,130,13,24,12,7,62,0,22,6,0,24,0,0,2,51,0,0,0,0,0,0,0,0,0,0,0,0,0,0,0,5,0,0,0,0,0,0,0,0,0,0,5,0,0,0,0,0,0,0,0,0,0,0,0,0,0,0,0,0,0,0,0,0,0,0,0,0,0,5,0,0,0,0,0,0,0,0,0,0,5,0,0,0,0,0,0,0,0,0,0,0,0,0,0,0,1,0,0,0,0,0,0,0,0,0,0,0,0,0,0,0,0,0,0,0,0,0,0,0,0,0,0,0,0,0,0,0,0,0,0,0,0,0,0,0,0,0,0,0,0,0,0,0,0,0,0,0,0,0,0,0,0,0,0,0,0,0,0,0,0,0,0,3,0,0,0,0,0,0,0,0,0,0,0,0,0,0,0,0,1,0,0,0,0,0,0,0,0,0,0,0,0,0,0,0,0,0,0,0,0,0,0,0,0,0,0,0,0,0,0,0,0,0,0,0,0,0,0,0,0,0,0,0,0,0,0,0,0,0,0,0,0,0,0,0,0,0,0,0,0,0,0,0,0,0,0,3,0,0,0,0,0,0,0,0,0,0,0,0,0,0,0,0,0,0,0,0,0,0,0,0,0,0
SRR8556902,22713,568,374,325,121,218,388,37,163,127,6,7,9,7,5,369,120,265,857,665,449,285,219,361,40,214,185,11,11,127,11,19,143,65,63,0,21,25,189,35,17,96,26,1,143,142,93,0,11,49,393,0,227,13,397,92,25,80,8,21,86,158,72,23,115,7,157,49,13,675,0,0,50,39,8,339,2,225,4,448,161,169,204,415,449,108,62,14,186,176,140,0,90,0,2,176,29,3,10,284,149,0,83,0,1,0,23,30,29,824,1,3,1,113,12,42,6,1,4,5956,2371,2044,1967,1274,430,172,40,1504,107,52,105,0,127,4,447,343,478,51,51,36,17,37,2,1114,16,197,150,0,171,186,303,65,86,220,226,245,0,8,12,52,39,12,10,0,88,4,68,26,53,97,0,34,35,3,45,150,103,3,62,103,0,13,28,0,33,34,27,27,71,47,61,22,27,28,4,7,62,35,20,26,3,62,44,14,1,8,8,3,168,21,2,7,66,2,0,119,21,33,18,3,44,3,27,0,0,54,0,13,2,43,568,374,325,121,218,388,37,163,127,6,7,9,7,5,369,120,265,857,665,449,285,219,361,40,214,185,11,11,127,11,19,143,65,63,0,21,25,189,35,17,96,26,1,143,142,93,0,11,49,393,0,227,13,397,92,25,80,8,21,86,158,72,23,115,7,157,49,13,675,0,0,50,39,8,339,2,225,4,448,161,169,204,415,449,108,62,14,186,176,140,0,90,0,2,176,29,3,10,284,149,0,83,0,1,0,23,30,29,824,1,3,1,113,12,42,6,1,4,5956,2371,2044,1967,1274,430,172,40,1504,107,52,105,0,127,4,447,343,478,51,51,36,17,37,2,1114,16,197,150,0,171,186,303,65,86,220,226,245,0,8,12,52,39,12,10,0,88,4,68,26,53,97,0,34,35,3,45,150,103,3,62,103,0,13,28,0,33,34,27,27,71,47,61,22,27,28,4,7,62,35,20,26,3,62,44,14,1,8,8,3,168,21,2,7,66,2,0,119,21,33,18,3,44,3,27,0,0,54,0,13,2,43,0,0,0,0,0,0,0,0,0,0,0,0,4,0,0,34,0,2,0,0,0,0,0,0,0,0,33,0,1,0,0,0,0,0,0,0,0,0,0,0,0,0,0,0,0,0,0,0,0,0,4,0,0,34,0,2,0,0,0,0,0,0,0,0,33,0,1,0,0,0,0,0,0,0,0,0,0,0,0,0,0,0,0,0,0,0,0,0,0,0,0,0,0,0,0,0,0,0,0,0,0,0,0,0,0,0,0,0,0,0,0,0,0,0,0,0,0,0,0,0,0,0,0,0,0,0,0,0,0,0,0,0,0,0,0,0,0,0,0,0,0,0,0,0,0,0,0,0,0,0,0,0,0,0,0,0,0,0,0,0,0,0,0,0,0,0,0,0,0,0,0,0,0,0,0,0,0,0,0,0,0,0,0,0,0,0,0,0,0,0,0,0,0,0,0,0,0,0,0,0,0,0,0,0,0,0,0,0,0,0,0,0,0,0,0,0,0,0,0,0,0,0,0,0,0,0,0,0,0,0,0,0,0,0,0,0,0,0,0,0,0,0,0,0,0,0,0,0,0,0,0,0,0,0,0,0,0,0
SRR8556913,17406,510,307,241,88,179,289,29,167,139,40,21,26,18,3,332,110,148,697,506,348,221,134,283,89,100,141,54,0,122,13,25,161,57,46,2,46,85,132,29,18,59,25,4,126,112,55,6,16,31,320,0,126,24,430,99,37,71,22,52,53,158,54,22,122,0,95,52,24,688,0,0,33,26,15,274,4,218,1,353,60,101,204,289,419,93,31,9,92,126,106,7,50,0,15,91,85,1,10,155,121,0,74,1,0,1,23,32,8,612,16,2,16,103,4,19,16,2,29,4986,1943,1597,1683,1153,242,215,28,1113,77,72,58,1,45,1,281,269,269,33,32,49,18,23,4,842,19,207,114,1,159,127,179,52,76,176,212,239,3,6,4,58,25,6,8,0,103,0,70,27,70,70,1,25,33,5,28,123,112,0,40,69,1,9,15,0,33,31,15,15,46,32,42,28,15,15,2,0,39,60,46,45,1,57,13,8,0,26,6,1,152,29,4,6,99,0,0,94,49,17,43,6,10,1,15,9,0,64,0,9,5,36,510,307,241,88,179,289,29,167,139,40,21,26,18,3,332,110,148,697,506,348,221,134,283,89,100,141,54,0,122,13,25,161,57,46,2,46,85,132,29,18,59,25,4,126,112,55,6,16,31,320,0,126,24,430,99,37,71,22,52,53,158,54,22,122,0,95,52,24,688,0,0,33,26,15,274,4,218,1,353,60,101,204,289,419,93,31,9,92,126,106,7,50,0,15,91,85,1,10,155,121,0,74,1,0,1,23,32,8,612,16,2,16,103,4,19,16,2,29,4986,1943,1597,1683,1153,242,215,28,1113,77,72,58,1,45,1,281,269,269,33,32,49,18,23,4,842,19,207,114,1,159,127,179,52,76,176,212,239,3,6,4,58,25,6,8,0,103,0,70,27,70,70,1,25,33,5,28,123,112,0,40,69,1,9,15,0,33,31,15,15,46,32,42,28,15,15,2,0,39,60,46,45,1,57,13,8,0,26,6,1,152,29,4,6,99,0,0,94,49,17,43,6,10,1,15,9,0,64,0,9,5,36,0,0,0,0,0,0,0,0,0,0,0,0,2,0,0,21,0,1,0,0,0,0,0,0,0,0,22,0,0,0,6,0,0,0,1,0,1,1,0,0,0,0,0,0,0,0,0,0,0,0,2,0,0,21,0,1,0,0,0,0,0,0,0,0,22,0,0,0,6,0,0,0,1,0,1,1,0,0,0,0,0,0,0,0,0,0,0,0,0,0,0,0,0,0,0,0,0,0,0,0,0,0,0,0,0,0,0,0,0,0,0,0,0,0,0,0,0,0,0,0,0,0,0,0,0,0,0,0,0,0,0,0,0,0,0,0,0,0,0,0,0,0,0,0,0,0,0,2,0,0,0,0,0,0,0,0,0,0,0,0,0,0,0,0,0,0,0,0,0,0,0,0,0,0,0,0,0,0,0,0,0,0,0,0,0,0,0,0,0,0,0,0,0,0,0,0,0,0,0,0,0,0,0,0,0,0,0,0,0,0,0,0,0,0,0,0,0,0,0,0,0,0,0,0,0,0,0,0,0,0,0,2,0,0,0,0,0,0,0,0,0,0,0,0,0,0,0,0,0,0,0,0,0,0,0,0,0,0
SRR8556916,23157,706,336,340,171,293,414,31,179,173,41,7,9,30,3,398,106,240,989,615,594,210,159,356,87,150,208,36,2,186,12,26,193,60,88,5,53,91,222,40,38,54,24,6,86,94,56,0,16,35,347,1,184,13,449,124,26,147,14,21,103,175,52,44,192,7,105,36,13,780,0,0,23,9,39,410,2,292,2,406,95,179,239,454,417,77,17,18,72,140,185,8,53,0,0,91,53,3,5,291,80,0,38,0,1,0,34,44,4,692,3,3,3,138,11,16,0,0,21,6035,2461,1948,2108,1326,384,237,14,1495,118,61,124,0,99,2,388,321,360,52,42,47,24,23,6,1033,37,233,171,0,168,176,210,75,140,192,158,255,0,10,11,46,36,21,10,11,68,0,48,35,33,107,0,45,55,6,42,136,107,0,84,85,0,4,35,1,41,42,35,35,80,26,42,18,35,35,4,7,71,69,68,25,0,55,15,5,0,20,10,0,92,22,3,6,54,2,0,80,70,37,61,7,32,0,35,0,0,106,13,4,33,63,706,336,340,171,293,414,31,179,173,41,7,9,30,3,398,106,240,989,615,594,210,159,356,87,150,208,36,2,186,12,26,193,60,88,5,53,91,222,40,38,54,24,6,86,94,56,0,16,35,347,1,184,13,449,124,26,147,14,21,103,175,52,44,192,7,105,36,13,780,0,0,23,9,39,410,2,292,2,406,95,179,239,454,417,77,17,18,72,140,185,8,53,0,0,91,53,3,5,291,80,0,38,0,1,0,34,44,4,692,3,3,3,138,11,16,0,0,21,6035,2461,1948,2108,1326,384,237,14,1495,118,61,124,0,99,2,388,321,360,52,42,47,24,23,6,1033,37,233,171,0,168,176,210,75,140,192,158,255,0,10,11,46,36,21,10,11,68,0,48,35,33,107,0,45,55,6,42,136,107,0,84,85,0,4,35,1,41,42,35,35,80,26,42,18,35,35,4,7,71,69,68,25,0,55,15,5,0,20,10,0,92,22,3,6,54,2,0,80,70,37,61,7,32,0,35,0,0,106,13,4,33,63,0,0,0,0,0,0,0,0,0,0,0,0,2,0,0,29,0,0,0,0,0,0,0,0,0,0,28,0,0,0,0,0,0,0,0,0,0,0,0,0,0,0,0,0,0,0,0,0,0,0,2,0,0,29,0,0,0,0,0,0,0,0,0,0,28,0,0,0,0,0,0,0,0,0,0,0,0,0,0,0,0,0,0,0,0,0,0,0,0,0,0,0,0,0,0,0,0,0,0,0,0,0,0,0,0,0,0,0,0,0,0,0,0,0,0,0,0,0,0,0,0,0,0,0,0,0,0,0,0,0,0,0,0,0,0,0,0,0,0,0,0,0,0,0,0,0,0,3,0,0,0,0,0,0,0,0,0,0,0,0,0,0,0,0,0,0,0,0,0,0,0,0,0,0,0,0,0,0,0,0,0,0,0,0,0,0,0,0,0,0,0,0,0,0,0,0,0,0,0,0,0,0,0,0,0,0,0,0,0,0,0,0,0,0,0,0,0,0,0,0,0,0,0,0,0,0,0,0,0,0,0,3,0,0,0,0,0,0,0,0,0,0,0,0,0,0,0,0,0,0,0,0,0,0,0,0,0,0
SRR8556917,13219,429,246,199,69,144,224,17,117,95,7,16,20,22,3,238,71,144,644,365,319,127,144,188,22,78,139,6,0,131,3,9,180,50,66,0,17,22,112,33,11,25,23,3,63,62,31,0,15,12,222,0,115,21,248,79,17,100,11,50,68,83,40,15,90,2,70,33,21,425,2,3,11,7,27,244,0,236,1,262,52,153,139,253,269,49,10,4,50,71,60,3,33,0,0,41,14,0,7,145,65,2,35,0,0,0,30,38,6,418,0,0,0,75,5,17,5,1,16,3524,1421,1282,1247,802,233,126,24,837,68,32,74,0,64,2,227,142,182,18,18,18,2,5,3,547,42,135,113,0,134,56,82,68,72,112,144,219,0,5,6,7,23,23,8,0,32,1,39,10,32,80,0,14,56,1,26,60,83,0,58,33,0,3,8,0,15,13,8,8,72,23,35,9,8,8,2,2,63,38,42,17,0,27,11,10,5,4,5,0,72,11,0,6,24,0,0,31,44,9,38,3,21,0,8,0,0,84,6,3,20,22,429,246,199,69,144,224,17,117,95,7,16,20,22,3,238,71,144,644,365,319,127,144,188,22,78,139,6,0,131,3,9,180,50,66,0,17,22,112,33,11,25,23,3,63,62,31,0,15,12,222,0,115,21,248,79,17,100,11,50,68,83,40,15,90,2,70,33,21,425,2,3,11,7,27,244,0,236,1,262,52,153,139,253,269,49,10,4,50,71,60,3,33,0,0,41,14,0,7,145,65,2,35,0,0,0,30,38,6,418,0,0,0,75,5,17,5,1,16,3524,1421,1282,1247,802,233,126,24,837,68,32,74,0,64,2,227,142,182,18,18,18,2,5,3,547,42,135,113,0,134,56,82,68,72,112,144,219,0,5,6,7,23,23,8,0,32,1,39,10,32,80,0,14,56,1,26,60,83,0,58,33,0,3,8,0,15,13,8,8,72,23,35,9,8,8,2,2,63,38,42,17,0,27,11,10,5,4,5,0,72,11,0,6,24,0,0,31,44,9,38,3,21,0,8,0,0,84,6,3,20,22,0,0,0,0,0,0,0,0,0,0,0,0,1,0,0,20,0,0,0,0,0,0,0,0,0,0,19,0,0,0,0,0,0,0,0,0,0,0,0,0,0,0,0,0,0,0,0,0,0,0,1,0,0,20,0,0,0,0,0,0,0,0,0,0,19,0,0,0,0,0,0,0,0,0,0,0,0,0,0,0,0,0,0,0,0,0,0,0,0,0,0,0,0,0,0,0,0,0,0,0,0,0,0,0,0,0,0,0,0,0,0,0,0,0,0,0,0,0,0,0,0,0,0,0,0,0,0,0,0,0,0,0,0,0,0,0,0,0,0,0,0,0,0,0,0,0,0,0,0,0,0,0,0,0,0,0,0,0,0,0,0,0,0,0,0,0,0,0,0,0,0,0,0,0,0,0,0,0,0,0,0,0,0,0,0,0,0,0,0,0,0,0,0,0,0,0,0,0,0,0,0,0,0,0,0,0,0,0,0,0,0,0,0,0,0,0,0,0,0,0,0,0,0,0,0,0,0,0,0,0,0,0,0,0,0,0,0,0,0,0,0,0,0,0,0,0,0,0,0,0,0,0,0,0,0,0,0,0
SRR8556919,27272,655,347,380,197,285,411,46,249,227,47,23,28,93,8,416,174,262,1054,668,662,215,143,280,84,122,164,44,0,247,7,13,300,89,127,0,80,106,279,66,37,60,39,11,136,177,90,0,17,47,404,1,212,17,425,104,18,135,9,33,108,204,68,36,171,7,154,47,17,863,2,2,10,11,34,453,0,364,0,477,84,176,209,479,403,94,32,11,88,128,148,2,87,0,2,128,84,0,21,268,94,4,69,0,3,0,59,71,2,640,1,0,1,112,2,18,13,6,13,6691,2725,2073,2155,1354,331,300,31,1555,121,41,129,0,69,3,414,380,427,40,24,52,31,32,11,1062,72,266,262,0,268,122,157,162,115,291,271,430,0,7,9,30,51,24,22,0,60,0,65,22,40,168,0,30,86,0,59,150,119,1,133,80,0,3,20,0,41,42,20,20,164,32,66,23,20,20,2,7,142,87,86,32,2,87,12,11,5,14,7,1,118,27,6,5,59,0,1,96,89,23,77,14,13,2,20,2,0,154,7,3,26,33,655,347,380,197,285,411,46,249,227,47,23,28,93,8,416,174,262,1054,668,662,215,143,280,84,122,164,44,0,247,7,13,300,89,127,0,80,106,279,66,37,60,39,11,136,177,90,0,17,47,404,1,212,17,425,104,18,135,9,33,108,204,68,36,171,7,154,47,17,863,2,2,10,11,34,453,0,364,0,477,84,176,209,479,403,94,32,11,88,128,148,2,87,0,2,128,84,0,21,268,94,4,69,0,3,0,59,71,2,640,1,0,1,112,2,18,13,6,13,6691,2725,2073,2155,1354,331,300,31,1555,121,41,129,0,69,3,414,380,427,40,24,52,31,32,11,1062,72,266,262,0,268,122,157,162,115,291,271,430,0,7,9,30,51,24,22,0,60,0,65,22,40,168,0,30,86,0,59,150,119,1,133,80,0,3,20,0,41,42,20,20,164,32,66,23,20,20,2,7,142,87,86,32,2,87,12,11,5,14,7,1,118,27,6,5,59,0,1,96,89,23,77,14,13,2,20,2,0,154,7,3,26,33,0,0,0,0,0,0,0,0,0,0,0,0,0,0,0,50,2,0,0,0,0,0,0,0,2,0,49,0,1,0,0,0,0,0,2,0,0,0,0,0,0,0,0,0,0,0,0,0,0,0,0,0,0,50,2,0,0,0,0,0,0,0,2,0,49,0,1,0,0,0,0,0,2,0,0,0,0,0,0,0,0,0,0,0,0,0,0,0,0,0,0,0,0,0,0,0,0,0,0,0,0,0,0,0,0,0,0,0,0,0,0,0,0,0,0,0,0,0,0,0,0,0,0,0,0,0,0,0,0,0,0,0,0,0,0,0,0,0,0,0,0,0,0,0,0,0,0,0,0,0,0,0,0,0,0,0,0,0,0,0,0,0,0,0,0,0,0,0,0,0,0,0,0,0,0,0,0,0,0,0,0,0,0,0,0,0,0,0,0,0,0,0,0,0,0,0,0,0,0,0,0,0,0,0,0,0,0,0,0,0,0,0,0,0,0,0,0,0,0,0,0,0,0,0,0,0,0,0,0,0,0,0,0,0,0,0,0,0,0,0,0,0,0,0,0,0,0,0,0,0,0,0,0,0,0,0,0,0
SRR8556920,21866,621,332,376,137,244,315,32,165,192,43,18,22,7,0,320,145,208,850,653,363,180,137,325,94,109,161,44,0,157,24,23,147,52,71,0,94,82,131,36,14,32,24,5,132,113,62,0,10,29,405,1,138,9,371,81,34,47,21,12,34,180,70,32,241,3,95,40,9,586,1,1,22,16,9,289,11,245,0,458,65,192,204,416,427,82,33,17,76,125,160,3,54,0,0,189,83,2,5,155,81,14,73,1,1,1,19,44,3,783,4,2,4,124,11,31,1,0,23,5427,2114,1853,1750,1194,281,232,50,1204,68,74,72,0,98,1,411,355,341,14,33,55,13,21,4,909,26,223,159,0,212,67,204,48,115,255,223,252,0,6,4,56,23,10,10,0,66,0,48,41,26,66,0,37,26,1,26,136,100,1,55,95,0,10,31,0,32,32,31,31,49,21,35,24,31,31,5,3,43,60,44,53,0,71,17,16,0,13,6,1,71,34,2,1,74,2,0,127,45,33,39,5,39,0,31,9,0,54,0,10,1,46,621,332,376,137,244,315,32,165,192,43,18,22,7,0,320,145,208,850,653,363,180,137,325,94,109,161,44,0,157,24,23,147,52,71,0,94,82,131,36,14,32,24,5,132,113,62,0,10,29,405,1,138,9,371,81,34,47,21,12,34,180,70,32,241,3,95,40,9,586,1,1,22,16,9,289,11,245,0,458,65,192,204,416,427,82,33,17,76,125,160,3,54,0,0,189,83,2,5,155,81,14,73,1,1,1,19,44,3,783,4,2,4,124,11,31,1,0,23,5427,2114,1853,1750,1194,281,232,50,1204,68,74,72,0,98,1,411,355,341,14,33,55,13,21,4,909,26,223,159,0,212,67,204,48,115,255,223,252,0,6,4,56,23,10,10,0,66,0,48,41,26,66,0,37,26,1,26,136,100,1,55,95,0,10,31,0,32,32,31,31,49,21,35,24,31,31,5,3,43,60,44,53,0,71,17,16,0,13,6,1,71,34,2,1,74,2,0,127,45,33,39,5,39,0,31,9,0,54,0,10,1,46,0,0,0,0,0,0,0,0,0,0,0,0,0,0,0,19,2,2,0,0,0,0,0,0,2,0,18,0,3,0,4,0,0,0,2,0,0,0,0,0,0,0,0,0,0,0,0,0,0,0,0,0,0,19,2,2,0,0,0,0,0,0,2,0,18,0,3,0,4,0,0,0,2,0,0,0,0,0,0,0,0,0,0,0,0,0,0,0,0,0,0,0,0,0,0,0,0,0,0,0,0,0,0,0,0,0,0,0,0,0,0,0,0,0,0,0,0,0,0,0,0,0,0,0,0,0,0,0,0,0,0,0,0,0,0,0,0,0,0,4,0,0,0,0,0,0,0,3,0,0,0,0,0,0,0,0,0,0,0,0,0,0,0,0,0,0,0,0,0,0,0,0,0,0,0,0,0,0,0,0,0,0,0,0,0,0,0,0,0,0,0,0,0,0,0,0,0,0,0,0,0,0,0,0,0,0,0,0,0,0,0,0,0,0,0,0,0,0,0,0,0,0,0,4,0,0,0,0,0,0,0,3,0,0,0,0,0,0,0,0,0,0,0,0,0,0,0,0,0,0,0,0,0,0,0,0,0,0
SRR8556938,16061,384,220,231,95,153,279,54,168,127,26,19,23,8,2,240,100,143,554,379,339,118,89,217,79,85,128,25,1,76,6,21,121,32,41,1,45,42,119,18,20,20,21,5,82,72,47,0,11,12,293,0,126,7,401,127,45,84,27,17,49,160,49,52,108,2,87,25,7,373,6,7,9,8,3,203,3,190,2,270,52,109,114,276,281,48,34,5,44,98,138,5,70,0,0,108,51,1,5,162,62,16,31,0,1,0,15,21,4,426,0,0,0,68,8,26,0,13,32,3894,1584,1287,1346,785,213,193,37,880,75,47,63,0,64,3,277,212,303,26,33,41,23,35,1,539,9,164,85,1,111,102,184,47,60,141,118,179,0,0,4,36,7,20,2,0,66,0,44,17,21,41,0,18,11,2,8,99,53,2,39,62,0,6,17,0,26,26,17,17,49,20,22,15,17,17,4,2,43,29,20,32,1,41,9,3,0,9,0,0,115,14,3,10,49,1,0,102,21,19,18,1,11,1,17,2,0,29,0,6,2,29,384,220,231,95,153,279,54,168,127,26,19,23,8,2,240,100,143,554,379,339,118,89,217,79,85,128,25,1,76,6,21,121,32,41,1,45,42,119,18,20,20,21,5,82,72,47,0,11,12,293,0,126,7,401,127,45,84,27,17,49,160,49,52,108,2,87,25,7,373,6,7,9,8,3,203,3,190,2,270,52,109,114,276,281,48,34,5,44,98,138,5,70,0,0,108,51,1,5,162,62,16,31,0,1,0,15,21,4,426,0,0,0,68,8,26,0,13,32,3894,1584,1287,1346,785,213,193,37,880,75,47,63,0,64,3,277,212,303,26,33,41,23,35,1,539,9,164,85,1,111,102,184,47,60,141,118,179,0,0,4,36,7,20,2,0,66,0,44,17,21,41,0,18,11,2,8,99,53,2,39,62,0,6,17,0,26,26,17,17,49,20,22,15,17,17,4,2,43,29,20,32,1,41,9,3,0,9,0,0,115,14,3,10,49,1,0,102,21,19,18,1,11,1,17,2,0,29,0,6,2,29,2,0,0,0,0,0,0,0,0,0,0,0,2,0,0,8,2,1,0,0,0,0,0,0,2,0,8,0,7,0,0,0,0,0,2,0,0,0,2,0,0,0,0,0,0,0,0,0,0,0,2,0,0,8,2,1,0,0,0,0,0,0,2,0,8,0,7,0,0,0,0,0,2,0,0,0,0,0,0,0,0,0,0,0,0,0,0,0,0,0,0,0,0,0,0,0,0,0,0,0,0,0,0,0,0,0,0,0,0,0,0,0,0,0,0,0,0,0,0,0,0,0,0,0,0,0,0,0,0,0,0,0,0,0,0,0,0,0,0,0,0,0,0,0,0,0,0,0,0,0,0,0,0,0,0,0,0,0,0,0,0,0,0,0,0,0,0,0,0,0,0,0,0,0,0,0,0,0,0,0,0,0,0,0,0,0,0,0,0,0,0,0,0,0,0,0,0,0,0,0,0,0,0,0,0,0,0,0,0,0,0,0,0,0,0,0,0,0,0,0,0,0,0,0,0,0,0,0,0,0,0,0,0,0,0,0,0,0,0,0,0,0,0,0,0,0,0,0,0,0,0,0,0,0,0,0,0,0
SRR8556939,15190,364,233,187,112,140,254,22,122,93,1,3,3,20,3,251,37,136,562,444,366,264,117,251,56,65,129,11,1,121,19,1,117,53,56,0,30,18,218,39,29,13,8,1,42,35,39,2,32,22,203,4,128,14,304,85,24,76,20,29,53,80,92,14,86,3,88,29,14,570,8,10,9,10,7,284,2,167,0,203,51,108,126,229,292,90,27,8,87,65,113,27,63,0,0,74,39,0,36,174,38,12,28,1,0,1,28,42,4,490,0,0,0,54,0,43,1,0,42,4167,1678,1295,1405,821,200,119,57,1012,99,42,90,4,70,1,355,162,366,30,28,10,0,12,14,700,54,187,75,3,119,153,238,94,72,128,117,184,0,8,12,23,22,13,3,0,42,0,38,15,44,91,4,27,38,1,25,81,68,0,63,49,4,2,11,0,37,25,11,11,100,37,39,18,11,11,0,3,77,56,60,22,1,31,6,4,0,2,11,1,139,24,0,13,37,2,0,80,69,12,60,16,12,1,11,1,0,73,3,2,13,56,364,233,187,112,140,254,22,122,93,1,3,3,20,3,251,37,136,562,444,366,264,117,251,56,65,129,11,1,121,19,1,117,53,56,0,30,18,218,39,29,13,8,1,42,35,39,2,32,22,203,4,128,14,304,85,24,76,20,29,53,80,92,14,86,3,88,29,14,570,8,10,9,10,7,284,2,167,0,203,51,108,126,229,292,90,27,8,87,65,113,27,63,0,0,74,39,0,36,174,38,12,28,1,0,1,28,42,4,490,0,0,0,54,0,43,1,0,42,4167,1678,1295,1405,821,200,119,57,1012,99,42,90,4,70,1,355,162,366,30,28,10,0,12,14,700,54,187,75,3,119,153,238,94,72,128,117,184,0,8,12,23,22,13,3,0,42,0,38,15,44,91,4,27,38,1,25,81,68,0,63,49,4,2,11,0,37,25,11,11,100,37,39,18,11,11,0,3,77,56,60,22,1,31,6,4,0,2,11,1,139,24,0,13,37,2,0,80,69,12,60,16,12,1,11,1,0,73,3,2,13,56,0,0,0,0,0,0,0,0,0,0,0,0,13,0,0,15,0,0,0,0,0,0,0,0,0,0,23,3,0,0,0,0,0,0,3,0,3,3,0,0,0,0,0,0,0,0,0,0,0,0,13,0,0,15,0,0,0,0,0,0,0,0,0,0,23,3,0,0,0,0,0,0,3,0,3,3,0,0,0,0,0,0,0,0,0,0,0,0,0,0,0,0,0,0,0,0,0,0,0,0,0,0,0,0,0,0,0,0,0,0,0,0,0,0,0,0,0,0,0,0,0,0,0,0,0,0,0,0,0,0,0,0,0,0,0,0,0,0,0,0,0,0,0,0,0,0,0,0,0,0,0,0,0,0,0,0,0,0,0,0,0,0,0,0,0,0,0,0,0,0,0,0,0,0,0,0,0,0,0,0,0,0,0,0,0,0,0,0,0,0,0,0,0,0,0,0,0,0,0,0,0,0,0,0,0,0,0,0,0,0,0,0,0,0,0,0,0,0,0,0,0,0,0,0,0,0,0,0,0,0,0,0,0,0,0,0,0,0,0,0,0,0,0,0,0,0,0,0,0,0,0,0,0,0,0,0,0,0
SRR8556944,28222,590,325,392,190,287,544,64,184,139,16,12,15,48,1,328,127,300,1023,513,532,232,171,352,80,110,197,20,0,237,3,26,280,93,76,0,27,46,276,69,83,40,24,3,168,148,57,1,22,16,395,0,335,7,457,120,19,149,8,67,140,165,51,38,123,6,172,23,7,641,0,0,18,20,16,499,0,287,0,317,90,271,217,422,416,65,28,11,54,69,271,3,49,0,0,89,60,1,15,374,139,2,87,0,3,0,54,67,8,732,0,0,0,107,7,38,3,7,10,6234,2555,2060,2051,1268,316,206,24,1539,74,77,158,0,142,6,353,479,457,125,35,58,44,14,7,867,30,224,113,0,257,231,212,87,122,208,263,378,0,11,16,53,43,51,6,0,65,0,68,20,17,114,0,25,64,0,50,142,87,1,97,88,0,2,20,0,35,42,20,20,81,32,41,16,20,20,1,6,71,48,45,26,3,58,20,9,8,24,11,0,118,60,5,13,66,0,0,79,46,24,40,7,19,3,20,0,0,85,0,2,2,29,590,325,392,190,287,544,64,184,139,16,12,15,48,1,328,127,300,1023,513,532,232,171,352,80,110,197,20,0,237,3,26,280,93,76,0,27,46,276,69,83,40,24,3,168,148,57,1,22,16,395,0,335,7,457,120,19,149,8,67,140,165,51,38,123,6,172,23,7,641,0,0,18,20,16,499,0,287,0,317,90,271,217,422,416,65,28,11,54,69,271,3,49,0,0,89,60,1,15,374,139,2,87,0,3,0,54,67,8,732,0,0,0,107,7,38,3,7,10,6234,2555,2060,2051,1268,316,206,24,1539,74,77,158,0,142,6,353,479,457,125,35,58,44,14,7,867,30,224,113,0,257,231,212,87,122,208,263,378,0,11,16,53,43,51,6,0,65,0,68,20,17,114,0,25,64,0,50,142,87,1,97,88,0,2,20,0,35,42,20,20,81,32,41,16,20,20,1,6,71,48,45,26,3,58,20,9,8,24,11,0,118,60,5,13,66,0,0,79,46,24,40,7,19,3,20,0,0,85,0,2,2,29,1,0,0,0,0,0,0,0,0,0,0,0,2,0,0,35,3,3,0,0,0,0,0,0,3,0,34,0,9,0,0,0,0,0,3,0,0,0,1,0,0,0,0,0,0,0,0,0,0,0,2,0,0,35,3,3,0,0,0,0,0,0,3,0,34,0,9,0,0,0,0,0,3,0,0,0,0,0,0,0,0,0,0,0,0,0,0,0,0,0,0,0,0,0,0,0,0,0,0,0,0,0,0,0,0,0,0,0,0,0,0,0,0,0,0,0,0,0,0,0,0,0,0,0,0,0,0,0,0,0,0,0,0,0,0,0,0,0,0,0,0,0,0,0,0,0,0,0,0,0,0,0,0,0,0,0,0,0,0,0,0,0,0,0,0,0,0,0,0,0,0,0,0,0,0,0,0,0,0,0,0,0,0,0,0,0,0,0,0,0,0,0,0,0,0,0,0,0,0,0,0,0,0,0,0,0,0,0,0,0,0,0,0,0,0,0,0,0,0,0,0,0,0,0,0,0,0,0,0,0,0,0,0,0,0,0,0,0,0,0,0,0,0,0,0,0,0,0,0,0,0,0,0,0,0,0,0,0
SRR8556945,24209,623,379,344,142,279,436,43,245,208,44,15,18,40,8,347,146,237,1018,645,525,205,113,310,88,123,183,41,2,168,11,11,222,57,93,1,98,102,203,41,39,65,34,5,118,107,104,1,20,25,440,0,232,13,493,91,10,94,4,46,64,215,51,37,175,2,158,30,12,675,8,10,9,8,15,346,2,335,2,465,78,167,192,409,451,68,19,13,78,143,136,5,68,0,2,156,84,0,12,235,96,4,71,0,4,0,27,46,4,690,1,0,1,175,2,33,1,0,0,6110,2527,2024,2029,1273,306,293,42,1389,82,76,78,0,77,1,479,326,402,54,50,67,33,39,6,965,30,215,113,3,244,96,187,99,139,340,215,303,0,11,11,65,24,23,14,0,76,4,54,30,51,95,0,37,22,3,28,116,94,1,82,90,0,0,28,0,53,57,27,27,101,31,53,25,27,28,8,2,88,68,57,56,4,64,31,21,5,15,11,1,143,22,10,14,89,2,2,91,59,37,51,7,23,4,27,0,3,71,3,0,10,71,623,379,344,142,279,436,43,245,208,44,15,18,40,8,347,146,237,1018,645,525,205,113,310,88,123,183,41,2,168,11,11,222,57,93,1,98,102,203,41,39,65,34,5,118,107,104,1,20,25,440,0,232,13,493,91,10,94,4,46,64,215,51,37,175,2,158,30,12,675,8,10,9,8,15,346,2,335,2,465,78,167,192,409,451,68,19,13,78,143,136,5,68,0,2,156,84,0,12,235,96,4,71,0,4,0,27,46,4,690,1,0,1,175,2,33,1,0,0,6110,2527,2024,2029,1273,306,293,42,1389,82,76,78,0,77,1,479,326,402,54,50,67,33,39,6,965,30,215,113,3,244,96,187,99,139,340,215,303,0,11,11,65,24,23,14,0,76,4,54,30,51,95,0,37,22,3,28,116,94,1,82,90,0,0,28,0,53,57,27,27,101,31,53,25,27,28,8,2,88,68,57,56,4,64,31,21,5,15,11,1,143,22,10,14,89,2,2,91,59,37,51,7,23,4,27,0,3,71,3,0,10,71,0,0,0,0,0,0,0,0,0,0,0,0,1,0,0,15,1,1,0,0,0,0,0,0,1,0,14,0,0,0,0,0,0,0,1,0,0,0,0,0,0,0,0,0,0,0,0,0,0,0,1,0,0,15,1,1,0,0,0,0,0,0,1,0,14,0,0,0,0,0,0,0,1,0,0,0,0,0,0,0,0,0,0,0,0,0,0,0,0,0,0,0,0,0,0,0,0,0,0,0,0,0,0,0,0,0,0,0,0,0,0,0,0,0,0,0,0,0,0,0,0,0,0,0,0,0,0,0,0,0,0,0,0,0,0,0,0,0,0,0,0,0,0,0,0,0,0,1,0,0,0,0,0,0,0,0,0,0,0,0,0,0,0,0,0,0,0,0,0,0,0,0,0,0,0,0,0,0,0,0,0,0,0,0,0,0,0,0,0,0,0,0,0,0,0,0,0,0,0,0,0,0,0,0,0,0,0,0,0,0,0,0,0,0,0,0,0,0,0,0,0,0,0,0,0,0,0,0,0,0,0,1,0,0,0,0,0,0,0,0,0,0,0,0,0,0,0,0,0,0,0,0,0,0,0,0,0,0
SRR8556947,22591,412,222,239,189,198,425,44,155,100,5,10,12,64,0,192,80,227,677,396,415,221,105,205,54,105,144,8,0,167,0,6,213,59,56,1,8,16,196,36,59,16,16,1,71,82,55,0,6,20,285,0,312,16,315,111,30,131,18,23,194,107,39,17,87,2,184,35,16,501,0,0,3,3,16,307,1,206,1,227,100,192,155,346,279,80,13,3,63,37,263,3,35,0,2,39,22,1,3,257,82,2,55,0,0,0,34,46,10,519,2,0,1,68,4,34,3,0,42,4629,1777,1412,1438,879,246,162,9,1143,78,62,165,0,135,0,193,294,307,62,15,3,2,9,2,674,39,136,48,0,184,163,161,88,92,158,155,246,0,3,12,28,45,38,7,0,36,1,31,3,31,124,0,4,48,1,53,82,72,0,118,45,0,7,2,0,5,21,2,2,98,26,36,5,2,2,0,2,86,16,17,7,1,25,24,1,1,18,3,0,97,31,0,24,18,0,0,32,18,3,16,3,1,1,2,0,0,54,0,7,5,5,412,222,239,189,198,425,44,155,100,5,10,12,64,0,192,80,227,677,396,415,221,105,205,54,105,144,8,0,167,0,6,213,59,56,1,8,16,196,36,59,16,16,1,71,82,55,0,6,20,285,0,312,16,315,111,30,131,18,23,194,107,39,17,87,2,184,35,16,501,0,0,3,3,16,307,1,206,1,227,100,192,155,346,279,80,13,3,63,37,263,3,35,0,2,39,22,1,3,257,82,2,55,0,0,0,34,46,10,519,2,0,1,68,4,34,3,0,42,4629,1777,1412,1438,879,246,162,9,1143,78,62,165,0,135,0,193,294,307,62,15,3,2,9,2,674,39,136,48,0,184,163,161,88,92,158,155,246,0,3,12,28,45,38,7,0,36,1,31,3,31,124,0,4,48,1,53,82,72,0,118,45,0,7,2,0,5,21,2,2,98,26,36,5,2,2,0,2,86,16,17,7,1,25,24,1,1,18,3,0,97,31,0,24,18,0,0,32,18,3,16,3,1,1,2,0,0,54,0,7,5,5,1,0,0,0,0,0,0,0,0,1,0,0,0,0,0,49,0,0,0,0,0,0,0,0,0,0,48,0,0,0,0,0,0,0,0,0,0,0,1,0,0,0,0,0,0,0,0,1,0,0,0,0,0,49,0,0,0,0,0,0,0,0,0,0,48,0,0,0,0,0,0,0,0,0,0,0,1,0,0,0,0,0,0,0,0,0,0,0,0,0,0,0,0,0,0,0,0,0,0,0,0,0,0,0,0,0,0,0,0,0,0,0,0,0,0,0,0,0,0,0,0,0,0,0,0,0,0,0,0,0,0,0,0,0,0,0,0,0,0,0,0,0,0,0,0,0,0,0,0,0,0,0,0,0,0,0,0,0,0,0,1,0,0,0,0,0,0,0,0,0,0,0,0,0,0,0,0,0,0,0,0,0,0,0,0,0,0,0,0,0,0,0,0,0,0,0,0,0,0,0,0,0,0,0,0,0,0,0,0,0,0,0,0,0,0,0,0,0,0,0,0,0,0,0,0,0,0,0,0,0,0,0,0,0,0,0,0,0,0,0,0,0,0,0,0,0,0,0,0,0,0,0,0,0,0,0,0,0
SRR8556948,16871,393,211,282,107,152,207,36,182,141,15,10,16,14,5,229,71,217,746,486,433,183,109,250,52,112,136,19,0,128,21,16,108,51,71,0,50,40,168,36,33,23,23,4,69,69,79,0,21,16,263,0,116,15,267,68,26,54,12,22,60,120,83,25,105,1,85,23,15,1014,0,0,26,12,20,285,0,209,3,294,72,112,142,304,326,92,31,16,120,98,106,3,43,0,6,74,54,2,11,238,65,18,52,0,0,0,23,42,18,551,8,2,8,104,15,35,0,2,20,5188,1805,1542,1505,895,274,205,37,1162,55,43,64,0,64,6,376,234,343,54,39,18,9,22,1,744,24,174,100,2,147,94,144,89,114,154,158,215,2,5,9,52,13,9,4,0,48,0,24,29,25,71,0,32,13,9,14,112,62,1,73,107,0,5,28,0,45,39,28,28,89,47,50,18,28,28,1,1,77,56,45,33,1,60,26,16,1,36,5,6,49,26,1,11,72,2,7,101,46,31,40,1,9,1,28,1,0,61,0,5,4,68,393,211,282,107,152,207,36,182,141,15,10,16,14,5,229,71,217,746,486,433,183,109,250,52,112,136,19,0,128,21,16,108,51,71,0,50,40,168,36,33,23,23,4,69,69,79,0,21,16,263,0,116,15,267,68,26,54,12,22,60,120,83,25,105,1,85,23,15,1014,0,0,26,12,20,285,0,209,3,294,72,112,142,304,326,92,31,16,120,98,106,3,43,0,6,74,54,2,11,238,65,18,52,0,0,0,23,42,18,551,8,2,8,104,15,35,0,2,20,5188,1805,1542,1505,895,274,205,37,1162,55,43,64,0,64,6,376,234,343,54,39,18,9,22,1,744,24,174,100,2,147,94,144,89,114,154,158,215,2,5,9,52,13,9,4,0,48,0,24,29,25,71,0,32,13,9,14,112,62,1,73,107,0,5,28,0,45,39,28,28,89,47,50,18,28,28,1,1,77,56,45,33,1,60,26,16,1,36,5,6,49,26,1,11,72,2,7,101,46,31,40,1,9,1,28,1,0,61,0,5,4,68,1,0,0,0,0,0,0,0,0,0,0,0,0,0,0,9,1,0,0,0,0,0,0,0,1,0,9,0,1,0,0,0,0,0,1,0,0,0,1,0,0,0,0,0,0,0,0,0,0,0,0,0,0,9,1,0,0,0,0,0,0,0,1,0,9,0,1,0,0,0,0,0,1,0,0,0,0,0,0,0,0,0,0,0,0,0,0,0,0,0,0,0,0,0,0,0,0,0,0,0,0,0,0,0,0,0,0,0,0,0,0,0,0,0,0,0,0,0,0,0,0,0,0,0,0,0,0,0,0,0,0,0,0,0,0,0,0,0,0,0,0,0,0,0,0,0,0,2,0,0,0,0,0,0,0,0,0,0,0,0,0,0,0,0,0,0,0,0,0,0,0,0,0,0,0,0,0,0,0,0,0,0,0,0,0,0,0,0,0,0,0,0,0,0,0,0,0,0,0,0,0,0,0,0,0,0,0,0,0,0,0,0,0,0,0,0,0,0,0,0,0,0,0,0,0,0,0,0,0,0,0,2,0,0,0,0,0,0,0,0,0,0,0,0,0,0,0,0,0,0,0,0,0,0,0,0,0,0
SRR8556952,12315,356,278,138,69,98,252,26,125,112,6,32,39,28,4,269,32,100,461,416,249,152,89,203,19,81,104,13,1,84,12,25,89,30,22,0,27,12,99,18,5,30,18,2,55,84,55,0,16,29,194,2,80,17,248,60,30,41,12,22,26,96,83,11,56,1,100,75,17,390,1,2,13,12,23,168,0,110,0,274,37,127,144,170,337,56,27,3,50,114,80,2,45,0,2,38,38,0,13,106,39,9,56,0,0,0,12,22,5,393,2,0,2,54,3,17,0,7,19,3356,1296,1049,1133,757,170,129,58,743,34,58,49,1,81,3,255,157,218,9,19,8,4,10,3,648,12,124,120,3,170,118,166,81,73,165,175,228,0,3,6,20,18,10,4,0,46,0,26,30,32,73,1,29,22,1,21,83,73,1,61,56,1,2,19,0,23,30,19,19,82,28,32,9,19,19,6,1,69,31,27,26,0,24,11,4,1,6,3,0,74,40,1,11,66,0,0,66,34,20,29,3,31,0,19,0,0,40,0,2,6,32,356,278,138,69,98,252,26,125,112,6,32,39,28,4,269,32,100,461,416,249,152,89,203,19,81,104,13,1,84,12,25,89,30,22,0,27,12,99,18,5,30,18,2,55,84,55,0,16,29,194,2,80,17,248,60,30,41,12,22,26,96,83,11,56,1,100,75,17,390,1,2,13,12,23,168,0,110,0,274,37,127,144,170,337,56,27,3,50,114,80,2,45,0,2,38,38,0,13,106,39,9,56,0,0,0,12,22,5,393,2,0,2,54,3,17,0,7,19,3356,1296,1049,1133,757,170,129,58,743,34,58,49,1,81,3,255,157,218,9,19,8,4,10,3,648,12,124,120,3,170,118,166,81,73,165,175,228,0,3,6,20,18,10,4,0,46,0,26,30,32,73,1,29,22,1,21,83,73,1,61,56,1,2,19,0,23,30,19,19,82,28,32,9,19,19,6,1,69,31,27,26,0,24,11,4,1,6,3,0,74,40,1,11,66,0,0,66,34,20,29,3,31,0,19,0,0,40,0,2,6,32,0,0,0,0,0,0,0,0,0,0,0,0,2,0,0,17,1,1,0,0,0,0,0,0,1,0,21,0,0,0,0,0,0,0,4,0,3,3,0,0,0,0,0,0,0,0,0,0,0,0,2,0,0,17,1,1,0,0,0,0,0,0,1,0,21,0,0,0,0,0,0,0,4,0,3,3,0,0,0,0,1,0,0,0,0,0,0,0,0,0,0,0,0,0,0,0,0,0,0,0,0,0,0,0,0,0,0,0,0,0,0,0,0,0,0,0,0,0,0,0,0,0,0,0,0,0,0,0,0,0,0,0,0,0,0,0,0,0,0,0,0,0,0,0,0,0,0,0,0,0,0,0,0,0,0,0,0,0,0,0,0,0,0,0,1,0,0,0,0,0,0,0,0,0,0,0,0,0,0,0,0,0,0,0,0,0,0,0,0,0,0,0,0,0,0,0,0,0,0,0,0,0,0,0,0,0,0,0,0,0,0,0,0,0,0,0,0,0,0,0,0,0,0,0,0,0,0,0,0,0,0,0,0,0,0,0,0,0,0,0,0,0,0,0,0,0,0,0,0,0,0,0,0,0,0,0,0,0
SRR8556953,19086,453,228,247,136,195,345,38,141,66,6,22,26,19,3,236,76,196,664,437,370,179,107,278,58,94,149,7,4,108,3,30,101,60,51,2,23,25,152,36,19,32,37,0,67,101,77,0,20,26,322,0,185,23,392,76,21,78,7,38,51,126,81,28,145,1,131,54,23,458,0,0,17,19,13,239,0,226,1,271,64,137,163,273,296,88,27,10,59,81,145,5,52,0,0,88,37,0,9,184,82,16,63,0,4,0,28,39,11,539,0,0,0,86,12,33,3,12,9,4422,1803,1442,1504,924,243,156,47,1050,93,51,80,0,96,3,393,232,299,37,36,18,14,24,2,706,21,185,110,0,116,118,142,33,71,170,145,231,0,9,11,54,24,16,10,0,39,10,55,14,41,48,0,23,46,6,28,86,58,0,32,65,0,3,15,0,27,36,15,15,25,32,46,19,15,15,4,0,23,37,26,34,0,36,28,7,7,16,9,1,106,31,5,14,55,1,0,58,27,16,23,2,18,0,15,0,0,69,0,3,3,25,453,228,247,136,195,345,38,141,66,6,22,26,19,3,236,76,196,664,437,370,179,107,278,58,94,149,7,4,108,3,30,101,60,51,2,23,25,152,36,19,32,37,0,67,101,77,0,20,26,322,0,185,23,392,76,21,78,7,38,51,126,81,28,145,1,131,54,23,458,0,0,17,19,13,239,0,226,1,271,64,137,163,273,296,88,27,10,59,81,145,5,52,0,0,88,37,0,9,184,82,16,63,0,4,0,28,39,11,539,0,0,0,86,12,33,3,12,9,4422,1803,1442,1504,924,243,156,47,1050,93,51,80,0,96,3,393,232,299,37,36,18,14,24,2,706,21,185,110,0,116,118,142,33,71,170,145,231,0,9,11,54,24,16,10,0,39,10,55,14,41,48,0,23,46,6,28,86,58,0,32,65,0,3,15,0,27,36,15,15,25,32,46,19,15,15,4,0,23,37,26,34,0,36,28,7,7,16,9,1,106,31,5,14,55,1,0,58,27,16,23,2,18,0,15,0,0,69,0,3,3,25,0,0,0,0,0,0,1,1,1,2,0,0,0,0,0,16,0,1,0,0,0,0,0,0,0,0,16,0,0,0,0,0,0,0,0,0,0,0,0,0,0,0,0,0,1,1,1,2,0,0,0,0,0,16,0,1,0,0,0,0,0,0,0,0,16,0,0,0,0,0,0,0,0,0,0,0,2,0,0,0,0,0,0,0,0,0,0,0,0,0,0,0,0,0,0,0,0,0,0,0,0,0,0,0,0,0,0,0,0,0,0,0,0,0,0,0,0,0,0,0,0,0,0,0,0,0,0,0,0,0,0,0,0,0,0,0,0,0,0,0,0,0,0,0,0,0,0,0,0,0,0,0,0,0,0,0,0,0,0,0,2,0,0,0,0,0,0,0,0,0,0,0,0,0,0,0,0,0,0,0,0,0,0,0,0,0,0,0,0,0,0,0,0,0,0,0,0,0,0,0,0,0,0,0,0,0,0,0,0,0,0,0,0,0,0,0,0,0,0,0,0,0,0,0,0,0,0,0,0,0,0,0,0,0,0,0,0,0,0,0,0,0,0,0,0,0,0,0,0,0,0,0,0,0,0,0,0,0
SRR8556955,31877,750,344,466,217,348,444,89,250,257,57,22,27,50,7,403,157,275,1304,846,607,309,206,519,129,186,297,44,10,215,39,23,224,98,127,7,135,106,233,57,36,36,30,6,163,130,74,0,39,23,602,1,206,7,598,175,61,138,23,63,70,376,54,73,337,2,124,16,7,975,8,10,43,24,15,446,4,323,3,510,104,237,276,534,570,135,48,26,109,194,198,0,107,0,0,226,100,3,3,296,160,0,71,2,3,2,47,62,9,1043,6,4,6,167,14,62,2,0,20,8125,3121,2646,2614,1573,474,324,58,1866,203,151,129,0,110,8,549,534,521,47,44,90,33,48,6,1522,48,257,193,5,340,188,271,64,152,346,395,427,0,8,14,49,21,33,10,0,111,3,68,46,27,87,0,48,58,5,23,152,94,0,75,112,0,4,45,0,57,61,45,45,62,32,40,16,45,45,9,1,56,78,69,44,0,75,12,17,4,5,6,3,92,56,4,13,98,2,3,117,71,47,62,8,27,0,45,1,0,114,0,4,2,78,750,344,466,217,348,444,89,250,257,57,22,27,50,7,403,157,275,1304,846,607,309,206,519,129,186,297,44,10,215,39,23,224,98,127,7,135,106,233,57,36,36,30,6,163,130,74,0,39,23,602,1,206,7,598,175,61,138,23,63,70,376,54,73,337,2,124,16,7,975,8,10,43,24,15,446,4,323,3,510,104,237,276,534,570,135,48,26,109,194,198,0,107,0,0,226,100,3,3,296,160,0,71,2,3,2,47,62,9,1043,6,4,6,167,14,62,2,0,20,8125,3121,2646,2614,1573,474,324,58,1866,203,151,129,0,110,8,549,534,521,47,44,90,33,48,6,1522,48,257,193,5,340,188,271,64,152,346,395,427,0,8,14,49,21,33,10,0,111,3,68,46,27,87,0,48,58,5,23,152,94,0,75,112,0,4,45,0,57,61,45,45,62,32,40,16,45,45,9,1,56,78,69,44,0,75,12,17,4,5,6,3,92,56,4,13,98,2,3,117,71,47,62,8,27,0,45,1,0,114,0,4,2,78,0,0,0,0,2,2,1,1,1,0,0,0,0,0,0,17,0,11,0,0,0,0,0,0,0,0,17,0,0,0,0,0,0,0,0,0,0,0,0,0,0,0,2,2,1,1,1,0,0,0,0,0,0,17,0,11,0,0,0,0,0,0,0,0,17,0,0,0,0,0,0,0,0,0,0,0,0,0,0,0,0,0,0,0,0,0,0,0,0,0,0,0,0,0,0,0,0,0,0,0,0,0,0,0,0,0,0,0,0,0,0,0,0,0,0,0,0,0,0,0,0,0,0,0,0,0,0,0,0,0,0,0,0,0,0,0,0,0,0,0,0,0,0,0,0,0,2,5,0,0,0,0,0,0,0,0,0,0,0,0,0,0,0,0,0,0,0,0,0,0,0,0,0,0,0,0,0,0,0,0,0,0,0,0,0,0,0,0,0,0,0,0,0,0,0,0,0,0,0,0,0,0,0,0,0,0,0,0,0,0,0,0,0,0,0,0,0,0,0,0,0,0,0,0,0,0,0,0,0,0,2,5,0,0,0,0,0,0,0,0,0,0,0,0,2,0,0,0,0,0,0,2,0,0,0,0,0,0
SRR8556963,29234,633,333,331,260,316,504,78,313,155,25,7,18,34,9,345,147,316,903,504,550,195,100,318,144,127,179,23,1,209,4,19,243,92,121,1,76,59,228,61,64,28,41,6,110,160,74,0,16,12,444,5,392,34,497,141,29,124,10,42,176,204,123,52,200,0,245,65,34,857,15,18,13,13,12,431,1,301,0,369,91,242,201,507,396,71,17,8,107,90,289,3,73,0,3,118,37,0,29,337,107,45,110,0,2,0,53,67,7,780,3,0,3,104,9,32,5,0,4,6803,2679,2069,2079,1304,343,349,97,1554,117,82,160,0,154,3,478,377,493,86,27,50,25,25,9,932,26,214,88,0,187,179,227,82,83,202,191,301,0,12,17,83,61,78,13,0,65,7,38,12,57,123,0,17,27,0,71,130,122,1,70,84,0,8,13,0,36,53,13,13,63,43,60,18,13,14,1,0,56,63,63,25,0,43,18,15,0,30,12,0,222,29,7,21,59,1,0,74,65,14,57,12,7,0,13,0,0,73,0,8,7,27,633,333,331,260,316,504,78,313,155,25,7,18,34,9,345,147,316,903,504,550,195,100,318,144,127,179,23,1,209,4,19,243,92,121,1,76,59,228,61,64,28,41,6,110,160,74,0,16,12,444,5,392,34,497,141,29,124,10,42,176,204,123,52,200,0,245,65,34,857,15,18,13,13,12,431,1,301,0,369,91,242,201,507,396,71,17,8,107,90,289,3,73,0,3,118,37,0,29,337,107,45,110,0,2,0,53,67,7,780,3,0,3,104,9,32,5,0,4,6803,2679,2069,2079,1304,343,349,97,1554,117,82,160,0,154,3,478,377,493,86,27,50,25,25,9,932,26,214,88,0,187,179,227,82,83,202,191,301,0,12,17,83,61,78,13,0,65,7,38,12,57,123,0,17,27,0,71,130,122,1,70,84,0,8,13,0,36,53,13,13,63,43,60,18,13,14,1,0,56,63,63,25,0,43,18,15,0,30,12,0,222,29,7,21,59,1,0,74,65,14,57,12,7,0,13,0,0,73,0,8,7,27,0,0,0,0,0,0,0,0,0,0,0,0,1,0,0,53,1,1,0,0,0,0,0,0,1,0,52,0,1,0,0,0,0,0,1,0,0,0,0,0,0,0,0,0,0,0,0,0,0,0,1,0,0,53,1,1,0,0,0,0,0,0,1,0,52,0,1,0,0,0,0,0,1,0,0,0,0,0,0,0,0,0,0,0,0,0,0,0,0,0,0,0,0,0,0,0,0,0,0,0,0,0,0,0,0,0,0,0,0,0,0,0,0,0,0,0,0,0,0,0,0,0,0,0,0,0,0,0,0,0,0,0,0,0,0,0,0,0,0,0,0,0,0,0,0,0,0,0,0,0,0,0,0,0,0,0,0,0,0,0,0,0,0,0,0,0,0,0,0,0,0,0,0,0,0,0,0,0,0,0,0,0,0,0,0,0,0,0,0,0,0,0,0,0,0,0,0,0,0,0,0,0,0,0,0,0,0,0,0,0,0,0,0,0,0,0,0,0,0,0,0,0,0,0,0,0,0,0,0,0,0,0,0,0,0,0,0,0,0,0,0,0,0,0,0,0,0,0,0,0,0,0,0,0,0,0,0,0
SRR8556968,21569,548,305,351,143,308,363,31,246,118,10,24,28,19,2,288,108,258,898,607,432,231,195,347,56,99,224,12,0,156,5,17,142,64,76,4,29,30,177,41,12,55,44,7,167,147,116,1,17,27,396,0,203,21,434,110,36,65,21,39,72,243,41,52,109,3,119,42,21,732,1,2,15,8,16,250,3,222,0,320,56,218,240,405,442,97,28,15,76,136,185,0,66,0,0,134,58,0,12,183,103,0,94,0,4,0,34,46,6,751,0,0,10,132,8,49,2,4,15,5786,2193,1798,1849,1181,303,247,17,1290,114,68,98,0,119,1,446,318,472,28,45,62,34,58,0,849,24,268,137,0,164,217,234,90,123,192,203,264,0,4,9,43,15,21,10,0,89,1,49,37,42,80,0,40,57,1,17,169,80,3,96,104,0,4,32,0,45,37,32,32,101,37,52,26,32,32,2,3,88,44,24,61,4,104,23,6,0,20,4,0,129,34,3,4,96,4,0,164,25,38,21,0,12,4,32,1,0,82,8,4,5,69,548,305,351,143,308,363,31,246,118,10,24,28,19,2,288,108,258,898,607,432,231,195,347,56,99,224,12,0,156,5,17,142,64,76,4,29,30,177,41,12,55,44,7,167,147,116,1,17,27,396,0,203,21,434,110,36,65,21,39,72,243,41,52,109,3,119,42,21,732,1,2,15,8,16,250,3,222,0,320,56,218,240,405,442,97,28,15,76,136,185,0,66,0,0,134,58,0,12,183,103,0,94,0,4,0,34,46,6,751,0,0,10,132,8,49,2,4,15,5786,2193,1798,1849,1181,303,247,17,1290,114,68,98,0,119,1,446,318,472,28,45,62,34,58,0,849,24,268,137,0,164,217,234,90,123,192,203,264,0,4,9,43,15,21,10,0,89,1,49,37,42,80,0,40,57,1,17,169,80,3,96,104,0,4,32,0,45,37,32,32,101,37,52,26,32,32,2,3,88,44,24,61,4,104,23,6,0,20,4,0,129,34,3,4,96,4,0,164,25,38,21,0,12,4,32,1,0,82,8,4,5,69,0,0,0,0,1,1,0,0,0,0,0,0,0,0,0,13,0,1,0,0,0,0,0,0,0,0,12,0,0,0,0,0,0,0,0,0,0,0,0,0,0,0,1,1,0,0,0,0,0,0,0,0,0,13,0,1,0,0,0,0,0,0,0,0,12,0,0,0,0,0,0,0,0,0,0,0,0,0,0,0,0,0,0,0,0,0,0,0,0,0,0,0,0,0,0,0,0,0,0,0,0,0,0,0,0,0,0,0,0,0,0,0,0,0,0,0,0,0,0,0,0,7,0,0,0,0,0,0,0,0,0,0,0,0,0,0,0,0,0,1,0,7,0,0,0,0,0,0,0,0,0,0,0,0,0,0,0,0,0,0,0,0,0,0,0,0,0,0,0,0,0,0,0,0,0,0,0,0,0,0,0,0,0,0,0,0,0,0,0,0,0,0,0,0,0,0,0,0,0,0,0,0,0,0,0,7,0,0,0,0,0,0,0,0,0,0,0,0,0,0,0,0,0,1,0,7,0,0,0,0,0,0,0,0,0,0,0,0,0,0,0,0,0,0,0,0,0,0,7,7,7,0,0,0,0,7,7,7
SRR8556971,18367,439,300,253,161,268,269,42,124,64,3,19,22,37,12,310,131,186,586,368,392,254,168,293,39,95,176,5,0,198,10,12,143,75,54,0,19,36,172,48,31,40,15,7,71,128,38,0,23,23,283,3,211,35,291,61,15,70,5,55,173,130,36,17,93,2,143,32,35,482,5,6,14,11,17,306,3,154,1,268,66,171,191,298,421,79,13,6,61,76,141,2,42,0,2,55,21,2,5,260,61,3,87,0,4,0,45,54,3,449,2,2,2,62,9,23,3,13,7,4471,1851,1549,1555,1011,252,126,38,1117,102,45,125,0,106,2,271,210,219,41,29,12,8,10,2,765,27,170,104,1,114,96,106,41,81,133,136,245,0,15,12,23,29,38,6,19,58,2,37,11,55,74,0,15,43,3,33,97,77,1,38,45,0,1,8,0,17,19,8,8,45,35,44,15,8,8,0,1,40,23,13,17,0,43,13,4,4,8,15,0,115,12,1,15,36,2,0,61,14,9,12,3,28,0,8,0,0,51,22,1,9,21,439,300,253,161,268,269,42,124,64,3,19,22,37,12,310,131,186,586,368,392,254,168,293,39,95,176,5,0,198,10,12,143,75,54,0,19,36,172,48,31,40,15,7,71,128,38,0,23,23,283,3,211,35,291,61,15,70,5,55,173,130,36,17,93,2,143,32,35,482,5,6,14,11,17,306,3,154,1,268,66,171,191,298,421,79,13,6,61,76,141,2,42,0,2,55,21,2,5,260,61,3,87,0,4,0,45,54,3,449,2,2,2,62,9,23,3,13,7,4471,1851,1549,1555,1011,252,126,38,1117,102,45,125,0,106,2,271,210,219,41,29,12,8,10,2,765,27,170,104,1,114,96,106,41,81,133,136,245,0,15,12,23,29,38,6,19,58,2,37,11,55,74,0,15,43,3,33,97,77,1,38,45,0,1,8,0,17,19,8,8,45,35,44,15,8,8,0,1,40,23,13,17,0,43,13,4,4,8,15,0,115,12,1,15,36,2,0,61,14,9,12,3,28,0,8,0,0,51,22,1,9,21,1,0,0,0,0,0,1,1,1,0,0,0,0,0,0,14,0,0,0,0,0,0,0,0,0,0,13,0,1,0,3,0,0,0,0,0,0,0,1,0,0,0,0,0,1,1,1,0,0,0,0,0,0,14,0,0,0,0,0,0,0,0,0,0,13,0,1,0,3,0,0,0,0,0,0,0,0,0,0,0,0,0,0,0,0,0,0,0,0,0,0,0,0,0,0,0,0,0,0,0,0,0,0,0,0,0,0,0,0,0,0,0,0,0,0,0,0,0,0,0,0,0,0,0,0,0,0,0,0,0,0,0,0,0,0,0,0,0,0,0,0,0,0,0,0,0,0,2,0,0,0,0,0,0,0,0,0,0,0,0,0,0,0,0,0,0,0,0,0,0,0,0,0,0,0,0,0,0,0,0,0,0,0,0,0,0,0,0,0,0,0,0,0,0,0,0,0,0,0,0,0,0,0,0,0,0,0,0,0,0,0,0,0,0,0,0,0,0,0,0,0,0,0,0,0,0,0,0,0,0,0,2,0,0,0,0,0,0,0,0,0,0,0,0,0,0,0,0,0,0,0,0,0,0,0,0,0,0
SRR8556980,24086,589,304,397,178,316,425,56,170,154,18,7,9,30,2,341,133,273,992,670,429,252,136,312,115,121,184,28,0,152,17,23,184,51,52,0,72,43,221,36,53,37,34,4,145,124,82,1,16,17,345,0,286,22,399,91,14,100,6,35,116,193,104,54,123,1,189,58,22,961,19,24,13,6,11,377,2,286,0,311,86,182,242,438,384,100,30,12,95,111,174,2,72,0,0,122,52,1,10,256,72,34,81,0,0,0,26,36,8,718,1,2,0,121,8,30,2,0,7,6362,2415,1906,1924,1231,327,198,93,1489,106,56,114,0,102,4,469,388,503,62,17,34,21,17,4,822,37,238,123,4,241,165,261,131,174,231,236,340,0,8,11,55,28,46,11,0,77,4,49,21,50,113,0,22,57,1,32,99,72,1,84,67,0,6,17,0,37,40,17,17,113,37,55,12,17,17,5,1,98,40,37,25,9,53,32,6,9,12,8,0,75,27,3,16,47,6,0,78,38,28,33,4,29,9,17,1,0,90,0,6,9,47,589,304,397,178,316,425,56,170,154,18,7,9,30,2,341,133,273,992,670,429,252,136,312,115,121,184,28,0,152,17,23,184,51,52,0,72,43,221,36,53,37,34,4,145,124,82,1,16,17,345,0,286,22,399,91,14,100,6,35,116,193,104,54,123,1,189,58,22,961,19,24,13,6,11,377,2,286,0,311,86,182,242,438,384,100,30,12,95,111,174,2,72,0,0,122,52,1,10,256,72,34,81,0,0,0,26,36,8,718,1,2,0,121,8,30,2,0,7,6362,2415,1906,1924,1231,327,198,93,1489,106,56,114,0,102,4,469,388,503,62,17,34,21,17,4,822,37,238,123,4,241,165,261,131,174,231,236,340,0,8,11,55,28,46,11,0,77,4,49,21,50,113,0,22,57,1,32,99,72,1,84,67,0,6,17,0,37,40,17,17,113,37,55,12,17,17,5,1,98,40,37,25,9,53,32,6,9,12,8,0,75,27,3,16,47,6,0,78,38,28,33,4,29,9,17,1,0,90,0,6,9,47,0,0,0,0,0,0,0,0,0,0,0,0,0,0,0,22,0,2,0,0,0,0,0,1,0,0,21,0,2,0,0,0,0,0,0,0,0,0,0,0,0,0,0,0,0,0,0,0,0,0,0,0,0,22,0,2,0,0,0,0,0,1,0,0,21,0,2,0,0,0,0,0,0,0,0,0,0,0,0,0,0,0,0,0,0,0,0,0,0,0,0,0,0,0,0,0,0,0,0,0,0,0,0,0,0,0,0,0,0,0,0,0,0,0,0,0,0,0,0,0,0,0,0,0,0,0,0,0,0,0,0,0,0,0,0,0,0,0,0,0,0,0,0,0,0,0,0,1,0,0,0,0,0,0,0,0,0,0,0,0,0,0,0,0,0,0,0,0,0,0,0,0,0,0,0,0,0,0,0,0,0,0,0,0,0,0,0,0,0,0,0,0,0,0,0,0,0,0,0,0,0,0,0,0,0,0,0,0,0,0,0,0,0,0,0,0,0,0,0,0,0,0,0,0,0,0,0,0,0,0,0,1,0,0,0,0,0,0,0,0,0,0,0,0,0,0,0,0,0,0,0,0,0,0,0,0,0,0
SRR8556982,26374,600,347,378,182,302,410,36,187,179,42,23,28,31,3,326,135,290,1075,691,541,234,185,361,89,120,216,38,2,211,25,13,191,76,84,2,64,79,236,53,53,40,25,3,114,133,107,0,15,23,494,0,207,4,412,104,15,115,8,46,88,193,37,50,172,5,121,14,4,672,0,0,27,25,19,409,1,320,0,433,72,183,191,435,441,128,40,14,88,124,184,2,56,0,4,152,64,0,7,273,112,2,82,1,1,1,39,49,7,799,4,0,4,139,4,31,0,0,3,6199,2494,2089,1983,1293,353,247,28,1458,108,69,119,0,112,2,420,328,428,64,67,55,24,39,6,1012,35,242,212,0,189,117,222,85,122,233,184,254,1,5,8,35,15,17,10,5,76,6,64,39,14,80,0,47,43,2,18,136,77,1,79,127,0,1,36,0,46,50,36,36,89,42,56,41,36,37,1,5,79,48,14,55,0,64,49,3,0,17,5,0,78,32,3,21,65,3,0,121,15,38,13,7,25,0,36,1,0,61,10,1,9,66,600,347,378,182,302,410,36,187,179,42,23,28,31,3,326,135,290,1075,691,541,234,185,361,89,120,216,38,2,211,25,13,191,76,84,2,64,79,236,53,53,40,25,3,114,133,107,0,15,23,494,0,207,4,412,104,15,115,8,46,88,193,37,50,172,5,121,14,4,672,0,0,27,25,19,409,1,320,0,433,72,183,191,435,441,128,40,14,88,124,184,2,56,0,4,152,64,0,7,273,112,2,82,1,1,1,39,49,7,799,4,0,4,139,4,31,0,0,3,6199,2494,2089,1983,1293,353,247,28,1458,108,69,119,0,112,2,420,328,428,64,67,55,24,39,6,1012,35,242,212,0,189,117,222,85,122,233,184,254,1,5,8,35,15,17,10,5,76,6,64,39,14,80,0,47,43,2,18,136,77,1,79,127,0,1,36,0,46,50,36,36,89,42,56,41,36,37,1,5,79,48,14,55,0,64,49,3,0,17,5,0,78,32,3,21,65,3,0,121,15,38,13,7,25,0,36,1,0,61,10,1,9,66,0,0,0,0,0,0,0,0,0,0,0,0,1,0,0,12,0,2,0,0,0,0,0,0,0,0,12,0,4,0,4,0,0,0,0,0,0,0,0,0,0,0,0,0,0,0,0,0,0,0,1,0,0,12,0,2,0,0,0,0,0,0,0,0,12,0,4,0,4,0,0,0,0,0,0,0,0,0,0,0,0,0,0,0,0,0,0,0,0,0,0,0,0,0,0,0,0,0,0,0,0,0,0,0,0,0,0,0,0,0,0,0,0,0,0,0,0,0,0,0,0,0,0,0,0,0,0,0,0,0,0,0,0,0,0,0,0,0,0,0,0,0,0,0,0,0,0,0,0,0,0,0,0,0,0,0,0,0,0,0,0,0,0,0,0,0,0,0,0,0,0,0,0,0,0,0,0,0,0,0,0,0,0,0,0,0,0,0,0,0,0,0,0,0,0,0,0,0,0,0,0,0,0,0,0,0,0,0,0,0,0,0,0,0,0,0,0,0,0,0,0,0,0,0,0,0,0,0,0,0,0,0,0,0,0,0,0,0,0,0,0,0,0,0,0,0,0,0,0,0,0,0,0,0,0,0,0,0
SRR8556984,20372,475,262,282,145,248,344,36,179,96,11,13,15,22,4,313,105,212,958,722,351,215,86,286,56,92,129,12,4,171,14,31,256,66,72,0,26,31,231,53,49,36,18,8,109,130,34,0,22,29,370,2,215,21,354,83,25,75,12,58,77,133,59,26,116,4,163,58,21,793,0,0,12,10,22,289,1,186,4,243,71,159,197,356,274,85,27,3,114,75,144,2,73,0,0,85,55,1,5,192,76,0,78,0,13,0,37,47,4,632,2,1,1,107,6,25,1,0,13,5585,2086,1500,1603,956,242,193,22,1294,95,63,93,0,71,4,344,280,332,70,26,20,30,17,3,910,28,232,97,0,376,121,164,75,335,490,166,496,0,3,12,51,25,22,8,0,70,2,76,10,64,89,0,17,32,5,29,111,83,4,66,59,0,6,11,0,21,27,10,10,82,41,53,14,10,11,3,4,72,38,33,19,0,72,13,7,5,6,3,1,88,30,1,25,68,0,0,82,34,11,30,4,19,0,10,1,0,52,0,6,21,24,475,262,282,145,248,344,36,179,96,11,13,15,22,4,313,105,212,958,722,351,215,86,286,56,92,129,12,4,171,14,31,256,66,72,0,26,31,231,53,49,36,18,8,109,130,34,0,22,29,370,2,215,21,354,83,25,75,12,58,77,133,59,26,116,4,163,58,21,793,0,0,12,10,22,289,1,186,4,243,71,159,197,356,274,85,27,3,114,75,144,2,73,0,0,85,55,1,5,192,76,0,78,0,13,0,37,47,4,632,2,1,1,107,6,25,1,0,13,5585,2086,1500,1603,956,242,193,22,1294,95,63,93,0,71,4,344,280,332,70,26,20,30,17,3,910,28,232,97,0,376,121,164,75,335,490,166,496,0,3,12,51,25,22,8,0,70,2,76,10,64,89,0,17,32,5,29,111,83,4,66,59,0,6,11,0,21,27,10,10,82,41,53,14,10,11,3,4,72,38,33,19,0,72,13,7,5,6,3,1,88,30,1,25,68,0,0,82,34,11,30,4,19,0,10,1,0,52,0,6,21,24,0,0,0,0,0,0,0,0,0,0,0,0,0,0,0,26,9,1,0,0,0,0,0,0,9,0,25,0,4,0,0,0,0,0,9,0,0,0,0,0,0,0,0,0,0,0,0,0,0,0,0,0,0,26,9,1,0,0,0,0,0,0,9,0,25,0,4,0,0,0,0,0,9,0,0,0,0,0,0,0,0,0,0,0,0,0,0,0,0,0,0,0,0,0,0,0,0,0,0,0,0,0,0,0,0,0,0,0,0,0,0,0,0,0,0,0,0,0,0,0,0,0,0,0,0,0,0,0,0,0,0,0,0,0,0,0,0,0,0,0,0,0,0,0,0,0,0,6,0,0,0,0,0,0,0,0,0,0,0,0,0,0,0,0,0,0,0,0,0,0,0,0,0,0,0,0,0,0,0,0,0,0,0,0,0,0,0,0,0,0,0,0,0,0,0,0,0,0,0,0,0,0,0,0,0,0,0,0,0,0,0,0,0,0,0,0,0,0,0,0,0,0,0,0,0,0,0,0,0,0,0,6,0,0,0,0,0,0,0,0,0,0,0,0,0,0,0,0,0,0,0,0,0,0,0,0,0,0
SRR8556985,22315,469,287,283,164,253,297,35,233,240,41,15,18,20,4,338,169,250,945,666,389,206,140,307,94,127,158,30,0,128,11,18,137,59,70,1,68,70,167,31,31,31,26,8,129,106,66,0,18,25,397,0,180,7,387,88,32,44,19,24,69,178,68,62,257,1,123,22,7,826,1,1,24,18,14,328,7,242,0,402,71,137,203,371,433,85,46,11,106,155,125,0,95,0,0,120,99,1,3,219,105,16,75,0,5,0,23,37,5,687,0,1,0,153,7,53,2,0,20,5969,2251,1719,1885,1104,305,280,40,1239,68,60,57,0,102,7,359,414,514,46,37,96,48,30,7,918,27,234,150,0,218,175,241,99,156,262,214,322,0,8,16,55,17,38,6,0,78,2,63,35,32,104,0,47,23,5,19,96,59,2,78,103,0,3,37,0,49,55,37,37,98,38,44,19,37,37,1,1,86,43,25,35,5,38,24,8,9,10,7,1,103,18,5,16,66,3,0,79,26,45,23,9,19,5,37,0,0,40,0,3,3,61,469,287,283,164,253,297,35,233,240,41,15,18,20,4,338,169,250,945,666,389,206,140,307,94,127,158,30,0,128,11,18,137,59,70,1,68,70,167,31,31,31,26,8,129,106,66,0,18,25,397,0,180,7,387,88,32,44,19,24,69,178,68,62,257,1,123,22,7,826,1,1,24,18,14,328,7,242,0,402,71,137,203,371,433,85,46,11,106,155,125,0,95,0,0,120,99,1,3,219,105,16,75,0,5,0,23,37,5,687,0,1,0,153,7,53,2,0,20,5969,2251,1719,1885,1104,305,280,40,1239,68,60,57,0,102,7,359,414,514,46,37,96,48,30,7,918,27,234,150,0,218,175,241,99,156,262,214,322,0,8,16,55,17,38,6,0,78,2,63,35,32,104,0,47,23,5,19,96,59,2,78,103,0,3,37,0,49,55,37,37,98,38,44,19,37,37,1,1,86,43,25,35,5,38,24,8,9,10,7,1,103,18,5,16,66,3,0,79,26,45,23,9,19,5,37,0,0,40,0,3,3,61,5,0,0,0,0,0,0,0,0,0,0,0,0,0,0,12,0,2,0,0,0,0,0,0,0,0,11,0,1,0,0,0,0,0,0,0,0,0,5,0,0,0,0,0,0,0,0,0,0,0,0,0,0,12,0,2,0,0,0,0,0,0,0,0,11,0,1,0,0,0,0,0,0,0,0,0,0,0,0,0,0,0,0,0,0,0,0,0,0,0,0,0,0,0,0,0,0,0,0,0,0,0,0,0,0,0,0,0,0,0,0,0,0,0,0,0,0,0,0,0,0,0,0,0,0,0,0,0,0,0,0,0,0,0,0,0,0,0,0,0,0,0,0,0,0,0,1,0,0,0,0,0,0,0,0,0,0,0,0,0,0,0,0,0,0,0,0,0,0,0,0,0,0,0,0,0,0,0,0,0,0,0,0,0,0,0,0,0,0,0,0,0,0,0,0,0,0,0,0,0,0,0,0,0,0,0,0,0,0,0,0,0,0,0,0,0,0,0,0,0,0,0,0,0,0,0,0,0,0,0,1,0,0,0,0,0,0,0,0,0,0,0,0,0,1,0,0,0,0,0,0,1,0,0,0,0,0,0
SRR8556989,22006,632,335,273,138,205,309,35,221,139,3,10,15,24,2,315,65,266,733,447,452,208,136,357,69,97,164,8,0,137,13,20,172,63,94,0,51,15,156,46,30,47,36,2,94,125,75,0,10,38,373,0,202,21,357,93,21,107,11,34,92,142,101,50,122,3,140,59,21,1672,14,17,9,8,19,343,2,211,2,364,69,178,185,471,446,88,30,12,77,86,149,8,52,0,0,133,26,1,5,252,125,30,96,1,5,1,38,48,5,728,2,1,1,135,11,43,4,25,4,6839,2227,1875,1765,1265,291,238,69,1330,91,56,102,0,97,6,400,282,305,36,45,23,18,14,0,861,14,149,107,0,121,79,183,118,100,187,163,204,0,4,11,54,34,18,12,0,92,1,49,14,46,125,0,12,5,3,39,126,98,2,98,80,0,9,12,0,35,30,12,12,116,46,64,12,12,12,1,2,101,50,48,21,0,66,27,7,0,26,4,0,141,30,6,3,86,1,0,94,49,12,43,0,18,0,12,0,0,45,0,9,2,38,632,335,273,138,205,309,35,221,139,3,10,15,24,2,315,65,266,733,447,452,208,136,357,69,97,164,8,0,137,13,20,172,63,94,0,51,15,156,46,30,47,36,2,94,125,75,0,10,38,373,0,202,21,357,93,21,107,11,34,92,142,101,50,122,3,140,59,21,1672,14,17,9,8,19,343,2,211,2,364,69,178,185,471,446,88,30,12,77,86,149,8,52,0,0,133,26,1,5,252,125,30,96,1,5,1,38,48,5,728,2,1,1,135,11,43,4,25,4,6839,2227,1875,1765,1265,291,238,69,1330,91,56,102,0,97,6,400,282,305,36,45,23,18,14,0,861,14,149,107,0,121,79,183,118,100,187,163,204,0,4,11,54,34,18,12,0,92,1,49,14,46,125,0,12,5,3,39,126,98,2,98,80,0,9,12,0,35,30,12,12,116,46,64,12,12,12,1,2,101,50,48,21,0,66,27,7,0,26,4,0,141,30,6,3,86,1,0,94,49,12,43,0,18,0,12,0,0,45,0,9,2,38,0,0,0,0,0,0,1,1,1,0,0,0,0,0,0,34,1,2,0,0,0,0,0,0,1,0,33,0,1,0,8,0,0,0,1,0,0,0,0,0,0,0,0,0,1,1,1,0,0,0,0,0,0,34,1,2,0,0,0,0,0,0,1,0,33,0,1,0,8,0,0,0,1,0,0,0,0,0,0,0,0,0,0,0,0,0,0,0,0,0,0,0,0,0,0,0,0,0,0,0,0,0,0,0,0,0,0,0,0,0,0,0,0,0,0,0,0,0,0,0,0,0,0,0,0,0,0,0,0,0,0,0,0,0,0,0,0,0,0,0,0,0,0,0,0,0,0,2,0,0,0,0,0,0,0,0,0,0,0,0,0,0,0,0,0,0,0,0,0,0,0,0,0,0,0,0,0,0,0,0,0,0,0,0,0,0,0,0,0,0,0,0,0,0,0,0,0,0,0,0,0,0,0,0,0,0,0,0,0,0,0,0,0,0,0,0,0,0,0,0,0,0,0,0,0,0,0,0,0,0,0,2,0,0,0,0,0,0,0,0,0,0,0,0,0,0,0,0,0,0,0,0,0,0,0,0,0,0
SRR8556994,14597,319,224,154,66,116,247,36,124,103,15,5,6,38,3,241,40,127,498,337,284,121,56,185,36,51,66,18,0,71,7,17,121,49,52,0,32,80,133,31,9,36,37,2,54,84,37,0,5,32,304,1,122,28,317,91,31,94,13,32,54,85,44,35,51,4,78,50,28,345,0,0,6,7,11,232,1,167,0,224,44,176,101,232,288,41,37,5,103,61,81,2,48,0,0,76,46,0,7,151,51,0,48,0,0,0,20,31,6,351,0,0,0,63,2,21,4,0,32,3426,1466,1132,1202,781,140,145,9,749,85,12,67,0,76,2,216,195,225,12,29,24,14,2,2,555,22,100,100,0,102,72,109,78,40,105,137,187,0,23,20,22,49,25,7,3,31,1,41,8,52,120,0,19,13,0,57,97,74,0,56,51,0,7,9,0,15,16,8,8,81,38,48,13,8,9,5,4,70,33,27,25,0,36,9,14,4,9,23,0,80,7,1,6,52,0,0,36,27,9,24,2,6,0,8,3,0,22,3,7,4,22,319,224,154,66,116,247,36,124,103,15,5,6,38,3,241,40,127,498,337,284,121,56,185,36,51,66,18,0,71,7,17,121,49,52,0,32,80,133,31,9,36,37,2,54,84,37,0,5,32,304,1,122,28,317,91,31,94,13,32,54,85,44,35,51,4,78,50,28,345,0,0,6,7,11,232,1,167,0,224,44,176,101,232,288,41,37,5,103,61,81,2,48,0,0,76,46,0,7,151,51,0,48,0,0,0,20,31,6,351,0,0,0,63,2,21,4,0,32,3426,1466,1132,1202,781,140,145,9,749,85,12,67,0,76,2,216,195,225,12,29,24,14,2,2,555,22,100,100,0,102,72,109,78,40,105,137,187,0,23,20,22,49,25,7,3,31,1,41,8,52,120,0,19,13,0,57,97,74,0,56,51,0,7,9,0,15,16,8,8,81,38,48,13,8,9,5,4,70,33,27,25,0,36,9,14,4,9,23,0,80,7,1,6,52,0,0,36,27,9,24,2,6,0,8,3,0,22,3,7,4,22,0,0,0,0,0,0,0,0,0,0,0,0,1,0,0,21,0,0,0,0,0,0,0,0,0,0,21,0,0,0,2,0,0,0,0,0,0,0,0,0,0,0,0,0,0,0,0,0,0,0,1,0,0,21,0,0,0,0,0,0,0,0,0,0,21,0,0,0,2,0,0,0,0,0,0,0,0,0,0,0,0,0,0,0,0,0,0,0,0,0,0,0,0,0,0,0,0,0,0,0,0,0,0,0,0,0,0,0,0,0,0,0,0,0,0,0,0,0,0,0,0,0,0,0,0,0,0,0,0,0,0,0,0,0,0,0,0,0,0,0,0,0,0,0,0,0,0,0,0,0,0,0,0,0,0,0,0,0,0,0,0,0,0,0,0,0,0,0,0,0,0,0,0,0,0,0,0,0,0,0,0,0,0,0,0,0,0,0,0,0,0,0,0,0,0,0,0,0,0,0,0,0,0,0,0,0,0,0,0,0,0,0,0,0,0,0,0,0,0,0,0,0,0,0,0,0,0,0,0,0,0,0,0,0,0,0,0,0,0,0,0,0,0,0,0,0,0,0,0,0,0,0,0,0,0,0,0,0
SRR8557002,15932,385,261,207,68,164,240,28,145,121,22,16,20,18,2,235,72,107,615,460,239,130,61,188,46,60,118,23,1,78,7,33,102,32,38,0,43,32,93,21,10,20,24,2,77,83,63,1,12,28,278,0,121,6,320,115,58,69,31,43,41,132,33,19,94,0,111,27,6,367,0,0,14,15,15,180,6,148,1,291,34,132,133,268,321,70,9,12,96,54,59,0,42,0,5,98,49,0,7,119,61,0,49,0,4,0,14,18,4,559,4,0,4,80,8,17,1,0,6,3703,1454,1198,1279,889,158,170,17,753,62,58,75,0,70,2,279,239,242,11,31,16,18,29,5,622,18,196,109,0,196,62,87,62,85,123,214,245,0,0,5,30,15,4,8,0,108,3,41,22,24,63,0,24,17,2,18,123,67,7,57,68,0,7,19,2,29,36,19,19,65,20,32,19,19,19,0,0,57,40,37,26,1,87,17,11,2,6,0,0,111,21,5,17,82,0,0,111,32,22,28,7,15,1,19,5,0,43,0,7,3,26,385,261,207,68,164,240,28,145,121,22,16,20,18,2,235,72,107,615,460,239,130,61,188,46,60,118,23,1,78,7,33,102,32,38,0,43,32,93,21,10,20,24,2,77,83,63,1,12,28,278,0,121,6,320,115,58,69,31,43,41,132,33,19,94,0,111,27,6,367,0,0,14,15,15,180,6,148,1,291,34,132,133,268,321,70,9,12,96,54,59,0,42,0,5,98,49,0,7,119,61,0,49,0,4,0,14,18,4,559,4,0,4,80,8,17,1,0,6,3703,1454,1198,1279,889,158,170,17,753,62,58,75,0,70,2,279,239,242,11,31,16,18,29,5,622,18,196,109,0,196,62,87,62,85,123,214,245,0,0,5,30,15,4,8,0,108,3,41,22,24,63,0,24,17,2,18,123,67,7,57,68,0,7,19,2,29,36,19,19,65,20,32,19,19,19,0,0,57,40,37,26,1,87,17,11,2,6,0,0,111,21,5,17,82,0,0,111,32,22,28,7,15,1,19,5,0,43,0,7,3,26,0,0,0,0,0,0,0,0,0,0,0,0,1,0,0,18,8,0,0,0,0,0,0,0,8,0,18,0,5,0,0,0,0,0,8,0,0,0,0,0,0,0,0,0,0,0,0,0,0,0,1,0,0,18,8,0,0,0,0,0,0,0,8,0,18,0,5,0,0,0,0,0,8,0,0,0,0,0,0,0,0,0,0,0,0,0,0,0,0,0,0,0,0,0,0,0,0,0,0,0,0,0,0,0,0,0,0,0,0,0,0,0,0,0,0,0,0,0,0,0,0,0,0,0,0,0,0,0,0,0,0,0,0,0,0,0,0,0,0,1,0,0,0,0,0,0,0,0,0,0,0,0,0,0,0,0,0,0,0,0,0,0,0,0,0,0,0,0,0,0,0,0,0,0,0,0,0,0,0,0,0,0,0,0,0,0,0,0,0,0,0,0,0,0,0,0,0,0,0,0,0,0,0,0,0,0,0,0,0,0,0,0,0,0,0,0,0,0,0,0,0,0,0,1,0,0,0,0,0,0,0,0,0,0,0,0,0,0,0,0,0,0,0,0,0,0,2,0,0,0,0,0,0,2,0,0,0,0
SRR8557004,24982,606,314,295,185,226,413,71,199,131,19,10,12,25,5,393,139,206,736,410,463,207,113,279,87,109,175,20,0,174,13,14,236,75,107,2,64,49,217,52,63,39,24,2,128,148,58,2,14,19,400,0,296,21,452,149,36,167,10,34,126,152,81,29,89,4,183,51,21,1218,16,20,7,5,35,330,7,258,1,372,82,199,175,443,413,71,28,7,74,82,256,0,66,0,0,100,28,0,38,248,115,39,107,0,5,0,38,57,7,698,1,0,0,91,9,23,4,53,12,6342,2218,1907,1800,1217,267,220,91,1318,103,57,136,0,108,1,430,300,457,70,21,23,27,31,7,883,24,143,67,1,149,176,215,81,149,210,173,216,0,12,15,33,59,42,8,0,60,4,80,19,58,123,0,28,12,0,69,131,124,1,69,53,0,15,19,0,39,50,19,19,74,25,37,13,19,19,2,3,65,61,69,23,0,47,11,8,11,10,12,3,115,28,3,27,50,0,0,76,71,20,62,9,11,0,19,4,0,60,0,15,10,42,606,314,295,185,226,413,71,199,131,19,10,12,25,5,393,139,206,736,410,463,207,113,279,87,109,175,20,0,174,13,14,236,75,107,2,64,49,217,52,63,39,24,2,128,148,58,2,14,19,400,0,296,21,452,149,36,167,10,34,126,152,81,29,89,4,183,51,21,1218,16,20,7,5,35,330,7,258,1,372,82,199,175,443,413,71,28,7,74,82,256,0,66,0,0,100,28,0,38,248,115,39,107,0,5,0,38,57,7,698,1,0,0,91,9,23,4,53,12,6342,2218,1907,1800,1217,267,220,91,1318,103,57,136,0,108,1,430,300,457,70,21,23,27,31,7,883,24,143,67,1,149,176,215,81,149,210,173,216,0,12,15,33,59,42,8,0,60,4,80,19,58,123,0,28,12,0,69,131,124,1,69,53,0,15,19,0,39,50,19,19,74,25,37,13,19,19,2,3,65,61,69,23,0,47,11,8,11,10,12,3,115,28,3,27,50,0,0,76,71,20,62,9,11,0,19,4,0,60,0,15,10,42,0,0,0,0,0,0,1,1,1,0,0,0,0,0,0,51,1,1,0,0,0,0,0,1,1,0,49,0,2,0,0,0,0,0,1,0,0,0,0,0,0,0,0,0,1,1,1,0,0,0,0,0,0,51,1,1,0,0,0,0,0,1,1,0,49,0,2,0,0,0,0,0,1,0,0,0,0,0,0,0,0,0,0,0,0,0,0,0,0,0,0,0,0,0,0,0,0,0,0,0,0,0,0,0,0,0,0,0,0,0,0,0,0,0,0,0,0,0,0,0,0,0,0,0,0,0,0,0,0,0,0,0,0,0,0,0,0,0,0,0,0,0,0,0,0,0,0,1,0,0,0,0,0,0,0,0,0,0,0,0,0,0,0,0,0,0,0,0,0,0,0,0,0,0,0,0,0,0,0,0,0,0,0,0,0,0,0,0,0,0,0,0,0,0,0,0,0,0,0,0,0,0,0,0,0,0,0,0,0,0,0,0,0,0,0,0,0,0,0,0,0,0,0,0,0,0,0,0,0,0,0,1,0,0,0,0,0,0,0,0,0,0,0,0,0,0,0,0,0,0,0,0,0,0,0,0,0,0
SRR8557006,16485,399,241,212,89,163,188,29,123,128,14,28,34,9,2,272,98,154,685,494,335,178,151,277,37,123,133,15,5,114,28,16,118,47,57,0,47,39,143,31,13,25,16,1,125,84,70,0,12,26,261,1,118,10,254,51,11,53,5,28,31,141,58,31,93,1,76,24,10,452,10,13,16,15,12,207,2,145,4,268,67,127,151,271,340,82,41,7,54,118,85,5,43,0,2,94,51,1,9,155,88,13,47,1,0,1,25,33,7,555,10,1,3,114,3,60,0,0,3,4145,1666,1332,1423,884,266,141,52,994,74,53,54,2,66,2,328,250,260,21,34,20,8,30,7,691,26,138,133,9,162,92,141,61,111,135,154,174,0,3,4,23,15,7,2,0,42,0,30,47,19,57,2,57,30,6,17,98,43,1,52,77,2,2,41,0,49,44,41,41,77,20,21,12,41,41,0,1,51,34,25,30,3,23,13,5,0,33,3,1,91,15,2,2,62,2,0,95,41,46,36,9,21,3,41,2,0,42,0,2,4,74,399,241,212,89,163,188,29,123,128,14,28,34,9,2,272,98,154,685,494,335,178,151,277,37,123,133,15,5,114,28,16,118,47,57,0,47,39,143,31,13,25,16,1,125,84,70,0,12,26,261,1,118,10,254,51,11,53,5,28,31,141,58,31,93,1,76,24,10,452,10,13,16,15,12,207,2,145,4,268,67,127,151,271,340,82,41,7,54,118,85,5,43,0,2,94,51,1,9,155,88,13,47,1,0,1,25,33,7,555,10,1,3,114,3,60,0,0,3,4145,1666,1332,1423,884,266,141,52,994,74,53,54,2,66,2,328,250,260,21,34,20,8,30,7,691,26,138,133,9,162,92,141,61,111,135,154,174,0,3,4,23,15,7,2,0,42,0,30,47,19,57,2,57,30,6,17,98,43,1,52,77,2,2,41,0,49,44,41,41,77,20,21,12,41,41,0,1,51,34,25,30,3,23,13,5,0,33,3,1,91,15,2,2,62,2,0,95,41,46,36,9,21,3,41,2,0,42,0,2,4,74,0,0,0,0,0,0,0,0,0,0,0,0,0,0,0,14,0,0,0,0,0,0,5,5,0,5,31,0,0,0,0,0,0,0,8,0,8,8,0,0,0,0,0,0,0,0,0,0,0,0,0,0,0,14,0,0,0,0,0,0,5,5,0,5,31,0,0,0,0,0,0,0,8,0,8,8,0,0,0,0,1,0,0,0,0,0,0,0,0,0,0,0,0,0,0,0,0,0,0,0,0,0,0,0,0,0,0,0,0,0,0,0,0,0,0,0,0,0,0,5,0,0,0,0,0,0,0,0,0,0,0,0,0,0,0,0,0,0,0,0,0,0,0,0,0,0,0,7,0,0,0,0,0,0,0,0,0,0,0,0,0,0,0,0,1,0,0,0,0,0,0,0,0,0,0,0,0,0,0,0,0,0,0,0,0,0,0,0,0,0,0,0,0,0,0,0,0,0,0,0,0,0,0,5,0,0,0,0,0,0,0,0,0,0,0,0,0,0,0,0,0,0,0,0,0,0,0,0,0,0,0,7,0,0,0,0,0,0,0,0,0,0,0,0,0,0,0,0,0,0,0,0,0,0,0,0,0,0
SRR8557009,25010,678,362,336,184,338,433,30,249,172,28,35,43,26,8,359,129,261,904,642,490,251,117,348,105,98,167,28,0,190,14,22,187,74,78,1,67,48,217,44,37,35,26,7,84,153,93,0,11,24,448,0,271,27,453,140,38,148,17,55,129,185,88,38,197,2,176,65,27,809,1,1,9,9,10,325,0,274,0,391,54,214,200,495,402,95,27,19,104,103,186,3,71,0,0,131,62,0,34,204,82,16,117,0,1,0,41,61,4,600,0,0,0,88,9,22,4,4,11,6336,2432,1947,1953,1291,278,281,50,1335,128,54,145,0,137,4,477,341,430,49,35,48,17,41,6,879,29,205,82,4,309,159,201,115,175,310,230,431,0,6,10,49,38,32,9,0,49,0,62,25,54,137,0,25,48,5,44,127,96,0,100,94,0,6,22,0,37,58,22,22,123,40,53,15,22,22,4,2,107,38,35,40,0,44,28,14,9,17,6,1,113,22,4,34,62,4,0,93,34,23,30,8,32,0,22,3,0,70,0,6,3,37,678,362,336,184,338,433,30,249,172,28,35,43,26,8,359,129,261,904,642,490,251,117,348,105,98,167,28,0,190,14,22,187,74,78,1,67,48,217,44,37,35,26,7,84,153,93,0,11,24,448,0,271,27,453,140,38,148,17,55,129,185,88,38,197,2,176,65,27,809,1,1,9,9,10,325,0,274,0,391,54,214,200,495,402,95,27,19,104,103,186,3,71,0,0,131,62,0,34,204,82,16,117,0,1,0,41,61,4,600,0,0,0,88,9,22,4,4,11,6336,2432,1947,1953,1291,278,281,50,1335,128,54,145,0,137,4,477,341,430,49,35,48,17,41,6,879,29,205,82,4,309,159,201,115,175,310,230,431,0,6,10,49,38,32,9,0,49,0,62,25,54,137,0,25,48,5,44,127,96,0,100,94,0,6,22,0,37,58,22,22,123,40,53,15,22,22,4,2,107,38,35,40,0,44,28,14,9,17,6,1,113,22,4,34,62,4,0,93,34,23,30,8,32,0,22,3,0,70,0,6,3,37,0,0,0,0,0,0,0,0,0,0,0,0,0,0,0,37,0,5,0,0,0,0,0,0,0,0,36,0,0,0,2,0,0,0,0,0,0,0,0,0,0,0,0,0,0,0,0,0,0,0,0,0,0,37,0,5,0,0,0,0,0,0,0,0,36,0,0,0,2,0,0,0,0,0,0,0,0,1,0,0,0,0,0,0,0,0,0,0,0,0,0,0,0,0,0,0,0,0,0,0,0,0,0,0,0,0,0,0,0,0,0,0,0,0,0,0,0,0,0,0,0,0,0,0,0,0,0,0,0,0,0,0,0,0,0,0,0,0,0,0,0,0,0,0,0,0,0,0,0,0,0,0,0,0,0,0,0,0,0,0,0,1,0,0,0,0,0,0,0,0,0,0,0,0,0,0,0,0,0,0,0,0,0,0,0,0,0,0,0,0,0,0,0,0,0,0,0,0,0,0,0,0,0,0,0,0,0,0,0,0,0,0,0,0,0,0,0,0,0,0,0,0,0,0,0,0,0,0,0,0,0,0,0,0,0,0,0,0,0,0,0,0,0,0,0,0,0,0,0,0,0,0,0,0,0,0,0,0
SRR8557012,22396,416,295,261,158,303,223,56,97,96,31,16,23,23,3,343,150,174,730,596,473,210,130,297,62,91,134,24,1,118,6,16,86,78,101,0,68,79,159,69,6,29,35,1,96,114,63,0,12,19,417,0,101,12,389,72,19,72,7,43,75,115,60,46,82,3,98,46,12,2309,5,6,5,5,2,310,0,195,0,357,40,145,172,324,448,82,39,13,93,108,50,0,43,0,0,104,65,0,11,241,40,3,78,0,8,0,45,64,2,542,0,0,0,59,10,20,4,0,6,7387,1850,1564,1696,1105,272,137,19,1090,91,31,82,0,104,5,334,245,219,15,39,36,14,17,3,768,22,167,153,2,195,80,113,42,58,189,217,295,0,16,18,46,40,16,22,0,43,1,37,26,40,82,0,31,7,1,46,139,83,0,34,99,0,3,29,0,48,58,29,29,42,30,42,20,29,29,7,3,37,47,36,43,0,63,28,6,2,16,16,0,99,12,7,21,70,0,1,93,37,31,32,4,29,0,29,0,0,41,0,3,0,53,416,295,261,158,303,223,56,97,96,31,16,23,23,3,343,150,174,730,596,473,210,130,297,62,91,134,24,1,118,6,16,86,78,101,0,68,79,159,69,6,29,35,1,96,114,63,0,12,19,417,0,101,12,389,72,19,72,7,43,75,115,60,46,82,3,98,46,12,2309,5,6,5,5,2,310,0,195,0,357,40,145,172,324,448,82,39,13,93,108,50,0,43,0,0,104,65,0,11,241,40,3,78,0,8,0,45,64,2,542,0,0,0,59,10,20,4,0,6,7387,1850,1564,1696,1105,272,137,19,1090,91,31,82,0,104,5,334,245,219,15,39,36,14,17,3,768,22,167,153,2,195,80,113,42,58,189,217,295,0,16,18,46,40,16,22,0,43,1,37,26,40,82,0,31,7,1,46,139,83,0,34,99,0,3,29,0,48,58,29,29,42,30,42,20,29,29,7,3,37,47,36,43,0,63,28,6,2,16,16,0,99,12,7,21,70,0,1,93,37,31,32,4,29,0,29,0,0,41,0,3,0,53,0,0,0,0,0,0,0,0,0,0,0,0,0,0,0,25,0,0,0,0,0,0,0,0,0,0,24,0,19,0,2,0,0,0,0,0,0,0,0,0,0,0,0,0,0,0,0,0,0,0,0,0,0,25,0,0,0,0,0,0,0,0,0,0,24,0,19,0,2,0,0,0,0,0,0,0,0,0,0,0,0,0,0,0,0,0,0,0,0,0,0,0,0,0,0,0,0,0,0,0,0,0,0,0,0,0,0,0,0,0,0,0,0,0,0,0,0,0,0,0,0,0,0,0,0,0,0,0,0,0,0,0,0,0,0,0,0,0,0,0,0,0,0,0,0,0,0,0,0,0,0,0,0,0,0,0,0,0,0,0,0,0,0,0,0,0,0,0,0,0,0,0,0,0,0,0,0,0,0,0,0,0,0,0,0,0,0,0,0,0,0,0,0,0,0,0,0,0,0,0,0,0,0,0,0,0,0,0,0,0,0,0,0,0,0,0,0,0,0,0,0,0,0,0,0,0,0,0,0,0,0,0,0,0,0,0,0,0,0,0,0,0,0,0,0,0,0,0,0,0,0,0,0,0,0,0,0,0
SRR8557013,12236,379,209,216,81,178,191,24,196,196,7,35,42,16,7,251,57,96,526,374,226,191,110,239,45,65,108,13,0,64,25,33,129,33,20,3,29,22,128,16,18,14,36,2,101,61,48,0,8,14,288,0,82,4,239,58,15,33,10,10,28,131,73,37,101,0,73,26,4,325,1,1,25,19,4,158,3,165,2,249,29,141,166,206,315,79,44,15,70,67,81,2,61,0,0,79,52,1,7,121,56,4,34,0,2,0,8,19,2,513,2,1,2,83,6,17,7,0,9,3590,1493,1184,1264,798,166,208,49,840,47,45,36,0,78,1,280,179,313,28,33,27,26,29,2,741,32,159,94,0,167,135,158,82,85,138,181,218,1,5,4,28,11,23,1,0,62,3,25,13,24,76,0,14,16,3,13,83,48,5,65,40,0,0,12,0,32,30,12,12,86,12,13,9,12,12,4,0,74,23,19,24,1,28,6,5,1,19,5,1,42,3,6,8,75,0,0,60,20,13,17,3,29,1,12,1,0,25,0,0,14,31,379,209,216,81,178,191,24,196,196,7,35,42,16,7,251,57,96,526,374,226,191,110,239,45,65,108,13,0,64,25,33,129,33,20,3,29,22,128,16,18,14,36,2,101,61,48,0,8,14,288,0,82,4,239,58,15,33,10,10,28,131,73,37,101,0,73,26,4,325,1,1,25,19,4,158,3,165,2,249,29,141,166,206,315,79,44,15,70,67,81,2,61,0,0,79,52,1,7,121,56,4,34,0,2,0,8,19,2,513,2,1,2,83,6,17,7,0,9,3590,1493,1184,1264,798,166,208,49,840,47,45,36,0,78,1,280,179,313,28,33,27,26,29,2,741,32,159,94,0,167,135,158,82,85,138,181,218,1,5,4,28,11,23,1,0,62,3,25,13,24,76,0,14,16,3,13,83,48,5,65,40,0,0,12,0,32,30,12,12,86,12,13,9,12,12,4,0,74,23,19,24,1,28,6,5,1,19,5,1,42,3,6,8,75,0,0,60,20,13,17,3,29,1,12,1,0,25,0,0,14,31,0,0,0,0,0,0,0,0,0,0,0,0,0,3,0,7,7,0,0,0,0,0,0,0,7,0,7,0,5,0,0,0,0,0,7,0,0,0,0,0,0,0,0,0,0,0,0,0,0,0,0,3,0,7,7,0,0,0,0,0,0,0,7,0,7,0,5,0,0,0,0,0,7,0,0,0,0,0,0,0,0,0,0,0,0,0,0,0,0,0,0,0,0,0,0,0,0,0,0,0,0,0,0,0,0,0,0,0,0,0,0,0,0,0,0,0,0,0,0,0,0,0,0,0,0,0,0,0,0,0,0,0,0,0,0,0,0,0,0,2,0,0,0,0,0,0,0,1,0,0,0,0,0,0,0,0,0,0,0,0,0,0,0,0,0,0,0,0,0,0,0,0,0,0,0,0,0,0,0,0,0,0,0,0,0,0,0,0,0,0,0,0,0,0,0,0,0,0,0,0,0,0,0,0,0,0,0,0,0,0,0,0,0,0,0,0,0,0,0,0,0,0,0,2,0,0,0,0,0,0,0,1,0,0,0,0,0,0,0,0,0,0,0,0,0,0,0,0,0,0,0,0,0,0,0,0,0,0
SRR8557016,20173,508,276,333,98,241,330,20,165,139,20,33,43,48,3,399,138,247,813,533,495,205,126,259,60,90,161,24,0,148,16,16,241,53,72,0,39,40,212,45,14,69,49,5,93,144,70,0,9,44,325,3,172,15,355,71,13,82,6,38,74,134,66,20,136,4,138,40,15,553,0,0,10,5,14,343,3,215,1,324,59,163,207,420,400,100,36,13,86,85,100,10,67,0,0,96,82,2,18,252,55,0,66,1,3,1,27,45,10,549,4,2,4,91,2,33,7,0,10,5227,2223,1654,1738,1106,240,194,12,1330,87,48,94,0,90,3,444,282,354,32,29,55,31,12,7,934,58,232,180,0,211,128,191,87,81,162,193,306,0,1,4,30,27,8,19,0,71,11,48,21,44,95,0,28,37,3,32,130,105,1,72,94,0,4,19,0,29,32,19,19,89,86,115,14,19,19,5,4,78,62,69,21,0,93,11,5,0,20,1,1,106,24,3,9,73,1,0,86,71,20,62,9,34,0,19,2,0,90,0,4,12,39,508,276,333,98,241,330,20,165,139,20,33,43,48,3,399,138,247,813,533,495,205,126,259,60,90,161,24,0,148,16,16,241,53,72,0,39,40,212,45,14,69,49,5,93,144,70,0,9,44,325,3,172,15,355,71,13,82,6,38,74,134,66,20,136,4,138,40,15,553,0,0,10,5,14,343,3,215,1,324,59,163,207,420,400,100,36,13,86,85,100,10,67,0,0,96,82,2,18,252,55,0,66,1,3,1,27,45,10,549,4,2,4,91,2,33,7,0,10,5227,2223,1654,1738,1106,240,194,12,1330,87,48,94,0,90,3,444,282,354,32,29,55,31,12,7,934,58,232,180,0,211,128,191,87,81,162,193,306,0,1,4,30,27,8,19,0,71,11,48,21,44,95,0,28,37,3,32,130,105,1,72,94,0,4,19,0,29,32,19,19,89,86,115,14,19,19,5,4,78,62,69,21,0,93,11,5,0,20,1,1,106,24,3,9,73,1,0,86,71,20,62,9,34,0,19,2,0,90,0,4,12,39,0,0,0,0,0,0,0,0,0,0,0,0,0,0,0,31,2,1,0,0,0,0,0,0,2,0,30,0,3,0,0,0,0,0,2,0,0,0,0,0,0,0,0,0,0,0,0,0,0,0,0,0,0,31,2,1,0,0,0,0,0,0,2,0,30,0,3,0,0,0,0,0,2,0,0,0,0,0,0,0,0,0,0,0,0,0,0,0,0,0,0,0,0,0,0,0,0,0,0,0,0,0,0,0,0,0,0,0,0,0,0,0,0,0,0,0,0,0,0,0,0,0,0,0,0,0,0,0,0,0,0,0,0,0,0,0,0,0,0,0,0,0,0,0,0,0,0,3,0,0,0,0,0,0,0,0,0,0,0,0,0,0,0,0,0,0,0,0,0,0,0,0,0,0,0,0,0,0,0,0,0,0,0,0,0,0,0,0,0,0,0,0,0,0,0,0,0,0,0,0,0,0,0,0,0,0,0,0,0,0,0,0,0,0,0,0,0,0,0,0,0,0,0,0,0,0,0,0,0,0,0,3,0,0,0,0,0,0,0,0,0,0,0,0,0,0,0,0,0,0,0,0,0,0,0,0,0,0
SRR8557018,20169,559,301,333,196,361,269,52,218,189,31,12,15,44,3,323,117,189,836,610,469,232,148,293,75,141,153,21,0,122,11,35,208,84,53,1,36,62,223,43,25,36,21,10,104,88,71,0,8,18,416,1,161,17,471,78,22,53,6,34,67,202,70,60,209,1,96,32,17,770,0,0,49,52,11,294,3,225,0,373,68,154,189,438,416,97,34,15,104,147,147,2,91,0,13,115,63,0,14,237,105,0,51,0,3,0,27,39,10,666,14,0,11,139,22,23,3,0,4,5811,2454,1816,1953,1147,271,248,44,1357,86,55,67,0,88,4,431,377,341,30,44,83,33,41,4,912,58,213,118,0,214,115,155,79,122,216,250,293,0,10,14,32,19,29,5,0,81,2,57,38,47,76,0,42,12,1,22,162,60,2,59,112,0,5,32,0,53,62,32,32,70,34,40,33,32,32,3,1,61,53,26,66,1,67,17,9,9,15,10,0,147,25,7,26,105,2,0,116,26,35,23,0,11,1,32,0,0,24,3,5,9,68,559,301,333,196,361,269,52,218,189,31,12,15,44,3,323,117,189,836,610,469,232,148,293,75,141,153,21,0,122,11,35,208,84,53,1,36,62,223,43,25,36,21,10,104,88,71,0,8,18,416,1,161,17,471,78,22,53,6,34,67,202,70,60,209,1,96,32,17,770,0,0,49,52,11,294,3,225,0,373,68,154,189,438,416,97,34,15,104,147,147,2,91,0,13,115,63,0,14,237,105,0,51,0,3,0,27,39,10,666,14,0,11,139,22,23,3,0,4,5811,2454,1816,1953,1147,271,248,44,1357,86,55,67,0,88,4,431,377,341,30,44,83,33,41,4,912,58,213,118,0,214,115,155,79,122,216,250,293,0,10,14,32,19,29,5,0,81,2,57,38,47,76,0,42,12,1,22,162,60,2,59,112,0,5,32,0,53,62,32,32,70,34,40,33,32,32,3,1,61,53,26,66,1,67,17,9,9,15,10,0,147,25,7,26,105,2,0,116,26,35,23,0,11,1,32,0,0,24,3,5,9,68,0,0,0,0,0,0,0,0,0,0,0,0,0,0,0,10,2,0,0,0,0,0,0,2,2,0,10,0,3,0,1,0,0,0,2,0,0,0,0,0,0,0,0,0,0,0,0,0,0,0,0,0,0,10,2,0,0,0,0,0,0,2,2,0,10,0,3,0,1,0,0,0,2,0,0,0,0,0,6,0,0,0,0,0,0,0,0,0,0,0,0,0,0,0,0,0,0,0,0,0,0,0,0,0,0,0,0,0,0,0,0,0,0,0,0,0,0,0,0,0,0,0,0,0,0,0,0,0,0,0,0,0,0,0,0,0,0,0,0,0,0,0,0,0,0,0,0,4,0,0,0,0,0,0,0,0,0,0,0,0,0,0,6,0,0,0,0,0,0,0,0,0,0,0,0,0,0,0,0,0,0,0,0,0,0,0,0,0,0,0,0,0,0,0,0,0,0,0,0,0,0,0,0,0,0,0,0,0,0,0,0,0,0,0,0,0,0,0,0,0,0,0,0,0,0,0,0,0,0,0,0,4,0,0,0,0,0,0,0,0,0,0,0,0,0,0,0,0,0,0,0,0,0,0,0,0,0,0
SRR8557019,14169,353,185,197,65,156,201,25,84,120,8,3,4,0,2,269,57,116,574,513,271,115,76,272,28,53,102,14,1,75,23,27,71,60,61,1,25,17,126,37,0,52,43,2,96,110,37,0,8,21,299,0,70,13,245,60,29,28,11,27,15,105,76,37,69,2,67,44,13,372,0,0,28,23,13,123,2,154,0,283,30,82,150,234,270,46,33,11,69,84,32,2,28,0,2,114,33,2,17,109,55,3,84,3,3,3,23,34,5,472,6,3,6,63,14,33,1,1,26,3528,1388,1142,1112,729,157,105,23,849,62,71,30,0,41,4,439,201,308,9,35,20,26,24,6,700,7,208,172,0,138,60,124,54,63,144,164,170,0,15,4,63,12,3,16,0,76,22,42,19,37,44,0,29,29,2,14,97,72,1,26,64,0,10,19,1,27,34,19,19,38,17,42,24,19,19,7,2,34,45,21,31,1,67,15,2,1,16,0,1,81,35,2,17,62,0,1,97,22,22,19,2,34,1,19,1,0,29,0,8,2,41,353,185,197,65,156,201,25,84,120,8,3,4,0,2,269,57,116,574,513,271,115,76,272,28,53,102,14,1,75,23,27,71,60,61,1,25,17,126,37,0,52,43,2,96,110,37,0,8,21,299,0,70,13,245,60,29,28,11,27,15,105,76,37,69,2,67,44,13,372,0,0,28,23,13,123,2,154,0,283,30,82,150,234,270,46,33,11,69,84,32,2,28,0,2,114,33,2,17,109,55,3,84,3,3,3,23,34,5,472,6,3,6,63,14,33,1,1,26,3528,1388,1142,1112,729,157,105,23,849,62,71,30,0,41,4,439,201,308,9,35,20,26,24,6,700,7,208,172,0,138,60,124,54,63,144,164,170,0,15,4,63,12,3,16,0,76,22,42,19,37,44,0,29,29,2,14,97,72,1,26,64,0,10,19,1,27,34,19,19,38,17,42,24,19,19,7,2,34,45,21,31,1,67,15,2,1,16,0,1,81,35,2,17,62,0,1,97,22,22,19,2,34,1,19,1,0,29,0,8,2,41,0,0,0,0,0,0,0,0,0,0,0,0,4,0,0,14,2,19,0,0,3,3,0,0,2,0,14,0,1,0,0,0,0,0,5,0,0,3,0,0,0,0,0,0,0,0,0,0,0,0,4,0,0,14,2,19,0,0,3,3,0,0,2,0,14,0,1,0,0,0,0,0,5,0,0,3,0,0,0,0,1,1,0,3,0,0,0,0,0,0,3,0,0,1,0,0,0,0,0,0,0,0,0,0,0,0,0,0,0,3,0,0,0,3,0,0,0,0,3,0,0,0,0,0,0,0,3,0,0,5,0,0,0,0,0,0,0,0,0,0,0,0,0,0,0,4,15,3,0,0,0,0,0,0,0,0,0,0,0,0,0,0,0,0,1,1,0,3,0,0,0,0,0,0,3,0,0,1,0,0,0,0,0,0,0,0,0,0,0,0,0,0,0,3,0,0,0,3,0,0,0,0,3,0,0,0,0,0,0,0,3,0,0,5,0,0,0,0,0,0,0,0,0,0,0,0,0,0,0,4,15,3,0,0,0,0,0,0,0,0,0,0,0,0,15,3,1,3,0,0,0,15,3,1,3,0,0,0
SRR8557020,17001,460,338,247,88,210,226,33,208,148,17,15,19,17,4,304,82,163,794,547,395,237,180,313,68,99,174,19,0,118,21,36,129,38,56,2,57,55,136,37,19,45,31,2,133,98,41,0,7,40,283,1,128,6,296,47,18,39,8,15,73,155,62,30,114,1,80,23,6,779,14,17,10,3,10,309,2,218,2,351,78,185,205,325,425,83,66,23,68,83,185,3,53,0,0,126,60,1,12,174,124,13,56,3,0,3,22,33,11,583,3,2,3,106,14,18,3,10,15,5226,1955,1686,1668,1138,243,237,55,1090,108,60,118,0,97,2,290,271,413,23,50,31,18,12,7,940,35,256,128,5,213,180,181,120,104,186,208,260,5,12,11,25,33,11,13,0,78,4,37,35,35,125,0,40,37,5,38,168,78,1,87,85,0,9,31,0,47,52,31,31,117,27,46,28,31,31,7,0,101,44,23,39,2,82,7,9,2,18,12,0,71,35,4,14,99,2,0,114,31,35,27,5,33,2,31,7,0,53,0,9,9,62,460,338,247,88,210,226,33,208,148,17,15,19,17,4,304,82,163,794,547,395,237,180,313,68,99,174,19,0,118,21,36,129,38,56,2,57,55,136,37,19,45,31,2,133,98,41,0,7,40,283,1,128,6,296,47,18,39,8,15,73,155,62,30,114,1,80,23,6,779,14,17,10,3,10,309,2,218,2,351,78,185,205,325,425,83,66,23,68,83,185,3,53,0,0,126,60,1,12,174,124,13,56,3,0,3,22,33,11,583,3,2,3,106,14,18,3,10,15,5226,1955,1686,1668,1138,243,237,55,1090,108,60,118,0,97,2,290,271,413,23,50,31,18,12,7,940,35,256,128,5,213,180,181,120,104,186,208,260,5,12,11,25,33,11,13,0,78,4,37,35,35,125,0,40,37,5,38,168,78,1,87,85,0,9,31,0,47,52,31,31,117,27,46,28,31,31,7,0,101,44,23,39,2,82,7,9,2,18,12,0,71,35,4,14,99,2,0,114,31,35,27,5,33,2,31,7,0,53,0,9,9,62,0,0,0,0,0,0,1,1,1,0,0,0,1,0,0,22,0,0,0,0,0,0,0,0,0,0,27,0,0,0,2,0,0,0,4,0,4,4,0,0,0,0,0,0,1,1,1,0,0,0,1,0,0,22,0,0,0,0,0,0,0,0,0,0,27,0,0,0,2,0,0,0,4,0,4,4,0,0,0,0,1,0,0,0,0,0,0,0,0,0,0,0,0,0,0,0,0,0,0,0,0,0,0,0,0,0,0,0,0,0,0,0,0,0,0,0,0,0,0,0,0,0,0,0,0,0,0,0,0,0,0,0,0,0,0,0,0,0,0,0,0,0,0,0,0,0,0,2,0,0,0,0,0,0,0,0,0,0,0,0,0,0,0,0,1,0,0,0,0,0,0,0,0,0,0,0,0,0,0,0,0,0,0,0,0,0,0,0,0,0,0,0,0,0,0,0,0,0,0,0,0,0,0,0,0,0,0,0,0,0,0,0,0,0,0,0,0,0,0,0,0,0,0,0,0,0,0,0,0,0,0,2,0,0,0,0,0,0,0,0,0,0,0,0,0,0,0,0,0,0,0,0,0,0,0,0,0,0
SRR8557022,26466,591,399,314,180,245,356,56,233,188,10,35,42,77,8,434,141,254,1048,606,538,336,254,376,73,131,258,12,6,264,14,13,289,99,109,4,26,87,260,68,47,49,28,1,146,138,58,1,26,44,402,1,220,6,418,99,21,98,14,12,186,148,30,40,173,10,112,7,6,1274,4,4,15,18,36,479,3,286,7,411,110,221,223,431,438,95,42,9,68,86,197,8,48,0,4,92,43,2,33,290,115,4,88,1,0,1,63,79,8,679,4,0,4,143,10,31,0,0,10,7156,2595,2016,2135,1271,367,243,30,1447,119,39,154,0,100,2,355,359,483,53,52,24,10,23,3,990,95,247,139,0,246,227,226,159,124,236,237,382,0,24,25,18,52,41,9,0,50,2,51,17,28,182,0,30,64,7,60,128,108,0,148,76,0,11,17,4,28,40,17,17,188,28,41,26,17,17,3,5,162,39,15,34,1,51,17,8,5,17,24,2,142,33,3,56,58,0,0,64,16,19,14,4,14,1,17,1,0,62,5,11,5,32,591,399,314,180,245,356,56,233,188,10,35,42,77,8,434,141,254,1048,606,538,336,254,376,73,131,258,12,6,264,14,13,289,99,109,4,26,87,260,68,47,49,28,1,146,138,58,1,26,44,402,1,220,6,418,99,21,98,14,12,186,148,30,40,173,10,112,7,6,1274,4,4,15,18,36,479,3,286,7,411,110,221,223,431,438,95,42,9,68,86,197,8,48,0,4,92,43,2,33,290,115,4,88,1,0,1,63,79,8,679,4,0,4,143,10,31,0,0,10,7156,2595,2016,2135,1271,367,243,30,1447,119,39,154,0,100,2,355,359,483,53,52,24,10,23,3,990,95,247,139,0,246,227,226,159,124,236,237,382,0,24,25,18,52,41,9,0,50,2,51,17,28,182,0,30,64,7,60,128,108,0,148,76,0,11,17,4,28,40,17,17,188,28,41,26,17,17,3,5,162,39,15,34,1,51,17,8,5,17,24,2,142,33,3,56,58,0,0,64,16,19,14,4,14,1,17,1,0,62,5,11,5,32,4,0,0,0,0,0,5,5,5,4,0,0,1,0,0,27,0,0,0,0,0,0,0,0,0,0,26,0,1,0,0,0,0,0,0,0,0,0,4,0,0,0,0,0,5,5,5,4,0,0,1,0,0,27,0,0,0,0,0,0,0,0,0,0,26,0,1,0,0,0,0,0,0,0,0,0,3,2,0,0,0,0,0,0,0,0,0,0,0,0,0,0,0,0,0,0,0,0,0,0,0,0,0,0,0,0,0,0,0,0,0,0,0,0,0,0,0,0,0,0,0,0,0,0,0,0,0,0,0,0,0,0,0,0,0,0,0,0,0,0,0,0,0,0,0,0,0,0,0,0,0,0,0,0,0,0,0,0,0,0,3,2,0,0,0,0,0,0,0,0,0,0,0,0,0,0,0,0,0,0,0,0,0,0,0,0,0,0,0,0,0,0,0,0,0,0,0,0,0,0,0,0,0,0,0,0,0,0,0,0,0,0,0,0,0,0,0,0,0,0,0,0,0,0,0,0,0,0,0,0,0,0,0,0,0,0,0,0,0,0,0,0,0,0,0,0,0,0,0,0,0,0,0,0,0,0,0,0
SRR8557023,18653,457,374,229,105,207,266,30,169,158,28,10,12,61,3,435,73,196,738,638,404,223,101,288,76,89,113,34,1,92,16,38,163,48,51,1,53,119,175,38,20,51,31,4,129,72,60,0,29,16,329,1,142,20,357,75,29,57,9,31,50,141,84,51,149,1,101,42,20,559,1,1,7,6,24,399,4,234,3,359,54,229,172,323,500,91,88,9,103,116,89,0,109,0,2,75,68,0,7,234,105,11,43,1,3,1,13,35,6,628,1,0,1,88,7,25,4,0,13,5152,2107,1721,1829,1240,233,214,39,1150,119,41,96,0,72,4,392,319,352,25,39,27,15,48,4,772,44,178,204,0,193,116,141,116,84,223,230,265,0,24,24,23,39,23,15,0,72,1,109,15,51,124,0,19,14,3,45,131,56,1,73,99,0,2,16,0,23,26,16,16,107,62,76,23,16,16,5,1,93,53,28,53,1,56,17,14,6,18,24,2,49,18,2,1,110,6,5,83,29,18,25,6,18,1,16,0,0,44,0,2,9,32,457,374,229,105,207,266,30,169,158,28,10,12,61,3,435,73,196,738,638,404,223,101,288,76,89,113,34,1,92,16,38,163,48,51,1,53,119,175,38,20,51,31,4,129,72,60,0,29,16,329,1,142,20,357,75,29,57,9,31,50,141,84,51,149,1,101,42,20,559,1,1,7,6,24,399,4,234,3,359,54,229,172,323,500,91,88,9,103,116,89,0,109,0,2,75,68,0,7,234,105,11,43,1,3,1,13,35,6,628,1,0,1,88,7,25,4,0,13,5152,2107,1721,1829,1240,233,214,39,1150,119,41,96,0,72,4,392,319,352,25,39,27,15,48,4,772,44,178,204,0,193,116,141,116,84,223,230,265,0,24,24,23,39,23,15,0,72,1,109,15,51,124,0,19,14,3,45,131,56,1,73,99,0,2,16,0,23,26,16,16,107,62,76,23,16,16,5,1,93,53,28,53,1,56,17,14,6,18,24,2,49,18,2,1,110,6,5,83,29,18,25,6,18,1,16,0,0,44,0,2,9,32,0,0,0,0,0,0,0,0,0,0,0,0,2,0,0,13,1,2,0,0,0,0,0,0,1,0,13,0,3,0,0,0,0,0,1,0,0,0,0,0,0,0,0,0,0,0,0,0,0,0,2,0,0,13,1,2,0,0,0,0,0,0,1,0,13,0,3,0,0,0,0,0,1,0,0,0,0,0,0,0,0,0,0,0,0,0,0,0,0,0,0,0,0,0,0,0,0,0,0,0,0,0,0,0,0,0,0,0,0,0,0,0,0,0,0,0,0,0,0,0,0,0,0,0,0,0,0,0,0,0,0,0,0,0,0,0,0,0,0,0,0,0,0,0,0,0,0,0,0,0,0,0,0,0,0,0,0,0,0,0,0,0,0,0,0,0,0,0,0,0,0,0,0,0,0,0,0,0,0,0,0,0,0,0,0,0,0,0,0,0,0,0,0,0,0,0,0,0,0,0,0,0,0,0,0,0,0,0,0,0,0,0,0,0,0,0,0,0,0,0,0,0,0,0,0,0,0,0,0,0,0,0,0,0,0,0,0,0,0,0,0,0,0,0,0,0,0,0,0,0,0,0,0,0,0,0,0,0
SRR8557025,20411,416,227,255,93,195,255,20,116,129,38,28,37,5,7,283,87,195,718,535,364,187,138,320,74,112,129,33,1,114,23,20,156,57,58,0,53,74,172,45,19,62,24,11,135,124,81,0,6,30,286,1,155,17,308,52,20,39,8,39,23,139,58,34,121,3,133,53,17,1057,0,0,14,10,8,236,6,175,0,306,57,148,159,281,312,69,33,8,68,136,84,2,61,0,5,129,64,4,5,161,66,3,68,0,7,0,29,41,5,564,8,2,8,125,7,17,5,0,4,5368,1815,1330,1499,903,267,161,23,1132,75,47,68,0,105,4,447,271,346,23,30,59,31,33,0,743,7,164,154,0,140,121,176,51,91,185,179,199,0,2,7,42,27,15,8,0,86,5,44,35,52,65,0,44,19,3,31,163,65,8,39,95,0,7,31,0,42,46,31,31,37,31,43,19,31,31,2,3,33,52,38,46,1,88,35,16,0,16,2,1,100,22,5,3,98,0,0,129,40,33,35,0,40,1,31,1,0,41,0,7,3,49,416,227,255,93,195,255,20,116,129,38,28,37,5,7,283,87,195,718,535,364,187,138,320,74,112,129,33,1,114,23,20,156,57,58,0,53,74,172,45,19,62,24,11,135,124,81,0,6,30,286,1,155,17,308,52,20,39,8,39,23,139,58,34,121,3,133,53,17,1057,0,0,14,10,8,236,6,175,0,306,57,148,159,281,312,69,33,8,68,136,84,2,61,0,5,129,64,4,5,161,66,3,68,0,7,0,29,41,5,564,8,2,8,125,7,17,5,0,4,5368,1815,1330,1499,903,267,161,23,1132,75,47,68,0,105,4,447,271,346,23,30,59,31,33,0,743,7,164,154,0,140,121,176,51,91,185,179,199,0,2,7,42,27,15,8,0,86,5,44,35,52,65,0,44,19,3,31,163,65,8,39,95,0,7,31,0,42,46,31,31,37,31,43,19,31,31,2,3,33,52,38,46,1,88,35,16,0,16,2,1,100,22,5,3,98,0,0,129,40,33,35,0,40,1,31,1,0,41,0,7,3,49,0,0,0,0,0,0,0,0,0,0,0,0,0,0,0,29,8,1,0,0,0,0,0,0,8,0,29,0,1,0,4,0,0,0,8,0,0,0,0,0,0,0,0,0,0,0,0,0,0,0,0,0,0,29,8,1,0,0,0,0,0,0,8,0,29,0,1,0,4,0,0,0,8,0,0,0,0,0,0,0,0,0,0,0,0,0,0,0,0,0,0,0,0,0,0,0,0,0,0,0,0,0,0,0,0,0,0,0,0,0,0,0,0,0,0,0,0,0,0,0,0,0,0,0,0,0,0,0,0,0,0,0,0,0,0,0,0,0,0,0,0,0,0,0,0,0,0,3,0,0,0,0,0,0,0,0,0,0,0,0,0,0,0,0,0,0,0,0,0,0,0,0,0,0,0,0,0,0,0,0,0,0,0,0,0,0,0,0,0,0,0,0,0,0,0,0,0,0,0,0,0,0,0,0,0,0,0,0,0,0,0,0,0,0,0,0,0,0,0,0,0,0,0,0,0,0,0,0,0,0,0,3,0,0,0,0,0,0,0,0,0,0,0,0,0,0,0,0,0,0,0,0,0,0,0,0,0,0
SRR8557026,17740,628,305,257,159,270,344,111,223,117,23,42,50,51,3,284,113,234,572,523,425,309,123,261,109,90,156,23,0,114,3,15,174,60,63,1,39,109,246,49,31,58,28,3,131,192,74,0,25,38,524,2,202,54,506,100,28,136,4,82,118,141,97,21,178,3,124,73,54,582,1,2,6,5,26,352,3,259,0,320,71,152,276,400,421,108,30,9,74,91,118,0,59,0,0,116,52,0,3,274,62,0,140,0,10,0,35,46,1,483,0,0,0,88,4,28,2,0,6,5254,2342,1747,1847,1239,253,247,15,1377,102,46,109,0,89,9,347,317,322,37,53,29,20,17,2,722,39,249,93,0,168,137,106,88,71,145,202,322,0,35,44,45,78,17,12,0,105,9,61,13,119,160,0,32,33,3,91,212,86,5,59,117,0,15,12,0,26,25,12,12,90,118,134,36,12,12,1,3,79,92,86,38,1,96,19,6,3,12,35,1,79,38,3,9,68,0,0,150,88,14,77,3,14,1,12,0,0,82,3,15,6,25,628,305,257,159,270,344,111,223,117,23,42,50,51,3,284,113,234,572,523,425,309,123,261,109,90,156,23,0,114,3,15,174,60,63,1,39,109,246,49,31,58,28,3,131,192,74,0,25,38,524,2,202,54,506,100,28,136,4,82,118,141,97,21,178,3,124,73,54,582,1,2,6,5,26,352,3,259,0,320,71,152,276,400,421,108,30,9,74,91,118,0,59,0,0,116,52,0,3,274,62,0,140,0,10,0,35,46,1,483,0,0,0,88,4,28,2,0,6,5254,2342,1747,1847,1239,253,247,15,1377,102,46,109,0,89,9,347,317,322,37,53,29,20,17,2,722,39,249,93,0,168,137,106,88,71,145,202,322,0,35,44,45,78,17,12,0,105,9,61,13,119,160,0,32,33,3,91,212,86,5,59,117,0,15,12,0,26,25,12,12,90,118,134,36,12,12,1,3,79,92,86,38,1,96,19,6,3,12,35,1,79,38,3,9,68,0,0,150,88,14,77,3,14,1,12,0,0,82,3,15,6,25,0,0,0,0,0,0,0,0,0,0,0,0,1,0,0,35,3,1,0,0,0,0,0,0,3,0,34,0,3,0,0,0,0,0,3,0,0,0,0,0,0,0,0,0,0,0,0,0,0,0,1,0,0,35,3,1,0,0,0,0,0,0,3,0,34,0,3,0,0,0,0,0,3,0,0,0,0,0,0,0,0,0,0,0,0,0,0,0,0,0,0,0,0,0,0,0,0,0,0,0,0,0,0,0,0,0,0,0,0,0,0,0,0,0,0,0,0,0,0,0,0,0,0,0,0,0,0,0,0,0,0,0,0,0,0,0,0,0,0,0,0,0,0,0,0,0,0,0,0,0,0,0,0,0,0,0,0,0,0,0,0,0,0,0,0,0,0,0,0,0,0,0,0,0,0,0,0,0,0,0,0,0,0,0,0,0,0,0,0,0,0,0,0,0,0,0,0,0,0,0,0,0,0,0,0,0,0,0,0,0,0,0,0,0,0,0,0,0,0,0,0,0,0,0,0,0,0,0,0,0,0,0,0,0,0,0,0,0,0,0,0,0,0,0,0,0,0,0,0,0,0,0,0,0,0,0,0,0
SRR8557030,15187,485,289,218,98,184,253,59,170,135,14,34,41,13,0,294,65,129,756,599,356,159,127,245,68,103,145,18,0,91,6,17,100,45,35,2,34,34,154,30,11,28,20,5,115,107,74,1,14,26,249,0,88,5,321,62,27,33,20,29,68,141,43,25,78,0,69,20,5,495,6,7,21,17,12,210,9,175,1,300,65,124,200,301,429,89,19,11,97,116,91,3,60,0,5,93,29,0,12,149,100,12,57,1,5,1,16,25,7,640,4,0,4,143,7,21,9,0,36,4403,1680,1444,1408,1014,235,205,48,930,73,47,57,2,62,1,274,189,248,25,49,36,41,29,6,907,36,260,163,3,136,125,181,39,116,193,200,214,3,6,6,64,16,14,5,0,72,2,55,32,31,68,2,45,22,0,18,156,113,2,35,91,2,5,29,1,42,33,29,29,38,23,30,25,29,29,4,0,30,49,28,33,0,88,25,10,2,27,18,1,111,32,3,0,92,0,1,114,35,31,30,4,15,0,29,10,0,31,3,5,21,55,485,289,218,98,184,253,59,170,135,14,34,41,13,0,294,65,129,756,599,356,159,127,245,68,103,145,18,0,91,6,17,100,45,35,2,34,34,154,30,11,28,20,5,115,107,74,1,14,26,249,0,88,5,321,62,27,33,20,29,68,141,43,25,78,0,69,20,5,495,6,7,21,17,12,210,9,175,1,300,65,124,200,301,429,89,19,11,97,116,91,3,60,0,5,93,29,0,12,149,100,12,57,1,5,1,16,25,7,640,4,0,4,143,7,21,9,0,36,4403,1680,1444,1408,1014,235,205,48,930,73,47,57,2,62,1,274,189,248,25,49,36,41,29,6,907,36,260,163,3,136,125,181,39,116,193,200,214,3,6,6,64,16,14,5,0,72,2,55,32,31,68,2,45,22,0,18,156,113,2,35,91,2,5,29,1,42,33,29,29,38,23,30,25,29,29,4,0,30,49,28,33,0,88,25,10,2,27,18,1,111,32,3,0,92,0,1,114,35,31,30,4,15,0,29,10,0,31,3,5,21,55,0,0,0,0,0,0,0,0,0,0,0,0,6,0,0,11,0,0,0,0,0,0,0,0,0,0,30,12,2,0,5,0,0,0,3,0,3,3,0,0,0,0,0,0,0,0,0,0,0,0,6,0,0,11,0,0,0,0,0,0,0,0,0,0,30,12,2,0,5,0,0,0,3,0,3,3,0,0,0,0,1,0,0,0,0,0,0,0,0,0,0,0,0,0,0,0,0,0,0,0,0,0,0,0,0,0,0,0,0,0,0,0,0,0,0,0,0,0,0,0,0,0,0,0,0,0,0,0,0,0,0,0,0,0,0,0,0,0,0,1,0,0,0,0,0,0,0,0,0,0,0,0,0,0,0,0,0,0,0,0,0,0,0,0,1,0,0,0,0,0,0,0,0,0,0,0,0,0,0,0,0,0,0,0,0,0,0,0,0,0,0,0,0,0,0,0,0,0,0,0,0,0,0,0,0,0,0,0,0,0,0,0,0,0,0,0,0,0,0,0,0,0,0,1,0,0,0,0,0,0,0,0,0,0,0,0,0,0,0,0,0,0,0,0,0,0,0,0,0,0,0,0,0,0,0,0,0,0
