sample_id,group,Acutalibacteraceae bacterium,Agathobacter rectalis,Agathobacter rectalis ATCC 33656,Agathobacter sp.,Akkermansia muciniphila,Alistipes,Alistipes finegoldii,Alistipes onderdonkii,Alistipes putredinis,Alistipes shahii,Alistipes sp.,Anaerobutyricum hallii,Anaerostipes hadrus,Bacilli bacterium,Bacillota,Bacillota bacterium,Bacteriophage sp.,Bacteroidaceae,Bacteroidaceae bacterium,Bacteroidales bacterium,Bacteroides,Bacteroides caccae,Bacteroides cellulosilyticus,Bacteroides eggerthii,Bacteroides faecis,Bacteroides finegoldii,Bacteroides fragilis,Bacteroides fragilis str. 3397 T10,Bacteroides intestinalis,Bacteroides ovatus,Bacteroides sp.,Bacteroides thetaiotaomicron,Bacteroides uniformis,Bacteroides xylanisolvens,Barnesiella intestinihominis,Barnesiella sp.,Bifidobacterium longum,Bifidobacterium pseudocatenulatum,Blautia,Blautia massiliensis (ex Durand et al. 2017),Blautia sp.,Blautia sp. OF11-22,Blautia wexlerae,Brotocaccenecus cirricatena,Caudoviricetes sp.,Christensenellaceae bacterium,Christensenellales bacterium,Clostridia bacterium,Clostridiaceae bacterium,Clostridiales bacterium,Clostridium sp.,Clostridium sp. AF34-10BH,Collinsella sp.,Coprococcus eutactus,Dialister sp.,Enterocloster bolteae,Escherichia albertii B156,Eubacteriaceae bacterium Marseille-Q4139,Eubacterium ramulus ATCC 29099,Faecalibacillus sp. H12,Faecalibacterium,Faecalibacterium phage FP_Taranis,Faecalibacterium prausnitzii M21/2,Flavobacterium tibetense,Fusibacter tunisiensis,Gelidibacter sp.,Gemella sanguinis,Gemmiger formicilis,Gemmiger gallinarum,Intestinimonas,Lachnoclostridium sp. YL32,Lachnospira pectinoschiza,Lachnospira sp.,Mediterraneibacter faecis,Oscillibacter hominis,Oscillibacter valericigenes,Oscillibacter valericigenes Sjm18-20,Pantoea sp.,Parabacteroides chinchillae,Parabacteroides leei,Phascolarctobacterium faecium,Phascolarctobacterium succinatutens CAG:287,Phocaeicola,Phocaeicola coprocola CAG:162,Phocaeicola coprophilus CAG:333,Phocaeicola fibrisolvens,Phocaeicola massiliensis B84634 = Timone 84634 = DSM 17679 = JCM 13223,Phocaeicola salanitronis DSM 18170,Phocaeicola sp.,Prevotella pectinovora,Prevotella sp. tf2-5,Romboutsia sp.,Roseburia amylophila,Roseburia difficilis,Ruminococcus bicirculans (ex Wegman et al. 2014),Ruminococcus hominis,Segatella,Slackia exigua,Streptomyces sp. DSM 41524,Subdoligranulum sp. AF14-43,Veillonellaceae bacterium
SRR24907908,controle,0.0004728989737371073,0.01466167117758026,0.0010117359307403907,0.0055689263132734194,0.0006275699071407745,0.0240569322971454,0.000735620625813278,0.003117501486180326,0.006439384963461085,0.001574398135603523,0.006337902286090486,0.0005495261222593238,0.0018351880108261926,8.911930550819125e-05,0.0031502129075662807,0.0017557275895855077,0.0029994055278696158,0.020999187108300045,0.00017514776805078048,0.0006801142375560086,0.10198107579880261,0.007381061786981164,0.0008072251545163913,0.0019659049112464443,0.01865143430567819,0.0006875837747228802,0.002577891818435642,0.00024997192484306247,0.0006452134690694193,0.008670458444131468,0.009518122127447818,0.008802978336281655,0.04664159306167571,0.005309037933915716,0.00045628569279699654,0.00017308720607371247,0.0010408413686664765,0.0002838424123411178,0.002654261396710725,0.0003271142138595459,0.0006483043120350213,8.731631377825674e-05,0.0020328731755011546,8.164976834131973e-05,0.012166073053103773,0.0002306541563080499,0.0008676253774691972,0.0011673083600090253,0.00013767129709285614,0.004451844151455426,0.0022094375799111693,0.00015312551192086618,0.00026890333800737477,0.0001930489002265588,0.00048371692411671433,0.00021030610678450333,0.0031930983537140083,0.00024379023891185842,0.0027849782971309765,0.0071489909943138795,0.0013239110702661938,0.015630521662172926,0.013142908215357574,0.0002717366107258433,0.0015710497223907877,0.0004774064530619436,0.0011271274014561991,0.0007891952372170462,0.0013651223098075538,0.00010702043768396955,0.006490383872393518,0.0057449755771891665,0.006940487879259311,0.00023413135464435216,0.002162431009809305,0.00047109598200717283,0.008472515709209373,0.006509444070681397,0.006964570697366293,0.013081864066786934,9.658884267506277e-06,0.04290798354435205,0.0006953108821368852,9.530099143939526e-05,0.03569408484776053,0.00042872567635371194,0.06337657594355708,0.0038535084673643042,0.04182902177910982,0.000903298856697187,4.816563621396463e-05,0.008997443872867448,0.022919759656050996,0.0005656242627051675,0.0007568701712017919,0.003861750715272576,0.001508975292831614,0.00011320212361517356,0.0005604728577624975,0.00023129808192588365,0.00011461875997440782
ERR911979,controle,3.767741494661429e-05,0.149309378930249,0.015242136042388119,0.02348538143328346,1.3865504926551745e-05,0.0072340636697499445,0.0038212845068631815,0.0037032790594765832,0.0001808732143635171,0.00013108713234654185,0.0008085508379684121,0.004172111512607123,0.0017165657268719324,1.11356491807784e-05,0.007573160404269473,0.00010343720731757022,0.004444718691338508,0.004147191443323924,5.3894379772990605e-05,7.724680912297249e-05,0.030558275500933936,0.00022252378569259358,7.908473180329513e-05,0.0001153296481902462,0.0002116854475336321,0.0001043021121083103,0.00398410283372,4.8840092402103316e-05,7.00032315005244e-05,0.0010175875145804027,0.002835725497814872,0.004175219764198845,0.017437831995055338,0.0005084018473068973,0.0006248666830349899,0.00031436586315930476,0.004287738471819185,0.00021176653235776397,0.01408421772551014,0.0017662977523394863,0.003990616647925261,0.00020409050233994585,0.010524080408901038,6.903021361094182e-05,0.011368308569487479,5.351598392704182e-06,1.0189659565906447e-05,5.7786451331320914e-05,2.627148301872962e-05,0.0003416644206170382,0.0002126854936979253,1.5622342782742512e-05,0.0009380162738323164,7.446289682777789e-05,0.00027106656707288,0.0002942027702251769,0.0074960757647947645,0.0001667374266898591,0.011645726781117355,0.005602853234414173,0.0013942805792224139,0.007953259031525023,0.0018628427496058468,0.0004035861979790851,0.00665168543456006,0.0010477240408827521,0.002740180546712805,0.0009129610631755649,0.0020646628768700996,6.681389508467039e-05,0.0004954012471710856,0.018816436174945588,0.006483461452761117,0.001072022459847606,0.00035204327810591906,0.0005381870060380085,0.015245568633276368,0.001566450689129109,0.0032009315457048665,0.00039666695965316455,1.9784697088179097e-05,0.015497499181854125,2.965001735755802e-05,2.646068094170401e-05,0.0008423361813566961,9.32745760263744e-05,0.00015065560323703593,0.0009540980972851396,0.01689234735484546,0.0006730310685693274,8.378765160294427e-07,0.007920635903949296,0.016879508924357915,0.0011868655990930608,0.019224482038251927,0.013305641244195813,0.0003036086098244751,0.00027193147186362006,0.0008264435558268474,0.0007614946116972103,1.916304676983467e-05
ERR911956,controle,0.0005082243936300495,0.0072728029633880985,0.0005836133887783878,0.0014687827581501291,0.002392016851154425,0.0985497888779046,0.0054772340043694355,0.02429308213687241,0.005457378917978967,0.0029593128692113647,0.011858121256877428,0.0012015069681480537,0.0022068489736565785,0.0002534265930031992,0.0031805435072112358,0.0015194900160727474,0.02443091592720182,0.014958833056239696,0.000170852469906929,0.00016775354067747749,0.11150956576377581,0.005707020977940889,0.04683979424426276,0.0010943333802834823,0.00045000291792982315,0.001152883945813385,0.0029011736659685576,0.00019290148849523896,0.002581243503218279,0.008949652766351048,0.009018076026771238,0.007897909094858168,0.05101588933454965,0.004487304372550749,0.001798146829351127,0.0008187480720820812,7.541641930081135e-05,0.00026099565908575334,0.0025931181612390978,0.00017496609277788236,0.0008371222542390061,0.0001264801912055789,0.0021953856779228552,0.00010865449209811441,0.004704503660137085,0.0003966629413697947,0.0005477425973436747,0.005757947629083292,0.004421650951530334,0.004770623291749543,0.0020846195260843183,0.0006334704979743424,3.022141602527059e-05,0.0009450362942203489,3.8640630834488436e-05,0.00022858031086264098,0.003057984969809299,0.00073625622144323,0.0016894374889480665,0.003164829467844194,0.0005851217171644041,0.006647587135308135,0.0038351580267422785,0.0005886045845284779,0.0024945009089461095,0.00047668661828607385,0.001863251767322082,0.00018678590249375496,0.0007625559836648584,0.00015982796061277403,0.00041786181123144097,0.00531666559163989,0.0044102425041015565,0.00032355015087671724,0.0006407104742272203,0.0005588219549427757,0.006176248226754301,0.007537638003820075,0.012815854933692788,0.005610981595980365,0.0006455371250624723,0.04141839581432839,0.00012379262426322272,0.00010305996499361785,0.0386172928807339,0.00026050202434123895,0.0010544038142827619,0.004376455948254793,0.04177394995114113,0.008863705472500595,0.0003118948860756828,0.001161632250452279,0.0015786713371095293,0.0016685402847636235,0.00025764991248404464,0.001681265091511106,0.0018770186918635392,0.00010481511075189128,0.0004167374209800471,0.0004852978021626028,6.42822133967643e-05
SRR6784564,controle,0.00014876624485008727,0.006788669987909276,0.0007064695996204812,0.0014833716176610179,0.010988242181609102,0.13591682862808846,0.004227985866212522,0.029106798674949575,0.028155019136582273,0.0025699983642515603,0.03754817111707804,0.00012087584439103116,0.00011030574890748645,0.00014531264929605782,0.002163154342545817,0.000641165247326106,0.01060243369645972,0.01319153149066917,0.00042793188546746876,0.0006929168534311838,0.039686260728254465,0.0007662795953516278,0.0006675381588296037,0.0004287691207532941,0.0003568715405830444,0.0008211708337785506,0.0027460794103016987,0.00021930331768087082,0.0004715204475357497,0.005194103058849583,0.03232000304753644,0.007882517888840063,0.01977246247328304,0.004983276748437693,0.030488446205382817,0.015657765006683755,0.0013260237111312211,0.0003215506769622885,0.0025560793276247144,6.274031923153522e-05,0.0009170342740055503,0.0001095208408270252,0.002132281291381008,3.1762613655998234e-05,0.011450814677027592,0.0002072157332417677,0.00038884346306049895,0.0010759519966962695,0.00012715510903472108,0.0018529586691475343,0.0010867837282066348,0.00024787397180966,0.00012071886277493891,7.409532279554118e-05,6.441478980318588e-05,0.00021339034347472947,0.0036190018501853272,0.0002631535157759722,0.003171813553143876,0.00619569809672349,0.0013363321705879454,0.010035259117518427,0.007405869375178632,0.0006306998062532894,0.003495980590374369,0.0005327432778117266,0.0009201739063273952,0.00141252058159805,0.0018213007099022642,9.220053585151381e-05,0.00015284776686848571,0.004862662540073482,0.002453413350700384,0.00026440936870471016,0.00045524668666751996,0.0005271965940431338,0.0036645265188520793,0.03672652933845121,0.025520030383268524,0.015645991385476836,0.00037309297424591,0.03711239015080596,0.008935812205613684,0.0004936548554047567,0.006739220778840218,0.0004896779877970864,0.0015000639961721602,0.003799007436637772,0.039999125089126314,0.004053893253966219,1.9884338038351446e-06,0.0005474995497243978,0.0004192978965823951,0.00014552195811751414,0.00018120911217581857,0.000868788590659866,0.00044347306546060135,0.00013856243980409113,0.0007233189597477159,0.00026467100473153056,2.202975345827884e-05
SRR6784403,controle,0.0008120206256975791,0.003539707397541532,0.00012615654083548216,0.0020415237378329566,0.00221289633743945,0.008948444874001154,0.0018492994350907408,0.0006631439495457542,0.004163390059432586,0.0015354775660337565,0.08891988327231531,0.00028504801347543186,0.001192283943097421,0.000719196914964363,0.005365090900720333,0.01097830959502704,0.0023935363606618198,0.008176857120692198,0.0004552248164863281,0.08714621797189609,0.03849859665795778,0.0047186881035129365,0.005917324716024467,0.00046561329941057693,0.0011647806213986903,0.0014969878631129784,0.0014331622198229892,7.354149062921471e-05,0.0010999086560875538,0.0025648342229810882,0.004329755260795016,0.0022368122693513896,0.022142416086094963,0.0011892197143212038,0.009705384119014048,0.005241176478501595,0.0003901286393135171,0.00027002581874324466,0.0018981028836485428,0.0001986517094435495,0.000780332015914259,8.146364307504476e-05,0.0020121519839536054,0.0014688119058292243,0.006074796180207145,0.011052448983954053,0.02537928799580156,0.024985646703988475,0.0014596939567877974,0.052342857006194676,0.007085916939071623,4.058234696307275e-05,0.00037159379208176376,0.0007018578643282067,5.851929589702756e-05,0.0002236139633766366,0.001747208300741648,0.0018457867825911747,0.01923139874868855,0.004539841775183962,0.0008025289902200281,0.013651288672622431,0.013757415620481665,0.0016798700049520927,0.001445493872215083,0.0017484040973372449,0.005565162618621154,0.0009103748956854313,0.00252836242681538,0.0005623233490794833,0.005706191879614374,0.007767222049413006,0.010437361110093853,0.00041083086787478993,0.007172163768529055,0.0009630646831789236,0.03693494313464027,0.004761736780954428,0.0026413652050992953,0.004882362762535274,0.00046516487568722803,0.02402504835128797,0.0002810869372525168,0.015276450983325961,0.004094631755185759,0.00026389736119081014,0.016127334998380444,0.0021542275669679724,0.024915767340433277,0.0016510214120833153,2.8773855581552506e-05,0.005357617171997852,0.009749852804912812,0.00152419223566281,0.0023955542674168897,0.0037013641498087994,0.0003383356992667226,0.0001973064382735029,0.001271729679417396,0.0009887743099842587,0.000128996557750025
SRR8556880,controle,0.0005266649923343067,0.004783864492857002,0.00023196632695653783,0.0014614760599505065,0.0032093820236239624,0.014875391966864977,0.0008553207055745345,0.0007485985551496635,0.006989859852207462,0.0003512569950967346,0.0037125637328585814,0.00028213014766244316,0.000956199597763333,0.00023141507617954987,0.003673535177847833,0.0033295546930073396,0.005134680487332147,0.018138686316478362,0.00017221074273104188,0.0006807947095801432,0.06724818478631646,0.008076816134272342,0.008267328402799383,0.0005654730470342598,0.0006005325964506947,0.0004612866501835334,0.0011099985645429767,0.0001738644950620058,0.0023983818805192606,0.007315428561096557,0.00646297435956236,0.015989359537002267,0.02364226382377086,0.00415113885103021,0.00752380135479801,0.0037964641011161504,0.0001443174534154506,8.88616252504608e-05,0.0016171492793719093,0.0001992220308034524,0.0009005232692875481,9.194862960159343e-05,0.0014693038209837358,0.000250929353684924,0.016417571140566523,0.0005955713394578029,0.003005198735827618,0.025865458207363343,0.0031166616429345855,0.013372351598329578,0.011669207197747545,0.0003305299658819869,0.0001069426507356662,0.000243873343739478,0.00012800043041660667,0.00030032142330304614,0.002100155210168769,0.000620818625043852,0.009264761558681417,0.016771694639703596,0.001103383555219121,0.03255554788704475,0.01975142558963437,0.0009156275405770184,0.0018363265883023262,0.0007781455967962187,0.0008031723820714726,0.001470296072382314,0.0024748954883651907,0.00016559573340718624,0.0746375912016848,0.005349668290357455,0.012646574825347217,0.0003077081837146849,0.001968847275090234,0.000628425885766286,0.013149866784737233,0.003817852631263284,0.0038196166337496453,0.003780036827961909,1.1907016782940156e-05,0.05035477397505392,0.0003121181899305887,0.010941666422278822,0.004892240395612838,0.0003251277082675048,0.0010891612851728315,0.003126914907386562,0.04589129643378232,0.007947713202301759,0.001320907111818574,0.003281154874787796,0.0050760274046606265,0.006548307979840098,0.000653673171352335,0.01700377121681553,0.007457651261559453,0.0001328514372541008,0.0007806813503703633,0.0003607385084609277,0.00013957669673335404
SRR24908040,controle,0.015637280510837112,0.001432997800689396,7.588139363231912e-05,0.00030495393017412013,0.0019632748338376024,0.007437983476067723,0.0008180906955842028,0.00035048276635351157,0.002027550837855567,0.0006975731880505195,0.0019323866430178583,0.0007655986256361985,0.00022817981426377372,9.641400602694664e-05,0.0026781668340818514,0.003912087566771163,0.0036519482949540125,0.008419442348530919,0.0010318084089439346,0.000920575213101735,0.029618561195933615,0.006769691578736498,0.000600802093112362,0.0010803725008686187,0.0007206054228236235,0.0006454382070137262,0.002376248159653024,0.0001098048401973559,0.0006059798823249202,0.004578236930635122,0.0048196290346137,0.0030739998921591486,0.011042617490286288,0.0015924379995450688,0.002466234565278174,0.001736344830763067,0.00013158726378122162,0.0003262007203911695,0.0005483100231643577,0.0001201604186224724,0.0003590529002225735,3.678015785472409e-05,0.0006104434937150566,0.00042190054859569427,0.004902830750925842,0.00010284160642874309,0.0003942261579768485,0.0016276112572993437,0.0003017401299732219,0.0053772233694695405,0.0018429358707595246,0.00041922238176161247,0.00029870487422792915,0.00014176429775073266,4.677864736862967e-05,0.00021621733573820812,0.003191303599491934,0.0002460342598243194,0.0009484281481761862,0.0016090426339163762,0.0004054744586799923,0.0037849639143800774,0.0024871242665840125,0.0003501256774423007,0.00045957342872844566,0.0001296232747695616,0.0005308126665150229,0.00021228935771488807,0.00046046615100647293,0.0004049388253131759,0.0013237285938588563,0.0019666671784941063,0.0034694758613252356,0.00018300806699559318,0.0029495544066021452,0.0002479982488359794,0.022279491348271313,0.010417176262300374,0.005399719970875828,0.00936572796323984,0.0006125860271823221,0.0323697527123581,0.0003120957083983384,6.249055946190986e-05,0.022406257911751187,0.030202937199130274,0.0003658375895355809,0.0020871846860277894,0.021143412977253792,0.04664206086009149,0.003664803495757605,0.0026685254334791564,0.0008973644338730256,0.0015529796748562628,0.0007457801910639928,0.004453612900622513,0.22551432408603986,0.0002344288702099647,0.00016193982123414926,0.0002117537243480717,8.195190512290465e-05
SRR6784574,controle,0.00014361409475141776,0.006258203996284995,0.0005440109086897728,0.00227080441343878,0.0030590220882036677,0.011053634735314842,0.0018617644355305876,0.0033144888931529825,0.0007379736766011263,0.001306134602265445,0.003501288900611824,0.00018934211450879338,0.0008000160421908423,0.00015511339075973096,0.0015820728457523164,0.0006432278514923193,0.003185185365735708,0.03295909081332008,0.0002459264267265531,0.0006362146267486276,0.10950840898357304,0.014387443642047462,0.0012726834642022504,0.03586138452510876,0.0032768058945301616,0.0012464399473042142,0.006423859654516586,0.00038053847180696365,0.0008281287554491373,0.008699987539189383,0.011545128703066778,0.007887171240323489,0.0381824329367113,0.01374182321921401,0.0007603591722115878,0.0001814167219412953,0.0021265921758520795,0.0004910752677672385,0.0025357667358982105,0.00019396276791135356,0.0010330524908170496,4.251300201773018e-05,0.0021398859003662414,4.903275892231349e-05,0.003455919766555618,0.00015619004786324015,0.00016943891166475579,0.0004174289311730348,9.20093216373879e-05,0.0012433744652733897,0.0009520190902071023,0.0002738896042760274,0.00010268617124718718,5.188889096078921e-05,4.810563752762504e-05,6.471905477760684e-05,0.004681663971759045,0.00011019286382998723,0.002071084520737829,0.0021055973623336508,0.0004203000167823926,0.00575163682908393,0.0031605717880638174,0.00042876373790164525,0.001274059192723401,0.00036696062944604243,0.0013953027454352393,0.0002154809564106549,0.0005535213797707705,5.0004741029648164e-05,0.002385094555690455,0.0028442738567662344,0.0025826162734717416,0.000235698184243216,0.0003279617165855991,0.00037515518628941777,0.005231117980249892,0.010510192062318588,0.014612270580259412,0.003966494490753078,0.00021844176344530512,0.10158563329097933,0.0008230894020618791,0.00019281134295343402,0.01669329922563382,0.0011374433691447928,0.029030623253320117,0.008692465893035703,0.10997087807024288,0.0006834380035942104,0.00010812927104826132,0.0040565897553175604,0.005862263346469497,0.00018935706807967544,0.00025045735870382087,0.0010031752561946701,0.00029569191062208815,0.00012629785966997858,0.00028725809664459964,0.0002732017400154521,1.704707080556187e-05
SRR24907956,controle,0.0005028284704083276,0.016427979825152608,0.001474256435770533,0.00330068564012523,0.000392186922988662,0.03790401038246782,0.008015847533537164,0.004169667728247004,0.006656330480275915,0.004642847156536336,0.009387175993821429,0.001015781003979239,0.0015617572673900068,0.0031748579979616887,0.00470166314252849,0.011127068563048327,0.009700539853615688,0.02216422580324799,0.00017379641762435484,0.0005197019090126338,0.1686953360851501,0.0053551473147609805,0.00600356945541218,0.0007139875020850749,0.00045847543179129387,0.0007952210565086638,0.002656361334563648,0.00044690507389119816,0.005237033244530837,0.020944758290402484,0.013134043560469101,0.008343192242460707,0.04935191532812089,0.005322605683166962,0.0005565824248191891,0.00017717110534521609,0.00024779849836038386,0.00047800041074770545,0.0031507530856698224,0.00023598709133736945,0.000629861358186462,0.0002244167334372737,0.002605258920504892,0.0002232114878226804,0.008758278832126641,0.0004408788458182316,0.0010717044004963684,0.0011657135584346463,0.0005517614423608158,0.008611720965392096,0.001736035783260199,8.533138951320611e-05,0.00026973396854598205,0.0004059267229950257,0.000121006659705168,0.0005708043230713901,0.004862442907515236,0.0004360578633598584,0.005010929167233132,0.0045377497389438,0.000876213561809334,0.010350649338127318,0.005823746809714858,0.0012455008181207232,0.0017471240429144574,0.00048619608092693995,0.0017868971481960366,0.00043412947037650907,0.0009458767583328271,0.0009183971583200997,0.002908257668013649,0.005367199770906913,0.004074212275571214,0.0003042039931233506,0.0027187930573995813,0.0017237422779913473,0.017773998127530412,0.005582215588550359,0.0031628055418157558,0.005317061553339832,0.0002911873404857429,0.055440816173046276,0.00013426436146569436,4.121940001909109e-05,0.023318369003782542,0.011797185124762206,0.00045100290898081536,0.003705648166628581,0.04637182502147748,0.0012835865795418717,1.253455439177039e-05,0.0012204317093371824,0.0014306265445222551,0.00791050906682171,0.001894646106140678,0.007360917066567161,0.00078871273018986,0.0001540303895450246,0.0005093367967271314,0.0003066144843525372,0.00020682014746421144
SRR24907938,controle,0.0006009284458733695,0.010234748241827315,0.0008671191833039685,0.0024503257237817547,0.004195303115848265,0.004267962905121167,0.0001974152765150537,0.0006870691394453316,0.00044509833177236647,0.000918757901466471,0.0009294969269250446,0.0008269049603101613,0.0011620996485596797,0.00014646202806267296,0.0028513255042029576,0.005525799823194513,0.012523303114020347,0.0051065208505033976,0.0007672690955295722,0.0027530748457521787,0.05096947123552031,0.008596018654829672,0.00043413081641041905,0.00033770807718663126,0.0009253841086643143,0.0005298680859240852,0.0016305039504761845,0.0004686327918198787,0.00031348814742899735,0.01886778226100356,0.004158973221211814,0.0034172949948601196,0.006919359743871958,0.007334068918495595,0.002363042580692923,0.0014454271287433216,0.00020929675149049677,0.00010167800700138761,0.001672089112890235,0.0003687827040454823,0.0007000930639376442,4.227063212417238e-05,0.0008314747583776395,0.0003555302896497958,0.008798689199122325,0.0005927028093519089,0.0029578017991751973,0.005747892009273948,0.003842971684845704,0.014476434808060485,0.004485713783036498,0.000249510974484304,0.00015514464439088133,0.0007377938979943384,0.0003303964002786663,0.00022757594376040914,0.0023500186562006105,0.002543321114454934,0.007310991438254831,0.002238744073257519,0.0009352091745093922,0.005174610841708821,0.00483576031500532,0.00033862203680012687,0.0011138882789477858,0.0004172225635607501,0.001067733318466257,0.0005623136522031796,0.0011004073746487253,0.00021866483752882687,0.0012178511849829123,0.0058438577686909885,0.009040203026988542,0.00015994293236173333,0.0010693327477898744,0.000503591747036086,0.01678235491290993,0.007596375327568837,0.004463321772505855,0.005926571113712342,0.0003217137839504579,0.008400659787444982,0.0033316112810949055,2.7418788404868572e-05,0.00849822497618564,0.000345476733901344,0.00071037510958947,0.0007042058821983745,0.01090787949716684,0.18534735377845757,0.0031188871810538,0.002787348331258264,0.0028195654076339847,0.0005712247584347619,0.004767898813703271,0.002768612159181604,0.03090280245151387,0.0001338950833771082,0.0004818852062155651,0.00024311325718983466,9.985008777439638e-05
SRR6784590,controle,7.57459901101963e-05,0.008671818500582766,0.0008125495705587823,0.0016314066961742207,0.00041194605188734956,0.030223461552279708,0.024616543071785214,0.001023742006096123,0.012126956992728902,0.000663289210694692,0.00970489273725979,0.00046290445721349334,0.0005206499393257467,8.657211530977879e-05,0.002148681540250353,0.0008466324996368545,0.03568182051236085,0.024932935197507253,0.0002096063252014563,0.0002899446580283409,0.11640950654041819,0.025232820709850032,0.0009543589004729043,0.05264462504462319,0.0004492012016371905,0.002461458809858052,0.003510984330484015,0.00012906511779672603,0.0006965606414613816,0.005230346377726053,0.00952485077099348,0.005909847111504958,0.049397082575043494,0.003372384107528543,0.0003311650836178926,0.0001219276212852466,0.00020602835537399634,0.0005119078893349424,0.0008621800695572089,0.00015720935468695237,0.00042832356326252715,2.598638910768605e-05,0.0008152607126445379,0.0003537026049022023,0.018787089622537462,8.048587797440874e-05,0.00013033769469412157,0.00041058125927275147,7.303484802444057e-05,0.001408429091978391,0.0012549083659795415,0.00028472524843467506,0.0002783623639476973,0.0001419568750616462,5.247074308826601e-05,0.00010951538574977981,0.003962158948469341,0.0001040746584348278,0.0036196513316355313,0.002247887208816885,0.000574743679036778,0.004474066837804283,0.0024411160226431635,0.0005068729111756818,0.0005984615615012807,0.0006806073223853358,0.0022916343450577873,0.0002834157852503985,0.000986671287780687,8.572373071151508e-05,0.00026462222208451343,0.002072234710689417,0.003110122607804415,0.0002733827152187582,0.001981734205826809,0.0006715886252429238,0.003836063176766538,0.023442175913210402,0.01845125842362912,0.014717370261523036,0.00041806917550960064,0.06836683309021582,0.00015538348348634134,6.905112904128925e-05,0.010353906954931524,0.0006485531390857202,0.002713429035542372,0.005620068441767582,0.07334790194119986,0.0010063870081185979,0.00014861484984367223,0.0024303821131607837,0.0009533260844402355,0.00033822880755560994,0.003153132018307697,0.002280789776714764,0.0010981969761654831,0.00011827587888402457,0.0005097500415524021,0.00045003114309201365,3.0892265262863116e-05
SRR8556942,controle,7.070503533457982e-05,0.006587227890251435,0.0007747657465943492,0.00189603101095943,9.013770889376665e-05,0.00622787291151078,0.0004820797863721351,0.0015478871900413825,0.0014767337083938985,0.00018132179251764338,0.0011526565062683826,0.0006080932002982467,0.0002448516868457542,3.8416900805469374e-05,0.0008696868828257619,0.00029567560230824285,0.006126374562690104,0.005074020548407986,0.0013356226019333418,0.0007414312373351287,0.012785652827214831,0.012378314092993415,0.0006121292171143855,0.00013139476968096334,0.0004062923594913064,0.0007293231868867123,0.0006520409389628693,6.009180592917777e-05,0.00029358285284802275,0.003002049100685764,0.0032602046948143463,0.0031379283334957704,0.0015072280576713917,0.0019348963580778037,0.0022969420146958844,0.0013369679408720546,0.0002790830887307833,0.002649570298742975,0.0010562405489939555,6.278248380660364e-05,0.0004360392982472924,1.9582155663488277e-05,0.0008299246430815795,9.566854675291983e-06,0.006923263660721066,8.520479945181923e-06,6.203507328509645e-05,8.191619315718761e-05,0.00016846633154771976,0.0025573398403889885,0.00042408072990317747,2.8999528234478824e-05,0.00027997998135659193,5.276718281840734e-05,0.006025324660182333,5.680319963454615e-05,0.0041557519816842565,8.699858470343648e-05,0.0009112429078215615,0.002951075703118974,0.0005867172593831412,0.005742355036739711,0.0019795915072639333,0.0001007509382991687,0.0006269279454402278,0.0008855319858817142,0.001971668955735957,0.0002463465078887686,0.000983592246303457,2.8102635608670202e-05,7.802965844535024e-05,0.0013584933638914616,0.0008602695102547714,5.650423542594328e-05,0.00037146302918907156,0.0001481367653627243,0.0009215571730183606,0.003412526959097511,0.001849542076521683,0.004410320005309604,7.414312373351287e-05,0.021950849088248854,0.0020449151868436617,8.968926258086234e-05,0.0018274187250850703,0.01108918042549782,0.01499141075828684,0.0011822539629200671,0.015991894482376357,0.08799458396439695,0.0050822420641445645,0.0020703271445749057,0.003701475866712189,8.505531734751779e-05,7.489053425502006e-05,0.0010342666796616443,0.5388602647268275,5.949387751197202e-05,0.00042751881830211053,0.0004725129316968431,5.6803199634546155e-06
ERR912047,controle,0.006075972534746245,0.015324844931459356,0.0011872828393407436,0.002627110101547918,0.09610587733738073,0.02235547427086493,0.0035385167834888053,0.004402655099541605,0.0010747720305906692,0.007448353801385499,0.0017568796103669465,0.0013844359961481898,0.004576476521815626,0.007233010533025141,0.0047680127795687284,0.01049530550378767,0.0018432934419722264,0.004929822679249615,6.960634135805299e-05,0.00020315891810401314,0.03862944552176088,0.00393498344289383,0.00017079693816783579,0.00014219395990648813,0.00016945752377795395,0.0001889870497207472,0.001286140262697184,6.636582267285499e-05,0.0001222755717214711,0.0031544505089191387,0.003230192232321167,0.0024608498895393595,0.02364446619000509,0.0013096448248938201,0.00046024006712972094,0.00020588095379957944,0.0006686270220458535,0.00022852137768016278,0.0006733797827841439,0.00011756601789898335,0.00033161307878526176,2.4973597333925903e-05,0.0007315794983703,0.0009136102346468222,0.004672439081813289,0.0012465627278219658,0.0010417619469174522,0.05001213466230317,0.004825910046744266,0.02835406321940865,0.00515657257338187,6.256361408222267e-05,0.0009952713055138118,0.00029933751268068973,4.3768605708074285e-05,0.00013268843842990734,0.06422924068641445,0.0012304033413117785,0.0376183172781475,0.00036358619647921533,0.00018786366990987857,0.0031504322657494935,0.002950038590256849,0.0013957562080884815,0.00036479599012168923,0.00091602982193177,0.002998430335955806,0.00046447434487837964,0.0017059386566356338,0.00026922229236624965,0.00020065291698746,0.0018010370783172445,0.0017460778814162865,0.00029441192427918873,0.0028743832806864267,0.0007831685558386521,0.01555500817194002,0.0028474221652255794,0.0031088672127473536,0.002398113447793926,0.001593471054801362,0.0007498992306706193,5.0336056910075563e-05,3.495439488433573e-05,0.0013894912052970988,9.864138877742705e-05,8.55064863734245e-05,0.00027419108768355325,0.0031606723047947188,0.00022601537656360968,2.592414948158398e-07,0.00031368220872716616,0.0003209409705820097,0.0001458233408339099,0.002091862828584814,0.002306471579376527,0.00016293327949175532,8.364858899391099e-05,0.0008328997159274907,0.0007677868938129123,0.00010797408259079729
SRR8556986,controle,0.005483525876484502,0.002358586962509618,0.0001410531852696937,0.00041249726778869476,0.07530796241898882,0.05245845706030057,0.0018516840195404198,0.0039288310045119245,0.009237761914662601,0.0071981550687628725,0.010951502582939273,0.0001779269313401963,0.00105023537000805,0.0063884875722147886,0.006155250021768838,0.008855030200930817,0.02797895442049576,0.008205741286689378,0.00013905400626587126,0.006478672758387222,0.05229074815497991,0.013322306750472251,0.0026713474111076164,0.0004038341587721309,0.00022501870343023575,0.0004116087437869959,0.001163744311225079,8.574256616393979e-05,0.0010086968729286284,0.002730656388221015,0.0042302627720882625,0.0028897021845251105,0.021769726565623718,0.0013418933735657001,0.008151097060584898,0.004985063911531442,0.000156380224298999,0.00010728927320513708,0.002879262027505149,0.0003334186316374964,0.0014880555718451622,0.00013905400626587126,0.0015540284789713026,0.0008438756706134903,0.00923020946064816,0.009634710012421565,0.012836728383543824,0.022061828831182215,0.0006757225032919815,0.05721517030339541,0.02777925865111394,3.7095877070927316e-05,0.0005137890039823645,0.0003556317316799679,4.864668909301247e-05,0.00024367770746591179,0.002247521462297261,0.008406547711073319,0.007796353852906629,0.004910205764388313,0.0007856773485022151,0.014475610904677368,0.0179128660052494,0.0017033005112567106,0.0030016562087391667,0.0003054301255839824,0.001311683557507939,0.0004680300178948734,0.0009040731717285879,0.0006075282861615941,0.005228741618997354,0.007392297563134073,0.004877108245325031,0.0004724726379033677,0.006129038563718722,0.0017172947642834675,0.059142823125081075,0.007246135364854611,0.008161759348605285,0.003947712139548026,4.820242709216304e-05,0.018515729540402075,0.001592457142044778,3.3541781064131886e-05,0.020719491195615666,0.000359407958687188,0.00048735541493182357,0.002203317393212743,0.019805422128867968,0.0006121930371705131,2.443441004671859e-06,0.0002625588425020125,0.0005859815791203968,0.00032608830862348087,0.0013385614085593294,0.004164511995962547,0.00011884008522722225,0.00011795156122552338,0.0006743897172894331,0.00041316366078996894,0.00029876619557124096
ERR911995,controle,0.0021887079379565625,0.015732685369326968,0.0014204270865328062,0.0019503653389127326,0.006107263699323528,0.06008497429645173,0.006090821170738155,0.0023847344799503485,0.018656443462797507,0.01373874486081486,0.03389271753743064,0.00042498751812103673,0.0004526879942063047,0.00011630743568422238,0.003371804653181275,0.006776198101756983,0.003583039299692463,0.011804797362006141,0.00048268449905799864,0.030804336650255493,0.026821763656723552,0.0006194093088264604,0.00259922800600098,0.0004469355780495601,0.001487900706088098,0.001051284913246775,0.005493384610321578,0.00011275229436846605,0.00046945147304935014,0.005259757511217397,0.005531009855913332,0.009399892392785146,0.01038116077289661,0.001629118819463974,0.005164854988871791,0.002943385436151279,7.636147284468262e-05,8.860695959895439e-05,0.001331820126933852,0.00011714684405044262,0.00045834165643761165,1.975078508753511e-05,0.0011207829882735392,0.00034724349032022665,0.005635170558768721,0.0012247214947966928,0.002118642027858532,0.010234906209323413,0.0001482543305633104,0.016824138441745518,0.0030612482461611448,1.0788866354066053e-05,0.00012467683086506538,0.00010416070285538828,5.095702552584058e-05,0.00016958517845784834,0.0028271026889484163,0.0013048109283266475,0.0042582692648725695,0.0041306298162443736,0.002518768245250634,0.007036464072247977,0.008304834802088122,0.0010088701022712935,0.0004131617355498751,0.0003609702859560635,0.0008886371980509234,0.0008030669216591775,0.0014273151728320841,0.00047557421642648604,0.03352685893216541,0.0023997697650982347,0.0025903154642302295,0.0002801895749480449,0.007628691363097717,0.0007276682995875122,0.022866792385351446,0.014510482099628935,0.012907162743185553,0.008780853411179077,0.0001959771650310671,0.08548675525930695,0.00021261720146731545,6.0857106550967556e-05,0.0242350527107718,0.054156578644577194,0.0003220612393336194,0.004758433208733036,0.04983915577836746,0.0016827175124952724,0.001101377841925036,0.0002326642483311636,0.0002704870017737933,0.00027465935512353514,0.0010214365392832376,0.008224128156524181,0.004144998512395556,0.0001002599228006001,0.0005156436216728229,0.00034376241444854857,0.00011393734147371816
SRR6784554,controle,0.00013978545904848986,0.013464945032688925,0.0013227119998289684,0.008842790188604108,0.00026869168779999317,0.004770795490584343,0.010991185166903205,0.0004932339410226805,0.0005932975592193823,0.00010461771460009151,0.002101209479452866,0.0010666705798161689,0.004876172221251665,0.00011246088062815158,0.0044243046558931085,0.0016896962683354564,0.004500459267972014,0.02259767935897551,0.00037179137026562145,0.0006135379876788922,0.07593272638191842,0.010411296891538248,0.003034040226080526,0.00017368817671816885,0.00029247419123991727,0.0010217621291716314,0.0024203757357237616,0.0004726140045295549,0.0013582592523109826,0.02511457663791556,0.008522485408232364,0.011340332557829751,0.021085719353050127,0.005731836334377444,0.0003456053159461306,0.00013358682783276498,0.001126000335738107,0.00036027962657927525,0.001963701068606071,0.000464391330467879,0.0012282144994586318,8.184723258314293e-05,0.0017217014458370563,0.00015433326700376257,0.0030226549850720513,0.00013497835728935628,0.0003286539571112911,0.0007587630618758753,0.000121569073434931,0.003458709715696617,0.0009284031529021422,9.500351108182433e-05,0.00026704715298765804,0.00015471277503737837,0.0012086065843884817,0.0001492731598888851,0.01146898578122551,0.00023289142996223516,0.004587999121059394,0.017239405432353895,0.002478819972900596,0.04167757225168821,0.028096244755357103,0.0006387120205754075,0.0014127819064737872,0.0004890593526529067,0.001138018090135941,0.0011667341980128706,0.0018089882935686924,0.00013130977963107012,0.0009500351108182434,0.0057261437138732075,0.004770921993262215,0.0005533227130118504,0.003069966986596156,0.0005511721674880275,0.012172846680904965,0.00312183308452365,0.004654033518908545,0.0012073415576097622,1.0499722263370732e-05,0.09563804851402997,0.00018747696860620995,7.577510404528999e-05,0.03480695881110759,0.010506300402620072,0.0002936127153407647,0.009566512008709456,0.0963942815223484,0.000598104660978516,5.81912318210908e-06,0.021028919650685627,0.03147184221169186,0.0005055047007762584,0.003831386604707342,0.00323290243569521,0.00023845754778860037,0.0006471876999928273,0.0008315021016522388,0.00033700313385083894,3.719178729434934e-05
SRR8556990,controle,0.0011259050956573251,0.0007830928666507268,3.590941370856366e-05,0.00014943669058843263,0.012384286932720479,0.05558576506232625,0.004469941367287729,0.006087649302866686,0.0064563341529303864,0.01460977842330463,0.010775723630446188,0.0009222697247509983,0.0005551461535441922,0.00011062775900277998,0.0022350822035622137,0.0008745391996973795,0.012404360518023403,0.012533500583472213,0.00011620375492025879,0.0007625732016744046,0.09945926221990657,0.0006717959881378493,0.001105162390844304,0.020352162058961027,0.00033121415749824245,0.0017760662196353565,0.007369013164703321,0.00038318243944914513,0.0007882227828948072,0.008335444777120752,0.00910493221373283,0.0035173382247456453,0.0413259361428026,0.0074838786806033855,0.0006686734304240611,0.0003260842412541619,0.11152371002680046,0.0009294069995253712,0.000916024609323422,9.14463330466528e-05,0.00037359172647108153,2.2750063343313624e-05,0.0007770707910598496,9.925272733112316e-05,0.00776446279517092,0.002639899507171177,0.0003149322494192043,0.004535068999603881,8.453209810897905e-05,0.004493583589977839,0.004249578008628965,5.419868031789422e-05,0.0022373126019292052,3.390205517827128e-05,3.300989583147467e-05,6.312027378586035e-05,0.0026932060281422746,0.0034372669233706495,0.0015938426730521486,0.00015367444748571652,7.159578758042817e-05,0.0008111958860748201,0.0007329089033934173,0.0008018282129334556,0.0002252702350661447,6.9142349376737484e-06,0.00019917457417234377,4.23775689728391e-05,9.14463330466528e-05,0.00012914006544880968,0.0007246564294355486,0.0006940999718077647,0.0010101474204104648,0.00020653488878341584,0.00029887338117686526,0.00026207180812150494,0.007428787840938695,0.006799592461610384,0.005184337964235116,0.006955274267626392,0.0029626381508748513,0.015265961622873539,0.00017107155474825047,5.196828195090269e-05,0.06619577009410497,0.00017887794903272085,0.0003624397346361239,0.004313590441761622,0.013332652318365279,0.00024110606347178457,3.568637387186451e-06,0.0003053415364411407,0.00011798807361385202,0.0008883676695727271,0.02889547996388539,0.010589039287128996,0.00010995863949268252,2.587262105710177e-05,4.90687640738137e-05,9.791448831092824e-05,4.728444538022047e-05
SRR24907950,controle,3.973991040761724e-05,0.00020974443176990354,5.143448894718853e-06,7.628546834377752e-05,5.489954925520965e-05,0.00037298125721808606,7.395738094932582e-05,0.00027595956859349465,9.084954995092879e-05,5.365429320701456e-05,0.0002014066304037277,2.6529367983286715e-05,4.840256117767005e-05,4.001061824418139e-05,0.0003387637866763775,0.00015841822595734066,0.001142928485973842,0.0035364730353067446,0.0002887911200466354,0.0011195393288946994,0.013589100262981836,0.002282662619476227,0.0003082820842792542,0.00011570052934751777,0.00027509330351648936,0.00020671250400038506,0.008838989854790692,0.00010389766767332083,0.00025127101389884417,0.002677733636157948,0.0016487190078103,0.0015568949096477405,0.004849947458316001,0.0008699467035825529,0.00021846122410726918,0.00014970143361997505,0.0007179171825681262,0.00011992357159791852,0.0010295560440207758,0.00017211604248748666,0.00024932191747558226,4.277183817713572e-06,0.0002893866772870765,3.2430798820385185e-05,0.002988181383129715,2.1440060655880693e-05,0.00014629051487926673,0.00017839646429577494,0.00017817989802652363,0.0011073033346819998,0.00018072455169022665,6.496988077539603e-07,0.00021570000417431485,7.688102558421865e-06,0.00983432842826976,3.5192018753339516e-05,0.002412223390055829,8.554367635427145e-05,0.00012393004757906795,0.0008017824703356999,5.024337446630627e-05,0.0012022676437487036,0.0010260909837127548,0.00012501287892532453,6.892221518923263e-05,3.140210904144142e-06,0.0001443955600233177,3.113140120487727e-05,5.906844993829756e-05,1.846227445367504e-05,1.4780647876402599e-05,0.0003382223710032492,0.0004528942105718232,0.00012430903855025776,7.731415812272128e-05,0.00010400595080794649,0.0008970716288062807,0.017432934975923516,0.007336669644994284,0.01800867640272815,1.754186780935693e-05,0.007604832827894732,4.721144669678779e-05,8.716792337365634e-06,0.03843980895173425,0.00018473102767137606,0.0001402808009075426,0.0014641504048408624,0.006015561260993919,0.07231001548069835,0.009498055153689773,9.361076988388312e-05,0.00028548848444055275,7.558162796871072e-05,2.8857455377738405e-05,0.0004741177049584526,0.6250949304705872,5.251732029344513e-06,3.0860693368313116e-05,0.0008470448206092258,5.847289269785643e-06
SRR6784524,controle,0.00019890106010573137,0.00279483349057417,0.0004316884791423033,0.00033624300026657486,0.00047829870436429605,0.040411642126690746,0.0013763366611078314,0.014937225684897538,0.000507339445821563,0.000550587405857811,0.009193751553193458,0.0015454553036123814,0.00513450857247417,0.00010091740064860733,0.01473066063797136,0.0031583701729367914,0.0440574748247922,0.003397717305423983,9.19019150770267e-05,0.000249928378807036,0.03115161768961552,0.000642060796940576,0.0017287811646959123,0.0003317270166347411,7.448076654108387e-05,0.00012072839453716294,0.0007081688639014716,3.6556393048932065e-05,0.05774403675074516,0.001288324425363333,0.0020173426297548404,0.0015848300660081878,0.002321825409369796,0.0008822484957242041,0.000363058713292099,6.43115625234143e-05,0.0003107293409159226,0.00026795934995019725,0.003864396416866955,0.0004217005737375906,0.0017616456587173598,0.00020119201530582225,0.005084437191913911,0.0004929014835533645,0.014015833170466747,6.531694574072037e-05,0.0007177941720802707,0.0015923951626761138,0.0006128222751782651,0.005023801046725894,0.0011463511297260468,3.105150789187918e-05,0.0006794577562859443,0.00021675073263593582,6.26963566988898e-05,0.0006727826709907155,0.00671648730575131,0.0005021147494299889,0.0007590313656819065,0.039875311384488174,0.005570795443708742,0.13923352747997467,0.025216494442323982,0.002770885591971781,0.003933850267321509,0.0016532785332454354,0.0081173157613004,0.00045522433544251746,0.0026910153121182533,0.00026855269086532873,0.00042250817664985283,0.008447592389031486,0.010405271293431443,0.0011670850983714737,0.0008091686730105139,0.0018229905166651167,0.0074655637294126775,0.00029790658447224845,0.0010961149322449176,0.0008142615158653922,0.0003128389975030566,0.0006564328324404267,2.7425535632742542e-05,3.698491704319367e-05,0.0010487300674948364,0.0001030929840040893,0.0006728485977590635,0.00020854284997661742,0.0036138911788368743,0.0013949774548582111,6.856383908185635e-05,0.00023623209268275173,0.0006540924321640748,0.006237216181553882,0.0007493566124268464,0.004444683831865513,0.00043592427400865834,0.00035213135143842816,0.002109310471600215,0.002419759623750659,0.00027791429197073604
SRR8556973,controle,0.0023863661402836775,0.08369426140217272,0.010300674285772929,0.018149029863383105,7.380047069306339e-05,0.0002763367317770942,4.603096842818882e-05,0.00023181497542851812,0.00012224617844863262,3.1391611255945164e-05,0.0011643571194212352,0.002304717766776628,0.007205129389279221,1.4941199588166208e-05,0.004812575479469131,0.0008080321474246654,0.0022900784096043843,0.011754347360855929,0.00012300078448843898,0.00019317914619043178,0.08071522767822512,0.0007555115670541418,0.00022668365435783477,0.00033489416046606884,0.00022758918160560243,0.00017491768002711754,0.1082855139485908,0.0009065836962233779,0.00033459231805014626,0.005066424951259996,0.0038773167537331115,0.0013447079629349587,0.008701664087423223,0.001199974524500096,0.00012390631173620663,4.6785574467995194e-05,0.004187761678509454,0.0005135848706922183,0.003230166613995165,0.0005796883597792566,0.0013917953798188764,7.214033740548937e-05,0.0017360466551785442,9.462759739171932e-05,0.00392214035249761,3.9239514069931454e-05,6.685809512684474e-05,0.005781036870956632,5.7651901441206986e-05,0.0008936044723387083,0.0002612446109809667,6.278322251189033e-05,0.0007615484153725928,0.0002482653870962971,0.001280717370759378,0.0001738612315713886,0.0025306468150946564,0.0003108976884002261,0.015235495943690693,0.01811884562179085,0.0016005194104293196,0.037988226334724526,0.0145495590535067,0.00028207173767962263,0.002844713848862069,0.003476168182972043,0.005100382223051283,0.004295670342201766,0.007540627234577136,0.00012783026314319978,0.0006491121154414431,0.008926083923661638,0.005510586066290028,0.006201956119960628,0.00020812034577859798,0.00042288122470749204,0.014386413227700562,0.004581364188872459,0.003120145053391396,0.004684141531494087,1.6752254083701505e-05,0.03481978649478552,0.00012918855401485124,4.452175634857607e-05,0.006788737776514064,0.00016103292889468025,0.0003195001972540188,0.002302152106241286,0.03570629767035005,0.0002924853010289506,1.2073696636901987e-06,0.017139366982122175,0.02973736389548163,0.00037368091091211645,0.006460785991614214,0.0029195707680108613,6.791454358257368e-05,0.00024630341139280054,0.0023166405422055687,0.0010822559822903017,3.410819299924811e-05
SRR24908049,controle,0.0025904142748895166,0.02402690817928955,0.002175935440450436,0.005781054144239262,0.0029383756885102137,0.02290991752781103,0.004324887398870773,0.0011151080829647944,0.009377701289716312,0.0030117958605456,0.007118305311823942,0.0010046640634927607,0.0018100896259493245,0.00014872291258449986,0.005046224901047493,0.0029208050490487536,0.05095610948390953,0.006840312694630131,0.0007442420857604086,0.027814949790328933,0.09988688900846686,0.0025847665693483333,0.0011411502807380297,0.06911724793584206,0.0007065907154858517,0.0009014365566566838,0.00408266358343779,0.00019955226245515172,0.0007467521771120458,0.014551627088278344,0.007961696005974017,0.0068205457252359875,0.02440467692771094,0.0029612802720939027,0.0005453173461431662,0.00039753571781553024,0.0007175723651492641,0.00017915777022310005,0.004112157156819526,0.0007103558525133074,0.000968581500312977,4.643669000528688e-05,0.002684542700575909,0.00031533022604941427,0.0074352043449681295,0.0011141667987079305,0.0019183373154886755,0.01857247967218207,0.00029807334800690903,0.012418049439386784,0.006024846766767018,0.0017137648703302495,0.00022120180036302195,0.0006570164112910185,0.0004094586517358066,0.0002670109675303996,0.002194133602749805,0.00030968252050823074,0.02013407025431932,0.004139768161687534,0.0003752586570697507,0.009560937958385822,0.005717046814772515,0.0004684457984992791,0.0009268512315920098,0.0009463044395671974,0.0023155592718852513,0.001222100726828327,0.0024169042102076,0.00024159629259507364,0.0027865151617361673,0.008841796786141786,0.01445812618542986,0.0005801448636471313,0.002529858321031271,0.001646933688092911,0.019348411661256896,0.0004982531332999701,0.0016576015763373688,0.0023886656825016827,6.557613656151998e-05,0.011912579793450858,0.00012362199906812857,0.0003300770127402824,0.04010090567233581,0.009561565481223732,0.0007690292378578253,0.0021743666333556627,0.009721270043471645,0.00089170995266909,9.412842568639233e-07,0.0033243022338244224,0.007330721792456234,0.0012886181476467109,0.004810590075412557,0.009849598463824093,0.0006435246702759689,0.00018606052144010216,0.0010937723064758788,0.0006485448529792431,0.00017664767887146291
SRR24907984,controle,0.005151017812672518,0.0049982104435070595,0.0003571378079679761,0.0013773719358437658,0.007074603041390901,0.025599832307233568,0.0021993346347742733,0.0036985743149805924,0.005924680319549602,0.0009071326105407262,0.005868731164697682,0.002764197645932864,0.002268218271661852,0.0010822852642860602,0.004352130917240844,0.0221152570638064,0.01826696934214064,0.00329094475820232,0.0005174222531274696,0.0006889652839791314,0.022206228155067165,0.0010912663498191257,0.004016865705140477,0.0001763988330776732,0.0064519430922324395,0.001045114742821459,0.0006551035835003965,8.83498174927396e-05,0.0007202916540920727,0.0021168719403343085,0.0027083344344831744,0.0018029636636881692,0.0067520144811195025,0.0012159702264552786,0.0010150345520408572,0.0007694083084666842,0.00013463033959375156,0.00012173882925920783,0.0019670296185457957,0.00035052016599624366,0.0019483799002618222,0.0001471780763193741,0.0016123411975413828,0.000980743134550971,0.0158878411099006,0.004216211426613638,0.010750703156688272,0.01489876146533329,0.0019849917896119264,0.05411559533703758,0.006449880450578913,0.0001310207167000793,0.0006650730181591104,0.004076897171598336,0.00010747222448897945,0.000214385816863462,0.0016848344573226336,0.008594168336224684,0.015019383030363502,0.005041225116323321,0.0011321754092807443,0.013984151778798528,0.019284625167949522,0.00136087080261555,0.004303443979877384,0.0018839653202902189,0.003511518500026363,0.0011528877692182447,0.006280872750093045,0.0010037329946475737,0.01200324230079254,0.007996818719023044,0.021614980519423874,0.00026393218824922505,0.005611932278833571,0.0006694561316728553,0.06625226476979265,0.00264366202430488,0.002135564630319397,0.0016142749240915643,0.00047397786330005736,0.006678232070304797,0.000455585975222775,5.698047567868323e-05,0.017928867997766676,0.00012448901813057715,0.014800012496170684,0.001002658702119695,0.006164419440071,0.01244400303913059,0.0013465182544430913,0.0032733263607451104,0.004298974922961408,0.005284101171026124,0.004849872131257577,0.00531379461649669,0.13675095007208288,0.00025288846106263257,0.0009942362487011267,0.001578522468763763,0.00047952121274391114
SRR6784591,controle,0.016981713809650155,0.0034803436851171435,0.00041375133138060727,0.001389447642087557,0.002670014564865309,0.01861287848780682,0.006743201811815632,0.001116786043478122,0.009223985548843313,0.0006142702574405982,0.009183569099403568,0.0002641093123798642,0.00010324816520699602,0.0002580169579421323,0.0030422919060358474,0.02421092457547957,0.003187979642156251,0.007839549730406419,0.0001693674533689467,0.00026700605448988014,0.08487511857388512,0.0020971723176012877,0.0012728882571845354,0.021126951769082938,0.00026383343217891033,0.0006859991096886115,0.0032799167191241373,5.7750922066349144e-05,0.005897284145640744,0.003218648324495626,0.007683447516700006,0.003022198631399705,0.05447192494789485,0.0019782679509901583,0.004185217598554351,0.002226606111882158,0.00047959473934160407,0.0007985812216945477,0.00030799725434828,0.0001449520555845268,0.00031864163210175125,8.21893098675152e-05,0.0005244022819798662,0.003990354216613915,0.00648649528482803,0.001487890893794606,0.005050906679130934,0.003883634558878249,0.0005099645514632789,0.05251126734973225,0.001497638660894977,1.1426038322840575e-05,0.005858614937473707,0.0002585687183440401,0.00017214924539523183,0.00019679454334711331,0.0033856478061397187,0.0008978061339709661,0.0015570448641670496,0.01025959384319075,0.0016113932637549673,0.024122734871241308,0.01811477678498456,0.0018656168689339834,0.001438462357790366,0.001696594265816229,0.0016207502005706536,0.005113485504713976,0.0070352899745755705,0.0007027588318965607,0.00010428271596057314,0.0015785865098581996,0.001983187814573836,0.00013991724191711818,0.012124658951722827,0.000934291290547119,0.10029948864915053,0.01288592737623836,0.007198312183322578,0.012098450332632207,1.1449028339586733e-05,0.0056641653758347016,0.00014833158804621204,9.860418182427208e-05,0.00453606824411747,0.004343917684153081,0.00032526275692464475,0.0009321991990232186,0.00895658866406875,0.024156323285707444,9.402916849178662e-05,0.0019977634851909,0.0031839793792424196,0.00029197321267620787,0.0022366067691667367,0.011616533601599241,0.0015580334348871342,0.00015870008559872934,0.00244124090822429,0.0007488078354391154,0.00011858250637668347
SRR24907983,controle,0.0004375775443571154,0.016493133572403455,0.0018547817203685643,0.0028232218135049256,8.799821567048625e-05,0.008495869523892493,0.00031372110932764995,0.0007357064578737562,0.0020590892885752267,0.0007998375040350074,0.002080121513391551,0.0008707111213577761,0.0014453237625600501,0.00014937093726566212,0.0026859951663426784,0.001039198780268877,0.009463428485570247,0.004121128452033617,0.00033532798509524,0.0015649277805501493,0.03199269565006853,0.005098188309438964,0.0008764193208070153,0.00016630398529629117,0.0002883981574085418,0.00043719444372293824,0.001218566497190608,7.401504252302109e-05,0.0003642137729121954,0.0024409640007229875,0.0032019551004524344,0.004146642954269814,0.009879973805111037,0.0012166893040831401,0.004528172875846815,0.002823834774519609,0.0001445055592116126,0.00020124276313324523,0.0006749083872298461,0.00013446832259617186,0.0003211532616306862,3.949767538366188e-05,0.0008207547986610786,7.669674696226099e-05,0.008253979783473054,4.570390565733135e-05,0.0002561027739474099,0.001973619537090309,0.00016553778402793692,0.0033368065236827832,0.003751474650116106,0.0010116538446715414,0.00010952847131124083,9.048836979263758e-05,9.769066171516759e-05,0.00017879306597046553,0.0017965887340370586,0.0001827773125659077,0.0035359805433914718,0.0036468498669223327,0.0008586434513811965,0.016703187650122773,0.004874917259840534,0.00024196636054627391,0.0009672524811704123,0.001189489159056564,0.005630353400374412,0.0002873637856962636,0.0014250194289486622,0.00010259434983263483,0.0044233948523993705,0.004111321075798683,0.007808625296242143,0.0001763029118483142,0.0015252768649128166,0.00024288580206829901,0.0030728884967981597,0.00412258423444349,0.0034813120828943956,0.0021940556419958288,0.0011410652388965752,0.0061666176680955555,0.0022587996491717634,0.010188561365940714,0.029128558688833482,0.00019162693721539933,0.013233636756697614,0.0018186553305656612,0.005561088805715187,0.0753558181225142,0.00416361431236386,0.0006662120028340252,0.0007380433717422367,0.0008024042782839942,0.0009347655473921918,0.0007278912049365428,0.34384810488927586,0.00011799499532655537,0.0008577623199225892,0.001111068459240506,4.4477983627964535e-05
SRR24907892,controle,0.00021211307263251992,0.010166950926507698,0.0008429449036293837,0.006567480202124247,0.03470944049512353,0.03162357293770784,0.0005217855703630831,0.0011878646775244012,0.0109518322368126,0.006256391519190647,0.009474436362223039,0.0014600869443302318,0.005334612305925587,0.000102280042441497,0.003680980050513753,0.0015685037893182186,0.005337602030243107,0.017911123678443504,0.0011310599154915084,0.0009287027853687927,0.02547622767915097,0.006810906703135009,0.0063070594786770505,0.00045428074235169514,0.0003913391777723124,0.0013154786997090998,0.002668722338165829,9.441234686907414e-05,0.001303834510261914,0.003786092463361322,0.006948276667829512,0.008689555051918136,0.005671664384248181,0.0020500067583504966,0.00031565194636560455,0.00016223188270335907,0.00042312466788490063,9.504176251486798e-05,0.004035498413007126,0.00027599876068059345,0.0008434169653637291,6.892101321442413e-05,0.0024254531910665148,8.198138786464605e-05,0.027683745702861372,7.537252358381087e-05,0.00017151576347881805,0.0007595473305617016,0.00016474954528653438,0.00238721619058454,0.0038200809082341884,0.0002717502050714851,0.0002670295877280314,0.00018174376772296774,0.0001227360509297964,0.00016474954528653438,0.0042196024894018205,0.00048040149165213896,0.010053970818087706,0.0071928046462204145,0.001062768317922878,0.015743101486506667,0.010679452616095323,0.0003400418026401154,0.0012072192086325614,0.001318311070115172,0.002112790969018431,0.0020957967465819976,0.004057213252787013,0.0001318625777938069,0.0019330928021442932,0.006487387061196981,0.010472217514717705,0.0002907900283567484,0.000947427900831159,0.0037720879652424094,0.007335524643904165,0.0047118055244125935,0.0035642234482189976,0.0031812240277534535,0.000564428480365615,0.05267343508781371,0.05150319404837154,0.00031549459245415614,0.046770932515470647,0.0005198973234257017,0.03278091095641124,0.005217068934073589,0.05080863388323805,0.0011112333226490027,9.755942509804329e-06,0.012919700253387003,0.03179949461070721,0.0034993936367022334,0.00030149009433524346,0.022424191212696697,0.0005442871797002125,0.00013217728561670382,0.0016139790697268226,0.0004959795288855362,7.993578701581611e-05
SRR24908007,controle,0.00015956849173710125,0.011260435699674966,0.001073352101722224,0.002610867231843257,0.00018526678815918121,0.022848972904831837,0.0006514219325597017,0.009666145263505153,0.00026614669782867325,0.00037113121111887593,0.004655774307600241,0.001235111921061208,0.0019427115248691778,0.0011701689394054092,0.0025768020482139884,0.0007699528346615435,0.0030656673150340212,0.03155232850470976,0.0002099690265804054,0.0004914550176222582,0.101032354354407,0.011409047553402654,0.013393991937508117,0.0005785104868970562,0.0004528079671890526,0.0019929128481123107,0.004441223414215899,0.00026674433262918675,0.00258218076141861,0.017219253083994784,0.011537937458713395,0.0040752717047014735,0.023962366538188465,0.004200177378008792,0.0003850760231308573,0.00019741869576962213,0.0010343066280886761,0.00026017034982353835,0.00495538855425767,0.00011036322649482409,0.0008380832019200811,5.498240164724088e-05,0.0029323947545195138,4.043995483474601e-05,0.004017500340651836,9.00436432773655e-05,0.00015458820173282217,0.000572135715691579,0.0002912473594502397,0.0016460854522143166,0.0011930782734250929,1.1155849609585106e-05,9.980501168575246e-05,5.558003644775437e-05,5.0002111642961816e-05,0.0005038061368328702,0.00599726522315285,0.00019044628976363145,0.002663459094288444,0.0017462888871004115,0.00017271645734839798,0.00731485074668492,0.002120607483822026,0.00040599324114882937,0.001913626631244188,2.211248761899905e-05,0.0002828804722430509,8.586019967377108e-05,0.00015458820173282217,5.3986343646385065e-05,0.009089228469409466,0.005514376304337952,0.0028238244324262298,0.0003035984786608518,0.0003030008438603383,0.0010566183273078465,0.0011665831306023283,0.013967920557601238,0.010252624214409055,0.010660609571559596,0.0005918576641085241,0.10412850104426721,0.0002808883562413393,0.00016534562814206496,0.01784955858693634,0.0010374940136914149,0.0005233288736496442,0.005553023354771158,0.08818440141296804,0.0009295213263986448,7.570040806504179e-06,0.0002109650845812612,0.0007026193138036905,0.0003127622122687253,0.00016952907174565938,0.004320301972912003,0.000559983808081138,9.860974208472549e-05,9.721526088352736e-05,0.0001870596925607217,2.211248761899905e-05
ERR912079,controle,0.0004866711914790697,0.00035447525426962915,2.473861676317461e-05,0.000129785679554571,0.014859472772875897,0.0036584028862835416,0.00013243026781477505,0.00039313980414982765,0.0004811811601540891,0.0019929483225694686,0.06568899474680996,0.0001799993806976859,0.00023757775800845767,0.0001410670244113908,0.0025247114176750554,0.013374586678472467,0.006743599636118046,0.01075718076848722,0.0013405384415173577,0.05602433021199388,0.015958818069902493,0.0059090479231194756,0.000973610189364236,0.00020021876435798018,9.410047594219734e-05,0.0002714217925789171,0.0008136293375222719,0.00017852644546415453,0.0001874310084668669,0.005840556434760267,0.0041743319276286665,0.0017260792388941939,0.0018365159056082847,0.001396610407793836,0.00016349581092198214,6.879277056606742e-05,0.000457547244816063,0.00014977073260953074,0.000639320842954139,0.000112311311556767,0.0003961526262184145,2.9793462678248176e-05,0.00049119042458195,0.0009776942370572092,0.022601287311918305,0.001268163760269748,0.0015757059418709458,0.002676691553134883,0.00018866961309506374,0.0563700682822646,0.06188045289410851,5.242310399341196e-05,0.00026593176125393653,0.0009493402338117304,0.0005880359161866376,0.00013430491265745134,0.004168774944702161,0.02667706648210342,0.0008633409016539556,0.009361574634716246,0.0009844228730103866,0.0320767800966279,0.041601281453653174,0.0017416454862485594,0.0009810083413326549,6.270017482736948e-05,0.0006574647269671845,0.00015114324044077586,0.0005193770488236186,0.0007078123313133477,0.0003625429222532896,0.001910932610702381,0.0020231434948568615,0.00016657558459209318,0.011484174733637238,0.0009396992031922524,0.0327961081034034,0.00042936062057439455,0.0021805132342393838,0.0004421149006647457,2.5709414985274833e-05,0.008993943390747121,0.0043458284549327845,0.00013584479949250685,0.020100845849795757,0.00010963324749580088,0.0005584433083129619,0.002073524575003787,0.011705181970268468,0.0055142008531307825,0.003386278101888621,7.994021221983893e-05,8.707055778216124e-05,0.0002590022704961867,0.00019148158035907817,0.0015288732966048007,0.03431075418468432,0.0001483647489775235,0.0002177600839573083,0.00033854077310688067,0.00018679496825238745
SRR24907871,controle,0.006506163905784488,0.037153969728114536,0.004496299926198974,0.007686566013838622,0.015247926787042823,0.042372987203902555,0.00788396989688267,0.0036175480110309777,0.0008575492758780802,0.010502617703436126,0.00887647275329858,0.00039218789973905524,0.0005139812214072813,0.00011015624090853065,0.004835420300588842,0.023110084773391614,0.006439448704570527,0.01234121553634361,0.0001244741151416638,0.0005784421190185786,0.0801659606126856,0.006915776963100888,0.013871034702810587,0.00039346736935137776,0.0004466567489493574,0.0005178196302442489,0.00249338163879464,0.00047681567552553146,0.0023232121803557423,0.010812858620862143,0.006669631380539791,0.006863867053115231,0.017674532297499105,0.006335446103226024,0.0005838646330898503,0.00015097741425405917,0.0012987225836317696,0.00027325815291745573,0.0016835383013188712,0.00017656680650050987,0.000972823395235901,0.00024888730315893127,0.0014160072980946687,0.0002735627885394373,0.008677241056522641,0.00011941716381676996,0.00045543025486242624,0.0013683622868167534,0.0009807439214074213,0.011558423842099801,0.003369026270618424,0.0004982010961886367,0.0005335388283384973,0.0007571413748729593,8.986750848455902e-05,0.0004933878533613281,0.003575142732451145,0.0008543201382850757,0.004016011404582853,0.011497435790579094,0.0020148600037860117,0.026772231439480692,0.021980861449830382,0.0011447597402822912,0.005945086017218859,0.002828237114476766,0.004803189851783194,0.003540657980042833,0.00817398300900911,0.0005820977464823572,0.0016485661319153885,0.010682048084783262,0.00731826154686292,0.00042082364820532147,0.004250032489389085,0.001658070763321213,0.04573799228431082,0.009748218049161,0.0026561789151815832,0.016544516921320723,0.0005225110188227649,0.041631138537253067,0.00017473899276862053,2.894038408824782e-05,0.003067802567603062,0.00024029657861905139,0.00042015344983696205,0.0017332548348262611,0.03620612645388112,0.0004711494529566745,1.4013238611151576e-06,0.0007734089170867744,0.0008699174821305314,0.0019418083816348344,0.002148655968960311,0.004670185939226046,0.0002507760440152169,0.0001414118557238383,0.002859919219162848,0.001078349174690312,0.00011801583995565481
SRR24907957,controle,0.0007193638163293172,0.004870248895051031,0.00038328020241409455,0.001654734344672076,0.0003883291397883924,0.02524841869476627,0.0071852964406747665,0.0027870134306124538,0.007426547839559697,0.000949858783416831,0.006560106282326919,0.0032381250090551595,0.0020281361913538484,0.00020283557103701222,0.002824990220427825,0.006352221773915609,0.016167575548567046,0.029110197229055362,0.0001949328864511546,0.000691045863229994,0.08975715489305693,0.008660903268067403,0.0007573406061446885,0.000939980427684509,0.000885539711648601,0.0006284829435919545,0.0032207830067695273,0.0003821826073327254,0.0006526300353820751,0.017968290039061214,0.009265678157901785,0.022582360242120694,0.027849279999578525,0.005177795036850657,0.0005303579433175558,0.0001949328864511546,0.00025530061592645586,0.00024520274117786,0.0024120749508167645,0.0003898657729023092,0.000899149890657578,6.36605147194086e-05,0.0012077936275385727,0.00011436940747866165,0.005136744980807452,0.0002528859067474438,0.00027527684640737374,0.002289802858752245,0.0005329921715128416,0.008149423960149395,0.004128494139061785,0.0011570847347793197,0.00039908557158580975,0.00013851649926878215,0.00012556487730862662,0.00029283836770927955,0.009895478215591383,0.00015278523532658063,0.002106723999179877,0.002856161920738708,0.0009430536939123425,0.005879597331878069,0.0030958766865097223,0.0006625083911143971,0.0006763380891396479,0.0005433095652777113,0.001951963092706832,0.00012688199140626955,0.0008462458077355867,0.00023993428478728826,0.012347286108353709,0.003427789439115742,0.00813361859097768,0.00024761745035687207,0.0018819365265154825,0.0008113422841480489,0.008360820772821086,0.04412990784152659,0.02921402972375288,0.01328397375079411,0.00036308445291690283,0.08118296163641768,0.00025112975461725323,8.231963110268354e-05,0.007790290849525421,0.0007316568812406512,0.00043947707058019313,0.0040709801567980425,0.07198116351225158,0.0009085892083573523,1.909815441582258e-05,0.002849576350250493,0.005551635921564977,0.003905901856560128,0.0010484228217237774,0.007228322167864436,0.00042125699222946586,0.00011656459764139989,0.00039184144404877364,0.0004135738266598821,0.00013522371402467482
SRR24907906,controle,0.004761103880555198,0.012096294715649113,0.001067751304350659,0.002892131870136682,0.018304278986882378,0.06990655750789615,0.006290447901718013,0.028355068438704886,0.008004673346288608,0.0012373616850760783,0.014212046775814578,0.0004691264312021202,0.00234135626405954,0.0001185032912151189,0.006777695970236535,0.00161425101847674,0.005756979477347546,0.017203135002532958,0.00013173819487316484,0.0019756656952926097,0.0821816252298801,0.0008857204755769196,0.0005819285331491577,0.0004951890107133491,0.00042942172022798243,0.0005067950031519432,0.009202330320390547,0.0004237205309599011,0.0005587165482719695,0.01253039955563302,0.007763798099712171,0.0065415038434160225,0.03217995559588016,0.00642666560244467,0.0008722819580164423,0.00019689464365123707,0.00048622999900636415,0.0003178413016955337,0.01686411785498455,0.0004939673272987602,0.0032103803996370787,0.0003060316953545081,0.009963846315484267,0.00023313791828403978,0.005891568266854752,0.00012257556926374843,0.000403155526814322,0.000672333105828733,0.0005921092282707316,0.004261028136183493,0.003860315976198349,0.0007613123811912879,0.00023476682950349158,0.00043003256193527685,0.000142936959506896,0.0006709078085117127,0.004248607688135174,0.0011382017145919496,0.002200048215772096,0.012285248417105522,0.0038124667091269525,0.027812844616529865,0.015505809511864175,0.0008415362587492894,0.008296452068472912,0.00236619716015618,0.0028782861247713416,0.0046770113388509985,0.00857621757041376,0.000663374094121748,0.0028503910201382295,0.015094916656757457,0.007854406286294179,0.0004029519129118906,0.0010854657138621973,0.0015456331333573326,0.023920357643747343,0.00011565269658107824,0.0012328821792225858,0.001424686475313036,0.0005149395592492022,0.04687395647875004,0.0002848558495016346,2.646980731609185e-05,0.0050657102785926856,0.00023578489901564896,0.0003351484834022091,0.002597706167220768,0.045546393834896816,0.0045403864103194785,0.0003984724070583981,0.001992158421389559,0.005178919608344586,0.0059624259049009054,0.009687542249884754,0.007281436764852005,0.006073191867823628,0.00018651033462723182,0.003615775679378147,0.0010249923848400491,0.0003732242831568951
SRR6784406,controle,0.00014583834286719055,0.016339009831955183,0.001351930665580037,0.005125111297043712,0.0002936516305484334,0.01250331086547618,0.0024116666271138103,0.0019385216514980653,0.010238923319659485,0.0004038438383292045,0.005714599947893833,0.0008342037389978981,0.003247197788035907,0.0007702770416971393,0.002611168429477586,0.0012257770185643841,0.005842615223217814,0.019997060893602956,0.0006075545394770262,0.0011485922900938807,0.17896276481136575,0.023886018617772387,0.02029966452810361,0.0006200193551067006,0.000682213928677102,0.0010961105598712776,0.01382417662041551,0.00033125652237665895,0.00204790445566652,0.016167416266144083,0.008308414763923353,0.04183744138582331,0.03813715564368486,0.003957789407360826,0.00035655847929767337,8.11022419541153e-05,0.00045198716518979104,0.00042479120381595597,0.0006514565914090742,0.0002526796196929712,0.00046608697611634487,3.0239318956145183e-05,0.0007735146561464054,0.0007460920617611218,0.005758663880548344,0.00013895841216250015,0.00013641688481982626,0.005951220999918444,0.0005123686746686035,0.011249382789275428,0.008582818776570899,0.0004976051527799502,0.00026566245363452817,0.00011797867053125594,4.390205193204804e-05,7.55173570291313e-05,0.0030019970577207407,0.00029057589682163063,0.00636061734702814,0.0024589034219286024,0.0004919231394214881,0.007024571130211382,0.0034020852632887966,0.0005498602499911046,0.0004819512869177486,0.0004918098229157638,0.0008585667877286253,0.0012179258035249138,0.0017302944781935174,0.0001807398266302789,0.0028983610191997337,0.003720116130640204,0.014934905009525224,0.00036298514397946655,0.001955956205307363,0.0004695997877937985,0.004254759592719757,0.01110357682255273,0.004370148171691601,0.021860227068794355,0.00013261268784193862,0.04483312509536798,0.0001707355979820467,0.0001909059360009744,0.009915615140755774,0.00047701392488261785,0.00030755718460803125,0.004141766848440372,0.04887923662490479,0.001117446439091941,5.769428948592154e-05,0.026743164805032964,0.013111529115915307,0.0010436773938654134,0.00023416046504316922,0.00247073690274067,0.0021315806011078017,0.00016281963065359114,0.0006306549185725397,0.0002583616330514332,4.7738625054428344e-05
SRR8557024,controle,0.00024642325875162967,0.03184806632074307,0.0030994369656512106,0.0078803635351241,0.00030273570362174615,0.03654857871894143,0.007992537925305371,0.0024917130606129136,0.007219030182569451,0.003971153612240614,0.0061684652110725584,0.00150849777318068,0.0019975150444327713,0.0009406430791104256,0.006363756769882122,0.010471411748487898,0.002382241667785407,0.018513729875058452,0.0001842543196150211,0.00037932062864510455,0.07022972774509653,0.004121169965374604,0.0007183215467632057,0.00035274115466640957,0.0035997167258773255,0.00046108629859651365,0.001212519562943348,0.00018785831608670854,0.0009780345425041829,0.007012926634344825,0.009085224605565111,0.004275240814539243,0.0178213120529355,0.004769889330278346,0.00046401454572975973,0.00021376204072696213,0.0004746012853653416,0.00010046140164828779,0.002748047309661684,0.0005674041945112936,0.001406009123517068,0.00015542234784152146,0.0023779619219752783,0.00046401454572975973,0.006968552427787173,0.0011215186520332396,0.006196846683287097,0.003982416101214637,0.0014553388252232901,0.024530151484981697,0.005026899328665557,7.703542458231933e-05,0.00025047775478227805,0.0011931480819080279,3.874296207064013e-05,0.0003428301643692691,0.0024043161461744927,0.0007268810383834635,0.009957391751713476,0.013118997656501295,0.0015319237502466486,0.03546310003162507,0.018439397447829898,0.0007937802228891618,0.0035141218096747485,0.00406598376940189,0.002921714889641123,0.008075880343713144,0.012340759668396284,0.00040162035681367067,0.0115933809000801,0.014534016771197582,0.013171706104899723,0.0003412534159129058,0.003463215359512163,0.0007644977515567013,0.04064632270725007,0.0058125705594934225,0.002756832051061422,0.006781369861038906,0.0005939836684899886,0.049683569109785844,0.0001592515940926894,7.140418009530768e-05,0.011118779614714757,0.00883249435298803,0.0007879237286226696,0.003512545061218385,0.04842217034469523,0.00043112807792561173,1.8245232137917737e-05,0.006348890284436411,0.010434921284212063,0.002917660393610475,0.0002779582278788949,0.008023397145094195,0.00012411262849373672,0.0002646684908895474,0.0037652753137954677,0.0006674150966006204,0.00014078111217529117
SRR8557003,controle,0.0002334076981115689,0.02045302805777655,0.0028985979253855296,0.0037562355137954807,0.008994338506299293,0.057711410379586055,0.0037290950837825074,0.001693562832809523,0.012050350925760067,0.004912417832348135,0.009493722418537999,0.0027303272593050963,0.006182589956955278,0.003517399729681317,0.009515434762548378,0.030218154776444277,0.007642745091653232,0.010112524222833787,0.0002659762141271366,0.0006242298902983819,0.03679156692558637,0.006318292107020143,0.001590429198760225,0.00463558544621581,0.0004993839122387055,0.0015470045107394681,0.0009933397384748164,5.4280860025946254e-05,0.0014167304466771971,0.0050644042404207855,0.003919078093873319,0.006046887806890412,0.018900595461034484,0.0012701721246071423,0.008125844745884153,0.004369609232088673,0.000130274064062271,9.227746204410863e-05,0.003446834611647587,0.0004071064501945969,0.0015144359947239004,0.00022255152610637963,0.003387125665619046,0.0015035798227187112,0.006980518599336688,0.0011073295445293036,0.004651869704223594,0.004250191340031592,0.00018998301009081188,0.03663415243151112,0.004684438220239161,0.001172466576560439,0.00030940090214789365,0.000347397504166056,5.9708946028540876e-05,0.0004559592242179485,0.0023232208091104995,0.00029311664414010974,0.005411801744586841,0.016566518479918795,0.0022200871750612016,0.03377897919414635,0.0168650632100615,0.0016664224027965499,0.006595124493152469,0.0015795730267550358,0.003870225319849968,0.0008684937604151401,0.0025403442492142846,0.0005319524282542732,0.005818908194781438,0.013456225200432076,0.03467461338457446,0.0004722434822257324,0.005748343076747708,0.004331612630070511,0.0388759519505827,0.006557127891134307,0.008940057646273347,0.0038539410618421838,8.142129003891937e-05,0.02040960336975579,0.00018455492408821726,0.0002768323861323259,0.010307935318927193,0.0037290950837825074,0.0011778946625630336,0.001780412208851037,0.020013353091566384,0.0040656364159433744,0.00354454015969429,0.0005916613742828141,0.0011073295445293036,0.004912417832348135,0.0057863396787658705,0.010020246760789678,0.005688634130719167,0.00037453793417902915,0.0008630656744125454,0.0014113023606746025,0.0003419694181634614
SRR6784528,controle,7.016056360630584e-05,0.0012241201003461272,3.513535288918613e-05,0.0008986499818898734,0.005248990423083068,0.0053524139226534305,0.0003237629147892245,0.0005918489615988767,0.000458191435796283,0.002086643449798217,0.0023815491155060407,9.516283666538185e-05,0.0007915917906413188,0.00011151894921724437,0.0010478926250398646,0.0003859932420067485,0.050515275370024,0.031032832335142365,0.0003009634851714768,0.0004138592115395513,0.11454565610562943,0.0008656624013559823,0.0011954280645228264,0.0008862589875324018,0.0002637354310130288,0.001742614375348772,0.004691340605910812,0.0007047997590529844,0.0007184023173031866,0.057512882916833465,0.012257171618410903,0.0034280649633950753,0.010229399159582184,0.010121735186387265,0.00046402897091580295,0.00012225781099371974,0.001538080361821441,0.00013437344992102532,0.0009494255232124903,3.733819633051441e-05,0.00028994926796483534,1.7677818616659475e-05,0.000874363632949229,3.083980817859597e-05,0.013779446578540813,8.800359548106493e-05,0.00012143174470322164,0.00047168385187441875,4.069753257854004e-05,0.0012501687240398342,0.0002141163824971092,3.2161514243392944e-05,6.283610916388929e-05,3.9926537374075146e-05,0.00039094963974973715,9.94033102899388e-05,0.008603039846849512,0.0001970994169128482,0.002081136341194896,0.003617068930661042,0.001213931949429984,0.005632230110788156,0.0034108277134666815,0.0006210366371964764,0.0005222391088529029,0.00010507563215135914,0.00021130775710941562,0.00033340035484503576,0.00041567655737864717,4.075260366457325e-05,0.014277179054108939,0.001355409569449293,0.0010051023911920626,0.0003137399771311808,0.0002181916428635665,7.599809872582579e-05,0.0010223396411204566,0.014534856665658315,0.018364995628181835,0.0030527004409927356,2.0156017488153796e-05,0.10912423811217639,0.00038836129870617643,0.00019550235541788519,0.011737741134945693,0.06691247095206729,0.001169544654087219,0.00730859396963898,0.07830342945826187,0.0005889852651251499,4.350615796623361e-06,0.003515462776929775,0.0040714053904350005,0.00011829269279932884,0.00013833856811541623,0.0005097930434093981,0.00017204207276773895,0.00014659923102039728,0.00016339591226052544,5.1381323268982216e-05,6.883885754150887e-06
SRR6784579,controle,0.001605429599317312,0.004596191383907214,0.0004523571735388178,0.0015800602897910112,0.0010094746722980068,0.018311716847316358,0.0011878619568568402,0.0018734488929010534,0.010022406883021983,0.0018613425091638703,0.007823036978324219,0.00032584639618045647,0.0026073307865655555,5.646536760008253e-05,0.0016411704795028944,0.0017704047268545203,0.006542092040190732,0.010184751810086243,0.0004770735964228975,0.0003299689089784803,0.02566116850927755,0.004302355087099649,0.0008783377267319082,0.0002469776898001628,0.0015972405354334545,0.00037300346565287423,0.0018679646451063973,9.11802830621749e-05,0.00037188423140906683,0.00272727538969358,0.003608560433267514,0.004447314575576768,0.011481160834688338,0.002321739515354038,0.011033858869150715,0.006436417673671251,0.0005863108586184982,0.0007943765045422909,0.002461662449734024,0.0002447951830247384,0.0008305650784253964,5.1055735421680176e-05,0.002202597030100742,4.350090427598033e-05,0.027088863710678247,9.173990018407859e-05,0.0001676799436264096,0.001021058746721413,0.00015436105612510174,0.002008018156814828,0.0027382998469950826,0.00039619026840375055,0.0001718770720406873,0.0006866502085758302,0.00010188762399459888,7.532446460823696e-05,0.002682972367542871,0.00024429152761502507,0.0010208535537767152,0.006827720619210376,0.000601140712348946,0.02416592752126307,0.006974638767614159,0.00027960336800714804,0.00126007121948648,0.0003573528401436343,0.0014050120540595363,0.00037981214063603585,0.0007119075946777502,5.713690814636696e-05,0.001530440904982217,0.003194574340387226,0.007052500163175026,0.00014404544717801034,0.0003192242602379294,0.00045905392509759863,0.005424797802405947,0.006044237994641144,0.004133406677996923,0.005989917826008359,1.2983117228165657e-05,0.037718026131172276,0.00011380746869114751,7.409330694004883e-05,0.007915560342478964,0.0018236989307638153,0.00045614391606369945,0.003316552219058168,0.03553121030390922,0.035482728807248294,0.012712355810684587,0.0025477129091787485,0.003957425747062276,0.00025436463580929153,0.0007592138953826756,0.0034382875969762843,0.30597633218767895,0.00012173537791811649,0.0003470931929087333,0.0003708396127815133,1.3001771132229113e-05
SRR24907834,controle,0.001310868986277312,0.04095538386978362,0.005428315169972113,0.00996192451921808,0.0027530947824355354,0.02330853615331279,0.00042580999367407995,0.0009133496906217236,0.011449435425632053,0.0023061917241610956,0.00671639165042534,0.0002840566021892002,0.0011039370255060137,0.0001781914106641736,0.005674884098108542,0.014345333254425944,0.01291350403987169,0.011274043094630485,0.00031939498292961273,0.010495149194944701,0.068697812159362,0.0014048880728016629,0.013761775128337803,0.00026646238716709946,0.00029515295370882054,0.0006991701128668894,0.0017173353401401619,0.00013170669483873702,0.0031657091148430396,0.0043120322038113865,0.006683802365782131,0.0035777736280311035,0.02451753863329737,0.0025908481291351403,0.007174590994481015,0.005172499282236001,0.0028427652987697647,0.00025276689024648696,0.0023455787736992076,0.00039527003521242215,0.0008278777937814046,8.842092719913692e-05,0.0015230492214159984,0.000584257896003794,0.016667669670212434,0.003822893032770825,0.003150913979483546,0.007162644922349531,0.0005215285214221564,0.038276514681972566,0.006887535378367593,8.96705163342293e-05,0.0007083670889011693,0.00037512665835473297,0.0006322421187913414,0.00015899772154915465,0.002115404455015191,0.002568405508268881,0.005603807468104487,0.008886977961646211,0.0008792109154509997,0.023881997599189388,0.009722603208065188,0.0011380758006767375,0.0017704178865988864,0.0008316765447520855,0.0028522621761964666,0.0006943716905881346,0.0016454089895242443,0.0009358422950533864,0.0019214682212488534,0.005843028812126573,0.004432842481392118,0.0002701611710069729,0.002891199373645945,0.0005208787350719084,0.03469444246731675,0.004305884225266733,0.003228588440120888,0.0029566278607593825,6.397896371672994e-06,0.028852213392236634,9.012036842286257e-05,5.363236567816502e-05,0.002841565693200076,0.012513985401599955,0.0001837395864239838,0.0013595529789805112,0.02534246739671996,0.012385627605643264,0.00010016706506900531,0.0009130497892293014,0.001335310949759719,0.00042291094688066565,0.009363821175597463,0.007219576203344341,0.0019443606942037457,0.00017069387585361934,0.0008539692149221336,0.0005571668035549911,0.00024341996351599595
SRR6784551,controle,0.00030082692287808257,0.009304760108086996,0.0007976693131762387,0.0013479660334799685,0.0003161413933358838,0.004612484395334958,0.001270271920616028,0.0007161709687973029,0.0007537743341570633,0.0014629708785102082,0.0028361521388267476,0.0007308026284703614,0.0011760440323215313,0.0013363582501393421,0.0038193996688562783,0.025966318699787803,0.0013505021878232988,0.013434936228399037,0.0008832157500647207,0.02535056968854659,0.029977636971355696,0.006904533883119571,0.0007553350445221895,0.00888258795432035,0.0001840662786870758,0.0003406250371888017,0.0016151401391100166,0.00010047072975500163,0.0010482120989779103,0.004248838880260545,0.011265792681868116,0.004332483201391529,0.013549989845628187,0.0014790169319516624,0.012001521302428406,0.006577418745028893,0.00020908641672800585,0.00016197247258075749,0.001519400312649304,0.00011188342429998726,0.0006332094584510613,6.618387392113457e-05,0.0015448594004804257,0.00022454720378253763,0.002790013638657703,0.005384206898690974,0.0004737731402136339,0.13851089892820168,0.0002229864934174114,0.01203956361757836,0.007751072939603826,2.22888949019591e-05,0.00039505481117257924,0.0009586663417787923,6.296490879306171e-05,0.0002412760680087345,0.0023798882180218737,0.0033291415254109984,0.004846395861308254,0.005256960231734275,0.0004623604456686483,0.014740031499036944,0.010588737016596789,0.0025549316399105636,0.0011089822588200133,0.002736217903259758,0.008330828068049313,0.0006663745537099938,0.0035095498891798095,0.0002558589554828828,0.0004169535284832568,0.005989567431564313,0.01489400533099643,0.00038354457222977326,0.002404957128261714,0.0004992322280447557,0.010540940261664798,0.006475972571295688,0.008259035391253507,0.0010638192026291727,2.8726825158104838e-05,0.05157738070271374,0.000335455184104321,7.642603569227551e-05,0.006903851072334828,0.0005212284897532537,0.0005874611358732985,0.004026583969826787,0.051943367283335845,0.004950280644986969,4.535814498648132e-06,0.00025863897082076395,0.0006497432338816174,0.008089113050250387,0.00039505481117257924,0.0016693748242981533,0.0003663279860144744,9.174050615007674e-05,0.0019474739024840852,0.0015961189815350406,6.58912407276734e-05
ERR911990,controle,0.00017776675961000176,0.003467112004241396,0.00034882381433249554,0.0008913398324055841,0.0010155636859453913,0.01862835038941214,0.00046606849692505545,0.001672656672619621,0.007064322222124915,0.005828227512888898,0.019748251333688578,0.0005929331178503076,0.00631148794442532,0.015449055083578267,0.0021920255561611057,0.008734095607905326,0.004692023871998232,0.0137404785851954,0.0005084555081220439,0.021930926417576734,0.11942450133621482,0.005526748885252594,0.04387788606570795,0.0005934451033638121,0.0005603546712278288,0.0004900509762418512,0.0030365321873840035,0.00024720816320481377,0.0033521847297625935,0.01255210631513921,0.00796102442911931,0.01195470006069723,0.03458001356761611,0.004812879399791299,0.0026246802616784904,0.0011905549451400785,0.0005785166836542562,0.0002495794645305194,0.002530798286465326,0.00025146572694869436,0.0009006903046785371,5.812382908576229e-05,0.0018126981838661239,3.8587539754664624e-05,0.010762609159016638,0.0008834983700671712,0.002658902451265379,0.0057419714271663555,0.0007423251013697633,0.015615639001709088,0.026735048170426504,0.00012018186264371803,0.0007671159788657769,4.333014240607592e-05,4.4003807555424114e-05,0.00027838538631664824,0.0015739512549371234,9.215739243083311e-05,0.0049539718286707845,0.006844626543619481,0.001375974540846676,0.011442903173434419,0.009788112100575511,0.00023683371990485154,0.0009897488374223686,0.00024392067727599455,0.0007456664805105304,0.00044044227464385007,0.0007959757938638537,4.952786178007932e-05,0.0007673584983195423,0.0031948165508748553,0.007276499797563622,0.00021099192477585477,0.0001546465716843717,0.0002511423676770072,0.00432037628240582,0.010790956988501209,0.011573243906530308,0.006952305181091297,1.034749669398828e-05,0.03057776891533848,0.00015849993633864338,6.65581167556017e-05,0.008695696694392479,0.0002468578573271527,0.0006473113687056939,0.002092134487815755,0.030805575522242064,0.011859362968761474,6.240833943561681e-05,0.0007328937892788886,0.0007541277147863438,0.0011431289186259656,0.0025641312380550747,0.0017864521896475182,0.0017891468502449109,0.0001105619243110258,0.0003214999558749327,0.0002442979297596295,2.8132256636780635e-05
SRR6784585,controle,0.0003414387514774742,0.0036471417525533096,0.00025199751314776794,0.0014705814546203575,0.00023981167373304205,0.03561248052030053,0.001097948836224106,0.002007558231609804,0.020813790116936067,0.004862526323059871,0.014632229013984921,0.000760650447173257,0.0018201597822319923,0.00035037817035314184,0.0039013976452065093,0.006974346408503778,0.010457285151182981,0.02754945404145952,0.0002367064019130733,0.000921183590351036,0.14260297434226815,0.0012600346153118695,0.001500599082213389,0.0003968160989335838,0.00041987038971820034,0.001488977837675021,0.004178707828644326,0.0006743144806635195,0.01705269429850451,0.026724439778381456,0.012676801709292168,0.015091009400598791,0.07782483989736041,0.008651522538298118,0.000402838444281402,0.00015484014484116958,0.00018659860663630464,0.000860395541996496,0.002219469508536157,0.0002542558926531998,0.001185555141205649,0.00011545965221520211,0.0021872876005837533,6.379922102844909e-05,0.015103383438305636,0.0001261869548660033,0.00016537924919985143,0.001024504452724542,0.00017413046978339975,0.008120615156229518,0.004371940425077836,0.00015968625086324205,0.0001675435295592236,0.001243567264751429,8.534792547611109e-05,0.00020471269225278907,0.004213618611832459,0.0004792940004548753,0.004972904621387851,0.00576347859700808,0.00085376155219929,0.009326260465118905,0.006732229305692274,0.000763661619847166,0.0035521016150330538,0.0011412344434115495,0.0009803719532225617,0.0033795237811596384,0.004208584307518267,0.00022743763602619684,0.0023111220767982653,0.005368920877579928,0.0068160245952584,0.0002830972809204854,0.0013835867940882023,0.0004241989504369447,0.01204652562898457,0.009224068792498114,0.012600722549702934,0.001995889937498406,0.00010317971365441656,0.05646447489053682,0.0006107034579271896,0.0001760595022776228,0.009828044161482039,0.0004143655896737103,0.00034557911390409925,0.005137907474003464,0.06353560227076295,0.001054898476901812,0.0001718250407049381,0.0032603472126750796,0.005212528096828774,0.005912155247782342,0.0033941091487988857,0.0026808846712396968,0.0018283464079391827,0.00016843747144679037,0.0014841317316529484,0.00021214652479150216,3.773375756992343e-05
ERR912003,controle,0.001928753543286171,0.0018896321583927599,0.00010646196735812836,0.0017510358433200281,0.0001985884618838751,0.001374548982232627,0.0036861740929937303,0.0003964842433577821,0.0002930640464956003,4.128977574200678e-05,0.0007773982357610657,0.0008936480784774379,0.00022018202075113903,0.00022183843042714952,0.0019848305399540168,0.000473793400418126,0.003329955663032785,0.019519974885215327,0.00014163808556867826,0.00011932172975188248,0.09963557180135396,0.011299755760887445,0.00028954041136663257,0.0004495797026088091,0.0004447008231994691,0.002497233344092969,0.00937058058604738,0.0007720374917187045,0.00028475188157598406,0.01779782080333701,0.008872453021661682,0.0031881971113058515,0.03360111354098045,0.011907266596968964,0.002215643699171187,0.000896750082052512,0.000862808741964079,0.000438286000272374,0.001029232739593787,0.0001031491480061074,0.0005872122884154983,0.00011128061368834068,0.0008410043673198683,0.00043958101147361853,0.005244313500407447,0.00030529136155851405,0.0008649470162731107,0.0006788870348477877,3.815765562736878e-05,0.0028383031546533096,0.0012407411969505438,0.00011408145186777659,0.0002574662967311568,0.0006275383348914627,0.0001657915502988675,0.00015344376907769843,0.0017166126385985737,0.00011799660201107409,0.001041550404275392,0.01437552783000153,0.0006966256766508818,0.03027507302809096,0.010812861665759054,0.0005095718494199525,0.0021601991498341813,0.002548913325984496,0.006146032811487991,0.0013924080901939763,0.003780619561065892,0.00014157785248955062,0.00210927208143175,0.005094092201063077,0.004063413867570227,0.00017190520783032438,0.0013536179872357672,0.0008208865188912319,0.005285000945358177,0.02786448496832312,0.0018456620106295724,0.02782849570354435,2.3581250478476522e-05,0.1394559013449625,5.779363942298397e-05,0.00032763783391487366,0.0037940214211717948,0.00040958493806804685,0.0033571207817193567,0.004405507640475738,0.08615242715516819,0.0004408157895957355,1.084195424297771e-06,0.010215229054654471,0.02603966360307172,0.001772268003712526,0.000417746520289844,0.006069868082931072,0.0001771756022539941,8.22783860883753e-05,0.0017400433063792312,0.0010552835463164972,4.631923784916589e-05
ERR912200,controle,8.111406512242577e-05,0.012237523439932028,0.000957529940350529,0.0036851421336946133,0.003026347982783829,0.0031647190350514967,0.0009081782571503898,0.0005973868791943637,0.0017727644096892149,0.0002516145312812595,0.00043267422485248,0.00023919191079609854,0.004422029394291659,0.005447121450144438,0.006238160042765436,0.018815216287139613,0.008607351401884253,0.004910831277154366,0.00026409361822317114,0.0001676206768645464,0.03205778619077791,0.003959399714132916,0.0035509495992265,0.00022244960636950666,0.0003129371033125539,0.0006322549162379404,0.0006343724083660928,0.00013167977714270582,0.002717871729554583,0.004412881828298041,0.0026625628351672416,0.0050048196944159585,0.00539861676379556,0.0033487714508305057,4.181341122391666e-05,2.301008112592308e-05,0.0018842856617719095,0.00015844487764255253,0.011508541483280085,0.0016831239095974285,0.00488875289256483,0.0002362556550450605,0.0076394598667199635,9.582357710599133e-05,0.011024680415383067,0.0014930578161744664,0.004007396202371038,0.002725438234759181,0.018221640893775922,0.02598908198472142,0.001109763507750501,0.0009678633019359129,0.0010861322956003201,7.60603172432353e-05,8.354212276270722e-05,0.00040689728734577107,0.001557711909154054,0.0006061391799907271,0.002387091225908798,0.004138144282977357,0.000550322087492629,0.017918641886851498,0.010622526310404357,0.0011762527605744875,0.007505154399338349,0.0026778934781750653,0.002449458427389981,0.008454581403145148,0.01108704761686425,0.0006443105047542215,0.00566807469541005,0.018080051253473464,0.018832099757708082,0.0007226012470391108,0.0022389514766232538,0.0013738006595169217,0.014480907533410215,0.004273550846265611,0.0016960547281933461,0.006490790970268208,4.731889075711298e-05,0.007879865806336202,0.00015291116488098084,5.89227476193883e-05,0.008984519099750763,0.002442569519666392,0.00045757593227955254,0.0010991478138813635,0.009265919686968034,0.04522164185370569,0.00022510352983679105,0.006876428636647329,0.01764040342121227,0.007473702582928191,0.0031736407352181122,0.0179785810306924,0.004646285927277189,0.00020110528571773016,0.00428744159462629,0.0005179668077744599,0.00036039716021154367
ERR912133,controle,0.0036534654242057754,0.004831916409750014,0.0004594339938905298,0.002531455744683389,0.0013728370764555225,0.019276836144248466,0.0002470078395240573,0.00030130431715465775,0.014112059996902633,0.000526716966711999,0.0016404999071994455,0.00024800680069258564,0.00010330433731016836,6.522628806273429e-06,0.0013651391992156863,0.0025352753020924683,0.030455211620080847,0.005095818445506536,0.00029190232968615546,9.21982396130001e-05,0.016189634796544075,0.0027988541445297605,0.0005343854627409961,0.0009492775409994965,0.0018770774168756332,0.0004970125625536997,0.0005504863662808061,9.205133355880474e-05,0.0030939002637756967,0.0033649713149769517,0.003075419482157922,0.0012070095224798142,0.0039878823659760644,0.0018670878051903496,0.0042351252551868345,0.0012562524318460947,0.00014446741369570474,0.00026399017938903946,0.0006564937749881689,0.00011214808177272829,0.0003626522853866348,2.820596240550672e-05,0.0005021836556613759,0.0001393844642205457,0.008755218874301803,4.953672147467118e-05,9.581212854620565e-05,0.0007223664496893628,2.773586303208161e-05,0.0012837238639806245,0.0003613595121097158,0.0005240138953148045,0.00016189047172327295,0.0005627677124115372,0.003507852143287347,7.333550225431747e-05,0.0007813345398433753,0.0001399720884373271,0.0013525934221874036,0.0027029244911401986,0.00033873597976363226,0.006006724125150208,0.001846109620651254,0.00027350969170089796,0.0005645012038510423,0.00018125268966621974,0.0006156245107110232,0.00020649114977698045,0.0004339311028822175,0.00010130641497311164,0.0020570373332649337,0.0027274284209799827,0.00710390668151358,0.00017796199405224397,0.0014957093001845112,0.00033491642235455323,0.0070067136360579384,0.006105356849936964,0.004752440234430331,0.004091921233557209,0.001434361331952534,0.0174045478647396,0.000703885668071588,0.00014405607674395775,0.0017860838069070348,0.00546164390166379,0.0691763861915713,0.0012628925854957244,0.015382591697216515,0.011089027213670772,0.011839393957289768,0.010831236469768775,0.015241973222140728,0.00102431715348248,0.00023828161990485365,0.0014721161878807382,0.4524851612398248,0.0001727321385228896,0.0001905665335022048,0.00016667960909004127,2.941059204990857e-05
SRR8556900,controle,0.00015683848467884054,0.0029055055390850943,0.00022969092895095626,0.0017241341753236428,0.001112270457317302,0.01797216552559408,0.0017542674952966608,0.0004861266920948321,0.007830185551060971,0.0006568821719419339,0.0037613402332585203,0.00021286951739975346,0.00137148961949483,0.0005782208949039352,0.001447125462800598,0.0024623400059879384,0.004475100559366392,0.007292747502867506,0.001357693641675858,0.0006273539387153622,0.020346767953347326,0.003994540665338864,0.0006175515334229345,0.0004873368655877244,0.00027785583396806933,0.0007497024788467724,0.0005179542549578992,5.324763368726067e-05,0.0007118240485192439,0.003963560223920822,0.005649694951567647,0.004593213492272679,0.0061836234966317245,0.001243453263946826,0.0012405488475638845,0.0007130342220121361,0.00012803635554800406,0.0006327997194333774,0.0006574872586883801,0.00016482562973192964,0.0003571221977525142,4.550252333275003e-05,0.0006574872586883801,7.212634017638037e-05,0.016223464828364724,4.344522839483314e-05,0.00016192121334898814,0.00032759396452594234,0.00032408446139655473,0.003596514603526591,0.0010248959311304788,0.0004017775996402396,0.0001449787844484961,0.00036619849894920637,2.4929573953581132e-05,0.00010238067749868757,0.005979467228380795,0.0001264631300072441,0.0025838414246743243,0.006867855589513023,0.001220217932883294,0.012000564424917084,0.0085208315634546,0.0003046006681609889,0.0008398604040672479,0.0012254216789027309,0.002393844186290235,0.0005574059108261879,0.001787184214303331,7.878229438728795e-05,0.0006701940803637491,0.0036392337278256886,0.004675747324487933,9.427251509630924e-05,0.001143492933433923,0.00022884380750593167,0.00622973110671092,0.0028659328658675164,0.0020571739205676003,0.0030472168551027813,0.00037684802568665847,0.02492860581478682,0.00036873986328428014,3.860453442326399e-05,0.0028489904369670247,0.011712906185656588,0.0005474824881844711,0.0014635838223039331,0.022186594714591473,0.07603144902059449,0.008045596432795798,0.005847679335004825,0.007137966313126583,0.0003238424266979763,0.0003116196744197642,0.0017154209261748183,0.46198191565139163,0.0001680930981627388,0.0006185196722172484,0.0005071837108711579,2.7712972987233397e-05
SRR8556918,controle,9.449684844598251e-05,0.0006613377360826402,2.131086196407914e-05,0.0005135637327264598,0.0003422356187784025,0.023203322587705064,0.0012807547634333088,0.007540680262342319,0.0006101636267610027,0.0004206091177120883,0.0024163993812559474,0.00016487877414313862,7.430761079580226e-05,4.360314520281982e-05,0.0012169623805803088,0.0015021353623891045,0.010999349037288822,0.03871580745804459,8.987014815114953e-05,0.004716290036905646,0.21419519319488095,0.0007913059534556755,0.019592813921264496,0.00016950547443797157,0.0007559747875678601,0.0008702402645463106,0.0075087139693962,0.0003042405951450772,0.003819691600982711,0.04850099817553785,0.01410835143237734,0.005305423207781044,0.09176443141428554,0.007354490626235101,0.00021044476189528152,3.46301506916286e-05,0.0002910615094567651,0.0002614786681776816,0.0030600715343946797,0.00014665237904228144,0.0005972649471511654,1.2898679609837374e-05,0.002080332696203989,3.1545683828406624e-05,0.0022823652757450285,2.03294406894176e-05,5.622141873418247e-05,0.00010725532501658251,2.3694313631114308e-05,0.00044500444653938943,0.00045790312614922676,0.0002774618146507409,2.7760201768997826e-05,5.832446432274291e-05,3.112507471069453e-05,0.00021927755336723537,0.004606090448065079,3.785482059408795e-05,0.00023778435454656726,7.697146854131216e-05,7.402720471732754e-05,0.000630352864411183,0.00024185024268445077,0.0010440920332006405,0.00019978933091324195,6.309136765681324e-06,0.00013992263315888804,3.9397054025698936e-05,5.720284000884401e-05,0.0001299682173730353,0.0010596545705559878,0.0027426518535612903,0.0040828527056312415,0.00022951237523156286,0.0004957579467433147,0.0006317548948035567,0.00033073896956093877,0.021428912923117,0.014963870377803728,0.014625840850202446,3.210649598535607e-05,0.10411379551639093,0.00015226050061177597,5.27163427532484e-05,0.009877864926429156,0.0005532411928306335,0.00048524271880051253,0.006118460632318511,0.10277976359804743,0.0006871350953023149,2.8040607847472554e-06,0.0017487525084076258,0.0022039917768113424,0.0013242177055968914,8.664547824869018e-05,0.0003399923701506047,0.0002948469915161739,8.51032448170792e-05,8.35610113854682e-05,4.360314520281982e-05,1.1216243138989022e-05
SRR6784540,controle,0.00012197825446587191,0.014407605774379708,0.0015479259816381392,0.0026179603953647586,0.013438730643333221,0.002319543885683937,0.0017052661201096084,0.0004985080861628745,0.0009515653538567229,0.0007596394032614589,0.0012103009707984396,0.002080210065787276,0.003450145648446861,0.0003367139699349753,0.013632006284157708,0.0028537850206654444,0.09165044507722421,0.010822963494590948,8.810102971241813e-05,0.009512245570738445,0.06072064010408811,0.003642206568065047,0.00042012482610084953,0.0002992938083298157,0.005593959866286189,0.000868998054084112,0.001244211937807624,0.0007200934795452759,0.0009208599011419392,0.02502838567263331,0.005071494778554637,0.00564545054853098,0.011116453634935112,0.01082886838934379,0.00028397482422815436,6.498758453700396e-05,0.002537822538004746,0.00017606709040191414,0.003725414970696538,0.0004399990147261327,0.0026014941745682594,0.00024304546802701946,0.0037219732606120237,0.00012946903523804992,0.02430046398975855,0.0003258152213340136,0.0002945698925275413,0.0016484441614593932,0.001092405529275962,0.004168956922274376,0.00988371406407587,0.0009034151549292543,0.0005042780118927955,0.00029625700531406784,0.00014151502053384973,0.0009557831358230394,0.003542565686892787,0.0004906461405776607,0.009743413764748318,0.02641819544391818,0.004780467822878802,0.07378000656624296,0.019942449208626006,0.0027147331847999236,0.006278691461825868,0.00383153436496906,0.013494304138521408,0.0005167963887688227,0.004800375753759815,0.00041108190156506706,0.0004847075035690871,0.014229615375401154,0.01295621638638662,0.005493711624510779,0.0010495528644981868,0.0017144102714125825,0.005936477504206816,0.00863467698369878,0.005172890257024884,0.008414441280545599,0.001165322543909641,0.026868654557920774,0.00015052420281390168,0.00012150586288564446,0.00464134850250182,0.00034997467643707424,0.0005051215682860587,0.0026153959839292384,0.0311365775162528,0.0008713262697295187,4.922995111084567e-05,0.0009188353657981073,0.0011417029648982688,0.0012439419997617796,0.0007945626379425592,0.0024771877044569806,0.0007189462428504378,0.0006001060181675054,0.00259646657846441,0.003412691744585971,2.8377237069377116e-05
SRR6784567,controle,0.00028966576933236055,0.002977562738720762,0.00017398512189776815,0.0011135690471720688,7.729895114070758e-05,0.0028265709306957956,0.00018876653795885497,0.0006925129128522698,0.0005289176268814975,0.0008130492911668329,0.005430313799465884,0.0011827989161151782,0.0015202008044660727,0.0006137501016668653,0.0024104062311594964,0.003562606901950154,0.0032304534874180516,0.004138046715130193,0.0012642752239688017,0.008917656872776495,0.013818945933650293,0.001196652030684506,0.0006583799810783592,0.0005989686856057785,0.00045372520604901247,0.0006781599436335334,0.0010569783600782943,8.46539552677218e-05,0.0002703856614265952,0.004423463719942579,0.0021938620562549278,0.0015143810681908139,0.0072532480019560025,0.0016406300710700482,0.0011335989370519473,0.0006898351200875803,8.561796066301007e-05,9.090213838533095e-05,0.0012605620180017652,0.0001645949952695898,0.001659446028229934,2.7063558875129953e-05,0.0011830131395363533,9.35799311500206e-05,0.017916361606564263,0.00025414038532081137,0.00015045624947202852,0.0027232438338823045,0.00018341095242947568,0.005520787491008865,0.006858755571861925,0.00037867560083064416,0.0002875235351206089,0.0001989778543682048,8.940257443710476e-05,0.00013231866647919738,0.004685816003075106,0.00031005269824753104,0.015448614906336878,0.0024164758947594596,0.0003762477353906589,0.008384062034532673,0.0031855022728747946,0.0007974109814210454,0.0005902569331446549,9.172332816650244e-05,0.0004138796497104306,0.0001639523250060643,0.0003277618343980118,0.00010750445352640672,0.011190781594866236,0.01046035113646596,0.01253349829488868,0.0004334453888444296,0.0012441739262818647,0.00020154853542230685,0.007817155454296112,0.007752102942065918,0.005617116622730633,0.005480370672213816,3.7453394802125754e-05,0.00995996092850429,0.00015574042719434942,6.633785275724466e-05,0.0031290186974916078,0.0006809448481088107,0.001494993848574461,0.0011696241757129051,0.01111162604074201,0.1095456456911708,0.028589472304160698,0.002495060186427218,0.0037366277277514517,0.001983066209818559,0.0002472138280361475,0.0016856883973238924,0.3319296938725889,0.0001632739508390096,0.00010878979405345774,0.00016384521329547671,4.520114186796111e-05
SRR8556969,controle,0.0038438006038188366,0.01440802981722351,0.0017411707190585568,0.0034147303711513236,0.00012667787821612285,0.0008330649322570543,0.00039433597573728567,0.0002093342650286957,0.00031725192960870653,0.0003794764005799692,0.028066579812449872,0.00044523002065109457,0.0008705853595292784,0.002016630093537311,0.0021498090358847595,0.0065772194540072,0.009419113202843974,0.0015712143281967498,0.003184221211523452,0.04995194784883503,0.007240699484781381,0.0010033928124977942,0.0011012802638466165,0.0025426590541063137,0.0002553989480163767,0.0003497572502653363,0.0009775743006619569,0.0001378225595841102,0.000464547468355606,0.002479134370308786,0.002032975626210359,0.0027280322541938366,0.003158031210308682,0.0020703103087931166,0.00019113128546098304,5.349447056633927e-05,5.720936435566839e-05,2.2289362735974697e-05,0.0011068526045306102,9.472979162789246e-05,0.0003765044855485059,3.807766134062344e-05,0.0011300706907139172,0.00045767491484534714,0.024192502824248004,0.0008735572745607417,0.00012704936759505578,0.005858573250461483,0.005211810241739284,0.007014462453011237,0.005113551301011528,4.1049576372086736e-05,0.0002468546923009198,0.0010331119628124272,0.0006944993939150783,0.00014228043213130516,0.005609675366576432,0.0007676828015648619,0.004578049361279736,0.008911658711221617,0.000895289403228317,0.015658277322022223,0.012158104393716332,0.0005329015140792617,0.0007117736500354587,0.001945861366850591,0.004886757035172986,0.0005412600251052522,0.0025980109715673175,0.00042758427515178125,0.00022716575521747545,0.002353385215539995,0.006215017309547611,0.00013485064455264693,0.002676580975211628,0.00035458661219146413,0.02121910183526898,0.005929156232458736,0.006903015639331364,0.00238459032337036,0.0001651270289356792,0.001969450942412831,0.0001777576678193982,3.547723568809306e-05,0.00864418635838992,8.247064212310638e-05,0.0010765762201475778,0.0006798255634472282,0.0042951601992223245,0.14395937837939243,0.003001634181777926,0.00041346767875233064,0.0010581874958903988,0.0008739287639396746,0.0011885802678958507,0.001664643906998377,0.20334864241063916,0.00013355043172638172,0.0010951506890942236,0.0010750902626318463,0.00012872106980025386
ERR911991,controle,0.00020018444922357114,0.0026005634224080853,0.00014445309855972894,0.0008453752893538823,2.2799188907935447e-05,0.010909950570601387,0.0003852859101274609,0.00036548584824062035,0.007925906537826112,0.00020807535624023846,0.02305000910366081,0.0004297195784205764,0.0026206255439375457,6.705815077263772e-05,0.0018397169266681705,0.002001728021283436,0.004996516499406129,0.015413154351644498,0.0012940796329953706,0.0778649954327372,0.06406420670891903,0.0023439487968070186,0.0013220908970176361,0.11819533384170963,0.001009570214324314,0.0013731925273285258,0.001787508822310663,0.00015735225652424416,0.051318935990097875,0.008612939567561408,0.01008111415647063,0.0030003499660938497,0.011898585131254174,0.0036054165631652403,0.0034161512657175,0.0011643018744223587,0.0003865379728644228,0.0002097350673101648,0.0013571195359145024,8.933322039533327e-05,0.0005004174464518246,3.5436287229830704e-05,0.0010654180359404317,5.8439300304248334e-05,0.004817879176353531,4.5190729482906534e-05,0.00015679901950093537,0.0010788413131901868,7.212463719662338e-05,0.0014496265897593439,0.0015898867340371537,0.00030497918853348134,0.00011553918465732805,0.0003227118910174311,2.565272723868599e-05,0.00011131711263734,0.0014544310165407097,6.257401911002974e-05,0.003912958112648783,0.0024474041201657604,0.00026144817012050114,0.008200515925553747,0.0038924592250482895,0.00031892658506847633,0.0006760265247452583,0.000212675958855122,0.0007662332772826582,0.0002458119447775109,0.0005455499404585933,8.709115456402928e-05,0.005296603907944038,0.003411550663102617,0.01342714990891826,0.00018128703721686604,0.00039629241511749866,0.00015904108533223936,0.0028199655787571193,0.006946968183950262,0.003757702333265499,0.00813447689561352,5.846841804231722e-05,0.055826973315660416,0.01000473832951595,0.00025754639321927083,0.0509847517102813,0.012660246923660017,0.0010746192411701988,0.005666399181418853,0.03759463956418666,0.0029378050647218892,6.490343815554037e-05,0.0028474527234941447,0.004486664905819986,0.0007826556815535082,0.0005377463866561326,0.0007493158714646371,0.0007166457693513502,0.0001149277121578815,0.00028209264641133923,0.00025364461631804047,2.2304187360764438e-05
SRR24907942,controle,0.01962745869896806,0.004548391551974534,0.0003579027295520877,0.0009258622672263314,0.006377148252954028,0.0323239553590496,0.003447608698694271,0.0008192367621621523,0.011616247962555434,0.0017496621751116298,0.009198845463290101,0.0017937725837687082,0.0012303761918176104,0.022975438716040308,0.008111904152036714,0.018411684573464517,0.008127723057210287,0.007776208731670604,0.00022176888214489753,0.003031145599028476,0.014735462274040628,0.0004836934466534802,0.010807506435556518,0.00180122572178318,0.00017674584434318992,0.0005846910719924459,0.0008615219125299722,4.5935666946336795e-05,0.001598013632245743,0.001866935020196483,0.002842535575805106,0.002100415976364122,0.0028320403406418703,0.0009660179495900165,0.0005089428529882216,0.0002308951735911896,0.00030208024687226783,6.540508869842656e-05,0.0074624164107755945,0.0006900997381971193,0.0020668008028702795,0.00012807228996296552,0.0038007961776657744,0.0015636379344647095,0.023097731021420622,0.000981380540191275,0.001167252675980757,0.028827825210832544,0.0008350556673357252,0.032882636500420115,0.0037629220681636624,7.255401699802203e-05,0.001199803115472532,0.006702500543014341,0.0001038876176302915,0.00032793807263676206,0.0021580637173332,0.0011328769781997234,0.005982284043044458,0.00706876903972553,0.0004833892369386038,0.02707436041428496,0.010427396396818453,0.002309103840769334,0.00464680339473705,0.0016558134780722596,0.0033279021758904066,0.0026560550205858716,0.005170196209181901,0.0017803873563141464,0.0072155502271533944,0.00755246248637901,0.00765224327285847,0.00032504808034543623,0.007054927497698654,0.0026265466782428603,0.08407078838381288,0.014070155627605937,0.006633140728022522,0.01323357891169583,0.000346799074959099,0.033567412568606896,0.00014693329228530249,2.9660447200449256e-05,0.0024898044114059176,0.01724108559062012,0.00035394800325869445,0.0014592940022621034,0.025024595355447758,0.003019737734720611,0.0002200957287130773,0.0006580056132776589,0.0011963047037514534,0.001212732028354779,0.002101328605508751,0.019100719577659568,0.013466755658148592,0.00011894599851667343,0.00206421502029383,0.0015134433315101032,0.0005349527836101541
ERR912192,enx,0.014206300185299567,0.008647313156269302,0.00030883261272390367,0.0,0.00030883261272390367,0.0009264978381717109,0.017912291537986413,0.013588634959851761,0.0,0.0,0.0,0.015441630636195183,0.004323656578134651,0.0012353304508956147,0.0,0.0030883261272390363,0.0,0.004941321803582459,0.009573810994441012,0.0030883261272390363,0.022544780728844967,0.0,0.05003088326127239,0.0,0.0,0.0,0.06207535515750463,0.0,0.0,0.0012353304508956147,0.0015441630636195182,0.07813465101914763,0.0006176652254478073,0.0009264978381717109,0.006485484867201977,0.0,0.0009264978381717109,0.005558987029030266,0.006176652254478073,0.0,0.002779493514515133,0.0009264978381717109,0.0006176652254478073,0.0,0.09851760345892527,0.0,0.0006176652254478073,0.00586781964175417,0.0018529956763434219,0.006485484867201977,0.004323656578134651,0.0,0.0009264978381717109,0.00030883261272390367,0.0006176652254478073,0.0,0.023162445954292774,0.004632489190858555,0.0006176652254478073,0.0,0.0,0.0018529956763434219,0.0024706609017912293,0.00030883261272390367,0.01173563928350834,0.0,0.0,0.0,0.03860407659048796,0.025015441630636195,0.0,0.011426806670784434,0.0018529956763434219,0.0,0.0009264978381717109,0.0,0.0024706609017912293,0.0006176652254478073,0.018221124150710314,0.0009264978381717109,0.0,0.0012353304508956147,0.0,0.0,0.0,0.00926497838171711,0.0,0.0,0.0,0.008338480543545398,0.0,0.0,0.00030883261272390367,0.0,0.0,0.00030883261272390367,0.0,0.0,0.0018529956763434219,0.0,0.0015441630636195182
ERR912130,enx,0.005158264947245018,0.010550996483001172,0.0,0.00492379835873388,0.0004689331770222743,0.001406799531066823,0.011723329425556858,0.0,0.0004689331770222743,0.0009378663540445487,0.00023446658851113716,0.015240328253223915,0.002813599062133646,0.00023446658851113716,0.0,0.00914419695193435,0.011254396248534583,0.004689331770222743,0.05322391559202814,0.0011723329425556857,0.03751465416178194,0.0,0.002579132473622509,0.0009378663540445487,0.016412661195779603,0.0,0.022977725674091443,0.004689331770222743,0.001406799531066823,0.026729191090269635,0.005392731535756155,0.011019929660023447,0.012661195779601406,0.0007033997655334115,0.03563892145369285,0.002579132473622509,0.001406799531066823,0.001406799531066823,0.024384525205158266,0.00023446658851113716,0.007033997655334115,0.0016412661195779601,0.002579132473622509,0.00023446658851113716,0.0384525205158265,0.0,0.0016412661195779601,0.011957796014067995,0.0037514654161781946,0.009613130128956624,0.0023446658851113715,0.0065650644783118405,0.00023446658851113716,0.00023446658851113716,0.00492379835873388,0.0,0.013833528722157092,0.0011723329425556857,0.0011723329425556857,0.0,0.0,0.013364595545134817,0.0032825322391559202,0.0007033997655334115,0.0009378663540445487,0.0,0.00492379835873388,0.0035169988276670576,0.04525205158264947,0.012661195779601406,0.0016412661195779601,0.01078546307151231,0.005627198124267292,0.0009378663540445487,0.0065650644783118405,0.0,0.036811254396248536,0.0004689331770222743,0.02555685814771395,0.0,0.0018757327080890973,0.0,0.0,0.0009378663540445487,0.0,0.011488862837045722,0.0,0.0,0.010550996483001172,0.003985932004689332,0.0,0.00023446658851113716,0.005158264947245018,0.0004689331770222743,0.0,0.007268464243845252,0.0021101992966002345,0.0,0.00023446658851113716,0.0,0.003985932004689332
ERR912070,enx,0.00033647375504710633,0.0016823687752355316,0.0,0.0,0.0023553162853297443,0.003028263795423957,0.0,0.0,0.0,0.0016823687752355316,0.0,0.015141318977119785,0.004374158815612382,0.0016823687752355316,0.0,0.02288021534320323,0.0,0.039703903095558546,0.02489905787348587,0.0,0.033647375504710635,0.0,0.028936742934051143,0.0,0.011440107671601614,0.0,0.008075370121130552,0.0016823687752355316,0.00033647375504710633,0.01110363391655451,0.002018842530282638,0.0531628532974428,0.013458950201884253,0.001009421265141319,0.0050471063257065945,0.0,0.004710632570659489,0.0033647375504710633,0.0006729475100942127,0.00033647375504710633,0.001009421265141319,0.005720053835800807,0.00908479138627187,0.00033647375504710633,0.059892328398384924,0.0,0.023553162853297442,0.017833109017496636,0.008748317631224764,0.013458950201884253,0.0070659488559892325,0.0,0.00639300134589502,0.001009421265141319,0.0,0.0013458950201884253,0.0,0.004374158815612382,0.0319650067294751,0.0006729475100942127,0.004374158815612382,0.015814266487214,0.0026917900403768506,0.0006729475100942127,0.0,0.004710632570659489,0.0006729475100942127,0.004037685060565276,0.013122476446837146,0.001009421265141319,0.004710632570659489,0.0016823687752355316,0.013122476446837146,0.026917900403768506,0.02489905787348587,0.0,0.007402422611036339,0.0,0.008411843876177659,0.0,0.00639300134589502,0.0,0.0,0.004374158815612382,0.0,0.01379542395693136,0.0,0.0,0.0037012113055181696,0.008075370121130552,0.04676985195154778,0.0013458950201884253,0.009421265141318977,0.0,0.0,0.011440107671601614,0.0,0.0,0.0,0.0,0.0006729475100942127
ERR912161,enx,0.005989817310572028,0.006289308176100629,0.0,0.0,0.001497454327643007,0.0011979634621144056,0.0005989817310572028,0.0,0.0,0.0041928721174004195,0.0,0.0071877807726864335,0.0017969451931716084,0.0,0.0005989817310572028,0.0026954177897574125,0.0041928721174004195,0.033842467804731956,0.003893381251871818,0.0,0.01078167115902965,0.0,0.005091344713986224,0.0,0.02575621443545972,0.0,0.0008984725965858042,0.007786762503743636,0.0005989817310572028,0.03533992213237496,0.0035938903863432167,0.09463911350703803,0.02336028751123091,0.0020964360587002098,0.003893381251871818,0.0002994908655286014,0.01287810721772986,0.0,0.0,0.0,0.0,0.002994908655286014,0.004492362982929021,0.0,0.11979634621144056,0.0,0.0011979634621144056,0.0020964360587002098,0.0026954177897574125,0.022461814914645103,0.07038035339922133,0.002994908655286014,0.0032943995208146153,0.0020964360587002098,0.0017969451931716084,0.0002994908655286014,0.0,0.03504043126684636,0.039832285115303984,0.0005989817310572028,0.0,0.02575621443545972,0.005989817310572028,0.0002994908655286014,0.002395926924228811,0.0,0.0002994908655286014,0.0002994908655286014,0.0002994908655286014,0.0,0.0,0.001497454327643007,0.009583707696915245,0.013177598083258461,0.0017969451931716084,0.0,0.002395926924228811,0.0,0.007786762503743636,0.0,0.016172506738544475,0.002395926924228811,0.0,0.004492362982929021,0.0,0.02425876010781671,0.0,0.0,0.05480682839173405,0.0032943995208146153,0.010482180293501049,0.0005989817310572028,0.017969451931716084,0.003893381251871818,0.0017969451931716084,0.008984725965858042,0.0,0.0008984725965858042,0.0,0.0,0.0
ERR912120,enx,0.0001533859958585781,0.0007669299792928906,0.0,0.0,0.00023007899378786717,7.669299792928905e-05,0.0015338599585857811,0.0,0.0,0.0016872459544443592,0.0,0.03589232303090728,0.00023007899378786717,0.0001533859958585781,0.0,0.0021474039420200934,0.0016872459544443592,0.0,0.10261523122938876,0.0006902369813636015,0.0028376409233836952,0.0,0.0,0.0,0.0001533859958585781,0.0,0.0033744919088887185,0.002530868931666539,0.0012270879668686248,0.0,0.0024541759337372497,0.0021474039420200934,0.0030677199171715622,0.0003834649896464453,0.002760947925454406,0.0,0.0009970089730807576,0.0003834649896464453,0.0,0.0,0.0,0.0,7.669299792928905e-05,0.0,0.004141421888181609,0.0,0.0,0.04187437686939183,0.0001533859958585781,0.0007669299792928906,0.0011503949689393358,0.0,0.00023007899378786717,0.0010737019710100467,0.0003067719917171562,0.0,0.0005368509855050234,0.0001533859958585781,0.00023007899378786717,0.0,0.0,0.0006135439834343124,0.0001533859958585781,0.0007669299792928906,0.0001533859958585781,0.0,0.0,0.00023007899378786717,0.0009203159751514687,0.0010737019710100467,0.0,0.0012270879668686248,0.0003834649896464453,0.0003834649896464453,0.03796303397499808,0.0,0.0008436229772221796,0.00023007899378786717,0.0,0.0,0.0,0.0,0.0,0.004678272873686632,0.0,0.0001533859958585781,0.0,0.0006135439834343124,0.0,0.0003067719917171562,0.00023007899378786717,0.0,0.002377482935807961,0.002530868931666539,0.0,0.07853362987959199,0.005368509855050234,0.0003067719917171562,0.00023007899378786717,0.0007669299792928906,0.0006135439834343124
ERR912078,enx,0.00031104199066874026,0.0015552099533437014,0.00031104199066874026,0.00031104199066874026,0.00031104199066874026,0.0009331259720062209,0.00031104199066874026,0.0,0.00031104199066874026,0.01088646967340591,0.0015552099533437014,0.0018662519440124418,0.004976671850699844,0.004043545878693624,0.0,0.015552099533437015,0.002177293934681182,0.007776049766718507,0.003110419906687403,0.00031104199066874026,0.025816485225505444,0.0006220839813374805,0.008398133748055987,0.0,0.04696734059097978,0.0,0.0037325038880248835,0.01275272161741835,0.0006220839813374805,0.013374805598755831,0.009953343701399688,0.03328149300155521,0.03981337480559875,0.004976671850699844,0.004976671850699844,0.002177293934681182,0.0,0.0,0.0,0.0037325038880248835,0.0015552099533437014,0.0009331259720062209,0.002488335925349922,0.007776049766718507,0.07900466562986003,0.00031104199066874026,0.002488335925349922,0.06967340590979783,0.0018662519440124418,0.008087091757387248,0.013996889580093312,0.0,0.0052877138413685845,0.0006220839813374805,0.00031104199066874026,0.0,0.0018662519440124418,0.005909797822706065,0.009642301710730949,0.0,0.0,0.006220839813374806,0.007776049766718507,0.0015552099533437014,0.004665629860031105,0.002488335925349922,0.0,0.001244167962674961,0.007153965785381027,0.01275272161741835,0.0015552099533437014,0.0027993779160186624,0.016796267496111975,0.001244167962674961,0.009642301710730949,0.0,0.0015552099533437014,0.0,0.014930015552099534,0.0,0.0006220839813374805,0.001244167962674961,0.0,0.006842923794712286,0.0,0.0208398133748056,0.0,0.0,0.016174183514774496,0.016796267496111975,0.0052877138413685845,0.11446345256609643,0.016174183514774496,0.0,0.0009331259720062209,0.009953343701399688,0.0009331259720062209,0.0,0.0,0.0006220839813374805,0.0
ERR912185,enx,0.006647278770253427,0.005816368923971749,0.0,0.0,0.0033236393851267137,0.1154964686331533,0.004570004154549232,0.0,0.0,0.002077274615704196,0.0,0.006647278770253427,0.0024927295388450354,0.0,0.0,0.009555463232239303,0.003739094308267553,0.0,0.003739094308267553,0.00540091400083091,0.011632737847943497,0.08433734939759036,0.018280016618196927,0.0,0.0,0.0,0.02077274615704196,0.004154549231408392,0.0016618196925633569,0.0016618196925633569,0.007062733693394266,0.04196094723722476,0.003739094308267553,0.0,0.003739094308267553,0.0,0.012879102617366016,0.0,0.0,0.0,0.002077274615704196,0.011217282924802658,0.0,0.0,0.03406730369754882,0.0,0.01578728707935189,0.0008309098462816784,0.002077274615704196,0.034482758620689655,0.06231823847112588,0.0,0.0012463647694225177,0.0,0.0,0.0,0.0,0.014125467386788533,0.004985459077690071,0.0,0.0,0.01080182800166182,0.005816368923971749,0.0004154549231408392,0.019941836310760283,0.0,0.0,0.0,0.01578728707935189,0.007478188616535106,0.07769007062733693,0.004154549231408392,0.0,0.0,0.006647278770253427,0.0,0.0024927295388450354,0.0,0.0,0.0,0.0,0.0,0.0029081844619858743,0.0,0.0016618196925633569,0.0,0.0,0.0,0.00540091400083091,0.0,0.0,0.0,0.0008309098462816784,0.0,0.0,0.02534275031159119,0.0,0.0,0.0,0.0,0.019110926464478605
ERR912067,enx,0.0024063251976624267,0.011000343760742524,0.0,0.008594018563080097,0.002062564455139223,0.011000343760742524,0.0006875214850464077,0.0,0.0,0.007218975592987281,0.0017188037126160192,0.006531454107940873,0.007218975592987281,0.00034376074252320387,0.0,0.014094190443451358,0.009625300790649707,0.013062908215881746,0.011344104503265727,0.0006875214850464077,0.007218975592987281,0.0,0.018906840838776213,0.0,0.0024063251976624267,0.0,0.050532829150910966,0.007906497078033689,0.0010312822275696115,0.01615675489859058,0.0037813681677552422,0.033344792024750776,0.005156411137848058,0.009969061533172912,0.0030938466827088347,0.005156411137848058,0.0010312822275696115,0.0013750429700928155,0.0010312822275696115,0.0,0.00034376074252320387,0.006187693365417669,0.0048126503953248535,0.0034376074252320385,0.053626675833619804,0.00034376074252320387,0.0010312822275696115,0.037126160192506016,0.011687865245788931,0.023375730491577863,0.005156411137848058,0.0037813681677552422,0.0034376074252320385,0.0024063251976624267,0.002750085940185631,0.0,0.002062564455139223,0.0017188037126160192,0.022000687521485048,0.0,0.0,0.0089377793056033,0.004125128910278446,0.0024063251976624267,0.0024063251976624267,0.0,0.0,0.005500171880371262,0.013062908215881746,0.0,0.0,0.0013750429700928155,0.018563080096253008,0.005500171880371262,0.01615675489859058,0.0,0.009969061533172912,0.052251632863526985,0.005843932622894466,0.0,0.0030938466827088347,0.0,0.0006875214850464077,0.055689240288759025,0.0,0.041595049845307666,0.0,0.0013750429700928155,0.0034376074252320385,0.0034376074252320385,0.005843932622894466,0.0034376074252320385,0.02234444826400825,0.0,0.0,0.013062908215881746,0.0,0.0013750429700928155,0.015125472671020969,0.009281540048126504,0.0034376074252320385
ERR912151,enx,0.0013364517206815904,0.009355162044771133,0.0,0.0006682258603407952,0.007350484463748747,0.0003341129301703976,0.0006682258603407952,0.0020046775810223854,0.0,0.0010023387905111927,0.0010023387905111927,0.004677581022385567,0.003341129301703976,0.0020046775810223854,0.0003341129301703976,0.009021049114600735,0.001670564650851988,0.019044437019712663,0.028065486134313398,0.001670564650851988,0.004677581022385567,0.0,0.006348145673237555,0.0,0.00968927497494153,0.0,0.03575008352823254,0.027731373204143,0.0003341129301703976,0.013364517206815904,0.0010023387905111927,0.11460073504844638,0.008018710324089542,0.006682258603407952,0.007350484463748747,0.0006682258603407952,0.0003341129301703976,0.007350484463748747,0.0023387905111927833,0.0,0.005011693952555964,0.0053458068827263614,0.004009355162044771,0.0003341129301703976,0.07517540928833946,0.0,0.014700968927497494,0.011025726695623121,0.012362178416304711,0.013364517206815904,0.004343468092215168,0.0003341129301703976,0.001670564650851988,0.0006682258603407952,0.003341129301703976,0.0,0.0023387905111927833,0.0026729034413631807,0.006682258603407952,0.007684597393919144,0.0,0.024390243902439025,0.003007016371533578,0.0013364517206815904,0.0006682258603407952,0.0010023387905111927,0.0003341129301703976,0.0006682258603407952,0.031406615436017374,0.009021049114600735,0.0,0.0026729034413631807,0.0026729034413631807,0.003341129301703976,0.016037420648179083,0.0003341129301703976,0.013364517206815904,0.009355162044771133,0.009355162044771133,0.0,0.0,0.02071500167056465,0.0,0.0036752422318743734,0.0,0.04911460073504845,0.0,0.0010023387905111927,0.003341129301703976,0.011359839625793518,0.009021049114600735,0.011359839625793518,0.0026729034413631807,0.0,0.0,0.015369194787838289,0.0,0.0010023387905111927,0.0003341129301703976,0.0003341129301703976,0.0013364517206815904
ERR912077,enx,0.0004464285714285714,0.004910714285714286,0.0,0.0,0.0035714285714285713,0.0008928571428571428,0.0008928571428571428,0.0008928571428571428,0.0,0.0017857142857142857,0.0004464285714285714,0.004910714285714286,0.0008928571428571428,0.008482142857142856,0.0008928571428571428,0.007589285714285714,0.0,0.010267857142857143,0.006696428571428571,0.0008928571428571428,0.005357142857142857,0.0035714285714285713,0.055357142857142855,0.0,0.0008928571428571428,0.0,0.0125,0.005357142857142857,0.0008928571428571428,0.007589285714285714,0.004910714285714286,0.09642857142857143,0.023660714285714285,0.0,0.0035714285714285713,0.0040178571428571425,0.0008928571428571428,0.002232142857142857,0.0,0.0017857142857142857,0.0017857142857142857,0.004464285714285714,0.0004464285714285714,0.0,0.09285714285714286,0.0,0.002232142857142857,0.007142857142857143,0.012946428571428572,0.020089285714285716,0.0040178571428571425,0.0,0.002232142857142857,0.0004464285714285714,0.0004464285714285714,0.0026785714285714286,0.005803571428571429,0.0013392857142857143,0.007142857142857143,0.0008928571428571428,0.0035714285714285713,0.03482142857142857,0.013392857142857142,0.0,0.008928571428571428,0.0017857142857142857,0.0004464285714285714,0.0,0.002232142857142857,0.01830357142857143,0.0,0.0,0.003125,0.0013392857142857143,0.010267857142857143,0.0,0.0040178571428571425,0.0008928571428571428,0.0040178571428571425,0.060714285714285714,0.007142857142857143,0.0,0.004910714285714286,0.0026785714285714286,0.0,0.029464285714285714,0.0,0.0,0.09241071428571429,0.004910714285714286,0.003125,0.0026785714285714286,0.003125,0.0004464285714285714,0.0013392857142857143,0.008928571428571428,0.0013392857142857143,0.0,0.0,0.0,0.0
ERR912092,enx,0.005443548387096774,0.010685483870967741,0.0006048387096774194,0.0,0.00020161290322580645,0.0008064516129032258,0.00020161290322580645,0.0,0.0,0.004838709677419355,0.0,0.008064516129032258,0.0008064516129032258,0.0,0.0006048387096774194,0.0068548387096774195,0.002620967741935484,0.0,0.08245967741935484,0.0004032258064516129,0.022983870967741935,0.0,0.0008064516129032258,0.0,0.0004032258064516129,0.0,0.00967741935483871,0.0024193548387096775,0.0008064516129032258,0.005241935483870968,0.002620967741935484,0.08225806451612903,0.005040322580645161,0.0008064516129032258,0.013709677419354839,0.0,0.0,0.0012096774193548388,0.0,0.00020161290322580645,0.00020161290322580645,0.0010080645161290322,0.0018145161290322581,0.0006048387096774194,0.043548387096774194,0.0,0.0010080645161290322,0.012701612903225806,0.0020161290322580645,0.0068548387096774195,0.004032258064516129,0.0,0.0024193548387096775,0.0006048387096774194,0.0004032258064516129,0.0004032258064516129,0.0010080645161290322,0.042943548387096776,0.0008064516129032258,0.0024193548387096775,0.0,0.005040322580645161,0.0006048387096774194,0.0008064516129032258,0.0032258064516129032,0.0,0.0,0.01189516129032258,0.0020161290322580645,0.0004032258064516129,0.0,0.001411290322580645,0.005443548387096774,0.0,0.022782258064516128,0.0,0.00625,0.002620967741935484,0.007258064516129033,0.0,0.0,0.001411290322580645,0.0,0.011693548387096775,0.0,0.02056451612903226,0.0,0.0,0.015524193548387097,0.0020161290322580645,0.0,0.0004032258064516129,0.01129032258064516,0.0,0.0,0.005241935483870968,0.0006048387096774194,0.002217741935483871,0.0,0.00020161290322580645,0.0004032258064516129
ERR911958,enx,0.005208333333333333,0.023726851851851853,0.0,0.010416666666666666,0.0,0.0,0.007523148148148148,0.001736111111111111,0.0,0.008680555555555556,0.0005787037037037037,0.003472222222222222,0.0005787037037037037,0.001736111111111111,0.0,0.004629629629629629,0.009837962962962963,0.0,0.007523148148148148,0.0028935185185185184,0.005787037037037037,0.0011574074074074073,0.007523148148148148,0.0,0.004050925925925926,0.004050925925925926,0.0,0.030671296296296297,0.0023148148148148147,0.007523148148148148,0.0028935185185185184,0.1394675925925926,0.00636574074074074,0.0028935185185185184,0.01099537037037037,0.0005787037037037037,0.0,0.0028935185185185184,0.001736111111111111,0.001736111111111111,0.0011574074074074073,0.0,0.0023148148148148147,0.0,0.16550925925925927,0.0,0.001736111111111111,0.0023148148148148147,0.008680555555555556,0.01273148148148148,0.0023148148148148147,0.0,0.005787037037037037,0.0028935185185185184,0.005787037037037037,0.0,0.034722222222222224,0.0023148148148148147,0.0011574074074074073,0.006944444444444444,0.0011574074074074073,0.0023148148148148147,0.006944444444444444,0.0023148148148148147,0.009259259259259259,0.001736111111111111,0.0005787037037037037,0.001736111111111111,0.02488425925925926,0.0011574074074074073,0.0,0.0023148148148148147,0.004050925925925926,0.0023148148148148147,0.008101851851851851,0.004629629629629629,0.005208333333333333,0.00636574074074074,0.007523148148148148,0.0,0.0,0.0,0.00636574074074074,0.015625,0.0,0.00636574074074074,0.0,0.0,0.009259259259259259,0.00636574074074074,0.0023148148148148147,0.0005787037037037037,0.014467592592592593,0.0,0.0,0.009259259259259259,0.0,0.0,0.00636574074074074,0.0005787037037037037,0.0023148148148148147
ERR912139,enx,0.0036130068245684463,0.004616619831393015,0.0,0.0,0.0024086712163789645,0.002007226013649137,0.0010036130068245685,0.0,0.006222400642312324,0.0006021678040947411,0.0002007226013649137,0.011039743075070253,0.0034122842232035327,0.0002007226013649137,0.0,0.02127659574468085,0.0006021678040947411,0.022480931352870333,0.023885989562424728,0.0008028904054596548,0.004415897230028101,0.0010036130068245685,0.03091128061019671,0.0008028904054596548,0.0074267362505018066,0.016057808109193095,0.004014452027298274,0.003211561621838619,0.0004014452027298274,0.02729827378562826,0.0018065034122842231,0.1188277800080289,0.008028904054596548,0.0018065034122842231,0.009835407466880771,0.0002007226013649137,0.0002007226013649137,0.0008028904054596548,0.0008028904054596548,0.0014050582095543958,0.0,0.005620232838217583,0.010839020473705338,0.002007226013649137,0.10337213970293055,0.0002007226013649137,0.0038137294259333603,0.009835407466880771,0.0036130068245684463,0.0036130068245684463,0.004817342432757929,0.0,0.003211561621838619,0.0008028904054596548,0.005218787635487756,0.0006021678040947411,0.008430349257326376,0.0016057808109193096,0.0074267362505018066,0.0,0.0008028904054596548,0.0034122842232035327,0.0038137294259333603,0.0004014452027298274,0.0016057808109193096,0.0,0.0038137294259333603,0.0,0.017262143717382578,0.0008028904054596548,0.0,0.0012043356081894822,0.019871537535126455,0.006222400642312324,0.016659975913287835,0.0,0.02288237655560016,0.014050582095543959,0.016659975913287835,0.0066238458450421514,0.006423123243677238,0.0016057808109193096,0.0,0.0016057808109193096,0.0,0.014251304696908872,0.0004014452027298274,0.0012043356081894822,0.0018065034122842231,0.0006021678040947411,0.010638297872340425,0.008430349257326376,0.002007226013649137,0.0074267362505018066,0.0004014452027298274,0.03211561621838619,0.0006021678040947411,0.0012043356081894822,0.004616619831393015,0.003010839020473705,0.0
ERR912116,enx,0.010740314537782892,0.006137322593018795,0.0,0.0011507479861910242,0.0011507479861910242,0.0003835826620636747,0.0003835826620636747,0.0,0.0011507479861910242,0.00019179133103183735,0.01093210586881473,0.004602991944764097,0.0007671653241273494,0.0011507479861910242,0.0005753739930955121,0.01169927119294208,0.0,0.011507479861910242,0.02454929037207518,0.0009589566551591868,0.009781357882623706,0.0,0.05005753739930955,0.0,0.0017261219792865361,0.013233601841196778,0.007479861910241657,0.009589566551591868,0.0,0.00805523590333717,0.002109704641350211,0.12293824319140775,0.024932873034138856,0.004027617951668585,0.004411200613732259,0.0023014959723820483,0.013233601841196778,0.0030686612965093976,0.02896049098580744,0.0009589566551591868,0.0017261219792865361,0.004411200613732259,0.00805523590333717,0.00019179133103183735,0.11085538933640199,0.00019179133103183735,0.00863060989643268,0.005370157268891446,0.046221710778672806,0.02704257767548907,0.002685078634445723,0.0005753739930955121,0.0009589566551591868,0.0003835826620636747,0.003260452627541235,0.00019179133103183735,0.0028768699654775605,0.0007671653241273494,0.0003835826620636747,0.0003835826620636747,0.00019179133103183735,0.006904487917146145,0.009973149213655544,0.0007671653241273494,0.0028768699654775605,0.0,0.00364403528960491,0.0007671653241273494,0.0174530111238972,0.0,0.0,0.003260452627541235,0.00652090525508247,0.0030686612965093976,0.007671653241273495,0.0,0.008822401227464518,0.0015343306482546988,0.00652090525508247,0.009397775220560031,0.0038358266206367474,0.0034522439585730723,0.0,0.0007671653241273494,0.0015343306482546988,0.04794783275795934,0.0003835826620636747,0.0023014959723820483,0.01457614115841964,0.018603759110088224,0.005178365937859608,0.0003835826620636747,0.0015343306482546988,0.0,0.0011507479861910242,0.004602991944764097,0.0,0.0003835826620636747,0.0005753739930955121,0.0003835826620636747,0.0007671653241273494
ERR912082,enx,0.00392156862745098,0.0005228758169934641,0.00026143790849673205,0.0,0.00026143790849673205,0.00026143790849673205,0.004183006535947713,0.0,0.0,0.002352941176470588,0.0,0.004183006535947713,0.00026143790849673205,0.0,0.0,0.00026143790849673205,0.004705882352941176,0.0,0.001568627450980392,0.04366013071895425,0.06562091503267974,0.0,0.0,0.0,0.0,0.0,0.0,0.023790849673202615,0.00026143790849673205,0.0,0.002875816993464052,0.0018300653594771241,0.0010457516339869282,0.000784313725490196,0.0005228758169934641,0.0,0.0,0.0010457516339869282,0.0,0.0,0.024052287581699347,0.0,0.0,0.0,0.00784313725490196,0.0,0.0,0.0,0.0010457516339869282,0.009411764705882352,0.05568627450980392,0.018823529411764704,0.0,0.001568627450980392,0.00026143790849673205,0.0,0.0,0.0005228758169934641,0.00130718954248366,0.0020915032679738564,0.0,0.0005228758169934641,0.0,0.004705882352941176,0.00026143790849673205,0.0,0.0,0.0,0.01673202614379085,0.020130718954248367,0.0,0.0049673202614379085,0.001568627450980392,0.01673202614379085,0.007058823529411765,0.0,0.14326797385620915,0.0,0.0,0.0,0.0,0.0,0.1830065359477124,0.001568627450980392,0.0,0.0,0.0,0.0,0.0,0.0005228758169934641,0.13202614379084968,0.0,0.002875816993464052,0.0,0.0005228758169934641,0.0010457516339869282,0.00130718954248366,0.0,0.0,0.0,0.049150326797385624
ERR912202,enx,0.012241958713394143,0.01632261161785886,0.0,0.0,0.003600576092174748,0.0009601536245799327,0.018242918867018725,0.0,0.0,0.006481036965914546,0.0,0.020163226116178587,0.0016802688430148825,0.0,0.0,0.007201152184349496,0.00600096015362458,0.0,0.011041766682669226,0.005040806529044647,0.00816130580892943,0.0,0.012962073931829092,0.0,0.0043206913106096975,0.0,0.0014402304368698992,0.006481036965914546,0.0007201152184349496,0.009361497839654344,0.0021603456553048487,0.04488718194911186,0.00528084493518963,0.0019203072491598655,0.009361497839654344,0.0,0.00048007681228996637,0.003840614498319731,0.00048007681228996637,0.00024003840614498319,0.0028804608737397984,0.008641382621219395,0.001200192030724916,0.002400384061449832,0.053528564570331255,0.0,0.0028804608737397984,0.017042726836293806,0.012481997119539127,0.013922227556409025,0.013202112337974076,0.0,0.0028804608737397984,0.0021603456553048487,0.0,0.0009601536245799327,0.0,0.001200192030724916,0.0031204992798847817,0.003840614498319731,0.0014402304368698992,0.009601536245799328,0.00528084493518963,0.0,0.0007201152184349496,0.0014402304368698992,0.0009601536245799327,0.00024003840614498319,0.07609217474795968,0.031925108017282766,0.0,0.010081613058089293,0.005040806529044647,0.007681228996639462,0.010321651464234277,0.0,0.010801728276524244,0.0014402304368698992,0.00600096015362458,0.0,0.003360537686029765,0.002400384061449832,0.006240998559769563,0.012722035525684109,0.0,0.0019203072491598655,0.0,0.0,0.0,0.003360537686029765,0.024483917426788286,0.0,0.010801728276524244,0.0,0.0,0.006240998559769563,0.0,0.00048007681228996637,0.00048007681228996637,0.001200192030724916,0.003360537686029765
ERR912020,enx,0.0033235581622678397,0.005474095796676442,0.0005865102639296188,0.00039100684261974585,0.012121212121212121,0.005474095796676442,0.007820136852394917,0.0,0.0,0.0015640273704789834,0.00039100684261974585,0.005669599217986315,0.002150537634408602,0.0,0.0,0.024828934506353862,0.0015640273704789834,0.009579667644183774,0.0031280547409579668,0.004301075268817204,0.026392961876832845,0.0009775171065493646,0.005083088954056696,0.0,0.002346041055718475,0.0,0.015835777126099706,0.01798631476050831,0.0013685239491691105,0.0062561094819159335,0.008993157380254154,0.14701857282502445,0.002150537634408602,0.0017595307917888563,0.015444770283479962,0.0,0.00039100684261974585,0.0011730205278592375,0.0007820136852394917,0.0,0.0,0.0009775171065493646,0.004496578690127077,0.00019550342130987292,0.12688172043010754,0.0,0.00039100684261974585,0.002737047898338221,0.0039100684261974585,0.01466275659824047,0.008993157380254154,0.0019550342130987292,0.0015640273704789834,0.002737047898338221,0.0031280547409579668,0.0,0.002346041055718475,0.0019550342130987292,0.010752688172043012,0.0,0.0,0.0093841642228739,0.005278592375366569,0.0017595307917888563,0.00039100684261974585,0.0,0.0,0.00019550342130987292,0.014467253176930596,0.011143695014662757,0.00019550342130987292,0.005865102639296188,0.0019550342130987292,0.0,0.007624633431085044,0.0,0.013098729227761487,0.0009775171065493646,0.006647116324535679,0.0,0.0019550342130987292,0.0,0.0,0.010166177908113392,0.0,0.0011730205278592375,0.0005865102639296188,0.0,0.04183773216031281,0.008211143695014663,0.0,0.018963831867057673,0.0013685239491691105,0.0,0.0,0.007038123167155425,0.0,0.00019550342130987292,0.00019550342130987292,0.0,0.0093841642228739
ERR911978,enx,0.010138858276394092,0.0015428697377121445,0.00022040996253030638,0.0,0.00551024906325766,0.0015428697377121445,0.02733083535375799,0.0,0.0,0.008816398501212255,0.00044081992506061276,0.017853206964954817,0.00242450958783337,0.00044081992506061276,0.00022040996253030638,0.007053118800969804,0.0,0.01102049812651532,0.01631033722724267,0.006832708838439497,0.00793475865109103,0.009257218426272867,0.020277716552788184,0.0,0.011461318051575931,0.0,0.001102049812651532,0.0008816398501212255,0.00044081992506061276,0.00484901917566674,0.003526559400484902,0.02049812651531849,0.006832708838439497,0.001102049812651532,0.014326647564469915,0.0,0.011240908089045624,0.0008816398501212255,0.0,0.0,0.0015428697377121445,0.0015428697377121445,0.0006612298875909191,0.0,0.04981265153184924,0.0,0.003526559400484902,0.00044081992506061276,0.0008816398501212255,0.01586951730218206,0.0028653295128939827,0.00022040996253030638,0.00044081992506061276,0.00044081992506061276,0.0,0.00044081992506061276,0.0,0.0008816398501212255,0.013665417676878995,0.0,0.00022040996253030638,0.020718536477848798,0.03173903460436412,0.001102049812651532,0.003967379325545515,0.005951068988318272,0.00022040996253030638,0.00242450958783337,0.037910513555212695,0.015428697377121445,0.0,0.00793475865109103,0.004408199250606128,0.0,0.02314304606568217,0.0,0.015649107339651754,0.0,0.011902137976636544,0.0,0.007493938726030417,0.0,0.0019836896627727575,0.00044081992506061276,0.0,0.00969803835133348,0.0,0.0,0.006391888913378885,0.003085739475424289,0.04055543310557637,0.0,0.0026449195503636764,0.0028653295128939827,0.00022040996253030638,0.0046286092131364335,0.0,0.0,0.0,0.0,0.010138858276394092
ERR912041,enx,0.0005717552887364208,0.012864493996569469,0.0,0.0038593481989708405,0.002001143510577473,0.0,0.0001429388221841052,0.0,0.0,0.0024299599771297883,0.0017152658662092624,0.0024299599771297883,0.000714694110920526,0.0002858776443682104,0.0,0.021012006861063463,0.02858776443682104,0.009005145797598629,0.007289879931389366,0.0,0.015580331618067466,0.0005717552887364208,0.013579188107489995,0.0,0.0004288164665523156,0.0008576329331046312,0.014150943396226415,0.001286449399656947,0.00357347055460263,0.015294453973699256,0.0038593481989708405,0.037449971412235564,0.03158947970268725,0.004145225843339051,0.0032875929102344197,0.001286449399656947,0.014722698684962836,0.0015723270440251573,0.0015723270440251573,0.0,0.0,0.013150371640937679,0.008719268153230417,0.0002858776443682104,0.05060034305317324,0.0001429388221841052,0.006432246998284734,0.038593481989708404,0.04473985134362493,0.03073184676958262,0.0037164093767867354,0.000714694110920526,0.002001143510577473,0.0010005717552887365,0.0038593481989708405,0.0,0.001429388221841052,0.0031446540880503146,0.0017152658662092624,0.0002858776443682104,0.0,0.012149799885648942,0.0,0.004145225843339051,0.0017152658662092624,0.0,0.012578616352201259,0.002572898799313894,0.024299599771297885,0.0,0.0004288164665523156,0.002858776443682104,0.02501429388221841,0.002144082332761578,0.01672384219554031,0.0,0.010577472841623786,0.005717552887364208,0.04145225843339051,0.0,0.0,0.0005717552887364208,0.0,0.008719268153230417,0.0038593481989708405,0.0067181246426529445,0.007289879931389366,0.004288164665523156,0.0,0.013579188107489995,0.002287021154945683,0.0005717552887364208,0.004288164665523156,0.0004288164665523156,0.0,0.055031446540880505,0.02086906803887936,0.002001143510577473,0.0017152658662092624,0.02029731275014294,0.001286449399656947
ERR912119,enx,0.0007708119218910585,0.003083247687564234,0.0,0.0,0.0028263103802672147,0.0,0.00025693730729701953,0.0,0.0010277492291880781,0.0033401849948612537,0.0010277492291880781,0.013617677286742035,0.0046248715313463515,0.004367934224049332,0.0005138746145940391,0.0028263103802672147,0.001541623843782117,0.010020554984583761,0.008735868448098663,0.0017985611510791368,0.014388489208633094,0.0,0.005909558067831449,0.0,0.003083247687564234,0.044193216855087356,0.00539568345323741,0.023124357656731757,0.0012846865364850976,0.06346351490236382,0.0025693730729701952,0.10457348406988695,0.019527235354573486,0.008221993833504625,0.003854059609455293,0.0025693730729701952,0.019013360739979446,0.0010277492291880781,0.0,0.00025693730729701953,0.0020554984583761563,0.0017985611510791368,0.0028263103802672147,0.0,0.09892086330935251,0.0005138746145940391,0.0012846865364850976,0.0041109969167523125,0.004881808838643371,0.03391572456320658,0.006680369989722507,0.0,0.0025693730729701952,0.001541623843782117,0.004881808838643371,0.0,0.001541623843782117,0.0028263103802672147,0.006937307297019527,0.0,0.0,0.01695786228160329,0.001541623843782117,0.0005138746145940391,0.0017985611510791368,0.018756423432682426,0.0,0.0020554984583761563,0.00539568345323741,0.0046248715313463515,0.0005138746145940391,0.0023124357656731757,0.029033915724563205,0.0028263103802672147,0.004367934224049332,0.012589928057553957,0.01644398766700925,0.009506680369989723,0.005652620760534429,0.0,0.0005138746145940391,0.0,0.0,0.008478931140801645,0.0,0.01670092497430627,0.0,0.0020554984583761563,0.0,0.014645426515930112,0.0028263103802672147,0.0012846865364850976,0.011305241521068859,0.0023124357656731757,0.0,0.013617677286742035,0.004881808838643371,0.004881808838643371,0.0,0.0010277492291880781,0.0005138746145940391
ERR912194,enx,0.034791506779227425,0.004604758250191865,0.00025581990278843696,0.004604758250191865,0.04246610386288053,0.0015349194167306216,0.0061396776669224865,0.0,0.004860578152980302,0.00025581990278843696,0.0017907393195190585,0.005116398055768739,0.004604758250191865,0.0030698388334612432,0.00025581990278843696,0.008186236889229983,0.0007674597083653108,0.034791506779227425,0.0017907393195190585,0.0017907393195190585,0.02174469173701714,0.0020465592223074956,0.0012790995139421847,0.0,0.0007674597083653108,0.02507035047326682,0.013558454847787157,0.007930416986441546,0.00025581990278843696,0.08902532617037605,0.00588385776413405,0.08390892811460732,0.0015349194167306216,0.0012790995139421847,0.0023023791250959325,0.0,0.00332565873624968,0.0010232796111537478,0.0005116398055768739,0.0005116398055768739,0.0017907393195190585,0.004093118444614991,0.00332565873624968,0.0010232796111537478,0.07546687132258889,0.0,0.027372729598362754,0.00844205679201842,0.0012790995139421847,0.03607060629316961,0.03632642619595804,0.004093118444614991,0.005628037861345613,0.00025581990278843696,0.007674597083653108,0.0,0.010488616014325915,0.0007674597083653108,0.0023023791250959325,0.0,0.0007674597083653108,0.014325914556152468,0.005116398055768739,0.0,0.0023023791250959325,0.0020465592223074956,0.0010232796111537478,0.0023023791250959325,0.015093374264517779,0.00665131747249936,0.00025581990278843696,0.0025581990278843694,0.010744435917114352,0.0012790995139421847,0.00844205679201842,0.0015349194167306216,0.030186748529035558,0.0,0.00844205679201842,0.0,0.0012790995139421847,0.0,0.0010232796111537478,0.0,0.0,0.007674597083653108,0.0,0.0,0.016116653875671526,0.034024047070862116,0.007418777180864671,0.0020465592223074956,0.00025581990278843696,0.003837298541826554,0.0010232796111537478,0.009976976208749041,0.0,0.0005116398055768739,0.0,0.0,0.003581478639038117
ERR912049,enx,0.0007434944237918215,0.009665427509293681,0.0,0.0,0.008178438661710037,0.00322180916976456,0.001982651796778191,0.004956629491945477,0.0044609665427509295,0.0024783147459727386,0.002973977695167286,0.003469640644361834,0.00322180916976456,0.0009913258983890955,0.0,0.0052044609665427505,0.0004956629491945477,0.001734820322180917,0.019578686493184633,0.001486988847583643,0.01982651796778191,0.0012391573729863693,0.001486988847583643,0.0,0.00644361833952912,0.044361833952912016,0.01660470879801735,0.011648079306071871,0.00024783147459727387,0.013382899628252789,0.001734820322180917,0.06790582403965303,0.020322180916976455,0.012143742255266418,0.01486988847583643,0.0027261462205700124,0.00024783147459727387,0.002973977695167286,0.00024783147459727387,0.0004956629491945477,0.0027261462205700124,0.001734820322180917,0.006939281288723668,0.0004956629491945477,0.09690210656753408,0.0004956629491945477,0.00024783147459727387,0.004708798017348203,0.00322180916976456,0.007930607187112764,0.00322180916976456,0.0,0.001734820322180917,0.0022304832713754648,0.035192069392812886,0.0,0.0024783147459727386,0.00842627013630731,0.0076827757125154895,0.0004956629491945477,0.0,0.007930607187112764,0.004708798017348203,0.00024783147459727387,0.001486988847583643,0.0,0.0,0.0012391573729863693,0.014374225526641884,0.001734820322180917,0.0,0.0007434944237918215,0.023296158612143743,0.0004956629491945477,0.006691449814126394,0.0,0.02057001239157373,0.0012391573729863693,0.004956629491945477,0.0,0.0,0.0044609665427509295,0.0,0.00644361833952912,0.0,0.007434944237918215,0.0,0.005700123915737299,0.01288723667905824,0.13209417596034698,0.001486988847583643,0.004213135068153655,0.005947955390334572,0.0,0.0,0.005452292441140025,0.012143742255266418,0.0004956629491945477,0.003965303593556382,0.001982651796778191,0.0004956629491945477
ERR912158,enx,0.002208968411751712,0.007952286282306162,0.0004417936823503424,0.001104484205875856,0.0026507620941020544,0.009498564170532362,0.0002208968411751712,0.005743317870554451,0.0008835873647006848,0.0006626905235255136,0.0008835873647006848,0.008835873647006848,0.0026507620941020544,0.0008835873647006848,0.0004417936823503424,0.022310580958692292,0.001104484205875856,0.008173183123481335,0.008614976805831677,0.0004417936823503424,0.0033134526176275677,0.0035343494588027393,0.0019880715705765406,0.0008835873647006848,0.00905677048818202,0.00552242102937928,0.001104484205875856,0.008614976805831677,0.0,0.013253810470510271,0.0033134526176275677,0.04837640821736249,0.017892644135188866,0.00905677048818202,0.0006626905235255136,0.0008835873647006848,0.0015462778882261983,0.0026507620941020544,0.013474707311685442,0.0008835873647006848,0.0,0.0017671747294013696,0.005301524188204109,0.0002208968411751712,0.05389882924674177,0.0002208968411751712,0.004417936823503424,0.02805389882924674,0.008394079964656506,0.028274795670421914,0.008394079964656506,0.0,0.001104484205875856,0.0004417936823503424,0.0037552462999779104,0.0004417936823503424,0.0026507620941020544,0.0015462778882261983,0.0033134526176275677,0.0013253810470510272,0.0,0.044842058758559754,0.0026507620941020544,0.0037552462999779104,0.007510492599955821,0.004417936823503424,0.0,0.009940357852882704,0.02385685884691849,0.0,0.003976143141153081,0.0013253810470510272,0.030262867240998453,0.0015462778882261983,0.005964214711729622,0.0026507620941020544,0.007510492599955821,0.055666003976143144,0.009498564170532362,0.0,0.0004417936823503424,0.0019880715705765406,0.0,0.0004417936823503424,0.0017671747294013696,0.04594654296443561,0.0004417936823503424,0.0008835873647006848,0.01855533465871438,0.01104484205875856,0.0026507620941020544,0.0013253810470510272,0.003976143141153081,0.0019880715705765406,0.0,0.020101612546940578,0.0028716589352772255,0.0066269052352551355,0.002208968411751712,0.01877623149988955,0.0013253810470510272
ERR912140,enx,0.001358080579447714,0.008374830239927569,0.0,0.0011317338162064282,0.0009053870529651426,0.00022634676324128565,0.000679040289723857,0.0,0.013354459031235853,0.000679040289723857,0.00022634676324128565,0.008374830239927569,0.001358080579447714,0.00022634676324128565,0.0022634676324128564,0.014712539610683566,0.002037120869171571,0.023540063377093707,0.017881394296061566,0.00022634676324128565,0.004074241738343142,0.0015844273426889996,0.012222725215029425,0.0009053870529651426,0.011543684925305569,0.07039384336803983,0.0011317338162064282,0.0022634676324128564,0.01041195110909914,0.0074694431869624265,0.0011317338162064282,0.10638297872340426,0.014486192847442281,0.002716161158895428,0.004526935264825713,0.0,0.0004526935264825713,0.0004526935264825713,0.01878678134902671,0.000679040289723857,0.0,0.009959257582616569,0.005432322317790856,0.004979628791308284,0.11928474422815753,0.00022634676324128565,0.014938886373924853,0.005432322317790856,0.004526935264825713,0.0074694431869624265,0.009732910819375284,0.000679040289723857,0.0061113626075147125,0.0009053870529651426,0.0004526935264825713,0.0036215482118605704,0.00882752376641014,0.00022634676324128565,0.003168854685377999,0.0,0.0,0.004526935264825713,0.01041195110909914,0.0,0.001358080579447714,0.0,0.0,0.001358080579447714,0.012222725215029425,0.0004526935264825713,0.000679040289723857,0.0011317338162064282,0.049117247623358985,0.0022634676324128564,0.017202354006337708,0.00022634676324128565,0.022181982797645994,0.003847894975101856,0.0047532820280669985,0.0,0.002489814395654142,0.0,0.0004526935264825713,0.002489814395654142,0.0,0.00882752376641014,0.0,0.000679040289723857,0.009506564056133997,0.028746038931643278,0.0009053870529651426,0.0074694431869624265,0.003168854685377999,0.0,0.0,0.010864644635581712,0.000679040289723857,0.0004526935264825713,0.000679040289723857,0.00022634676324128565,0.000679040289723857
ERR911970,enx,0.00036429872495446266,0.016029143897996357,0.0,0.026593806921675775,0.0018214936247723133,0.02331511839708561,0.0,0.0,0.0,0.006193078324225865,0.011293260473588343,0.003278688524590164,0.00036429872495446266,0.0025500910746812386,0.0,0.006557377049180328,0.0029143897996357013,0.025865209471766848,0.01493624772313297,0.0,0.018214936247723135,0.0007285974499089253,0.0014571948998178506,0.0,0.0,0.0,0.02622950819672131,0.03351548269581057,0.00036429872495446266,0.013114754098360656,0.007285974499089253,0.023679417122040074,0.0069216757741347905,0.003278688524590164,0.00546448087431694,0.010564663023679418,0.00036429872495446266,0.0,0.001092896174863388,0.00036429872495446266,0.004735883424408015,0.0007285974499089253,0.0018214936247723133,0.0,0.044444444444444446,0.0014571948998178506,0.001092896174863388,0.02331511839708561,0.00036429872495446266,0.023679417122040074,0.0069216757741347905,0.010200364298724954,0.003278688524590164,0.0069216757741347905,0.0,0.0,0.0069216757741347905,0.00036429872495446266,0.01785063752276867,0.0036429872495446266,0.0,0.036794171220400726,0.004371584699453552,0.0007285974499089253,0.00036429872495446266,0.0,0.0,0.020036429872495445,0.0014571948998178506,0.00036429872495446266,0.0014571948998178506,0.0029143897996357013,0.002185792349726776,0.02040072859744991,0.012021857923497269,0.0,0.025136612021857924,0.0,0.008014571948998178,0.0,0.010564663023679418,0.0,0.022222222222222223,0.02695810564663024,0.0,0.011293260473588343,0.001092896174863388,0.0,0.010564663023679418,0.00546448087431694,0.06739526411657559,0.001092896174863388,0.0058287795992714025,0.0029143897996357013,0.0,0.008378870673952642,0.001092896174863388,0.0007285974499089253,0.0,0.00036429872495446266,0.01347905282331512
ERR912066,enx,0.001488095238095238,0.009226190476190476,0.0,0.0005952380952380953,0.006845238095238095,0.0005952380952380953,0.00625,0.0005952380952380953,0.0,0.0005952380952380953,0.0,0.005654761904761905,0.003869047619047619,0.002380952380952381,0.0,0.0035714285714285713,0.0,0.058333333333333334,0.007738095238095238,0.0008928571428571428,0.016666666666666666,0.025892857142857145,0.0011904761904761906,0.004166666666666667,0.023214285714285715,0.01755952380952381,0.013988095238095239,0.0020833333333333333,0.0005952380952380953,0.009821428571428571,0.011011904761904763,0.050595238095238096,0.026785714285714284,0.0035714285714285713,0.00625,0.0008928571428571428,0.0008928571428571428,0.002976190476190476,0.0,0.0,0.0005952380952380953,0.00505952380952381,0.003869047619047619,0.0,0.06458333333333334,0.00029761904761904765,0.004761904761904762,0.0005952380952380953,0.0008928571428571428,0.01488095238095238,0.01011904761904762,0.00029761904761904765,0.005654761904761905,0.0,0.001488095238095238,0.0,0.0035714285714285713,0.002976190476190476,0.01875,0.0,0.0,0.004761904761904762,0.0011904761904761906,0.0020833333333333333,0.023809523809523808,0.002380952380952381,0.00029761904761904765,0.002380952380952381,0.008928571428571428,0.008630952380952382,0.00029761904761904765,0.002380952380952381,0.015178571428571428,0.008035714285714285,0.013392857142857142,0.004166666666666667,0.0125,0.0020833333333333333,0.006547619047619048,0.009226190476190476,0.02261904761904762,0.0125,0.006547619047619048,0.0005952380952380953,0.0,0.022023809523809525,0.0,0.0,0.03333333333333333,0.003869047619047619,0.004761904761904762,0.0005952380952380953,0.016666666666666666,0.0017857142857142857,0.0,0.006845238095238095,0.0,0.00029761904761904765,0.001488095238095238,0.0,0.0008928571428571428
ERR912065,enx,0.0017667844522968198,0.0028268551236749115,0.0,0.0014134275618374558,0.006713780918727915,0.0007067137809187279,0.00035335689045936394,0.0,0.0,0.0031802120141342758,0.0,0.00812720848056537,0.0038869257950530037,0.014134275618374558,0.0,0.006713780918727915,0.0014134275618374558,0.010247349823321554,0.0007067137809187279,0.0038869257950530037,0.009893992932862191,0.0,0.00530035335689046,0.0,0.0035335689045936395,0.0,0.051590106007067135,0.01625441696113074,0.0007067137809187279,0.0024734982332155478,0.006713780918727915,0.02508833922261484,0.04204946996466431,0.01342756183745583,0.0,0.0014134275618374558,0.0021201413427561835,0.0,0.0007067137809187279,0.0,0.0,0.0024734982332155478,0.0038869257950530037,0.0,0.04840989399293286,0.0,0.00035335689045936394,0.007067137809187279,0.0024734982332155478,0.054063604240282684,0.006713780918727915,0.00035335689045936394,0.009540636042402828,0.0017667844522968198,0.006007067137809187,0.0,0.009187279151943463,0.006713780918727915,0.0007067137809187279,0.0010600706713780918,0.0,0.012367491166077738,0.0077738515901060075,0.00035335689045936394,0.0038869257950530037,0.0,0.0,0.004240282685512367,0.01519434628975265,0.0,0.0,0.0,0.012367491166077738,0.0038869257950530037,0.0014134275618374558,0.0,0.014487632508833921,0.01519434628975265,0.0,0.11554770318021201,0.0017667844522968198,0.0014134275618374558,0.0,0.011307420494699646,0.0,0.009893992932862191,0.0,0.005653710247349823,0.0872791519434629,0.0014134275618374558,0.026148409893992933,0.0014134275618374558,0.0035335689045936395,0.0,0.0010600706713780918,0.03356890459363958,0.014487632508833921,0.007067137809187279,0.011307420494699646,0.006007067137809187,0.0024734982332155478
ERR911954,enx,0.00041322314049586776,0.003305785123966942,0.00041322314049586776,0.00020661157024793388,0.01012396694214876,0.0012396694214876034,0.0,0.0,0.0,0.0008264462809917355,0.0006198347107438017,0.01384297520661157,0.00041322314049586776,0.001446280991735537,0.0,0.007231404958677686,0.0008264462809917355,0.005578512396694215,0.04442148760330578,0.001652892561983471,0.036983471074380166,0.0,0.02809917355371901,0.0006198347107438017,0.0070247933884297524,0.0,0.001652892561983471,0.001446280991735537,0.001859504132231405,0.007644628099173554,0.026446280991735537,0.09793388429752066,0.017975206611570246,0.01384297520661157,0.020041322314049585,0.001859504132231405,0.00041322314049586776,0.0006198347107438017,0.00041322314049586776,0.001859504132231405,0.005991735537190083,0.00371900826446281,0.001652892561983471,0.00020661157024793388,0.09545454545454546,0.0008264462809917355,0.0022727272727272726,0.003305785123966942,0.0010330578512396695,0.012190082644628099,0.003305785123966942,0.008264462809917356,0.0012396694214876034,0.00041322314049586776,0.001446280991735537,0.0,0.0024793388429752068,0.00020661157024793388,0.017975206611570246,0.0006198347107438017,0.00020661157024793388,0.004132231404958678,0.042355371900826444,0.002892561983471074,0.00020661157024793388,0.007851239669421488,0.001446280991735537,0.003305785123966942,0.001652892561983471,0.001859504132231405,0.0,0.001446280991735537,0.006611570247933884,0.00041322314049586776,0.013636363636363636,0.010330578512396695,0.008471074380165288,0.0006198347107438017,0.00743801652892562,0.0,0.013636363636363636,0.0,0.0006198347107438017,0.00041322314049586776,0.001446280991735537,0.04504132231404959,0.0,0.0,0.06549586776859505,0.010537190082644627,0.0012396694214876034,0.0,0.0043388429752066115,0.0,0.00020661157024793388,0.003925619834710744,0.0,0.0012396694214876034,0.0010330578512396695,0.0010330578512396695,0.001859504132231405
ERR912075,enx,0.02474555976850928,0.00578726801037717,0.0,0.003791658351626422,0.0031929754540011976,0.001197365795250449,0.02554380363200958,0.0,0.0007982438635002994,0.0005986828976252245,0.000997804829375374,0.02314907204150868,0.000997804829375374,0.0005986828976252245,0.0,0.003392536419876272,0.0,0.010377170225503891,0.012572340850129714,0.0003991219317501497,0.017361804031131512,0.0003991219317501497,0.001995609658750748,0.0,0.004390341249251646,0.0,0.013171023747754938,0.007184194771502694,0.0005986828976252245,0.0077828776691279185,0.012971462781879864,0.029135901017760927,0.003991219317501496,0.0031929754540011976,0.004789463181001796,0.00019956096587507485,0.0003991219317501497,0.0015964877270005988,0.0005986828976252245,0.0,0.001995609658750748,0.0003991219317501497,0.002394731590500898,0.0007982438635002994,0.05428058271802035,0.0005986828976252245,0.01157453602075434,0.009778487327878668,0.019756535621632407,0.0077828776691279185,0.0031929754540011976,0.0005986828976252245,0.001995609658750748,0.0003991219317501497,0.001995609658750748,0.00019956096587507485,0.004589902215126721,0.000997804829375374,0.001995609658750748,0.0003991219317501497,0.0003991219317501497,0.013969267611255238,0.0031929754540011976,0.0005986828976252245,0.001995609658750748,0.0,0.0,0.004390341249251646,0.15525843145080823,0.02354819397325883,0.0,0.007383755737377769,0.0055877070445020955,0.002394731590500898,0.005188585112751946,0.0,0.010576731191378965,0.001197365795250449,0.004589902215126721,0.0,0.002394731590500898,0.0017960486928756735,0.0,0.0003991219317501497,0.004390341249251646,0.010377170225503891,0.0003991219317501497,0.0,0.0027938535222510478,0.003791658351626422,0.003392536419876272,0.0,0.002594292556375973,0.0,0.0,0.004789463181001796,0.0,0.0003991219317501497,0.0,0.0007982438635002994,0.002195170624625823
ERR911988,enx,0.005777961205117622,0.014444903012794058,0.0,0.025381758151052414,0.0004127115146512588,0.0010317787866281469,0.00969872059430458,0.0002063557573256294,0.0010317787866281469,0.0016508460586050352,0.0002063557573256294,0.010936855138258357,0.0024762690879075525,0.0,0.0006190672719768881,0.007428807263722658,0.0,0.008047874535699545,0.004539826661163846,0.0016508460586050352,0.028064382996285598,0.0012381345439537762,0.012794056954189021,0.0,0.011349566652909615,0.0014444903012794056,0.003714403631861329,0.0016508460586050352,0.0,0.02311184482047049,0.018572018159306643,0.04209657449442839,0.011968633924886504,0.0006190672719768881,0.012587701196863392,0.02311184482047049,0.0,0.0014444903012794056,0.0008254230293025176,0.0002063557573256294,0.002269913330581923,0.0006190672719768881,0.003920759389186958,0.0006190672719768881,0.06871646718943458,0.0,0.0010317787866281469,0.03033429632686752,0.002888980602558811,0.015683037556747832,0.014857614527445316,0.011968633924886504,0.0006190672719768881,0.0002063557573256294,0.005571605447791993,0.0004127115146512588,0.006603384234420141,0.002888980602558811,0.0,0.0,0.0,0.005571605447791993,0.0024762690879075525,0.0008254230293025176,0.0006190672719768881,0.0002063557573256294,0.0006190672719768881,0.011555922410235245,0.019603796945934792,0.011555922410235245,0.0,0.005158893933140734,0.009286009079653322,0.0012381345439537762,0.021667354519191086,0.0004127115146512588,0.04539826661163846,0.0,0.014444903012794058,0.0,0.0047461824184894755,0.0024762690879075525,0.009492364836978951,0.0008254230293025176,0.0,0.01361947998349154,0.0,0.0,0.02311184482047049,0.01712752785802724,0.0014444903012794056,0.0,0.012381345439537762,0.0016508460586050352,0.0010317787866281469,0.003714403631861329,0.0,0.0,0.0,0.0,0.016302104828724722
ERR912190,enx,0.02212581344902386,0.00368763557483731,0.00021691973969631235,0.0,0.0013015184381778742,0.0,0.017136659436008676,0.0,0.0,0.0015184381778741865,0.0,0.024078091106290674,0.0010845986984815619,0.007592190889370932,0.0,0.030585683297180043,0.0006507592190889371,0.018655097613882864,0.0010845986984815619,0.0004338394793926247,0.005639913232104121,0.0,0.0008676789587852494,0.0008676789587852494,0.011279826464208243,0.0,0.09566160520607375,0.013449023861171366,0.0006507592190889371,0.0013015184381778742,0.0010845986984815619,0.05271149674620391,0.010412147505422993,0.0,0.0015184381778741865,0.0006507592190889371,0.0,0.03427331887201735,0.0,0.0,0.0004338394793926247,0.0019522776572668114,0.0013015184381778742,0.0015184381778741865,0.04642082429501085,0.0,0.0021691973969631237,0.0010845986984815619,0.0078091106290672455,0.0032537960954446853,0.01648590021691974,0.0,0.0034707158351409977,0.0006507592190889371,0.0,0.0,0.0,0.0034707158351409977,0.0015184381778741865,0.0008676789587852494,0.0,0.0010845986984815619,0.0026030368763557484,0.0004338394793926247,0.006290672451193058,0.0,0.0,0.0,0.07288503253796096,0.025162689804772233,0.0,0.01822125813449024,0.0028199566160520607,0.012581344902386117,0.0026030368763557484,0.0,0.01193058568329718,0.0010845986984815619,0.0008676789587852494,0.0013015184381778742,0.002386117136659436,0.011713665943600867,0.0,0.0034707158351409977,0.0,0.0013015184381778742,0.0,0.0,0.0,0.0210412147505423,0.010629067245119306,0.0008676789587852494,0.0039045553145336228,0.02472885032537961,0.00021691973969631235,0.00368763557483731,0.0,0.0008676789587852494,0.0,0.00021691973969631235,0.0010845986984815619
ERR912089,enx,0.002370229912301493,0.015643517421189856,0.00023702299123014932,0.000711068973690448,0.0026072529035316427,0.0016591609386110452,0.00047404598246029864,0.0,0.00023702299123014932,0.002844275894761792,0.00023702299123014932,0.004503436833372837,0.0011851149561507466,0.002370229912301493,0.00023702299123014932,0.004503436833372837,0.0,0.0,0.013273287508888362,0.0018961839298411946,0.03673856364067315,0.0,0.002133206921071344,0.0,0.007821758710594928,0.020383977245792842,0.02749466698269732,0.002133206921071344,0.000711068973690448,0.02417634510547523,0.005925574780753733,0.06636643754444181,0.02180611519317374,0.0052145058070632855,0.006636643754444181,0.000711068973690448,0.0,0.002370229912301493,0.002844275894761792,0.0009480919649205973,0.0016591609386110452,0.008295804693055226,0.0052145058070632855,0.0009480919649205973,0.0898317136762266,0.0009480919649205973,0.008532827684285376,0.030575965868689263,0.014695425456269258,0.018487793315951646,0.01422137947380896,0.01801374733349135,0.00047404598246029864,0.00023702299123014932,0.00687366674567433,0.000711068973690448,0.01422137947380896,0.0033183218772220905,0.009954965631666271,0.00047404598246029864,0.0,0.009243896657975823,0.000711068973690448,0.00047404598246029864,0.002844275894761792,0.00047404598246029864,0.00023702299123014932,0.004266413842142688,0.016828632377340603,0.0009480919649205973,0.0009480919649205973,0.002370229912301493,0.008295804693055226,0.00355534486845224,0.011377103579047167,0.0009480919649205973,0.07489926522872718,0.010429011614126571,0.0018961839298411946,0.0,0.014695425456269258,0.0009480919649205973,0.005688551789523584,0.003792367859682389,0.0026072529035316427,0.020858023228253142,0.0,0.001422137947380896,0.0,0.015169471438729557,0.011614126570277317,0.0016591609386110452,0.002370229912301493,0.0,0.0,0.006162597771983883,0.0,0.00047404598246029864,0.001422137947380896,0.00023702299123014932,0.01066603460535672
ERR912198,enx,0.001431980906921241,0.0009546539379474941,0.0,0.00015910898965791568,0.003341288782816229,0.00015910898965791568,0.0007955449482895784,0.04789180588703262,0.00031821797931583137,0.00015910898965791568,0.0007955449482895784,0.0017501988862370723,0.0006364359586316627,0.0006364359586316627,0.002545743834526651,0.029276054097056484,0.00031821797931583137,0.007796340493237868,0.002386634844868735,0.00015910898965791568,0.013046937151949085,0.028798727128082735,0.04200477326968974,0.0,0.0020684168655529037,0.0042959427207637235,0.018138424821002388,0.004136833731105807,0.00031821797931583137,0.010023866348448688,0.0015910898965791568,0.10803500397772474,0.010342084327764518,0.007159904534606206,0.00047732696897374703,0.0011137629276054097,0.004932378679395386,0.00031821797931583137,0.00031821797931583137,0.0,0.0,0.0036595067621320605,0.0042959427207637235,0.00047732696897374703,0.11789976133651552,0.0006364359586316627,0.004136833731105807,0.008114558472553698,0.007796340493237868,0.009705648369132855,0.005409705648369133,0.00015910898965791568,0.003341288782816229,0.0038186157517899762,0.0027048528241845663,0.0031821797931583136,0.0019093078758949881,0.002386634844868735,0.0017501988862370723,0.0,0.003341288782816229,0.0031821797931583136,0.00031821797931583137,0.0009546539379474941,0.003341288782816229,0.0,0.00015910898965791568,0.006364359586316627,0.022911694510739856,0.0,0.0009546539379474941,0.0007955449482895784,0.03977724741447892,0.0012728719172633255,0.004614160700079554,0.00047732696897374703,0.004614160700079554,0.0065234685759745425,0.005250596658711217,0.0,0.0,0.0011137629276054097,0.014001591089896579,0.003023070803500398,0.0,0.012092283214001591,0.0,0.005250596658711217,0.0006364359586316627,0.0019093078758949881,0.0009546539379474941,0.0020684168655529037,0.0012728719172633255,0.00015910898965791568,0.0,0.016070007955449484,0.00031821797931583137,0.004455051710421639,0.0058870326173428794,0.016070007955449484,0.0
ERR912173,enx,0.0,0.00042517006802721087,0.0,0.0,0.0008503401360544217,0.0012755102040816326,0.0,0.0,0.0,0.002551020408163265,0.00510204081632653,0.002976190476190476,0.005952380952380952,0.00042517006802721087,0.00510204081632653,0.007227891156462585,0.0012755102040816326,0.008928571428571428,0.0017006802721088435,0.01020408163265306,0.008928571428571428,0.0,0.04336734693877551,0.0,0.003401360544217687,0.0625,0.00935374149659864,0.008503401360544218,0.00042517006802721087,0.010629251700680272,0.0,0.0391156462585034,0.02891156462585034,0.0012755102040816326,0.0055272108843537416,0.0008503401360544217,0.0008503401360544217,0.006802721088435374,0.0,0.00042517006802721087,0.0,0.008928571428571428,0.006802721088435374,0.0,0.05399659863945578,0.0008503401360544217,0.0017006802721088435,0.03358843537414966,0.00042517006802721087,0.011479591836734694,0.0008503401360544217,0.00042517006802721087,0.0012755102040816326,0.003826530612244898,0.00042517006802721087,0.01020408163265306,0.0,0.002551020408163265,0.013180272108843538,0.0,0.0,0.025510204081632654,0.013180272108843538,0.00510204081632653,0.0017006802721088435,0.0,0.0,0.0,0.0,0.0,0.0,0.002551020408163265,0.02848639455782313,0.01020408163265306,0.008928571428571428,0.0,0.007653061224489796,0.0012755102040816326,0.036989795918367346,0.0021258503401360546,0.0008503401360544217,0.0,0.0,0.0,0.0,0.01870748299319728,0.0,0.0,0.027636054421768707,0.0744047619047619,0.03443877551020408,0.0,0.00467687074829932,0.0008503401360544217,0.0,0.002976190476190476,0.0,0.0,0.0,0.00042517006802721087,0.011479591836734694
ERR912134,enx,0.002416626389560174,0.030127275656516836,0.0004833252779120348,0.0,0.00032221685194135655,0.0,0.0,0.0008055421298533913,0.0,0.011277589817947478,0.00467214435314967,0.014338649911390366,0.0019333011116481392,0.007410987594651201,0.0,0.04204929917834703,0.00918318028032866,0.021105203802158853,0.017399710004833254,0.003222168519413565,0.021749637506041565,0.009988722410182052,0.017399710004833254,0.0,0.004833252779120348,0.0,0.008216529724504592,0.0012888674077654262,0.003544385371354922,0.027549540840985983,0.0025777348155308524,0.05687127436764943,0.011277589817947478,0.0,0.00644433703882713,0.0,0.007410987594651201,0.0040277106492669565,0.00016110842597067828,0.0,0.0014499758337361043,0.0009666505558240696,0.0038666022232962784,0.001772192685677461,0.07813758659577896,0.00032221685194135655,0.0028999516674722086,0.007088770742709844,0.006766553890768487,0.019010794264540037,0.005316578057032383,0.0014499758337361043,0.006605445464797809,0.0033832769453842437,0.008860963428387304,0.0,0.0,0.001772192685677461,0.001772192685677461,0.0016110842597067826,0.0,0.011922023521830192,0.00837763815047527,0.004511035927178992,0.0009666505558240696,0.00016110842597067828,0.0,0.0004833252779120348,0.029482841952634124,0.001772192685677461,0.002255517963589496,0.0019333011116481392,0.008055421298533913,0.002255517963589496,0.015305300467214435,0.0,0.018205252134686645,0.01675527630095054,0.006605445464797809,0.0,0.003544385371354922,0.0019333011116481392,0.00032221685194135655,0.023521830191719027,0.0,0.03431609473175447,0.0,0.0,0.0,0.00644433703882713,0.007410987594651201,0.005316578057032383,0.015949734171097147,0.022716288061865635,0.0,0.0069276623167391655,0.0,0.0,0.0,0.0028999516674722086,0.002255517963589496
ERR912103,enx,0.0008756567425569177,0.006713368359603036,0.0002918855808523059,0.012551079976649154,0.0020431990659661413,0.005837711617046118,0.0,0.0,0.0,0.01576182136602452,0.002918855808523059,0.0008756567425569177,0.0008756567425569177,0.003210741389375365,0.0,0.007589025102159953,0.0017513134851138354,0.010799766491535318,0.0017513134851138354,0.002626970227670753,0.00642148277875073,0.0005837711617046118,0.010507880910683012,0.0,0.016053706946876824,0.0,0.022183304144775248,0.014302393461762989,0.0,0.010507880910683012,0.012259194395796848,0.06654991243432574,0.003210741389375365,0.005837711617046118,0.002626970227670753,0.004086398131932283,0.0008756567425569177,0.012259194395796848,0.0011675423234092236,0.0,0.0,0.0002918855808523059,0.0005837711617046118,0.0002918855808523059,0.08960887332165791,0.0002918855808523059,0.0005837711617046118,0.012551079976649154,0.002918855808523059,0.028021015761821366,0.005253940455341506,0.004086398131932283,0.002626970227670753,0.002335084646818447,0.00642148277875073,0.0,0.0035026269702276708,0.0008756567425569177,0.002918855808523059,0.003210741389375365,0.0,0.0072971395213076475,0.003210741389375365,0.0002918855808523059,0.0008756567425569177,0.0008756567425569177,0.0002918855808523059,0.0037945125510799767,0.029480443666082896,0.0,0.0,0.004086398131932283,0.00788091068301226,0.003210741389375365,0.002626970227670753,0.0017513134851138354,0.017221249270286048,0.006129597197898424,0.0020431990659661413,0.013426736719206071,0.01284296555750146,0.0,0.0,0.015469935785172213,0.0,0.11704611792177466,0.0008756567425569177,0.0,0.011675423234092236,0.007589025102159953,0.005253940455341506,0.013134851138353765,0.0035026269702276708,0.0,0.0,0.01576182136602452,0.002335084646818447,0.0,0.0,0.0011675423234092236,0.005545826036193812
ERR911962,enx,0.00034376074252320387,0.012375386730835339,0.0,0.0,0.0010312822275696115,0.0013750429700928155,0.0,0.0,0.0,0.0,0.0,0.0017188037126160192,0.00034376074252320387,0.035063595737366796,0.0,0.0006875214850464077,0.0,0.0,0.0048126503953248535,0.00034376074252320387,0.0048126503953248535,0.002062564455139223,0.0,0.0,0.0,0.0,0.09659676864902028,0.0,0.0,0.0010312822275696115,0.09556548642145067,0.03403231350979718,0.011687865245788931,0.0,0.00034376074252320387,0.0037813681677552422,0.0006875214850464077,0.018563080096253008,0.00034376074252320387,0.0,0.0,0.0017188037126160192,0.0,0.0,0.09247163973874184,0.00034376074252320387,0.0,0.01959436232382262,0.0006875214850464077,0.009969061533172912,0.002750085940185631,0.0075627363355104844,0.0034376074252320385,0.0,0.0006875214850464077,0.0,0.0010312822275696115,0.0010312822275696115,0.018219319353729804,0.0,0.0,0.11894121691302853,0.00034376074252320387,0.0,0.00034376074252320387,0.0,0.0,0.002750085940185631,0.0,0.0,0.0013750429700928155,0.0,0.0013750429700928155,0.018906840838776213,0.0006875214850464077,0.0,0.01684427638363699,0.0,0.0,0.07631488484015125,0.0,0.0,0.0,0.0,0.0,0.0013750429700928155,0.0,0.0,0.038844963905122036,0.00034376074252320387,0.019938123066345823,0.009281540048126504,0.0,0.0,0.0,0.0010312822275696115,0.0,0.0,0.0,0.0006875214850464077,0.0048126503953248535
ERR912152,enx,0.00029308323563892143,0.002637749120750293,0.00029308323563892143,0.0,0.011723329425556858,0.009671746776084409,0.0,0.0,0.0,0.0123094958968347,0.0008792497069167644,0.00996483001172333,0.0011723329425556857,0.0,0.0,0.020515826494724502,0.0008792497069167644,0.020515826494724502,0.0035169988276670576,0.0014654161781946073,0.01611957796014068,0.008206330597889801,0.011430246189917937,0.0,0.004396248534583822,0.04835873388042204,0.009085580304806565,0.008206330597889801,0.0014654161781946073,0.006740914419695193,0.004689331770222743,0.027549824150058615,0.017291910902696366,0.007913247362250879,0.006447831184056272,0.0020515826494724504,0.012602579132473623,0.0020515826494724504,0.0035169988276670576,0.0,0.0020515826494724504,0.0005861664712778429,0.005275498241500586,0.0,0.03458382180539273,0.0,0.0035169988276670576,0.0038100820633059787,0.005568581477139508,0.03575615474794842,0.003223915592028136,0.00029308323563892143,0.0035169988276670576,0.0011723329425556857,0.0008792497069167644,0.0,0.0,0.0008792497069167644,0.019343493552168817,0.0,0.0,0.016705744431418524,0.0011723329425556857,0.00029308323563892143,0.0035169988276670576,0.006447831184056272,0.0023446658851113715,0.00029308323563892143,0.008792497069167644,0.004103165298944901,0.0038100820633059787,0.0035169988276670576,0.01875732708089097,0.0,0.0035169988276670576,0.0,0.00996483001172333,0.025498241500586168,0.005861664712778429,0.028722157092614303,0.0014654161781946073,0.0,0.0,0.009085580304806565,0.0,0.04044548651817116,0.0,0.008792497069167644,0.023153575615474795,0.0023446658851113715,0.0011723329425556857,0.0,0.010844079718640093,0.008499413833528723,0.0,0.012602579132473623,0.007033997655334115,0.0,0.0,0.023153575615474795,0.005568581477139508
ERR912186,enx,0.0013501350135013501,0.011926192619261927,0.0,0.0,0.0009000900090009,0.0,0.0006750675067506751,0.0,0.0,0.015076507650765077,0.0,0.009225922592259225,0.00045004500450045,0.0,0.0,0.01395139513951395,0.02025202520252025,0.0009000900090009,0.0405040504050405,0.00045004500450045,0.020477047704770476,0.0,0.0015751575157515751,0.0,0.0,0.011476147614761477,0.0063006300630063005,0.0144014401440144,0.0015751575157515751,0.03172817281728173,0.0,0.07245724572457246,0.007875787578757875,0.0029252925292529252,0.020027002700270028,0.000225022502250225,0.00045004500450045,0.0029252925292529252,0.0024752475247524753,0.0,0.012376237623762377,0.000225022502250225,0.0020252025202520253,0.0013501350135013501,0.09293429342934294,0.0,0.0033753375337533752,0.004275427542754276,0.018901890189018902,0.0072007200720072,0.0067506750675067504,0.000225022502250225,0.0009000900090009,0.0065256525652565255,0.0018001800180018,0.0,0.0013501350135013501,0.008100810081008101,0.0063006300630063005,0.0,0.0009000900090009,0.007425742574257425,0.007875787578757875,0.00045004500450045,0.0036003600360036,0.0067506750675067504,0.0,0.0,0.01395139513951395,0.0036003600360036,0.0,0.010801080108010801,0.0056255625562556255,0.0018001800180018,0.01642664266426643,0.0,0.011251125112511251,0.0006750675067506751,0.00765076507650765,0.0,0.0009000900090009,0.01755175517551755,0.00045004500450045,0.04477947794779478,0.0,0.08370837083708371,0.00045004500450045,0.0013501350135013501,0.0051755175517551755,0.012376237623762377,0.0,0.0,0.02115211521152115,0.0011251125112511251,0.0,0.0051755175517551755,0.0049504950495049506,0.0,0.000225022502250225,0.0009000900090009,0.000225022502250225
ERR912064,enx,0.0003732736095558044,0.010824934677118328,0.0003732736095558044,0.0,0.0029861888764464353,0.0001866368047779022,0.0003732736095558044,0.0,0.0,0.014744307577454274,0.009891750653228816,0.007278835386338186,0.004292646509891751,0.0014930944382232176,0.0003732736095558044,0.013064576334453154,0.019036954087346025,0.008025382605449796,0.013251213139231057,0.0001866368047779022,0.015677491601343786,0.0,0.02892870474057484,0.0005599104143337066,0.0011198208286674132,0.0,0.028368794326241134,0.030235162374020158,0.0016797312430011197,0.032661440836132885,0.0005599104143337066,0.05244494214259052,0.02724897349757372,0.010824934677118328,0.0001866368047779022,0.001866368047779022,0.0,0.002053004852556924,0.0016797312430011197,0.0024262784621127288,0.0007465472191116088,0.010824934677118328,0.0048525569242254575,0.0005599104143337066,0.05505785740948115,0.0014930944382232176,0.008212019410227697,0.0024262784621127288,0.0059723777528928705,0.005412467338559164,0.010451661067562523,0.0001866368047779022,0.0005599104143337066,0.006532288167226577,0.008212019410227697,0.0014930944382232176,0.001866368047779022,0.013997760358342666,0.019970138111235537,0.0,0.0,0.0011198208286674132,0.0014930944382232176,0.0007465472191116088,0.0013064576334453153,0.0,0.0,0.0031728256812243376,0.004479283314669653,0.0003732736095558044,0.0,0.0,0.0048525569242254575,0.02146323254945875,0.027995520716685332,0.0,0.015490854796565883,0.002799552071668533,0.0016797312430011197,0.0,0.0,0.006159014557670772,0.0,0.09555804404628593,0.0,0.004479283314669653,0.000933184023889511,0.012131392310563644,0.0,0.0070921985815602835,0.025195968645016796,0.0014930944382232176,0.014557670772676373,0.0016797312430011197,0.0,0.007838745800671893,0.005412467338559164,0.0016797312430011197,0.0022396416573348264,0.0003732736095558044,0.0
ERR911972,enx,0.0014710208884966167,0.010297146219476317,0.0,0.0023536334215945864,0.0011768167107972932,0.00176522506619594,0.0005884083553986466,0.0005884083553986466,0.0,0.0011768167107972932,0.0011768167107972932,0.010297146219476317,0.0002942041776993233,0.013533392174168874,0.0,0.047366872609591056,0.0014710208884966167,0.025889967637540454,0.00529567519858782,0.0023536334215945864,0.005884083553986467,0.0005884083553986466,0.028832009414533687,0.0,0.003236245954692557,0.0,0.00264783759929391,0.019417475728155338,0.0,0.010297146219476317,0.004118858487790526,0.08384819064430715,0.010297146219476317,0.0029420417769932335,0.0005884083553986466,0.0002942041776993233,0.0002942041776993233,0.0011768167107972932,0.00176522506619594,0.00176522506619594,0.0029420417769932335,0.010002942041776994,0.00353045013239188,0.0,0.09532215357458076,0.0014710208884966167,0.004707266843189173,0.012650779641070904,0.009414533686378346,0.009708737864077669,0.00617828773168579,0.00264783759929391,0.00264783759929391,0.0014710208884966167,0.0014710208884966167,0.0,0.00353045013239188,0.0011768167107972932,0.005884083553986467,0.0005884083553986466,0.0,0.056192997940570755,0.006766696087084437,0.00176522506619594,0.00353045013239188,0.006766696087084437,0.0,0.0029420417769932335,0.02824360105913504,0.004707266843189173,0.0,0.0014710208884966167,0.01706384230656075,0.006766696087084437,0.011768167107972934,0.0,0.022653721682847898,0.005001471020888497,0.00176522506619594,0.0,0.0014710208884966167,0.0,0.0,0.006766696087084437,0.0,0.005884083553986467,0.003236245954692557,0.0,0.004707266843189173,0.00353045013239188,0.045307443365695796,0.0,0.002059429243895263,0.01882906737275669,0.007649308620182407,0.00794351279788173,0.0,0.005589879376287144,0.005884083553986467,0.007649308620182407,0.00441306266548985
ERR912113,enx,0.009070751864543439,0.003023583954847813,0.00020157226365652087,0.0006047167909695626,0.0014110058455956461,0.0014110058455956461,0.01411005845595646,0.0,0.006047167909695626,0.0,0.0020157226365652087,0.01592420882886515,0.0020157226365652087,0.0,0.00020157226365652087,0.016730497883491232,0.0010078613182826044,0.005442451118726063,0.0008062890546260835,0.0034267284821608546,0.007458173755291272,0.0,0.009675468655513001,0.0,0.005039306591413021,0.015117919774239064,0.02600282201169119,0.005845595646039105,0.0010078613182826044,0.020358798629308606,0.0008062890546260835,0.05301350534166498,0.00927232412819996,0.0028220116911912923,0.012295908083047773,0.0,0.005240878855069542,0.012699052610360815,0.0006047167909695626,0.0,0.00040314452731304173,0.014916347510582543,0.0010078613182826044,0.00020157226365652087,0.10421286031042129,0.0,0.01169119129207821,0.003023583954847813,0.013706913928643418,0.015117919774239064,0.005039306591413021,0.0006047167909695626,0.001612578109252167,0.00040314452731304173,0.00020157226365652087,0.0,0.001612578109252167,0.0028220116911912923,0.007861318282604314,0.0008062890546260835,0.0,0.003023583954847813,0.005442451118726063,0.0024188671638782503,0.0014110058455956461,0.0,0.0,0.0010078613182826044,0.12699052610360814,0.013706913928643418,0.00020157226365652087,0.015319492037895585,0.008466035073573876,0.004434589800443459,0.012900624874017335,0.0,0.018343075992743398,0.0,0.004434589800443459,0.0,0.00040314452731304173,0.0056440233823825845,0.0008062890546260835,0.00705502922797823,0.0,0.0020157226365652087,0.0,0.0018141503729086877,0.0,0.013102197137673856,0.007861318282604314,0.00020157226365652087,0.0034267284821608546,0.015521064301552107,0.0,0.013505341664986898,0.0012094335819391251,0.0,0.0,0.00020157226365652087,0.003023583954847813
ERR912053,enx,0.0002553626149131767,0.003319713993871297,0.0,0.003575076608784474,0.0007660878447395301,0.003319713993871297,0.0007660878447395301,0.0,0.0012768130745658835,0.0015321756894790602,0.003830439223697651,0.002553626149131767,0.0012768130745658835,0.012257405515832482,0.0028089887640449437,0.008171603677221655,0.002553626149131767,0.005362614913176711,0.003575076608784474,0.0,0.003575076608784474,0.0,0.009448416751787538,0.0010214504596527069,0.0040858018386108275,0.009959141981613892,0.004341164453524004,0.0339632277834525,0.0010214504596527069,0.006639427987742594,0.0020429009193054137,0.0735444330949949,0.045965270684371805,0.002553626149131767,0.0022982635342185904,0.0005107252298263534,0.0005107252298263534,0.0005107252298263534,0.0002553626149131767,0.0010214504596527069,0.0,0.0040858018386108275,0.0015321756894790602,0.003575076608784474,0.06843718079673136,0.0007660878447395301,0.0020429009193054137,0.008682328907048007,0.0056179775280898875,0.0372829417773238,0.004341164453524004,0.0,0.0010214504596527069,0.0007660878447395301,0.003319713993871297,0.006639427987742594,0.0030643513789581204,0.001787538304392237,0.0015321756894790602,0.002553626149131767,0.0,0.006639427987742594,0.005873340143003065,0.0,0.0020429009193054137,0.0007660878447395301,0.0010214504596527069,0.0012768130745658835,0.021961184882533197,0.0002553626149131767,0.0002553626149131767,0.0015321756894790602,0.02017364657814096,0.003575076608784474,0.03013278855975485,0.0015321756894790602,0.007405515832482125,0.003319713993871297,0.0010214504596527069,0.0,0.0056179775280898875,0.0010214504596527069,0.0,0.0,0.0028089887640449437,0.19560776302349336,0.0005107252298263534,0.0,0.003575076608784474,0.008937691521961185,0.019662921348314606,0.0028089887640449437,0.002553626149131767,0.0,0.04136874361593463,0.018130745658835545,0.0056179775280898875,0.001787538304392237,0.0,0.004596527068437181,0.0005107252298263534
ERR912054,enx,0.0012993762993762994,0.002338877338877339,0.0,0.0,0.0018191268191268192,0.002079002079002079,0.0010395010395010396,0.0036382536382536385,0.0018191268191268192,0.006237006237006237,0.0005197505197505198,0.009875259875259876,0.0002598752598752599,0.0002598752598752599,0.0,0.008316008316008316,0.007796257796257797,0.014553014553014554,0.013253638253638254,0.0007796257796257797,0.002858627858627859,0.0005197505197505198,0.006496881496881497,0.0,0.0010395010395010396,0.0,0.007536382536382537,0.014033264033264034,0.0012993762993762994,0.02676715176715177,0.002079002079002079,0.058731808731808735,0.0010395010395010396,0.0,0.004417879417879418,0.0,0.002598752598752599,0.0010395010395010396,0.0033783783783783786,0.0,0.0,0.0002598752598752599,0.011174636174636175,0.0038981288981288983,0.07354469854469854,0.0,0.0007796257796257797,0.02001039501039501,0.007796257796257797,0.015332640332640333,0.0018191268191268192,0.0,0.0018191268191268192,0.005197505197505198,0.0007796257796257797,0.0,0.002079002079002079,0.0005197505197505198,0.010395010395010396,0.0005197505197505198,0.0,0.006756756756756757,0.002338877338877339,0.004158004158004158,0.0005197505197505198,0.0,0.0,0.0031185031185031187,0.013773388773388774,0.002079002079002079,0.0,0.0038981288981288983,0.010654885654885655,0.0059771309771309775,0.009875259875259876,0.0,0.007276507276507277,0.05431392931392932,0.029885654885654887,0.0,0.0012993762993762994,0.0031185031185031187,0.0,0.0038981288981288983,0.0,0.04677754677754678,0.0,0.0,0.019230769230769232,0.010395010395010396,0.0018191268191268192,0.0007796257796257797,0.004417879417879418,0.0007796257796257797,0.0,0.0485966735966736,0.0,0.0,0.0,0.008316008316008316,0.0
ERR912063,enx,0.006263550951577933,0.03348590701035895,0.0002409058058299205,0.0016863406408094434,0.002409058058299205,0.000963623223319682,0.000481811611659841,0.0,0.0,0.012527101903155867,0.001445434834979523,0.008431703204047217,0.000963623223319682,0.0,0.000963623223319682,0.0093953264273669,0.0031317754757889667,0.004095398699108649,0.04047217537942664,0.000481811611659841,0.03830402312695736,0.0,0.035894965068658156,0.0,0.001445434834979523,0.0,0.015417971573114912,0.040231269573596726,0.0012045290291496024,0.0187906528547338,0.0021681522524692846,0.09949409780775717,0.017827029631414117,0.006022645145748013,0.022404239942182606,0.0007227174174897615,0.0021681522524692846,0.0,0.0016863406408094434,0.000963623223319682,0.00505902192242833,0.000963623223319682,0.005781739339918092,0.0007227174174897615,0.09684413394362804,0.0002409058058299205,0.0016863406408094434,0.0031317754757889667,0.008431703204047217,0.007708985786557456,0.001445434834979523,0.000481811611659841,0.000963623223319682,0.007227174174897615,0.007227174174897615,0.000963623223319682,0.0036135870874488074,0.00457721031076849,0.0012045290291496024,0.0,0.0,0.0026499638641291254,0.006986268369067694,0.000481811611659841,0.000481811611659841,0.0,0.0002409058058299205,0.001445434834979523,0.020476993495543244,0.0,0.0012045290291496024,0.0002409058058299205,0.006022645145748013,0.0,0.01589978318477475,0.0,0.021440616718862923,0.0021681522524692846,0.00915442062153698,0.0016863406408094434,0.000963623223319682,0.0,0.0,0.017345218019754277,0.0,0.0199951818838834,0.0007227174174897615,0.007949891592387376,0.016140688990604675,0.002890869669959046,0.0007227174174897615,0.0,0.016863406408094434,0.000481811611659841,0.0,0.0021681522524692846,0.0007227174174897615,0.0,0.0012045290291496024,0.0012045290291496024,0.0007227174174897615
ERR912044,enx,0.0005002501250625312,0.01200600300150075,0.0002501250625312656,0.0,0.0005002501250625312,0.0002501250625312656,0.0,0.0,0.0,0.005252626313156579,0.0,0.015757878939469734,0.0007503751875937969,0.0,0.0,0.002001000500250125,0.002001000500250125,0.0,0.0560280140070035,0.0030015007503751876,0.01250625312656328,0.0,0.007003501750875438,0.0017508754377188595,0.0005002501250625312,0.0,0.013006503251625813,0.003501750875437719,0.0030015007503751876,0.008254127063531767,0.002001000500250125,0.0880440220110055,0.003501750875437719,0.0,0.010505252626313157,0.0002501250625312656,0.00575287643821911,0.0010005002501250625,0.0002501250625312656,0.0,0.0,0.0025012506253126563,0.002001000500250125,0.0010005002501250625,0.13231615807903951,0.0,0.0010005002501250625,0.003501750875437719,0.00400200100050025,0.01250625312656328,0.0005002501250625312,0.0,0.002751375687843922,0.0002501250625312656,0.0,0.0,0.0015007503751875938,0.007003501750875438,0.027013506753376687,0.0,0.0,0.002001000500250125,0.015507753876938469,0.0015007503751875938,0.0017508754377188595,0.0,0.0,0.0002501250625312656,0.004752376188094047,0.0005002501250625312,0.0010005002501250625,0.0005002501250625312,0.0017508754377188595,0.003501750875437719,0.03651825912956478,0.0,0.002751375687843922,0.003501750875437719,0.03301650825412707,0.0030015007503751876,0.0,0.0,0.0,0.012256128064032016,0.0,0.08179089544772386,0.0,0.0,0.008254127063531767,0.015007503751875938,0.0010005002501250625,0.002751375687843922,0.0077538769384692344,0.0,0.0,0.013256628314157078,0.0,0.0,0.0,0.0002501250625312656,0.002001000500250125
