sample_id,group,K00003,K00012,K00013,K00014,K00018,K00027,K00031,K00046,K00048,K00052,K00053,K00057,K00058,K00059,K00067,K00074,K00075,K00077,K00087,K00088,K00097,K00099,K00111,K00123,K00133,K00134,K00145,K00147,K00174,K00179,K00215,K00239,K00243,K00248,K00261,K00262,K00265,K00266,K00278,K00286,K00290,K00297,K00333,K00335,K00336,K00375,K00384,K00390,K00525,K00548,K00554,K00558,K00560,K00566,K00567,K00595,K00600,K00602,K00604,K00609,K00611,K00615,K00616,K00625,K00639,K00640,K00645,K00648,K00651,K00655,K00656,K00657,K00661,K00688,K00700,K00703,K00705,K00757,K00760,K00762,K00763,K00764,K00765,K00773,K00788,K00789,K00790,K00791,K00793,K00800,K00806,K00812,K00817,K00820,K00821,K00826,K00831,K00845,K00847,K00849,K00850,K00852,K00854,K00859,K00860,K00864,K00865,K00873,K00874,K00876,K00882,K00891,K00919,K00925,K00926,K00927,K00928,K00930,K00931,K00937,K00939,K00941,K00942,K00945,K00948,K00951,K00954,K00962,K00965,K00969,K00970,K00971,K00973,K00975,K00981,K00986,K00991,K00995,K01000,K01006,K01007,K01012,K01051,K01056,K01067,K01077,K01091,K01104,K01119,K01126,K01142,K01151,K01153,K01154,K01155,K01156,K01159,K01176,K01179,K01185,K01187,K01190,K01193,K01198,K01200,K01206,K01208,K01209,K01243,K01246,K01258,K01262,K01265,K01270,K01284,K01286,K01338,K01358,K01372,K01409,K01421,K01424,K01438,K01442,K01443,K01447,K01448,K01462,K01465,K01489,K01491,K01515,K01520,K01524,K01533,K01534,K01537,K01547,K01571,K01572,K01579,K01585,K01586,K01588,K01591,K01610,K01619,K01620,K01624,K01647,K01649,K01652,K01662,K01678,K01681,K01685,K01686,K01687,K01689,K01696,K01703,K01704,K01710,K01711,K01714,K01733,K01734,K01735,K01736,K01738,K01740,K01745,K01752,K01754,K01755,K01756,K01759,K01775,K01776,K01778,K01783,K01784,K01785,K01790,K01791,K01802,K01803,K01804,K01805,K01808,K01810,K01811,K01812,K01814,K01815,K01818,K01835,K01839,K01847,K01854,K01867,K01868,K01869,K01870,K01872,K01873,K01874,K01875,K01876,K01880,K01881,K01883,K01885,K01886,K01887,K01889,K01890,K01892,K01893,K01897,K01912,K01914,K01915,K01921,K01924,K01925,K01926,K01928,K01929,K01933,K01937,K01938,K01939,K01940,K01945,K01950,K01951,K01952,K01953,K01955,K01961,K01962,K01972,K01989,K01990,K01992,K01996,K01998,K02003,K02004,K02005,K02010,K02013,K02014,K02015,K02016,K02025,K02026,K02027,K02028,K02029,K02030,K02031,K02032,K02033,K02034,K02035,K02036,K02037,K02049,K02050,K02056,K02057,K02078,K02110,K02111,K02112,K02113,K02114,K02115,K02117,K02118,K02123,K02188,K02224,K02232,K02238,K02283,K02313,K02314,K02315,K02316,K02335,K02337,K02338,K02340,K02341,K02342,K02343,K02346,K02355,K02357,K02358,K02372,K02377,K02406,K02428,K02433,K02434,K02437,K02469,K02470,K02477,K02493,K02503,K02518,K02519,K02520,K02528,K02529,K02563,K02564,K02600,K02601,K02621,K02647,K02687,K02823,K02824,K02835,K02836,K02837,K02860,K02863,K02864,K02867,K02876,K02878,K02879,K02884,K02886,K02887,K02888,K02890,K02892,K02895,K02904,K02906,K02907,K02911,K02913,K02914,K02916,K02919,K02926,K02931,K02933,K02935,K02939,K02945,K02946,K02948,K02950,K02952,K02954,K02956,K02959,K02961,K02965,K02967,K02970,K02982,K02986,K02988,K02990,K02992,K02994,K02996,K03040,K03043,K03046,K03070,K03072,K03076,K03086,K03088,K03091,K03100,K03101,K03106,K03110,K03111,K03147,K03149,K03150,K03151,K03168,K03169,K03177,K03205,K03215,K03216,K03217,K03218,K03281,K03282,K03284,K03292,K03296,K03306,K03307,K03308,K03310,K03312,K03315,K03320,K03321,K03324,K03327,K03340,K03406,K03407,K03424,K03426,K03427,K03431,K03437,K03438,K03439,K03453,K03466,K03470,K03495,K03496,K03497,K03498,K03499,K03500,K03501,K03502,K03517,K03518,K03521,K03522,K03524,K03526,K03529,K03530,K03543,K03544,K03545,K03546,K03547,K03551,K03553,K03555,K03561,K03569,K03572,K03574,K03575,K03581,K03585,K03587,K03588,K03595,K03596,K03601,K03614,K03615,K03621,K03624,K03625,K03628,K03629,K03630,K03631,K03650,K03654,K03655,K03657,K03664,K03665,K03671,K03685,K03686,K03687,K03695,K03696,K03697,K03699,K03701,K03702,K03703,K03710,K03711,K03718,K03723,K03733,K03734,K03737,K03742,K03763,K03768,K03783,K03797,K03798,K03816,K03832,K03856,K03924,K03976,K03977,K03978,K03979,K04041,K04043,K04066,K04068,K04069,K04070,K04072,K04075,K04077,K04079,K04083,K04096,K04485,K04487,K04516,K04517,K04518,K04567,K04751,K04758,K04759,K04763,K04771,K05297,K05341,K05349,K05366,K05515,K05592,K05601,K05832,K05833,K05919,K05936,K05970,K05989,K06023,K06131,K06142,K06147,K06158,K06168,K06173,K06177,K06179,K06180,K06183,K06187,K06200,K06201,K06207,K06209,K06213,K06215,K06217,K06334,K06346,K06381,K06382,K06398,K06400,K06409,K06871,K06881,K06889,K06919,K06921,K06925,K06926,K06941,K06942,K06949,K06958,K06959,K06969,K06972,K06997,K07001,K07003,K07005,K07007,K07025,K07030,K07033,K07035,K07043,K07052,K07056,K07079,K07085,K07088,K07098,K07107,K07126,K07133,K07137,K07154,K07173,K07214,K07238,K07240,K07258,K07263,K07277,K07282,K07316,K07391,K07404,K07407,K07444,K07456,K07460,K07462,K07464,K07473,K07478,K07483,K07484,K07491,K07493,K07496,K07497,K07560,K07566,K07568,K07576,K07636,K07646,K07667,K07713,K07718,K07720,K07726,K07729,K07738,K07783,K07816,K07862,K08156,K08282,K08289,K08301,K08303,K08600,K08676,K08978,K08998,K09011,K09013,K09022,K09157,K09458,K09747,K09762,K09812,K09815,K09903,K09935,K09955,K10119,K10206,K10254,K10439,K10823,K10907,K10947,K11069,K11071,K11358,K11381,K11717,K11749,K11751,K11752,K11753,K11754,K12132,K12308,K12373,K12410,K12573,K12574,K12950,K12960,K13789,K13993,K14155,K14441,K14540,K14652,K14742,K15256,K15460,K15533,K15583,K15633,K15634,K15635,K15738,K15923,K15986,K15987,K16089,K16785,K16786,K16898,K16899,K17318,K17758,K17828,K18139,K18346,K18640,K18682,K18707,K19055,K19294,K19302,K19955,K20074,K20487,K21071,K21471,K21572,K21636,K22132,K01625,K01866,K02899,K03387,K16363
SRR6784404,cfs,13,6,39,28,8,34,96,37,83,4,0,12,14,12,63,14,2,1,2,32,31,11,0,13,2,39,107,36,98,1,10,5,2,11,140,0,25,120,5,77,4,25,229,37,4,23,12,72,0,18,20,31,14,31,36,72,177,20,7,0,10,34,12,0,41,72,7,0,3,19,86,0,16,14,36,26,40,19,29,145,42,19,78,123,32,9,13,0,20,12,5,17,50,25,25,6,65,12,59,13,67,5,23,33,0,46,37,27,61,31,10,14,5,66,5,5,22,28,0,113,3,6,8,32,5,0,59,13,24,23,39,101,134,25,23,0,6,3,101,183,4,8,7,0,2,51,10,54,1,51,20,7,24,198,6,0,0,38,66,0,23,127,14,0,0,9,26,36,14,4,0,13,7,54,0,6,71,20,0,117,43,4,3,0,1,0,37,17,18,9,0,1,2,27,53,49,15,175,43,20,57,79,26,1,75,0,28,83,25,5,46,89,31,3,238,0,25,89,22,70,23,29,3,27,2,29,12,4,20,47,150,0,9,50,45,164,19,3,0,78,0,22,4,80,8,16,32,56,0,52,23,50,87,62,26,0,20,4,192,250,4,9,32,131,116,41,157,26,53,94,8,60,13,26,24,18,20,8,23,45,73,29,183,28,6,45,17,4,0,62,23,110,30,79,9,0,6,83,151,0,11,9,8,6,242,25,0,2,166,230,2,17,6,3,31,18,30,68,36,37,25,23,65,16,7,30,100,0,0,12,13,9,80,52,14,89,5,28,120,27,7,23,4,16,20,43,11,16,15,24,45,3,15,111,153,7,5,37,6,0,51,11,68,0,0,30,85,30,120,74,26,290,0,11,0,4,59,54,35,64,9,88,18,10,26,31,0,94,59,17,13,8,13,90,0,14,11,118,12,0,35,0,0,46,13,0,112,7,0,0,430,0,118,91,21,123,48,135,12,194,18,314,55,8,0,5,3,20,22,74,79,71,5,5,9,31,39,12,53,30,50,73,14,0,50,451,101,2,10,39,2,3,4,5,8,44,90,185,0,295,5,5,6,35,53,28,3,23,21,17,0,82,172,0,2,36,5,150,0,70,70,7,0,11,31,6,10,13,15,10,20,30,15,106,80,131,6,22,2,22,3,4,93,19,26,19,10,7,79,81,43,18,9,127,98,22,12,9,19,57,4,56,170,98,18,2,43,103,53,3,7,16,33,3,13,5,0,10,172,21,46,0,20,22,3,8,4,78,51,30,144,91,61,19,0,4,66,59,10,9,61,0,11,15,23,9,27,6,0,80,2,7,8,20,7,3,21,71,52,7,20,33,0,55,16,0,0,5,15,60,15,0,38,63,165,202,7,22,22,28,264,4,72,23,3,20,75,207,21,22,6,25,95,0,304,12,14,5,0,0,114,16,10,13,1,7,5,13,131,3,0,29,3,8,35,48,15,25,6,46,104,210,2,0,4,19,19,3,62,4,2,5,0,88,0,14,46,3,13,9,0,11,6,13,170,9,26,102,30,197,51,0,1,3,37,44,10,0,2,122,42,20,6,63,50,26,2,97,10,9,0,92,42,126,67,20,127,2,2,17,26,19,54,0,0,3,0,47,28,38,30,76,54,72,0,81,1,38,4,25,105,6,2,7,62,280,20,112,0,62,8,62,0,2,13,30,10,0,34,16,7,3,0,9,181,0,7,44,146,0,44,4,5,3,73,19,3,82,7,4,45,44,0,32,4,23,84,0,7,12,270,0,16,7,71,13,41,0,22,20,10,27,3,4,11,101,16,29,115,34,5,20,19,72,21,83,108,57,267,140,0,0,0,0,0,0
SRR6784405,cfs,23,9,173,57,13,19,52,129,101,58,0,81,29,19,50,40,10,6,10,51,67,7,4,49,4,118,92,24,143,4,35,12,7,12,213,0,12,156,35,60,48,45,246,125,15,9,50,8,0,10,21,116,53,51,24,22,153,198,29,0,4,67,123,3,70,17,4,3,9,27,260,0,9,59,30,20,27,11,94,206,10,105,69,186,34,10,32,2,29,3,19,119,59,66,92,44,166,150,97,9,278,37,41,33,0,57,31,24,102,143,6,21,21,136,7,108,37,48,14,96,16,173,58,44,14,20,60,55,10,25,11,89,228,69,18,33,12,0,142,63,23,19,6,15,134,33,9,128,55,11,25,6,38,575,123,0,4,106,122,2,74,292,19,4,0,83,88,26,18,121,6,6,12,67,0,3,128,63,21,160,74,23,14,7,45,0,56,40,127,8,9,40,42,55,125,70,11,181,35,127,136,171,47,0,343,0,19,69,63,97,74,87,52,0,226,0,28,259,248,72,22,61,108,346,7,27,2,3,13,51,117,36,16,30,66,112,81,7,15,3,35,10,3,179,45,64,222,73,3,126,17,74,167,131,113,4,11,0,496,165,11,26,154,232,322,57,278,54,86,18,31,69,46,22,173,104,39,38,292,161,118,43,235,28,3,42,47,109,11,40,17,93,22,163,9,13,29,333,220,95,29,6,16,24,341,70,3,2,168,237,11,4,14,120,76,14,38,138,72,102,129,17,85,13,22,39,71,0,29,8,22,24,47,54,35,108,5,50,110,95,4,13,5,29,26,20,23,45,15,70,63,56,13,161,274,0,8,86,8,0,67,6,96,0,19,7,99,70,169,63,107,298,34,69,8,5,70,53,30,44,19,37,63,8,53,39,4,180,77,21,20,0,4,87,0,21,21,112,12,14,39,19,0,61,30,0,553,16,57,0,645,41,105,301,34,260,125,113,11,20,23,339,111,0,14,20,11,26,31,89,215,80,14,12,15,27,5,0,148,43,106,152,20,0,215,335,42,45,6,19,5,0,83,0,69,64,120,655,0,812,30,26,173,33,52,19,34,31,124,81,0,138,206,131,41,109,3,58,0,3,58,6,0,8,97,0,32,207,35,51,33,79,23,129,110,124,65,25,15,31,62,14,142,33,8,44,15,7,47,95,100,16,45,321,204,231,4,5,39,35,5,45,51,211,24,32,172,22,74,6,26,12,31,3,50,17,18,12,182,322,94,8,76,27,41,5,6,149,64,66,240,302,187,31,11,9,281,40,10,22,52,5,45,143,104,26,155,130,0,183,7,43,58,21,33,1,153,177,278,5,26,78,8,70,16,15,2,5,20,199,18,0,90,72,259,293,15,49,9,31,298,22,105,19,7,18,145,14,10,59,5,23,126,0,528,42,17,31,0,11,241,45,6,13,2,81,25,17,74,9,17,15,6,64,69,75,45,10,97,164,329,160,5,0,21,12,6,0,210,11,11,0,8,86,0,24,119,20,26,0,0,78,13,14,125,0,115,111,110,527,199,0,37,107,151,27,7,42,52,197,11,39,6,61,43,33,3,25,6,0,3,102,94,32,54,188,82,62,64,63,43,51,125,16,0,5,27,31,11,40,61,138,125,39,0,220,118,55,57,159,137,8,68,40,46,436,23,153,13,125,96,48,0,109,35,42,31,11,65,27,29,0,17,30,341,24,10,7,20,7,87,12,10,80,67,32,13,90,16,26,0,9,11,16,51,29,80,9,3,4,137,56,36,26,59,12,32,0,22,68,17,48,4,8,9,95,38,47,171,23,8,25,0,36,18,100,66,144,239,131,5,0,0,0,0,0
SRR6784409,cfs,9,34,45,18,3,6,11,11,56,19,5,25,2,0,21,7,2,4,4,8,15,4,10,9,0,24,29,0,86,0,15,0,0,3,26,0,8,44,11,20,32,8,133,6,0,0,22,0,21,2,6,55,0,15,10,32,25,65,3,3,0,9,33,2,17,2,4,4,2,3,69,4,7,41,9,7,2,7,0,89,0,3,13,11,37,0,0,2,13,0,0,37,3,17,5,25,26,31,12,2,106,0,4,14,0,8,4,2,30,7,0,3,13,40,19,5,36,20,0,40,4,66,2,16,0,7,34,2,7,3,0,67,25,53,3,0,9,4,61,6,11,0,25,0,0,15,10,11,4,41,4,3,0,46,40,3,0,12,0,0,3,129,0,0,2,0,10,67,5,31,2,2,0,28,0,19,19,3,2,47,0,12,0,5,17,0,5,16,58,0,4,21,10,41,20,61,3,109,6,0,75,74,12,4,106,0,0,33,38,10,4,18,9,0,49,0,9,39,5,16,4,45,38,68,3,0,13,0,4,4,8,0,4,13,11,62,54,3,3,0,9,2,0,3,3,10,77,18,0,35,9,18,15,76,33,0,8,0,182,2,0,9,94,31,108,26,44,0,14,31,24,12,11,9,65,7,2,0,50,29,39,5,59,17,13,26,3,60,0,7,0,19,3,0,5,9,0,134,17,5,7,3,14,0,54,46,2,0,56,139,6,0,0,53,2,6,3,26,15,6,3,5,15,3,18,15,14,0,0,0,0,32,18,8,7,129,0,3,33,28,2,4,4,0,0,11,10,39,2,7,3,20,0,78,73,3,0,15,7,0,59,13,46,0,0,6,41,10,23,26,22,103,3,19,28,5,18,0,9,11,9,9,18,1,31,8,0,53,34,9,0,16,0,22,0,11,0,23,22,0,14,0,0,19,5,7,194,19,0,10,344,157,33,52,5,96,40,39,25,6,5,139,5,0,0,4,3,2,0,17,63,29,5,5,2,13,61,0,9,14,57,33,2,0,41,155,15,22,0,0,0,0,24,0,35,11,3,48,0,50,17,19,58,6,10,6,12,0,5,29,4,22,50,69,0,9,0,4,5,9,8,0,9,3,16,32,0,89,5,10,5,0,5,18,26,3,17,0,3,11,11,5,4,6,1,5,5,2,17,45,47,1,6,6,45,18,2,3,8,2,0,0,7,57,4,15,29,8,13,7,18,5,11,9,3,47,4,0,76,13,28,0,18,6,10,0,0,39,7,6,73,99,66,20,0,1,217,11,8,3,0,0,12,7,15,0,60,67,0,3,2,3,4,17,17,0,6,6,7,0,0,52,0,15,8,2,0,3,5,74,0,0,16,35,6,46,0,6,0,1,8,3,45,0,41,7,5,6,0,22,9,0,13,0,60,13,13,0,32,0,45,0,6,4,2,28,5,2,23,3,0,0,2,3,2,2,0,4,46,97,2,93,7,0,6,0,5,3,32,0,4,0,3,20,0,0,32,0,2,0,0,1,24,6,40,0,3,40,0,101,3,0,11,0,4,8,4,28,52,3,0,3,4,7,31,15,8,10,0,0,1,63,20,0,26,52,27,29,36,13,3,9,7,10,12,10,3,14,7,10,3,11,5,33,0,87,21,27,9,39,48,5,5,10,6,7,2,14,0,2,3,4,3,76,0,22,2,8,4,5,0,0,0,7,95,0,5,0,3,0,3,0,0,0,47,4,2,23,8,20,0,3,14,2,8,0,7,0,0,0,44,66,18,25,2,10,18,4,24,12,4,0,2,0,0,48,9,6,23,0,2,3,0,43,2,0,22,6,152,90,6,0,0,0,0,0
SRR6784412,cfs,4,0,58,5,1,0,8,14,11,13,0,13,2,3,15,15,0,0,2,24,0,10,0,6,0,23,12,4,44,1,4,0,3,2,19,2,16,46,4,2,16,7,48,0,6,0,7,0,0,8,6,40,8,2,0,6,11,69,4,0,0,4,34,0,2,2,2,0,4,3,110,2,27,23,10,6,5,4,5,81,9,3,20,12,9,0,2,0,2,0,6,44,4,5,5,0,62,22,0,2,67,8,3,2,0,4,2,15,34,9,2,11,8,51,2,41,46,16,1,34,2,16,8,0,0,0,4,4,0,4,5,17,14,8,2,0,2,2,19,6,3,0,5,0,101,2,8,21,15,12,2,1,3,78,30,0,0,19,62,1,54,50,0,0,0,8,8,26,1,51,2,0,2,8,0,8,19,3,15,27,5,0,2,0,6,0,9,4,13,0,2,3,4,9,27,12,8,39,3,0,58,28,3,0,97,0,0,3,15,70,10,10,10,2,52,0,24,36,96,18,0,7,36,99,0,17,0,0,0,6,35,6,4,8,6,10,11,3,4,6,13,4,12,9,28,29,29,7,0,49,0,3,7,21,26,0,3,1,181,7,0,1,19,27,38,4,17,13,6,20,4,22,16,3,62,29,4,8,9,89,51,5,66,3,0,0,5,21,3,6,0,9,0,4,0,7,0,79,9,59,0,0,2,0,36,20,0,5,44,69,0,0,0,39,3,5,7,14,13,7,2,3,13,0,0,5,33,0,0,12,4,10,3,3,10,80,0,3,0,8,0,2,0,0,0,11,0,5,3,7,23,16,10,26,108,0,0,32,3,0,39,16,34,0,0,0,36,7,26,6,10,60,0,8,3,2,5,8,18,17,0,9,31,1,4,7,14,19,8,1,3,15,6,14,0,9,5,22,12,0,11,2,0,10,0,0,101,11,0,0,137,141,23,46,3,116,25,31,18,15,3,86,15,7,7,3,5,4,0,14,88,9,11,37,3,11,27,2,14,13,34,52,8,0,48,50,3,6,0,0,0,4,8,0,9,18,9,99,3,77,13,5,11,9,5,8,4,0,0,12,0,20,28,12,11,12,0,3,0,3,9,0,0,0,6,0,0,48,0,5,8,7,9,14,7,0,15,2,0,0,27,0,17,7,1,21,4,8,4,6,9,2,2,28,71,40,0,2,0,3,0,17,9,14,0,4,66,4,4,0,2,8,4,0,4,10,4,3,36,92,22,0,10,0,0,0,3,9,12,5,108,58,64,10,0,4,60,8,2,0,0,0,3,6,58,5,40,14,0,0,0,3,19,2,6,0,18,9,8,0,0,10,2,13,4,0,0,5,6,29,11,0,8,13,22,26,4,3,0,1,109,0,14,16,10,2,6,3,3,0,0,6,16,0,117,22,11,0,84,0,90,11,9,4,0,14,0,9,14,0,0,0,0,0,2,15,2,4,18,25,13,56,0,3,2,3,2,4,42,0,0,0,0,14,14,3,13,3,0,0,0,28,23,6,11,0,12,15,9,189,7,0,9,0,6,20,3,38,17,12,6,3,2,49,9,3,2,5,0,0,3,6,12,0,6,0,8,6,7,0,0,7,26,0,9,8,2,6,1,17,34,15,7,4,0,85,40,11,3,6,45,4,22,12,13,29,9,20,0,7,7,20,2,20,4,3,2,3,2,2,0,0,0,0,12,12,2,0,11,0,2,4,0,18,8,5,0,9,3,0,0,8,0,2,6,6,7,0,0,0,17,11,1,10,5,5,5,0,7,0,6,0,0,0,0,8,2,0,55,3,2,14,0,12,4,0,6,14,44,18,0,0,0,0,0,0
SRR6784519,cfs,7,14,47,2,6,11,11,7,32,29,0,29,2,9,6,8,0,3,0,21,0,0,6,10,4,21,18,17,21,2,4,6,0,4,49,4,19,57,12,7,9,6,74,8,0,6,15,0,9,6,4,21,5,13,3,26,52,55,5,0,3,14,31,3,16,5,2,9,2,2,87,2,5,10,4,3,16,5,7,65,5,10,18,19,15,0,6,0,6,2,0,58,4,16,14,11,58,48,0,4,67,5,0,5,9,0,5,5,24,16,0,3,3,40,2,53,10,16,2,46,2,42,9,6,2,0,13,9,10,5,9,18,35,20,0,0,5,2,25,0,4,13,11,3,57,14,5,25,16,17,0,0,5,13,32,0,0,6,44,0,16,94,0,10,0,10,13,9,4,32,2,4,3,19,0,4,17,12,4,37,4,2,3,0,12,0,9,5,24,2,2,15,21,13,38,20,14,60,11,0,43,41,9,0,66,0,6,21,18,40,8,18,42,0,43,0,12,54,76,18,4,8,14,97,3,8,0,0,0,4,45,6,4,4,7,25,19,0,7,6,6,3,6,29,18,25,84,17,0,48,7,10,29,27,26,0,3,1,154,14,3,4,36,36,70,24,43,5,9,6,3,8,13,6,57,28,4,15,83,56,39,7,47,9,0,13,3,27,5,11,17,6,9,12,2,0,3,81,22,47,7,2,9,0,50,9,0,0,29,89,3,2,6,29,9,2,6,21,7,24,16,8,8,4,3,11,13,0,13,12,3,10,10,16,5,18,3,4,3,29,0,2,3,0,2,7,4,8,3,21,10,18,4,26,55,0,0,23,2,8,19,3,16,0,0,4,46,17,31,14,10,74,11,16,0,2,18,2,4,10,13,6,15,0,3,11,0,33,19,7,7,0,0,25,2,12,5,32,3,5,17,2,0,13,0,0,156,0,15,0,92,9,12,80,3,77,27,38,4,7,12,110,21,14,11,0,4,14,0,18,78,13,9,5,2,7,0,0,19,30,23,33,17,10,52,84,16,13,2,5,2,0,18,1,17,8,12,33,0,57,5,10,22,14,9,15,4,12,46,16,4,16,36,23,10,14,0,9,0,5,21,0,0,4,15,11,3,49,0,15,13,7,0,17,13,5,18,2,0,2,30,2,20,4,3,8,13,0,10,30,23,10,14,40,60,55,0,0,5,16,1,6,10,29,0,11,71,0,8,3,4,5,7,10,22,16,0,8,58,87,36,0,8,4,3,0,2,33,15,12,112,56,52,8,0,3,91,17,8,3,111,11,9,15,30,17,54,34,13,22,6,10,26,8,8,2,17,12,23,0,5,11,0,19,0,3,0,5,6,48,3,0,4,25,24,43,2,0,4,13,81,9,23,6,0,4,16,11,4,6,14,0,39,0,64,19,0,6,0,0,52,4,2,3,3,28,0,2,17,0,0,0,2,9,8,3,2,6,22,45,20,8,0,3,0,2,4,2,89,11,2,6,11,16,2,5,25,3,0,0,0,22,6,8,35,0,32,12,46,136,15,23,12,10,10,6,4,16,28,14,0,4,12,14,6,7,6,0,2,0,0,30,12,4,32,5,16,11,16,10,0,6,36,0,18,6,2,0,6,7,7,24,12,29,0,64,35,7,2,22,57,0,17,5,8,76,3,17,6,15,0,13,0,33,3,6,4,0,3,6,3,0,0,8,33,11,2,5,5,0,8,0,10,35,14,10,0,13,7,5,0,12,12,4,9,6,12,1,0,3,28,19,4,9,22,4,4,8,7,6,6,0,0,10,0,20,0,0,42,2,2,6,3,10,0,0,12,8,114,33,0,0,0,0,0,0
SRR6784520,cfs,2,3,28,3,0,7,4,0,6,10,0,6,1,2,23,5,2,0,2,8,2,0,0,0,0,11,21,2,15,0,8,1,0,0,7,0,0,19,2,1,13,5,33,0,0,0,3,0,0,3,0,17,6,0,13,11,29,31,2,0,3,8,17,2,4,4,1,0,0,0,53,0,3,4,5,1,0,2,4,43,0,19,9,10,2,0,2,4,2,2,12,35,3,3,2,0,20,16,6,0,41,6,3,2,0,4,4,0,21,0,0,5,6,34,6,38,0,4,0,13,0,10,3,0,3,0,5,2,2,4,3,19,5,10,4,0,5,0,16,5,0,0,3,4,46,2,0,5,12,11,4,0,3,20,10,0,0,27,39,0,10,26,5,0,11,0,3,4,0,7,0,0,0,5,0,2,9,0,3,31,5,0,0,16,2,0,0,4,0,2,0,3,6,5,5,4,4,10,5,0,28,11,1,0,41,0,0,6,6,32,4,9,55,0,16,0,2,20,57,0,0,7,40,51,0,7,0,1,0,1,30,0,2,5,6,10,6,0,0,0,0,4,2,5,2,32,38,0,4,23,0,6,0,19,15,0,5,0,99,3,19,1,17,12,30,23,17,4,3,3,2,14,6,3,34,26,3,10,14,43,7,0,52,2,0,0,0,7,0,0,0,8,2,7,0,0,0,45,9,39,6,2,13,0,29,7,3,2,14,21,9,0,0,7,3,2,3,4,10,3,3,3,6,0,5,7,15,0,3,3,4,3,11,6,0,0,0,3,4,7,0,4,0,2,3,6,0,2,1,2,15,43,0,11,59,2,0,20,1,0,10,5,2,0,15,0,19,6,16,4,18,26,3,6,20,0,11,7,7,10,7,14,13,2,5,3,0,9,3,1,0,2,0,8,0,2,6,10,5,0,4,0,25,7,0,0,53,0,0,0,67,0,9,28,0,56,8,23,0,0,12,54,4,0,0,2,0,0,0,8,64,5,6,4,2,4,3,0,10,9,18,17,0,0,34,23,5,1,0,5,0,0,3,0,9,5,8,19,0,29,2,4,8,6,4,7,2,0,3,4,0,11,14,5,0,4,0,3,0,0,6,0,0,3,0,0,2,30,2,4,0,3,6,11,3,3,4,3,0,2,22,2,7,2,3,0,2,0,8,11,12,3,5,11,38,32,0,0,0,0,1,20,14,12,4,6,41,2,5,0,3,0,2,0,7,5,0,0,27,0,16,0,19,0,0,2,0,9,4,0,48,14,26,8,0,0,33,3,2,2,0,0,0,5,29,0,18,13,0,7,0,0,17,5,4,0,2,7,3,0,0,4,0,6,5,0,0,5,5,18,3,0,0,11,14,27,1,3,0,1,53,3,8,2,0,2,5,5,4,6,18,3,5,0,39,0,0,0,0,0,42,3,9,3,0,8,0,0,5,0,0,0,0,0,2,5,2,0,7,16,11,197,0,0,2,3,0,0,36,0,0,0,0,2,0,3,26,5,0,0,0,25,0,3,20,0,6,0,13,147,0,2,5,0,0,4,3,19,11,0,3,0,3,6,2,0,2,2,3,0,2,3,0,0,6,5,7,5,6,0,2,3,3,0,4,0,2,3,1,3,0,11,3,4,0,38,29,5,2,5,22,0,23,19,7,27,3,5,0,7,4,11,0,10,3,2,2,0,3,2,0,0,3,0,11,8,2,6,4,2,3,2,2,25,8,0,0,10,6,10,0,0,3,2,19,0,0,0,0,2,8,5,3,2,8,0,0,0,0,4,3,0,0,2,2,6,4,1,11,2,0,4,2,4,0,14,6,0,46,24,0,0,0,0,0,0
SRR6784521,cfs,3,14,96,16,4,0,14,0,38,29,0,55,3,13,12,7,0,2,2,2,10,7,0,3,0,41,24,3,70,0,6,0,2,3,39,0,12,77,27,24,14,10,144,4,5,0,26,0,0,9,13,55,13,3,11,25,18,114,4,0,5,20,45,0,38,6,2,0,3,2,139,0,3,26,4,8,14,0,21,108,4,5,10,27,10,0,4,3,10,0,0,56,9,13,2,6,81,55,16,0,183,19,7,14,0,15,9,2,51,6,0,7,9,70,4,26,4,20,0,16,0,82,2,11,3,0,26,0,2,6,3,60,29,14,3,0,15,0,40,10,42,0,33,8,71,20,38,39,13,24,6,11,9,13,63,0,7,20,29,2,41,156,5,3,0,6,21,6,4,45,2,2,2,23,0,5,26,7,6,61,17,4,0,0,19,0,9,4,71,4,5,27,15,23,36,29,5,83,10,0,43,75,14,0,141,0,6,33,31,64,14,21,3,0,64,0,27,86,100,27,4,6,29,200,0,0,2,3,0,6,35,3,8,15,16,56,50,0,5,1,10,3,3,37,19,29,95,14,0,55,0,34,12,52,47,0,0,2,266,9,10,2,77,46,163,10,33,0,24,3,7,18,22,3,102,27,3,12,131,79,70,5,96,11,0,0,13,64,0,0,7,13,7,10,5,2,0,143,26,65,3,0,5,0,76,8,2,0,14,148,8,0,1,76,6,9,3,16,8,19,5,9,7,0,0,6,23,0,4,2,0,7,14,14,0,33,10,3,58,44,14,5,0,0,0,17,9,8,0,20,25,13,4,78,106,2,6,40,2,0,12,4,10,0,13,0,72,11,22,30,16,113,0,39,0,2,12,20,7,14,6,6,23,4,21,5,10,63,31,8,2,0,6,13,0,4,8,29,8,5,11,0,0,15,3,0,247,7,0,0,131,16,20,90,0,126,15,58,5,12,3,153,5,8,0,31,5,8,0,23,103,15,18,15,0,7,6,6,9,10,26,51,7,0,72,161,17,28,0,5,0,10,42,0,13,23,16,18,0,88,2,7,81,2,19,0,10,3,0,37,0,21,37,17,2,11,0,6,0,6,7,0,0,0,6,12,0,107,5,16,4,17,0,15,32,4,27,3,2,4,13,5,21,6,3,10,9,0,19,29,59,10,18,24,92,37,0,4,4,11,0,23,9,55,0,14,59,3,22,0,0,6,14,0,15,0,2,5,87,38,26,0,32,0,6,9,8,24,14,6,144,83,98,10,4,2,137,9,0,6,16,0,13,3,47,2,71,85,0,14,0,7,24,5,21,0,14,33,5,0,3,21,6,11,0,0,0,3,0,82,0,0,54,39,44,34,8,0,0,5,97,3,36,7,0,0,18,3,0,4,8,13,21,0,66,12,4,3,81,0,110,13,4,1,2,36,2,3,6,0,0,0,0,5,3,4,2,4,61,101,13,63,3,0,3,2,4,0,61,12,0,0,0,42,0,11,48,11,4,0,0,18,9,29,22,12,4,40,5,224,7,0,21,0,7,3,8,50,61,9,3,9,2,13,29,0,0,6,3,0,2,36,28,4,39,8,9,33,46,4,0,6,16,4,26,3,3,17,9,8,28,26,13,28,0,112,69,19,9,37,59,3,17,12,10,33,0,11,0,21,24,0,0,82,5,9,5,11,8,6,7,0,0,12,78,8,10,2,7,0,13,0,5,16,36,7,2,23,22,11,0,3,0,5,10,7,25,6,0,2,27,37,7,10,3,11,15,0,11,23,2,7,0,6,0,49,4,10,26,5,5,22,3,4,10,8,10,6,142,50,0,0,0,0,0,0
SRR6784522,cfs,6,21,47,3,3,6,2,7,18,23,0,38,0,3,5,4,12,3,4,19,3,0,0,6,0,20,8,11,16,0,17,2,12,3,8,0,12,31,17,2,11,2,41,6,4,3,12,0,0,6,4,0,3,5,5,9,25,51,8,0,0,13,32,2,11,12,1,0,0,0,66,0,13,25,0,7,6,2,4,37,0,5,4,4,8,5,0,7,5,0,0,20,0,11,0,19,26,32,20,0,72,6,3,2,6,6,11,4,22,3,5,5,10,27,6,15,10,4,1,17,7,53,4,4,3,2,9,6,0,2,9,19,5,8,0,0,8,0,21,11,8,9,15,11,34,2,17,13,18,5,5,0,3,15,40,0,1,34,9,0,17,108,9,0,9,18,6,2,1,15,2,0,2,12,5,4,3,3,6,22,0,0,0,0,18,22,5,4,67,0,2,17,8,14,22,27,17,70,4,0,20,41,6,0,89,3,0,18,26,17,1,6,27,0,27,0,6,29,44,8,11,7,17,74,0,5,2,0,2,1,15,0,4,4,0,35,38,2,21,7,4,6,0,25,11,21,65,4,3,18,2,6,7,31,25,0,3,0,109,21,0,11,64,26,85,20,11,0,14,4,3,13,42,4,51,17,0,4,85,29,21,7,36,3,0,11,0,33,0,3,0,21,17,0,2,5,0,74,5,20,16,0,12,6,11,24,0,0,22,86,9,0,2,55,6,12,4,3,4,7,0,3,6,0,3,9,13,2,11,0,0,16,10,13,3,9,4,0,20,33,6,3,0,3,2,6,0,6,0,4,20,17,2,28,34,2,2,12,4,6,10,5,5,0,28,4,42,2,11,4,15,31,7,25,0,2,12,0,9,4,2,17,7,0,10,4,15,32,13,4,0,0,5,9,0,4,7,28,9,0,9,0,0,7,3,0,176,3,22,0,195,18,10,55,0,37,18,30,4,13,5,95,0,4,24,3,2,4,0,19,30,13,15,0,0,7,3,2,4,8,25,20,35,0,51,101,7,23,0,0,0,2,29,0,27,10,4,40,0,31,7,3,53,4,2,0,16,8,0,19,0,19,14,46,5,4,0,6,0,10,6,0,0,0,6,24,2,60,0,16,24,0,6,4,5,24,13,0,0,12,5,0,11,3,5,4,3,2,14,31,34,3,6,29,32,30,0,0,2,2,2,4,14,28,0,14,39,4,6,0,6,2,3,3,2,0,2,4,69,40,29,0,17,4,11,2,0,15,12,2,49,61,50,13,0,3,73,5,2,4,19,0,7,0,23,2,53,61,0,5,2,5,10,6,12,0,0,10,6,0,0,16,2,10,2,0,0,4,0,84,0,1,15,13,5,37,4,13,0,2,40,3,12,2,0,6,6,14,0,2,13,3,17,6,28,15,4,0,21,0,25,2,3,4,4,28,0,0,13,2,0,2,0,3,4,6,0,0,39,51,5,21,4,0,2,0,0,2,35,0,0,3,10,7,0,19,20,0,0,0,0,7,0,3,15,0,3,8,21,64,7,10,9,0,3,12,3,39,45,5,0,2,6,18,5,7,2,5,4,0,0,0,0,12,12,24,7,27,24,4,0,10,12,7,16,0,2,8,4,2,5,25,2,8,1,38,30,7,3,24,21,0,8,15,6,22,0,11,0,8,3,11,2,42,2,2,4,3,0,0,0,0,3,5,26,4,3,0,10,0,0,0,0,15,7,4,1,7,18,8,0,6,5,3,20,0,18,1,0,0,29,30,5,24,16,4,4,0,8,5,4,0,3,3,2,32,8,0,8,4,0,5,18,20,2,0,12,5,61,29,0,0,0,0,0,0
SRR6784527,cfs,6,0,96,5,1,10,13,0,17,23,0,28,0,2,10,10,0,3,6,8,3,0,0,0,2,27,49,0,78,4,0,7,4,2,25,0,4,89,11,9,11,9,97,0,11,3,18,0,0,6,0,7,10,0,0,19,42,134,4,0,0,10,51,0,19,5,0,0,3,2,173,0,5,0,0,8,0,7,13,125,2,5,7,13,14,6,8,2,6,0,9,79,0,23,0,6,107,66,0,9,142,9,2,6,0,27,7,2,52,0,0,5,12,96,0,49,10,18,0,28,2,27,2,0,0,0,14,10,2,7,3,23,6,0,7,0,0,0,33,10,9,8,13,0,80,13,0,35,29,2,7,7,18,103,67,0,4,11,70,0,60,98,0,0,0,0,7,4,5,108,0,0,0,21,0,3,28,5,13,51,2,0,0,2,13,0,20,6,35,13,0,14,24,3,59,11,5,69,19,0,83,62,2,0,169,0,18,19,44,101,3,15,0,0,25,0,59,74,192,22,0,23,34,326,0,3,2,0,4,1,67,0,5,9,14,33,18,0,5,0,8,3,0,0,33,34,114,6,0,94,0,23,8,28,57,0,3,0,279,22,0,3,57,17,121,17,50,3,17,8,11,8,10,6,106,58,0,21,43,139,72,5,67,7,0,0,3,39,3,3,56,9,14,0,2,2,4,136,16,83,8,2,9,0,40,26,0,0,18,50,5,0,0,61,8,5,12,8,7,8,2,5,14,0,0,7,12,0,14,0,0,3,0,4,0,0,0,3,0,34,3,4,2,2,0,16,8,6,1,12,25,12,5,81,139,2,0,57,2,7,14,0,6,0,0,4,66,11,27,17,5,76,4,20,0,0,22,2,3,9,2,0,22,5,6,11,0,19,15,8,7,3,4,10,0,6,6,35,0,0,6,0,0,10,6,0,162,0,0,0,60,0,14,80,0,139,12,54,9,27,0,142,11,5,0,3,3,4,11,13,132,13,19,0,2,0,0,8,7,11,44,57,11,21,72,73,11,13,3,0,3,4,25,2,4,15,3,26,0,39,5,5,20,15,11,2,3,3,11,15,0,6,16,20,28,23,0,3,0,6,2,0,0,0,0,31,0,78,10,6,20,0,5,13,6,10,48,2,2,4,61,0,17,0,0,12,8,0,14,21,21,0,26,14,120,53,0,0,7,2,0,7,6,22,4,8,101,8,10,0,2,5,10,6,29,15,4,0,72,109,8,0,9,6,13,3,2,13,10,5,151,26,81,11,4,3,74,4,0,0,0,0,3,6,77,8,70,44,0,0,0,7,56,0,13,0,12,11,4,2,6,10,2,17,3,0,0,3,2,29,0,0,0,36,41,35,3,0,0,1,167,0,20,0,3,5,11,5,5,10,15,8,15,0,53,38,7,5,151,0,140,2,0,0,3,27,7,2,10,0,0,0,0,0,11,14,0,7,11,17,29,74,2,5,7,0,3,0,114,0,0,0,0,24,0,11,17,6,8,0,0,40,3,3,30,0,0,33,10,257,6,0,9,0,14,15,2,51,41,13,8,13,0,95,16,5,4,7,0,0,1,11,28,0,19,11,24,14,21,4,6,8,14,0,0,10,0,6,0,10,29,51,7,14,0,112,79,5,4,15,88,3,45,0,2,19,0,6,14,0,6,0,0,33,3,0,12,9,1,5,0,0,3,0,41,20,2,0,11,0,2,2,0,37,16,2,0,13,4,4,13,26,21,1,0,0,5,6,0,0,33,15,5,10,0,4,0,0,7,2,3,7,2,12,0,26,0,11,26,2,0,4,3,4,0,0,9,0,52,30,0,0,0,0,0,0
SRR6784530,cfs,5,4,34,2,3,3,5,0,45,11,0,17,0,19,10,11,0,2,5,9,0,0,0,6,2,11,27,10,40,2,3,5,2,14,13,3,8,46,9,0,19,4,116,13,9,5,3,0,0,12,28,37,39,8,3,18,25,38,67,0,7,21,27,2,8,5,2,0,1,2,68,9,10,5,0,10,2,5,32,56,15,2,12,42,0,11,9,2,14,2,94,30,8,34,0,17,53,27,10,5,69,19,0,3,0,23,2,6,32,0,0,5,87,37,0,26,10,18,0,19,0,33,6,4,4,0,24,8,0,10,10,39,14,5,4,0,19,2,58,6,0,3,11,2,13,10,0,30,9,12,0,3,15,258,30,0,6,21,37,2,15,48,2,10,0,0,3,6,0,36,2,0,2,11,0,0,34,6,10,43,0,0,5,0,8,0,22,8,35,0,16,13,4,0,24,12,20,52,17,0,30,46,2,1,75,0,8,21,21,31,9,10,19,0,30,0,6,37,33,5,0,8,4,72,2,0,4,2,9,2,36,0,0,8,4,32,28,0,14,0,4,13,0,27,14,22,67,15,6,39,0,6,0,52,17,0,9,0,156,15,0,9,29,45,73,21,57,4,24,5,8,5,21,7,34,30,6,7,77,27,40,0,77,13,3,5,19,33,0,5,7,9,8,0,0,0,0,47,17,14,4,0,0,12,52,31,11,7,33,61,8,0,5,25,3,3,16,31,8,16,0,11,16,3,14,23,20,0,4,0,18,26,7,9,0,7,2,4,6,20,6,8,0,2,0,6,0,2,2,12,37,41,8,80,52,12,11,21,9,0,20,3,8,0,4,4,36,7,14,29,21,92,0,15,0,2,40,8,0,10,15,7,19,12,27,8,8,44,35,12,2,0,5,9,0,7,10,54,0,0,7,0,0,9,4,10,91,0,33,9,114,10,9,77,3,90,14,43,2,0,5,82,10,23,7,4,14,6,17,19,73,5,10,5,0,1,9,13,6,17,37,33,8,0,45,104,8,5,0,2,4,0,20,3,42,34,13,76,0,151,3,4,21,4,17,2,34,3,23,16,6,46,22,19,10,8,0,4,4,5,7,2,0,6,35,0,0,37,8,27,8,5,20,28,4,13,10,2,0,4,10,8,28,4,0,6,16,0,26,9,23,7,8,15,57,30,1,7,13,6,0,39,26,31,0,28,79,5,17,9,0,3,13,13,5,2,7,3,64,34,73,0,60,0,22,2,0,7,11,17,87,66,47,8,0,2,81,13,0,4,49,0,14,15,33,11,51,34,0,15,2,22,13,3,13,0,15,27,10,5,7,25,3,23,15,0,0,10,2,97,0,0,10,6,44,54,11,17,0,7,38,5,34,3,0,3,19,11,3,14,22,3,7,0,69,32,8,3,9,0,67,6,2,0,5,56,0,3,5,0,0,9,7,14,6,18,2,2,20,45,40,116,3,3,7,0,0,5,62,24,0,0,7,21,3,18,33,5,0,0,0,8,0,10,40,0,16,0,58,140,14,3,7,0,0,15,7,19,20,9,7,19,0,19,0,3,0,6,4,0,6,23,26,14,5,5,27,8,13,4,0,74,23,0,34,0,2,27,4,4,9,8,7,23,0,55,21,5,14,7,50,2,10,22,8,33,1,8,0,20,17,0,0,31,0,2,9,1,7,4,6,0,3,0,105,5,3,0,8,0,4,2,0,99,41,7,1,19,55,99,0,17,5,4,24,5,15,5,0,0,28,9,18,4,7,5,6,16,16,26,3,0,0,8,5,46,2,3,24,6,5,11,3,12,2,0,8,3,91,46,0,0,0,0,0,0
SRR6784532,cfs,9,14,23,52,18,8,49,0,12,12,0,19,7,0,15,14,0,1,2,28,10,0,0,2,0,31,3,12,18,2,21,0,8,4,115,0,31,65,10,0,3,3,40,8,4,30,18,0,0,6,9,62,16,8,0,6,73,44,15,0,2,21,25,0,2,18,17,3,2,2,53,10,0,29,30,51,4,25,24,43,33,17,41,48,8,0,5,8,4,2,0,12,10,6,24,11,16,24,27,9,35,10,11,0,2,43,4,22,15,47,0,3,4,15,31,0,36,25,1,73,5,29,24,27,2,3,5,7,19,16,1,15,71,27,28,0,33,4,13,16,2,0,16,26,16,0,42,36,8,5,28,0,3,44,21,0,0,85,18,0,6,67,0,7,0,5,48,20,7,15,2,10,3,8,0,6,58,35,2,20,31,2,6,2,9,0,65,7,35,14,6,8,5,15,24,72,11,33,17,26,13,38,25,0,58,0,51,13,15,10,22,40,0,0,112,0,2,35,29,33,2,5,19,14,33,5,8,0,9,20,7,0,4,11,22,14,13,2,3,2,16,16,7,26,2,2,30,36,0,7,30,12,149,15,28,0,5,15,28,29,7,8,35,120,61,9,101,18,22,17,0,29,29,16,38,8,6,7,40,9,5,32,66,2,0,13,7,24,0,26,0,26,23,25,5,5,3,79,105,4,21,2,4,7,131,15,3,3,28,184,2,3,0,26,28,41,13,53,30,42,26,5,46,10,10,41,42,0,4,6,4,7,55,27,3,65,5,4,88,26,6,5,3,0,3,15,3,62,15,49,20,14,4,15,36,3,5,9,5,4,44,3,57,0,18,12,14,40,99,0,27,39,35,8,0,2,71,15,22,35,2,3,3,2,8,33,0,75,19,14,19,3,18,50,3,21,6,33,9,0,18,0,0,39,3,0,106,7,10,0,160,10,35,72,20,33,47,9,18,13,26,47,52,0,28,11,4,5,10,46,20,55,6,7,10,25,5,2,65,42,36,49,22,0,25,47,40,11,0,0,0,0,9,0,27,37,33,100,0,96,10,3,27,10,14,11,16,3,32,12,4,15,85,22,0,14,5,29,0,1,72,2,0,0,25,24,0,48,29,5,0,28,4,29,73,30,9,6,4,0,3,6,36,16,7,11,10,0,5,62,24,21,7,90,41,71,0,24,2,25,5,23,5,35,0,10,23,10,2,0,2,0,1,3,20,2,2,4,26,51,45,0,5,0,3,15,4,36,34,35,21,82,20,20,0,23,31,65,9,3,14,0,31,58,6,0,49,52,0,51,0,0,13,9,6,0,39,37,49,0,0,29,19,32,2,2,0,28,13,39,11,0,41,6,106,95,0,3,0,16,67,7,13,11,10,11,33,62,3,0,2,24,53,0,220,4,11,14,4,10,12,18,9,3,0,18,13,15,26,0,0,0,20,14,3,25,10,21,14,33,74,37,3,0,11,11,26,0,80,11,0,0,0,53,2,10,27,5,25,3,0,13,3,65,22,5,48,0,7,61,37,0,5,23,65,45,60,0,18,84,9,2,30,29,5,6,22,41,30,0,1,5,19,0,75,5,62,10,14,9,29,11,15,4,0,5,9,16,21,36,6,65,29,8,2,19,13,44,6,35,9,0,1,0,25,174,6,68,0,58,14,42,0,28,15,25,19,0,13,25,0,0,0,31,42,1,12,0,4,0,22,6,0,9,7,9,9,78,24,5,0,9,3,7,0,17,55,0,0,27,92,16,3,51,19,46,6,0,8,6,22,11,23,2,4,18,3,31,80,23,13,19,3,10,0,20,40,31,56,39,0,0,0,0,0,0
SRR6784533,cfs,9,10,60,17,4,8,16,7,17,39,0,16,2,12,27,11,2,7,3,28,27,2,6,10,3,40,37,14,27,2,6,0,11,2,64,1,11,66,9,2,20,8,49,18,13,14,32,0,9,24,6,44,11,12,0,21,65,75,5,0,0,25,46,0,13,18,0,0,2,11,138,0,13,12,14,6,3,2,29,111,9,40,32,59,5,5,6,0,5,0,3,41,28,9,14,12,67,53,27,9,77,8,14,3,4,6,6,9,24,71,0,6,20,41,4,65,14,17,7,50,4,31,12,39,4,0,10,11,6,7,3,15,68,23,12,0,3,9,18,19,17,0,1,9,106,13,10,44,21,2,2,12,20,138,33,0,0,18,57,2,33,75,5,0,0,29,43,22,9,61,20,0,21,16,0,11,26,10,6,41,0,0,0,0,6,0,16,4,11,3,0,6,18,6,44,17,0,75,22,0,65,43,18,0,103,0,4,10,25,50,17,24,35,0,97,11,20,68,83,31,5,11,13,175,2,14,12,0,18,5,46,22,15,18,44,23,18,0,12,8,13,4,13,28,2,53,94,40,0,54,3,6,41,22,37,0,5,2,159,20,3,7,22,77,53,27,61,12,13,10,4,47,29,10,64,42,14,12,78,53,52,10,78,5,0,6,16,19,12,11,10,20,5,44,2,4,4,87,70,52,11,4,15,0,186,38,3,6,74,61,9,0,4,21,25,10,6,26,32,36,30,8,30,12,16,14,11,0,13,8,0,10,25,16,8,41,4,6,41,19,8,10,4,18,7,27,19,9,3,17,60,37,14,41,70,0,15,32,9,4,28,0,35,0,6,28,50,25,66,7,23,59,25,7,3,6,31,9,19,25,24,17,17,2,8,16,0,31,11,10,0,8,7,30,0,5,6,57,2,0,26,0,10,23,12,0,122,11,32,0,128,19,31,101,0,126,30,56,11,15,13,132,46,41,55,4,3,4,0,34,114,34,8,5,4,10,2,5,30,19,47,59,25,0,100,59,37,10,2,3,1,0,18,0,19,18,31,91,0,141,13,2,17,12,16,14,15,12,34,9,13,18,94,21,24,18,0,12,5,1,21,2,0,0,46,20,4,56,3,16,11,3,4,34,52,17,17,3,0,10,27,5,50,15,1,15,10,13,8,54,15,7,4,96,68,108,0,0,6,22,1,9,18,23,0,8,98,0,10,0,7,2,12,0,14,32,5,0,58,182,30,7,22,4,18,2,2,58,11,32,96,58,61,9,0,2,68,20,5,3,116,9,3,22,47,0,46,28,0,56,4,9,40,10,8,3,14,52,68,2,9,11,6,20,7,4,0,0,2,33,11,0,43,13,76,64,7,4,0,14,88,9,10,13,9,13,35,12,8,14,10,28,82,6,145,45,9,0,0,5,66,2,8,5,3,41,0,9,8,0,0,0,0,7,11,20,3,12,17,15,72,35,4,3,0,5,0,0,120,5,5,4,5,25,6,0,14,5,0,5,25,33,4,16,23,0,35,23,14,206,57,0,13,15,22,3,3,25,15,72,3,24,5,19,6,3,2,9,7,0,0,33,82,6,53,11,11,6,9,0,0,18,47,0,16,6,9,5,2,17,22,73,41,7,0,72,45,18,2,24,49,0,24,14,31,142,13,57,0,20,0,49,0,28,0,16,7,7,16,9,0,5,6,3,71,11,2,0,8,0,26,5,6,33,9,9,0,36,3,20,0,0,0,4,18,1,49,11,0,8,42,10,4,17,17,10,2,2,7,12,2,6,2,5,0,22,2,0,38,0,0,9,3,34,18,0,31,4,112,34,8,0,0,0,0,0
SRR6784537,cfs,6,18,24,5,3,28,15,0,13,10,0,5,7,24,8,5,3,1,13,20,3,12,13,5,5,27,5,11,35,5,17,2,3,4,29,0,7,26,2,4,29,7,56,12,8,6,14,0,0,6,19,23,33,0,0,25,38,30,4,0,9,24,21,2,16,14,0,0,5,2,117,0,0,0,6,6,0,13,14,71,20,3,18,24,7,15,10,4,4,8,4,21,5,7,2,8,21,4,5,3,38,20,6,3,3,0,6,3,9,0,2,15,125,30,4,6,0,2,0,47,7,0,44,6,14,0,11,16,2,11,8,12,4,10,22,12,10,2,32,8,4,0,0,9,36,12,0,23,16,3,8,0,7,75,0,11,1,0,18,0,24,21,12,0,0,114,0,6,0,24,0,0,0,9,0,4,41,14,14,49,16,0,0,0,0,0,16,5,11,7,0,0,10,26,19,18,24,9,33,0,18,26,6,0,48,0,5,19,28,18,4,16,54,6,49,0,10,27,32,20,2,7,184,24,16,0,3,1,8,2,21,0,0,21,27,22,8,10,3,0,4,13,1,4,7,4,14,19,14,11,15,15,16,10,13,0,4,3,46,4,18,10,19,32,49,25,74,2,16,5,3,27,33,11,17,9,16,0,27,31,22,15,63,6,0,5,17,9,11,0,0,56,12,0,5,0,8,30,10,28,17,11,19,5,38,33,6,10,54,66,3,4,3,14,14,11,11,13,39,26,10,9,34,7,39,36,28,0,0,0,24,15,11,3,11,7,0,30,12,18,13,15,2,3,4,9,16,3,9,26,88,16,32,31,38,4,13,32,8,14,30,6,4,0,12,4,16,16,32,1,107,61,5,4,0,10,44,3,5,36,3,83,22,8,9,15,10,13,37,6,5,4,0,12,11,0,5,78,9,0,12,0,0,12,6,0,28,0,18,0,200,0,21,58,0,74,26,31,2,3,8,78,16,14,14,8,3,6,0,38,79,23,6,20,6,8,9,4,2,23,36,44,12,6,37,32,14,1,12,9,3,2,0,2,26,32,8,47,0,69,16,4,8,5,11,11,31,26,6,2,0,78,59,6,2,14,0,1,7,1,19,0,0,0,17,40,0,9,0,38,2,0,33,78,0,13,8,2,0,6,11,5,19,0,3,16,21,11,9,47,9,5,6,5,37,64,0,7,5,2,7,4,28,11,8,7,83,0,10,7,7,2,1,2,4,42,5,6,30,63,11,8,92,6,6,5,2,10,23,18,52,13,30,25,21,0,27,8,3,0,38,0,30,10,26,4,26,8,0,6,3,6,11,8,9,2,6,24,13,7,11,26,10,27,7,0,3,13,7,99,1,0,15,14,39,71,6,8,0,1,27,34,10,2,0,3,10,22,0,7,5,3,38,0,122,27,4,7,52,3,38,3,3,1,4,12,2,2,12,0,0,4,12,0,15,19,4,4,7,25,8,3,7,0,11,0,5,6,37,5,2,10,0,22,4,0,60,7,6,0,0,9,0,0,73,0,0,0,27,78,19,16,2,0,15,20,9,8,8,3,5,9,0,21,8,9,2,2,0,0,4,13,124,14,22,5,63,0,0,5,0,3,18,0,35,19,25,61,8,11,58,7,0,5,0,45,23,24,10,5,29,2,17,84,18,36,10,20,0,11,10,3,0,3,8,8,2,6,5,3,3,0,3,0,26,2,0,0,4,0,2,11,2,12,11,13,0,8,21,11,6,21,0,18,57,0,7,0,0,1,42,0,3,16,3,0,3,2,2,20,1,0,0,2,0,36,2,5,57,2,0,32,0,0,8,0,19,8,65,38,0,0,0,0,0,0
SRR6784538,cfs,8,27,67,7,4,33,6,11,37,23,0,31,6,3,34,6,0,6,22,12,3,0,0,16,1,20,24,6,45,3,6,0,0,0,19,0,30,56,17,19,34,9,110,0,4,3,30,0,0,13,10,56,16,3,56,13,28,53,0,0,0,24,64,3,14,12,0,0,12,15,144,0,5,15,3,10,19,21,7,90,12,16,14,29,11,9,5,4,11,0,0,59,0,4,4,18,65,45,6,0,97,27,6,10,11,0,4,2,33,16,14,3,9,64,21,46,2,22,0,48,11,63,3,6,3,4,19,4,2,0,1,28,10,40,3,8,14,0,45,0,5,4,1,7,8,12,7,26,26,26,4,3,4,92,65,0,1,107,56,2,50,131,0,0,0,44,3,5,4,68,0,5,5,16,82,9,16,11,10,74,4,0,2,20,13,0,29,20,59,0,0,23,19,6,79,25,6,117,58,0,47,50,5,1,124,0,8,18,28,40,2,12,49,0,76,0,11,55,79,17,11,24,109,137,0,0,6,2,3,4,61,3,3,34,18,54,37,2,0,3,16,8,0,3,21,63,97,7,3,39,3,28,15,59,47,0,6,3,192,27,6,12,54,35,94,46,75,0,15,4,0,46,19,16,73,35,4,20,99,46,26,0,67,8,0,12,5,36,8,5,0,22,9,6,0,0,0,110,9,162,17,0,31,0,47,13,7,2,28,33,18,0,1,42,159,2,21,10,28,187,7,24,10,3,8,10,342,0,15,0,35,23,7,6,0,0,9,3,5,25,10,12,0,2,0,7,27,18,3,9,15,62,0,38,82,0,14,32,8,4,14,14,15,0,9,23,53,9,21,13,49,95,0,31,0,5,32,0,6,20,12,32,24,0,22,19,0,47,22,8,2,0,11,26,0,6,1,73,8,0,21,0,0,15,0,0,166,8,0,0,114,0,32,84,0,110,7,52,1,8,30,106,5,15,0,103,6,12,0,20,79,17,5,37,3,6,0,5,7,15,36,42,12,0,64,74,36,16,3,5,5,3,18,0,44,10,6,45,0,61,12,0,61,6,8,2,20,7,4,30,7,39,37,28,28,31,0,1,0,0,9,0,0,8,4,15,0,73,0,47,11,0,13,39,6,8,15,4,0,4,33,16,10,7,1,14,23,0,16,49,40,8,14,10,59,87,0,6,7,2,6,26,24,25,25,12,92,10,13,0,9,16,14,4,7,84,2,6,82,119,39,6,66,26,10,2,0,19,28,0,120,32,87,12,0,2,124,13,5,0,71,0,6,6,47,6,76,44,2,3,0,0,24,21,13,2,7,12,33,0,3,68,6,21,8,0,0,2,0,55,0,0,4,33,25,63,1,0,0,1,74,16,23,1,8,12,18,6,0,14,30,8,21,0,99,6,21,0,24,0,80,0,4,0,3,22,6,3,10,0,0,0,0,0,6,6,0,12,52,50,22,139,4,3,10,0,0,0,86,0,0,9,15,28,0,0,83,15,2,0,0,32,0,3,71,0,25,21,5,174,24,0,20,49,2,10,2,23,26,7,0,3,3,27,13,13,2,3,2,0,3,187,275,52,7,11,4,22,30,19,0,12,9,0,0,24,13,11,5,6,3,8,2,8,3,90,44,11,17,64,72,0,30,47,15,12,0,28,0,0,18,4,4,41,12,9,0,9,1,4,0,0,0,7,122,14,5,0,3,0,7,0,1,34,32,33,0,8,6,8,0,10,0,10,31,0,0,3,0,2,67,31,3,10,52,6,12,0,13,10,11,11,0,0,4,30,11,1,17,7,0,4,21,4,10,0,32,6,97,54,0,0,0,0,0,0
SRR6784539,cfs,11,6,54,27,14,19,21,59,17,21,0,26,32,12,20,14,23,42,34,54,9,6,11,8,1,21,10,15,62,3,7,0,8,6,73,1,39,48,13,18,12,44,54,14,9,17,23,90,0,11,23,20,6,8,24,179,119,74,7,5,7,68,44,5,26,27,0,2,10,35,137,2,43,111,4,31,0,33,4,100,3,20,37,37,7,50,26,6,7,6,5,17,11,3,3,93,48,28,29,11,59,44,10,15,0,8,16,38,24,11,22,29,32,35,64,32,13,14,0,165,46,39,27,47,0,16,20,48,11,18,0,32,6,196,0,0,2,40,38,23,41,15,16,35,44,7,29,17,10,19,7,8,28,135,26,0,2,37,16,0,28,102,47,0,0,0,3,28,10,42,11,8,21,12,1,46,115,69,13,67,21,5,2,0,13,0,116,14,51,5,0,12,10,29,119,63,86,45,68,0,37,34,19,9,85,0,24,23,58,46,17,50,8,0,201,6,17,53,103,48,19,37,16,52,0,8,33,20,25,9,36,31,23,67,138,45,56,4,52,0,26,23,0,59,38,29,77,46,17,43,3,20,0,29,38,0,24,17,121,25,110,32,44,154,81,58,137,54,37,9,8,110,22,28,64,37,53,4,61,64,47,0,85,6,4,91,30,33,63,89,7,86,47,0,6,13,30,160,11,38,33,10,82,18,133,23,16,0,134,277,15,12,8,36,20,19,42,139,82,72,26,58,37,24,57,26,95,0,23,0,4,63,13,20,17,53,7,0,6,32,32,31,3,0,20,40,40,16,6,59,25,16,0,61,70,0,5,22,31,44,63,41,18,0,13,16,45,55,69,15,24,88,0,23,0,10,86,0,14,61,13,5,26,2,8,69,0,71,87,37,27,0,10,86,0,20,43,164,5,0,68,0,3,64,15,0,117,57,30,0,233,0,123,67,5,114,41,42,1,18,113,85,8,17,8,4,6,29,0,67,88,68,5,5,13,28,2,2,14,53,123,57,9,0,51,89,59,17,19,52,22,0,16,0,13,59,7,50,0,260,7,2,61,51,12,32,30,15,6,20,9,40,259,15,15,9,0,11,0,6,69,0,0,17,8,142,2,50,0,34,12,0,67,114,45,28,33,7,2,22,25,32,15,26,0,41,37,13,14,89,41,1,59,35,56,76,4,7,32,38,0,91,8,35,19,14,71,10,8,0,39,22,16,0,7,19,0,8,57,40,68,12,8,41,19,17,4,15,46,4,155,44,63,5,0,6,69,32,11,25,78,0,28,13,37,14,57,36,7,3,5,0,68,56,11,9,23,32,59,8,30,73,29,66,35,0,0,4,5,25,0,0,79,17,51,111,3,3,0,0,38,16,14,7,19,29,24,37,0,13,7,12,145,0,195,19,19,0,39,0,50,0,22,0,2,29,15,3,50,9,0,4,2,0,4,39,0,18,41,62,21,139,15,30,3,0,0,4,101,5,15,0,3,38,0,5,37,111,0,0,0,18,20,36,16,9,0,18,5,227,23,0,8,0,33,15,4,21,22,38,17,12,14,50,33,38,0,3,4,0,18,38,449,46,26,34,381,28,16,105,21,71,23,0,5,27,51,56,32,4,11,207,0,6,3,64,38,94,15,12,32,0,11,41,28,16,9,96,5,0,18,24,10,32,5,25,1,16,5,38,32,0,25,0,38,4,2,0,19,0,11,6,3,8,17,26,0,67,18,31,0,65,0,34,7,0,4,7,0,19,152,14,7,95,6,41,13,0,13,36,10,69,0,8,4,30,16,5,102,6,2,7,26,28,8,0,99,73,72,103,0,0,0,0,0,0
SRR6784544,cfs,14,24,50,12,3,0,5,0,27,51,0,24,0,16,18,17,3,4,4,31,2,2,0,12,4,22,30,18,50,5,17,3,16,9,46,4,8,83,12,5,22,4,140,26,17,0,75,0,31,26,4,63,10,3,16,32,48,81,3,0,7,22,45,0,31,30,1,0,0,7,133,4,6,10,30,3,5,7,21,155,22,22,19,27,18,0,35,8,6,0,17,51,3,13,4,6,95,45,12,8,115,12,7,4,5,15,13,4,35,0,2,8,17,52,8,81,8,15,4,41,20,50,12,8,0,25,19,19,0,0,5,40,4,8,7,0,25,4,34,30,6,0,6,0,131,24,7,46,21,9,8,12,9,116,33,0,0,37,27,0,50,115,36,3,0,6,0,34,1,41,4,2,5,23,0,3,41,17,22,38,0,0,4,8,9,0,5,12,35,4,8,15,15,20,17,24,24,43,26,0,65,68,4,0,121,0,8,13,32,41,15,27,25,2,34,0,44,78,82,5,13,17,27,152,5,5,11,0,20,2,25,31,6,13,23,54,19,8,23,0,14,3,6,4,25,36,96,10,0,61,13,20,22,50,26,0,4,0,196,12,6,6,49,86,126,35,61,4,34,9,7,23,67,3,82,28,19,15,111,77,74,0,102,11,0,9,11,38,0,3,0,23,8,8,6,3,10,124,7,29,16,11,16,10,99,70,0,3,110,63,8,2,4,29,9,13,4,10,36,16,13,9,17,3,12,14,23,0,4,2,3,7,0,26,22,21,6,15,9,28,7,6,11,23,22,16,8,2,12,7,30,54,11,81,47,4,3,34,11,8,50,52,15,0,0,6,62,10,47,11,42,98,17,24,5,2,25,10,7,5,53,30,21,4,21,14,0,87,13,11,0,0,0,18,3,3,13,62,22,5,14,0,0,13,6,12,162,5,25,25,249,24,16,129,24,120,35,53,9,5,14,138,18,61,65,3,7,25,14,37,137,37,17,16,3,5,7,3,13,27,69,75,59,0,79,118,17,13,0,12,3,0,35,1,43,33,14,96,0,201,0,7,47,11,14,7,33,11,25,25,7,46,50,37,9,19,0,8,4,1,16,6,4,0,55,6,11,58,5,30,33,3,39,31,18,64,29,2,15,13,22,5,25,4,2,10,16,8,6,20,32,10,5,32,76,120,2,5,7,0,11,14,26,21,0,19,115,10,18,14,2,0,5,10,15,17,0,3,73,77,66,6,55,6,22,6,0,44,32,12,129,25,78,27,15,6,94,12,3,7,160,9,29,3,58,6,61,31,4,13,5,33,33,7,17,1,13,14,16,2,0,22,3,36,9,5,1,10,2,134,0,7,0,15,46,137,15,18,0,3,45,18,21,1,5,4,14,32,5,30,22,3,15,0,118,45,23,23,12,0,70,0,5,2,5,45,4,14,49,5,0,4,11,27,34,30,11,21,43,36,70,4,2,0,10,8,0,3,94,9,5,18,7,13,3,7,37,5,4,9,0,13,8,10,47,0,26,8,48,199,19,0,12,47,49,11,7,20,22,9,4,44,0,33,7,25,6,12,2,0,2,18,0,0,9,5,20,20,26,4,3,6,35,0,46,0,6,19,11,6,48,20,3,22,0,120,38,4,15,41,77,3,11,23,14,32,5,12,5,7,12,8,0,55,0,6,9,7,6,2,10,3,5,5,163,3,2,0,5,7,3,2,7,36,21,7,0,9,15,12,6,8,7,9,21,6,25,6,6,0,60,23,8,34,24,7,4,8,15,18,7,4,0,13,0,44,14,2,31,16,0,17,5,60,2,4,24,6,139,64,12,0,0,0,0,0
SRR6784546,cfs,5,0,7,17,1,0,9,0,10,5,0,2,5,0,14,8,0,1,2,24,10,0,0,0,0,11,54,3,11,1,5,0,2,2,27,0,5,20,2,1,4,5,14,6,0,3,20,0,3,7,3,181,3,2,4,9,60,8,5,0,2,5,11,0,4,28,0,0,1,0,21,0,5,22,12,2,2,2,14,18,0,6,27,6,4,10,37,1,3,2,0,12,5,11,0,0,10,2,10,0,13,8,2,8,0,3,2,9,22,15,0,0,8,13,4,5,10,10,4,29,5,5,5,10,0,2,9,5,0,4,2,4,13,12,0,0,1,0,4,109,4,11,2,9,6,0,0,6,3,29,4,2,33,102,5,11,0,29,24,1,5,11,6,0,0,0,8,13,1,11,2,2,0,2,0,0,31,3,1,13,4,0,2,0,3,0,8,4,6,0,4,1,3,7,12,11,26,5,8,0,6,6,12,0,20,0,3,11,6,12,3,11,10,4,53,0,2,8,12,0,4,7,7,9,2,23,6,0,13,6,58,0,2,7,12,38,4,1,3,42,21,13,5,5,4,3,26,9,0,6,2,2,13,4,2,0,2,1,23,14,3,3,15,54,7,9,39,20,7,54,0,23,19,6,6,6,0,1,21,7,9,7,33,2,2,0,7,3,0,3,0,19,8,8,2,0,0,17,13,6,15,2,4,0,28,5,0,0,26,111,1,0,4,2,0,7,5,23,29,19,2,135,29,2,6,7,9,4,3,12,0,6,9,8,5,20,0,0,46,2,2,5,2,10,7,13,3,11,2,7,3,10,3,10,26,0,4,4,2,0,16,6,11,0,0,6,29,4,38,2,14,53,5,0,0,2,28,4,11,11,15,28,6,0,4,9,0,11,6,3,4,0,0,16,2,2,1,22,0,0,9,0,6,12,4,5,14,3,0,0,75,9,21,14,0,17,20,91,8,96,6,120,7,0,7,5,3,2,6,25,17,17,3,11,10,6,4,3,27,12,17,16,2,0,28,109,8,2,0,0,1,0,4,0,5,5,3,48,0,39,4,5,2,5,4,12,4,0,6,1,0,10,44,0,3,3,0,63,2,40,25,0,0,0,34,5,0,5,3,7,0,5,0,0,24,5,1,2,8,10,4,6,18,14,2,8,2,2,23,23,6,2,5,11,7,11,2,0,7,3,1,4,92,7,6,0,9,38,4,3,2,3,5,4,5,2,3,0,74,296,18,4,24,0,5,0,0,6,33,2,21,23,9,4,0,0,8,11,5,2,37,8,4,0,6,0,10,7,0,9,0,11,1,0,5,0,4,11,15,0,0,16,0,36,2,16,0,5,12,14,8,0,16,4,6,66,6,4,0,0,77,3,7,3,4,7,7,135,6,4,2,9,31,2,76,22,6,0,0,5,8,0,6,11,0,15,3,4,67,0,7,6,3,0,3,11,0,5,2,11,13,81,7,65,0,11,0,0,15,8,0,0,0,6,0,0,0,7,0,0,3,3,6,7,55,0,21,3,12,145,3,0,0,57,30,6,3,2,1,3,0,5,2,12,4,13,2,43,65,0,0,3,0,4,8,15,5,3,1,0,0,0,5,0,0,0,2,7,5,9,1,47,6,3,0,10,4,10,8,1,11,2,4,3,16,21,11,27,14,3,0,42,0,3,3,12,10,1,1,9,0,2,0,3,17,1,0,2,92,0,4,5,6,0,7,8,0,25,3,6,0,0,13,5,4,4,15,2,0,1,174,2,3,17,20,2,1,2,25,21,1,6,3,3,4,7,7,7,68,0,0,20,8,0,0,0,8,6,148,17,0,0,0,0,0,0
SRR6784547,cfs,3,0,9,3,6,5,3,0,3,5,0,4,1,4,3,4,0,2,2,7,0,2,0,2,0,10,1,2,2,0,3,0,2,0,13,2,14,13,5,1,17,1,8,0,0,7,4,0,0,2,3,26,2,2,3,10,18,15,3,0,0,22,13,2,3,5,0,0,4,0,13,2,0,21,3,0,0,1,3,5,3,3,10,14,11,4,5,3,0,0,5,4,2,4,0,7,8,3,3,0,11,0,2,1,0,0,0,2,10,4,0,8,8,5,2,3,0,4,0,18,0,12,5,0,2,0,3,5,0,0,4,3,8,0,0,0,0,4,3,6,1,0,1,3,2,2,0,4,0,0,0,3,11,8,6,0,0,5,5,0,5,12,7,0,0,6,3,4,0,5,5,0,2,3,0,8,6,3,3,4,0,2,0,0,3,0,4,0,6,1,5,3,1,0,2,4,10,6,7,0,6,6,0,1,11,2,0,0,5,0,2,0,11,0,26,0,3,6,11,13,3,2,12,9,0,5,0,0,3,1,0,0,2,4,0,5,3,2,0,2,0,5,0,1,7,4,12,0,0,6,6,2,0,5,4,0,6,4,18,7,4,0,5,27,18,13,26,4,2,3,8,13,5,2,13,1,9,1,14,6,6,4,15,1,0,4,0,8,0,4,5,6,7,3,0,4,4,15,3,11,8,0,2,0,27,6,2,0,28,38,7,2,0,5,0,0,0,4,3,17,2,10,4,5,4,0,5,0,4,0,0,12,3,2,0,12,3,5,2,2,4,6,0,2,0,2,0,0,2,2,14,5,0,8,2,0,0,2,2,3,11,3,4,0,11,12,5,5,20,1,18,21,5,2,3,2,4,0,0,3,3,5,6,1,1,3,0,5,3,1,0,0,9,8,0,4,2,18,2,0,2,0,0,3,9,0,18,5,20,18,92,7,8,20,4,19,4,6,2,0,3,19,4,0,9,3,6,2,0,11,7,14,3,0,2,3,0,2,8,8,14,11,8,0,18,6,16,2,0,10,0,0,4,0,4,7,8,12,0,33,3,0,7,6,0,4,2,10,8,2,0,18,10,0,2,0,0,2,0,1,9,7,0,0,4,11,2,6,2,4,7,3,5,14,11,4,6,0,0,4,2,4,11,3,2,6,2,0,0,7,2,3,0,5,4,8,0,1,0,4,1,5,11,2,0,6,15,2,0,9,3,0,3,0,0,0,0,0,9,20,20,0,28,0,0,0,0,5,7,0,14,9,8,2,0,0,15,3,0,4,9,3,11,2,4,2,9,9,0,7,0,0,3,0,4,0,5,4,6,2,0,16,0,12,2,0,0,2,6,36,1,0,3,0,8,29,1,3,0,0,5,0,1,1,0,2,8,3,0,2,3,2,5,0,18,0,9,0,3,0,7,2,1,2,1,16,2,2,6,0,0,4,0,3,3,2,0,7,5,10,10,24,5,0,0,0,0,2,2,2,0,0,0,7,0,0,3,0,0,3,0,2,0,4,5,0,5,2,7,30,2,0,1,0,3,8,0,9,4,0,0,5,3,2,0,5,0,0,2,0,0,2,0,0,10,0,2,4,2,0,0,2,6,0,0,9,2,6,2,4,5,8,3,3,0,15,3,7,6,0,3,8,2,3,6,7,1,13,2,5,0,9,0,6,0,3,2,2,0,4,0,0,0,0,4,0,3,0,0,0,4,0,2,8,5,0,0,5,3,4,0,2,3,11,18,6,3,0,0,3,20,7,0,4,1,7,1,3,3,5,0,0,1,2,2,3,2,1,11,2,0,3,0,5,0,0,6,9,12,18,0,0,0,0,0,0
SRR6784549,cfs,9,30,97,23,5,5,21,0,48,50,0,21,6,17,32,9,17,5,2,48,9,8,0,12,2,53,82,19,65,3,29,3,0,3,53,0,16,114,10,26,32,20,130,10,0,0,28,0,8,20,9,42,17,41,31,0,76,118,11,4,10,33,65,0,21,29,0,8,3,0,220,0,16,11,26,6,0,7,21,146,12,12,42,50,18,9,19,17,14,5,14,68,24,8,3,18,129,88,24,8,152,3,8,11,2,56,4,8,60,4,11,5,23,105,5,97,17,47,0,55,4,42,7,14,4,0,28,14,0,15,4,51,60,38,14,0,10,0,50,14,0,0,14,0,68,19,15,56,47,36,12,0,4,67,84,0,2,89,135,2,52,132,20,0,0,17,26,20,9,110,3,0,2,44,0,0,53,0,21,120,32,9,7,24,14,0,13,13,52,6,5,15,46,29,97,22,22,124,14,24,113,71,16,0,189,0,28,23,29,117,18,27,104,0,82,0,38,129,218,23,9,40,65,276,0,28,3,4,6,11,95,3,25,16,41,36,32,0,23,2,20,5,7,30,26,78,81,33,3,96,13,29,45,41,62,0,3,0,363,21,8,9,57,75,115,35,109,6,27,18,3,39,45,6,117,61,11,26,82,145,68,11,150,11,15,9,17,39,0,7,7,33,31,25,4,7,16,149,57,68,22,0,28,9,179,43,2,2,100,122,20,9,4,43,5,15,3,30,27,50,12,15,24,6,7,15,70,0,18,7,0,11,34,46,7,40,8,0,55,27,0,7,3,0,3,25,3,26,9,10,39,61,5,84,162,0,2,60,8,11,50,11,28,0,0,0,81,28,88,31,58,123,12,13,31,2,26,32,13,40,14,34,40,5,37,14,0,55,24,6,5,5,5,34,0,7,5,71,8,0,26,0,0,35,7,9,198,21,18,0,364,22,36,115,8,197,41,66,7,13,35,194,40,10,0,7,0,8,40,36,165,38,24,45,8,13,18,12,16,29,56,76,49,0,113,154,11,11,0,13,3,7,20,0,41,31,36,93,0,198,23,26,34,14,18,15,15,16,9,21,0,14,91,36,38,48,0,15,3,4,46,4,13,0,19,45,4,100,11,13,10,30,12,45,44,15,30,8,0,33,51,0,49,15,17,7,8,7,19,45,29,5,4,36,149,129,0,0,8,25,0,19,20,47,0,20,131,21,7,12,7,14,15,4,40,8,0,12,85,26,77,5,85,18,7,20,6,30,26,23,215,63,103,36,0,11,136,36,2,0,74,5,48,2,97,0,94,39,0,40,13,9,62,9,10,3,22,55,26,0,10,41,14,40,32,0,0,12,12,83,12,0,32,68,75,117,0,13,0,10,150,27,33,6,3,7,31,3,5,20,30,6,60,3,167,44,9,6,47,12,151,7,11,17,1,44,4,8,39,0,0,7,5,6,19,16,12,15,27,50,63,0,3,0,6,15,0,0,202,14,8,3,19,36,4,0,36,3,5,0,0,69,10,26,57,15,36,29,21,382,0,0,21,0,16,15,14,59,57,21,3,12,0,54,16,5,7,11,4,0,3,57,21,0,39,11,21,19,18,4,18,13,23,7,8,5,3,17,4,13,20,80,8,18,0,123,93,27,24,21,123,0,54,36,21,132,7,38,0,31,10,34,0,42,14,25,12,9,12,6,3,2,0,7,85,26,10,6,10,0,16,5,13,65,44,23,0,42,6,19,0,0,25,6,23,25,34,0,0,0,60,19,16,30,25,16,13,6,14,11,4,16,0,6,0,43,4,3,62,19,18,23,10,6,3,41,38,18,102,114,6,0,0,0,0,0
SRR6784550,cfs,6,13,81,0,2,0,0,0,27,32,0,48,0,0,7,4,0,3,6,15,0,0,0,17,0,46,15,6,60,0,8,0,7,2,3,0,4,67,26,0,2,2,78,0,0,0,6,0,8,2,0,4,3,0,3,6,7,123,6,0,0,3,52,0,39,3,0,0,2,8,128,0,5,5,0,3,2,2,0,104,2,17,2,6,9,0,0,0,5,0,0,51,0,5,0,9,80,38,0,0,147,5,4,2,0,0,2,0,48,0,5,5,3,66,8,55,2,9,0,28,0,68,2,0,4,0,12,0,0,6,3,16,6,17,3,0,10,0,26,6,2,6,21,5,33,3,0,33,9,0,0,0,7,13,39,3,1,6,18,0,55,92,0,0,0,6,0,2,0,62,0,0,4,10,0,5,4,0,10,41,0,0,3,0,14,0,0,3,55,2,0,25,10,12,13,22,0,70,3,0,28,57,1,0,139,0,0,5,44,68,2,5,8,0,10,0,42,69,134,0,2,14,46,182,0,0,5,0,0,0,22,8,0,5,7,32,29,0,9,0,4,0,0,0,11,18,100,3,0,63,0,18,0,38,49,0,0,0,232,7,0,0,66,22,120,15,9,0,6,6,10,7,19,3,100,29,0,6,123,92,68,10,33,5,0,0,0,38,0,0,0,11,2,0,0,0,0,123,3,64,5,0,8,0,10,15,2,0,7,58,0,0,2,71,0,4,0,11,4,10,2,3,2,0,5,5,12,0,6,0,0,16,0,2,0,0,0,8,5,36,4,2,3,2,0,5,0,6,1,7,5,23,5,22,97,0,2,33,0,0,3,3,3,3,9,0,69,0,2,4,8,69,0,33,0,0,10,3,2,9,2,3,15,2,8,4,0,21,12,2,0,3,0,11,0,4,2,15,10,0,9,0,0,5,3,0,227,0,16,0,61,15,10,96,0,131,15,47,0,0,19,141,0,5,0,2,0,5,0,7,111,5,6,0,0,3,2,0,7,6,41,56,7,0,66,90,0,19,14,0,0,2,26,1,31,5,0,8,0,17,0,2,55,0,6,0,19,3,29,31,0,10,11,43,11,5,0,3,0,11,4,0,0,0,0,6,0,74,0,5,4,3,0,6,6,0,42,0,0,10,29,4,6,2,0,7,0,4,10,19,32,2,0,8,77,27,0,0,0,3,0,0,5,16,0,23,97,0,9,0,2,2,5,0,11,12,4,3,91,43,80,0,6,6,0,0,3,22,0,0,110,58,91,18,0,2,118,0,0,3,21,0,3,0,62,0,46,63,0,0,0,3,40,8,15,0,4,2,3,2,4,5,2,2,7,2,0,0,0,41,0,0,0,21,4,11,2,0,0,1,88,0,9,0,0,2,4,0,0,4,0,0,4,0,26,54,4,0,125,0,100,2,5,0,0,24,0,0,6,0,0,0,0,0,2,3,0,3,42,64,2,9,2,0,3,0,0,3,56,0,0,3,0,5,0,0,29,6,0,0,0,19,2,0,34,0,0,3,0,220,4,5,16,0,5,7,0,44,45,3,0,4,0,74,16,0,3,0,0,0,1,12,13,4,13,5,7,27,25,4,0,3,16,0,5,0,2,10,2,0,7,3,0,12,0,92,72,7,6,27,66,0,14,3,5,5,0,8,0,4,5,0,0,57,0,0,0,2,2,3,0,0,0,0,43,11,2,0,8,0,1,0,3,20,13,4,0,3,5,12,0,7,5,4,0,0,4,0,0,0,17,26,6,17,15,3,0,0,6,0,2,4,0,0,2,21,4,0,14,0,0,2,3,11,0,0,16,0,73,33,0,0,0,0,0,0
SRR6784552,cfs,20,12,69,9,6,8,26,15,40,21,0,47,14,3,14,8,0,3,3,23,4,6,12,3,0,39,25,16,78,3,15,2,0,10,61,0,36,62,20,5,0,11,130,9,4,12,37,4,0,17,11,26,28,8,3,0,63,103,17,0,0,33,34,2,16,9,12,7,2,0,99,0,7,21,33,10,5,7,20,133,24,14,30,51,19,9,15,2,11,0,0,34,4,21,16,12,50,47,6,13,92,20,4,18,0,12,10,9,43,17,2,3,9,29,16,29,16,22,4,76,3,82,4,9,10,0,32,6,12,9,3,48,48,41,4,0,10,3,54,15,9,0,25,5,15,34,8,31,7,0,4,0,9,62,52,0,0,52,7,3,62,149,0,10,0,0,18,32,14,10,0,10,13,38,0,0,36,3,3,72,11,6,4,0,24,5,21,17,69,0,9,22,3,11,49,51,17,57,13,3,51,68,16,0,122,0,0,33,12,5,19,33,3,3,85,0,28,71,28,19,18,25,0,131,3,33,8,9,20,10,7,24,6,20,14,64,46,3,0,3,0,8,11,40,6,28,102,24,0,45,12,39,51,63,31,0,3,5,262,6,0,2,85,80,157,18,88,11,17,19,4,20,16,6,81,16,8,2,200,49,84,38,67,12,3,17,0,65,0,26,11,24,25,12,0,10,0,124,41,0,24,6,9,0,94,55,10,2,44,170,3,2,8,48,21,19,9,38,23,43,24,5,22,4,8,32,33,0,6,5,3,26,47,16,14,43,2,3,8,61,0,8,7,8,16,20,5,13,5,11,18,33,8,69,75,0,7,23,4,0,55,0,21,7,35,11,50,39,70,23,44,118,10,40,5,2,30,18,24,29,48,18,14,2,25,13,0,40,32,13,5,3,14,48,0,32,10,63,9,5,31,0,0,25,8,0,226,8,0,0,379,0,32,81,20,85,46,44,5,9,19,127,25,38,0,11,2,12,7,26,55,43,3,0,3,22,6,3,26,40,43,52,16,0,76,156,37,22,4,2,0,0,77,0,27,32,21,61,0,99,4,12,71,11,23,4,8,9,34,39,11,28,72,61,0,25,12,15,4,8,35,29,0,0,6,6,6,101,3,4,2,17,0,26,38,21,16,3,16,18,4,11,52,18,12,6,8,4,20,49,49,11,8,65,70,56,0,13,16,15,4,14,3,65,4,6,59,18,29,3,10,11,11,4,10,26,5,0,92,27,52,3,11,0,10,12,0,35,26,11,54,112,88,35,0,8,114,29,10,3,132,5,35,39,33,7,70,73,0,49,0,6,19,16,14,2,15,34,52,0,0,21,5,13,14,9,1,8,17,59,6,0,7,52,61,91,1,9,4,10,30,25,36,8,3,10,27,50,0,0,5,6,31,0,141,41,4,6,0,7,38,5,10,7,1,7,2,13,30,3,0,8,2,13,14,17,0,25,44,100,68,172,6,0,14,0,15,4,60,14,10,8,0,37,10,0,57,9,19,11,0,4,2,18,42,0,20,43,39,170,24,0,12,0,20,10,8,28,51,41,18,7,10,4,26,14,2,18,9,0,0,0,13,0,27,14,9,41,32,6,0,10,17,0,39,8,18,9,30,19,25,58,21,14,0,97,35,26,9,25,62,4,0,0,19,79,4,53,5,26,26,23,0,59,2,27,8,2,14,18,0,0,5,17,96,0,4,10,13,3,11,5,0,18,25,4,2,27,23,18,0,7,5,8,0,14,46,6,2,6,39,51,15,17,0,24,20,0,14,10,4,4,8,0,5,63,6,0,77,23,4,8,7,118,4,38,50,3,147,47,26,0,0,0,0,0
SRR6784555,cfs,9,60,28,5,2,8,13,0,0,26,5,2,2,5,29,20,3,1,8,114,0,0,0,0,11,17,48,22,2,3,4,0,0,16,50,0,31,86,4,2,39,7,254,6,4,5,5,0,0,2,4,46,19,5,6,6,49,38,19,0,0,75,64,8,0,12,5,5,0,0,37,0,23,31,4,10,4,5,30,207,21,4,29,36,56,0,12,2,2,6,25,92,6,22,2,12,0,7,4,5,30,20,5,2,2,26,12,2,2,4,10,10,38,32,21,10,6,11,4,73,2,4,6,15,4,0,38,8,2,14,3,4,27,33,7,0,0,8,12,21,0,0,1,0,2,0,15,59,60,7,7,0,22,147,4,0,2,8,7,0,2,14,0,0,0,22,17,7,0,43,2,0,18,0,0,10,50,0,0,144,13,0,0,0,1,0,18,8,25,2,10,2,23,196,10,11,14,2,25,6,104,102,11,0,178,3,0,0,51,4,13,22,26,0,80,0,0,75,14,14,13,22,10,6,7,6,2,0,23,8,33,0,9,19,18,98,23,0,0,11,3,14,13,7,3,2,18,0,23,4,6,5,44,14,8,0,9,1,56,12,0,2,28,74,134,17,47,15,140,10,3,42,181,14,16,20,12,2,13,59,7,28,54,2,8,17,9,6,0,28,0,27,12,8,0,7,0,91,23,18,26,0,68,0,97,37,2,11,41,149,0,0,7,6,8,5,12,11,9,19,5,30,18,4,21,29,82,0,0,2,0,30,7,16,0,26,3,12,9,5,4,14,7,2,0,3,5,10,7,19,45,7,17,13,13,0,5,35,6,92,23,19,14,7,0,19,51,10,44,0,17,225,8,2,0,4,27,21,16,16,7,86,35,4,0,21,0,107,151,4,0,0,13,21,0,15,5,71,2,0,17,0,0,25,8,5,96,6,0,0,232,0,32,122,5,164,49,47,4,8,26,158,13,7,0,26,3,11,7,42,270,19,13,0,3,11,6,6,24,131,48,50,4,0,88,95,23,1,0,9,2,10,0,0,7,29,25,40,0,149,3,16,4,12,4,10,115,20,4,0,4,29,73,3,2,3,0,4,4,4,11,2,0,6,21,9,0,15,0,28,4,9,15,54,18,7,4,5,0,7,4,5,36,11,6,39,4,2,0,36,34,9,9,25,26,217,0,8,8,11,1,9,20,0,0,5,136,12,6,0,6,4,2,10,2,51,6,0,115,106,81,3,20,0,79,3,4,2,24,5,58,37,66,8,7,6,60,21,13,12,0,0,16,7,96,2,22,8,0,19,2,4,4,10,17,7,22,23,28,3,5,46,0,25,7,7,0,2,6,58,3,0,6,0,42,65,8,15,0,4,9,16,1,1,0,5,29,9,0,0,12,6,55,0,158,20,17,0,4,3,58,9,6,6,4,60,0,6,31,0,26,9,3,0,6,49,2,5,4,23,36,383,0,5,6,2,5,0,123,0,0,15,9,25,5,0,3,3,0,0,0,8,5,9,108,0,17,0,48,58,11,0,1,0,18,34,13,48,9,0,0,0,0,22,7,3,2,2,0,0,1,11,0,59,63,11,18,2,2,11,0,24,34,0,0,3,6,31,8,22,1,21,2,2,7,113,26,17,8,0,129,5,0,0,10,56,1,23,0,13,14,15,0,3,14,8,7,7,8,5,0,4,3,13,22,1,0,0,0,5,7,2,1,15,18,4,0,21,7,11,0,6,0,10,2,8,31,18,0,4,58,0,0,7,7,17,2,0,23,7,11,9,13,7,12,174,16,0,51,2,8,17,5,18,14,0,25,0,5,51,0,0,0,0,0,0
SRR6784557,cfs,2,0,10,5,8,22,13,10,0,6,0,5,11,4,15,18,0,10,26,8,0,11,9,8,0,28,29,24,10,5,24,4,0,9,21,1,6,16,0,1,68,17,34,36,8,18,45,0,0,1,23,26,58,9,59,17,35,8,49,1,6,36,28,0,0,2,2,0,2,4,140,10,10,23,0,2,11,5,26,12,2,3,8,53,0,13,42,0,2,0,53,22,21,47,0,11,7,26,18,3,51,16,5,0,0,51,6,0,21,10,4,0,55,22,5,8,12,9,14,39,0,10,18,0,5,5,1,16,17,23,5,0,34,0,13,0,3,0,16,21,3,13,0,0,38,0,0,12,3,23,8,0,0,6,25,0,2,71,27,0,5,13,2,0,0,48,14,9,0,26,2,0,0,4,0,7,52,14,10,17,33,0,13,17,3,0,35,8,17,7,37,0,5,0,31,0,22,6,4,11,11,14,3,0,68,0,20,22,3,19,27,46,87,4,39,0,2,36,33,5,2,0,42,16,8,4,2,8,15,13,49,0,7,4,6,5,7,9,4,2,2,11,0,45,7,25,9,2,0,19,13,1,7,2,15,0,6,1,32,0,0,0,9,64,19,71,20,4,24,4,0,6,18,0,6,2,10,1,72,11,0,4,66,3,4,0,46,8,0,18,22,21,3,4,3,0,3,31,103,11,11,2,7,3,137,33,0,14,55,20,19,5,6,3,16,9,24,18,11,7,36,3,56,7,3,9,23,0,6,0,2,8,15,15,29,0,0,6,10,5,6,15,0,23,20,31,18,30,1,16,17,51,13,33,42,10,28,15,13,2,3,0,17,0,0,6,8,8,11,0,60,25,0,5,0,3,52,4,7,28,6,26,16,15,13,2,16,54,0,2,0,4,0,3,0,2,6,54,2,0,3,8,0,3,6,19,44,3,28,0,55,0,2,40,0,26,34,8,0,0,0,30,30,0,0,12,17,5,13,18,11,3,0,17,0,0,12,24,26,27,32,42,7,0,30,19,3,1,5,11,4,4,4,6,7,48,19,50,0,250,5,23,3,5,3,13,0,11,9,2,16,79,31,6,11,7,0,8,16,0,2,0,7,0,10,0,9,6,18,74,24,9,10,16,0,23,7,16,0,6,12,5,55,0,23,14,22,0,1,2,1,11,11,92,49,52,0,5,42,5,2,50,69,23,0,0,50,0,0,9,9,2,0,0,11,17,13,0,5,47,77,11,52,6,31,7,2,10,39,16,16,48,17,38,0,0,4,16,0,4,19,14,9,26,9,13,13,5,0,42,2,39,5,18,19,0,13,41,28,4,9,28,0,43,16,25,2,12,10,128,3,0,8,4,77,175,20,43,0,16,71,12,1,11,0,4,25,5,27,7,30,0,8,1,193,40,0,8,13,0,31,9,1,1,4,32,9,3,18,0,11,5,10,5,25,9,17,0,2,8,64,0,6,0,37,0,9,11,25,11,0,0,0,12,9,30,58,3,7,5,8,17,6,8,42,0,0,0,51,46,63,0,2,0,67,15,3,3,8,14,9,23,0,44,12,20,2,22,0,0,0,2,0,0,3,0,17,1,0,0,11,14,29,0,0,4,4,5,0,9,19,0,26,14,0,7,13,22,5,1,3,3,24,53,24,195,5,17,8,54,31,13,0,3,0,0,40,15,13,15,9,0,0,15,2,4,2,8,10,0,20,9,0,27,17,14,3,11,28,38,9,0,11,1,87,19,21,18,0,0,55,2,0,11,0,5,0,6,52,57,0,0,2,15,0,4,16,3,31,9,4,10,11,0,13,77,2,16,4,14,0,0,0,0,0,0
SRR24907818,cfs,5,63,39,5,20,35,5,27,4,107,8,6,28,31,59,7,6,5,3,24,10,3,9,30,16,42,8,26,42,16,12,3,7,18,56,4,101,55,4,0,0,0,30,32,7,4,52,5,56,16,33,55,8,0,19,5,65,49,85,30,59,53,9,4,10,0,11,11,0,13,78,7,23,60,21,19,44,2,0,42,21,38,0,8,17,18,73,0,9,2,4,38,9,11,6,34,111,126,54,8,76,21,0,0,79,184,3,22,10,14,2,7,5,14,0,8,33,7,2,0,6,59,19,11,9,43,0,56,8,0,59,5,14,20,5,18,72,6,17,83,11,6,0,3,27,54,13,65,2,19,51,63,84,78,0,24,7,166,18,29,46,212,0,4,7,30,6,3,4,3,8,38,8,163,6,15,29,6,0,54,3,8,9,84,12,9,18,13,16,0,0,0,20,23,12,43,24,6,28,16,0,0,29,0,31,24,7,35,98,17,63,6,13,6,214,34,0,35,123,17,1,5,33,5,25,22,11,5,38,15,48,6,21,24,18,56,11,12,38,2,23,64,4,3,8,11,53,12,17,30,25,16,25,51,4,5,3,3,215,9,4,11,169,46,172,224,19,30,21,4,24,51,43,3,0,0,22,0,47,62,22,74,273,7,40,39,8,42,32,37,28,104,29,109,4,9,51,153,13,144,0,3,7,13,156,85,9,28,96,183,16,0,8,73,52,22,15,24,14,42,19,19,68,25,42,51,67,48,30,22,18,58,67,16,3,46,11,2,0,19,0,51,15,0,0,20,0,16,10,137,145,16,15,19,233,12,6,22,14,3,34,26,23,9,66,8,23,3,6,2,45,290,7,24,94,25,19,7,102,16,66,9,16,15,3,16,10,28,15,76,16,141,2,11,2,34,38,23,0,18,73,54,37,15,14,8,40,16,114,95,385,196,55,417,6,73,112,6,18,0,52,207,15,28,79,42,0,0,9,24,137,80,20,14,15,37,13,50,105,31,87,122,6,15,14,347,19,2,3,0,36,19,0,8,54,5,7,136,15,114,22,9,16,25,4,13,11,3,211,30,42,78,38,9,6,51,3,23,4,0,6,0,23,6,51,29,5,90,3,81,12,20,23,41,68,15,26,17,58,158,0,6,28,77,11,30,20,27,39,13,0,23,4,169,20,43,11,11,4,16,0,15,43,92,17,18,33,17,7,2,11,18,41,2,12,39,16,15,65,118,74,8,5,21,22,4,7,59,144,12,73,98,47,31,6,11,23,19,6,5,117,10,5,13,0,77,144,76,105,0,6,0,17,0,6,2,90,13,6,39,21,46,62,23,16,6,10,14,21,27,13,15,59,56,133,78,47,6,46,3,88,11,4,15,3,11,20,27,26,3,8,4,108,3,323,63,17,11,42,5,40,0,10,5,0,104,4,4,0,9,85,11,9,11,13,6,5,0,98,97,151,5,6,0,72,85,18,2,0,14,4,15,13,0,8,6,0,15,50,68,17,30,20,11,98,13,27,15,54,160,5,21,12,10,27,23,21,133,0,0,10,16,35,14,10,35,3,12,0,12,25,7,27,36,38,6,48,15,10,66,9,19,20,26,32,2,2,17,0,5,12,8,0,0,8,77,0,60,12,7,79,12,0,0,10,11,56,82,4,38,7,60,14,66,0,17,0,5,12,22,31,2,14,7,0,2,6,0,80,28,17,50,6,241,4,14,15,4,115,4,11,0,31,0,2,43,47,43,2,6,47,0,5,0,141,3,82,4,23,14,16,11,0,10,9,58,2,5,8,11,38,3,17,7,5,0,50,5,83,62,14,5,10,236,6,133
SRR24907822,cfs,3,19,10,2,0,8,0,8,0,4,0,2,2,0,1,0,0,5,0,3,3,0,3,3,4,5,0,10,4,3,2,2,0,1,6,0,6,12,0,0,0,4,11,2,4,0,7,2,8,1,8,6,8,4,0,8,12,10,5,0,1,8,0,1,0,7,4,2,2,0,13,4,4,10,13,4,2,0,4,15,3,3,3,0,0,4,4,0,0,2,1,10,9,13,2,11,3,4,16,0,0,0,0,2,7,2,1,5,0,5,3,0,0,8,5,0,10,0,0,11,1,11,8,5,3,7,0,3,3,0,2,0,3,2,2,7,3,2,11,23,4,1,7,0,5,0,3,2,0,7,2,2,6,9,0,7,3,6,3,2,7,37,2,0,0,8,2,2,0,2,0,4,1,3,23,0,5,2,9,31,3,2,4,0,3,6,9,0,9,0,0,3,3,0,5,4,3,0,0,0,0,0,0,0,7,5,0,6,13,10,9,3,13,4,16,8,0,16,35,4,0,9,6,2,0,4,11,2,0,0,25,4,4,3,3,0,9,0,0,0,8,3,0,12,2,2,8,2,2,0,8,11,13,6,3,0,0,0,78,7,0,5,18,5,18,5,23,6,6,0,7,8,5,0,0,2,6,0,7,10,7,8,37,0,6,8,0,10,5,7,3,4,5,13,4,2,9,9,2,11,5,0,5,2,7,11,0,2,7,23,3,0,0,23,2,2,3,4,0,0,3,0,3,1,0,3,9,4,7,3,0,2,10,0,8,10,2,0,0,0,0,0,2,0,5,4,3,2,2,5,7,0,2,7,7,11,0,0,0,0,6,0,7,4,11,1,8,0,5,3,14,12,1,8,4,11,0,0,7,7,1,7,2,3,4,0,8,0,6,3,3,5,0,4,2,9,12,8,0,2,5,3,6,2,6,1,10,9,10,10,15,16,8,45,2,16,4,4,7,0,4,12,6,2,4,0,0,0,2,0,6,18,2,1,0,7,2,0,0,12,18,8,0,4,0,13,0,3,0,0,5,5,0,8,10,0,2,10,5,30,6,0,0,3,0,5,4,4,13,16,4,8,3,4,0,9,2,0,2,0,7,2,0,2,9,0,2,10,0,20,7,10,22,4,13,1,2,0,2,15,0,0,2,2,0,2,3,7,10,15,0,0,4,19,8,10,0,5,1,0,0,4,7,5,2,8,17,2,2,2,1,0,0,2,2,18,3,3,18,29,11,0,9,4,0,4,0,4,6,0,12,11,7,4,0,2,26,2,1,1,21,8,8,0,0,0,10,0,2,0,0,0,0,0,1,2,5,2,4,6,0,3,3,6,1,0,0,3,0,6,2,3,19,7,7,14,0,0,3,0,6,1,8,0,2,3,4,0,2,9,3,0,11,3,40,19,1,0,20,1,11,2,0,0,0,16,0,0,0,4,0,2,0,4,0,2,0,0,4,7,0,34,0,2,0,4,1,0,0,2,3,2,4,6,2,0,3,3,3,0,0,5,2,0,4,4,9,0,6,22,8,9,0,10,1,2,3,13,5,0,5,2,5,5,6,7,0,0,0,0,0,4,26,2,0,2,2,0,0,5,1,20,1,6,9,4,3,0,0,2,0,7,0,2,0,12,0,9,0,0,9,2,0,4,2,0,3,8,0,4,5,4,3,8,0,5,2,5,4,0,0,0,4,0,0,0,0,2,2,7,0,1,2,8,0,0,1,0,2,5,14,5,5,0,6,2,0,2,0,3,7,7,0,0,6,0,6,3,2,4,6,2,0,2,2,12,2,2,0,0,3,0,0,6,2,0,4,0,38,3,5,4,6,12,3,21
SRR24907824,cfs,2,2,0,4,3,5,1,1,3,10,0,7,5,3,2,0,1,8,2,5,1,0,0,3,2,11,2,2,9,2,3,0,1,2,3,2,4,9,3,0,0,3,7,3,1,2,12,4,8,4,6,5,2,6,0,2,3,27,9,0,6,14,0,0,2,8,2,1,0,2,18,4,4,5,5,6,1,0,2,14,21,2,2,4,0,11,1,6,0,0,1,0,2,13,0,2,6,8,8,0,30,11,0,0,5,3,0,1,0,3,2,3,2,5,8,11,7,0,1,0,2,1,4,5,2,6,0,8,0,2,2,0,1,5,7,6,0,1,10,9,0,6,4,0,6,0,0,4,2,2,0,2,12,24,0,0,2,7,3,1,3,10,0,0,1,1,0,0,1,0,10,3,3,0,3,0,12,0,2,6,3,3,1,0,0,0,3,5,5,6,6,0,4,7,10,13,5,4,10,6,0,8,0,0,8,6,0,6,16,3,6,0,9,0,26,3,6,10,11,0,1,3,7,2,0,2,0,1,11,1,9,0,7,5,3,4,2,0,2,0,1,11,0,4,9,0,22,2,1,5,3,0,3,0,7,0,3,6,12,2,3,0,21,8,22,14,4,13,13,8,4,17,4,0,8,0,0,0,8,5,2,6,15,3,4,5,3,4,7,4,0,13,11,5,2,1,5,31,12,3,0,3,5,0,25,13,0,1,11,26,0,3,0,3,7,0,6,0,9,5,14,6,4,0,7,3,15,6,9,4,2,7,11,7,0,9,0,0,0,3,1,6,0,0,0,3,0,0,1,13,12,4,9,10,0,1,0,5,0,2,7,3,7,3,2,0,7,0,0,2,9,28,3,0,2,2,9,0,6,4,0,0,4,2,2,0,4,6,2,2,15,3,2,6,0,7,6,10,3,2,9,8,0,3,5,1,4,3,8,7,48,14,5,13,0,14,7,0,3,0,1,29,0,1,12,5,4,0,1,7,22,3,0,2,2,1,2,8,14,2,12,6,3,4,11,8,10,0,3,10,8,3,0,0,7,12,3,43,4,58,6,2,10,0,4,2,0,1,9,2,7,6,9,2,3,5,4,0,0,2,1,0,6,1,8,12,0,20,2,0,9,1,0,10,3,5,4,4,0,19,0,1,5,3,3,2,6,0,0,8,0,0,0,1,9,10,0,3,2,3,2,11,4,17,6,4,8,0,9,5,6,3,0,1,2,1,1,3,0,16,7,2,4,3,4,4,2,6,4,2,5,18,12,0,5,1,3,7,0,0,13,2,4,0,0,2,10,14,3,0,2,0,4,0,4,1,18,3,5,0,0,11,0,22,8,4,3,3,0,6,0,1,9,4,26,22,5,0,20,0,10,0,0,3,1,0,7,0,8,3,2,5,9,1,55,5,7,0,2,2,17,2,0,2,0,7,1,0,0,1,6,0,4,2,3,0,1,0,5,12,37,2,0,2,9,3,5,1,3,9,5,2,0,2,4,2,5,5,3,6,0,2,3,6,0,2,0,3,18,19,3,3,0,3,10,0,3,5,0,0,10,0,3,4,6,6,4,1,2,0,2,10,6,0,7,3,16,0,6,2,1,3,15,6,3,0,0,17,5,0,0,0,0,0,2,2,13,5,5,0,4,2,0,0,4,0,3,17,8,2,0,1,2,2,2,5,1,9,0,0,0,4,2,1,0,0,5,0,0,11,0,5,0,6,2,0,1,3,2,8,0,2,5,2,3,3,15,3,3,2,9,0,0,2,0,5,5,0,12,16,0,0,0,0,0,14,0,6,0,2,2,0,0,0,2,0,4,5,6,9,2,3,4,9,0,8
SRR24907831,cfs,3,4,11,2,3,9,1,3,5,18,2,2,3,2,0,3,4,0,0,3,1,0,0,1,2,11,0,0,8,2,3,1,4,4,6,3,8,5,3,0,0,1,2,3,0,0,3,2,8,1,4,2,0,0,7,3,8,0,2,3,0,5,0,5,0,2,0,0,0,0,22,3,1,6,7,0,0,2,0,4,0,3,0,1,0,6,0,0,0,0,0,7,0,0,0,9,0,4,3,0,0,2,2,0,10,5,1,3,0,2,2,3,0,0,0,5,11,0,0,6,4,10,3,0,0,4,0,5,2,3,8,0,2,3,2,4,0,0,18,15,3,0,0,0,0,6,2,2,2,0,7,0,4,50,0,4,1,0,0,5,6,15,0,2,1,6,2,0,0,3,3,2,0,2,11,4,5,3,3,10,0,0,1,0,1,2,2,2,5,0,0,0,0,0,5,5,4,0,2,0,0,0,3,1,7,5,1,0,7,0,4,0,5,2,19,3,3,4,21,0,0,2,2,0,3,0,3,0,5,1,6,0,2,0,2,0,0,6,4,0,2,6,0,0,4,0,6,0,4,5,4,5,1,0,0,2,1,2,22,4,0,3,19,5,6,17,13,10,6,0,3,4,3,0,0,3,4,0,10,5,9,6,22,3,4,8,0,8,9,2,3,4,2,10,2,6,6,13,3,8,4,3,7,0,11,6,0,0,13,31,3,0,0,4,1,4,1,2,2,9,8,0,3,1,2,0,4,4,0,0,0,7,7,1,0,8,1,0,2,8,0,6,2,0,0,6,2,2,5,5,12,12,3,15,0,3,0,4,5,4,3,4,9,0,9,0,4,0,0,0,10,26,1,0,0,6,4,0,5,8,0,0,0,3,3,0,2,0,0,2,1,5,0,0,0,3,3,0,0,3,6,7,6,1,9,0,4,3,10,8,35,23,7,42,0,11,11,4,3,1,11,34,0,8,6,0,2,0,1,10,12,4,0,4,2,11,0,0,10,11,13,5,6,2,4,27,4,2,3,0,6,4,2,0,8,6,2,17,3,16,7,0,6,2,0,14,0,1,11,3,4,4,9,2,3,0,2,0,0,0,2,0,2,6,21,0,3,5,5,7,4,3,7,7,22,4,0,0,0,18,4,2,0,3,0,5,3,1,0,3,0,0,0,10,0,3,0,3,4,0,0,7,3,15,2,2,6,0,2,0,1,2,0,0,0,4,0,0,9,10,5,0,8,0,0,5,2,5,7,0,5,10,0,0,7,0,9,0,0,2,12,1,0,0,0,0,17,7,4,0,0,0,3,2,0,2,7,4,0,4,0,3,4,4,2,2,6,5,1,2,0,3,6,2,7,8,5,3,7,0,15,3,0,1,2,3,7,2,3,3,0,0,5,0,19,10,1,2,11,0,0,0,2,0,0,6,2,0,0,3,1,2,1,0,5,2,1,0,0,16,10,26,0,1,5,3,1,2,10,3,2,0,2,6,2,2,9,0,4,3,1,3,0,0,25,7,0,2,7,15,5,2,0,7,3,2,3,8,0,0,3,4,3,3,6,8,1,10,0,0,2,0,5,3,7,3,10,0,0,4,0,7,12,7,10,0,2,2,5,2,0,5,0,4,0,9,4,0,2,1,17,0,0,2,0,6,9,8,4,3,2,4,3,3,0,5,1,0,2,0,1,2,2,0,0,0,1,0,2,0,0,3,0,17,0,0,0,4,13,0,6,2,4,2,2,2,2,2,0,2,2,0,0,0,10,0,2,2,2,0,6,5,0,2,0,2,2,0,4,0,0,0,0,6,2,0,5,3,11,15,0,2,4,23,1,18
SRR24907840,cfs,5,0,8,5,0,1,4,2,0,4,0,7,0,4,0,6,1,6,0,7,23,0,0,3,5,9,18,7,29,5,5,2,1,2,30,0,4,84,0,0,1,1,0,9,2,0,0,4,45,9,24,6,0,0,0,6,30,16,6,0,1,11,0,14,0,0,8,0,0,8,51,3,0,17,11,9,2,0,2,13,0,7,4,0,0,9,0,0,1,0,4,41,2,6,8,12,12,19,0,0,0,3,8,3,0,4,4,40,11,16,0,0,0,18,3,0,9,10,0,0,1,0,2,13,8,31,1,3,6,5,0,6,3,34,68,0,4,3,22,56,6,2,0,2,6,0,3,0,13,0,17,1,27,22,0,2,1,37,2,2,7,52,8,3,6,25,8,0,1,4,5,4,2,0,0,0,4,2,0,44,0,0,0,0,4,5,2,0,2,5,0,0,15,0,6,2,3,10,0,4,0,9,0,0,15,8,0,8,70,26,4,3,13,5,22,4,3,47,94,0,3,2,42,3,2,5,9,0,4,3,38,0,0,2,17,0,7,9,0,6,0,4,2,7,7,0,16,4,0,3,35,35,24,16,5,3,2,0,55,2,1,3,22,34,55,7,65,5,14,0,11,23,17,2,20,5,6,3,23,26,24,6,15,0,2,33,5,12,0,23,1,16,13,18,2,7,7,35,7,36,2,5,5,2,33,14,0,4,26,78,13,1,4,2,4,0,16,2,6,26,4,8,12,0,16,14,17,23,4,0,0,6,16,0,0,40,0,7,2,4,0,5,4,0,0,17,4,0,6,8,16,6,11,25,0,3,0,0,2,0,20,7,35,0,0,3,6,2,5,2,9,58,0,5,0,14,28,4,0,4,0,18,5,9,2,23,1,14,0,3,1,24,2,9,2,0,5,3,3,3,14,8,0,11,2,7,55,20,24,13,10,35,3,21,3,8,16,11,8,5,26,46,11,11,10,0,0,6,5,0,17,8,0,4,0,7,32,2,4,28,66,21,2,7,7,16,23,0,3,0,6,8,0,0,0,0,8,16,3,50,9,3,9,7,2,2,0,0,10,3,0,18,21,0,0,2,5,0,0,2,11,0,10,0,6,22,5,65,0,0,5,0,21,3,3,2,4,6,7,3,6,3,2,2,2,0,4,1,0,12,9,0,0,19,29,48,0,7,3,3,5,16,0,8,4,5,29,0,10,6,0,2,0,2,2,4,3,3,5,4,39,0,45,0,5,8,0,5,3,0,0,31,17,7,0,1,49,6,1,2,79,0,7,7,10,0,14,33,0,0,0,0,6,0,0,4,17,2,0,0,0,0,2,19,3,0,0,0,1,17,18,2,39,0,8,20,3,0,4,12,2,4,8,0,0,0,10,0,10,0,0,2,8,0,44,5,16,4,5,2,0,4,0,0,0,17,0,3,0,0,6,9,1,11,0,8,6,0,0,11,2,0,0,0,4,3,6,2,8,16,3,18,0,5,0,0,0,3,5,0,3,5,5,3,0,10,0,38,5,7,5,0,0,0,2,4,2,3,0,2,5,1,4,1,5,19,1,3,0,0,3,36,3,6,0,3,4,0,11,9,0,0,17,3,1,6,11,0,3,5,0,9,0,0,4,0,0,6,2,0,12,2,0,0,4,0,4,12,4,9,5,2,0,0,5,10,0,4,10,0,0,4,14,6,0,0,0,9,0,0,0,4,0,0,0,2,5,0,2,5,2,2,3,0,0,0,0,3,5,0,11,0,0,11,38,10,12,2,15,13,5,7,3,5,6,22,4,0,6,2,0,5,0,3,2,0,0,6,26,8,2,0,7,39,0,24
SRR24907844,cfs,11,16,4,4,3,4,7,8,3,6,5,7,10,6,4,8,5,4,0,3,2,2,5,2,12,26,17,22,21,2,4,1,3,8,13,17,9,18,7,0,0,4,4,2,13,5,5,24,8,2,10,25,16,18,0,11,25,6,3,12,8,12,0,10,0,5,0,2,4,6,72,0,7,14,21,14,11,0,12,18,8,4,3,3,3,31,5,6,1,0,3,13,7,2,7,6,12,7,8,9,23,0,4,2,4,6,0,4,19,14,4,14,0,14,8,23,19,10,3,13,8,16,6,5,11,15,5,8,0,3,3,4,10,16,10,1,5,4,23,49,0,4,6,1,0,3,9,13,13,23,2,4,25,18,5,0,5,14,10,4,8,37,5,7,2,11,19,3,0,2,2,7,5,5,14,5,35,5,0,37,17,6,3,11,7,0,4,7,6,6,0,0,5,3,37,15,7,0,15,0,0,15,9,0,14,31,10,5,16,18,5,14,15,8,45,7,12,19,43,16,2,19,5,3,0,17,17,4,16,9,24,2,11,12,17,33,8,0,8,4,6,20,12,11,11,2,20,6,4,16,12,10,13,14,21,2,7,8,57,11,3,29,55,28,32,46,84,6,42,0,34,67,16,1,8,6,9,1,15,21,15,14,49,9,6,16,3,21,6,10,6,56,47,13,5,5,11,59,21,25,2,5,11,2,52,11,1,5,50,65,2,4,5,25,3,7,23,6,13,32,9,2,10,2,3,22,6,7,5,9,4,9,2,6,13,37,3,9,13,7,13,5,0,0,0,11,3,0,8,13,15,11,12,31,20,10,2,7,2,7,21,12,22,6,12,7,8,11,17,2,39,77,2,0,4,11,21,2,5,19,7,3,7,12,6,0,13,5,20,10,14,11,8,4,2,8,11,20,3,3,40,12,5,7,14,2,17,17,18,15,56,42,6,103,4,27,48,4,8,22,22,57,6,9,18,3,5,0,5,8,40,28,5,3,3,13,18,9,48,54,34,18,5,18,0,34,17,2,4,4,8,17,5,0,10,17,5,49,5,99,6,0,18,10,2,6,6,12,16,4,8,28,37,2,0,4,2,5,4,7,22,12,8,1,16,41,1,35,4,12,7,11,42,23,17,10,3,2,3,22,0,2,17,6,9,4,16,6,10,27,4,9,3,19,4,24,1,4,11,16,5,9,8,7,1,4,46,5,10,4,12,3,5,16,12,12,0,6,17,35,8,14,8,9,14,7,5,8,11,4,21,35,28,0,3,0,10,9,2,7,38,2,6,2,0,4,27,32,5,2,15,0,6,3,2,5,27,12,6,3,5,39,14,24,7,10,20,4,16,4,5,6,31,2,34,70,9,15,20,2,39,7,0,4,6,3,5,2,0,7,8,4,54,6,149,21,5,10,12,2,30,0,0,5,0,40,4,2,2,9,7,10,6,6,23,5,14,0,7,21,24,5,2,0,7,18,3,6,25,6,16,7,2,0,9,15,13,31,25,3,3,2,9,5,21,5,3,6,13,63,16,5,0,12,4,5,3,7,0,3,2,3,3,4,3,27,7,6,6,5,3,0,14,19,17,7,31,0,9,7,2,10,19,18,7,3,9,15,13,0,0,9,0,4,6,14,7,13,2,2,12,6,0,5,8,0,8,5,7,0,6,5,1,8,2,4,8,2,0,4,1,15,8,2,0,2,5,8,7,7,7,3,4,13,6,3,19,13,4,7,15,3,4,9,9,2,21,9,2,2,14,0,0,3,15,2,7,0,15,44,19,18,6,2,4,3,0,7,7,3,2,2,2,8,8,0,8,62,26,40,3,2,11,20,2,15
SRR24907847,cfs,0,3,0,10,2,8,4,7,0,0,0,0,3,0,1,0,0,0,0,0,7,0,0,12,1,3,6,7,8,0,0,0,1,4,0,2,14,29,0,0,0,0,20,0,0,5,7,2,19,0,4,0,4,0,0,6,13,6,3,0,1,28,0,2,0,6,5,4,7,6,6,0,4,7,21,5,1,0,0,9,6,0,0,0,8,4,1,11,0,0,0,11,16,0,5,8,3,2,15,0,22,0,0,0,2,2,0,8,20,11,2,0,0,0,0,0,9,3,1,4,1,13,4,5,1,15,0,1,2,0,2,4,1,5,9,9,0,0,8,12,0,12,13,0,19,2,2,0,0,0,0,7,11,34,0,0,3,0,2,7,11,23,0,2,0,5,0,0,0,2,3,0,3,0,2,5,6,4,2,28,4,0,3,3,0,1,2,0,3,1,0,0,0,2,2,2,21,3,3,6,0,0,4,1,5,10,0,5,25,2,8,3,0,0,8,2,0,4,38,0,0,13,2,0,3,0,5,0,8,1,14,1,3,0,5,0,0,0,2,2,13,4,0,0,4,5,20,1,2,0,2,11,6,7,5,2,0,1,72,7,0,3,36,9,0,17,9,5,6,0,8,8,4,2,4,0,0,2,12,10,7,15,35,0,5,12,0,5,5,3,9,5,1,15,8,0,12,10,0,19,0,2,6,0,22,21,0,5,4,45,3,1,0,14,1,2,6,3,4,5,0,0,6,0,2,3,0,2,6,3,0,5,2,4,10,8,0,2,0,0,0,0,1,0,0,12,2,0,3,9,9,7,2,20,19,3,0,8,4,6,0,4,7,7,13,1,9,0,0,0,9,21,3,0,3,6,4,7,15,4,1,3,7,3,5,0,10,0,8,4,1,4,0,0,3,4,0,3,0,2,7,2,0,3,0,0,6,7,8,9,22,19,4,16,0,5,0,6,4,17,9,12,6,3,6,0,0,0,4,0,16,13,0,2,1,4,5,0,7,9,19,10,0,5,9,12,0,0,2,0,0,6,3,0,13,0,0,24,0,31,4,0,11,25,5,7,0,0,25,25,7,8,0,0,0,4,8,3,3,0,6,0,0,0,23,4,0,14,2,3,4,6,11,6,34,2,18,0,7,11,0,2,5,3,2,7,3,2,0,6,0,2,22,20,8,16,0,0,2,3,0,6,13,14,1,0,14,0,0,0,0,0,0,0,2,2,0,4,16,18,9,2,9,5,3,2,3,5,3,0,14,5,0,0,0,0,12,0,1,0,20,1,0,0,0,0,6,0,0,0,0,0,3,0,3,2,7,2,14,0,4,3,2,4,4,0,0,15,0,15,0,0,13,0,4,19,0,0,3,0,13,2,0,2,0,0,0,0,6,25,6,0,14,0,39,17,6,1,9,0,14,4,5,0,2,9,1,2,0,1,2,2,3,0,3,0,0,2,4,31,5,13,1,0,2,7,2,0,3,0,0,2,3,9,0,0,0,0,7,5,0,0,2,0,9,0,3,13,8,24,4,3,0,3,5,11,5,8,0,0,0,10,4,3,0,7,0,4,0,3,3,0,24,0,0,3,8,0,3,6,0,0,7,6,10,3,5,2,0,4,0,2,0,4,4,7,0,5,2,2,12,2,0,1,0,0,4,15,5,4,0,6,2,1,0,5,0,2,0,0,2,0,4,1,0,2,3,2,4,6,0,0,2,14,4,0,2,0,0,9,0,1,0,0,9,4,0,0,1,5,7,0,3,0,7,0,4,0,0,3,0,3,0,0,1,17,3,0,0,5,0,0,0,0,3,8,7,1,26,3,4,3,6,34,0,10
SRR24907848,cfs,3,7,0,6,9,8,0,2,5,6,0,4,8,3,1,0,0,0,0,0,1,2,0,2,3,5,8,5,16,2,2,0,0,3,6,2,4,5,5,0,0,0,0,3,4,0,2,13,2,4,11,16,6,2,5,6,14,10,5,0,0,9,7,4,2,0,1,6,0,5,21,0,5,10,14,0,4,0,2,0,11,5,2,6,0,4,1,0,1,0,1,4,2,2,16,5,11,12,7,0,7,2,4,0,7,6,0,1,0,4,2,6,3,0,2,0,12,5,0,3,0,12,3,13,0,7,1,10,6,3,5,4,2,5,4,38,0,0,25,14,9,6,2,0,5,3,0,2,2,6,2,3,11,33,7,6,0,16,0,3,3,23,3,0,2,3,0,0,0,0,3,1,1,7,8,0,3,3,2,20,2,5,6,0,2,1,2,2,10,0,0,3,13,0,8,0,6,0,2,2,0,0,3,0,13,10,0,7,12,10,14,8,11,5,21,3,0,8,21,4,2,8,8,0,2,3,12,6,0,3,6,1,3,2,7,0,0,0,2,0,3,2,3,4,0,2,6,3,3,0,4,1,3,0,3,3,0,0,43,17,0,3,31,8,13,11,31,3,6,0,4,10,2,2,4,0,4,0,14,5,7,6,31,17,5,10,0,8,11,3,4,20,10,14,3,5,8,18,6,16,6,1,5,0,27,4,1,0,15,39,4,1,4,25,2,2,1,3,0,3,0,8,4,0,3,3,4,4,5,3,2,12,9,9,2,9,0,0,0,2,1,7,4,0,10,4,0,2,0,10,11,0,6,16,11,5,3,1,6,0,0,3,9,4,6,0,4,0,0,0,13,24,14,2,7,7,4,2,7,3,3,2,0,4,3,0,4,11,3,4,5,8,0,3,2,9,9,5,0,2,11,5,5,6,8,0,9,5,10,9,34,19,8,45,2,15,15,11,4,4,9,35,10,13,3,0,3,0,1,7,13,8,2,1,3,9,4,2,13,9,12,8,2,0,0,27,6,0,4,0,7,2,0,3,8,7,3,32,9,27,14,0,7,0,0,5,0,4,12,4,5,2,13,5,10,5,2,2,0,0,0,0,0,0,12,6,0,15,0,3,10,6,5,10,5,12,5,4,4,10,4,3,0,2,5,3,4,7,0,12,0,3,9,12,8,10,1,5,0,0,2,6,11,14,4,0,5,13,3,3,0,2,10,0,0,10,0,2,24,19,7,0,3,3,4,0,0,2,10,4,11,20,9,4,3,2,9,6,0,1,17,16,0,0,0,1,18,5,2,0,0,0,3,2,1,2,13,3,8,3,0,3,0,30,3,11,6,0,4,5,4,0,20,5,15,12,1,6,5,2,11,4,4,1,7,3,5,0,14,3,2,0,16,6,33,11,0,6,11,1,22,5,0,0,0,9,3,0,0,5,4,3,3,0,8,4,0,4,2,18,6,29,0,2,7,7,5,3,12,7,2,3,4,2,0,0,6,4,2,0,0,4,6,0,11,6,13,6,5,29,6,5,0,3,5,7,2,3,0,9,0,3,3,8,0,12,1,8,0,0,0,33,17,3,20,0,3,4,0,5,5,11,7,7,5,2,0,4,3,7,0,4,2,5,0,12,0,6,8,0,4,4,0,6,0,0,12,11,2,2,7,6,5,10,2,2,3,0,0,0,2,0,2,0,0,2,1,0,7,4,0,1,0,8,0,2,4,20,5,3,7,6,4,0,0,8,3,1,0,2,7,2,0,3,1,4,2,1,0,6,0,0,1,0,1,8,0,0,6,2,0,0,2,1,0,0,5,5,43,10,2,2,3,20,1,19
SRR24907857,cfs,0,149,29,16,2,12,17,70,71,112,0,6,4,7,29,7,10,0,13,67,25,1,20,12,12,22,20,26,27,5,4,0,2,14,14,0,46,192,20,0,0,3,75,7,16,2,15,7,48,6,41,14,4,0,13,95,197,43,23,0,9,80,9,22,3,0,23,0,0,0,184,3,32,26,30,19,44,0,0,125,13,18,17,0,0,34,9,0,5,16,0,22,45,22,21,57,5,40,105,8,0,5,10,10,0,18,5,15,43,33,12,2,16,10,5,8,15,33,13,128,8,150,8,25,4,46,2,5,4,5,46,17,18,17,10,173,0,24,15,98,14,10,0,0,43,2,12,16,13,39,10,20,27,34,11,10,23,68,11,35,32,118,11,2,7,4,27,13,0,7,14,6,8,22,286,19,26,15,0,151,8,17,5,54,6,4,9,11,103,11,0,0,5,0,33,30,46,11,7,30,0,17,18,0,44,26,2,26,46,18,30,7,21,7,75,73,11,25,241,15,0,43,18,0,2,11,167,0,37,14,208,15,8,21,33,9,9,13,44,5,36,25,4,0,11,0,31,10,18,13,17,5,62,15,12,0,0,4,588,38,10,19,105,29,130,51,62,10,64,13,24,38,35,3,24,7,6,1,67,62,98,32,250,0,10,84,3,31,8,16,9,69,38,95,10,3,66,111,48,62,9,8,26,2,88,57,2,34,60,87,6,0,0,76,5,7,0,16,18,72,17,3,18,3,18,32,17,26,8,0,15,23,24,5,13,184,3,9,6,15,0,22,13,0,9,23,6,7,18,42,168,2,25,51,51,16,0,29,0,11,21,40,23,16,188,10,7,8,0,42,48,74,34,10,9,7,54,0,17,92,18,10,18,8,0,0,25,0,15,30,11,35,3,13,7,18,14,21,0,20,45,16,2,2,3,3,46,20,49,44,214,87,46,48,2,26,39,21,25,13,37,94,11,24,48,0,0,0,21,5,55,73,9,14,3,7,9,0,50,16,147,17,0,20,39,87,40,5,0,0,10,0,0,0,83,20,10,85,25,156,13,0,3,13,0,2,0,11,123,136,59,25,45,16,0,47,4,0,3,18,5,4,7,0,23,41,4,81,5,110,19,60,108,58,47,20,21,22,20,65,22,4,31,10,2,18,19,8,0,19,7,9,21,99,18,127,0,2,8,7,2,14,6,64,6,9,37,4,11,3,6,2,0,2,0,105,10,6,176,112,67,33,31,44,8,4,29,30,42,0,16,115,45,20,4,2,119,10,4,13,239,1,0,14,5,15,73,29,0,0,0,0,40,2,4,2,46,6,46,15,4,24,42,21,23,0,7,35,2,40,4,31,68,0,25,75,2,12,18,11,149,23,25,5,0,11,7,0,11,3,9,5,26,0,232,102,31,20,56,0,52,17,0,14,0,47,2,0,0,11,6,4,3,20,35,17,16,2,20,51,67,208,1,7,13,15,11,17,60,26,11,10,26,15,15,4,99,5,21,15,11,0,8,5,18,31,7,32,21,35,30,50,0,146,11,10,8,68,0,4,7,18,13,23,26,42,0,3,0,20,23,34,3,5,0,27,45,10,24,31,1,84,30,15,26,21,0,0,15,23,0,16,0,9,33,173,0,18,3,0,19,7,0,62,9,0,14,34,0,16,15,15,19,0,0,6,5,0,22,21,8,9,14,17,0,0,15,14,17,5,0,11,3,56,0,24,5,0,20,0,24,32,5,3,3,4,34,8,5,3,13,0,0,6,63,0,32,11,19,25,4,23,6,17,10,37,8,0,0,10,0,0,16,83,5,0,17,26,15,129,36,2,15,96,52,16
SRR24907912,cfs,4,3,0,0,0,5,4,5,0,11,0,0,2,0,4,0,2,0,4,19,1,0,0,7,3,3,5,2,2,0,3,0,3,4,18,0,4,29,0,0,0,0,5,0,6,3,2,3,10,1,11,16,6,0,0,6,23,10,10,0,0,7,12,4,0,2,1,4,0,0,17,5,7,16,16,1,4,5,0,19,0,3,0,0,5,9,5,0,0,0,0,9,3,3,2,4,4,14,20,0,0,3,0,8,4,6,6,17,5,5,2,6,0,5,0,0,14,0,5,4,3,4,2,8,1,5,0,1,4,3,7,0,4,7,0,11,0,0,16,13,0,0,0,0,14,6,13,2,3,7,3,0,13,24,0,3,0,8,3,5,3,18,2,3,2,0,5,3,0,2,0,3,6,8,3,4,14,1,2,42,2,0,1,0,2,4,7,8,6,1,6,11,3,0,4,2,13,0,6,4,3,0,3,0,5,5,0,2,17,6,3,0,0,0,10,10,0,14,25,3,0,6,11,0,3,5,11,0,4,8,25,4,2,5,12,5,2,0,4,0,3,0,0,0,0,0,0,2,6,0,9,4,14,0,0,0,0,0,43,8,6,0,19,14,32,27,22,5,19,0,5,10,6,0,0,0,10,0,22,43,1,6,40,0,1,7,0,10,0,8,1,4,6,18,0,0,9,17,6,24,2,4,10,0,26,23,1,5,15,25,3,0,0,17,4,0,4,0,8,16,6,4,5,5,8,12,34,8,8,0,0,7,10,8,7,18,2,0,0,3,0,7,5,0,0,9,0,9,2,3,14,26,9,11,19,8,0,2,0,0,7,3,13,6,20,1,4,0,7,18,16,25,0,0,9,18,5,0,5,8,4,20,3,6,3,0,9,0,0,12,1,9,0,9,5,12,6,3,2,1,9,3,2,0,2,2,10,11,13,9,36,31,11,75,0,6,9,0,5,1,7,25,2,1,12,0,0,0,5,5,19,16,5,1,2,4,4,5,13,4,21,12,0,3,0,28,5,11,0,0,2,4,0,0,9,3,0,28,3,37,2,0,4,5,0,7,0,4,23,2,4,8,11,0,4,9,0,0,0,0,1,5,13,6,4,2,0,19,0,5,5,11,19,27,7,3,5,4,0,8,6,0,2,9,3,3,6,2,0,7,11,4,0,23,0,17,0,2,2,5,0,9,4,7,1,0,12,0,2,0,0,3,0,2,0,16,3,2,3,5,18,0,8,4,5,2,0,9,3,2,0,20,16,7,0,0,18,11,0,6,16,0,5,0,0,3,19,13,8,0,0,0,0,0,2,0,10,4,3,7,0,0,0,9,2,0,7,4,2,8,0,6,12,0,11,15,4,5,9,0,11,4,0,0,0,0,9,0,0,0,0,0,24,3,70,8,4,1,5,0,7,0,0,0,6,18,0,0,0,0,1,2,1,9,0,3,2,4,7,3,6,9,0,2,1,12,0,4,15,0,2,3,1,5,0,0,10,1,10,2,4,2,0,0,4,6,7,6,8,26,1,6,5,8,1,11,0,0,0,0,0,2,6,9,3,12,0,9,0,6,0,0,6,5,5,20,10,0,0,10,0,7,16,12,8,16,2,0,0,4,6,6,0,0,3,30,0,8,3,0,15,0,0,11,3,0,10,0,0,0,6,13,5,3,0,14,0,0,0,0,4,3,4,8,0,0,0,2,8,0,5,5,0,12,0,0,0,0,2,6,13,3,0,0,0,2,2,0,0,2,8,0,0,5,2,7,12,0,2,12,0,3,1,3,0,2,10,3,0,0,0,2,2,6,3,0,4,2,30,16,7,0,0,16,1,7
SRR24907926,cfs,3,9,0,3,10,31,8,33,7,0,0,3,4,0,6,12,0,0,0,0,3,2,4,3,7,11,9,5,13,0,8,0,0,5,14,0,30,36,0,8,0,3,24,0,2,3,5,25,25,6,24,11,37,0,4,4,21,39,5,5,6,7,18,6,0,7,4,8,2,0,48,2,2,22,12,3,14,3,0,28,3,3,9,5,0,13,1,7,4,5,2,11,3,27,10,10,9,0,24,0,8,0,0,0,27,5,0,9,18,3,4,4,0,0,0,3,29,16,7,12,0,23,4,8,2,5,0,10,3,0,5,7,5,8,13,8,0,0,15,43,7,0,17,0,14,0,9,0,0,4,0,1,40,59,0,2,6,5,5,16,27,49,0,0,2,12,12,12,0,9,0,16,9,10,10,0,12,5,2,32,0,5,3,4,3,0,17,5,5,4,3,0,5,2,3,9,16,0,2,9,0,0,0,2,11,8,1,11,22,5,0,5,24,2,26,37,3,27,54,5,0,10,5,0,0,4,8,0,36,4,23,4,2,13,7,5,0,0,7,0,9,3,0,0,9,2,18,9,10,0,15,5,9,0,0,3,2,0,85,32,0,15,91,14,25,13,33,12,9,4,13,12,5,0,20,2,4,0,22,34,6,33,141,3,27,50,0,0,20,13,28,22,17,48,5,0,17,13,14,41,0,7,2,0,23,9,4,4,21,62,5,0,0,10,0,3,17,16,8,14,5,0,7,0,0,3,0,13,9,6,2,7,6,14,3,38,4,3,0,2,0,17,5,0,4,5,0,0,3,2,28,0,11,22,5,3,5,5,0,9,15,7,12,3,36,4,0,0,19,6,23,41,21,0,3,6,27,7,3,13,0,2,11,12,0,0,13,7,0,4,5,9,0,17,4,5,7,12,1,5,32,7,17,12,7,0,9,13,41,16,52,41,5,54,0,8,15,4,3,5,25,36,6,12,10,0,0,0,6,8,24,6,2,2,3,5,6,3,22,40,48,0,8,6,22,51,3,5,5,0,5,12,0,3,24,6,0,38,10,64,4,3,6,7,4,17,2,13,11,32,23,25,8,9,0,2,2,2,0,2,6,6,6,1,19,21,0,27,8,9,13,8,26,21,33,8,5,2,4,17,4,3,13,4,0,14,3,6,0,14,0,8,6,24,26,44,1,3,2,3,0,4,18,4,3,4,23,9,3,0,2,2,0,0,3,6,1,11,13,36,21,0,0,15,1,7,1,9,16,4,22,66,25,5,0,2,16,2,0,1,72,6,2,0,0,3,9,7,7,0,0,0,6,0,6,1,24,9,7,3,0,10,3,5,11,3,6,2,0,17,0,2,29,4,15,37,0,2,4,0,27,3,9,0,4,0,6,0,2,0,10,0,34,0,90,15,5,14,43,0,8,4,0,6,8,32,2,2,0,7,4,3,2,10,0,5,2,0,5,12,17,18,0,0,8,11,2,3,29,4,3,2,3,6,7,0,8,1,10,0,0,18,6,0,20,4,17,4,6,50,12,11,0,15,2,18,4,5,2,2,4,10,14,17,0,16,0,5,0,0,0,4,22,2,0,4,46,0,19,24,0,7,5,17,17,0,2,10,3,9,0,8,0,3,6,41,17,3,0,0,21,2,0,6,3,0,23,22,0,5,7,8,9,31,0,12,3,0,0,0,1,0,9,4,0,0,1,2,2,16,0,2,0,32,0,12,3,0,0,8,16,1,5,2,3,5,8,8,1,2,18,0,0,2,5,3,14,0,0,6,6,11,2,0,0,16,2,0,0,9,0,0,0,5,4,0,4,7,48,27,6,3,8,17,3,89
SRR24907934,cfs,6,3,6,2,0,25,5,12,0,18,6,6,10,6,5,3,1,3,4,7,2,2,5,2,8,31,9,6,5,3,6,1,1,2,13,0,19,50,3,3,2,0,12,0,1,6,6,26,22,4,16,10,4,0,2,7,30,21,13,3,6,23,13,4,0,2,8,0,0,2,39,2,4,17,16,5,5,3,3,9,5,4,6,4,0,17,6,0,0,3,1,18,6,8,6,23,3,16,21,0,31,0,4,5,40,13,0,10,6,8,0,2,22,6,0,5,19,7,2,28,0,27,5,3,1,11,3,10,2,0,8,4,6,10,13,37,7,0,36,52,3,0,12,0,16,6,4,3,0,6,4,1,16,61,0,3,2,29,8,7,7,52,2,4,3,9,4,3,0,4,0,14,4,9,20,5,20,8,0,54,3,4,4,0,2,3,6,8,17,0,0,7,3,0,24,8,9,0,7,4,0,0,3,0,20,18,4,15,29,15,8,0,11,0,33,11,0,4,59,18,1,16,6,8,3,2,7,0,6,3,28,1,6,7,4,5,2,3,4,2,3,12,7,3,6,11,26,8,6,8,30,5,18,9,13,2,2,2,90,20,10,9,57,20,32,35,31,14,6,9,21,17,9,1,13,0,11,1,21,25,20,48,52,3,19,27,11,6,20,6,12,11,17,28,6,7,12,38,10,32,5,6,7,3,25,13,2,3,36,67,7,2,6,23,6,11,25,4,21,19,4,4,3,0,6,10,10,4,5,0,0,10,10,14,0,25,5,6,0,3,0,6,4,0,7,7,2,11,0,6,31,6,14,27,12,11,5,9,17,4,43,4,17,3,16,5,12,2,0,9,17,63,4,2,19,9,22,2,13,19,8,14,28,12,2,4,8,11,8,11,5,21,3,4,3,19,14,35,2,6,27,4,20,3,15,4,8,16,19,19,55,37,15,95,0,11,41,9,7,11,22,18,20,4,9,0,0,0,7,5,20,18,5,4,0,18,8,7,11,58,60,23,3,7,5,49,7,5,8,0,6,7,3,3,34,8,2,21,8,85,8,2,12,3,0,8,7,10,24,10,24,14,12,14,3,7,0,0,1,3,37,7,6,6,11,23,0,32,10,16,7,15,21,16,34,3,16,0,2,11,4,0,7,8,3,10,3,3,3,20,11,0,2,36,15,26,0,10,0,5,2,2,11,10,2,7,21,7,7,2,5,0,0,3,4,7,4,9,14,80,15,2,11,13,6,3,3,4,32,3,36,36,20,4,0,5,23,14,0,4,52,9,7,0,0,5,16,9,3,0,2,0,4,0,3,2,21,12,2,8,0,27,4,12,6,2,3,0,0,8,7,4,22,7,21,25,5,5,10,0,43,6,0,6,4,7,9,0,2,11,8,0,51,3,128,19,6,5,15,0,22,1,0,2,0,35,6,1,0,7,4,4,2,7,0,0,2,0,7,23,2,35,1,5,11,13,8,3,47,4,2,2,19,7,3,6,15,15,16,0,2,29,3,0,10,3,18,4,11,39,20,14,5,19,5,6,0,24,0,0,4,14,20,22,3,15,0,15,2,6,3,0,36,2,6,10,95,12,6,21,0,16,7,6,24,0,2,0,9,4,2,3,0,6,5,35,17,4,9,0,35,1,0,8,3,0,15,15,4,6,9,9,1,42,0,15,1,8,0,0,2,2,6,7,0,3,6,4,12,12,3,2,7,12,2,3,6,3,14,4,5,4,5,3,9,9,5,8,14,0,15,3,2,11,25,13,10,8,5,9,7,4,1,3,4,12,8,2,0,0,2,2,4,2,4,4,4,5,38,25,10,3,8,24,3,85
SRR24907935,cfs,2,4,4,2,0,20,0,6,9,4,0,0,0,2,0,0,0,0,0,0,4,0,0,5,5,37,12,13,16,0,2,0,1,0,11,0,22,29,5,6,0,0,35,2,0,0,2,3,30,5,13,19,28,0,0,5,24,11,2,0,0,7,13,1,2,2,9,0,0,2,6,2,11,9,12,0,0,0,0,0,0,2,0,0,0,4,0,0,0,0,0,23,8,8,6,20,3,13,13,0,12,0,0,0,45,3,2,16,0,4,3,0,0,0,6,0,20,3,0,8,0,48,8,0,2,11,0,2,3,4,0,3,1,9,0,24,2,0,11,32,3,2,3,1,19,0,0,0,0,3,5,3,7,67,0,0,4,0,15,3,4,23,2,4,0,10,2,3,0,2,3,14,0,0,23,0,4,3,12,21,0,1,2,4,5,6,4,0,9,0,0,0,0,3,2,6,11,3,0,4,0,0,3,0,7,4,0,12,55,4,9,3,3,0,6,16,7,14,61,37,0,2,10,0,2,0,8,0,0,0,23,0,2,2,8,0,2,4,0,0,9,4,2,0,3,6,5,1,7,4,25,10,15,7,7,7,0,0,104,0,0,3,45,16,32,4,13,5,6,7,8,12,4,1,4,0,8,2,19,33,11,42,67,0,22,31,0,11,19,12,15,8,2,48,2,2,16,14,2,4,8,0,0,0,6,16,0,0,9,65,7,0,5,35,0,15,4,4,4,11,3,5,3,0,3,0,6,0,19,0,0,4,4,16,0,14,0,6,0,0,0,6,2,0,4,0,0,0,5,8,23,10,4,7,5,7,0,0,2,0,6,2,6,0,19,1,18,0,0,0,13,13,10,2,0,13,12,4,2,4,1,11,0,7,0,4,11,0,5,2,0,1,0,2,3,0,3,0,0,1,14,0,17,1,2,3,3,8,5,11,10,16,8,23,2,5,5,11,2,8,9,10,17,4,5,0,0,0,2,0,2,11,2,0,0,4,7,0,4,26,54,7,2,3,0,8,4,0,3,0,5,0,0,9,19,0,4,7,0,12,2,2,0,5,0,3,0,0,22,11,35,7,4,0,3,8,1,2,1,0,5,0,5,4,18,5,3,13,2,9,10,4,15,65,10,4,5,3,4,0,4,2,0,1,2,0,0,5,12,5,0,2,5,15,21,35,0,8,2,7,0,0,29,3,1,4,10,0,0,4,0,0,0,2,0,28,1,3,19,23,13,0,7,0,8,5,0,1,13,0,41,29,3,2,6,4,26,4,0,11,66,10,2,0,0,1,9,9,2,0,0,0,5,0,1,0,5,10,15,0,0,16,6,16,3,0,0,9,0,10,11,0,12,7,5,8,1,0,0,0,40,2,6,0,0,0,2,0,2,5,9,0,7,0,52,21,4,0,19,2,5,0,2,0,0,7,0,1,0,2,2,0,7,4,0,0,0,2,14,15,5,67,0,2,2,0,3,2,0,0,0,3,1,5,25,0,9,0,0,0,0,34,0,0,0,3,0,7,8,29,5,10,0,21,0,10,0,7,0,0,0,0,22,6,3,8,0,4,0,0,3,7,85,0,0,2,6,3,0,11,0,10,7,1,27,3,2,0,0,6,0,6,0,5,2,28,0,3,0,0,32,0,0,7,5,0,0,6,0,3,2,7,4,45,2,0,0,3,0,0,0,2,8,0,2,4,1,3,0,30,0,0,0,8,0,0,0,0,0,15,0,6,0,3,0,0,0,5,1,2,24,3,0,0,4,0,6,4,5,3,4,4,1,0,1,29,2,0,0,2,0,0,2,10,2,0,3,4,67,6,15,6,0,7,3,78
SRR24907936,cfs,8,13,0,10,0,55,6,27,10,22,3,0,6,4,7,7,3,11,5,8,11,7,3,11,16,24,31,20,15,4,0,0,8,11,22,6,84,57,14,0,0,0,31,2,5,13,17,5,60,5,36,55,57,0,5,17,83,36,10,5,8,9,14,15,8,20,19,31,0,2,73,4,21,44,34,17,11,8,6,18,22,2,6,0,0,25,12,0,0,9,0,46,16,16,9,83,10,38,29,6,55,0,0,8,150,10,5,17,0,9,3,2,6,31,9,8,40,13,2,41,0,127,7,12,0,18,0,5,3,7,6,8,5,16,9,19,9,8,36,69,18,5,15,0,14,4,9,0,4,4,17,7,31,234,4,5,10,22,16,18,15,61,2,10,0,32,8,2,0,5,0,77,6,19,54,6,37,3,28,78,3,4,8,13,4,8,19,6,28,3,2,5,5,0,13,26,12,0,13,17,4,23,12,3,18,12,0,31,103,16,33,20,9,2,33,36,0,54,135,30,2,32,24,2,3,17,27,4,11,13,51,5,9,22,23,9,18,5,9,0,13,8,6,9,14,8,22,6,28,11,55,9,13,15,12,10,4,2,184,21,2,17,177,39,41,51,59,10,31,4,20,33,24,3,26,11,14,0,90,26,21,112,181,0,56,99,0,32,70,25,32,29,20,112,5,15,70,29,7,44,10,1,15,0,47,45,4,3,69,219,3,0,5,52,3,11,7,8,4,17,19,0,16,1,4,23,41,7,14,3,0,10,16,40,8,64,3,14,0,6,3,10,6,0,4,16,7,21,11,16,76,28,12,64,14,21,0,3,10,11,19,25,37,7,87,2,26,0,0,5,21,70,25,11,26,42,28,9,14,31,10,10,9,28,15,8,10,13,22,8,7,18,3,7,3,9,9,8,0,5,51,5,58,5,0,6,23,14,64,47,89,107,24,111,4,39,29,29,9,49,45,26,42,13,19,2,3,0,9,0,35,32,7,3,9,6,11,3,30,52,144,8,8,26,11,94,8,0,7,0,21,6,0,0,74,3,8,98,13,108,4,3,8,13,8,20,2,10,41,45,60,10,19,8,14,23,6,0,0,5,7,3,4,4,17,27,4,23,2,40,19,13,42,44,43,8,27,3,5,26,4,2,19,10,0,9,14,35,0,11,4,11,20,47,15,50,2,11,2,5,10,6,76,6,3,15,33,4,0,0,3,3,0,5,10,26,2,9,61,187,52,8,30,14,7,7,5,14,37,0,122,77,36,8,2,6,40,7,0,2,90,13,2,0,15,10,52,15,28,0,0,0,10,0,2,2,39,32,16,3,10,15,3,25,6,0,7,16,0,16,0,8,45,58,33,45,0,0,22,0,133,9,7,1,2,0,14,4,7,9,10,0,29,0,185,43,10,0,62,2,39,5,0,4,0,28,2,2,0,15,8,4,5,6,7,8,5,17,10,30,15,49,0,0,7,9,6,6,44,14,2,7,18,24,6,3,32,12,10,2,6,108,3,5,7,10,3,23,32,37,16,54,0,25,10,37,4,8,4,0,0,3,66,45,15,26,0,7,8,0,13,0,77,16,0,17,8,3,0,51,4,35,25,12,72,3,7,23,0,12,2,16,0,8,10,42,5,11,2,6,102,7,0,15,0,0,6,37,9,7,8,29,11,105,0,2,0,5,9,12,2,0,12,11,0,2,7,16,9,24,21,2,0,11,0,9,5,0,9,61,14,14,9,0,7,0,5,6,4,4,23,5,7,2,18,0,37,1,6,10,4,9,0,9,4,29,6,5,0,2,0,3,2,25,2,0,3,11,72,43,19,4,10,36,4,253
SRR24907940,cfs,2,16,0,2,0,9,45,15,0,0,0,3,0,0,2,0,0,0,0,3,3,2,4,5,3,11,0,8,7,2,0,0,0,2,0,0,9,16,5,0,0,0,17,2,0,3,4,3,18,0,11,12,7,0,0,6,23,4,0,0,2,4,0,0,0,0,4,0,0,0,99,2,2,6,3,0,5,0,0,4,0,0,0,0,0,2,0,0,0,0,0,15,6,2,0,14,3,2,9,4,0,0,0,0,14,4,1,7,0,3,0,2,0,0,0,0,5,3,1,18,0,24,3,4,3,5,0,2,0,0,0,25,2,0,3,34,0,0,3,19,0,0,0,0,10,0,3,2,2,0,3,0,1,21,5,0,2,0,9,0,4,75,2,0,3,3,0,0,0,0,2,9,9,0,28,0,8,1,0,21,2,0,4,13,0,0,38,0,8,0,0,0,0,0,2,0,6,0,0,3,0,0,0,0,0,4,1,4,22,0,0,0,7,0,4,16,3,15,35,8,0,0,3,0,2,2,5,0,0,1,23,0,0,3,0,0,0,0,0,2,7,2,0,0,30,3,3,3,5,0,22,8,6,4,0,2,0,2,73,5,0,3,16,6,22,3,6,2,4,4,3,8,5,1,4,0,4,0,15,13,11,20,29,0,7,14,0,3,13,6,8,5,2,13,3,0,12,5,0,12,0,1,2,0,5,13,0,0,10,18,5,0,0,15,0,4,2,0,0,4,0,0,0,0,2,0,0,0,9,0,0,0,2,2,0,14,2,2,0,0,0,0,1,0,6,3,0,0,0,0,0,0,1,11,4,7,0,31,0,0,2,7,5,2,9,0,3,5,0,2,2,12,3,0,0,15,3,0,0,6,1,2,2,1,3,0,2,0,2,0,0,3,0,2,2,3,3,3,0,1,5,0,10,1,0,1,10,4,5,12,5,13,7,9,2,0,3,6,6,0,8,22,5,10,4,0,0,2,4,0,7,12,3,0,0,4,3,0,6,14,34,0,0,0,4,5,0,2,2,0,3,2,0,0,13,0,0,18,0,19,7,0,0,2,0,2,0,5,10,8,26,7,20,0,0,7,0,0,1,0,1,3,2,3,8,7,2,13,0,8,1,4,9,36,8,0,10,0,0,2,0,0,0,0,2,2,3,1,3,3,0,0,2,10,6,42,0,4,2,3,0,0,7,0,0,0,7,2,0,2,0,0,0,0,3,2,1,0,20,40,5,0,7,0,3,3,1,3,0,0,14,5,3,0,6,2,33,0,0,1,29,8,0,2,0,0,3,0,1,0,0,0,0,0,0,0,4,2,7,0,0,0,2,4,2,0,0,0,0,7,2,4,11,5,1,4,5,2,1,0,31,1,4,0,0,0,2,0,0,6,5,0,7,0,16,13,2,1,13,0,4,0,0,0,0,2,0,0,0,2,1,0,1,2,0,0,0,0,7,6,4,47,1,0,0,2,0,2,0,0,0,0,1,2,1,0,6,0,0,0,0,19,0,2,0,2,0,7,1,19,3,21,0,7,0,0,0,0,0,0,0,0,9,4,2,3,0,0,0,0,0,0,26,0,0,2,6,3,0,8,0,7,1,2,11,0,2,2,0,2,0,0,0,0,7,20,0,0,0,0,7,0,0,5,0,0,0,0,0,3,0,33,2,13,4,4,0,0,0,0,0,0,6,0,0,3,0,2,0,4,0,0,1,0,0,2,1,0,2,0,4,3,0,0,2,0,2,0,0,0,7,0,0,0,5,2,0,0,3,3,0,5,0,0,2,11,2,0,0,0,0,0,2,3,3,0,3,0,36,7,6,0,0,10,1,36
SRR24907986,cfs,0,0,0,0,0,6,0,13,5,0,0,0,0,0,1,0,0,0,0,0,5,0,0,13,1,0,0,18,7,0,5,0,0,2,24,0,2,13,0,0,0,0,18,0,3,11,3,0,24,0,10,10,4,0,0,7,5,0,0,0,4,0,0,0,0,0,0,0,0,0,10,0,10,5,3,1,2,0,0,13,0,0,0,0,0,1,0,0,0,0,0,5,7,5,0,9,0,6,18,0,0,0,3,0,6,0,0,7,8,6,0,0,0,0,5,0,4,0,0,5,0,11,9,2,2,4,0,0,0,0,0,8,0,4,8,1,0,0,0,5,0,0,18,0,28,0,5,0,0,4,0,2,2,15,0,0,2,5,30,3,11,16,0,0,1,2,0,0,0,0,0,4,0,0,15,0,11,3,6,39,0,0,7,5,5,0,0,0,8,0,0,0,0,2,0,4,4,0,0,4,0,0,0,0,3,2,0,12,15,2,0,0,0,0,0,12,0,0,16,0,0,2,6,0,0,3,4,0,0,3,15,0,0,3,0,0,0,0,3,0,15,4,0,0,0,10,0,0,0,0,9,3,8,0,0,5,0,0,56,7,0,0,23,8,25,6,4,3,0,0,2,22,0,0,0,0,0,0,13,19,2,11,23,0,9,12,0,0,0,3,5,0,0,21,0,0,10,0,0,3,0,0,0,0,7,23,0,2,8,16,0,0,0,20,0,6,0,0,0,11,0,0,0,0,2,3,0,0,12,4,0,0,0,0,0,23,0,0,0,0,0,0,0,0,0,3,0,0,2,4,13,5,0,18,0,5,0,0,0,3,0,2,3,0,15,0,0,0,0,0,0,6,5,0,0,3,0,0,0,8,0,4,0,0,11,0,11,0,13,0,0,1,0,0,5,0,0,0,0,0,2,2,0,0,0,0,21,0,6,5,13,9,7,5,0,0,0,4,0,1,6,0,0,0,2,0,0,0,2,5,9,13,3,0,0,0,0,0,6,4,24,10,0,0,0,10,0,0,0,0,0,0,0,0,7,0,0,3,0,12,9,0,0,2,0,0,0,3,18,4,9,2,0,0,0,17,0,0,0,0,0,2,0,1,11,0,0,19,0,3,3,9,4,12,5,2,8,0,0,7,0,1,2,0,0,0,0,1,0,0,0,0,0,9,10,28,0,2,0,0,0,2,11,3,0,0,2,12,0,0,0,0,0,0,7,1,0,0,6,14,24,0,19,0,0,0,2,1,3,0,11,28,7,0,3,2,14,0,0,0,19,4,0,0,0,1,0,0,2,0,0,0,5,0,5,0,3,2,7,0,3,3,0,0,0,0,0,11,0,6,2,4,8,10,2,4,1,6,2,0,17,1,0,2,0,0,0,0,0,9,17,0,2,0,18,4,15,0,8,0,0,0,0,3,0,19,0,0,0,2,1,2,0,0,0,3,0,0,16,0,0,22,0,0,2,0,1,0,4,0,0,9,5,2,0,0,5,0,0,0,5,11,0,0,7,0,0,11,1,9,0,2,0,2,1,4,0,0,0,0,0,0,8,4,5,3,0,1,0,0,0,0,46,0,0,2,0,3,0,4,0,2,5,0,4,0,0,0,0,0,0,0,0,10,0,3,0,0,0,0,20,0,0,1,0,0,2,0,0,5,0,4,0,11,0,2,0,0,2,0,0,0,10,0,0,0,0,3,0,14,0,0,4,0,0,0,0,0,5,5,0,2,3,0,0,0,0,0,0,0,17,0,0,0,12,0,2,4,0,0,0,0,0,0,0,8,0,0,0,0,0,0,0,2,0,0,0,0,34,0,12,0,0,13,0,17
SRR24907998,cfs,4,18,0,6,12,26,9,52,8,13,0,8,7,4,8,0,6,0,14,31,9,6,0,8,11,55,11,19,44,8,6,0,8,12,16,2,20,118,0,0,0,2,76,18,9,11,8,12,76,6,73,29,18,50,11,29,141,36,9,14,20,33,33,8,3,3,16,0,4,0,71,3,6,70,40,9,21,2,4,40,6,4,5,7,13,24,8,19,0,2,4,73,31,9,29,19,10,21,53,3,9,6,11,2,38,4,2,63,75,15,0,5,8,10,7,4,59,9,1,157,3,28,16,12,2,32,3,30,3,2,12,11,10,29,26,35,0,2,54,90,14,2,18,3,90,8,11,0,10,13,7,2,117,356,9,5,12,47,39,24,19,60,4,5,2,7,5,8,0,9,9,12,10,6,53,7,34,11,4,185,5,6,16,4,17,0,11,5,22,2,0,5,3,3,30,20,15,5,19,27,5,0,10,3,12,20,8,45,41,24,6,29,5,9,93,40,0,69,143,22,3,20,0,0,7,16,70,2,31,3,150,3,29,20,12,18,5,0,12,6,17,10,3,0,0,30,22,23,34,8,62,10,72,0,12,4,3,5,319,13,8,21,92,29,144,57,50,14,29,20,11,44,20,0,10,7,42,6,94,272,18,39,125,13,16,58,14,14,15,25,10,32,19,103,8,0,37,73,19,48,6,7,14,4,45,32,4,10,95,135,5,2,0,64,2,19,8,10,14,24,12,0,29,6,5,30,51,26,29,3,0,20,7,27,8,90,4,5,0,16,0,15,13,0,2,19,11,4,6,12,168,38,8,87,11,30,3,14,2,21,11,16,41,4,44,3,14,3,6,72,46,113,5,4,9,65,20,2,10,35,7,15,2,10,20,10,10,14,15,18,8,12,4,8,12,50,13,84,0,9,21,13,27,8,10,11,55,18,55,47,144,135,63,223,10,71,26,29,19,3,43,73,16,34,33,3,0,0,15,24,58,93,5,6,6,26,19,14,47,37,92,23,2,16,5,153,3,6,2,31,9,4,11,8,50,8,11,134,3,198,14,4,13,14,2,28,10,11,41,33,22,28,19,8,3,41,0,2,0,0,5,2,17,9,45,21,4,104,12,32,28,62,85,67,35,18,22,5,7,67,14,0,35,10,11,10,10,8,0,13,4,3,8,112,31,79,0,17,2,0,4,17,40,14,5,4,30,9,2,11,6,3,0,3,13,8,5,13,78,53,51,2,32,21,8,4,10,16,29,15,28,78,36,14,8,7,79,4,3,12,135,12,14,2,7,5,56,0,44,0,12,0,14,0,4,2,27,5,18,18,17,11,2,21,16,3,0,12,20,30,7,5,30,7,38,100,3,6,26,3,60,6,4,4,4,0,11,7,5,20,20,14,48,16,199,64,25,11,74,0,22,7,0,4,2,70,4,4,2,8,9,3,8,11,0,10,2,5,16,42,53,43,0,0,13,29,4,4,25,11,4,16,24,23,7,3,36,10,25,2,5,13,0,0,81,13,14,18,21,346,11,22,0,56,6,23,7,6,14,0,4,14,22,26,17,45,5,31,3,24,0,20,60,5,9,15,83,3,14,40,3,38,27,16,29,8,5,0,6,2,0,11,0,9,7,117,33,6,18,9,10,13,0,51,5,0,14,20,3,15,2,21,20,100,0,23,29,0,10,4,7,0,18,16,2,3,0,5,12,38,5,4,0,32,6,13,3,7,6,11,59,20,15,4,0,15,26,2,6,9,54,5,3,2,21,7,27,12,4,59,12,10,0,4,5,25,0,5,0,3,0,3,0,14,3,0,19,17,108,81,26,2,10,81,12,77
SRR24908003,cfs,0,16,0,0,0,31,0,19,0,0,0,0,0,0,2,0,0,0,0,3,4,0,2,9,8,0,3,24,10,2,0,0,1,1,7,0,46,17,3,0,0,0,41,0,3,8,0,0,44,0,16,36,46,0,0,10,22,9,0,0,3,4,13,3,0,0,12,0,0,0,13,0,12,1,12,3,0,0,0,0,0,2,0,0,0,3,2,0,0,0,0,24,8,19,2,32,0,0,15,7,0,0,0,0,67,0,1,11,0,9,0,0,0,6,4,0,6,0,0,0,0,32,10,0,0,11,0,0,0,0,0,0,2,5,14,22,0,4,6,31,3,0,0,0,18,0,0,0,0,0,0,0,13,23,0,0,4,0,30,9,1,30,2,0,0,15,5,0,0,2,0,29,0,0,18,2,29,1,21,36,2,0,13,0,0,3,0,0,5,0,0,0,9,2,0,0,15,2,2,8,0,0,5,0,6,4,0,14,36,2,0,0,0,4,0,17,0,10,55,11,0,19,2,0,3,2,8,0,0,0,18,15,0,2,6,0,2,2,0,0,14,4,0,3,4,12,3,2,7,0,12,9,7,4,3,5,0,0,112,15,0,5,84,4,19,4,16,4,11,0,3,20,5,4,4,0,4,0,47,18,8,66,78,0,19,37,0,0,24,5,18,0,4,50,5,0,21,10,0,8,0,0,3,0,4,19,0,4,0,69,0,0,0,12,0,10,0,0,3,0,0,0,0,0,2,0,5,3,16,5,2,3,3,13,6,29,3,0,0,0,0,5,10,0,2,3,2,0,3,5,7,2,12,14,0,8,2,2,0,0,5,0,0,3,43,3,0,0,0,0,8,15,21,0,0,18,6,0,0,3,0,5,5,2,26,0,8,0,13,3,0,8,0,4,0,0,0,0,0,2,6,0,17,3,0,2,10,3,22,15,31,30,3,10,3,0,9,19,0,0,20,8,17,6,2,0,0,0,3,0,5,16,2,0,0,3,2,0,8,22,96,13,0,0,13,37,3,0,4,0,0,0,0,0,36,0,0,23,0,20,2,0,0,2,0,13,3,2,15,10,27,5,10,3,0,8,0,0,3,0,0,0,0,5,4,11,0,18,0,18,5,9,10,21,6,3,19,3,0,4,0,0,0,1,0,2,3,7,8,5,0,0,0,19,24,50,0,4,2,0,0,0,34,0,2,0,8,2,0,2,0,0,0,0,17,9,2,0,25,92,15,0,18,5,2,2,0,3,15,0,91,31,8,0,4,0,24,0,0,3,59,6,0,0,0,0,8,12,0,0,0,0,0,0,0,0,10,0,22,0,0,4,3,0,7,0,0,4,0,16,0,5,7,20,2,5,0,2,7,0,67,3,18,0,2,0,0,0,0,17,1,0,0,4,53,18,10,5,45,0,0,0,0,0,0,9,0,0,0,0,0,0,3,0,0,2,2,0,23,2,0,18,1,0,3,0,1,0,4,0,3,3,16,2,2,0,10,0,3,0,0,30,4,0,0,3,6,13,9,54,3,15,0,16,2,0,0,7,0,0,0,3,37,24,0,8,0,7,0,7,3,0,73,0,0,8,0,3,5,27,0,12,5,2,52,0,2,0,0,0,0,11,0,6,0,8,5,3,0,0,47,0,0,5,0,0,5,0,0,3,0,1,3,56,0,0,0,0,0,0,1,0,8,0,0,0,0,2,2,15,0,0,0,9,0,0,2,0,0,0,7,8,0,0,2,4,0,0,1,0,24,0,0,0,20,0,0,1,2,3,3,0,4,0,2,11,0,0,0,0,0,0,0,4,12,0,3,0,80,8,8,5,0,14,3,130
SRR24908017,cfs,15,10,12,20,6,62,13,92,14,14,5,28,25,5,39,7,9,2,3,26,13,8,60,56,29,49,63,88,57,3,14,0,14,26,69,0,146,175,23,0,0,9,117,11,27,64,21,48,101,5,99,22,102,4,8,68,192,39,32,0,27,64,69,65,0,23,25,4,12,8,337,5,47,124,119,50,69,2,0,146,20,15,16,0,0,85,37,7,3,6,6,61,64,61,37,99,60,34,199,14,34,16,14,16,197,61,9,49,19,27,11,7,0,32,15,75,70,59,3,110,3,151,30,54,9,46,0,23,18,6,59,12,50,54,50,44,9,16,68,197,33,0,75,0,118,30,75,16,5,49,14,8,17,424,12,11,21,48,62,32,21,220,10,26,34,33,71,15,0,13,10,102,36,13,107,20,108,17,72,310,11,15,41,20,14,8,41,26,78,11,0,5,27,8,44,24,67,9,10,17,4,32,24,4,58,60,4,60,145,67,22,31,59,7,74,99,8,60,213,46,6,95,19,9,6,68,70,9,27,64,185,40,0,65,30,60,22,10,45,8,42,32,3,10,3,56,66,62,44,9,54,30,69,39,43,16,14,2,461,75,3,30,319,106,206,169,231,43,51,16,94,79,53,6,53,9,17,8,153,184,59,188,330,6,65,130,0,133,49,76,56,55,117,188,17,4,100,118,59,213,21,11,22,9,165,76,10,10,142,363,6,5,0,106,12,13,42,11,48,78,26,6,22,21,25,72,47,60,67,41,10,50,29,46,29,238,32,33,3,27,6,31,42,4,13,51,15,4,23,12,129,57,62,196,32,25,17,35,11,44,114,41,73,65,88,14,19,3,17,60,143,252,37,16,41,72,145,7,17,98,21,35,92,50,37,0,86,6,70,36,3,63,4,58,14,32,33,117,3,32,152,8,55,28,0,13,92,82,123,108,260,175,53,273,18,33,95,52,7,19,106,151,58,33,68,0,2,0,46,31,138,132,15,5,12,24,59,9,109,124,235,89,2,40,32,200,52,23,22,0,17,27,2,8,97,0,29,163,5,282,22,5,20,41,10,60,11,57,80,63,97,101,86,46,12,53,6,0,1,24,55,22,56,9,56,207,19,150,5,41,31,40,152,113,196,22,69,11,12,10,14,9,107,25,10,36,26,27,0,110,28,9,6,154,54,163,4,18,25,7,5,27,97,57,15,11,163,19,15,14,25,5,0,16,28,64,6,11,122,251,104,18,62,30,14,3,52,49,56,0,240,270,98,59,0,12,108,46,0,8,236,48,21,6,0,11,105,60,11,0,0,3,47,0,17,8,72,14,61,4,10,34,25,25,35,0,25,29,15,53,3,18,115,72,82,108,6,20,37,3,271,29,134,28,2,12,20,10,12,35,57,17,202,6,523,90,48,43,139,6,12,8,2,17,3,121,15,7,0,12,13,15,22,35,10,30,9,20,62,78,122,84,2,16,13,48,8,5,77,13,37,23,22,33,23,20,79,54,57,4,21,94,8,9,51,36,118,41,93,218,115,56,6,45,42,40,11,45,0,0,0,42,66,113,10,67,0,53,26,30,14,10,302,69,7,74,95,28,25,75,11,61,41,24,154,38,26,15,10,32,0,55,8,47,29,132,42,41,9,0,179,6,0,46,13,0,44,35,19,36,29,23,31,109,2,75,7,4,9,29,10,32,27,26,3,3,0,20,21,61,75,8,13,44,0,26,22,19,5,0,211,31,0,5,15,6,37,5,16,3,63,0,8,11,45,9,32,0,16,40,33,32,4,22,11,37,4,8,6,2,2,7,4,31,26,9,12,88,185,149,44,11,24,83,17,309
SRR24908035,cfs,12,54,28,4,18,74,5,52,12,16,2,5,53,8,0,7,8,17,3,81,18,6,28,12,24,28,45,36,63,7,12,4,3,13,39,0,154,132,8,0,6,21,54,7,12,4,62,45,86,7,41,75,16,0,11,9,68,37,28,16,7,31,15,43,8,14,26,19,39,10,239,2,33,87,100,44,17,0,13,42,58,18,4,0,11,101,25,23,5,0,7,29,22,14,9,115,37,63,108,0,80,12,5,0,205,68,2,25,168,38,21,11,12,7,2,44,60,97,16,18,2,166,5,44,13,32,5,43,9,5,8,0,33,80,8,22,5,9,120,193,49,19,0,0,21,0,37,6,16,29,25,10,118,171,7,12,2,38,6,52,0,158,0,10,0,52,52,9,0,17,3,0,0,0,0,9,51,6,0,120,10,17,3,9,30,9,12,39,24,36,0,11,34,0,45,47,11,4,33,46,6,12,10,0,63,76,11,10,131,50,22,23,34,14,78,74,3,39,214,25,1,33,41,20,2,45,10,0,17,19,80,20,4,7,53,97,7,8,5,4,25,25,30,11,15,0,88,34,24,0,41,19,27,63,19,14,0,43,214,78,0,30,275,107,82,69,140,19,82,0,95,111,47,4,42,19,17,12,64,30,14,231,301,4,80,110,10,62,85,88,63,51,102,124,38,6,81,130,50,144,9,5,22,2,95,45,10,24,130,447,17,4,7,42,24,7,104,156,56,58,14,0,18,7,29,47,111,32,14,17,7,50,39,33,64,173,14,6,0,5,0,55,8,0,7,114,11,42,20,30,141,33,80,118,24,13,19,17,2,30,91,12,59,17,155,32,7,77,25,0,178,335,120,4,5,50,142,17,5,77,45,4,88,53,0,0,19,0,7,39,12,41,0,40,5,16,16,121,3,40,139,9,88,41,10,6,33,82,91,68,150,170,25,210,0,58,49,61,8,74,96,126,52,15,56,0,0,9,24,19,133,49,7,6,5,12,85,23,54,165,213,94,8,21,37,117,49,43,4,0,9,29,5,0,179,0,35,251,3,578,20,11,58,103,0,16,5,27,57,160,109,43,94,0,10,19,6,14,8,34,106,37,6,11,106,132,10,84,18,33,47,43,67,78,58,15,27,2,39,104,6,5,4,30,3,8,49,39,48,66,17,11,38,69,19,105,9,10,22,9,0,42,114,63,22,6,176,10,33,17,21,5,4,44,5,25,5,16,32,262,68,13,17,17,30,8,4,76,69,0,173,240,84,8,13,3,39,32,9,19,159,19,51,5,0,0,63,77,4,0,3,0,29,0,4,6,102,67,26,30,2,31,24,47,11,11,3,31,17,33,19,13,89,4,145,154,11,3,26,0,173,20,119,2,2,14,30,0,31,6,19,10,236,4,423,67,45,13,98,5,23,4,0,0,6,160,5,2,12,10,35,38,2,6,5,8,17,18,16,89,115,160,3,0,53,24,2,8,53,28,11,5,0,33,22,20,16,49,70,8,0,4,13,11,0,35,41,39,180,306,108,16,10,36,44,78,14,6,17,0,8,3,99,140,14,89,20,15,9,8,12,21,84,30,9,19,46,10,17,69,6,26,44,35,79,5,37,12,12,31,0,58,6,4,11,67,11,49,22,0,141,30,0,0,22,15,8,21,9,28,12,49,35,10,6,40,6,44,4,12,5,33,17,19,0,0,2,13,2,8,5,21,3,79,8,8,29,6,13,134,64,3,10,2,31,16,14,18,13,44,24,3,3,3,51,6,53,5,58,157,20,17,35,7,8,27,7,57,32,0,2,4,6,3,4,0,32,80,10,49,24,13,27,48,9,245
SRR24908053,cfs,0,20,11,2,3,11,2,25,7,0,3,0,2,6,0,0,2,2,0,17,3,0,7,2,6,90,9,8,7,0,2,0,2,4,11,0,12,86,3,0,0,0,3,4,3,0,3,2,21,1,42,6,11,0,2,53,143,37,3,23,3,13,0,3,0,5,9,6,0,4,41,0,3,59,2,2,3,7,0,19,15,7,3,0,13,8,3,3,1,0,0,47,6,8,4,23,0,52,16,0,0,8,0,2,26,9,9,30,16,21,0,0,3,12,2,0,17,3,1,135,0,15,3,4,0,2,0,16,2,0,4,0,4,8,5,2,2,3,8,69,7,0,6,2,27,0,19,6,3,0,2,0,7,21,8,3,11,5,22,2,9,8,2,4,1,3,5,5,3,19,3,2,3,0,71,2,6,15,41,156,0,2,0,8,5,2,0,6,33,1,0,9,16,0,43,3,6,3,0,40,0,0,3,3,23,17,0,0,10,7,17,7,9,2,13,21,0,19,155,22,2,10,5,0,6,14,52,2,4,4,75,1,3,4,10,14,4,6,6,3,4,3,0,0,6,7,27,0,34,6,37,28,50,4,3,5,4,0,248,7,0,0,46,9,38,13,8,13,38,12,2,21,7,1,4,0,22,0,69,133,45,28,89,0,18,37,0,10,10,4,5,20,6,71,0,3,23,29,4,27,4,4,2,0,20,9,0,4,16,43,0,0,0,47,4,9,8,3,3,21,14,2,3,3,5,19,10,9,6,0,0,6,12,23,8,41,5,2,0,0,0,6,6,0,19,6,3,2,8,2,12,5,6,17,13,16,10,11,0,3,25,8,50,6,47,8,3,0,14,41,38,17,20,2,3,47,3,2,0,11,3,25,13,8,7,5,3,0,0,0,0,3,0,4,9,0,3,11,2,3,9,3,13,6,4,13,18,13,19,30,70,68,48,138,2,34,14,0,15,10,12,36,24,19,4,3,0,0,11,5,12,68,0,2,0,1,11,6,11,11,66,3,0,0,0,72,0,6,2,6,13,2,9,0,65,8,0,11,0,33,0,0,0,2,0,3,8,6,33,45,7,7,19,0,4,17,3,3,0,2,16,2,39,2,8,5,0,50,3,62,5,34,97,22,49,3,2,0,11,4,9,1,14,2,0,3,8,5,0,5,4,4,2,65,0,48,2,17,3,0,3,6,12,0,5,0,16,2,3,2,5,0,0,0,2,28,5,4,74,96,13,2,13,0,3,8,5,7,5,0,12,49,21,5,0,3,103,9,2,0,77,5,0,0,0,0,15,15,27,0,3,0,6,4,0,1,13,6,5,2,2,0,0,31,2,0,6,3,4,0,0,5,23,0,10,16,6,0,3,3,32,5,18,0,0,0,14,2,2,0,1,0,20,6,49,50,23,0,50,3,23,0,0,6,4,20,4,0,0,6,4,3,5,4,3,4,3,4,5,26,4,78,4,0,5,6,4,6,18,0,0,9,30,6,0,0,52,4,4,0,1,0,0,0,0,15,32,5,11,98,9,23,0,96,5,10,2,0,0,0,0,2,9,15,3,8,0,7,0,0,0,0,8,0,0,4,4,3,0,34,0,41,9,6,25,2,0,5,5,9,0,9,11,3,0,116,14,0,7,0,24,2,0,50,2,0,3,6,3,10,0,9,11,30,0,7,0,0,4,0,1,0,2,0,0,0,1,2,5,8,0,7,0,0,0,6,4,0,0,9,12,19,8,0,5,2,0,0,3,5,9,0,0,0,8,0,11,1,4,0,3,8,2,3,0,5,0,0,0,0,0,0,4,18,7,0,3,8,35,27,0,6,3,14,16,25
SRR24908055,cfs,2,34,11,3,7,18,7,23,13,0,1,6,28,12,13,9,7,2,4,15,3,9,8,5,7,28,18,14,25,10,9,1,2,9,28,5,52,55,10,10,0,0,26,2,4,6,23,11,30,7,26,26,43,15,9,37,78,15,20,8,12,10,0,7,3,22,13,15,11,7,83,2,15,37,21,13,12,0,4,20,16,7,7,11,0,21,20,9,1,3,1,28,11,27,12,45,15,18,41,6,30,5,9,6,59,38,2,16,16,10,3,7,8,32,4,17,24,22,10,61,4,65,6,18,4,6,0,26,0,0,13,13,7,18,15,0,9,2,25,72,10,0,9,2,10,4,33,5,7,17,4,1,26,129,14,9,8,26,12,14,8,50,0,5,4,27,11,3,0,11,12,31,19,21,38,2,34,9,7,85,8,5,6,8,2,0,25,16,27,5,2,0,16,0,31,12,33,2,20,14,0,0,6,3,30,40,5,15,51,7,3,5,31,2,30,19,0,36,95,33,2,24,26,7,11,25,35,3,15,7,52,6,6,5,20,0,10,2,13,2,14,15,10,12,17,4,7,12,22,0,28,13,23,17,6,7,0,14,165,10,6,16,115,46,49,52,44,8,44,12,27,80,10,2,7,7,5,2,53,25,24,58,122,18,25,51,17,37,29,25,26,24,19,62,7,6,35,27,14,37,4,3,18,3,70,32,5,4,39,116,6,6,4,24,3,17,11,3,10,22,8,0,12,0,10,18,43,10,16,8,9,20,15,24,16,58,9,15,11,2,3,27,4,0,7,19,5,0,4,9,57,6,15,38,21,8,3,12,14,24,23,19,24,4,34,9,21,27,74,8,29,116,15,4,9,24,20,10,8,21,26,16,18,10,15,0,12,20,5,16,9,25,0,7,3,5,11,26,1,5,44,26,37,11,12,2,26,19,44,33,110,84,16,165,5,33,21,19,16,12,31,56,15,14,27,6,3,0,13,17,45,34,16,3,7,13,13,14,56,65,75,34,0,4,11,111,43,2,4,14,12,6,6,0,57,15,11,84,14,78,37,2,21,14,4,15,15,18,36,27,40,35,12,6,6,8,2,17,0,2,10,5,20,8,55,45,9,46,0,53,25,29,48,60,28,7,10,12,9,33,9,2,21,9,3,5,0,13,12,15,17,3,2,52,10,61,0,27,9,12,2,29,39,14,5,10,36,15,19,11,12,2,0,12,8,15,2,8,39,75,36,10,12,10,6,8,12,18,14,10,56,92,29,25,23,0,28,22,0,5,72,8,31,0,5,16,60,27,30,0,11,0,27,4,3,5,60,22,16,12,5,6,12,13,4,2,9,4,22,9,4,11,27,39,41,68,0,4,38,0,70,15,24,2,3,3,12,0,6,8,12,10,55,0,167,43,9,7,43,0,33,3,0,0,4,72,4,0,4,6,19,4,2,2,26,8,18,3,24,31,34,9,1,0,26,16,8,0,50,13,7,5,23,6,7,8,23,24,35,6,13,42,8,13,28,12,36,7,35,102,19,32,0,26,16,11,0,0,2,5,8,26,31,21,3,33,8,4,4,2,3,4,36,12,8,11,21,6,5,47,1,32,23,9,41,7,0,28,13,15,0,6,0,13,9,46,26,10,6,0,45,7,0,19,6,15,15,13,7,0,7,16,4,43,7,8,11,4,2,16,3,10,7,3,0,0,8,3,15,14,3,7,4,9,7,13,26,10,15,15,35,10,11,12,18,5,20,11,3,9,18,0,0,0,14,4,24,4,20,50,4,12,5,0,2,16,0,16,0,7,2,11,8,14,5,4,18,20,83,52,6,7,11,33,5,110
ERR911956,controle,11,25,33,11,11,61,10,0,10,50,127,19,90,23,9,12,17,76,12,40,0,14,25,27,60,40,17,28,21,53,10,91,16,7,25,65,52,121,65,20,89,11,161,10,9,17,30,54,25,24,89,22,3,38,79,21,38,91,14,50,8,128,89,48,72,15,54,62,21,21,25,9,29,39,37,19,36,17,15,50,19,77,62,3,12,76,40,23,25,33,18,136,58,70,56,35,20,141,13,49,22,8,41,25,0,21,25,56,91,65,5,14,14,74,5,37,73,19,12,11,16,15,10,31,45,51,6,69,5,10,64,30,67,23,23,34,13,10,10,112,14,30,46,19,45,12,37,6,4,100,14,4,85,65,18,30,79,30,20,64,153,166,6,5,16,42,2,84,51,85,26,26,72,76,68,24,31,76,43,60,5,29,43,36,14,62,32,16,15,32,14,39,42,23,74,56,36,9,9,111,100,36,28,50,49,23,5,13,36,25,40,40,16,28,37,104,12,37,142,29,44,12,41,39,38,40,19,19,27,30,63,17,19,8,21,34,30,16,12,32,30,37,57,155,51,30,40,8,147,11,90,8,13,37,11,66,21,21,20,13,43,81,29,82,56,50,50,84,89,93,46,36,34,51,25,17,14,27,78,81,15,14,149,24,45,8,14,27,14,23,53,16,80,50,35,15,26,40,44,143,25,32,49,28,84,92,2,13,196,236,55,16,26,104,12,16,34,13,14,15,30,26,11,12,9,9,28,23,19,19,20,27,16,7,26,47,68,15,22,6,10,45,22,20,12,13,38,27,23,38,31,65,121,152,63,37,4,21,54,9,303,30,85,16,36,9,201,6,17,9,59,77,2,34,29,3,17,10,3,77,52,44,70,25,74,25,16,13,0,51,32,40,21,135,9,33,46,65,35,22,87,52,30,7,18,8,7,19,35,39,49,222,16,138,13,13,23,10,23,100,26,79,22,42,124,14,18,77,0,0,251,91,5,49,8,85,12,21,53,124,106,21,41,30,86,258,27,48,3,105,62,39,49,39,37,18,12,87,23,254,61,8,37,20,7,4,20,5,205,47,26,39,29,8,9,21,57,45,104,62,17,23,34,13,94,18,21,57,23,5,95,0,25,86,78,64,70,14,29,31,31,13,13,0,15,22,41,151,41,35,44,31,25,12,47,62,53,111,15,7,8,9,106,54,41,4,24,18,6,11,14,13,34,80,18,13,12,26,292,80,68,34,31,49,19,21,17,115,57,44,20,105,171,18,9,20,16,126,3,16,21,27,31,8,61,47,159,12,61,18,30,48,12,13,8,16,206,18,4,5,15,23,28,73,33,6,51,41,63,147,17,25,88,60,3,56,14,9,49,12,231,21,26,22,55,17,21,13,20,27,27,12,35,40,190,110,88,42,10,20,17,7,99,16,40,132,11,7,33,14,2,14,19,5,11,9,9,13,19,111,61,21,3,9,13,18,12,10,45,29,9,5,9,7,4,32,4,9,32,24,7,17,12,17,13,34,24,25,35,69,28,22,75,56,24,7,32,8,27,23,10,46,17,52,24,74,25,23,10,15,113,53,139,32,59,67,12,5,32,36,16,23,6,18,15,14,22,8,41,18,36,16,16,0,13,40,79,75,12,95,5,111,71,7,0,50,24,24,7,11,9,11,46,84,16,31,44,22,14,23,17,26,22,15,25,40,25,26,28,47,35,28,68,29,41,24,25,11,7,30,34,14,15,21,20,10,13,15,19,1,111,24,97,32,30,19,46,21,0,33,30,14,3,34,9,26,15,38,21,13,45,4,13,24,6,46,48,24,510,42,29,75,31,83,19,29
ERR911979,controle,16,65,13,46,11,101,42,0,15,23,157,9,30,35,52,4,17,15,41,81,0,66,157,3,7,14,14,50,5,9,0,18,11,11,41,14,94,33,8,35,28,5,26,11,14,22,96,245,25,34,24,39,7,46,12,15,53,141,3,14,8,125,12,85,13,26,20,10,15,7,61,4,138,49,13,18,47,23,41,158,51,36,38,10,2,70,67,40,11,128,0,20,11,62,35,82,22,30,131,21,30,14,12,6,2,92,0,15,28,6,16,72,18,225,13,15,85,22,10,24,2,18,36,38,75,82,6,60,15,0,40,0,8,51,16,4,0,20,23,441,42,23,7,6,4,0,21,34,0,20,51,6,250,12,21,83,18,50,54,21,33,66,43,217,18,10,15,39,32,61,72,28,16,31,10,36,31,9,6,25,45,3,0,80,4,164,58,65,27,6,2,5,66,23,12,102,39,5,5,20,31,77,183,9,38,49,0,17,5,12,105,42,19,36,31,23,15,41,265,64,25,38,139,24,14,14,7,12,137,23,137,5,5,43,34,11,9,21,12,21,130,15,11,136,31,42,45,174,18,4,80,7,14,6,6,5,26,83,2,104,35,58,17,94,88,163,76,169,171,20,41,39,15,30,26,9,14,26,244,57,26,21,93,5,14,9,43,24,34,30,7,100,23,97,47,32,28,4,37,184,54,2,1,11,159,132,6,5,292,456,12,6,19,13,6,13,3,50,32,19,44,56,11,0,32,21,71,29,9,38,5,19,21,60,216,116,117,46,14,7,8,38,7,26,19,16,15,49,2,6,63,59,35,101,9,36,8,11,19,11,546,37,95,10,14,0,15,2,18,0,45,180,0,6,63,3,26,13,7,188,5,217,27,12,9,63,8,9,0,84,85,169,109,49,0,39,64,14,18,6,19,179,60,0,18,0,12,46,44,22,131,129,0,58,18,14,38,2,7,346,41,9,12,55,5,22,77,10,13,4,36,248,0,154,71,8,26,53,116,26,54,28,50,21,25,97,60,21,12,175,23,97,27,81,18,56,1,219,27,354,42,4,9,6,5,2,19,14,33,16,17,42,121,7,4,14,14,40,19,6,10,47,7,58,68,50,10,67,0,0,35,3,50,100,226,39,24,10,3,89,2,6,11,7,12,13,65,18,8,35,52,27,44,41,86,23,7,46,7,12,20,11,20,39,7,13,10,8,28,49,1,42,13,256,13,123,28,16,287,59,58,38,34,312,9,12,2,57,111,7,54,81,118,15,6,16,2,273,18,0,47,13,25,0,31,19,72,25,10,34,9,19,25,2,63,3,75,28,15,29,141,20,7,139,64,6,12,19,33,26,6,8,158,0,20,58,21,18,151,35,295,62,108,6,24,31,8,96,85,3,13,17,46,7,299,87,35,271,5,6,53,0,31,61,7,142,0,15,6,24,59,42,4,12,12,32,6,11,18,101,48,170,0,15,19,90,13,50,15,4,29,3,6,13,5,24,0,14,38,22,27,29,2,3,9,31,43,0,75,61,28,18,15,0,0,3,27,0,4,34,17,12,27,34,3,53,12,27,5,102,29,83,58,66,40,50,4,3,0,22,31,43,7,7,0,114,52,7,51,6,8,33,36,0,62,5,8,124,67,15,10,15,15,0,0,74,33,64,13,9,6,24,12,10,114,7,3,31,48,23,17,41,16,20,2,6,21,37,3,5,52,17,20,11,58,20,51,30,0,11,46,18,0,16,237,4,13,0,35,16,160,3,13,13,12,8,8,0,6,79,41,28,11,3,9,4,14,117,33,10,17,23,5,18,5,135,110,61,40,94,33,41,18,26,6,5
ERR911990,controle,7,20,28,7,14,30,3,98,22,28,76,9,98,34,29,14,57,38,10,37,0,9,13,24,73,20,13,22,21,37,3,28,8,0,38,80,47,111,53,36,77,14,111,4,3,53,28,29,12,39,72,38,4,64,29,13,51,57,0,42,22,136,11,39,40,3,73,36,32,4,45,13,22,26,45,43,91,6,11,28,26,75,38,33,14,77,67,47,18,48,14,133,38,44,19,18,32,98,18,56,13,18,58,19,23,32,29,54,91,12,3,9,12,72,22,10,39,37,15,7,18,8,22,15,61,32,6,53,16,9,58,19,119,35,9,38,13,4,14,138,24,46,53,4,20,22,9,18,15,83,8,12,93,82,16,11,54,14,16,26,116,134,19,18,38,40,2,106,39,23,19,23,17,69,67,20,21,45,37,34,21,31,50,46,6,23,23,16,16,2,13,23,43,66,55,36,10,5,21,100,62,23,30,38,60,24,0,9,62,19,15,50,27,19,34,120,20,23,106,32,16,18,47,100,9,30,23,18,33,36,66,7,27,0,45,24,3,24,5,69,26,31,51,27,14,59,47,9,120,15,64,5,34,31,11,44,19,14,9,11,36,125,67,64,40,56,31,76,83,36,24,29,21,8,20,0,18,60,42,90,10,12,104,21,6,4,17,28,10,11,59,18,68,63,60,5,50,35,33,162,15,23,25,12,159,35,4,13,166,136,45,0,20,35,6,6,15,22,15,30,26,37,5,0,37,9,24,23,12,17,14,34,20,11,18,48,61,5,22,16,11,31,10,10,16,4,8,8,11,25,12,56,95,73,43,28,4,5,23,20,289,19,151,17,23,5,180,19,15,8,69,53,44,25,20,52,13,6,4,68,45,43,45,21,48,22,14,6,4,33,18,24,13,104,13,44,35,15,25,19,75,38,16,7,22,15,9,17,46,42,54,270,0,92,25,19,12,8,28,63,22,33,12,33,62,9,9,70,0,4,158,72,10,38,5,96,6,35,32,132,39,12,32,14,72,144,32,18,37,62,61,19,39,30,48,9,72,74,26,132,41,6,20,8,14,20,6,3,119,52,15,36,24,6,9,6,51,22,42,34,15,13,18,10,35,20,7,54,11,10,54,7,32,72,72,4,102,5,28,33,30,5,29,20,11,19,27,60,39,70,46,30,7,7,33,59,60,85,4,17,13,14,50,11,28,5,4,35,3,17,9,15,11,49,11,13,8,39,225,99,76,20,15,55,14,12,65,93,34,69,22,158,81,16,28,14,8,109,10,4,39,47,29,3,14,10,146,6,31,26,26,22,7,21,40,13,179,36,13,18,5,18,30,67,18,3,46,38,34,110,15,28,85,23,5,20,26,12,35,17,171,15,36,11,39,24,5,13,9,41,40,17,28,27,186,106,55,41,9,14,25,11,84,56,7,85,0,16,13,6,10,9,17,0,8,36,4,10,47,96,46,23,3,7,9,14,4,8,38,15,5,34,20,8,4,22,12,4,19,20,22,17,12,23,21,7,16,26,16,60,24,32,36,13,31,31,25,6,19,52,17,20,19,66,19,39,23,10,4,21,46,32,6,22,30,31,142,0,42,16,6,21,38,7,5,10,33,2,11,17,60,13,19,0,20,16,63,37,9,34,0,27,77,21,2,25,49,14,4,4,3,3,4,50,6,13,29,11,12,10,28,31,3,20,24,44,39,9,19,23,55,2,35,31,49,24,25,44,5,29,35,6,13,10,3,4,20,16,30,9,70,18,77,38,29,11,36,14,0,20,31,12,9,41,14,4,5,12,14,21,8,7,7,9,29,38,12,22,268,49,8,67,25,52,19,16
ERR911991,controle,12,53,22,10,14,28,16,0,4,36,64,13,73,18,13,21,16,22,7,40,8,12,4,13,60,20,6,28,33,35,11,3,23,6,22,48,48,110,54,19,83,6,94,12,5,4,16,35,25,51,82,34,8,24,13,15,33,51,10,46,17,95,1,31,58,3,51,37,20,17,26,13,14,44,112,31,59,5,5,38,20,68,21,0,10,51,14,29,0,16,23,105,24,42,20,22,55,73,12,67,12,12,53,27,4,16,36,40,58,26,5,6,11,42,3,12,34,21,17,10,16,20,9,11,53,17,6,76,21,12,56,15,45,20,9,58,17,19,3,121,14,29,47,10,36,9,21,45,12,27,23,38,37,97,11,0,31,21,32,44,78,168,14,11,45,23,6,111,8,11,18,15,10,60,55,14,43,22,28,19,7,7,52,31,0,22,11,14,29,27,5,45,24,16,22,47,41,2,12,39,64,17,48,18,35,13,13,10,239,24,28,44,14,15,28,75,12,18,113,20,43,22,41,163,6,20,9,40,22,30,44,11,7,21,7,26,11,29,7,47,12,40,45,23,69,32,28,6,125,13,44,36,46,33,13,58,32,6,7,11,19,66,43,71,43,30,32,72,88,32,12,25,32,51,20,21,29,16,38,72,10,16,111,23,25,9,6,27,12,15,37,34,71,87,36,11,66,64,11,205,9,11,29,15,119,39,7,22,116,173,55,8,39,42,12,12,22,20,3,24,27,16,10,0,11,4,16,33,14,18,10,6,8,9,16,42,54,5,9,24,10,29,30,9,14,18,10,16,26,33,18,49,69,37,41,14,17,0,18,9,236,18,79,8,30,0,172,11,7,19,175,50,11,7,17,3,19,12,17,41,23,28,48,32,44,21,8,12,8,44,26,28,14,113,4,31,45,15,44,5,100,59,15,0,14,11,9,16,78,79,38,102,32,120,21,16,12,5,14,80,14,22,3,28,16,18,18,36,0,6,114,88,45,14,5,75,7,23,29,90,43,13,25,6,139,126,23,62,10,57,72,19,25,45,25,28,9,132,18,155,51,4,8,14,9,8,10,12,108,22,25,27,15,4,9,16,54,45,15,31,52,49,11,9,27,10,28,71,9,5,52,7,17,77,48,17,55,10,27,18,67,0,18,26,27,5,36,46,47,47,39,32,1,12,38,49,76,79,4,17,21,12,85,53,49,9,30,19,16,9,6,14,45,48,15,13,12,15,153,45,65,22,20,28,7,9,18,141,26,4,32,106,66,12,7,15,8,99,0,14,14,31,24,13,32,54,107,3,11,28,25,19,4,12,79,24,99,22,12,9,15,16,18,51,38,6,24,13,37,108,16,17,41,37,14,25,6,6,12,14,82,6,30,57,31,13,6,7,7,11,12,21,39,37,287,116,46,22,5,9,16,4,57,45,37,121,8,15,28,13,16,6,13,4,9,4,2,9,3,57,64,14,9,50,11,16,25,15,22,24,14,3,9,54,11,16,17,16,24,18,4,5,9,8,9,5,13,0,40,50,28,34,47,27,36,9,28,7,17,6,6,20,13,69,39,33,10,32,23,17,27,51,670,26,18,39,19,5,12,12,18,10,0,9,0,5,13,3,26,15,67,11,20,0,17,14,55,68,2,63,15,34,71,11,0,43,39,14,4,3,3,20,0,48,5,20,21,8,13,17,18,37,6,7,21,27,11,7,8,7,39,8,20,21,31,27,11,20,12,44,30,20,7,10,3,2,8,8,20,6,89,22,90,36,31,14,41,6,0,26,25,12,8,25,15,4,4,30,9,7,11,4,9,4,12,29,17,27,302,27,13,30,23,50,16,10
ERR911995,controle,4,32,17,7,5,42,17,30,54,32,86,11,54,21,0,20,24,10,16,20,0,36,24,4,39,42,19,49,25,27,2,77,5,32,25,50,35,97,32,14,36,7,120,28,24,9,24,25,91,56,35,47,16,44,24,20,31,37,10,34,13,64,24,17,44,3,54,31,13,20,23,16,15,69,15,36,68,12,12,48,47,57,72,3,10,60,43,43,0,31,85,62,7,41,34,15,23,71,18,57,28,23,15,48,2,37,18,8,69,10,4,20,21,49,9,77,30,27,4,2,23,18,17,6,90,22,10,117,16,10,36,4,101,34,26,86,11,3,4,308,13,6,38,28,18,0,30,6,8,23,31,30,106,126,30,17,11,19,27,112,48,153,6,33,55,21,19,64,13,88,49,18,62,38,26,10,76,16,26,33,7,28,14,34,16,20,40,11,6,2,13,35,25,8,63,50,19,6,12,209,40,25,62,38,17,40,76,11,183,6,19,19,29,14,29,30,29,26,108,25,17,4,79,124,6,9,35,41,20,52,56,53,6,15,25,17,19,38,6,44,27,16,37,56,27,43,44,26,48,50,74,10,36,16,21,16,20,20,9,37,11,80,22,35,65,85,52,127,75,64,26,53,68,62,52,7,7,22,71,57,3,50,91,39,27,21,17,9,7,29,58,33,108,89,52,16,66,27,20,202,17,16,54,6,164,60,27,55,156,263,24,16,44,107,51,16,16,47,12,50,29,19,24,25,15,13,29,17,23,31,10,43,69,20,44,66,76,8,17,65,10,25,29,20,7,39,27,6,6,8,81,66,85,86,27,22,20,7,49,28,440,14,105,20,13,62,78,23,15,31,151,80,0,45,28,2,18,2,25,56,23,70,35,63,35,16,28,9,11,31,62,32,19,91,12,41,47,44,11,5,57,65,21,53,10,0,2,22,200,114,178,110,7,179,52,164,61,51,46,58,12,63,33,98,31,75,18,39,52,0,54,151,10,25,17,65,26,62,54,124,134,6,29,20,120,253,40,10,3,79,47,49,13,50,15,12,28,76,30,352,96,6,5,34,3,13,5,8,124,15,16,41,22,0,12,12,35,24,86,22,6,30,19,13,51,30,24,80,3,4,33,7,57,76,191,27,39,32,12,98,18,25,6,24,15,45,96,78,21,20,30,19,15,24,76,44,45,51,36,60,37,11,71,14,42,12,33,17,18,14,42,9,25,60,4,9,19,21,219,82,41,13,15,54,17,69,42,84,30,19,16,72,49,18,43,6,4,89,24,24,71,16,14,15,66,27,91,9,27,23,70,33,11,32,26,3,180,20,10,19,38,24,16,71,49,28,5,19,18,46,29,22,103,13,5,61,24,4,71,25,156,22,33,44,22,13,23,5,23,24,16,4,24,49,387,138,62,76,0,17,15,13,41,21,44,118,0,15,55,35,44,14,25,16,35,52,45,43,7,101,118,21,37,7,6,18,7,18,65,19,3,18,8,7,7,30,4,17,27,53,19,36,30,37,14,36,19,18,38,69,67,65,44,5,16,27,37,10,25,10,12,118,8,35,40,27,7,23,23,20,43,23,47,37,126,30,3,60,23,25,5,31,4,18,21,19,20,31,45,8,9,67,22,0,13,40,18,47,26,84,2,93,47,11,0,77,16,26,26,17,16,28,8,75,27,21,32,39,7,25,25,34,4,4,23,35,40,7,22,22,45,66,24,50,29,13,18,68,14,19,42,11,8,9,40,7,51,26,17,21,52,19,43,7,33,11,29,16,0,38,24,7,0,26,12,12,10,5,13,7,6,18,6,6,15,47,53,15,262,52,17,15,30,37,33,43
ERR912003,controle,9,51,30,49,6,75,30,10,28,49,61,19,90,28,101,12,23,66,5,30,0,19,14,7,102,30,3,41,55,45,20,14,6,2,19,105,67,121,77,28,111,22,173,6,8,0,23,61,64,50,112,45,4,48,18,16,37,57,20,76,34,88,4,77,81,8,136,78,41,12,25,4,25,38,63,2,80,26,7,54,20,111,56,25,22,64,50,52,17,8,41,139,36,68,30,17,20,113,20,74,33,4,31,34,0,27,128,101,130,57,12,8,16,71,4,14,55,55,40,25,2,21,10,10,66,48,6,145,19,12,126,28,23,36,20,79,71,15,16,152,24,10,110,17,80,0,30,50,15,65,6,19,151,116,23,60,69,32,70,7,82,232,13,20,44,25,14,89,23,22,23,54,27,91,89,14,37,32,81,22,24,13,8,24,2,70,26,6,14,7,5,26,30,26,52,37,14,16,20,46,68,57,70,53,55,17,13,23,18,22,50,24,23,13,31,117,49,58,114,17,36,62,39,52,8,4,19,38,19,47,115,13,16,27,0,75,33,39,13,69,27,57,24,24,8,63,14,4,136,11,91,3,52,41,51,57,68,16,17,40,41,85,69,90,51,52,46,93,126,59,25,24,45,81,68,3,53,49,54,95,4,16,156,45,45,9,16,34,44,47,50,14,131,68,50,3,112,88,54,107,8,18,41,12,154,49,6,5,158,239,87,16,39,78,12,23,30,39,9,43,64,28,15,2,25,14,16,63,12,8,3,8,14,6,36,44,90,19,23,22,25,57,30,10,13,13,33,5,20,24,58,76,120,104,62,30,38,52,36,14,287,16,95,30,42,0,261,28,5,35,90,52,31,34,16,5,26,11,15,73,36,32,92,61,105,42,16,7,8,34,53,65,5,161,5,36,74,9,43,5,168,74,21,29,10,27,20,19,97,15,53,177,44,115,17,20,32,8,43,69,16,17,3,71,31,36,5,70,72,4,295,111,5,17,12,113,10,23,44,125,55,26,50,12,137,248,22,85,25,82,82,85,25,60,61,25,22,145,41,320,59,16,18,17,14,8,24,12,158,46,59,36,18,42,38,32,70,43,8,41,25,24,20,5,94,20,34,116,12,0,44,2,31,60,65,106,186,18,24,54,90,5,41,44,36,25,39,59,72,68,61,51,25,28,48,39,118,123,7,9,21,8,155,68,50,7,22,12,52,4,4,11,36,78,19,17,17,12,302,107,46,20,23,23,10,30,14,130,38,17,23,122,104,25,6,35,17,141,0,6,37,51,9,10,55,55,131,15,41,57,20,43,17,26,124,51,230,23,15,17,13,17,16,62,47,22,47,16,23,226,34,28,62,3,16,25,34,32,21,54,268,16,52,53,34,37,18,7,5,53,74,17,56,59,232,151,34,13,0,23,37,11,133,80,57,144,8,9,51,36,13,6,45,14,25,42,12,12,17,107,119,7,9,76,9,20,7,7,19,17,44,18,32,31,9,24,15,18,37,41,22,91,16,11,29,12,29,40,65,86,34,100,117,27,39,22,26,25,20,6,15,89,19,69,36,34,29,38,9,38,60,82,82,3,60,43,35,5,44,12,19,12,3,27,10,7,24,5,24,18,7,9,39,0,30,27,69,75,9,74,29,5,90,16,13,26,74,14,9,8,11,33,11,65,11,38,57,9,21,19,55,48,22,15,64,168,14,27,55,24,75,17,46,66,67,53,52,45,4,15,22,22,9,22,9,27,14,12,72,15,94,37,118,47,63,6,49,48,16,32,73,37,3,34,20,4,12,13,12,44,17,20,20,12,9,49,26,60,404,29,20,53,6,124,0,14
ERR912047,controle,9,12,19,6,2,16,3,6,16,2,20,5,21,6,0,2,0,10,4,6,0,2,10,1,5,10,2,10,8,2,0,20,3,0,13,4,11,10,11,3,3,19,20,2,6,3,1,13,11,9,16,89,0,11,9,5,13,22,0,6,0,131,13,9,5,0,3,8,6,0,22,34,4,6,10,5,9,0,3,16,16,8,9,8,19,34,5,13,0,18,0,96,10,7,13,9,11,23,42,6,2,8,16,0,0,11,0,6,21,76,2,6,3,21,26,13,5,3,2,2,6,4,1,3,5,6,6,13,2,25,12,4,25,64,12,101,0,3,1,74,11,13,3,22,8,0,2,0,0,9,4,4,18,43,2,5,9,5,19,3,11,52,4,0,0,10,0,6,28,12,8,11,15,20,6,1,8,133,0,41,14,9,2,19,16,23,7,8,11,4,17,2,4,12,33,13,3,3,6,58,7,18,18,11,74,6,20,4,22,14,14,12,14,8,4,7,4,7,23,32,14,14,49,9,3,14,7,0,17,1,21,5,0,16,26,0,4,7,8,0,10,7,17,20,12,12,20,44,0,4,11,0,3,7,0,9,14,8,0,9,45,19,13,29,12,27,16,55,26,39,12,12,5,8,3,0,5,15,19,29,8,17,26,8,3,43,3,3,2,19,35,9,11,21,16,24,3,14,8,112,4,41,24,7,34,9,9,24,73,98,0,9,1,2,31,11,3,3,4,2,23,4,0,8,2,9,33,9,9,21,12,11,33,4,25,25,16,5,6,0,0,6,3,5,15,2,6,0,4,15,33,6,25,9,4,6,7,3,8,10,138,10,70,0,31,133,13,11,11,4,14,14,0,11,13,0,21,2,2,16,19,43,9,1,8,4,8,6,0,10,16,8,10,22,16,22,17,7,4,0,0,14,3,0,7,54,8,3,46,30,52,209,58,59,12,14,8,7,48,27,3,39,58,24,94,7,10,14,14,0,19,37,0,3,6,4,3,36,11,37,19,50,8,9,39,64,22,0,3,33,7,17,17,7,4,5,10,49,19,157,15,7,8,6,3,28,3,3,26,7,0,77,13,6,2,3,3,5,23,2,0,17,3,0,39,9,2,3,2,0,7,0,24,11,48,5,16,5,5,21,4,19,7,5,2,4,12,15,6,4,6,11,7,0,17,11,6,9,4,26,2,10,0,13,12,1,4,6,0,1,8,1,3,21,10,11,0,56,35,37,164,13,2,18,3,12,3,20,35,13,2,53,22,6,6,3,0,29,4,20,18,3,14,4,7,3,91,4,8,3,13,6,10,7,15,3,51,89,4,31,4,3,0,36,17,4,7,5,10,23,3,5,34,0,0,29,1,12,8,5,73,4,12,0,7,7,2,0,6,8,10,3,0,6,99,38,21,28,18,10,15,0,16,8,2,23,0,0,3,5,36,4,4,3,3,20,4,15,1,44,58,11,10,0,4,11,6,6,27,3,4,0,1,7,0,13,56,10,9,12,37,0,6,4,22,4,2,0,1,16,17,0,7,18,0,6,3,21,2,5,11,6,2,13,3,8,14,7,0,8,11,7,0,4,1,5,101,3,3,22,2,54,3,12,3,4,4,7,7,2,0,5,9,0,1,5,3,19,3,5,0,10,4,0,4,19,6,5,18,21,10,7,23,2,8,1,7,6,1,7,0,9,7,15,8,12,16,3,5,23,14,7,2,24,2,7,3,16,4,4,5,0,22,4,11,11,6,3,5,4,24,5,12,3,5,7,7,0,1,14,8,3,13,12,26,0,1,9,11,5,5,0,0,10,0,11,11,7,34,32,9,25,12,13,0,8
ERR912079,controle,7,5,21,17,19,27,21,13,19,6,22,5,26,32,23,6,6,0,9,13,0,42,8,4,3,27,25,25,27,17,3,22,3,9,19,25,11,34,4,34,13,12,62,10,13,2,27,7,74,64,5,36,83,15,30,7,20,11,21,22,57,75,10,9,12,6,31,14,52,0,14,13,11,36,13,2,207,5,4,6,29,30,16,35,15,74,78,11,11,7,19,32,24,20,24,12,10,76,5,39,12,21,10,10,3,11,3,12,39,63,10,5,29,9,2,73,10,53,50,8,18,15,2,16,83,23,40,147,4,13,27,10,8,20,11,18,4,17,14,173,7,7,57,14,2,7,9,24,4,22,19,58,44,89,7,11,3,32,39,48,36,124,12,2,12,30,10,25,0,23,24,5,20,38,4,7,28,85,9,24,11,20,4,10,11,2,21,2,17,24,22,14,6,8,13,45,25,6,12,193,17,19,38,21,22,18,23,18,119,7,51,41,18,9,20,30,45,58,37,9,52,10,23,26,23,22,22,25,20,9,85,25,12,0,10,10,6,32,3,47,46,7,29,19,51,8,26,20,13,2,26,15,34,6,97,4,27,4,7,6,2,42,74,26,50,69,33,75,38,87,12,42,92,117,96,9,22,34,28,58,11,45,75,7,17,14,4,46,5,43,50,22,132,18,35,12,76,29,19,138,5,0,54,7,144,22,21,51,110,88,22,14,16,17,33,11,60,9,18,30,65,9,3,19,6,18,15,54,21,13,17,9,50,3,4,54,64,4,4,23,27,30,7,26,6,23,26,2,24,21,69,51,61,27,7,7,6,69,16,11,302,6,73,38,13,0,59,3,10,4,94,17,0,51,10,11,6,5,25,22,13,27,23,37,8,23,28,16,39,17,63,28,11,51,14,27,71,9,11,15,24,19,10,37,9,15,4,17,74,40,177,88,16,180,30,162,55,24,19,20,5,25,18,110,77,45,5,15,0,21,3,28,3,24,12,9,14,36,21,62,105,26,9,4,145,101,41,7,9,25,25,5,7,9,11,7,17,66,15,224,68,0,4,50,26,7,0,2,27,10,6,43,5,4,31,15,17,23,15,8,6,5,13,3,79,13,44,19,14,2,30,12,51,21,70,46,7,22,10,114,5,21,56,67,54,6,44,19,3,61,16,18,21,23,60,51,17,11,8,8,14,21,27,45,6,7,122,15,8,0,23,10,17,16,5,1,33,17,49,34,27,16,36,20,8,34,17,30,8,4,21,106,67,12,42,4,6,38,17,30,59,8,13,68,14,29,18,15,7,91,66,26,24,12,54,5,211,38,7,32,14,7,33,124,45,17,28,24,26,8,43,6,38,5,3,50,8,2,4,52,88,4,16,16,15,28,13,7,1,4,26,17,29,20,250,103,14,11,21,4,17,27,16,68,8,74,8,22,43,29,6,3,15,7,20,26,8,20,3,66,105,25,24,3,6,12,9,8,66,20,26,7,30,11,5,23,3,2,21,72,2,3,16,19,7,17,9,114,56,23,53,0,28,0,19,18,31,8,10,6,16,41,2,8,30,22,6,12,32,4,18,9,18,32,2,3,5,21,12,9,20,31,25,21,5,1,4,8,24,11,4,29,51,0,26,23,2,36,4,24,2,14,23,57,0,48,52,7,10,9,12,48,2,27,0,2,80,29,2,23,6,9,3,0,5,14,24,10,5,13,63,37,8,19,17,22,38,68,10,9,48,21,11,5,0,18,45,6,65,11,32,7,40,4,9,6,6,3,13,37,63,23,0,12,15,0,9,3,15,7,2,6,38,3,11,35,33,19,86,66,6,5,29,11,16,0
ERR912133,controle,4,21,86,20,36,35,11,17,14,85,111,34,48,10,4,9,24,12,8,46,0,27,24,4,41,26,7,60,14,23,11,15,26,8,15,43,33,71,26,30,36,8,70,13,18,0,51,34,28,61,64,58,6,35,6,3,25,60,34,30,36,79,6,25,15,17,108,21,15,4,21,22,54,56,44,28,47,14,15,50,24,52,38,9,27,95,19,18,10,32,6,100,9,52,22,30,51,67,23,21,13,1,10,20,0,24,26,26,62,12,7,17,16,59,4,26,21,16,49,60,7,20,33,16,73,55,6,72,17,13,52,11,240,34,17,21,6,17,12,136,43,13,41,22,18,10,26,14,16,42,8,67,148,43,7,72,13,27,68,18,15,172,4,7,14,39,12,104,7,22,39,24,36,31,43,12,54,25,12,17,45,10,4,25,9,53,42,17,9,6,19,25,25,24,91,51,19,2,42,61,37,33,53,40,32,41,31,25,22,14,26,57,13,24,36,15,14,25,157,26,47,13,53,113,13,8,10,10,19,29,107,23,19,80,3,11,16,30,12,29,22,16,11,24,16,51,18,17,16,18,45,7,27,13,22,18,40,20,32,21,20,42,23,81,58,51,36,75,77,31,25,21,26,64,18,0,14,8,69,22,12,14,94,8,61,25,14,22,57,24,27,19,44,39,21,13,90,66,33,162,14,3,25,13,158,77,9,29,164,211,73,40,49,71,24,13,24,9,9,24,28,14,5,4,12,61,19,24,14,18,7,6,16,20,36,49,51,4,11,15,16,29,10,13,12,13,70,8,38,37,37,39,49,104,27,16,17,24,38,20,313,13,78,10,11,0,76,10,2,2,104,113,9,20,18,2,57,8,7,39,45,59,42,21,17,29,43,20,4,39,67,61,30,113,9,42,84,27,13,5,146,53,21,0,12,5,8,19,213,29,61,154,79,116,50,12,23,6,23,105,24,26,9,104,4,16,24,46,42,0,49,122,3,8,10,40,25,34,58,45,81,48,108,22,221,145,37,11,15,71,40,41,20,45,22,36,8,127,22,194,72,7,8,34,5,8,6,12,103,10,10,56,21,57,10,36,60,13,73,14,51,59,16,5,76,25,4,53,20,0,43,24,14,72,50,13,45,12,44,31,19,3,24,8,21,16,42,50,26,48,30,39,27,28,49,21,25,70,0,19,23,0,47,26,15,13,11,29,6,15,4,19,42,82,32,20,10,17,113,111,57,12,13,63,51,27,7,68,27,5,59,52,48,21,7,23,18,120,4,10,23,7,23,26,50,10,105,26,9,38,20,36,22,9,26,18,154,10,8,26,20,5,2,59,66,28,11,10,48,31,13,7,84,103,3,68,20,29,16,21,125,18,57,23,39,6,5,9,7,18,82,6,73,78,225,169,44,80,8,20,29,4,77,23,18,116,8,7,25,17,2,22,15,15,11,18,21,13,9,57,67,8,11,41,18,30,4,8,32,19,33,20,10,18,32,23,9,8,27,20,10,59,11,14,10,16,17,10,33,124,38,50,30,7,27,18,35,2,52,4,5,11,22,89,41,37,37,37,28,14,44,132,41,34,115,25,12,7,10,16,34,25,0,19,33,9,26,17,34,11,7,23,12,0,11,8,14,100,10,20,10,83,135,26,15,83,21,15,10,15,37,29,20,50,16,30,34,22,12,39,6,10,6,7,14,49,27,4,8,14,35,25,14,28,54,28,26,29,19,8,12,89,25,14,8,17,19,36,28,5,123,12,32,9,7,1,11,8,9,35,50,13,7,10,16,7,10,17,9,18,29,26,14,17,2,93,52,17,181,26,10,22,31,17,9,15
ERR912200,controle,9,18,48,3,5,68,30,0,93,30,202,7,30,12,20,12,11,7,43,109,0,26,9,0,13,16,11,48,12,2,3,6,50,19,60,7,101,33,25,43,45,11,16,14,16,22,84,108,22,30,24,65,6,37,28,38,48,75,5,24,3,128,4,60,13,26,14,27,14,7,18,20,70,42,37,7,50,33,51,128,48,36,35,5,20,143,41,43,0,40,10,21,15,110,43,81,75,25,31,64,13,36,17,15,2,85,11,16,31,30,40,15,12,74,3,75,86,23,0,22,2,1,48,57,108,78,56,114,6,29,30,4,19,31,18,38,5,0,49,365,26,20,34,32,7,0,47,31,14,15,10,7,47,109,0,9,7,26,20,21,25,126,8,65,18,25,20,15,16,9,11,16,1,21,10,31,44,14,9,47,22,48,7,93,0,55,18,23,9,3,45,39,62,25,40,94,16,9,20,128,19,74,56,13,26,58,5,20,41,32,36,55,20,20,53,48,58,49,306,24,97,5,95,73,14,21,7,10,37,106,88,9,3,15,13,18,42,56,6,11,30,15,42,23,9,29,35,7,7,26,96,0,25,14,28,15,33,44,3,29,45,48,38,109,96,90,71,219,81,60,58,57,9,8,20,20,61,4,105,32,16,22,91,14,23,13,35,53,33,30,18,20,67,30,26,11,21,81,27,184,52,6,50,6,204,83,25,74,281,390,18,22,13,21,0,14,22,59,0,53,39,66,11,3,56,32,53,22,10,60,9,36,81,20,35,95,53,41,28,11,8,32,17,25,23,18,24,52,84,51,66,72,36,152,35,35,6,16,7,8,570,35,100,7,36,27,15,24,9,15,157,105,4,22,104,2,22,25,2,95,9,90,16,28,13,58,20,9,6,68,37,94,25,69,20,69,43,13,52,6,46,96,63,0,17,16,5,52,63,151,136,104,8,105,79,169,56,55,18,151,39,13,12,88,11,62,19,16,137,32,52,182,0,174,7,36,30,55,88,58,84,39,41,52,33,223,43,7,5,96,24,13,53,14,18,48,23,142,26,330,87,15,2,5,0,9,7,12,23,7,5,33,59,17,7,16,46,66,4,4,32,38,46,51,79,49,26,49,30,21,57,0,67,85,79,12,42,12,76,88,16,0,21,7,10,28,104,32,4,43,77,33,41,14,99,39,21,76,18,38,41,10,26,21,10,9,13,22,9,46,53,34,12,125,14,8,0,16,97,64,45,43,18,171,5,78,8,28,18,44,72,56,96,0,29,22,3,186,3,9,77,5,35,14,14,15,170,14,5,40,48,12,9,15,15,7,76,4,16,1,18,37,8,133,31,9,6,12,47,16,11,7,207,3,8,32,15,27,135,30,211,22,34,9,15,13,8,66,26,22,48,21,54,9,327,96,30,38,24,43,44,0,8,15,9,214,0,14,82,53,2,20,21,5,30,39,6,14,12,59,110,0,12,8,36,45,20,7,58,21,11,7,7,36,8,40,8,8,38,18,3,16,14,33,5,36,43,19,57,120,29,21,15,5,26,43,22,5,4,47,13,268,47,37,28,59,17,7,7,47,30,85,44,389,42,77,20,0,21,38,16,33,5,2,5,41,55,48,45,14,8,38,18,0,33,11,5,130,10,17,20,5,14,0,0,77,40,43,13,9,4,33,2,7,32,17,24,20,35,35,3,45,8,15,7,4,2,20,8,18,37,50,32,20,36,38,55,55,16,1,104,9,39,9,32,12,44,11,56,17,133,6,16,13,17,24,11,0,0,47,28,11,15,14,17,7,5,49,34,19,24,26,0,11,25,110,17,50,64,85,27,25,47,18,0,1
SRR24907834,controle,2,22,52,10,8,49,62,30,27,25,103,20,68,16,59,9,42,16,13,41,23,25,14,5,2,15,4,7,50,2,4,34,8,0,41,26,24,67,6,12,56,13,9,10,0,13,48,75,40,33,19,93,1,34,24,6,40,53,3,6,16,101,0,19,60,7,22,20,9,0,22,11,39,19,18,4,67,33,8,121,10,50,81,18,5,85,56,25,22,35,69,96,5,30,20,15,101,88,14,15,19,24,13,14,48,66,39,13,25,9,2,8,21,92,4,38,20,30,8,0,9,12,49,4,90,13,26,76,6,23,53,10,129,68,21,38,0,11,0,95,0,41,8,37,2,6,6,73,13,19,4,25,49,65,0,26,8,0,115,4,106,71,16,12,31,14,18,48,59,108,33,8,15,49,6,6,22,49,10,0,91,27,13,35,5,16,45,5,48,4,16,9,29,29,58,116,10,6,40,107,13,58,114,18,182,8,26,4,42,36,19,28,13,15,19,40,39,23,105,15,103,20,62,0,2,23,0,57,39,14,83,14,2,5,7,14,65,20,6,23,34,19,9,19,17,70,67,6,33,30,21,15,45,17,65,11,45,10,4,24,44,32,7,100,26,58,34,104,46,33,9,15,79,86,99,11,9,68,96,26,10,9,68,6,11,1,10,20,2,4,40,41,26,31,25,19,32,72,26,141,4,6,76,13,285,34,20,8,275,200,31,19,8,17,33,11,10,58,4,12,40,45,3,7,18,3,43,28,8,4,3,57,38,0,36,27,93,2,82,32,8,23,2,14,12,11,59,2,5,18,30,107,29,99,41,5,11,32,17,16,423,0,49,13,5,115,147,64,8,0,32,76,16,55,13,32,12,0,2,70,37,73,32,9,42,21,16,11,2,22,52,20,25,149,5,6,57,52,37,7,38,80,11,48,16,23,34,0,115,59,228,100,67,103,46,128,57,21,2,115,0,52,15,53,50,131,21,28,60,0,116,67,9,36,0,42,89,6,13,48,67,15,13,4,285,212,45,21,5,55,4,6,74,28,10,25,16,177,29,440,32,4,16,11,33,3,8,1,43,2,5,63,35,25,23,0,29,26,29,7,12,2,7,11,31,15,20,97,10,37,39,2,19,80,52,107,18,3,0,12,22,42,39,26,9,24,40,50,0,43,50,41,16,33,253,41,50,55,9,3,16,14,34,25,36,0,42,44,12,4,12,5,6,116,12,2,17,12,183,152,70,13,30,114,36,21,6,139,11,48,67,89,153,8,19,4,183,112,12,26,46,7,14,0,12,16,193,0,7,42,22,23,12,9,94,6,69,194,0,2,22,18,3,56,84,3,21,10,47,3,18,6,51,16,4,35,9,23,36,11,201,10,106,13,47,9,0,85,11,0,45,38,22,14,345,122,52,50,3,46,34,15,41,31,13,36,10,29,38,46,28,18,12,0,7,132,11,34,22,73,200,26,24,5,2,3,3,0,71,9,17,19,16,45,1,85,54,4,12,29,17,11,3,22,27,11,3,31,63,158,47,37,6,7,151,5,29,3,10,5,4,35,0,54,20,6,87,15,4,23,4,21,75,124,9,18,11,15,36,7,17,20,9,34,0,12,5,5,5,21,15,105,40,7,3,22,0,126,0,42,7,26,4,21,13,73,16,19,0,10,13,52,3,16,17,0,41,39,7,24,17,17,0,25,7,18,23,15,31,8,59,7,39,38,53,31,16,55,0,8,109,27,8,11,20,15,31,0,45,2,146,12,40,16,9,4,0,19,10,16,59,9,7,19,23,0,5,41,19,7,16,39,11,23,5,136,67,47,140,90,15,30,14,49,18,9
SRR24907871,controle,13,5,57,16,2,38,32,27,33,0,71,4,26,17,55,0,58,2,0,64,25,35,16,6,0,11,24,26,64,6,0,33,28,1,26,14,24,75,0,7,22,15,39,10,0,25,71,60,25,57,23,72,0,32,46,32,25,40,3,28,4,165,0,21,35,16,15,26,6,13,32,9,6,26,23,0,53,19,22,75,27,30,54,12,7,68,59,4,45,38,32,76,17,45,12,16,57,98,2,44,0,17,5,48,28,51,44,2,67,26,3,22,16,70,0,45,31,42,16,13,2,19,60,11,73,14,27,103,10,23,15,12,91,30,7,5,2,22,0,67,7,51,10,37,10,23,9,39,18,55,0,19,29,54,0,8,8,8,56,0,106,100,7,18,31,30,0,69,19,69,7,9,29,45,28,24,15,51,10,3,79,13,17,0,0,33,41,11,51,2,2,9,13,54,52,123,11,5,30,27,16,16,55,40,188,28,28,4,31,18,28,48,19,25,25,53,23,92,99,22,77,8,71,0,13,47,0,18,11,24,74,27,14,0,30,18,15,4,4,22,35,16,35,15,5,63,53,7,30,28,23,2,19,0,77,9,37,25,10,7,79,30,3,80,19,37,57,131,17,48,10,12,28,74,70,36,13,43,72,92,18,5,103,18,5,8,7,12,9,11,21,61,26,46,36,32,25,49,33,158,16,19,56,15,201,38,23,5,198,169,43,5,0,14,62,2,30,35,21,9,59,44,12,9,11,14,67,12,2,0,15,14,25,0,7,10,80,7,33,43,14,14,0,19,6,15,29,13,4,29,11,55,62,110,38,26,29,29,28,4,265,0,21,16,10,88,156,8,5,0,43,62,4,26,32,51,9,7,8,99,63,88,45,7,4,8,25,25,8,12,43,28,32,136,10,10,59,46,26,9,32,76,12,30,4,22,22,2,76,55,182,80,70,30,43,113,42,55,0,61,3,81,12,56,59,152,47,38,31,8,86,49,2,50,0,36,77,13,21,26,84,33,24,15,296,146,42,40,6,27,11,37,47,28,11,18,12,129,27,354,18,0,4,15,26,3,0,9,45,20,9,75,53,9,4,13,22,57,43,0,11,5,24,22,39,17,33,57,8,24,72,0,14,38,67,71,61,0,6,13,9,45,17,42,8,34,31,28,0,45,57,59,9,35,145,38,29,66,15,3,4,8,25,31,30,0,84,28,13,23,9,10,19,97,0,5,27,49,162,61,83,18,33,28,32,8,3,127,35,25,45,81,171,14,22,29,112,104,20,13,44,20,30,0,23,26,117,5,10,58,44,15,5,2,78,15,80,59,0,5,25,0,14,35,47,2,16,3,40,0,15,6,48,26,4,51,0,4,80,36,234,18,17,41,28,3,0,42,4,5,48,22,24,23,202,114,42,41,5,47,20,0,68,18,23,63,13,27,37,21,26,14,16,4,3,31,9,6,0,110,177,33,14,4,7,2,21,5,31,11,3,7,10,32,4,49,9,4,15,52,38,5,5,59,19,6,7,25,39,82,50,38,6,5,134,8,21,12,6,7,7,27,5,97,54,24,28,21,3,8,18,13,37,12,15,8,8,14,3,1,15,17,18,2,4,15,20,0,0,12,30,68,41,16,13,46,0,120,4,58,7,25,4,28,24,45,12,0,10,7,22,23,11,27,4,4,40,29,2,12,14,4,1,18,18,56,19,13,11,6,64,3,47,37,73,22,27,89,3,0,72,28,17,14,33,9,14,12,47,4,101,21,54,26,18,0,3,9,0,16,43,2,7,12,39,16,9,16,28,33,28,20,0,6,2,14,102,8,264,77,7,15,47,33,15,0
SRR24907892,controle,3,4,20,18,3,8,7,24,31,0,46,7,6,6,31,0,9,12,3,23,3,23,11,1,0,5,4,11,8,0,4,12,3,1,9,12,12,35,0,8,26,10,10,5,0,5,13,14,19,37,8,33,0,13,25,7,15,34,8,3,3,34,0,4,17,0,3,12,5,2,19,17,4,11,8,6,28,11,7,68,22,43,26,6,5,17,26,3,14,3,23,20,0,15,13,6,40,28,2,32,0,0,0,6,35,8,9,3,6,11,7,9,28,15,0,14,4,0,13,6,12,4,3,5,29,18,15,18,5,12,5,6,30,22,3,36,0,4,8,30,0,2,6,4,3,2,43,16,0,22,6,6,27,26,0,18,0,4,32,0,24,34,33,7,36,24,5,22,10,36,13,5,7,22,12,4,19,30,2,7,9,4,5,10,15,5,10,15,14,1,0,7,0,39,31,15,5,6,0,11,4,9,22,17,38,6,4,2,3,15,16,47,23,2,20,20,5,36,15,19,30,5,20,10,2,0,2,8,7,11,25,0,6,8,3,5,17,16,0,16,15,3,5,15,8,29,22,0,24,5,10,0,11,9,7,12,22,6,1,8,2,20,4,49,64,31,25,22,14,7,2,4,13,38,6,4,6,23,35,25,4,7,12,3,9,0,17,12,9,26,27,3,10,10,15,5,9,34,26,65,10,0,9,4,95,7,3,4,86,101,15,15,10,10,20,3,3,29,11,19,8,5,3,8,11,5,30,0,9,0,11,3,15,1,5,0,21,3,3,0,8,2,0,8,8,4,2,7,0,5,9,29,14,16,4,6,2,16,12,0,176,0,25,12,0,30,72,0,0,0,18,42,4,23,15,7,6,2,4,13,14,38,18,0,26,10,5,14,6,13,20,17,8,57,3,0,12,9,26,4,20,19,7,17,7,2,15,0,36,20,57,29,10,23,12,43,6,0,0,36,10,25,2,24,8,104,0,7,18,0,46,30,7,29,0,17,66,13,12,19,14,17,14,0,62,117,22,14,6,48,0,13,12,4,5,11,8,42,10,144,16,0,3,0,11,2,6,4,10,2,5,22,43,4,3,4,6,19,23,2,14,2,8,4,9,17,2,12,6,20,16,0,13,38,38,28,20,0,6,0,36,10,10,11,10,22,6,11,0,36,24,4,8,6,13,15,16,15,15,7,0,6,17,32,5,0,18,2,8,2,5,3,6,23,7,10,13,24,81,23,22,8,9,11,0,20,0,39,15,3,10,45,23,5,0,6,85,56,3,3,6,11,10,0,0,16,54,0,9,28,11,18,6,9,42,0,36,23,2,0,14,3,6,46,20,8,7,4,14,0,0,0,14,10,6,27,6,2,29,7,40,16,13,5,20,3,0,2,7,14,3,2,16,26,155,41,10,40,3,4,18,0,29,12,2,33,7,7,13,2,0,0,13,4,5,15,2,15,0,28,47,0,4,16,2,0,10,3,6,6,3,7,0,17,2,12,2,3,3,4,5,14,2,8,0,0,6,5,15,47,31,13,12,17,19,9,12,0,3,3,0,20,1,30,17,7,7,14,10,6,4,4,72,12,6,4,4,6,0,3,17,3,2,2,1,2,10,0,0,0,0,6,7,3,0,4,0,53,12,31,6,3,7,11,0,26,15,0,5,4,2,13,4,24,16,0,5,3,0,2,8,7,2,8,2,14,10,3,6,11,30,0,17,23,25,11,4,9,0,4,4,7,10,4,13,3,9,6,4,0,92,8,30,6,13,5,0,5,5,3,4,8,2,4,3,16,0,3,8,4,6,11,8,0,3,36,16,15,114,30,4,23,6,23,6,0
SRR24907906,controle,3,10,14,0,0,6,6,6,14,4,38,0,10,6,9,3,6,0,0,9,6,10,2,2,1,13,0,13,7,0,0,23,0,0,35,2,10,11,0,0,9,7,12,2,0,8,19,27,13,13,6,28,0,16,3,2,18,23,1,7,3,50,0,7,10,4,0,2,5,0,7,0,13,9,5,1,17,5,4,33,3,14,17,18,10,14,12,6,8,15,10,25,0,13,9,8,10,21,0,11,6,3,0,7,17,8,10,1,9,12,0,2,9,17,3,14,8,0,8,0,5,5,1,9,16,2,15,24,0,4,4,6,27,10,3,12,0,0,0,23,0,8,6,13,2,0,0,17,3,0,0,4,9,21,0,10,0,11,18,3,15,40,2,10,10,12,2,19,4,54,3,2,1,9,9,5,6,15,0,0,2,11,3,0,1,4,19,3,9,1,9,3,0,16,22,27,4,6,4,4,8,14,11,10,25,16,13,0,3,12,3,12,13,6,8,8,7,8,21,5,16,2,48,9,6,0,0,7,12,8,16,13,4,3,6,0,11,8,0,14,5,2,3,12,6,29,16,0,6,5,6,0,5,4,19,8,29,9,1,2,15,7,5,28,18,23,15,51,28,30,7,3,24,18,34,18,4,7,23,42,5,2,25,3,3,0,3,3,4,8,13,5,9,9,5,8,6,29,9,55,11,4,10,5,63,14,0,0,51,25,2,3,0,7,6,8,5,14,16,2,8,9,0,3,0,0,11,10,0,0,3,5,4,6,6,9,22,8,4,0,5,7,3,13,0,0,22,5,4,7,11,31,15,17,19,0,9,11,19,3,103,0,27,3,5,12,54,5,6,0,15,24,1,5,10,20,8,5,0,12,9,53,11,0,7,12,5,9,3,5,19,7,6,21,3,5,5,15,9,0,5,9,3,9,0,9,5,0,20,15,60,28,14,14,10,46,16,6,8,32,1,15,12,20,9,28,0,9,10,0,29,27,0,14,0,10,26,5,14,17,21,10,5,7,91,64,11,6,2,11,2,7,14,0,7,6,8,49,3,149,3,0,4,5,2,0,0,0,12,0,4,28,13,0,3,0,13,2,11,0,7,2,2,2,20,2,4,9,3,8,17,0,6,11,24,10,18,0,3,5,0,8,5,12,2,13,6,13,0,22,21,15,3,5,24,31,10,16,2,0,0,3,7,14,10,0,9,2,3,3,1,7,5,14,4,1,7,4,47,30,15,4,12,7,6,5,3,29,20,6,12,26,44,5,8,1,37,28,2,1,16,6,23,4,20,7,37,0,1,18,6,8,0,0,23,1,38,9,3,4,2,0,2,7,14,8,0,3,12,2,0,0,22,4,5,22,1,4,4,19,37,5,8,3,6,0,0,4,5,0,8,0,18,3,59,12,9,18,0,13,11,1,10,8,8,21,8,21,9,3,0,2,5,0,0,34,2,0,2,26,40,0,8,1,0,0,4,5,17,3,3,2,2,5,1,9,2,3,2,17,6,0,2,3,0,3,7,5,11,36,9,7,9,8,25,8,2,3,2,6,5,22,0,13,16,0,2,2,0,4,3,4,36,12,0,7,6,0,0,0,5,8,7,1,3,9,9,9,0,2,6,0,16,6,0,5,17,37,3,8,0,21,14,2,2,27,5,0,0,2,0,11,16,7,7,0,14,9,2,2,3,4,0,1,7,13,5,6,2,2,7,3,5,10,11,15,6,11,0,2,5,10,15,6,6,3,6,8,15,5,39,4,16,6,3,0,3,2,0,6,9,0,2,4,0,2,5,0,7,8,5,0,2,11,5,27,22,8,16,23,2,10,11,9,5,0
SRR24907908,controle,3,20,16,7,0,16,7,13,11,4,42,3,19,11,23,0,5,4,0,29,12,13,0,0,0,5,2,8,7,0,0,3,4,0,6,29,10,25,0,10,37,9,10,9,0,5,29,12,7,34,9,41,0,14,12,10,9,22,0,7,4,20,0,6,17,5,3,9,0,0,13,7,19,8,6,7,23,11,0,20,3,29,36,5,0,25,47,0,18,13,25,51,0,8,7,5,18,19,0,3,0,0,0,2,37,11,16,2,0,22,4,0,9,16,0,5,14,5,5,8,7,5,2,9,36,5,5,16,0,0,0,8,38,23,0,24,0,4,0,18,3,18,15,13,0,3,10,17,14,0,10,7,20,22,23,3,1,4,28,8,42,70,2,29,9,16,7,26,10,63,5,2,7,11,8,4,4,27,4,4,10,2,2,4,7,9,9,0,7,1,3,0,7,21,29,22,11,2,7,101,4,10,31,2,72,15,7,0,6,6,11,52,3,0,6,18,5,0,26,5,30,2,40,4,2,2,0,6,7,3,16,12,0,6,8,12,10,5,4,6,11,0,4,11,3,34,25,4,12,14,8,4,19,4,40,13,15,6,5,10,9,5,3,57,35,15,29,44,7,16,2,0,18,31,29,2,3,15,57,7,10,3,22,0,1,0,3,8,0,8,22,10,12,8,12,2,7,17,4,42,5,0,7,0,76,15,1,0,105,98,5,15,0,7,11,7,5,22,6,4,6,19,0,1,2,3,5,4,3,0,2,2,12,0,17,5,12,0,6,14,0,3,0,3,0,3,19,2,0,11,15,37,16,25,11,0,6,14,7,0,182,3,17,4,0,17,69,2,4,0,13,14,4,31,21,9,0,4,6,50,14,20,17,3,10,5,7,4,4,13,18,13,11,67,4,0,10,3,16,1,12,26,6,20,4,16,10,0,33,22,52,29,15,29,16,39,21,4,0,47,3,11,0,15,9,82,5,5,18,0,38,26,4,36,0,15,70,5,9,10,22,5,9,0,67,89,6,14,4,7,0,12,25,4,2,8,8,39,6,74,15,2,3,3,9,0,0,0,15,0,8,17,6,6,3,3,6,17,18,0,7,0,17,1,12,7,7,26,0,22,14,0,0,49,32,13,17,0,0,5,4,10,4,16,15,4,10,17,0,22,9,12,2,9,46,7,21,20,2,0,10,11,9,12,10,0,26,4,0,5,3,9,8,23,2,0,9,0,74,41,30,5,17,14,2,7,2,39,23,5,15,29,55,5,2,7,115,54,3,3,12,12,4,0,4,34,32,0,13,14,16,12,3,30,62,2,27,27,0,2,11,3,7,8,23,6,6,2,14,0,0,2,21,7,3,31,0,6,16,8,98,3,24,4,13,5,0,8,0,6,17,2,14,43,50,40,10,9,0,14,0,0,12,11,0,30,7,4,9,0,4,0,5,2,3,14,3,3,0,32,31,6,9,11,0,0,7,0,15,2,2,0,1,30,2,16,8,0,6,8,6,20,10,12,0,0,0,19,11,20,19,20,0,7,27,2,8,3,14,2,0,23,1,15,12,5,7,7,4,6,4,10,13,16,10,8,15,0,0,0,11,11,1,7,13,0,4,4,0,2,8,17,6,4,0,8,8,24,2,27,2,15,26,19,9,8,14,0,3,0,4,10,1,7,7,4,10,6,4,4,12,8,2,0,5,15,0,5,2,2,25,4,5,26,16,17,4,9,0,0,8,8,4,3,12,0,6,3,22,4,87,7,19,11,4,4,2,8,0,0,6,4,3,0,0,0,2,6,0,2,5,10,3,4,0,16,12,10,71,34,4,12,8,17,6,0
SRR24907938,controle,4,7,23,5,2,34,7,2,8,4,11,0,7,6,4,0,6,3,3,3,2,0,5,2,0,7,0,12,11,3,0,4,4,0,8,2,3,19,18,0,10,9,11,3,0,6,4,7,1,8,3,9,3,9,0,4,5,34,3,3,6,33,0,4,13,0,24,2,0,2,7,2,4,19,1,3,7,0,0,8,0,16,5,3,3,26,5,8,5,7,5,16,0,18,7,3,17,8,2,10,6,2,6,0,3,0,7,4,14,3,0,5,4,5,0,8,2,0,3,2,0,2,3,0,11,10,2,14,3,6,4,10,12,15,0,30,2,1,4,25,3,2,3,5,8,3,6,5,2,2,0,4,15,7,0,3,0,6,7,2,6,23,0,3,7,11,0,17,4,4,3,3,3,8,5,4,11,9,0,0,8,4,3,6,7,11,10,2,5,1,6,3,0,6,5,18,4,0,4,82,2,8,8,8,28,2,1,0,17,11,7,16,9,5,5,4,3,11,17,7,8,2,41,10,3,5,2,1,6,6,14,2,0,0,3,4,3,7,0,0,4,8,4,12,0,4,13,20,5,0,12,1,7,4,7,2,8,1,1,5,21,14,4,28,18,49,10,8,60,9,3,4,5,25,10,2,3,4,15,13,9,2,23,3,0,2,5,6,0,8,5,4,15,3,9,1,3,9,2,26,4,2,7,2,24,5,4,0,36,19,2,4,0,6,2,2,3,8,4,3,3,2,3,1,22,3,3,8,0,8,5,2,5,0,4,49,14,10,2,3,0,6,0,0,0,0,6,0,0,4,6,13,12,22,8,3,0,5,2,2,82,5,12,5,0,37,25,6,8,4,6,21,2,4,6,12,10,0,1,7,2,12,6,1,5,9,7,2,22,7,8,4,11,36,4,14,5,9,5,2,9,11,0,7,6,22,7,0,21,12,35,33,6,13,16,12,3,6,2,11,1,6,2,19,28,17,2,11,17,7,35,30,2,22,0,9,31,22,6,17,4,14,0,2,36,27,18,5,2,11,5,2,5,3,8,6,3,22,9,72,7,0,0,0,4,4,0,1,2,3,1,11,7,5,6,0,12,10,3,4,4,0,2,4,17,3,3,9,2,5,4,1,7,9,15,5,15,3,5,11,4,4,14,3,0,5,13,5,2,22,18,4,5,0,25,9,6,2,4,3,3,5,11,5,2,2,5,4,0,3,2,2,0,22,8,2,2,3,52,6,12,2,4,11,0,6,0,24,0,4,8,7,19,8,3,3,21,44,5,2,7,2,4,0,4,4,21,0,7,4,3,9,4,0,4,2,19,8,0,2,3,7,2,12,5,4,1,3,5,0,2,5,12,4,1,12,2,3,1,4,39,10,6,5,3,0,2,0,2,0,9,2,25,4,47,10,4,6,0,8,4,0,23,5,3,23,2,2,10,2,1,2,5,3,3,5,4,2,0,25,9,14,3,4,0,0,2,0,15,0,2,2,3,0,0,0,7,0,7,3,2,4,2,3,6,0,7,4,5,18,8,2,0,0,6,9,4,0,12,0,6,3,1,16,2,4,1,7,4,11,0,22,17,11,24,9,7,0,6,0,4,24,0,1,0,0,9,2,11,0,5,11,0,3,28,12,0,18,0,6,2,2,7,7,2,18,2,0,4,12,2,10,3,5,0,2,3,3,2,0,5,2,2,5,8,9,2,3,0,6,0,39,5,4,6,3,3,17,0,2,5,2,2,3,10,0,0,2,6,0,31,5,9,7,5,2,2,2,3,11,4,2,3,2,6,3,4,0,8,4,0,2,3,1,3,37,16,9,68,23,4,8,4,4,2,2
SRR24907942,controle,16,6,10,10,3,5,8,8,10,0,32,28,10,7,13,15,7,13,43,24,1,15,8,2,0,40,8,4,4,3,8,17,5,0,13,2,20,22,5,12,17,3,4,24,6,2,18,33,8,21,7,48,2,9,13,2,12,31,10,5,4,59,11,10,10,5,5,5,13,4,21,5,4,21,10,8,30,14,12,53,28,26,31,5,0,36,8,22,6,7,10,20,6,22,10,14,39,28,4,27,31,0,3,10,16,18,7,15,15,6,4,0,12,66,0,34,4,12,7,0,3,2,0,0,14,7,11,38,9,9,5,6,43,47,5,5,8,1,2,35,0,2,4,8,2,5,12,21,0,9,4,10,29,44,0,60,5,6,10,0,25,50,6,8,20,9,3,23,14,26,9,6,6,30,7,15,21,20,10,7,13,15,1,6,0,9,8,3,10,0,6,22,10,17,35,35,9,11,11,153,2,9,26,7,12,9,6,13,11,13,6,14,15,5,21,7,11,43,53,6,19,2,24,3,3,5,0,1,13,13,22,1,4,12,12,5,24,19,3,29,9,6,8,8,21,15,27,0,7,24,18,3,4,11,19,12,34,5,6,7,8,31,22,83,30,41,19,44,13,32,22,30,21,27,26,6,4,10,24,21,4,1,51,3,4,2,7,20,7,23,14,18,24,17,8,2,11,37,17,76,19,3,7,7,115,24,4,0,73,135,23,11,2,15,8,2,12,26,13,24,32,18,0,15,0,5,16,11,3,8,3,12,5,3,3,27,32,2,5,15,7,9,3,7,8,4,11,0,5,9,11,31,17,43,18,3,3,4,11,14,185,5,25,0,0,9,56,7,0,4,35,51,6,15,9,32,10,2,0,14,10,26,18,4,20,7,4,23,0,8,22,13,6,56,8,5,36,23,14,7,22,18,6,21,2,3,22,6,33,18,123,49,15,69,23,46,15,15,9,29,3,41,16,12,13,42,15,31,13,0,80,50,3,20,3,15,25,8,28,17,15,28,14,4,114,97,39,11,11,33,4,3,38,4,4,16,9,61,20,188,12,3,18,0,2,3,20,0,11,6,4,22,13,16,4,4,15,19,18,0,2,4,6,5,50,21,8,14,0,11,24,4,10,25,32,28,18,0,9,7,0,4,13,7,7,10,37,11,0,43,11,3,6,7,33,25,9,18,6,15,5,3,4,13,18,11,22,12,13,12,4,21,9,15,14,7,10,3,50,39,23,26,13,31,0,8,4,53,35,20,11,32,37,12,4,5,25,32,3,12,27,8,18,12,15,11,82,3,3,33,15,14,3,12,29,8,44,22,10,2,14,0,6,73,20,7,4,4,4,0,4,7,28,2,4,27,11,17,25,6,62,10,25,11,15,13,0,12,2,5,7,8,21,6,129,28,9,32,1,7,22,5,17,25,4,52,2,8,33,0,7,3,5,2,3,22,4,17,7,44,62,9,6,10,0,0,7,4,54,11,12,2,3,15,2,21,9,4,14,17,7,9,11,13,0,9,20,3,21,118,25,12,6,8,44,3,24,5,8,7,19,28,3,17,5,7,2,17,24,14,7,53,11,21,0,13,8,8,3,3,7,5,7,9,2,3,2,2,3,8,3,41,14,2,2,5,4,50,2,16,4,7,7,5,2,48,9,8,5,4,4,14,4,14,10,4,31,6,5,15,5,11,2,10,0,9,12,2,15,8,18,4,8,3,25,16,20,43,0,5,16,6,5,10,7,7,25,4,21,9,61,0,9,9,5,0,2,21,6,20,12,17,4,17,8,3,2,0,27,5,14,29,15,6,12,27,33,10,54,32,10,10,5,26,4,5
SRR24907950,controle,2,66,17,0,0,4,2,8,5,7,29,21,11,4,12,0,2,14,0,18,4,7,3,2,0,7,7,3,6,4,0,5,4,0,6,21,10,21,10,10,71,3,8,0,0,3,8,4,16,19,8,0,0,14,9,7,0,40,2,32,5,41,8,0,29,9,18,19,9,2,6,4,7,8,4,0,9,0,0,24,8,22,21,5,0,9,5,16,6,4,18,55,5,32,6,2,10,24,2,0,34,13,3,19,34,15,16,0,116,71,0,0,3,415,0,9,6,0,5,3,1,1,3,9,7,18,3,83,0,7,16,5,212,6,2,13,0,0,0,16,0,8,13,3,5,18,2,11,3,0,4,8,11,33,88,4,0,164,0,6,26,313,5,3,8,26,0,189,2,42,0,4,12,40,5,2,123,20,14,0,3,5,2,11,2,264,14,17,0,0,2,0,5,23,110,5,0,0,2,6,12,0,5,4,25,3,191,12,23,4,6,10,0,0,10,48,0,16,61,6,25,4,48,74,2,9,4,13,0,9,12,4,5,260,6,20,6,4,0,132,3,6,127,610,8,30,25,91,10,16,11,4,29,15,6,14,3,0,3,2,5,15,12,16,22,9,11,27,31,11,8,14,11,8,20,0,0,6,35,22,15,1,56,0,0,2,5,7,0,2,17,7,12,6,5,7,6,5,126,51,13,0,3,0,64,25,3,0,36,64,56,10,13,16,17,3,2,6,3,14,16,17,7,1,5,0,10,3,2,0,4,0,9,0,84,17,7,2,0,21,6,3,0,0,3,6,7,2,0,0,2,17,21,16,18,0,3,8,5,3,161,0,33,3,5,0,48,2,12,0,234,7,7,13,6,7,6,0,3,12,7,25,17,4,13,5,5,4,8,7,9,7,4,89,0,8,7,3,19,0,32,17,8,12,0,7,7,2,135,76,80,61,1,71,3,9,10,0,10,38,0,5,0,88,8,54,2,4,166,13,31,15,0,24,0,3,140,11,5,26,10,24,49,4,50,78,6,6,0,25,12,3,5,47,0,12,6,20,21,18,17,3,0,6,2,0,11,0,119,6,5,10,14,19,3,3,10,9,13,11,0,0,4,3,45,0,15,9,0,12,6,3,4,17,19,4,20,0,7,13,9,0,18,1,19,3,0,6,0,5,27,4,0,1,19,9,13,9,9,5,5,2,205,25,12,0,11,9,0,11,0,0,8,17,3,0,5,3,230,26,51,0,12,7,0,6,3,20,3,2,34,32,12,13,6,7,58,35,10,0,6,6,4,102,37,8,7,0,24,9,13,19,10,6,24,5,41,19,7,5,7,0,4,0,8,0,3,0,4,0,4,26,14,36,8,18,0,0,3,0,51,2,4,10,30,0,0,2,2,0,33,5,7,5,49,22,9,16,45,2,12,0,9,3,8,14,0,0,70,6,0,0,1,0,0,3,2,0,4,61,6,11,3,0,0,0,2,0,25,0,0,4,2,2,2,10,0,0,0,0,2,1,0,2,0,7,14,77,13,64,2,4,27,11,2,2,2,13,21,124,2,14,2,37,12,6,5,6,0,0,8,65,17,4,0,10,2,5,5,7,10,2,2,0,9,7,2,0,0,0,5,0,0,2,6,9,0,13,0,20,0,2,97,9,8,82,3,0,3,0,13,3,3,13,2,4,0,0,0,7,17,14,0,5,2,2,19,0,3,0,0,16,3,3,12,3,7,0,0,0,4,7,0,2,2,4,0,4,7,0,50,20,27,15,2,3,0,19,0,3,3,7,0,0,2,4,0,4,8,8,0,4,7,6,0,7,5,0,100,8,0,18,10,10,13,11
SRR24907956,controle,0,2,6,10,0,6,5,5,10,8,29,0,10,18,12,0,12,3,0,13,10,1,4,4,0,7,0,6,7,0,2,14,2,0,4,6,7,29,0,0,17,3,13,0,0,2,12,8,4,12,4,14,0,5,5,9,8,27,1,8,1,13,0,7,9,3,5,4,2,2,13,2,16,5,9,0,4,2,6,4,9,15,33,8,0,18,21,3,8,19,16,31,0,5,0,0,14,30,2,12,0,0,5,9,21,6,14,0,9,4,0,3,0,17,0,5,17,8,5,3,0,1,1,5,20,6,10,10,0,2,10,8,18,11,3,0,3,0,3,18,8,18,4,17,3,0,0,8,9,0,3,1,14,4,3,13,0,3,24,2,17,30,0,7,9,17,2,21,6,35,7,2,3,8,18,5,4,15,9,0,3,4,6,6,0,8,16,2,1,0,4,7,3,4,18,25,0,0,0,44,5,0,28,8,42,5,6,2,4,14,3,16,3,2,7,11,5,6,19,10,21,8,30,0,0,4,0,8,2,10,15,7,2,0,3,26,5,3,0,5,5,2,14,13,9,14,14,0,9,3,6,2,12,11,3,11,2,5,0,8,8,7,9,31,10,11,13,12,11,0,4,8,15,16,14,7,5,8,12,7,3,3,24,11,1,0,0,14,2,3,6,2,17,6,6,0,4,15,9,43,0,2,8,9,50,22,4,0,48,68,18,7,0,8,4,7,3,9,8,11,0,7,8,2,0,3,9,7,0,0,0,10,2,0,6,8,10,0,2,6,5,2,0,3,9,0,6,9,11,4,13,5,13,25,15,0,2,11,6,0,80,0,0,8,7,5,47,0,6,7,7,19,2,7,5,2,18,0,0,10,9,30,16,0,8,0,9,5,0,7,11,3,9,39,0,0,0,4,9,1,6,22,3,7,0,16,4,0,15,7,46,17,10,35,10,16,8,6,0,32,0,36,3,21,12,39,4,10,16,4,50,8,3,15,0,11,26,5,7,11,14,8,5,11,20,42,23,6,2,14,0,2,10,10,3,0,11,35,2,80,26,5,0,6,4,0,6,5,15,9,0,8,3,9,0,8,11,12,8,4,11,3,2,5,7,4,0,17,3,5,8,0,4,10,18,6,14,0,0,10,6,5,0,4,0,2,13,20,0,11,23,16,7,2,29,11,11,8,1,0,0,8,8,20,22,0,2,0,6,5,0,2,0,12,3,0,6,4,64,22,23,4,5,12,8,5,0,33,9,2,12,21,61,4,9,1,50,38,1,3,3,2,0,2,22,0,33,0,3,7,6,10,19,6,18,0,22,6,0,0,3,0,0,0,5,2,2,3,14,7,0,6,9,2,2,12,0,0,5,2,71,9,15,4,8,7,4,2,3,0,16,0,8,5,38,17,18,8,0,2,21,0,14,7,2,22,1,3,5,2,7,4,0,0,0,8,0,9,0,33,21,14,4,4,0,0,5,0,10,0,3,0,0,7,0,3,0,3,0,5,2,6,3,6,0,0,3,15,5,19,19,16,9,2,7,2,5,0,7,5,0,4,0,14,3,0,6,4,0,5,0,18,11,42,0,10,2,3,10,0,13,2,1,1,0,3,11,2,11,0,3,6,8,7,3,7,5,6,2,26,0,16,24,11,10,0,5,5,0,0,0,13,5,4,4,0,4,2,0,0,8,12,0,2,7,16,7,0,3,12,3,0,7,0,18,4,8,11,0,0,5,6,5,6,3,2,0,3,3,0,51,5,20,9,6,2,0,5,2,14,4,0,2,0,7,0,7,13,0,0,3,2,0,13,2,18,8,8,65,23,4,10,15,8,5,0
SRR24907957,controle,2,4,11,0,0,6,2,4,8,11,22,0,20,11,13,3,2,8,0,7,6,14,5,0,0,9,2,8,13,0,0,7,3,0,6,0,2,8,15,0,12,3,5,6,0,3,3,8,8,14,7,12,0,4,13,3,3,19,5,8,0,29,7,5,18,2,0,0,2,0,5,9,5,12,2,0,5,2,7,50,9,28,14,10,12,12,18,10,2,8,17,20,2,5,3,0,18,15,6,9,0,3,19,9,28,3,8,3,20,8,0,3,0,0,0,13,5,3,11,0,0,0,0,3,15,4,7,8,0,2,8,4,8,3,3,6,0,0,0,9,0,6,14,10,3,2,3,11,3,0,0,7,6,6,0,3,0,7,15,0,7,21,0,8,4,16,0,36,2,23,2,7,3,14,2,8,11,19,0,4,0,8,4,0,2,3,16,2,3,3,2,5,12,14,9,13,3,0,4,0,3,0,11,3,26,6,5,5,4,2,9,15,3,2,15,6,0,10,11,20,16,2,26,0,9,0,3,2,2,0,10,6,0,0,5,11,2,2,0,6,10,2,0,8,9,25,11,0,9,0,2,1,4,11,0,3,5,2,0,10,4,12,6,24,14,7,9,30,30,12,3,0,5,22,18,5,8,7,19,21,2,6,13,0,0,0,9,0,4,4,12,4,15,4,6,2,5,17,0,38,0,0,8,0,36,14,3,3,44,77,7,6,4,5,11,0,2,3,2,0,3,6,0,6,0,0,9,11,0,0,4,3,10,0,11,10,17,0,7,14,8,0,0,0,2,0,13,5,2,4,3,13,13,17,18,0,0,14,4,3,81,2,34,5,3,8,34,3,0,3,17,4,3,9,3,6,5,0,0,13,5,9,15,2,8,0,2,4,2,7,5,3,12,38,2,0,0,3,11,2,10,10,13,9,2,8,7,0,6,3,25,22,7,24,10,23,3,0,7,35,0,10,2,5,6,32,3,10,10,0,21,16,0,7,0,5,31,16,16,26,5,10,0,0,52,58,8,5,0,21,0,12,9,0,2,9,2,33,2,24,13,3,0,2,1,2,0,0,7,4,2,16,7,0,3,2,13,8,20,8,9,0,0,3,6,5,2,9,3,12,4,0,6,3,14,2,15,0,0,7,0,2,0,1,2,0,0,12,0,15,14,7,0,0,10,9,10,15,3,8,3,2,6,7,8,0,15,5,0,4,2,5,3,16,0,0,9,3,45,23,36,7,2,18,0,0,0,25,23,4,7,26,32,0,3,0,41,43,2,5,0,8,5,1,18,3,34,0,3,5,0,5,0,3,18,4,17,6,2,4,8,0,4,24,7,0,0,0,8,7,2,6,6,4,0,26,0,2,3,0,28,9,0,4,10,5,0,2,2,2,7,0,6,3,39,26,12,5,0,2,0,0,15,10,9,34,2,3,5,0,0,2,12,0,5,0,4,2,0,21,16,2,1,7,2,0,4,4,24,3,5,0,4,3,0,0,9,2,5,0,5,1,0,0,6,0,3,17,10,41,16,17,32,6,6,0,0,12,10,2,0,10,1,23,0,0,0,2,0,6,0,18,20,10,0,11,6,0,4,0,8,7,0,0,0,0,2,2,6,0,10,2,7,2,7,10,11,4,9,39,0,9,0,13,5,5,9,0,0,0,0,4,2,5,5,2,0,0,2,7,9,6,0,0,9,15,2,0,0,2,9,3,1,3,13,6,2,8,0,0,2,6,3,8,4,0,0,3,2,0,22,13,23,11,0,0,0,5,6,0,3,0,0,0,0,0,0,0,7,3,0,6,0,3,0,6,19,12,52,5,7,9,10,10,6,2
SRR24907983,controle,6,36,82,5,2,37,39,22,29,0,80,80,31,26,20,7,24,4,3,32,11,21,18,0,2,0,22,18,26,4,3,19,11,0,26,111,29,60,0,25,132,20,22,2,0,7,46,41,9,71,18,61,1,22,21,15,14,71,0,16,20,74,0,10,68,3,3,24,32,2,89,9,24,29,21,0,85,13,8,108,4,46,60,9,0,52,50,0,40,15,43,96,0,16,24,15,96,30,7,23,0,13,24,8,27,44,55,11,63,101,8,17,15,364,2,67,31,22,11,19,23,8,19,25,49,32,0,167,6,52,33,145,329,44,3,21,3,14,0,102,3,24,17,24,4,7,49,52,18,21,7,23,70,124,133,24,3,60,46,1,101,317,14,10,22,23,0,184,44,96,12,18,25,32,6,2,182,77,10,0,30,19,8,35,7,307,10,14,57,11,33,34,29,15,76,86,19,0,24,18,6,17,76,32,122,14,175,19,38,25,28,46,9,12,25,79,40,45,85,10,98,23,165,21,28,17,0,23,13,33,60,11,7,230,10,16,42,24,4,158,35,16,112,631,7,46,67,108,40,10,24,2,35,20,59,20,61,14,4,18,37,11,15,124,118,24,34,89,57,46,8,12,33,87,48,20,28,43,64,48,15,22,33,15,11,4,8,22,2,0,41,26,35,22,38,16,29,67,135,131,16,5,39,9,134,32,4,18,265,179,16,10,7,31,43,13,25,54,8,11,37,29,12,9,14,8,20,29,0,4,9,8,37,5,90,37,85,0,22,27,5,17,1,8,9,5,28,40,4,29,38,43,32,82,28,2,8,23,20,13,440,3,39,6,3,133,126,14,8,2,315,111,7,28,22,21,20,19,3,66,55,69,45,6,62,14,28,0,19,24,56,32,35,91,5,13,29,60,40,5,41,81,33,63,10,21,24,5,164,91,149,82,29,117,55,61,36,9,3,66,2,60,3,97,36,191,6,36,160,5,71,93,20,53,0,36,204,26,10,50,41,20,19,13,172,281,44,5,0,23,6,35,75,18,9,19,21,116,19,300,48,0,30,10,15,6,7,5,136,0,10,63,35,11,0,11,36,29,31,20,22,5,5,8,65,10,20,41,13,15,22,1,8,63,49,52,42,0,2,31,25,29,55,31,12,11,29,32,3,55,60,57,13,20,105,47,38,66,38,0,7,33,139,27,27,0,52,7,3,10,7,17,0,79,16,11,8,12,341,44,47,10,22,101,18,19,6,116,7,13,55,54,146,25,9,9,185,128,12,16,31,10,39,54,31,44,113,11,16,58,17,19,14,31,81,16,77,53,7,6,18,8,9,66,54,5,5,6,37,3,6,5,43,0,8,66,6,23,21,33,331,20,24,13,33,7,17,29,13,0,32,10,38,30,214,125,36,27,21,39,72,19,64,54,6,112,6,9,152,11,11,16,10,2,5,35,9,22,4,96,106,127,22,6,2,3,4,4,53,21,14,4,16,35,6,25,2,3,7,21,10,21,9,12,12,9,23,112,32,80,32,22,24,11,36,22,24,0,9,103,9,27,4,67,26,6,20,18,5,37,0,18,30,36,58,65,25,16,30,2,14,5,3,4,14,8,17,2,9,4,2,30,43,53,4,12,0,120,15,44,2,27,138,30,6,152,33,0,0,7,8,22,1,13,19,0,47,20,7,18,9,13,2,11,14,33,17,14,7,9,34,41,8,61,27,26,18,53,0,4,55,25,16,13,51,13,16,2,37,2,145,4,27,17,4,0,0,15,2,11,31,18,13,10,11,5,2,0,15,15,2,10,13,5,20,92,51,35,367,70,2,27,39,28,30,0
SRR24907984,controle,32,27,34,20,11,23,37,20,106,15,100,14,42,24,32,16,17,18,7,48,18,19,27,2,9,25,23,31,20,10,6,30,21,0,67,36,61,94,0,27,63,12,46,40,16,29,54,72,16,55,18,176,0,50,26,15,46,201,18,61,37,143,21,33,31,12,16,26,18,8,69,22,20,68,19,2,77,26,26,113,33,76,70,56,5,99,42,8,41,29,34,61,15,101,61,45,187,76,20,44,19,14,9,7,29,38,19,12,93,53,6,9,16,239,20,141,14,26,15,28,10,12,3,17,75,50,9,132,9,25,44,17,159,173,17,38,40,18,3,199,5,13,11,37,0,12,35,64,26,14,8,29,67,78,0,209,6,17,87,3,68,188,47,21,15,27,6,73,68,88,26,17,30,30,0,37,130,49,4,15,38,20,8,12,20,113,30,14,14,16,15,73,34,16,111,207,18,4,35,254,12,113,158,27,87,40,94,31,69,87,45,97,37,35,72,38,69,32,122,50,68,50,183,10,30,48,11,31,53,40,88,8,4,120,52,35,51,59,16,50,12,12,73,140,78,35,64,72,27,16,43,37,26,9,63,10,109,36,4,11,40,54,88,160,142,67,105,173,85,285,21,61,106,98,175,54,14,64,63,106,13,26,147,12,19,5,5,27,8,28,72,47,94,35,48,17,27,161,80,264,37,23,67,31,241,54,43,23,185,328,26,15,11,8,27,27,34,94,54,49,80,58,23,28,7,16,83,45,4,13,25,81,81,5,60,70,168,14,21,41,15,63,9,38,21,16,66,14,10,29,66,138,52,109,56,5,21,38,29,19,570,9,47,13,15,66,126,29,22,0,211,141,14,38,35,92,74,35,12,100,59,90,35,11,16,43,10,18,6,37,94,37,12,92,12,40,68,119,30,19,54,78,26,47,11,11,89,5,162,68,261,163,43,146,108,124,94,52,22,57,16,89,34,83,71,122,28,100,89,8,290,174,19,49,3,55,134,46,45,149,55,64,17,38,298,227,97,59,5,146,13,15,84,11,21,36,32,163,21,649,97,6,25,28,18,14,42,4,55,2,4,113,74,51,17,7,58,42,25,3,47,23,46,16,94,33,40,27,13,11,68,2,30,95,59,82,33,0,12,27,50,15,27,45,7,38,72,33,0,121,49,31,60,46,120,102,26,113,22,14,25,24,63,28,34,0,95,96,44,26,14,28,12,57,22,7,18,27,178,80,77,42,15,136,6,45,19,155,89,140,23,174,158,59,2,6,120,66,13,25,66,28,35,46,59,55,222,9,7,65,18,18,63,56,117,6,147,84,11,26,41,58,9,179,68,36,11,15,82,5,35,14,81,10,13,37,6,33,112,40,221,25,17,29,62,25,40,39,5,21,17,43,62,35,415,105,36,47,31,30,61,25,92,103,17,175,27,41,106,6,24,21,15,18,15,86,24,15,13,145,210,66,25,35,17,16,16,20,101,10,36,17,2,50,8,59,8,11,38,48,46,21,13,18,4,19,72,56,84,112,53,24,0,17,181,26,65,5,29,33,35,70,3,48,28,33,5,23,31,9,24,63,35,127,304,126,42,11,81,6,21,12,22,26,6,19,26,35,43,53,9,79,54,42,14,9,26,151,13,37,31,53,61,23,6,158,38,6,7,0,2,31,2,22,31,13,90,6,19,55,18,23,8,27,17,40,15,10,26,6,58,22,19,34,66,76,31,139,0,6,16,53,52,28,34,13,46,41,62,17,197,15,20,37,14,30,4,21,6,83,44,23,6,26,42,10,6,9,44,56,17,23,14,20,28,110,93,42,129,173,41,55,28,88,19,7
SRR24908007,controle,3,9,18,3,2,10,8,9,5,0,28,7,3,7,18,0,8,4,3,3,7,14,6,0,0,0,2,15,13,0,0,6,6,0,11,8,6,6,0,3,24,4,11,2,0,4,11,12,12,23,9,7,0,20,23,6,5,24,0,9,4,20,0,0,14,0,0,10,0,0,5,6,8,5,6,2,15,2,0,28,3,35,41,14,3,10,29,0,10,12,23,46,0,16,7,4,4,42,0,3,0,0,5,10,47,5,23,0,18,13,2,4,4,9,2,3,4,3,4,0,0,0,4,2,29,5,10,10,4,10,10,0,17,11,0,18,5,4,0,17,0,4,9,13,9,3,3,12,5,0,0,4,19,9,7,7,0,0,24,0,21,38,6,9,10,19,0,38,6,56,0,3,5,19,5,2,4,22,0,0,0,2,6,0,0,5,8,2,6,0,0,5,0,17,2,15,0,0,4,8,5,0,3,16,66,7,3,0,2,6,2,9,0,4,8,19,3,8,9,11,33,7,24,7,0,5,3,7,4,16,20,11,0,0,10,0,6,0,3,13,14,6,4,5,15,38,20,0,23,0,6,0,13,4,9,14,3,0,0,0,23,5,0,49,11,6,12,19,11,10,2,6,9,23,4,2,0,8,54,22,13,2,9,0,0,0,0,0,0,6,20,2,11,4,13,3,5,13,2,51,7,0,8,0,63,11,2,6,42,28,6,13,0,4,14,0,0,8,0,5,3,6,0,2,0,0,0,0,6,0,0,2,0,0,12,3,11,0,0,13,3,5,0,0,4,0,9,2,2,0,9,34,17,9,23,0,2,8,7,3,102,0,27,0,8,4,51,4,0,0,11,19,7,18,7,0,7,2,0,8,6,23,13,2,0,0,8,3,0,12,4,5,11,58,0,0,4,4,12,2,10,14,2,9,0,10,0,0,12,13,17,19,16,12,6,45,3,0,0,32,0,4,2,22,7,80,0,11,11,0,22,11,2,27,0,8,32,0,4,17,17,12,4,8,28,88,7,0,3,12,0,0,15,6,3,0,4,31,15,45,10,0,0,2,6,2,2,0,2,2,1,8,3,0,0,0,12,12,35,5,4,0,2,6,7,2,0,22,6,21,6,0,2,6,18,8,10,0,2,2,0,1,0,6,4,0,4,14,0,10,12,8,0,2,51,4,20,8,3,0,2,0,14,10,9,0,3,4,2,5,0,2,0,24,0,3,18,0,79,35,53,0,9,2,1,0,0,33,11,4,16,27,31,0,10,0,83,55,3,3,4,5,5,6,25,2,39,5,6,5,18,10,0,0,50,2,15,2,0,2,0,0,0,22,19,2,0,0,9,4,4,2,6,23,2,26,0,4,5,0,65,7,6,11,12,0,0,8,0,0,11,0,3,10,39,35,20,0,1,3,0,0,5,5,3,13,2,4,6,5,1,5,5,0,0,9,0,0,0,48,5,5,2,12,0,0,3,0,18,5,3,0,0,0,0,0,4,0,2,5,3,6,2,0,0,0,4,12,6,22,15,32,6,19,7,0,7,0,9,0,0,14,0,7,5,3,5,1,3,2,0,7,35,2,0,6,2,0,3,2,9,5,4,0,2,3,6,0,0,0,12,9,7,3,7,12,0,12,2,37,0,8,11,12,4,11,4,5,0,12,0,13,3,7,5,0,0,6,7,4,8,12,0,5,2,21,3,0,0,0,0,0,8,0,21,0,0,3,0,0,9,3,2,2,18,3,0,2,7,3,36,10,37,8,8,2,3,2,2,0,8,0,1,0,0,0,2,0,4,3,2,0,0,2,0,6,7,4,106,12,0,11,3,6,10,6
SRR24908040,controle,3,10,19,9,5,5,6,3,5,6,26,17,7,8,8,0,1,7,0,9,3,4,10,1,2,3,8,6,2,0,4,3,4,0,8,5,8,22,3,7,20,2,11,0,0,0,7,6,3,9,5,22,0,4,8,11,5,27,0,0,0,45,0,4,17,4,11,6,2,2,3,15,7,7,5,0,5,4,0,27,5,18,14,3,0,16,10,3,6,6,13,20,2,7,4,3,12,20,5,29,0,0,20,3,20,7,9,2,32,8,0,6,3,40,2,19,2,8,8,7,4,0,0,0,8,11,4,23,4,0,6,5,27,11,3,33,5,2,2,14,3,5,18,6,0,6,4,7,4,0,3,1,7,49,6,15,2,3,6,3,12,47,0,1,6,4,2,35,4,13,5,3,6,18,7,0,7,9,4,9,6,7,2,0,0,26,8,2,2,1,6,5,3,17,18,17,0,0,0,26,5,13,6,10,27,10,15,6,11,0,8,12,3,2,11,10,5,10,12,6,18,0,13,5,4,4,0,2,6,3,12,7,6,18,3,7,7,9,3,21,4,3,26,8,4,13,14,14,13,0,7,0,10,6,5,7,10,2,5,0,9,12,4,31,4,7,12,8,19,4,5,4,6,21,17,3,5,15,18,16,4,2,17,0,1,0,5,8,1,3,11,6,11,2,3,0,5,8,15,35,0,2,4,6,46,7,3,2,24,35,17,2,7,14,10,5,4,8,2,10,8,2,5,3,9,0,3,9,2,3,3,5,9,0,6,12,12,10,4,4,4,7,2,7,0,2,4,5,2,5,5,19,17,10,15,2,2,5,2,9,76,0,33,6,2,5,37,9,0,3,27,18,4,13,2,2,2,2,0,19,3,17,26,6,9,9,5,6,12,10,6,8,4,35,0,9,6,9,11,0,13,5,0,10,4,8,7,3,19,15,30,19,6,43,7,16,2,4,4,21,0,4,0,14,8,23,0,12,31,0,23,31,4,13,0,12,34,6,4,11,12,8,9,0,26,43,2,3,0,28,4,8,7,8,2,4,6,24,9,60,21,2,6,6,3,0,0,4,17,0,4,9,11,0,6,4,5,8,11,2,4,0,14,2,11,2,0,3,10,7,4,0,3,6,10,5,18,4,8,12,0,0,19,6,8,10,15,9,4,11,11,8,0,2,6,7,9,4,6,13,0,8,13,7,14,0,5,7,2,4,1,6,5,18,0,2,6,7,83,14,15,7,0,8,0,4,1,23,4,6,12,20,31,5,8,3,33,41,1,5,4,2,13,9,22,4,33,5,13,3,9,5,4,2,18,4,9,4,10,6,0,14,5,14,3,2,4,10,4,4,0,5,16,0,5,19,0,0,4,4,46,1,0,12,8,7,0,2,2,4,10,2,3,8,29,15,5,5,11,1,19,4,9,9,10,22,2,3,12,14,4,2,3,2,3,6,0,9,4,22,27,7,3,8,4,0,2,0,35,4,0,2,2,6,4,0,2,3,5,0,2,4,0,4,6,8,3,15,10,51,7,9,12,7,13,3,2,10,5,16,2,6,3,10,0,6,1,0,3,6,3,16,72,9,5,55,4,4,13,0,5,7,3,3,0,0,10,0,8,2,5,7,2,15,2,6,4,16,5,13,0,3,20,4,8,17,2,0,0,0,7,2,3,9,2,0,1,6,2,8,5,9,0,1,5,12,4,3,5,2,9,4,2,3,22,0,2,14,0,0,0,3,0,2,5,2,5,3,5,2,40,8,18,7,6,0,0,1,0,11,3,0,2,8,0,0,0,2,5,3,6,0,4,4,2,15,8,2,29,5,2,3,3,4,5,2
SRR24908049,controle,0,3,16,4,0,20,7,7,8,0,21,2,13,8,7,0,4,0,4,12,1,4,6,1,1,3,0,9,7,0,7,6,11,0,11,5,4,9,11,0,7,3,4,4,1,3,4,16,3,7,4,10,0,2,4,3,12,18,2,5,2,8,0,2,9,0,3,6,2,2,20,2,11,6,7,0,13,2,4,4,7,5,17,3,4,10,7,4,4,7,6,26,0,12,8,2,23,20,0,14,0,3,4,2,8,7,5,3,5,2,4,5,13,10,0,11,6,5,1,5,0,3,2,2,24,3,0,6,4,6,0,2,17,8,0,9,4,1,2,18,0,4,4,8,4,0,4,13,0,21,2,6,9,23,0,2,0,12,12,2,21,23,2,5,12,3,0,9,7,5,0,1,3,10,5,2,7,9,2,0,6,2,1,13,0,8,8,2,7,4,0,0,5,0,7,11,0,0,7,69,8,17,11,12,57,4,3,5,6,5,10,16,18,0,13,6,10,9,14,8,10,6,9,7,2,2,3,7,5,1,8,6,2,2,6,12,4,6,2,0,2,15,5,5,7,5,4,0,10,11,9,2,4,11,5,3,15,1,2,0,10,21,6,23,13,7,15,13,20,9,3,3,8,13,7,4,4,12,16,8,5,4,8,0,3,1,5,3,4,9,5,2,16,4,11,1,4,10,8,21,9,2,4,4,60,18,2,0,43,45,10,5,3,5,4,2,2,6,1,3,13,4,3,5,0,0,10,2,3,0,2,3,5,0,3,13,14,3,9,5,3,5,2,0,2,4,5,5,0,9,5,12,4,13,24,2,3,5,2,0,78,0,3,2,4,12,20,4,6,3,17,24,1,4,5,12,7,2,0,11,2,17,6,0,0,13,4,0,3,3,7,5,13,31,7,3,4,9,5,4,8,15,6,6,2,10,3,0,7,9,23,18,14,30,12,12,0,6,3,15,1,6,5,11,5,19,3,9,13,4,30,7,4,8,0,6,17,11,14,12,11,11,3,5,27,40,9,4,3,22,0,2,6,3,2,13,11,17,6,71,6,0,0,3,1,6,3,0,4,3,1,22,16,7,3,0,14,8,3,5,15,3,0,2,7,5,4,6,2,6,6,0,2,11,8,8,8,2,3,0,6,1,0,3,0,2,11,15,0,16,6,3,4,2,33,13,8,10,1,11,0,4,4,13,4,0,2,2,3,2,0,4,3,16,2,10,2,7,39,15,14,5,2,10,4,4,0,21,4,4,6,16,22,0,4,4,36,18,6,2,4,2,4,0,6,4,32,3,2,7,2,14,0,0,5,1,24,4,3,0,7,7,2,24,11,2,1,2,6,5,0,2,13,0,2,17,0,0,4,0,27,9,12,5,3,5,0,6,0,6,6,2,7,4,61,17,10,10,1,3,12,0,15,11,3,22,1,3,3,5,0,5,5,2,3,6,1,12,2,8,21,2,7,1,1,0,1,0,10,2,0,0,3,3,3,2,0,1,4,7,2,4,0,2,0,3,9,5,11,24,5,4,11,2,5,5,7,0,8,3,3,6,0,10,7,0,2,6,4,13,0,34,8,2,0,6,17,3,4,5,2,5,2,0,1,2,5,2,3,0,7,7,4,0,2,8,4,19,4,5,0,9,8,2,4,10,4,0,0,6,5,6,0,3,7,0,0,3,0,9,8,2,0,2,5,4,3,4,5,2,5,1,14,3,6,3,6,16,0,5,21,6,2,4,12,0,7,2,5,0,32,2,20,4,2,3,2,3,2,4,12,4,8,7,1,2,0,2,8,4,0,5,4,4,4,32,13,3,34,9,4,4,8,13,3,2
SRR6784403,controle,7,5,9,8,3,12,4,9,10,13,39,0,17,7,0,4,15,9,6,15,0,7,5,0,12,6,5,27,2,10,5,2,0,10,14,13,29,20,7,12,6,4,21,4,11,4,5,11,20,9,31,25,13,17,13,0,12,9,12,12,10,29,0,11,5,3,31,7,12,2,11,5,14,17,17,7,25,4,0,0,23,15,11,3,3,53,15,14,0,7,6,16,13,27,14,17,4,18,13,34,2,3,3,11,0,10,10,18,13,17,2,3,5,8,2,11,14,9,8,0,2,10,8,22,27,19,2,30,7,2,22,3,6,33,6,35,5,0,4,163,8,3,11,4,0,3,4,8,2,11,17,8,52,73,2,14,6,16,8,43,13,38,2,6,5,26,0,13,9,2,7,6,12,11,8,7,17,6,13,23,5,8,9,17,0,23,24,0,0,5,5,4,8,0,8,29,16,3,7,65,12,9,25,8,0,12,13,6,45,8,14,16,2,5,9,19,0,7,66,14,5,4,25,25,9,8,8,4,35,11,26,10,10,0,3,5,2,19,7,9,14,10,11,4,21,4,8,11,14,4,30,2,9,2,3,8,11,9,3,17,12,30,20,12,19,36,25,66,30,15,14,28,24,21,3,5,16,0,19,14,0,14,41,7,9,15,3,9,9,9,6,4,29,24,16,3,39,1,15,85,4,6,8,5,21,22,2,2,86,131,6,6,12,16,7,6,8,3,2,19,10,6,0,4,4,14,13,16,26,8,4,6,19,7,25,30,29,7,5,2,3,16,4,8,8,9,17,3,9,10,39,17,39,25,7,12,5,1,9,8,109,6,43,5,22,0,10,5,3,3,51,34,0,10,9,0,19,2,4,13,4,13,6,18,7,8,19,0,2,17,18,34,4,14,0,29,24,5,4,0,23,28,12,0,10,6,4,16,35,21,21,111,0,53,8,4,22,4,11,28,8,9,10,45,0,2,9,0,14,3,10,36,0,0,6,14,12,34,33,35,48,6,23,0,9,28,18,10,4,45,29,26,9,11,15,5,3,39,16,137,37,6,3,11,0,4,2,3,39,9,5,18,5,3,3,13,27,9,16,6,4,8,9,10,41,7,6,24,2,10,18,0,30,25,63,19,11,15,13,81,2,5,2,7,6,8,45,22,5,10,4,16,11,12,26,21,10,25,0,18,10,3,21,25,6,2,7,11,8,0,14,9,7,34,5,12,5,6,43,16,29,14,16,17,0,17,12,13,13,3,2,36,20,17,14,4,8,21,0,13,53,4,18,5,1,9,31,6,3,3,28,5,4,7,0,2,59,5,5,14,7,17,8,43,14,15,14,6,25,44,9,4,63,4,0,17,4,7,26,11,46,6,13,7,11,9,7,2,8,8,3,2,17,12,143,60,10,17,0,15,6,3,21,22,6,60,5,3,5,16,4,2,6,3,8,6,3,11,5,31,39,0,1,10,2,22,8,8,8,10,6,0,4,3,4,11,1,3,25,30,4,7,7,14,2,7,4,3,16,4,24,16,11,9,3,5,14,2,4,6,0,9,3,15,15,20,8,9,7,8,22,29,11,0,12,18,5,1,3,10,6,17,7,0,0,3,9,0,7,4,3,4,7,0,3,3,4,18,2,4,4,10,8,2,2,27,16,8,8,3,8,7,5,12,0,13,11,2,4,11,4,12,10,7,6,7,3,8,2,8,13,35,11,14,3,15,10,16,0,4,0,3,8,3,2,3,9,4,13,5,16,0,7,0,9,7,13,2,0,27,18,11,2,10,0,5,4,10,2,6,5,1,2,3,0,11,21,8,23,36,20,9,16,11,0,4
SRR6784406,controle,4,37,24,6,8,181,9,0,11,59,104,10,197,15,15,13,77,113,7,88,0,24,57,4,111,15,5,86,41,53,2,9,11,9,20,107,212,117,35,36,83,9,402,6,4,10,12,90,28,20,186,55,3,71,11,0,56,95,16,70,18,126,6,124,14,3,143,82,25,37,34,10,76,56,67,46,72,9,6,0,38,98,41,6,48,159,28,39,0,64,8,117,70,117,24,24,21,128,74,40,21,5,57,47,20,40,4,161,63,16,16,13,5,55,7,54,83,26,9,8,4,11,15,9,61,71,1,84,13,8,126,9,57,37,17,0,0,9,22,630,67,21,88,5,26,4,41,9,4,94,24,33,130,80,41,23,105,72,42,86,84,152,7,46,38,18,14,53,88,18,75,88,29,163,88,5,74,22,32,61,9,0,80,54,0,70,41,36,5,9,17,30,77,5,95,45,20,3,9,93,63,26,65,59,0,71,13,12,95,11,47,28,31,27,32,131,5,28,230,74,35,80,54,20,8,29,79,53,123,29,113,14,50,0,14,32,7,28,0,41,47,52,68,65,65,61,20,9,123,13,206,6,41,25,7,58,40,32,12,22,81,112,98,120,74,143,75,152,210,76,58,91,28,22,18,12,23,0,119,134,5,40,211,40,98,22,21,17,43,34,17,41,164,260,101,15,75,20,19,245,15,32,18,3,123,81,4,19,280,398,78,0,35,62,8,13,14,17,0,26,42,19,3,0,16,22,29,25,29,35,5,37,29,19,169,71,71,5,19,6,7,89,36,13,16,18,16,6,29,31,70,71,120,140,20,36,4,1,27,10,456,47,232,24,48,15,55,5,13,36,90,122,0,17,26,2,28,8,14,102,47,66,83,57,76,36,19,2,4,156,81,108,29,99,49,150,99,5,26,0,173,138,35,13,23,0,15,38,72,42,34,434,0,253,52,11,30,2,40,191,50,23,13,50,152,4,13,0,26,5,138,241,3,7,27,115,18,67,80,242,200,5,129,28,41,226,137,10,19,251,150,187,20,82,80,43,24,92,64,166,107,7,8,26,0,71,9,6,270,67,53,25,30,3,24,33,59,56,14,36,53,5,38,13,68,26,5,57,15,5,133,25,118,52,43,6,179,21,21,117,41,0,0,14,7,11,53,146,63,55,60,21,12,24,21,98,88,152,4,28,33,0,142,23,32,5,11,33,3,0,7,15,35,134,14,17,3,67,213,140,78,67,11,137,6,36,42,37,41,15,11,196,82,19,23,60,9,211,0,19,31,5,100,24,26,29,205,5,82,13,62,17,18,19,0,41,285,16,5,18,0,20,17,89,93,21,76,22,54,330,11,22,220,3,2,57,30,23,34,25,188,6,81,31,20,20,25,26,38,72,39,8,82,54,358,235,97,138,0,6,21,4,78,43,35,194,7,13,0,88,3,17,16,7,23,19,7,17,16,124,100,24,0,0,21,66,4,26,47,48,24,0,3,7,0,10,26,24,77,14,6,58,13,13,36,13,45,35,40,88,19,67,45,63,12,16,45,26,11,7,14,83,48,12,31,81,70,7,9,61,99,147,14,19,32,21,68,0,49,57,11,51,0,25,0,7,31,4,55,12,3,17,22,0,32,23,39,95,15,52,0,30,97,29,2,51,58,39,30,0,6,8,8,89,28,31,31,79,10,66,0,53,6,20,102,42,56,19,37,110,48,21,48,77,57,79,25,21,15,8,40,5,27,24,32,0,23,23,26,7,115,7,77,12,46,7,97,13,2,40,31,18,6,25,0,16,4,69,10,12,23,8,3,6,0,22,11,20,206,47,41,66,33,40,21,10
SRR6784524,controle,12,66,15,17,19,79,7,8,58,11,157,7,89,68,2,0,7,23,38,56,0,30,13,0,53,33,11,176,3,21,0,61,37,14,31,22,126,31,29,86,28,97,95,16,54,7,30,89,378,66,87,5,17,74,61,6,41,34,6,64,64,407,33,18,0,0,58,54,222,4,31,4,45,61,89,0,597,15,14,0,120,35,14,3,5,196,102,121,0,21,0,46,39,73,128,50,21,135,194,112,4,7,22,6,0,93,36,37,104,0,6,0,47,24,4,12,78,182,65,12,25,3,36,24,441,106,36,364,0,37,166,6,52,99,213,260,26,57,43,707,77,38,118,11,0,21,43,3,67,88,31,8,327,93,2,4,32,74,12,21,26,185,8,0,80,14,3,2,5,6,34,27,48,45,21,33,29,0,36,350,18,0,33,71,0,6,16,10,5,4,5,0,42,8,11,230,30,10,17,102,20,105,267,35,10,65,4,82,20,10,306,30,53,72,63,21,0,77,199,45,12,2,59,45,20,7,2,2,60,121,324,0,4,0,21,14,8,188,0,36,222,39,17,69,41,3,26,21,78,6,188,0,12,0,88,51,144,53,0,50,12,45,405,67,92,284,27,264,188,187,116,89,24,38,28,2,52,0,94,158,5,122,324,6,50,130,11,139,25,157,45,12,165,75,91,14,304,39,53,269,30,25,5,10,163,118,3,3,413,303,7,11,19,31,3,91,215,16,15,27,199,44,4,3,29,19,83,197,18,42,0,24,20,23,38,368,296,24,13,0,12,36,0,7,7,135,4,75,211,15,69,61,130,39,3,57,21,0,114,21,519,40,240,22,87,0,138,0,6,0,489,95,0,32,101,2,32,0,7,98,19,151,20,129,4,167,27,5,0,54,13,379,18,43,0,109,326,16,9,0,75,56,83,0,83,0,17,271,123,49,62,349,0,326,43,16,56,1,168,142,48,54,5,65,0,13,24,0,0,35,30,114,19,17,17,38,42,196,291,119,175,64,46,106,202,219,17,22,9,108,102,37,98,11,23,29,9,489,31,1765,41,21,2,2,2,32,0,24,135,3,9,167,33,10,2,51,0,21,36,12,13,4,13,10,287,60,24,50,5,0,69,0,96,155,187,34,17,11,67,442,0,3,0,134,67,19,107,39,23,70,14,21,51,74,97,48,11,63,0,48,29,7,5,64,13,2,3,2,0,0,6,32,18,92,6,13,0,40,61,72,84,48,16,62,19,20,10,0,62,0,33,356,74,6,44,11,0,135,3,11,27,67,11,0,27,132,94,52,3,97,65,22,12,0,0,11,606,25,18,210,19,20,60,299,9,0,45,66,202,71,180,2,226,13,0,37,8,0,102,172,364,8,69,6,18,181,23,8,0,0,21,15,177,7,960,198,85,35,0,42,24,21,25,237,3,522,0,0,6,22,0,44,95,6,42,69,13,23,22,38,299,0,0,35,23,50,3,3,34,19,0,0,0,13,11,41,12,30,72,30,18,67,43,3,0,6,24,0,17,36,56,0,49,0,54,48,43,2,2,3,19,16,19,8,5,130,0,38,10,72,145,45,371,187,85,47,0,0,4,50,10,85,3,18,0,33,72,25,71,109,22,27,103,0,99,1,27,102,15,2,0,38,24,0,2,32,212,36,9,0,3,0,48,3,29,6,105,20,121,37,4,45,30,33,0,15,0,24,0,41,166,41,2,29,20,24,182,71,0,50,44,13,27,11,0,0,119,15,320,46,100,0,25,4,27,14,45,22,6,212,345,9,22,12,0,2,4,23,28,30,31,16,0,31,0,184,17,182,94,18,37,22,49,25,0,13
SRR6784528,controle,0,0,3,0,0,37,0,0,0,30,22,0,64,8,26,3,4,20,0,9,2,0,0,0,43,14,2,7,14,21,0,9,0,0,5,26,28,50,20,11,18,0,119,3,2,0,5,5,8,10,74,12,3,19,0,0,13,11,11,23,4,37,1,45,9,0,56,35,5,34,4,5,11,16,48,12,9,0,0,6,11,28,3,0,12,16,15,25,1,0,0,31,3,18,4,8,0,14,3,17,10,0,25,18,0,10,41,33,26,0,2,0,3,10,6,7,60,5,4,2,4,2,3,3,10,15,0,39,0,0,33,4,4,5,4,0,16,0,0,162,9,0,20,0,5,0,0,0,1,13,0,0,133,29,15,5,28,0,8,19,19,90,0,9,9,5,0,23,7,4,6,28,8,35,33,0,8,0,40,6,0,0,4,7,0,0,3,2,4,0,0,23,18,0,9,9,4,3,7,18,40,11,10,15,4,6,0,7,33,0,7,10,4,4,8,49,0,2,36,0,0,17,12,2,6,3,2,37,4,15,22,0,0,0,0,12,0,5,0,33,3,20,29,57,2,24,3,4,31,5,72,15,16,2,1,4,3,2,8,3,0,44,21,34,12,18,22,29,53,16,8,8,5,0,2,2,16,0,3,32,0,12,62,11,30,11,0,5,6,10,0,13,87,99,33,3,30,21,4,28,0,0,26,0,50,38,0,0,40,122,32,0,14,23,0,7,0,3,0,25,0,5,0,0,0,9,4,9,0,11,6,3,7,9,11,17,14,0,3,0,4,38,31,5,0,0,0,2,3,12,24,13,16,37,4,0,4,0,2,7,156,3,77,26,9,0,22,0,2,14,22,8,0,0,0,0,11,2,2,47,18,7,30,37,30,6,5,2,0,25,22,5,5,25,5,14,32,9,0,0,82,61,3,0,0,0,0,5,21,14,9,66,0,70,3,0,3,1,29,17,6,2,9,24,0,0,5,0,0,1,30,100,0,5,0,46,7,13,23,56,21,3,4,6,16,63,3,17,26,42,62,80,0,37,33,0,0,40,4,23,71,0,0,29,0,10,0,5,88,23,31,5,2,0,10,4,15,19,5,9,3,2,0,0,31,11,0,39,0,5,9,3,38,32,72,0,48,0,9,10,14,0,0,3,0,9,17,22,12,0,21,17,2,0,3,28,31,52,0,7,7,0,49,2,0,5,0,3,0,0,0,2,13,14,13,12,0,14,81,14,4,5,0,19,0,5,7,43,33,0,4,35,22,4,0,4,6,51,0,3,0,38,0,0,19,2,36,6,20,9,4,0,5,12,0,14,74,8,0,4,0,15,7,21,17,0,15,8,5,93,6,20,34,2,0,6,6,3,13,4,65,0,21,21,6,3,0,0,3,32,21,0,12,34,89,69,9,0,0,0,5,4,28,4,15,40,0,3,9,11,0,2,3,0,2,5,0,0,0,26,9,0,2,5,0,8,0,0,4,2,0,0,0,0,0,0,0,5,6,8,0,19,0,0,9,0,0,0,0,5,0,43,25,2,2,14,8,12,0,3,0,9,14,38,0,23,13,22,0,6,33,28,12,4,5,8,0,0,16,16,0,15,0,0,10,3,3,0,10,0,8,3,3,0,2,19,12,21,0,23,3,0,33,0,0,11,21,0,2,2,0,0,5,30,2,12,3,52,3,0,0,24,7,0,34,20,17,2,3,5,18,4,25,25,18,13,17,8,0,3,0,5,5,0,0,0,0,4,6,6,0,0,31,0,26,0,19,19,2,2,9,0,4,2,0,2,0,7,6,0,4,0,0,3,0,0,0,4,95,6,8,25,2,19,6,16
SRR6784540,controle,15,31,8,37,5,18,19,0,7,18,46,3,50,39,8,6,5,6,17,23,0,32,23,8,23,6,11,102,19,14,2,2,19,9,16,16,70,47,10,42,26,11,71,4,0,0,48,54,74,52,39,53,16,60,3,0,74,23,6,29,27,114,1,29,20,5,71,18,51,14,48,0,41,51,34,7,114,27,10,26,53,36,22,0,19,69,81,50,0,24,4,29,14,59,39,53,13,56,146,39,8,8,26,17,0,45,12,34,43,13,5,3,12,17,6,3,58,39,24,12,5,20,41,14,162,82,19,145,37,4,46,6,9,14,46,30,0,4,13,340,44,12,54,13,6,0,5,11,32,8,5,5,140,111,12,46,15,9,3,10,32,125,28,0,67,29,0,16,8,12,15,39,4,7,25,16,21,0,8,84,14,0,5,63,0,60,23,25,3,6,3,14,12,3,16,28,22,4,5,33,12,37,85,20,0,31,12,34,31,7,73,11,28,47,26,48,0,41,189,5,21,27,24,21,9,3,10,13,55,7,127,3,8,0,26,9,2,67,0,16,70,10,9,6,22,12,29,16,22,7,65,4,7,8,24,25,115,55,6,26,14,52,112,21,74,85,24,161,76,44,52,32,17,9,3,0,23,0,97,33,3,85,105,9,36,25,18,42,21,61,33,23,93,59,86,17,77,18,34,134,54,30,15,11,111,57,14,15,172,201,33,12,17,15,0,39,63,3,23,28,82,53,0,3,41,38,71,56,11,63,0,23,38,37,18,84,81,29,9,0,24,26,14,12,17,12,23,6,67,22,115,27,84,39,11,27,30,0,14,4,253,50,66,71,32,4,19,4,4,17,147,93,0,29,33,3,30,7,12,48,29,65,17,40,20,46,8,2,10,47,37,102,11,35,16,94,91,21,8,0,48,46,56,0,8,28,2,39,62,50,32,70,0,112,36,0,55,2,26,61,37,3,14,51,0,0,16,0,0,8,30,104,7,6,13,25,32,61,77,46,87,29,28,21,60,75,27,18,0,108,106,17,8,27,52,18,3,162,47,388,54,16,11,8,0,0,2,14,81,27,22,98,20,11,17,19,22,13,5,7,14,3,22,17,92,41,20,23,10,0,37,5,78,82,228,19,55,6,33,97,16,8,0,51,29,14,59,36,13,56,19,48,34,74,35,42,47,48,6,14,5,17,35,37,0,0,4,19,0,0,8,9,13,118,17,11,0,36,50,59,27,17,5,74,0,17,0,17,11,0,15,114,40,4,4,5,0,133,4,23,45,14,48,0,9,15,65,8,21,48,25,68,6,0,0,20,234,14,10,33,10,7,38,126,17,7,24,41,48,27,34,8,148,0,0,13,33,0,36,52,109,0,53,10,55,37,9,14,8,13,20,0,87,32,317,65,28,34,0,24,23,16,16,57,8,165,8,10,0,23,3,13,28,12,23,25,0,26,8,27,118,0,25,8,23,15,10,4,14,24,0,0,27,5,20,43,5,5,52,13,15,27,10,0,16,12,27,0,22,15,29,20,22,4,71,29,33,2,0,22,13,32,21,95,23,90,6,7,11,12,44,28,20,9,113,44,17,0,27,21,11,47,4,7,0,16,29,8,45,6,0,34,18,0,62,8,5,111,23,13,0,4,14,0,17,16,73,16,21,0,0,0,18,15,24,6,39,22,11,17,3,27,24,41,28,5,33,24,16,17,66,14,25,25,25,21,94,41,13,10,0,14,32,8,12,0,10,8,70,25,28,2,21,22,41,7,18,0,0,119,104,42,6,12,0,3,18,26,17,19,4,6,0,4,0,123,17,57,109,23,29,14,45,10,5,3
SRR6784551,controle,12,42,8,14,12,29,0,0,15,15,39,14,32,7,0,15,14,14,6,14,0,5,6,0,23,14,4,25,7,14,0,12,0,3,21,31,15,39,13,18,18,7,86,4,10,0,10,42,37,20,26,25,7,16,8,0,16,8,10,21,19,59,4,34,5,6,41,14,21,0,8,6,23,17,35,13,62,0,2,4,21,22,17,3,7,90,23,17,0,24,7,13,14,33,24,45,13,29,16,25,7,4,14,13,0,18,4,24,26,23,4,6,0,15,0,4,21,17,13,21,0,17,15,15,29,28,2,41,2,4,30,7,6,29,22,12,5,13,5,280,10,0,34,6,2,0,24,4,3,19,7,2,64,58,4,34,15,14,6,34,25,56,0,3,3,0,0,21,6,5,22,18,18,28,12,7,17,24,14,29,9,0,13,27,0,0,21,11,0,7,5,14,12,13,6,17,10,10,3,61,29,17,35,10,7,26,4,11,51,11,31,20,11,16,24,32,0,17,75,7,14,5,26,45,0,16,10,9,33,21,56,4,3,1,8,5,6,29,4,19,17,25,25,13,20,19,20,2,28,8,60,9,33,10,13,16,16,5,6,19,4,86,46,25,24,58,16,89,45,25,22,44,17,12,7,6,15,1,29,26,2,32,112,16,12,23,3,15,12,19,18,27,43,68,31,11,35,11,19,114,5,4,33,6,68,30,9,3,82,117,18,8,19,26,5,10,11,0,2,8,32,3,6,2,0,19,8,25,23,15,3,11,20,19,5,45,39,17,0,9,0,27,19,11,13,11,0,3,15,19,73,28,55,41,6,22,12,0,16,22,137,24,96,5,17,0,17,0,0,3,59,26,0,8,15,0,11,0,7,28,7,35,10,33,15,21,5,7,2,21,36,68,12,30,2,40,40,0,8,4,44,35,12,1,15,0,4,29,25,38,40,139,0,89,34,4,16,26,23,32,16,6,0,55,11,0,20,0,7,7,15,132,5,0,10,28,18,26,40,65,50,7,14,11,22,61,22,14,0,43,39,11,13,27,16,9,3,45,19,137,81,10,0,9,0,9,5,2,60,17,8,17,10,7,2,10,23,9,11,10,8,14,7,3,54,13,34,43,5,3,27,5,16,35,50,21,30,0,17,91,6,0,0,8,11,11,21,54,7,23,17,19,19,21,16,17,9,25,0,18,16,0,58,29,9,2,4,0,15,3,6,5,13,64,15,4,10,0,66,16,42,26,11,24,5,20,14,24,35,0,4,46,25,24,3,6,4,43,0,18,39,0,6,2,12,18,43,6,18,17,43,7,12,0,0,3,111,32,4,8,7,5,3,75,39,2,12,12,25,60,10,11,147,1,4,20,10,0,19,17,45,7,19,14,10,16,6,4,3,0,16,8,25,20,181,69,30,31,5,19,5,3,12,22,15,92,3,4,7,29,0,8,10,0,19,18,9,4,14,25,70,0,2,0,6,28,10,9,15,31,21,9,10,13,4,25,0,8,34,9,13,17,10,0,5,5,9,0,16,17,29,27,20,5,16,10,25,4,5,5,4,24,15,35,18,37,8,10,6,15,36,7,0,4,15,19,7,4,6,28,12,12,3,20,6,8,16,25,13,13,14,4,12,0,15,8,7,26,15,19,6,0,15,3,2,25,23,21,7,0,3,11,3,38,11,14,14,0,9,22,3,25,16,19,12,10,8,12,5,4,41,15,8,15,7,18,18,20,0,15,76,13,0,4,3,2,4,5,27,3,33,2,19,0,9,5,13,2,5,45,32,0,11,18,0,3,2,19,3,14,2,4,5,0,4,21,13,23,73,70,22,10,11,11,24,7
SRR6784554,controle,0,7,10,0,5,7,0,9,3,9,17,0,21,5,0,1,5,6,6,8,0,0,7,0,13,7,3,19,4,8,0,3,0,0,3,11,27,20,9,8,6,4,45,2,3,3,9,11,16,12,18,15,0,23,4,0,9,3,5,9,18,39,0,22,3,0,14,9,13,3,3,2,15,12,12,7,34,0,5,0,11,9,5,0,4,30,11,19,0,6,3,11,7,7,9,17,1,11,16,9,4,7,12,7,0,4,2,10,12,0,3,11,2,7,0,5,16,12,8,0,0,4,7,2,33,15,2,31,0,0,16,3,4,12,13,0,2,4,3,110,9,16,12,2,2,0,3,4,2,3,7,1,26,25,6,8,7,10,8,4,9,44,0,3,8,0,0,15,4,3,7,10,4,8,9,9,20,0,7,15,7,0,4,9,0,8,3,8,0,0,2,6,6,4,6,15,6,0,4,5,14,10,21,6,4,11,3,11,15,0,17,6,7,8,7,16,0,8,26,7,4,6,16,4,2,6,6,6,10,11,30,5,6,0,11,4,1,15,0,10,26,2,10,5,1,13,3,2,10,0,33,3,6,0,11,3,4,7,2,9,0,30,33,3,11,30,13,42,28,15,7,10,6,4,0,0,3,0,20,14,2,12,38,5,21,0,3,10,17,9,6,6,21,36,19,0,17,4,2,24,0,4,8,3,30,12,0,3,48,80,13,5,12,11,2,4,8,0,0,7,19,7,1,0,4,9,6,17,11,7,4,6,7,6,16,20,24,0,2,0,2,15,11,6,3,4,4,0,13,5,11,4,21,18,0,5,2,0,7,6,75,3,40,4,5,14,5,2,0,2,38,16,0,5,14,0,2,0,0,20,10,11,6,18,15,10,7,3,0,14,12,31,10,9,0,19,38,2,4,0,38,20,4,0,7,5,2,10,10,13,6,19,0,38,6,0,5,2,12,26,9,4,0,17,0,2,3,0,0,3,9,43,0,0,4,14,6,18,38,18,15,8,8,3,13,28,8,6,3,24,18,5,5,12,9,5,0,34,10,80,21,0,3,10,0,2,0,2,33,10,0,16,12,0,4,5,7,5,3,3,4,2,2,0,16,5,0,13,0,2,6,3,12,9,22,0,15,5,11,32,7,0,0,10,8,6,7,7,4,8,11,8,8,6,6,13,6,12,2,5,8,0,36,8,0,2,0,5,0,0,0,5,12,19,5,6,0,22,27,18,11,3,0,26,6,12,2,15,8,0,5,28,14,5,0,7,7,25,6,7,0,0,4,4,8,8,25,4,5,10,13,11,1,0,0,4,55,4,0,17,0,4,10,17,18,4,8,8,6,32,7,8,37,2,0,3,4,4,20,11,37,0,9,7,9,6,2,2,6,6,9,0,24,15,79,29,4,8,0,5,4,6,9,16,9,40,3,0,2,11,4,2,1,0,4,11,0,2,0,13,21,0,4,0,6,12,0,5,4,7,7,0,3,0,0,0,0,5,16,12,3,13,4,0,1,12,0,0,8,6,11,20,13,4,10,3,12,9,1,0,0,3,8,17,2,11,3,2,8,0,19,33,0,21,13,5,7,0,5,7,4,13,0,4,0,3,3,2,15,3,2,2,6,0,12,7,2,13,0,9,0,0,14,0,0,11,18,5,2,3,0,5,0,24,5,3,13,3,9,5,3,9,0,3,11,4,5,5,3,4,15,9,6,7,6,9,14,6,5,2,5,0,5,0,2,0,11,4,9,2,13,0,14,2,7,2,12,0,2,18,23,6,2,4,4,1,5,9,3,0,11,5,0,3,0,21,0,20,48,4,2,8,6,3,6,3
SRR6784564,controle,0,15,1,2,12,27,2,0,0,9,24,3,24,3,0,2,18,14,3,8,3,0,3,5,25,44,3,4,14,17,0,49,2,5,11,28,27,27,16,2,4,0,141,3,4,4,3,11,16,8,25,11,7,7,35,0,7,18,5,17,8,60,26,23,12,0,51,19,12,4,6,8,15,9,16,6,39,5,0,0,8,15,4,2,2,44,9,22,0,15,5,21,8,17,36,15,4,35,9,4,4,0,15,8,0,0,10,20,19,0,0,5,0,13,0,5,22,9,8,3,15,7,5,7,22,23,0,26,0,0,28,5,18,8,13,12,6,0,4,128,9,0,15,0,15,2,6,3,4,21,7,33,112,38,0,5,15,3,27,62,11,41,0,7,16,0,0,18,6,2,52,17,56,14,11,0,8,10,23,18,3,0,3,24,0,0,10,5,0,3,3,5,10,8,10,6,8,0,4,120,23,7,12,23,0,13,0,3,38,4,20,13,0,6,5,22,0,4,57,0,6,6,15,4,2,9,0,10,9,16,31,0,14,0,6,6,0,14,0,12,16,10,13,57,10,18,4,7,29,0,49,0,9,7,6,7,4,6,16,14,4,59,27,12,15,27,7,40,46,34,49,23,8,13,17,4,33,0,20,23,0,28,54,18,16,10,7,9,5,18,33,26,35,53,31,9,34,12,0,94,3,4,14,10,27,72,7,7,51,113,11,5,11,41,8,6,4,0,0,11,10,9,4,0,0,6,10,12,5,12,0,5,5,8,5,27,34,4,3,4,6,24,7,7,8,2,5,9,6,4,27,15,36,32,16,26,4,0,45,4,104,5,92,2,35,4,14,0,0,4,32,26,0,2,12,2,5,0,0,31,6,13,16,18,16,8,3,0,0,18,13,28,5,16,9,26,12,3,14,0,27,36,12,1,4,0,4,6,45,18,13,212,0,71,7,0,22,0,16,31,7,27,12,13,11,0,11,0,7,4,15,60,2,15,3,15,14,17,24,44,93,6,25,3,21,63,8,12,0,20,39,43,5,19,13,2,3,36,7,61,26,6,0,9,0,2,3,4,135,19,15,8,4,3,5,4,3,16,64,7,5,2,17,0,38,8,16,37,5,2,29,5,36,24,75,2,17,2,12,48,5,0,0,7,12,0,14,55,16,5,9,17,3,7,3,12,13,20,0,2,12,6,33,4,0,6,0,13,4,0,4,3,11,22,3,11,0,8,48,93,41,10,0,28,9,14,6,18,24,0,4,22,30,10,18,6,13,23,4,7,28,8,7,0,21,25,23,3,10,15,5,8,8,2,1,3,98,2,6,10,0,4,21,25,15,4,5,34,12,49,7,5,20,0,0,14,13,0,4,10,47,10,7,20,6,1,2,0,6,10,12,0,16,18,93,52,87,45,3,5,17,2,22,13,9,40,4,0,0,5,0,7,0,6,6,11,0,6,0,55,43,0,2,0,11,16,2,2,5,4,0,0,6,0,4,0,0,3,7,9,0,10,4,4,7,0,0,0,4,24,8,16,13,7,0,4,9,5,0,0,0,23,10,17,6,68,5,31,0,17,41,6,262,0,2,5,0,0,6,16,3,50,3,0,6,0,6,4,18,2,7,3,7,0,13,4,8,25,0,18,0,51,20,0,3,10,17,16,0,0,0,7,1,15,5,12,7,21,4,5,0,21,0,0,8,10,10,2,10,10,15,5,8,18,10,3,32,7,5,30,34,10,10,3,5,0,6,18,15,2,7,4,11,4,11,0,13,4,0,15,18,4,0,5,0,2,2,11,0,0,8,1,2,0,0,6,9,14,65,12,10,11,8,11,12,18
SRR6784567,controle,3,44,49,5,3,36,2,19,8,12,68,0,23,8,0,9,22,3,4,19,0,6,7,2,17,10,6,23,3,6,7,7,6,4,17,14,30,21,12,22,15,5,26,6,6,10,27,26,16,39,25,13,15,17,7,0,27,14,9,22,14,43,4,14,5,0,16,17,7,3,28,38,13,28,44,3,32,0,0,0,15,13,16,0,2,65,12,11,8,12,3,106,6,40,11,46,9,15,23,9,2,3,12,5,0,23,6,15,44,33,12,12,3,5,2,32,18,12,2,0,2,2,12,22,31,108,0,25,10,8,30,0,13,22,12,0,12,4,21,237,18,5,11,17,3,2,35,0,5,9,14,0,53,27,2,15,5,21,9,29,8,81,0,22,7,27,4,13,6,3,8,21,4,10,24,9,25,7,4,29,10,16,4,46,0,11,10,14,9,2,26,6,16,7,12,26,9,3,10,45,8,7,44,5,8,15,8,7,223,12,25,37,16,20,14,12,0,8,245,15,38,4,42,146,13,15,3,10,27,5,39,7,8,0,125,4,3,18,2,8,20,11,19,3,14,5,26,5,9,17,63,12,42,4,4,12,3,11,3,27,20,53,28,15,25,66,13,76,37,13,27,18,11,18,3,3,9,4,28,14,8,28,31,5,18,9,8,8,10,6,7,13,40,52,24,5,24,10,0,253,9,4,17,3,23,18,7,14,87,146,57,7,9,5,7,13,3,14,9,27,24,7,6,4,8,9,14,12,19,10,4,17,16,4,25,52,27,4,8,7,6,13,3,4,12,10,12,8,15,11,24,43,19,24,5,5,3,2,26,12,107,24,70,12,19,0,5,0,3,6,46,47,0,1,8,0,15,0,0,16,9,20,6,16,7,9,12,3,3,20,67,35,6,43,7,64,34,5,14,4,174,24,19,10,0,5,0,13,396,68,35,111,0,49,21,4,15,8,9,47,16,4,4,41,0,3,14,0,0,2,3,73,4,8,4,9,8,38,40,34,45,41,243,3,9,34,32,4,2,94,24,7,5,10,15,11,8,34,11,77,41,4,3,3,0,10,8,2,31,7,21,17,9,5,4,20,33,11,3,3,10,7,15,0,78,56,16,16,9,0,17,8,31,22,32,3,12,5,14,45,3,2,3,5,8,10,50,21,2,22,7,14,13,13,21,16,7,53,0,24,13,15,13,11,6,11,4,11,6,5,9,26,3,55,3,0,0,12,21,57,66,31,0,70,3,16,10,18,7,0,20,25,11,8,3,6,4,38,12,14,36,8,19,4,3,7,50,7,7,8,18,6,8,15,2,3,244,3,3,7,15,8,8,33,15,2,1,17,29,22,7,9,81,71,2,14,7,4,42,9,111,8,15,5,10,9,5,9,3,2,19,4,50,10,157,49,19,5,13,0,2,3,8,17,6,56,0,17,59,5,10,5,5,5,15,6,7,13,3,33,33,38,9,8,19,26,21,6,12,12,12,10,4,0,7,5,15,16,38,14,6,6,3,3,2,11,6,0,14,153,17,30,6,3,7,15,12,1,0,3,31,11,23,11,25,39,3,11,6,27,26,31,11,34,12,7,6,0,32,101,4,20,0,0,4,4,17,2,20,2,2,12,5,0,10,4,2,21,3,5,0,0,7,21,0,30,15,8,5,4,4,0,5,12,6,3,9,4,4,24,8,6,0,7,6,7,5,7,4,8,13,12,15,17,5,16,8,9,8,0,0,5,5,6,2,6,14,10,10,3,37,0,8,7,9,5,6,8,0,34,17,4,0,13,0,0,4,17,6,9,5,1,4,3,0,17,18,9,121,35,9,7,13,21,8,5
SRR6784574,controle,3,55,17,17,24,169,4,0,7,90,76,4,197,13,25,4,24,56,14,41,0,6,22,0,129,50,11,80,36,80,2,29,0,5,18,103,110,198,85,31,64,4,541,5,10,21,24,41,32,20,252,44,6,51,16,6,31,59,68,95,12,180,11,162,31,10,196,69,14,19,11,18,28,40,103,40,43,0,7,8,28,75,25,2,24,46,19,104,0,27,25,146,59,49,41,70,7,101,30,87,36,0,50,58,0,26,24,113,100,0,4,27,8,75,7,57,151,11,9,4,14,38,17,11,37,28,5,127,3,0,136,2,39,25,22,0,16,3,15,469,24,13,135,7,18,7,16,6,3,62,29,0,331,216,7,22,94,9,16,290,81,216,0,10,31,36,5,149,63,9,36,60,22,110,62,5,22,19,94,38,2,0,42,42,0,29,36,12,0,36,27,49,41,12,45,28,14,0,8,55,143,37,39,44,7,31,9,14,135,13,48,35,15,18,25,130,0,19,171,0,14,42,22,50,27,17,23,99,31,42,156,3,33,0,25,23,0,67,7,98,34,96,42,54,44,92,20,6,132,7,198,45,27,29,8,51,13,34,24,22,16,208,51,127,75,68,86,94,242,69,53,42,21,25,5,2,25,0,91,99,5,26,225,73,80,34,12,17,33,24,0,30,162,262,68,13,173,65,11,122,17,9,42,2,167,95,12,11,162,368,96,11,68,80,9,11,18,11,6,26,26,10,3,0,3,21,28,25,9,26,8,20,13,9,58,29,42,12,17,6,20,142,84,14,19,9,16,14,20,45,64,22,205,163,14,97,12,0,16,4,446,22,220,7,68,23,83,2,7,8,61,79,0,10,22,0,26,0,0,144,23,42,90,85,101,16,33,7,6,112,50,70,23,130,9,42,157,4,12,8,273,193,27,0,7,4,18,26,30,39,39,427,0,203,30,0,22,3,65,108,31,22,21,27,14,0,29,0,0,4,73,295,0,31,9,119,7,38,67,231,98,7,86,6,68,231,33,28,5,73,181,135,10,157,60,13,0,61,19,142,221,5,0,68,0,12,3,3,227,100,46,18,20,0,19,18,65,54,46,35,25,8,11,37,18,19,4,146,19,2,101,31,83,257,165,43,111,0,18,63,28,3,9,9,12,4,32,99,59,12,87,26,19,14,45,70,90,157,0,6,38,4,270,23,0,2,0,16,0,0,3,12,91,73,39,20,0,34,345,43,51,16,23,108,15,22,34,134,67,0,21,165,92,7,9,27,27,148,8,15,21,34,28,4,61,4,150,8,69,23,20,11,11,2,0,28,222,10,8,16,0,5,5,53,111,3,66,19,14,381,7,65,132,30,4,37,35,18,33,9,214,25,50,75,29,16,11,5,12,38,58,0,38,119,257,315,40,35,0,4,13,10,135,31,77,151,7,0,6,34,7,7,25,8,14,13,6,6,4,117,48,8,8,0,32,43,5,6,17,12,7,0,7,0,27,10,0,16,31,10,4,119,9,0,26,6,4,0,44,86,0,167,103,48,11,20,15,5,50,8,0,58,51,75,17,46,46,55,0,17,123,77,79,17,27,140,17,0,30,20,11,151,0,0,51,10,30,0,48,4,53,9,13,0,31,47,31,60,5,79,5,15,126,0,6,43,82,13,9,2,3,6,17,103,30,28,14,25,8,16,0,125,10,5,98,54,30,8,26,56,46,10,64,82,40,35,24,14,7,16,11,31,17,9,11,0,6,18,11,6,29,0,87,12,85,3,75,24,0,43,40,7,4,44,0,6,5,28,5,4,15,0,14,4,0,19,12,12,268,32,13,100,19,105,11,30
SRR6784579,controle,3,30,80,6,18,46,0,0,6,23,74,7,66,16,0,11,21,22,10,23,0,4,10,24,56,31,7,41,12,20,0,41,10,11,18,43,52,52,31,17,45,5,190,2,9,3,18,33,82,73,50,50,4,28,11,0,43,25,15,51,11,115,7,44,13,6,70,32,43,5,20,31,47,54,28,20,99,8,4,7,25,32,18,0,15,71,17,51,1,58,4,138,34,61,29,25,22,52,70,27,13,0,36,26,0,30,19,38,87,25,18,7,7,25,0,9,40,30,23,8,16,22,10,9,72,129,8,78,4,24,60,8,9,12,37,8,5,22,3,304,25,12,65,12,5,3,21,8,10,29,6,33,182,146,1,22,28,17,50,74,22,286,0,0,10,19,16,38,10,11,60,25,47,35,61,30,25,14,33,43,19,0,10,45,0,15,9,22,16,2,43,26,16,15,29,22,25,3,11,107,50,24,64,46,3,20,4,17,262,11,53,12,20,30,23,39,0,20,363,36,39,16,44,235,10,11,8,24,31,46,88,5,4,0,9,8,2,39,12,29,54,18,17,10,22,32,20,10,35,1,95,3,18,7,20,18,30,16,5,19,29,86,78,38,32,90,19,102,106,49,62,25,21,28,35,5,15,0,35,39,0,34,109,26,27,34,11,41,27,52,72,33,83,122,33,15,60,15,16,301,5,13,33,27,90,39,6,10,129,171,120,0,34,64,22,32,42,26,0,19,44,27,16,0,5,19,4,40,6,39,10,3,9,23,60,59,54,11,6,3,9,44,31,17,18,9,25,9,42,29,80,20,62,61,21,21,11,0,40,9,242,22,161,9,26,12,22,16,6,8,93,63,23,16,41,0,14,3,0,53,25,53,19,54,31,33,16,14,19,49,103,74,10,59,17,49,96,7,14,5,244,42,17,3,25,6,8,46,481,59,44,253,12,120,19,3,24,3,33,60,13,36,21,53,8,2,8,0,8,5,23,117,0,17,6,44,24,35,61,81,98,69,277,10,36,120,22,15,5,74,55,54,11,46,31,9,0,139,33,268,70,14,5,24,0,7,6,9,161,30,28,50,17,6,5,24,26,11,27,14,18,0,42,14,95,11,14,39,18,8,50,10,59,55,136,32,37,0,27,91,11,0,3,20,21,2,34,45,15,17,28,29,9,19,23,15,20,94,2,22,25,4,78,43,0,17,3,24,3,3,0,14,23,38,7,17,0,20,93,96,55,10,5,120,3,29,9,29,18,5,39,73,34,17,4,16,5,67,2,6,110,14,32,6,22,49,41,10,29,30,22,49,11,4,0,10,403,33,6,21,8,15,13,89,55,9,29,27,27,92,23,19,87,103,0,31,10,10,30,23,229,22,33,32,10,19,5,9,19,20,172,15,67,35,218,96,69,81,13,3,27,13,23,51,32,120,7,5,53,12,5,9,25,5,8,15,11,4,0,59,53,7,15,0,17,28,5,11,13,15,13,5,10,9,0,20,0,11,52,13,5,36,6,0,9,18,0,0,10,25,25,56,38,8,11,6,31,13,3,11,0,17,28,17,26,59,17,0,12,6,60,44,0,20,16,31,13,1,44,116,9,39,0,17,0,8,29,5,23,25,4,16,33,0,33,16,10,55,9,31,2,57,29,25,3,40,46,13,6,6,0,46,9,47,10,10,35,4,22,11,9,49,6,3,20,22,15,7,9,21,44,16,27,27,16,10,49,17,14,11,0,12,21,11,8,0,11,17,48,9,41,3,31,14,23,13,27,3,7,56,82,0,11,19,0,4,3,10,3,4,13,10,0,6,3,79,10,25,203,37,8,17,21,30,12,18
SRR6784585,controle,4,10,9,4,2,91,0,0,2,21,25,0,69,12,0,12,2,28,3,14,0,12,6,2,41,13,3,15,10,22,0,12,2,9,14,37,34,41,17,14,30,2,167,2,2,0,5,10,14,14,74,14,6,23,3,0,24,32,5,25,5,49,4,43,4,0,52,23,14,9,8,4,14,25,32,14,23,8,0,6,23,20,14,2,14,56,8,23,0,9,7,41,33,25,23,35,5,47,6,25,6,3,24,11,0,14,2,47,31,14,4,3,0,28,2,7,49,6,8,12,10,2,3,0,14,24,1,40,3,8,41,3,19,13,9,12,1,4,8,195,8,0,29,5,3,0,14,5,4,40,5,30,117,47,11,5,38,13,18,43,39,44,4,12,4,5,0,25,30,9,25,21,12,34,32,9,25,19,16,16,0,0,27,18,0,5,3,2,0,0,8,12,21,13,30,14,15,0,6,53,20,11,19,20,10,20,4,2,43,10,19,9,16,5,9,50,0,12,91,5,20,20,9,23,0,12,11,22,15,22,50,0,3,0,4,8,13,9,5,21,14,27,31,18,15,21,8,4,51,6,76,2,16,5,4,23,16,6,5,13,22,72,28,8,25,21,24,66,71,23,25,34,7,7,13,0,11,0,23,44,9,23,90,16,26,0,0,11,11,11,41,13,56,82,14,6,36,10,8,96,0,10,19,3,53,55,2,7,94,117,27,13,12,30,0,3,0,0,0,7,23,22,6,3,0,3,18,9,19,17,13,14,21,3,5,22,18,4,0,4,5,37,17,5,3,5,6,3,12,4,17,35,104,41,5,48,3,0,13,12,198,21,66,18,13,0,18,2,4,11,45,22,0,0,0,0,10,0,6,32,26,14,27,31,15,10,8,2,4,36,21,45,6,39,3,18,43,0,16,0,54,48,15,0,12,5,6,10,30,35,27,190,0,91,3,0,13,5,20,39,12,15,4,33,7,0,12,0,19,1,34,79,6,8,10,30,8,22,34,83,65,6,39,8,16,99,5,15,4,32,63,59,4,38,23,5,0,66,18,130,74,5,0,12,2,3,0,5,90,27,27,11,2,8,10,6,23,19,12,14,12,6,6,3,53,11,0,22,0,0,43,10,40,37,61,0,27,2,12,52,15,0,0,4,12,10,38,89,18,9,21,18,2,5,15,26,19,42,0,11,15,8,54,5,4,3,12,14,0,0,5,0,12,20,9,22,0,6,103,40,21,15,11,20,4,17,28,24,19,0,0,81,23,6,11,15,2,54,0,3,15,0,3,3,16,5,45,11,13,16,10,23,6,8,0,9,116,5,3,9,3,4,6,38,23,2,25,9,20,134,8,13,67,0,0,16,12,3,15,11,92,0,18,14,8,9,2,4,4,3,6,0,15,17,105,100,50,36,0,3,5,3,38,11,21,75,5,3,3,6,9,2,13,0,10,10,4,4,6,57,48,14,0,8,5,22,4,16,19,16,6,0,11,4,0,5,6,10,24,13,3,20,10,0,7,11,30,0,24,7,17,33,23,20,8,10,11,1,0,12,10,46,20,20,8,34,36,6,6,6,38,9,12,4,22,5,33,0,10,22,3,7,0,14,0,11,19,10,22,2,2,3,14,0,9,10,12,30,5,22,6,23,33,0,7,18,29,8,0,4,0,4,16,30,6,9,15,16,5,10,0,18,0,11,18,16,16,8,10,41,20,9,19,16,11,22,21,8,2,17,0,6,10,3,0,0,4,17,9,6,27,0,23,2,14,2,34,3,0,18,13,0,4,3,0,4,0,15,3,12,12,2,0,3,9,20,10,15,99,23,10,31,8,47,6,3
SRR6784590,controle,3,25,12,8,34,146,0,40,5,52,68,0,154,18,2,4,21,54,2,28,0,9,23,0,94,30,8,46,33,58,0,28,2,13,18,83,90,128,47,11,60,4,407,10,3,22,17,11,47,20,166,28,3,28,7,0,49,78,27,85,12,112,13,128,29,9,114,65,13,11,10,6,13,46,121,27,46,5,4,0,33,60,26,0,24,73,14,49,0,28,10,113,44,30,53,45,11,98,60,100,24,0,37,37,0,9,0,106,62,0,4,19,9,70,5,0,103,8,10,5,3,46,13,14,32,32,0,112,0,3,104,6,20,18,16,106,7,0,9,416,30,4,80,4,16,0,25,0,4,57,27,41,71,61,7,19,71,6,27,192,86,188,4,6,34,0,0,82,78,0,75,60,47,142,52,9,19,0,45,28,6,0,36,53,0,19,40,0,0,42,15,26,42,22,51,22,20,4,11,84,76,24,31,41,4,29,26,2,108,3,33,22,6,14,17,76,0,21,176,0,8,35,25,281,7,20,24,56,34,25,89,16,13,0,4,30,0,11,18,51,18,98,79,65,77,48,12,4,110,3,176,30,8,20,5,25,9,19,14,13,7,176,31,62,59,55,70,73,179,58,50,63,9,5,22,0,7,0,61,91,3,36,180,44,36,8,7,9,26,13,40,31,104,181,45,14,104,57,16,177,3,21,18,7,112,80,9,5,116,283,58,22,41,87,15,7,0,3,4,13,18,6,13,0,0,5,27,18,14,23,6,22,16,12,39,20,60,5,12,6,14,100,51,11,12,14,25,7,8,42,52,34,195,137,22,96,9,0,32,10,394,15,201,12,90,0,64,0,2,9,70,51,0,12,12,0,13,0,3,99,15,35,67,68,53,14,23,4,3,67,54,52,12,94,11,48,71,0,11,0,167,165,10,0,17,4,16,22,57,11,62,372,0,211,12,3,15,0,43,74,17,38,0,37,0,2,20,0,0,4,99,213,3,10,11,80,19,36,34,230,136,5,82,19,39,392,45,24,6,65,148,23,12,95,15,9,0,125,23,178,131,9,0,33,2,8,12,6,214,78,29,37,15,4,27,8,31,47,36,45,20,14,6,15,83,23,10,105,10,3,74,7,61,169,23,10,80,12,25,93,21,7,0,8,5,2,56,110,38,11,62,31,8,19,21,46,91,123,0,7,31,4,180,34,0,2,5,14,0,0,6,4,61,45,3,10,0,16,278,169,36,20,0,45,31,21,43,107,44,0,16,159,72,11,6,27,7,134,0,16,13,5,10,7,48,0,143,8,35,22,18,7,10,4,0,32,207,4,6,13,0,3,9,54,80,20,48,31,18,366,6,25,88,9,2,30,37,3,19,12,173,10,48,31,24,18,6,3,12,6,13,0,19,73,196,254,118,45,0,13,16,4,89,15,49,139,3,0,0,41,18,13,9,3,11,8,0,10,0,115,30,5,4,5,30,46,11,17,23,7,0,0,9,2,0,12,0,5,27,52,6,2,18,0,14,38,0,0,52,79,20,4,50,43,13,15,15,14,42,3,0,79,26,25,5,51,41,51,10,6,100,69,29,36,31,18,45,0,16,22,3,46,0,0,18,5,13,0,24,4,68,12,12,0,8,29,33,63,3,69,0,63,88,0,2,10,62,15,0,7,11,0,17,104,25,34,10,70,7,29,0,71,11,3,55,27,41,8,21,62,28,39,45,23,37,38,18,17,11,15,17,30,9,5,17,0,5,32,19,9,32,7,77,7,39,3,90,6,4,28,23,0,6,43,0,9,7,16,0,4,3,5,0,6,0,7,15,10,227,35,23,65,23,105,19,23
SRR6784591,controle,24,6,9,2,42,105,0,34,32,10,19,2,66,28,8,5,22,58,31,18,0,61,18,17,53,21,14,54,15,49,5,21,0,50,18,50,36,76,14,31,12,13,248,28,37,0,34,22,70,54,102,63,17,44,44,0,59,65,4,28,41,140,6,56,11,18,99,25,36,4,55,12,10,111,21,8,112,3,5,0,80,37,19,15,11,107,39,41,0,34,24,69,43,41,72,12,8,107,40,65,2,8,12,7,0,18,9,69,69,12,2,5,19,40,10,38,59,43,33,14,3,39,9,41,51,32,3,123,13,17,120,5,14,22,14,13,12,11,2,595,23,26,52,9,9,3,15,10,7,60,10,15,68,17,1,48,50,43,23,64,51,95,3,38,42,6,0,12,35,0,60,64,47,50,27,14,30,19,18,60,14,0,21,19,5,64,13,10,7,32,15,4,64,0,68,58,47,8,16,185,4,27,64,21,19,21,21,31,39,7,77,14,7,14,13,5,0,37,135,14,12,20,30,56,26,19,17,12,47,40,152,33,5,14,4,11,2,46,7,12,56,24,8,28,42,3,13,89,126,1,94,8,7,28,25,13,132,20,5,16,22,145,70,44,60,133,28,122,119,77,102,52,19,21,36,6,22,5,40,71,11,99,205,4,26,34,0,39,10,134,60,56,60,45,54,36,92,48,21,210,3,18,65,11,53,16,23,67,149,106,25,7,27,119,37,19,33,0,6,43,93,38,6,14,35,32,24,48,59,37,5,30,187,3,20,120,140,4,0,12,9,83,4,41,20,23,16,24,13,92,171,40,217,86,3,55,9,0,37,40,356,16,85,6,31,7,63,0,10,1,134,16,15,25,8,0,9,2,35,45,15,74,48,26,3,21,52,4,0,100,92,78,5,25,6,41,86,6,6,21,30,38,7,0,8,0,10,28,62,21,86,251,11,85,8,26,78,11,27,54,28,26,14,174,0,2,4,0,36,8,27,58,0,0,10,7,27,85,27,169,255,17,41,6,32,83,81,14,23,36,64,42,18,59,36,19,24,97,35,476,42,25,7,10,0,4,2,0,248,21,20,53,12,4,3,11,10,28,32,31,5,14,15,5,88,36,12,26,15,7,115,7,117,77,289,7,16,40,33,219,2,11,50,22,47,41,79,19,42,25,4,42,11,26,99,11,21,81,2,19,16,17,53,39,5,25,28,17,12,19,78,2,8,32,15,4,0,60,92,49,77,18,0,34,5,158,22,47,30,0,18,106,55,21,89,22,0,101,2,11,87,7,3,12,12,26,65,7,10,48,152,34,12,7,6,4,220,57,21,55,14,6,21,192,27,53,76,27,44,280,32,9,170,25,7,48,14,17,0,21,150,5,28,4,24,21,2,0,32,12,26,0,57,3,588,223,26,82,28,5,28,30,79,60,4,211,21,3,19,33,13,0,20,29,58,9,0,24,2,141,141,0,11,0,0,62,23,24,92,9,17,15,52,0,6,52,2,5,39,127,28,5,25,0,4,39,12,0,121,29,34,13,31,37,18,12,42,7,3,14,3,78,0,26,28,77,42,30,8,9,119,6,72,28,4,11,20,4,18,25,12,35,0,7,11,0,27,2,21,27,29,0,45,5,43,3,13,65,0,10,5,39,46,9,9,90,83,11,17,10,24,0,32,11,0,13,54,11,17,31,0,10,12,5,2,42,15,11,3,75,69,85,19,25,7,3,53,87,9,5,58,36,7,19,8,0,62,20,60,14,54,7,42,3,17,14,47,26,44,45,131,32,14,41,0,16,38,2,15,6,16,9,35,11,0,83,30,47,75,62,4,39,52,52,8,8
SRR8556880,controle,8,11,18,11,8,48,21,16,20,4,51,5,17,23,8,14,23,7,2,18,8,16,6,2,10,5,8,19,13,11,2,15,2,3,24,28,46,41,10,11,24,3,5,8,0,12,16,31,22,21,8,47,1,21,11,4,15,39,12,18,26,65,2,60,7,3,6,12,10,3,10,3,42,46,26,6,59,6,4,37,18,34,30,14,8,66,27,22,13,15,14,26,14,30,28,23,33,47,3,4,2,1,6,17,18,16,22,11,61,16,4,2,7,48,4,12,25,16,10,5,6,10,2,2,45,25,9,79,6,25,42,5,19,23,2,34,7,12,5,152,3,6,11,10,6,6,24,33,8,8,7,6,54,68,2,9,0,6,51,27,44,50,3,14,17,14,0,10,20,24,13,17,20,46,2,5,8,37,10,20,12,8,4,14,5,4,73,4,7,8,8,20,9,17,17,71,12,1,10,203,13,32,52,36,24,14,4,3,41,35,57,33,11,14,29,25,46,23,78,34,26,14,30,14,4,15,2,21,20,34,51,9,4,6,12,22,8,29,0,9,31,27,19,15,15,16,12,4,37,25,40,14,13,7,12,20,38,18,0,11,26,26,14,81,41,39,60,62,106,95,26,17,25,53,34,5,54,12,28,56,10,20,119,9,13,4,10,30,4,8,23,17,92,44,61,9,18,55,9,198,4,5,27,4,132,38,6,6,120,184,28,8,5,29,19,4,17,22,10,21,16,23,3,5,2,6,24,23,10,12,2,14,14,0,6,30,80,2,6,9,11,24,0,9,0,4,14,8,8,29,26,19,44,54,12,8,5,11,9,8,251,7,41,9,13,45,49,4,6,0,67,88,2,19,13,16,14,1,4,54,46,37,23,36,18,0,12,1,5,31,69,20,16,61,12,86,44,12,19,26,25,49,12,11,7,7,43,0,38,31,40,94,22,99,28,22,15,8,13,53,11,42,7,20,34,89,8,43,20,2,69,130,10,19,3,26,54,37,11,152,39,14,5,8,58,120,67,37,2,130,15,3,32,20,10,42,5,93,15,234,94,0,7,16,2,7,0,7,22,0,6,40,9,24,6,8,30,30,38,7,27,28,5,2,45,22,8,18,9,8,13,1,47,69,67,19,23,1,5,21,8,3,10,36,15,19,86,40,4,51,12,15,6,22,25,14,27,53,11,11,6,22,15,22,15,1,18,13,8,12,5,11,14,63,8,7,14,18,62,29,50,15,19,67,6,20,7,78,19,13,18,81,84,17,7,7,29,67,3,16,35,4,20,8,9,6,95,7,5,23,15,13,3,33,25,6,115,22,4,24,6,18,9,141,55,19,20,9,36,1,10,2,75,4,3,41,3,30,60,24,59,4,10,8,40,0,4,7,1,4,4,19,32,13,232,89,20,56,0,6,10,1,63,38,13,141,5,6,16,1,9,12,10,8,7,26,3,7,19,52,56,21,8,10,8,8,10,0,23,13,7,7,5,15,1,12,0,2,10,28,10,15,13,12,17,6,12,13,13,51,29,26,31,16,21,11,38,2,2,1,2,28,5,9,23,28,4,9,3,15,26,15,36,12,27,10,46,1,5,3,11,6,2,9,7,3,30,6,33,6,13,9,7,1,18,9,31,62,9,28,0,10,14,12,6,32,13,13,2,6,0,20,5,35,2,10,16,6,13,32,7,35,1,9,3,11,18,7,3,5,35,12,6,15,33,10,22,43,2,11,2,16,4,2,12,3,9,2,19,6,69,10,22,10,6,3,3,10,2,27,28,8,12,14,9,0,6,3,9,12,4,3,10,7,3,53,31,15,91,44,6,41,17,36,9,3
SRR8556900,controle,1,4,5,2,0,10,4,4,6,16,21,14,7,9,3,2,4,0,0,9,1,2,4,0,0,3,6,11,4,0,1,4,0,0,2,3,15,28,0,8,28,0,3,2,0,3,21,5,3,9,12,11,0,4,2,0,5,8,0,10,1,24,0,16,7,1,41,3,7,6,4,13,5,11,8,5,14,2,0,15,4,8,12,2,0,11,6,0,4,3,6,15,7,4,2,13,6,4,6,7,3,2,17,5,5,4,10,7,17,21,6,6,1,164,2,3,3,7,5,14,1,2,0,0,15,11,4,51,2,11,13,20,60,13,0,19,3,3,0,36,0,3,21,1,0,2,4,1,3,0,1,7,19,7,0,1,8,0,5,0,4,96,0,6,7,2,0,122,5,4,6,0,2,13,5,0,52,9,2,0,4,5,1,0,0,172,3,2,5,2,2,0,7,3,58,9,3,6,3,103,3,14,9,17,4,4,71,4,10,2,8,9,2,12,12,42,5,12,10,7,3,4,14,6,1,4,3,5,6,9,13,3,2,95,2,4,3,16,0,119,8,2,52,129,10,9,14,23,10,1,9,4,6,0,4,6,3,7,5,8,2,17,8,8,15,8,9,19,8,8,3,11,7,8,7,1,5,6,12,17,0,2,20,3,5,5,2,4,0,3,9,5,12,14,9,4,7,3,75,46,0,9,2,4,37,8,0,6,46,50,17,3,0,6,5,0,4,7,3,8,15,5,0,2,3,0,5,2,0,0,6,5,3,0,34,16,15,0,2,6,0,0,0,3,2,6,3,4,2,5,19,11,9,7,10,7,3,2,4,2,92,0,14,2,4,9,15,2,0,0,93,33,2,2,4,3,7,2,0,22,4,12,17,6,13,0,2,0,2,20,16,11,7,10,0,3,17,5,3,1,34,19,7,5,4,2,6,0,69,37,23,89,9,9,4,15,5,2,7,8,6,3,1,114,6,26,6,13,60,2,10,28,3,6,33,5,60,3,13,14,20,7,8,2,25,27,10,1,2,5,3,0,3,9,3,2,4,25,4,36,9,2,5,10,2,3,6,4,167,13,1,12,10,0,1,9,11,13,3,3,2,4,3,0,13,9,5,9,5,7,7,0,7,11,18,4,7,0,4,8,0,3,6,7,9,5,10,14,0,6,11,4,0,4,8,16,8,34,2,2,0,2,180,2,4,0,5,2,4,3,2,3,0,11,2,2,3,2,112,10,12,14,1,27,3,4,2,9,6,3,4,17,15,6,3,3,5,36,1,5,3,6,10,43,6,3,27,0,136,9,2,8,2,3,9,10,33,4,3,2,2,5,4,19,10,1,0,4,19,3,0,3,17,3,2,13,0,2,13,4,23,3,4,4,4,0,0,9,6,0,11,1,8,8,66,25,2,14,21,2,10,6,14,7,3,26,2,3,38,0,4,4,3,2,2,7,3,7,0,15,63,54,5,3,5,0,1,4,2,2,0,2,3,4,4,49,1,4,4,7,2,5,1,4,0,4,0,56,12,6,11,24,5,1,8,11,6,2,4,70,0,7,3,12,8,4,1,3,15,8,19,0,59,5,3,16,11,1,1,6,2,7,2,1,0,1,4,0,6,0,0,3,6,3,3,2,2,25,0,10,3,5,131,3,4,38,3,3,0,3,7,3,0,6,4,2,6,3,0,4,2,3,0,1,0,2,4,7,6,2,7,10,4,10,3,6,10,14,0,3,2,4,6,2,7,2,2,0,7,1,29,2,12,3,3,2,3,7,0,11,6,4,2,4,2,0,4,4,1,5,0,3,2,2,4,10,10,11,131,12,0,2,3,5,4,0
SRR8556918,controle,2,11,14,0,0,35,1,38,12,0,54,0,14,16,25,0,5,5,4,0,10,22,0,2,8,3,2,21,7,3,0,6,2,0,10,25,5,16,0,0,33,6,6,3,0,3,9,0,43,21,54,26,0,21,13,8,36,25,1,5,0,19,3,4,37,18,5,3,0,1,2,13,20,14,23,2,6,2,0,45,0,44,62,2,0,25,49,6,14,18,37,112,3,18,5,0,10,103,5,12,3,4,0,3,36,4,29,3,5,16,1,1,0,1,0,4,55,0,10,4,0,0,3,0,41,7,11,5,0,7,2,4,2,4,0,35,2,0,0,18,0,45,4,20,0,1,0,7,7,0,5,3,23,7,0,5,3,3,23,0,65,100,0,17,17,35,0,25,2,67,2,6,7,44,16,0,0,40,9,0,7,0,10,0,0,9,13,0,3,0,3,2,4,53,1,13,0,3,3,4,27,7,0,12,76,11,0,0,7,1,2,3,2,3,7,17,0,4,35,7,45,1,5,0,0,4,1,29,1,7,37,38,3,0,2,6,3,3,2,18,8,4,5,7,7,67,18,0,78,0,9,1,24,19,0,35,3,0,2,12,8,3,2,51,17,0,0,27,13,3,5,0,5,24,3,7,0,4,74,16,1,2,18,0,0,0,1,0,3,0,32,0,27,17,3,9,17,8,5,54,3,1,0,3,48,9,1,0,76,57,10,17,3,5,12,3,0,1,1,0,1,2,0,4,0,1,8,6,3,0,2,1,9,0,8,8,8,0,3,11,3,3,5,0,0,0,22,1,4,6,2,13,49,23,20,0,0,9,6,0,102,5,24,3,36,4,63,0,0,0,0,17,13,30,13,1,3,0,0,6,7,36,33,0,11,8,7,0,4,11,5,6,8,92,2,0,4,1,16,1,6,71,4,20,4,13,6,0,12,13,14,44,7,8,8,20,6,2,5,129,4,4,0,24,20,123,4,7,25,0,27,22,0,38,0,10,47,8,8,23,50,5,0,3,14,79,3,1,0,31,19,11,3,8,0,0,0,57,11,60,12,0,0,3,0,2,1,1,15,0,20,3,3,1,2,2,28,4,47,0,0,1,12,11,3,1,0,36,2,24,12,0,7,37,124,0,22,0,0,7,27,1,0,1,1,1,2,40,0,8,16,10,0,0,74,14,52,3,8,0,0,2,26,11,25,0,1,0,0,6,2,5,6,35,2,3,19,0,119,53,49,0,20,7,0,0,2,48,6,1,27,35,32,3,52,3,72,78,4,0,7,14,6,1,32,0,54,3,10,0,26,31,0,4,32,4,37,3,0,1,3,2,0,16,12,0,1,1,4,5,3,16,25,10,0,37,0,1,2,0,185,13,0,9,17,3,0,2,0,0,28,0,20,21,38,72,38,3,0,0,6,0,9,4,13,40,1,2,1,0,2,0,4,0,2,5,0,6,1,47,0,2,1,4,1,0,9,0,16,0,1,3,2,1,2,0,0,1,6,0,0,4,0,1,0,0,8,19,12,32,23,86,23,40,0,3,1,4,12,1,2,32,0,25,4,0,0,0,0,9,6,78,61,5,0,6,5,0,0,3,16,24,3,2,3,0,4,0,0,2,11,4,0,5,5,14,2,10,0,59,2,17,4,23,3,11,9,0,5,1,1,12,7,50,2,2,0,0,2,3,12,24,0,0,4,23,9,0,0,7,3,2,1,0,42,0,5,6,0,4,0,16,0,7,12,0,0,5,0,0,53,27,53,6,0,0,5,1,1,5,0,0,3,2,0,4,1,3,0,0,0,0,0,17,0,10,3,0,182,6,0,33,7,9,17,6
SRR8556942,controle,0,1,17,3,2,1,2,7,1,30,4,10,23,1,5,0,1,5,0,11,0,3,0,2,0,0,4,3,0,4,4,2,2,0,4,8,10,13,0,0,50,2,0,1,0,1,2,2,3,9,5,3,3,0,0,0,0,3,1,0,0,19,0,4,0,6,30,3,4,7,3,6,3,3,2,2,13,3,0,3,0,8,8,1,2,13,12,24,4,0,4,13,3,5,2,1,3,8,4,4,10,4,56,0,5,12,4,0,18,19,1,3,2,180,0,1,9,0,21,0,7,0,3,11,5,10,2,56,1,0,4,17,83,3,0,2,2,1,0,5,0,3,54,2,2,0,5,3,2,6,3,5,6,13,47,8,0,40,10,0,2,126,5,1,2,2,0,100,0,1,0,14,2,2,10,0,31,2,0,0,2,3,9,0,2,150,0,8,1,0,5,0,0,11,54,3,0,5,4,3,3,11,0,4,4,2,64,0,18,1,4,9,3,8,4,40,0,0,20,4,7,0,27,11,0,1,8,4,0,4,7,1,4,95,5,0,3,10,1,116,12,4,77,241,3,2,3,22,3,0,3,0,8,1,1,2,5,3,5,3,2,0,0,2,19,19,4,6,12,0,4,10,4,3,3,0,0,1,12,12,0,4,12,0,2,2,0,4,0,0,7,2,5,3,3,1,7,3,68,39,1,0,3,1,7,3,1,3,14,21,26,1,0,3,1,0,2,3,1,7,6,8,0,1,5,0,7,0,0,18,2,0,6,0,23,13,11,0,0,3,2,0,3,3,7,0,2,0,2,1,4,0,14,13,3,0,0,3,7,0,55,0,12,1,0,2,16,0,0,0,78,4,0,4,4,4,7,1,0,21,3,5,6,0,5,6,1,0,3,3,3,2,2,16,0,12,6,2,11,1,48,6,7,3,0,0,7,0,64,36,13,71,1,5,3,2,2,1,10,10,0,2,0,104,1,34,0,3,50,0,4,11,0,5,0,4,49,13,0,13,15,5,16,0,0,16,2,0,0,6,7,4,4,9,3,0,5,12,2,14,4,3,3,2,1,0,0,1,145,5,2,7,0,3,0,4,6,6,3,0,3,2,4,0,17,13,3,6,0,5,8,5,2,15,6,2,9,3,12,8,4,6,3,2,1,1,0,3,0,5,3,4,3,1,2,2,4,11,8,2,5,2,179,7,3,0,2,5,0,1,3,3,0,3,0,5,1,2,97,14,6,2,1,10,3,2,0,6,0,1,2,11,6,2,2,13,6,26,0,1,4,4,1,49,2,10,4,1,5,7,2,1,2,2,7,4,8,3,6,1,5,0,0,2,13,1,0,0,3,0,0,0,9,5,2,9,0,0,2,0,190,1,7,2,1,0,0,0,2,2,13,0,2,6,13,16,0,2,23,0,5,5,6,1,0,11,2,2,29,7,0,2,0,0,0,3,1,9,0,10,2,0,3,4,2,3,1,7,0,4,3,0,1,3,2,2,0,0,0,0,1,2,1,0,0,6,9,42,4,5,3,2,0,2,2,6,6,2,0,56,3,11,0,4,3,0,8,4,0,0,0,0,414,19,0,5,6,6,1,14,2,2,0,0,0,2,0,0,19,4,0,0,0,0,3,2,0,6,2,2,1,0,128,4,1,37,17,0,3,0,3,2,1,2,5,3,4,3,2,2,2,6,0,0,2,2,1,2,6,4,0,2,1,7,7,0,3,5,0,0,3,3,0,0,3,0,0,0,3,2,13,2,0,0,2,0,0,2,0,0,20,4,0,3,2,2,0,7,0,2,1,0,1,1,0,4,1,0,82,5,0,4,0,4,9,0
SRR8556969,controle,0,16,5,5,0,17,3,2,3,0,11,5,5,1,2,2,8,4,0,7,4,6,4,0,8,8,4,5,3,0,0,2,0,0,4,7,12,15,0,5,19,0,3,3,0,3,8,5,5,4,9,30,5,4,5,0,4,22,0,5,4,23,0,10,10,2,59,19,8,3,18,6,2,7,6,2,23,5,3,8,7,14,1,5,9,27,5,13,1,2,1,9,11,55,5,3,8,8,10,27,3,2,2,5,2,8,3,12,17,9,1,4,9,55,0,8,8,9,0,2,2,1,6,4,14,8,0,38,1,2,17,15,20,14,2,5,3,1,0,62,0,6,23,0,0,1,2,3,2,20,2,4,50,109,1,10,0,44,9,6,4,21,1,22,7,5,2,34,7,2,6,6,24,7,7,3,12,4,4,7,8,4,0,9,3,29,6,2,4,1,8,2,29,3,32,18,10,1,4,5,0,7,9,5,1,4,19,3,29,4,8,5,3,2,10,10,3,6,55,6,14,1,37,11,0,2,0,2,7,2,12,0,2,28,11,0,2,11,2,38,5,4,17,67,18,4,13,14,4,3,39,2,3,6,6,0,7,3,1,2,5,10,22,12,6,23,10,30,5,10,3,15,12,11,12,1,3,6,6,46,0,17,31,4,3,0,0,3,0,0,5,6,14,25,10,0,8,10,24,49,6,2,7,1,28,16,8,2,19,54,6,0,0,6,0,0,8,13,2,5,13,3,3,1,4,4,5,6,2,0,0,4,15,0,8,15,18,2,1,6,2,17,0,2,2,3,4,0,8,6,29,13,9,13,1,4,4,5,0,0,87,3,42,6,2,16,7,0,3,3,51,14,1,8,4,11,11,3,3,17,10,15,2,23,0,0,4,2,4,7,15,9,2,7,6,7,11,4,5,1,29,10,11,4,7,7,11,7,29,23,30,50,4,55,7,5,8,1,7,10,2,18,13,55,7,9,5,10,28,0,12,35,2,2,2,15,43,14,3,25,10,5,15,2,16,41,11,9,0,7,20,7,10,3,3,3,3,19,3,51,30,0,5,4,2,4,1,2,68,0,1,22,8,2,12,0,2,5,3,3,5,3,1,0,13,4,5,6,2,0,15,2,29,17,8,4,5,1,15,20,0,4,34,5,6,6,17,5,9,8,3,10,3,7,7,6,1,22,2,15,0,3,44,6,3,8,10,0,2,1,2,3,0,28,8,0,5,8,57,31,14,5,10,26,1,22,5,26,13,7,4,12,27,13,2,2,2,34,2,1,13,1,10,14,26,6,24,2,4,11,6,2,7,8,2,2,38,11,3,8,7,2,3,16,2,2,6,0,8,1,8,3,19,2,1,4,3,4,16,2,88,5,31,2,4,0,0,5,2,4,10,4,42,13,73,27,8,8,9,4,5,3,12,7,2,23,5,2,25,9,9,1,2,3,2,5,3,5,1,15,8,46,3,1,3,3,1,1,28,3,2,1,3,9,13,7,4,3,16,10,6,0,4,1,0,1,2,14,15,81,7,4,5,2,12,13,10,5,0,14,8,11,0,13,0,0,7,7,2,5,6,8,1,5,9,4,0,0,6,3,3,24,2,5,1,1,2,1,3,3,0,10,12,10,9,0,3,24,0,0,0,0,41,2,0,16,25,0,5,1,1,4,2,2,5,2,7,15,0,2,0,2,0,1,0,5,3,0,1,7,21,4,9,5,7,9,13,16,0,2,30,1,6,3,1,0,9,0,12,0,10,1,3,3,2,2,0,4,0,16,4,3,1,10,8,0,1,6,5,7,7,6,2,0,0,10,11,2,20,21,4,4,7,9,3,2
SRR8556973,controle,8,82,17,9,3,12,25,10,6,8,82,2,45,11,14,0,15,4,4,28,19,9,9,5,4,12,6,12,2,3,3,2,8,3,4,21,25,17,0,15,3,4,3,0,0,5,25,62,26,38,28,16,0,7,8,2,4,10,2,19,7,81,6,13,6,1,6,15,17,0,6,0,37,13,9,13,69,4,0,30,6,14,13,8,5,34,28,4,8,14,18,45,0,14,16,6,18,22,2,11,0,15,13,7,9,43,6,25,13,7,15,21,13,4,4,17,2,4,5,0,2,6,22,4,32,23,5,55,11,1,48,2,25,16,5,7,6,13,2,172,11,2,6,7,4,2,5,17,0,72,21,7,34,22,0,14,0,3,3,5,58,18,13,7,22,6,2,13,20,17,13,3,17,24,6,3,5,22,3,14,19,12,0,17,0,1,8,11,19,1,3,7,12,10,12,38,3,0,20,26,4,16,28,3,61,25,6,0,12,16,16,38,15,4,8,6,15,12,149,13,12,4,9,0,7,5,1,1,15,10,47,2,9,2,12,14,23,7,12,7,21,2,5,2,2,15,15,0,16,4,22,0,12,0,18,6,24,9,0,28,7,36,26,18,23,26,28,62,28,16,0,0,1,17,25,0,2,34,34,10,1,37,25,13,4,3,3,16,3,16,18,7,38,69,35,6,8,16,9,108,17,9,35,10,125,25,1,0,178,106,9,5,9,24,10,9,14,25,2,4,37,39,0,9,15,7,14,7,11,0,8,1,9,8,15,14,39,3,36,13,3,7,3,7,5,7,5,12,21,12,25,18,18,28,13,3,13,3,6,6,181,3,88,11,2,101,41,15,3,0,33,44,3,6,12,36,4,6,1,49,13,38,27,6,3,5,8,4,2,28,21,41,13,40,2,12,48,30,16,6,40,26,3,6,2,11,20,0,43,33,31,51,31,121,32,71,33,2,5,66,8,28,2,5,22,49,2,9,13,0,49,34,4,16,2,30,18,15,8,16,2,25,9,4,31,80,9,13,3,32,41,16,16,45,26,5,14,42,14,193,49,1,1,13,10,0,6,2,10,0,23,18,22,7,1,12,12,20,16,0,16,13,9,4,21,14,12,20,2,8,37,0,25,21,22,14,38,0,1,14,2,23,6,24,16,12,16,20,4,12,36,14,4,21,30,9,33,23,1,8,8,9,2,16,8,1,13,12,4,8,0,0,2,55,4,11,11,5,54,85,18,15,14,32,21,2,3,52,11,4,11,49,35,6,2,15,14,66,11,5,57,6,7,1,4,16,182,0,0,11,13,7,0,1,27,4,114,11,2,3,26,4,2,40,68,5,6,16,34,0,5,21,52,9,3,9,0,6,14,19,81,6,62,17,11,7,0,31,8,0,2,1,33,0,132,92,45,16,1,11,21,1,53,34,16,49,8,13,14,27,4,1,3,2,5,30,6,3,2,48,51,3,6,15,3,6,0,3,7,3,25,8,4,22,2,13,0,1,6,20,10,11,0,3,1,14,1,8,3,8,9,4,5,6,22,1,17,13,0,1,8,5,12,19,10,5,35,10,1,7,9,5,105,18,29,31,13,0,4,15,10,14,3,1,0,4,7,10,0,1,1,5,20,0,5,1,0,83,0,15,4,5,1,12,4,16,10,0,1,3,4,15,10,4,34,4,22,32,4,9,19,6,4,7,0,9,16,5,0,6,37,16,40,0,16,12,23,12,0,7,75,11,1,8,3,6,4,0,12,0,36,6,10,14,14,6,20,7,6,3,17,3,6,12,0,0,1,6,14,3,2,10,7,1,4,69,29,8,29,14,1,16,3,40,5,0
SRR8556986,controle,3,3,10,2,3,7,3,6,4,0,31,3,16,4,6,2,0,16,11,2,2,3,2,0,0,10,0,11,12,12,0,6,0,3,19,3,5,12,3,0,6,5,4,6,2,8,25,18,8,13,10,10,2,9,7,7,17,33,3,7,5,28,0,11,5,3,3,12,6,2,17,1,3,17,23,6,19,6,3,5,5,36,11,4,3,31,7,2,4,27,4,12,4,31,28,9,13,30,0,21,13,5,2,6,4,7,4,5,36,10,3,7,6,11,1,17,26,4,0,1,2,0,1,7,14,15,2,18,2,8,9,0,6,23,15,15,3,6,0,109,9,6,0,4,0,0,13,9,2,4,6,11,47,26,0,10,19,6,4,5,10,41,1,1,5,17,0,2,6,16,25,9,3,8,9,4,5,8,4,11,1,8,3,21,7,8,2,5,8,3,6,2,4,5,13,27,3,3,10,7,4,7,5,2,15,3,2,14,10,9,9,8,9,2,5,8,2,14,28,5,9,2,19,4,6,11,5,5,24,5,32,4,5,1,4,2,2,11,4,1,14,3,4,2,7,18,9,0,11,2,25,4,5,7,7,1,36,3,1,4,12,37,28,44,24,26,10,35,30,23,7,3,22,10,5,5,2,10,28,4,2,3,50,12,5,2,6,10,14,17,12,14,25,15,8,1,16,19,3,43,6,0,13,7,40,19,2,2,57,79,8,9,14,18,2,0,2,6,11,5,23,9,0,3,5,8,27,14,2,4,7,48,23,0,5,34,19,10,4,3,4,7,3,4,1,0,17,2,9,13,16,14,33,25,11,3,2,9,4,0,103,17,16,10,4,6,14,3,2,2,10,24,3,7,5,10,10,0,4,10,6,16,9,3,12,8,6,8,0,11,12,18,3,8,4,7,14,3,5,4,32,5,5,7,2,3,9,7,24,10,56,46,3,62,12,5,11,5,0,31,6,8,13,4,21,24,11,14,5,3,35,40,2,8,2,18,14,8,32,37,60,16,0,2,34,72,23,18,4,32,11,27,12,4,6,2,4,63,11,146,32,0,0,2,1,0,0,0,9,0,3,21,10,2,2,0,9,7,10,3,3,2,6,2,56,6,2,14,8,6,24,2,32,34,43,20,19,0,6,46,4,3,5,5,0,7,32,6,0,20,8,9,8,2,10,32,8,22,2,4,6,10,3,10,7,0,7,16,4,12,6,9,7,27,2,0,2,17,26,28,26,15,5,10,2,9,3,27,7,24,8,50,14,8,5,3,14,13,2,3,32,4,10,0,6,9,27,8,2,10,16,10,2,3,8,1,65,5,0,13,7,5,4,22,11,6,4,22,18,2,5,3,29,2,0,12,2,3,25,2,20,4,11,10,15,4,0,2,0,9,10,4,10,4,78,24,10,40,0,3,16,2,13,21,4,22,5,1,2,0,3,11,11,5,4,10,4,11,1,58,53,2,6,2,6,0,3,0,38,5,6,3,1,4,0,8,2,3,13,6,4,8,5,6,4,4,5,4,42,26,22,17,9,6,25,5,12,1,5,2,0,6,0,8,5,10,0,8,7,4,12,0,4,17,3,17,2,4,14,3,7,20,7,23,1,0,9,1,7,11,1,30,6,3,7,4,3,43,2,4,2,9,0,4,1,12,7,7,6,7,1,4,2,28,6,13,2,3,2,16,1,10,0,4,0,4,11,2,2,15,12,4,0,18,7,9,9,14,2,2,18,3,9,4,3,2,15,14,10,7,21,2,4,2,23,1,0,1,0,14,11,3,1,11,3,2,7,17,4,3,2,2,9,1,6,17,11,17,41,32,11,11,21,10,1,7
SRR8556990,controle,0,5,9,0,5,22,0,5,8,3,46,1,9,10,6,0,2,0,3,4,5,6,4,2,8,14,1,18,16,6,1,20,2,0,8,12,2,21,0,1,6,4,6,4,2,3,2,7,6,9,13,12,0,22,6,2,9,23,0,5,0,60,3,5,14,0,0,21,3,0,32,5,3,8,4,0,4,9,0,6,0,8,11,1,0,9,4,2,4,9,6,48,11,5,10,14,4,21,16,14,0,4,0,5,3,4,5,2,8,1,1,3,0,4,0,12,24,0,1,2,0,8,4,5,25,4,1,2,0,1,17,1,11,6,4,33,0,1,0,101,0,4,0,10,0,0,3,0,2,2,2,2,15,23,6,7,3,0,22,6,45,37,1,1,5,9,1,5,2,21,2,0,2,20,19,0,5,11,21,4,2,2,2,3,2,5,10,0,5,2,2,4,7,1,8,7,8,2,1,273,3,4,12,7,18,0,0,0,18,3,8,8,8,0,4,9,1,4,55,4,14,8,29,0,3,6,1,3,11,5,19,5,0,0,3,2,4,2,1,3,1,14,3,2,13,16,3,4,14,3,21,0,7,2,0,7,3,3,4,0,23,13,3,19,6,5,5,36,116,16,12,5,15,6,7,6,2,3,28,12,4,0,20,4,16,15,0,0,5,4,7,11,6,7,12,7,14,12,1,11,2,0,4,2,33,24,6,2,37,138,11,3,7,16,12,0,0,0,13,8,0,0,0,6,19,1,3,11,0,4,2,2,6,0,4,9,20,2,0,1,3,6,6,0,6,0,6,0,2,1,11,24,15,11,11,14,1,10,41,5,82,0,49,0,7,1,19,2,0,0,3,3,5,6,12,6,2,2,1,6,2,12,10,3,5,0,12,2,1,3,6,14,7,66,0,12,0,11,1,1,5,27,4,7,0,6,24,4,17,5,44,46,20,38,3,5,7,2,12,18,2,5,3,10,11,20,6,4,6,2,19,12,1,9,0,4,15,0,25,11,37,3,4,8,18,35,0,0,7,19,7,17,5,14,13,0,2,27,5,69,5,1,0,0,0,0,0,0,13,0,5,12,3,0,9,0,12,2,6,5,1,0,8,5,30,2,0,35,0,8,8,0,2,6,25,4,6,0,0,8,8,0,1,1,0,6,7,20,5,8,8,3,0,0,39,18,11,11,4,0,2,2,14,8,9,0,9,6,0,1,6,2,0,12,2,1,4,12,38,14,24,2,2,5,2,4,0,24,10,10,11,15,17,1,10,2,25,13,2,3,4,6,1,2,12,3,17,0,1,0,5,15,0,4,21,2,15,0,0,0,0,5,0,34,3,1,3,3,2,1,2,0,32,18,1,7,19,1,1,0,43,3,3,3,7,3,0,1,12,20,12,2,3,16,67,16,19,10,0,4,3,0,2,13,3,17,0,5,2,0,2,0,7,0,0,2,0,1,0,21,0,6,2,8,1,25,3,2,4,2,4,2,6,0,0,3,3,0,0,1,2,0,10,16,0,9,0,1,7,49,4,10,5,7,1,0,3,4,7,4,0,8,0,33,4,21,2,0,0,2,0,6,4,0,0,2,1,4,9,0,2,2,3,4,6,4,2,0,5,6,11,0,2,1,0,6,0,4,0,11,4,9,3,5,11,7,8,3,4,1,3,9,4,6,2,0,9,0,0,0,4,7,2,12,3,21,6,0,4,2,0,2,17,6,5,0,2,1,5,2,11,12,4,2,9,3,9,2,0,3,28,8,29,4,8,2,6,13,0,5,0,0,1,2,12,0,0,0,0,0,3,0,6,8,4,2,6,1,62,9,2,5,10,5,6,4
SRR8557003,controle,0,2,0,0,0,0,0,0,1,0,1,0,4,0,0,0,0,0,0,2,0,0,2,0,0,0,0,0,0,0,0,4,0,0,2,0,3,0,3,2,1,0,0,0,0,0,0,2,0,0,0,0,0,0,0,0,0,0,1,0,0,4,0,1,0,0,0,0,1,0,0,0,0,1,0,0,0,0,2,1,4,0,1,0,0,3,1,3,0,0,1,1,0,0,2,1,1,2,2,5,0,0,0,0,1,0,1,3,3,0,0,0,0,1,0,3,0,0,0,0,1,0,0,0,1,0,1,3,2,0,2,0,0,2,0,0,1,0,0,6,0,0,0,0,0,0,0,1,0,0,0,0,0,0,0,1,0,0,0,0,1,2,0,0,1,0,1,0,0,0,0,0,0,0,0,1,0,1,0,0,0,1,0,0,0,0,1,0,0,0,0,2,0,0,1,0,1,0,0,8,0,0,2,0,1,5,1,0,0,1,2,3,3,2,0,1,0,0,1,0,1,3,2,0,1,1,0,2,0,0,0,0,0,0,0,0,0,0,0,0,0,2,0,0,0,0,0,0,0,1,3,0,1,0,2,0,0,0,0,0,0,3,0,5,0,0,2,4,0,2,3,0,1,0,1,0,2,2,1,0,2,0,5,0,3,0,2,0,1,0,0,0,0,0,0,0,4,1,1,3,0,0,0,0,4,3,0,0,5,4,0,0,0,0,0,0,0,1,0,0,3,0,0,0,0,1,0,2,0,0,0,0,0,0,0,1,2,1,1,0,1,0,0,1,1,0,0,0,0,2,0,0,3,5,0,0,0,0,0,0,9,0,3,0,2,1,0,0,0,0,0,3,0,0,2,1,1,0,0,2,1,0,0,0,0,0,1,1,2,0,2,3,0,0,0,0,3,0,0,0,1,2,2,0,0,0,1,0,1,1,2,3,2,10,0,0,0,1,0,0,0,0,0,0,0,3,0,2,0,0,2,5,0,2,0,0,3,2,4,0,2,0,0,2,5,5,2,0,0,3,0,0,0,0,0,2,1,2,0,8,0,0,0,0,1,0,0,0,1,0,0,0,0,0,0,0,0,2,1,0,0,0,0,0,0,0,0,0,0,0,0,0,2,0,0,0,3,0,3,0,0,0,1,0,0,0,0,0,0,1,2,3,1,0,2,1,1,2,0,0,0,0,0,3,1,0,1,0,0,0,0,0,2,2,0,2,0,0,1,1,1,0,1,0,0,5,2,1,2,0,0,5,4,0,0,0,0,2,0,1,1,0,2,0,0,0,0,0,0,1,3,0,2,0,0,0,6,3,0,3,1,0,1,4,0,0,2,0,0,0,0,0,0,0,0,0,0,0,0,0,1,1,0,1,1,2,0,0,0,0,1,1,2,0,11,0,1,3,0,0,0,1,2,0,0,4,1,0,1,0,0,0,0,0,3,0,0,0,0,1,0,0,0,0,2,0,0,0,2,1,0,0,0,0,0,1,0,1,0,1,0,0,0,0,0,0,1,0,1,1,0,0,0,0,1,1,0,0,0,0,1,1,0,0,0,0,0,0,1,0,0,0,0,0,0,1,0,0,6,4,0,0,0,0,0,4,0,0,0,1,0,0,0,0,0,2,2,0,0,0,0,1,2,0,0,0,0,0,0,0,0,0,0,0,2,0,0,0,0,2,0,0,0,0,0,2,0,0,0,2,0,0,0,0,1,0,0,0,0,0,0,0,2,0,0,0,0,0,0,0,1,0,2,0,0,0,0,0,1,2,0,0,0,0,0,0,0,0,0,0,1,0,0,0,0,5,0,1,2,0,2,0,0,1,0,0
SRR8557024,controle,3,11,3,6,2,35,13,8,15,8,41,3,20,11,12,5,14,18,2,23,1,10,5,2,11,15,1,10,6,0,1,12,19,3,9,11,51,34,6,7,6,5,2,4,0,8,5,21,17,14,14,25,0,24,9,5,24,28,8,19,5,32,3,13,5,4,22,10,2,4,15,3,26,27,16,8,35,5,1,34,13,11,12,10,4,37,18,19,6,6,6,44,6,17,25,10,13,41,17,18,13,4,7,10,17,14,6,7,13,10,2,4,6,18,1,19,5,13,2,6,0,4,5,5,23,15,3,44,2,5,23,1,13,21,10,14,0,3,9,108,6,7,4,11,2,4,9,16,5,27,7,10,31,28,2,16,5,4,15,5,22,39,12,14,13,17,0,9,17,7,21,3,11,18,13,7,12,20,11,7,13,5,5,6,1,3,10,4,0,9,4,20,0,10,8,22,4,0,5,46,10,16,24,21,29,11,3,5,12,9,26,16,7,8,26,11,22,22,58,13,22,12,15,1,2,8,1,19,13,25,43,8,0,3,15,14,7,17,3,2,12,24,3,4,7,6,20,0,39,2,26,2,11,7,8,18,16,4,0,8,21,47,20,35,23,46,29,67,54,19,13,20,12,21,15,3,13,11,24,38,2,15,34,1,12,13,4,11,3,13,20,8,56,19,30,5,21,30,3,110,11,6,14,16,72,27,3,6,89,90,5,10,8,17,6,7,8,9,10,10,9,8,4,2,1,7,14,10,9,4,4,13,6,2,9,33,21,2,5,7,8,19,5,7,6,0,10,6,0,17,33,23,28,48,12,12,4,4,0,4,159,9,32,11,16,38,35,0,0,3,10,39,7,9,7,29,10,3,4,25,9,25,9,3,14,18,16,3,0,26,33,25,11,66,0,17,31,16,12,10,23,32,0,11,12,6,12,3,27,13,38,46,14,41,23,19,16,8,0,28,10,20,4,8,14,63,4,20,8,6,31,39,3,7,6,24,23,15,18,31,30,6,9,16,37,84,18,5,2,53,16,8,15,10,8,16,2,51,35,182,24,2,3,9,5,3,5,6,11,4,14,19,11,14,2,4,17,13,9,10,15,7,7,3,46,14,12,16,5,12,14,3,3,11,42,16,16,0,4,40,4,3,7,18,8,8,19,34,0,35,30,11,6,17,32,29,14,20,1,8,8,6,3,12,6,3,7,2,7,7,3,5,4,23,17,1,7,9,48,18,28,7,13,19,9,8,9,40,13,10,13,38,39,8,3,3,16,49,4,15,24,10,9,1,14,14,40,8,2,9,12,13,6,5,18,3,89,8,0,3,6,8,3,38,33,5,7,0,26,7,6,3,19,5,8,21,3,8,23,16,52,10,14,10,13,3,4,3,3,2,12,5,14,2,199,48,11,28,0,10,13,2,18,25,2,88,4,15,24,9,2,7,11,1,11,27,4,4,8,28,47,3,7,10,4,9,5,4,9,5,5,3,10,6,0,8,6,6,12,12,6,11,2,8,5,5,8,4,14,21,23,15,23,6,23,2,10,1,3,3,6,21,3,25,13,21,7,9,7,14,21,24,16,12,14,17,8,3,6,3,5,8,2,4,0,2,20,3,5,1,3,7,9,1,5,10,10,27,0,13,3,6,4,10,3,7,11,7,2,9,6,9,1,12,5,14,18,4,7,16,6,19,8,7,0,24,5,0,7,5,23,31,25,8,8,5,13,37,0,12,13,4,5,7,16,9,3,4,21,2,44,3,19,6,9,3,17,7,1,21,12,14,2,9,3,0,0,8,9,6,5,5,2,6,1,45,37,22,30,38,4,21,7,29,0,2
