sample_id,group,00010,00020,00030,00040,00051,00052,00053,00061,00071,00130,00190,00195,00220,00230,00240,00250,00260,00261,00270,00280,00290,00300,00310,00330,00332,00333,00340,00350,00360,00362,00380,00400,00401,00410,00430,00450,00460,00471,00473,00480,00500,00511,00513,00520,00521,00523,00524,00525,00531,00540,00550,00561,00562,00564,00600,00603,00604,00620,00625,00626,00630,00640,00650,00660,00670,00680,00710,00720,00730,00740,00750,00760,00770,00780,00790,00860,00900,00910,00920,00940,00950,00960,00970,00983,01051,01055,01100,01110,01120,01130,01200,01210,01212,01220,01230,01501,01502,01503,01523,01524,02010,02020,02024,02025,02026,02030,02040,02060,03010,03013,03018,03020,03030,03060,03070,03320,03410,03420,03430,03440,04016,04066,04070,04112,04122,04141,04142,04146,04151,04152,04212,04213,04216,04217,04612,04621,04626,04657,04659,04714,04724,04727,04910,04914,04915,04920,04922,04931,04940,04964,04973,05010,05111,05120,05132,05134,05152,05200,05206,05215,05230,05418,ko00010,ko00020,ko00030,ko00040,ko00051,ko00052,ko00053,ko00061,ko00071,ko00130,ko00190,ko00195,ko00220,ko00230,ko00240,ko00250,ko00260,ko00261,ko00270,ko00280,ko00290,ko00300,ko00310,ko00330,ko00332,ko00333,ko00340,ko00350,ko00360,ko00362,ko00380,ko00400,ko00401,ko00410,ko00430,ko00450,ko00460,ko00471,ko00473,ko00480,ko00500,ko00511,ko00513,ko00520,ko00521,ko00523,ko00524,ko00525,ko00531,ko00540,ko00550,ko00561,ko00562,ko00564,ko00600,ko00603,ko00604,ko00620,ko00625,ko00626,ko00630,ko00640,ko00650,ko00660,ko00670,ko00680,ko00710,ko00720,ko00730,ko00740,ko00750,ko00760,ko00770,ko00780,ko00790,ko00860,ko00900,ko00910,ko00920,ko00940,ko00950,ko00960,ko00970,ko00983,ko01051,ko01055,ko01100,ko01110,ko01120,ko01130,ko01200,ko01210,ko01212,ko01220,ko01230,ko01501,ko01502,ko01503,ko01523,ko01524,ko02010,ko02020,ko02024,ko02025,ko02026,ko02030,ko02040,ko02060,ko03010,ko03013,ko03018,ko03020,ko03030,ko03060,ko03070,ko03320,ko03410,ko03420,ko03430,ko03440,ko04016,ko04066,ko04070,ko04112,ko04122,ko04141,ko04142,ko04146,ko04151,ko04152,ko04212,ko04213,ko04216,ko04217,ko04612,ko04621,ko04626,ko04657,ko04659,ko04714,ko04724,ko04727,ko04910,ko04914,ko04915,ko04920,ko04922,ko04931,ko04940,ko04964,ko04973,ko05010,ko05111,ko05120,ko05132,ko05134,ko05152,ko05200,ko05206,ko05215,ko05230,ko05418
SRR6784404,cfs,1163,1016,729,333,831,817,111,150,149,72,744,290,681,2064,1701,1280,970,119,655,469,416,516,109,435,38,16,310,147,172,283,61,364,124,86,113,213,694,267,38,206,858,263,3,996,307,355,12,180,22,251,545,205,84,383,244,64,3,1360,82,47,1392,843,651,112,497,1068,428,1819,290,294,306,302,628,75,155,278,107,615,295,349,22,168,1197,290,37,3,15110,7269,5206,5575,3469,1026,181,69,4114,658,193,292,252,59,1073,1207,949,11,56,99,64,91,3896,65,739,156,456,214,521,92,180,332,745,912,74,109,33,234,95,61,47,138,19,61,129,111,55,426,17,73,99,17,17,48,191,191,28,17,17,54,66,54,59,135,38,42,87,42,141,129,90,21,27,17,103,157,1163,1016,729,333,831,817,111,150,149,72,744,290,681,2064,1701,1280,970,119,655,469,416,516,109,435,38,16,310,147,172,283,61,364,124,86,113,213,694,267,38,206,858,263,3,996,307,355,12,180,22,251,545,205,84,383,244,64,3,1360,82,47,1392,843,651,112,497,1068,428,1819,290,294,306,302,628,75,155,278,107,615,295,349,22,168,1197,290,37,3,15110,7269,5206,5575,3469,1026,181,69,4114,658,193,292,252,59,1073,1207,949,11,56,99,64,91,3896,65,739,156,456,214,521,92,180,332,745,912,74,109,33,234,95,61,47,138,19,61,129,111,55,426,17,73,99,17,17,48,191,191,28,17,17,54,66,54,59,135,38,42,87,42,141,129,90,21,27,17,103,157
SRR6784405,cfs,2765,1462,1819,766,2146,1597,106,395,415,61,1263,443,1152,4033,3312,2097,1310,272,1181,1020,1098,669,235,843,48,20,631,324,386,580,119,807,265,205,238,384,728,495,39,293,1518,670,93,2010,837,649,171,444,104,52,1063,270,342,478,557,156,93,2172,141,81,1948,1810,1393,326,1107,2080,1190,2417,660,248,490,422,946,68,387,496,218,808,423,373,151,358,2628,601,74,131,26899,12327,9266,10730,6750,1833,442,104,7370,786,303,276,593,142,1885,1664,1673,47,318,104,56,181,5453,20,1533,351,888,715,1535,296,304,819,1203,1742,175,477,28,563,152,30,195,321,45,258,341,225,209,604,17,58,139,17,17,179,291,291,83,17,17,205,120,173,77,275,108,128,269,63,92,246,249,34,179,17,412,306,2765,1462,1819,766,2146,1597,106,395,415,61,1263,443,1152,4033,3312,2097,1310,272,1181,1020,1098,669,235,843,48,20,631,324,386,580,119,807,265,205,238,384,728,495,39,293,1518,670,93,2010,837,649,171,444,104,52,1063,270,342,478,557,156,93,2172,141,81,1948,1810,1393,326,1107,2080,1190,2417,660,248,490,422,946,68,387,496,218,808,423,373,151,358,2628,601,74,131,26899,12327,9266,10730,6750,1833,442,104,7370,786,303,276,593,142,1885,1664,1673,47,318,104,56,181,5453,20,1533,351,888,715,1535,296,304,819,1203,1742,175,477,28,563,152,30,195,321,45,258,341,225,209,604,17,58,139,17,17,179,291,291,83,17,17,205,120,173,77,275,108,128,269,63,92,246,249,34,179,17,412,306
SRR6784409,cfs,888,397,484,251,751,448,107,73,91,5,452,193,320,1216,938,485,430,114,377,313,228,287,61,272,0,5,213,90,113,34,37,149,47,79,55,50,59,91,24,64,208,216,0,645,145,101,33,84,6,23,430,51,115,164,223,7,0,611,46,48,537,530,450,83,321,637,293,739,236,53,85,69,262,28,42,139,65,230,101,43,44,61,703,149,9,41,7581,3446,2629,2969,1727,418,81,52,2013,205,112,26,145,22,422,423,374,15,109,27,18,23,1881,7,402,86,288,166,174,46,109,280,329,354,42,61,6,175,40,15,48,69,7,92,55,67,37,135,8,22,22,8,8,31,67,69,40,8,8,33,45,52,18,34,12,25,69,31,44,43,25,9,58,8,149,21,888,397,484,251,751,448,107,73,91,5,452,193,320,1216,938,485,430,114,377,313,228,287,61,272,0,5,213,90,113,34,37,149,47,79,55,50,59,91,24,64,208,216,0,645,145,101,33,84,6,23,430,51,115,164,223,7,0,611,46,48,537,530,450,83,321,637,293,739,236,53,85,69,262,28,42,139,65,230,101,43,44,61,703,149,9,41,7581,3446,2629,2969,1727,418,81,52,2013,205,112,26,145,22,422,423,374,15,109,27,18,23,1881,7,402,86,288,166,174,46,109,280,329,354,42,61,6,175,40,15,48,69,7,92,55,67,37,135,8,22,22,8,8,31,67,69,40,8,8,33,45,52,18,34,12,25,69,31,44,43,25,9,58,8,149,21
SRR6784412,cfs,603,461,428,197,467,388,15,181,202,9,282,95,229,1091,994,478,275,75,284,235,213,143,44,164,6,5,162,69,118,44,45,128,74,80,120,73,214,57,6,32,460,96,21,392,115,89,25,72,30,11,127,84,43,70,122,69,20,634,9,10,537,572,432,66,321,505,262,580,90,33,143,177,182,26,71,58,70,191,80,147,52,63,413,154,4,43,6394,2788,2273,2256,1621,466,194,12,1708,81,32,31,153,31,265,439,413,3,77,18,16,31,1464,20,381,68,275,124,206,145,109,211,323,500,30,141,4,66,33,7,35,145,4,60,40,14,120,131,4,7,22,4,4,101,77,77,19,4,4,108,43,24,14,29,21,25,87,12,10,71,36,4,48,4,105,11,603,461,428,197,467,388,15,181,202,9,282,95,229,1091,994,478,275,75,284,235,213,143,44,164,6,5,162,69,118,44,45,128,74,80,120,73,214,57,6,32,460,96,21,392,115,89,25,72,30,11,127,84,43,70,122,69,20,634,9,10,537,572,432,66,321,505,262,580,90,33,143,177,182,26,71,58,70,191,80,147,52,63,413,154,4,43,6394,2788,2273,2256,1621,466,194,12,1708,81,32,31,153,31,265,439,413,3,77,18,16,31,1464,20,381,68,275,124,206,145,109,211,323,500,30,141,4,66,33,7,35,145,4,60,40,14,120,131,4,7,22,4,4,101,77,77,19,4,4,108,43,24,14,29,21,25,87,12,10,71,36,4,48,4,105,11
SRR6784519,cfs,760,411,428,182,538,428,41,134,131,12,308,77,294,1031,850,539,335,58,357,227,289,154,34,202,20,9,155,96,119,57,20,167,82,79,75,91,208,127,12,51,416,211,42,582,192,93,56,63,53,30,248,45,128,175,156,58,42,556,22,11,506,483,382,92,283,562,375,597,169,46,131,147,240,20,62,85,79,217,117,103,72,81,576,174,15,16,6780,3069,2407,2638,1773,472,144,14,1906,164,68,44,162,43,285,425,364,15,99,42,42,31,1441,12,415,88,195,138,190,89,71,209,260,370,43,115,19,143,28,0,66,97,2,60,56,44,74,125,0,7,34,0,0,62,64,64,12,0,0,67,26,31,20,64,8,23,81,8,13,93,53,3,43,0,105,23,760,411,428,182,538,428,41,134,131,12,308,77,294,1031,850,539,335,58,357,227,289,154,34,202,20,9,155,96,119,57,20,167,82,79,75,91,208,127,12,51,416,211,42,582,192,93,56,63,53,30,248,45,128,175,156,58,42,556,22,11,506,483,382,92,283,562,375,597,169,46,131,147,240,20,62,85,79,217,117,103,72,81,576,174,15,16,6780,3069,2407,2638,1773,472,144,14,1906,164,68,44,162,43,285,425,364,15,99,42,42,31,1441,12,415,88,195,138,190,89,71,209,260,370,43,115,19,143,28,0,66,97,2,60,56,44,74,125,0,7,34,0,0,62,64,64,12,0,0,67,26,31,20,64,8,23,81,8,13,93,53,3,43,0,105,23
SRR6784520,cfs,397,188,248,72,306,179,29,91,95,21,120,19,182,628,534,304,132,22,170,127,162,51,24,79,3,3,101,55,57,16,8,86,51,34,61,52,129,53,2,19,226,68,30,249,116,104,17,71,29,11,79,25,60,48,38,38,30,315,6,5,293,312,195,62,162,302,183,298,109,46,48,121,94,10,72,45,92,103,60,68,42,46,307,85,9,45,3710,1727,1234,1345,911,253,96,5,1009,64,29,31,95,6,120,188,201,6,41,10,11,11,720,4,189,41,174,46,79,71,28,85,200,244,8,77,5,87,14,9,27,72,5,37,14,13,58,89,5,9,12,5,5,49,71,71,6,5,5,52,11,7,6,29,28,12,26,6,0,43,10,6,44,5,70,17,397,188,248,72,306,179,29,91,95,21,120,19,182,628,534,304,132,22,170,127,162,51,24,79,3,3,101,55,57,16,8,86,51,34,61,52,129,53,2,19,226,68,30,249,116,104,17,71,29,11,79,25,60,48,38,38,30,315,6,5,293,312,195,62,162,302,183,298,109,46,48,121,94,10,72,45,92,103,60,68,42,46,307,85,9,45,3710,1727,1234,1345,911,253,96,5,1009,64,29,31,95,6,120,188,201,6,41,10,11,11,720,4,189,41,174,46,79,71,28,85,200,244,8,77,5,87,14,9,27,72,5,37,14,13,58,89,5,9,12,5,5,49,71,71,6,5,5,52,11,7,6,29,28,12,26,6,0,43,10,6,44,5,70,17
SRR6784521,cfs,1221,641,761,338,1037,724,36,167,177,18,543,179,346,1611,1315,734,524,103,516,411,348,243,51,314,3,13,276,106,142,19,24,206,81,92,119,76,187,94,14,67,508,289,18,654,214,122,61,75,21,46,363,46,140,179,280,31,18,950,21,23,797,837,580,93,461,1019,442,1040,237,67,170,160,346,16,83,173,70,292,168,118,69,93,920,193,22,32,9979,4490,3749,3863,2694,562,178,22,2761,218,71,83,248,40,542,604,632,4,160,25,28,46,1888,9,643,53,367,249,292,130,102,287,431,608,47,174,6,170,36,0,79,137,0,161,48,40,102,191,0,0,30,0,0,87,108,108,20,0,0,94,59,38,12,49,20,43,122,21,37,59,28,3,62,0,262,15,1221,641,761,338,1037,724,36,167,177,18,543,179,346,1611,1315,734,524,103,516,411,348,243,51,314,3,13,276,106,142,19,24,206,81,92,119,76,187,94,14,67,508,289,18,654,214,122,61,75,21,46,363,46,140,179,280,31,18,950,21,23,797,837,580,93,461,1019,442,1040,237,67,170,160,346,16,83,173,70,292,168,118,69,93,920,193,22,32,9979,4490,3749,3863,2694,562,178,22,2761,218,71,83,248,40,542,604,632,4,160,25,28,46,1888,9,643,53,367,249,292,130,102,287,431,608,47,174,6,170,36,0,79,137,0,161,48,40,102,191,0,0,30,0,0,87,108,108,20,0,0,94,59,38,12,49,20,43,122,21,37,59,28,3,62,0,262,15
SRR6784522,cfs,608,278,359,152,498,393,31,74,76,17,252,90,134,875,686,368,283,84,260,170,160,185,20,146,13,4,158,36,41,21,13,114,24,50,43,46,96,90,4,24,274,219,17,470,121,65,35,31,39,72,197,48,96,122,200,34,17,420,15,14,338,336,309,63,208,463,238,459,173,59,64,87,147,20,43,151,58,113,98,47,24,26,561,90,14,19,5370,2474,1894,1996,1286,236,85,13,1398,136,35,85,118,24,291,313,350,14,77,18,14,10,1201,15,328,43,133,175,185,50,46,196,188,215,29,81,0,110,18,12,70,53,8,65,26,30,38,74,3,9,52,3,3,33,57,58,29,3,3,37,57,37,11,37,34,21,67,7,3,48,18,6,39,3,122,13,608,278,359,152,498,393,31,74,76,17,252,90,134,875,686,368,283,84,260,170,160,185,20,146,13,4,158,36,41,21,13,114,24,50,43,46,96,90,4,24,274,219,17,470,121,65,35,31,39,72,197,48,96,122,200,34,17,420,15,14,338,336,309,63,208,463,238,459,173,59,64,87,147,20,43,151,58,113,98,47,24,26,561,90,14,19,5370,2474,1894,1996,1286,236,85,13,1398,136,35,85,118,24,291,313,350,14,77,18,14,10,1201,15,328,43,133,175,185,50,46,196,188,215,29,81,0,110,18,12,70,53,8,65,26,30,38,74,3,9,52,3,3,33,57,58,29,3,3,37,57,37,11,37,34,21,67,7,3,48,18,6,39,3,122,13
SRR6784527,cfs,1179,576,743,421,974,722,14,262,295,7,410,68,336,1762,1614,709,401,35,340,361,384,119,24,260,0,2,222,109,161,29,12,154,93,146,178,143,351,74,8,40,668,178,42,801,206,59,76,60,48,8,207,174,165,91,236,138,42,891,11,9,673,883,577,129,505,985,523,876,112,48,214,278,354,16,86,83,60,246,128,216,92,87,812,259,11,38,9949,4223,3475,3566,2710,650,274,17,2585,139,48,53,324,66,276,433,538,0,74,20,13,14,1615,12,608,70,441,165,201,232,235,176,549,754,61,243,10,204,22,13,62,221,3,124,43,19,184,125,3,12,55,3,3,154,80,80,6,3,3,166,29,37,19,38,11,28,94,5,3,114,33,5,29,3,200,12,1179,576,743,421,974,722,14,262,295,7,410,68,336,1762,1614,709,401,35,340,361,384,119,24,260,0,2,222,109,161,29,12,154,93,146,178,143,351,74,8,40,668,178,42,801,206,59,76,60,48,8,207,174,165,91,236,138,42,891,11,9,673,883,577,129,505,985,523,876,112,48,214,278,354,16,86,83,60,246,128,216,92,87,812,259,11,38,9949,4223,3475,3566,2710,650,274,17,2585,139,48,53,324,66,276,433,538,0,74,20,13,14,1615,12,608,70,441,165,201,232,235,176,549,754,61,243,10,204,22,13,62,221,3,124,43,19,184,125,3,12,55,3,3,154,80,80,6,3,3,166,29,37,19,38,11,28,94,5,3,114,33,5,29,3,200,12
SRR6784530,cfs,689,336,451,132,550,338,7,84,82,43,361,50,286,980,924,481,338,35,319,349,176,118,61,181,10,17,178,66,89,63,24,173,45,62,66,108,90,120,17,60,267,235,120,604,126,71,34,21,140,55,298,58,108,84,97,149,120,552,23,23,547,584,397,51,321,497,272,568,197,95,107,119,199,30,67,92,326,193,98,44,35,48,608,118,23,5,6772,3030,2269,2482,1607,332,94,42,1650,228,99,102,120,34,427,520,349,13,59,16,27,27,1319,16,366,69,305,101,272,54,84,225,387,466,41,64,6,138,48,31,146,57,14,62,61,22,39,143,17,30,65,17,17,30,114,116,26,17,17,32,26,52,27,56,38,12,60,7,3,105,55,28,88,17,128,43,689,336,451,132,550,338,7,84,82,43,361,50,286,980,924,481,338,35,319,349,176,118,61,181,10,17,178,66,89,63,24,173,45,62,66,108,90,120,17,60,267,235,120,604,126,71,34,21,140,55,298,58,108,84,97,149,120,552,23,23,547,584,397,51,321,497,272,568,197,95,107,119,199,30,67,92,326,193,98,44,35,48,608,118,23,5,6772,3030,2269,2482,1607,332,94,42,1650,228,99,102,120,34,427,520,349,13,59,16,27,27,1319,16,366,69,305,101,272,54,84,225,387,466,41,64,6,138,48,31,146,57,14,62,61,22,39,143,17,30,65,17,17,30,114,116,26,17,17,32,26,52,27,56,38,12,60,7,3,105,55,28,88,17,128,43
SRR6784532,cfs,588,411,405,281,362,380,40,68,91,36,369,206,357,910,747,597,353,105,303,176,186,251,112,220,15,22,142,71,75,188,66,240,61,38,22,112,217,204,4,107,466,140,11,502,173,146,26,117,20,26,269,126,62,244,128,39,11,546,45,29,565,297,346,56,214,442,233,589,158,37,72,77,145,21,106,147,130,309,119,86,31,104,776,178,23,20,7023,3314,2303,2740,1521,516,112,48,1959,216,35,77,165,27,742,500,452,7,114,110,126,76,1656,21,345,171,171,170,256,36,115,295,270,383,24,93,89,255,70,5,25,39,2,31,103,41,15,232,3,16,68,3,3,9,72,72,25,3,3,10,57,30,36,109,88,33,33,49,9,70,82,17,58,3,62,41,588,411,405,281,362,380,40,68,91,36,369,206,357,910,747,597,353,105,303,176,186,251,112,220,15,22,142,71,75,188,66,240,61,38,22,112,217,204,4,107,466,140,11,502,173,146,26,117,20,26,269,126,62,244,128,39,11,546,45,29,565,297,346,56,214,442,233,589,158,37,72,77,145,21,106,147,130,309,119,86,31,104,776,178,23,20,7023,3314,2303,2740,1521,516,112,48,1959,216,35,77,165,27,742,500,452,7,114,110,126,76,1656,21,345,171,171,170,256,36,115,295,270,383,24,93,89,255,70,5,25,39,2,31,103,41,15,232,3,16,68,3,3,9,72,72,25,3,3,10,57,30,36,109,88,33,33,49,9,70,82,17,58,3,62,41
SRR6784533,cfs,913,540,547,299,704,503,54,141,133,16,343,129,367,1427,1247,709,359,36,372,296,366,159,82,216,26,10,231,122,151,127,44,285,110,96,84,137,232,155,7,82,531,200,40,627,255,169,62,111,46,31,196,61,143,244,140,60,40,812,18,11,673,635,527,130,387,663,482,740,144,58,177,205,311,32,123,206,124,274,135,110,49,122,733,295,28,17,9109,4214,3014,3494,2208,648,161,24,2614,163,67,80,222,51,535,521,526,5,111,54,42,43,2052,6,433,111,306,185,332,88,176,242,412,611,58,164,18,200,35,13,72,104,9,70,64,83,70,192,7,41,46,7,7,61,96,96,17,7,7,65,25,24,22,78,18,44,92,20,20,124,42,11,63,7,118,83,913,540,547,299,704,503,54,141,133,16,343,129,367,1427,1247,709,359,36,372,296,366,159,82,216,26,10,231,122,151,127,44,285,110,96,84,137,232,155,7,82,531,200,40,627,255,169,62,111,46,31,196,61,143,244,140,60,40,812,18,11,673,635,527,130,387,663,482,740,144,58,177,205,311,32,123,206,124,274,135,110,49,122,733,295,28,17,9109,4214,3014,3494,2208,648,161,24,2614,163,67,80,222,51,535,521,526,5,111,54,42,43,2052,6,433,111,306,185,332,88,176,242,412,611,58,164,18,200,35,13,72,104,9,70,64,83,70,192,7,41,46,7,7,61,96,96,17,7,7,65,25,24,22,78,18,44,92,20,20,124,42,11,63,7,118,83
SRR6784537,cfs,523,271,270,144,283,225,37,111,99,60,366,87,230,881,806,401,244,41,182,138,171,121,100,136,11,21,111,59,54,43,39,161,31,50,56,106,105,182,16,45,191,126,14,439,231,275,6,331,17,38,177,73,27,171,63,35,14,641,49,33,374,475,406,62,252,377,183,504,167,119,56,103,147,42,96,89,246,178,91,35,24,43,469,174,28,218,5718,2380,1811,2079,1103,249,119,58,1271,176,76,79,123,23,390,608,397,32,29,41,91,39,1415,13,292,72,293,132,215,50,125,146,342,392,34,93,31,158,50,17,25,69,7,35,66,28,41,130,8,19,28,8,8,35,126,127,19,8,8,38,9,12,30,99,10,30,30,30,7,115,42,9,118,8,101,20,523,271,270,144,283,225,37,111,99,60,366,87,230,881,806,401,244,41,182,138,171,121,100,136,11,21,111,59,54,43,39,161,31,50,56,106,105,182,16,45,191,126,14,439,231,275,6,331,17,38,177,73,27,171,63,35,14,641,49,33,374,475,406,62,252,377,183,504,167,119,56,103,147,42,96,89,246,178,91,35,24,43,469,174,28,218,5718,2380,1811,2079,1103,249,119,58,1271,176,76,79,123,23,390,608,397,32,29,41,91,39,1415,13,292,72,293,132,215,50,125,146,342,392,34,93,31,158,50,17,25,69,7,35,66,28,41,130,8,19,28,8,8,35,126,127,19,8,8,38,9,12,30,99,10,30,30,30,7,115,42,9,118,8,101,20
SRR6784538,cfs,1056,466,602,260,813,579,52,105,138,12,547,76,329,1359,1342,718,381,48,480,376,332,164,66,238,6,3,201,130,143,27,38,154,71,89,130,160,155,108,11,48,526,320,39,694,262,211,51,195,47,31,327,80,148,144,225,66,39,987,65,66,635,868,479,112,324,726,385,810,220,115,135,212,277,11,117,130,101,236,196,90,70,81,771,208,26,126,9075,3954,3200,3334,2177,521,111,128,2364,166,88,110,133,89,1033,784,641,174,168,201,100,86,1770,1,473,66,312,184,230,71,176,248,423,440,95,108,4,183,16,15,63,91,8,85,64,43,58,129,8,57,41,9,9,50,98,98,25,9,8,54,21,16,23,56,110,21,146,14,48,113,37,9,96,9,150,46,1056,466,602,260,813,579,52,105,138,12,547,76,329,1359,1342,718,381,48,480,376,332,164,66,238,6,3,201,130,143,27,38,154,71,89,130,160,155,108,11,48,526,320,39,694,262,211,51,195,47,31,327,80,148,144,225,66,39,987,65,66,635,868,479,112,324,726,385,810,220,115,135,212,277,11,117,130,101,236,196,90,70,81,771,208,26,126,9075,3954,3200,3334,2177,521,111,128,2364,166,88,110,133,89,1033,784,641,174,168,201,100,86,1770,1,473,66,312,184,230,71,176,248,423,440,95,108,4,183,16,15,63,91,8,85,64,43,58,129,8,57,41,9,9,50,98,98,25,9,8,54,21,16,23,56,110,21,146,14,48,113,37,9,96,9,150,46
SRR6784539,cfs,1255,787,676,367,823,617,51,185,247,122,701,165,403,2226,1368,733,730,84,542,297,386,295,93,211,17,10,224,147,116,66,103,217,33,65,100,340,220,282,11,148,644,231,9,819,185,148,32,31,45,35,571,231,152,574,198,60,9,1251,194,131,1068,705,638,126,502,1062,531,1315,232,70,187,170,371,31,105,300,160,382,285,79,19,89,1372,284,79,18,12318,5476,4327,4563,2947,735,210,143,3061,334,132,165,334,141,1340,962,968,45,227,115,178,189,2968,16,649,217,429,292,538,106,193,336,595,546,129,151,0,450,91,75,49,124,34,56,168,26,85,297,40,116,75,40,40,73,103,103,114,40,40,78,223,93,75,85,39,24,107,123,39,167,109,43,39,40,148,108,1255,787,676,367,823,617,51,185,247,122,701,165,403,2226,1368,733,730,84,542,297,386,295,93,211,17,10,224,147,116,66,103,217,33,65,100,340,220,282,11,148,644,231,9,819,185,148,32,31,45,35,571,231,152,574,198,60,9,1251,194,131,1068,705,638,126,502,1062,531,1315,232,70,187,170,371,31,105,300,160,382,285,79,19,89,1372,284,79,18,12318,5476,4327,4563,2947,735,210,143,3061,334,132,165,334,141,1340,962,968,45,227,115,178,189,2968,16,649,217,429,292,538,106,193,336,595,546,129,151,0,450,91,75,49,124,34,56,168,26,85,297,40,116,75,40,40,73,103,103,114,40,40,78,223,93,75,85,39,24,107,123,39,167,109,43,39,40,148,108
SRR6784544,cfs,1112,579,653,313,877,638,107,188,189,38,525,112,380,1780,1495,726,449,65,439,469,403,169,58,317,25,14,214,106,151,73,78,296,64,146,96,167,131,167,26,61,504,289,43,781,162,71,53,47,56,30,334,111,172,120,230,77,43,972,28,22,683,804,665,146,511,815,491,834,265,98,249,220,395,24,84,299,128,324,133,52,61,67,999,305,25,30,10595,4663,3634,3847,2505,558,207,38,2674,216,127,123,202,19,481,638,607,6,94,51,55,49,2331,27,546,147,380,277,496,134,147,243,541,551,62,134,10,216,46,21,111,161,26,107,119,98,103,210,10,25,70,10,10,91,133,134,35,10,10,96,43,38,41,82,42,24,121,4,15,154,63,19,98,10,177,39,1112,579,653,313,877,638,107,188,189,38,525,112,380,1780,1495,726,449,65,439,469,403,169,58,317,25,14,214,106,151,73,78,296,64,146,96,167,131,167,26,61,504,289,43,781,162,71,53,47,56,30,334,111,172,120,230,77,43,972,28,22,683,804,665,146,511,815,491,834,265,98,249,220,395,24,84,299,128,324,133,52,61,67,999,305,25,30,10595,4663,3634,3847,2505,558,207,38,2674,216,127,123,202,19,481,638,607,6,94,51,55,49,2331,27,546,147,380,277,496,134,147,243,541,551,62,134,10,216,46,21,111,161,26,107,119,98,103,210,10,25,70,10,10,91,133,134,35,10,10,96,43,38,41,82,42,24,121,4,15,154,63,19,98,10,177,39
SRR6784546,cfs,372,329,169,54,151,111,8,40,28,11,125,75,204,495,382,301,297,17,283,60,67,227,27,60,8,0,67,34,42,30,12,87,32,13,25,53,201,60,5,25,217,43,0,237,41,48,2,23,5,149,111,24,41,137,29,12,0,492,17,16,271,152,126,32,117,344,188,536,55,137,117,51,131,22,15,83,36,103,77,99,14,33,384,77,5,7,4124,2079,1438,1483,1064,278,47,22,1210,193,27,144,82,14,245,164,305,19,19,35,19,18,1253,4,271,64,67,43,80,11,79,67,181,337,15,35,5,86,22,4,8,17,2,12,55,10,8,89,2,8,9,2,2,7,36,37,18,2,2,8,28,29,40,31,29,12,24,11,4,66,49,5,158,2,24,17,372,329,169,54,151,111,8,40,28,11,125,75,204,495,382,301,297,17,283,60,67,227,27,60,8,0,67,34,42,30,12,87,32,13,25,53,201,60,5,25,217,43,0,237,41,48,2,23,5,149,111,24,41,137,29,12,0,492,17,16,271,152,126,32,117,344,188,536,55,137,117,51,131,22,15,83,36,103,77,99,14,33,384,77,5,7,4124,2079,1438,1483,1064,278,47,22,1210,193,27,144,82,14,245,164,305,19,19,35,19,18,1253,4,271,64,67,43,80,11,79,67,181,337,15,35,5,86,22,4,8,17,2,12,55,10,8,89,2,8,9,2,2,7,36,37,18,2,2,8,28,29,40,31,29,12,24,11,4,66,49,5,158,2,24,17
SRR6784547,cfs,153,75,150,26,105,75,4,22,26,4,79,22,83,245,166,157,86,11,59,34,39,50,32,38,2,3,39,20,16,15,7,66,8,10,11,31,33,74,3,16,74,36,10,129,29,27,3,28,10,12,42,10,19,30,23,12,10,117,16,16,142,71,75,15,87,125,102,142,60,21,24,25,42,6,28,24,37,64,23,6,4,14,200,25,26,16,1671,800,590,682,440,79,26,16,497,30,10,22,48,2,83,135,92,3,17,31,27,7,450,9,96,35,37,48,81,10,19,41,58,58,3,32,0,29,29,4,14,12,2,11,23,6,9,48,2,15,14,2,2,7,40,40,17,2,2,7,20,21,14,40,5,11,14,9,9,37,21,2,59,2,36,7,153,75,150,26,105,75,4,22,26,4,79,22,83,245,166,157,86,11,59,34,39,50,32,38,2,3,39,20,16,15,7,66,8,10,11,31,33,74,3,16,74,36,10,129,29,27,3,28,10,12,42,10,19,30,23,12,10,117,16,16,142,71,75,15,87,125,102,142,60,21,24,25,42,6,28,24,37,64,23,6,4,14,200,25,26,16,1671,800,590,682,440,79,26,16,497,30,10,22,48,2,83,135,92,3,17,31,27,7,450,9,96,35,37,48,81,10,19,41,58,58,3,32,0,29,29,4,14,12,2,11,23,6,9,48,2,15,14,2,2,7,40,40,17,2,2,7,20,21,14,40,5,11,14,9,9,37,21,2,59,2,36,7
SRR6784549,cfs,1496,717,902,454,1114,845,95,316,351,22,571,154,612,2279,2068,944,625,96,610,531,604,254,89,353,20,14,325,159,182,70,49,313,133,169,178,229,358,180,13,105,899,286,76,1158,376,220,102,170,72,35,384,177,123,259,240,134,76,1170,46,42,1139,1192,700,218,584,1230,632,1216,318,111,313,353,515,60,220,199,205,440,292,189,82,128,1130,386,36,73,14482,6407,4877,5317,3544,1098,344,56,4081,239,85,61,326,111,623,835,894,24,170,85,34,58,2818,18,766,118,569,258,457,258,270,378,768,926,111,323,21,255,93,67,81,248,30,135,95,52,192,306,36,74,119,36,36,163,175,176,13,36,36,174,47,21,45,74,94,56,176,31,61,166,75,38,71,36,226,106,1496,717,902,454,1114,845,95,316,351,22,571,154,612,2279,2068,944,625,96,610,531,604,254,89,353,20,14,325,159,182,70,49,313,133,169,178,229,358,180,13,105,899,286,76,1158,376,220,102,170,72,35,384,177,123,259,240,134,76,1170,46,42,1139,1192,700,218,584,1230,632,1216,318,111,313,353,515,60,220,199,205,440,292,189,82,128,1130,386,36,73,14482,6407,4877,5317,3544,1098,344,56,4081,239,85,61,326,111,623,835,894,24,170,85,34,58,2818,18,766,118,569,258,457,258,270,378,768,926,111,323,21,255,93,67,81,248,30,135,95,52,192,306,36,74,119,36,36,163,175,176,13,36,36,174,47,21,45,74,94,56,176,31,61,166,75,38,71,36,226,106
SRR6784550,cfs,1032,413,673,346,822,601,21,173,189,14,341,72,176,1369,1095,541,334,66,305,296,277,145,7,199,6,0,195,68,114,8,13,107,57,97,126,51,160,23,6,22,401,186,23,446,133,67,42,77,25,13,159,123,142,100,218,95,23,600,10,7,449,666,433,84,401,830,462,680,157,41,154,197,264,5,32,105,40,158,83,107,57,51,672,174,3,50,7449,3409,2886,2895,2169,389,179,9,2106,79,39,28,251,14,261,254,509,5,137,8,12,6,1498,8,568,57,235,209,202,142,123,274,307,385,19,217,4,96,8,13,55,143,6,125,17,31,118,57,7,16,26,7,7,100,36,36,4,7,7,107,46,11,2,7,6,46,97,8,0,82,8,10,9,7,204,24,1032,413,673,346,822,601,21,173,189,14,341,72,176,1369,1095,541,334,66,305,296,277,145,7,199,6,0,195,68,114,8,13,107,57,97,126,51,160,23,6,22,401,186,23,446,133,67,42,77,25,13,159,123,142,100,218,95,23,600,10,7,449,666,433,84,401,830,462,680,157,41,154,197,264,5,32,105,40,158,83,107,57,51,672,174,3,50,7449,3409,2886,2895,2169,389,179,9,2106,79,39,28,251,14,261,254,509,5,137,8,12,6,1498,8,568,57,235,209,202,142,123,274,307,385,19,217,4,96,8,13,55,143,6,125,17,31,118,57,7,16,26,7,7,100,36,36,4,7,7,107,46,11,2,7,6,46,97,8,0,82,8,10,9,7,204,24
SRR6784552,cfs,1057,613,615,301,872,629,80,150,129,48,523,155,332,1548,1193,685,537,117,480,424,310,296,61,285,22,18,298,89,132,129,35,238,59,77,44,134,149,116,16,108,455,308,20,729,198,122,53,62,23,44,464,49,149,183,270,26,20,841,26,23,740,674,591,89,499,725,449,1057,389,75,147,147,328,33,66,207,72,291,122,39,47,86,1044,226,36,0,9990,4473,3576,3772,2385,539,172,44,2587,295,129,34,288,55,782,620,591,7,111,90,91,61,2120,9,507,129,299,233,297,85,63,389,420,507,61,112,8,237,63,28,95,99,19,83,51,53,63,178,15,33,39,15,15,54,70,70,41,15,15,61,67,53,14,63,58,41,95,28,58,67,37,16,22,15,137,40,1057,613,615,301,872,629,80,150,129,48,523,155,332,1548,1193,685,537,117,480,424,310,296,61,285,22,18,298,89,132,129,35,238,59,77,44,134,149,116,16,108,455,308,20,729,198,122,53,62,23,44,464,49,149,183,270,26,20,841,26,23,740,674,591,89,499,725,449,1057,389,75,147,147,328,33,66,207,72,291,122,39,47,86,1044,226,36,0,9990,4473,3576,3772,2385,539,172,44,2587,295,129,34,288,55,782,620,591,7,111,90,91,61,2120,9,507,129,299,233,297,85,63,389,420,507,61,112,8,237,63,28,95,99,19,83,51,53,63,178,15,33,39,15,15,54,70,70,41,15,15,61,67,53,14,63,58,41,95,28,58,67,37,16,22,15,137,40
SRR6784555,cfs,427,225,401,153,304,209,50,151,174,42,417,65,385,1792,1696,742,202,28,399,160,364,138,79,390,29,9,101,175,157,57,118,241,130,157,52,53,98,199,2,34,157,221,17,412,100,99,7,47,22,33,147,98,68,136,212,40,17,408,50,47,499,321,244,88,383,352,285,462,146,13,41,225,415,16,56,229,141,272,67,15,114,130,1116,497,83,12,7649,3709,1938,2813,1272,587,177,48,1792,312,46,174,129,11,544,359,670,18,44,46,74,82,2372,12,377,261,266,109,264,104,174,313,545,329,89,49,16,138,46,13,146,164,6,27,136,93,76,147,7,29,53,7,7,65,103,103,25,7,7,69,24,51,27,102,8,18,13,19,15,160,57,8,117,7,75,22,427,225,401,153,304,209,50,151,174,42,417,65,385,1792,1696,742,202,28,399,160,364,138,79,390,29,9,101,175,157,57,118,241,130,157,52,53,98,199,2,34,157,221,17,412,100,99,7,47,22,33,147,98,68,136,212,40,17,408,50,47,499,321,244,88,383,352,285,462,146,13,41,225,415,16,56,229,141,272,67,15,114,130,1116,497,83,12,7649,3709,1938,2813,1272,587,177,48,1792,312,46,174,129,11,544,359,670,18,44,46,74,82,2372,12,377,261,266,109,264,104,174,313,545,329,89,49,16,138,46,13,146,164,6,27,136,93,76,147,7,29,53,7,7,65,103,103,25,7,7,69,24,51,27,102,8,18,13,19,15,160,57,8,117,7,75,22
SRR6784557,cfs,534,253,405,111,271,274,22,44,45,40,333,51,370,624,704,541,224,49,203,98,233,161,164,170,48,7,92,94,90,151,34,265,71,36,49,107,171,318,11,65,357,79,33,502,189,166,31,107,37,27,176,144,26,111,75,83,32,603,34,27,394,377,482,85,238,361,209,418,239,143,43,108,168,54,153,201,255,152,93,97,33,109,370,97,41,48,6316,2775,1990,2262,1281,398,53,49,1520,257,70,241,118,36,620,584,444,18,30,36,27,61,784,14,315,101,253,122,486,47,116,201,397,469,53,93,20,113,72,38,37,43,17,47,100,37,18,145,18,38,184,18,18,12,200,205,27,18,18,14,22,82,52,175,76,31,34,25,5,116,69,19,224,18,170,39,534,253,405,111,271,274,22,44,45,40,333,51,370,624,704,541,224,49,203,98,233,161,164,170,48,7,92,94,90,151,34,265,71,36,49,107,171,318,11,65,357,79,33,502,189,166,31,107,37,27,176,144,26,111,75,83,32,603,34,27,394,377,482,85,238,361,209,418,239,143,43,108,168,54,153,201,255,152,93,97,33,109,370,97,41,48,6316,2775,1990,2262,1281,398,53,49,1520,257,70,241,118,36,620,584,444,18,30,36,27,61,784,14,315,101,253,122,486,47,116,201,397,469,53,93,20,113,72,38,37,43,17,47,100,37,18,145,18,38,184,18,18,12,200,205,27,18,18,14,22,82,52,175,76,31,34,25,5,116,69,19,224,18,170,39
SRR24907818,cfs,1052,607,500,315,500,737,103,245,247,45,636,90,618,1591,1379,1109,658,130,551,480,275,244,99,170,22,37,129,108,89,72,118,216,67,52,30,126,293,247,18,158,742,534,210,1221,259,154,105,54,182,276,481,206,57,361,251,165,210,1077,62,64,1046,636,529,102,415,742,523,993,359,141,149,138,240,87,179,193,155,542,217,86,41,66,1034,209,45,28,12518,4486,3853,3856,2562,539,303,62,2730,512,128,230,109,10,988,856,1035,21,155,25,24,72,3122,20,637,180,560,288,379,275,157,286,476,787,25,169,6,358,46,22,255,169,15,61,158,89,60,343,14,38,156,14,14,53,262,256,56,14,14,56,92,73,21,57,138,34,74,54,10,69,149,16,61,14,93,129,1052,607,500,315,500,737,103,245,247,45,636,90,618,1591,1379,1109,658,130,551,480,275,244,99,170,22,37,129,108,89,72,118,216,67,52,30,126,293,247,18,158,742,534,210,1221,259,154,105,54,182,276,481,206,57,361,251,165,210,1077,62,64,1046,636,529,102,415,742,523,993,359,141,149,138,240,87,179,193,155,542,217,86,41,66,1034,209,45,28,12518,4486,3853,3856,2562,539,303,62,2730,512,128,230,109,10,988,856,1035,21,155,25,24,72,3122,20,637,180,560,288,379,275,157,286,476,787,25,169,6,358,46,22,255,169,15,61,158,89,60,343,14,38,156,14,14,53,262,256,56,14,14,56,92,73,21,57,138,34,74,54,10,69,149,16,61,14,93,129
SRR24907822,cfs,151,78,95,80,73,91,28,30,18,11,109,24,83,226,189,131,80,27,113,99,55,42,8,39,8,3,33,25,27,7,21,47,20,15,7,39,27,34,0,13,92,65,7,162,23,19,4,10,9,20,61,10,7,52,43,10,7,191,3,3,176,153,76,12,64,110,111,201,43,21,12,37,47,5,18,45,19,59,49,7,10,19,136,45,7,5,1753,692,626,558,444,101,33,8,436,49,12,29,45,9,120,175,111,8,40,15,5,22,328,15,97,30,67,65,90,9,27,40,73,123,11,44,2,35,5,9,21,13,1,0,15,8,13,46,1,4,5,1,1,8,36,35,9,1,1,8,16,18,6,6,5,4,40,8,3,25,13,1,7,1,13,15,151,78,95,80,73,91,28,30,18,11,109,24,83,226,189,131,80,27,113,99,55,42,8,39,8,3,33,25,27,7,21,47,20,15,7,39,27,34,0,13,92,65,7,162,23,19,4,10,9,20,61,10,7,52,43,10,7,191,3,3,176,153,76,12,64,110,111,201,43,21,12,37,47,5,18,45,19,59,49,7,10,19,136,45,7,5,1753,692,626,558,444,101,33,8,436,49,12,29,45,9,120,175,111,8,40,15,5,22,328,15,97,30,67,65,90,9,27,40,73,123,11,44,2,35,5,9,21,13,1,0,15,8,13,46,1,4,5,1,1,8,36,35,9,1,1,8,16,18,6,6,5,4,40,8,3,25,13,1,7,1,13,15
SRR24907824,cfs,156,76,102,25,73,64,7,21,59,7,75,20,43,252,170,96,71,19,76,37,27,37,25,23,3,4,28,12,7,4,13,38,3,17,5,32,23,26,2,8,68,22,12,106,25,14,7,9,15,6,50,17,23,39,20,12,12,161,19,15,88,64,73,11,68,94,98,124,36,16,13,37,30,12,19,39,20,39,31,11,1,2,150,34,13,6,1422,653,488,502,363,60,28,18,354,54,17,11,35,9,160,103,140,5,27,11,1,7,317,5,91,27,59,46,96,8,29,57,61,77,10,22,6,44,20,9,20,13,8,26,37,10,10,30,7,10,10,7,7,4,14,14,5,7,7,5,11,15,20,6,6,9,27,4,1,19,37,7,6,7,21,12,156,76,102,25,73,64,7,21,59,7,75,20,43,252,170,96,71,19,76,37,27,37,25,23,3,4,28,12,7,4,13,38,3,17,5,32,23,26,2,8,68,22,12,106,25,14,7,9,15,6,50,17,23,39,20,12,12,161,19,15,88,64,73,11,68,94,98,124,36,16,13,37,30,12,19,39,20,39,31,11,1,2,150,34,13,6,1422,653,488,502,363,60,28,18,354,54,17,11,35,9,160,103,140,5,27,11,1,7,317,5,91,27,59,46,96,8,29,57,61,77,10,22,6,44,20,9,20,13,8,26,37,10,10,30,7,10,10,7,7,4,14,14,5,7,7,5,11,15,20,6,6,9,27,4,1,19,37,7,6,7,21,12
SRR24907831,cfs,109,64,60,34,64,55,7,28,30,9,74,23,53,185,144,94,40,22,79,49,43,46,8,17,0,2,28,15,19,4,4,28,9,4,14,14,27,34,8,4,59,46,14,95,10,5,4,5,11,15,66,13,9,16,25,12,14,146,3,3,99,79,65,16,30,85,94,136,47,3,6,31,29,8,14,25,10,42,16,15,7,9,107,23,5,2,1209,490,425,374,293,75,37,11,301,37,25,15,12,4,74,113,95,7,15,5,3,10,354,3,77,29,64,40,47,11,31,27,67,81,7,31,2,26,6,5,23,13,2,5,18,8,7,29,2,2,6,2,2,4,21,21,6,2,2,5,12,7,3,8,0,9,16,0,0,10,13,2,3,2,11,12,109,64,60,34,64,55,7,28,30,9,74,23,53,185,144,94,40,22,79,49,43,46,8,17,0,2,28,15,19,4,4,28,9,4,14,14,27,34,8,4,59,46,14,95,10,5,4,5,11,15,66,13,9,16,25,12,14,146,3,3,99,79,65,16,30,85,94,136,47,3,6,31,29,8,14,25,10,42,16,15,7,9,107,23,5,2,1209,490,425,374,293,75,37,11,301,37,25,15,12,4,74,113,95,7,15,5,3,10,354,3,77,29,64,40,47,11,31,27,67,81,7,31,2,26,6,5,23,13,2,5,18,8,7,29,2,2,6,2,2,4,21,21,6,2,2,5,12,7,3,8,0,9,16,0,0,10,13,2,3,2,11,12
SRR24907840,cfs,554,211,198,59,159,132,17,57,85,1,138,62,149,594,474,285,91,33,164,115,109,63,53,117,5,9,66,63,75,53,38,103,58,110,52,66,31,106,11,7,226,121,0,269,64,46,16,40,0,15,112,53,23,187,48,2,0,541,48,5,169,205,237,15,138,308,221,427,19,7,81,70,129,9,14,74,43,99,47,2,37,49,330,68,9,34,3314,1476,1316,1285,984,216,72,36,886,62,25,11,45,5,256,167,209,8,72,36,23,30,656,3,190,99,70,58,98,28,40,109,168,121,6,110,54,39,2,4,3,34,4,8,36,9,26,48,2,7,10,2,2,23,15,14,16,2,2,25,70,23,17,29,31,7,48,7,3,47,34,2,7,2,120,21,554,211,198,59,159,132,17,57,85,1,138,62,149,594,474,285,91,33,164,115,109,63,53,117,5,9,66,63,75,53,38,103,58,110,52,66,31,106,11,7,226,121,0,269,64,46,16,40,0,15,112,53,23,187,48,2,0,541,48,5,169,205,237,15,138,308,221,427,19,7,81,70,129,9,14,74,43,99,47,2,37,49,330,68,9,34,3314,1476,1316,1285,984,216,72,36,886,62,25,11,45,5,256,167,209,8,72,36,23,30,656,3,190,99,70,58,98,28,40,109,168,121,6,110,54,39,2,4,3,34,4,8,36,9,26,48,2,7,10,2,2,23,15,14,16,2,2,25,70,23,17,29,31,7,48,7,3,47,34,2,7,2,120,21
SRR24907844,cfs,370,193,182,111,168,172,24,58,103,6,209,90,159,705,507,313,204,80,216,112,92,121,21,100,20,6,72,44,41,16,18,100,25,13,33,96,79,65,9,19,214,93,11,273,57,35,9,21,18,22,130,38,41,161,69,24,11,436,34,40,228,231,207,39,152,190,234,390,91,26,38,49,88,22,42,66,65,110,68,39,14,26,475,85,11,4,3852,1621,1278,1292,883,216,78,38,932,61,38,35,76,30,304,296,313,21,65,65,69,19,890,10,226,111,151,96,184,27,64,108,196,223,34,66,10,89,58,16,49,31,8,25,55,11,19,72,6,20,22,6,6,19,47,46,17,6,6,22,29,19,22,17,15,22,56,13,8,72,60,6,29,6,32,21,370,193,182,111,168,172,24,58,103,6,209,90,159,705,507,313,204,80,216,112,92,121,21,100,20,6,72,44,41,16,18,100,25,13,33,96,79,65,9,19,214,93,11,273,57,35,9,21,18,22,130,38,41,161,69,24,11,436,34,40,228,231,207,39,152,190,234,390,91,26,38,49,88,22,42,66,65,110,68,39,14,26,475,85,11,4,3852,1621,1278,1292,883,216,78,38,932,61,38,35,76,30,304,296,313,21,65,65,69,19,890,10,226,111,151,96,184,27,64,108,196,223,34,66,10,89,58,16,49,31,8,25,55,11,19,72,6,20,22,6,6,19,47,46,17,6,6,22,29,19,22,17,15,22,56,13,8,72,60,6,29,6,32,21
SRR24907847,cfs,187,89,112,43,106,69,5,32,30,12,109,24,90,267,252,160,53,16,82,102,45,38,23,36,6,5,33,30,33,17,16,76,26,17,5,16,42,43,0,6,87,47,21,94,13,4,2,3,19,15,68,8,24,54,29,17,21,175,3,3,172,127,81,16,54,160,131,176,43,18,20,37,34,18,28,48,18,79,33,13,11,25,141,59,23,1,1854,822,656,621,471,92,43,11,514,57,12,18,39,2,105,109,122,16,22,16,14,0,314,6,99,31,77,40,71,9,22,24,99,149,2,45,10,31,5,4,26,16,4,19,15,6,8,40,3,7,6,3,3,8,33,33,7,3,3,8,17,8,4,0,0,3,23,4,4,16,11,3,0,3,29,19,187,89,112,43,106,69,5,32,30,12,109,24,90,267,252,160,53,16,82,102,45,38,23,36,6,5,33,30,33,17,16,76,26,17,5,16,42,43,0,6,87,47,21,94,13,4,2,3,19,15,68,8,24,54,29,17,21,175,3,3,172,127,81,16,54,160,131,176,43,18,20,37,34,18,28,48,18,79,33,13,11,25,141,59,23,1,1854,822,656,621,471,92,43,11,514,57,12,18,39,2,105,109,122,16,22,16,14,0,314,6,99,31,77,40,71,9,22,24,99,149,2,45,10,31,5,4,26,16,4,19,15,6,8,40,3,7,6,3,3,8,33,33,7,3,3,8,17,8,4,0,0,3,23,4,4,16,11,3,0,3,29,19
SRR24907848,cfs,158,106,72,40,75,84,12,43,24,9,91,12,103,224,213,132,98,35,89,75,47,64,13,19,4,4,31,9,12,8,15,45,8,8,12,54,33,41,14,7,96,35,7,114,30,15,10,11,8,23,87,22,13,60,34,13,7,196,5,3,144,125,82,22,68,135,103,187,54,18,21,74,28,19,9,48,25,55,31,11,4,7,160,39,8,7,1771,723,625,596,423,125,50,7,439,54,39,26,33,10,134,115,133,2,27,0,1,23,404,9,127,27,72,46,71,11,32,54,97,112,11,28,6,43,12,7,14,7,2,5,37,5,4,43,2,5,7,2,2,4,32,31,10,2,2,4,11,12,27,8,13,4,17,6,2,21,34,5,19,2,7,19,158,106,72,40,75,84,12,43,24,9,91,12,103,224,213,132,98,35,89,75,47,64,13,19,4,4,31,9,12,8,15,45,8,8,12,54,33,41,14,7,96,35,7,114,30,15,10,11,8,23,87,22,13,60,34,13,7,196,5,3,144,125,82,22,68,135,103,187,54,18,21,74,28,19,9,48,25,55,31,11,4,7,160,39,8,7,1771,723,625,596,423,125,50,7,439,54,39,26,33,10,134,115,133,2,27,0,1,23,404,9,127,27,72,46,71,11,32,54,97,112,11,28,6,43,12,7,14,7,2,5,37,5,4,43,2,5,7,2,2,4,32,31,10,2,2,4,11,12,27,8,13,4,17,6,2,21,34,5,19,2,7,19
SRR24907857,cfs,1024,584,555,505,546,418,235,135,148,85,679,245,522,1408,1282,931,405,56,561,679,270,138,34,143,30,23,170,99,169,19,160,242,75,183,63,110,307,296,15,47,616,221,47,1181,133,96,34,46,42,62,381,64,42,184,135,64,47,1227,52,29,1220,1159,685,118,458,767,692,1489,347,56,104,82,325,35,51,211,53,437,246,135,32,75,720,297,67,15,11200,4132,4109,3571,3008,459,169,32,2690,204,51,49,216,30,477,661,492,35,78,20,31,73,1637,16,791,203,390,359,464,71,252,303,450,565,35,281,7,175,22,35,84,70,21,9,90,35,55,269,19,59,51,19,19,52,239,233,24,19,19,53,58,43,18,14,55,18,151,15,10,69,76,18,19,19,37,125,1024,584,555,505,546,418,235,135,148,85,679,245,522,1408,1282,931,405,56,561,679,270,138,34,143,30,23,170,99,169,19,160,242,75,183,63,110,307,296,15,47,616,221,47,1181,133,96,34,46,42,62,381,64,42,184,135,64,47,1227,52,29,1220,1159,685,118,458,767,692,1489,347,56,104,82,325,35,51,211,53,437,246,135,32,75,720,297,67,15,11200,4132,4109,3571,3008,459,169,32,2690,204,51,49,216,30,477,661,492,35,78,20,31,73,1637,16,791,203,390,359,464,71,252,303,450,565,35,281,7,175,22,35,84,70,21,9,90,35,55,269,19,59,51,19,19,52,239,233,24,19,19,53,58,43,18,14,55,18,151,15,10,69,76,18,19,19,37,125
SRR24907912,cfs,178,110,77,82,133,73,14,57,67,14,129,29,109,306,245,171,105,28,129,78,45,49,14,45,6,1,31,21,27,14,11,47,19,27,12,23,33,29,0,14,120,28,11,163,40,23,12,16,10,18,52,27,13,49,27,16,11,220,0,0,199,143,80,19,93,122,80,193,32,10,9,36,46,14,18,30,28,71,37,15,13,19,205,52,6,9,1972,842,688,693,498,98,69,8,461,46,18,28,43,3,136,151,174,3,28,17,17,7,436,7,78,33,102,31,56,45,34,81,124,114,3,38,6,33,8,9,18,41,2,0,17,10,43,62,2,4,7,2,2,38,38,38,14,2,2,39,45,19,8,17,7,3,5,7,1,18,18,11,17,2,57,20,178,110,77,82,133,73,14,57,67,14,129,29,109,306,245,171,105,28,129,78,45,49,14,45,6,1,31,21,27,14,11,47,19,27,12,23,33,29,0,14,120,28,11,163,40,23,12,16,10,18,52,27,13,49,27,16,11,220,0,0,199,143,80,19,93,122,80,193,32,10,9,36,46,14,18,30,28,71,37,15,13,19,205,52,6,9,1972,842,688,693,498,98,69,8,461,46,18,28,43,3,136,151,174,3,28,17,17,7,436,7,78,33,102,31,56,45,34,81,124,114,3,38,6,33,8,9,18,41,2,0,17,10,43,62,2,4,7,2,2,38,38,38,14,2,2,39,45,19,8,17,7,3,5,7,1,18,18,11,17,2,57,20
SRR24907926,cfs,359,204,136,141,184,158,49,116,59,15,171,48,272,517,546,448,156,79,173,135,71,110,13,51,9,4,42,26,32,15,13,93,20,25,17,55,92,201,2,22,185,83,27,259,32,25,0,14,36,57,202,27,27,107,65,35,27,450,9,10,350,243,214,16,185,181,190,399,84,37,26,39,53,22,35,49,50,206,74,26,14,21,314,78,6,5,3874,1477,1308,1264,846,183,127,9,964,62,29,37,130,5,185,279,190,5,61,19,10,19,719,13,177,96,77,52,101,34,40,132,173,191,6,70,13,36,9,19,48,36,9,5,40,11,31,164,9,23,20,9,9,29,135,132,19,9,9,29,50,39,4,13,4,9,45,4,6,33,37,10,13,9,26,59,359,204,136,141,184,158,49,116,59,15,171,48,272,517,546,448,156,79,173,135,71,110,13,51,9,4,42,26,32,15,13,93,20,25,17,55,92,201,2,22,185,83,27,259,32,25,0,14,36,57,202,27,27,107,65,35,27,450,9,10,350,243,214,16,185,181,190,399,84,37,26,39,53,22,35,49,50,206,74,26,14,21,314,78,6,5,3874,1477,1308,1264,846,183,127,9,964,62,29,37,130,5,185,279,190,5,61,19,10,19,719,13,177,96,77,52,101,34,40,132,173,191,6,70,13,36,9,19,48,36,9,5,40,11,31,164,9,23,20,9,9,29,135,132,19,9,9,29,50,39,4,13,4,9,45,4,6,33,37,10,13,9,26,59
SRR24907934,cfs,404,193,212,87,154,170,14,107,68,6,180,45,158,634,537,345,162,74,196,151,107,118,21,61,6,13,48,47,55,27,29,94,37,36,15,66,138,121,5,25,206,95,10,242,44,26,14,16,14,65,179,45,32,118,75,30,10,442,24,28,266,238,184,31,121,214,247,382,111,42,12,72,92,21,41,48,66,128,99,47,21,31,337,64,20,6,3840,1584,1295,1325,927,214,117,26,961,83,54,39,56,21,267,280,222,7,70,76,33,24,775,14,216,121,157,97,169,39,59,108,181,317,24,84,11,74,13,9,19,33,7,32,46,6,23,75,5,20,24,5,5,22,50,48,17,5,5,25,36,26,10,18,24,25,45,3,5,39,37,12,12,5,41,37,404,193,212,87,154,170,14,107,68,6,180,45,158,634,537,345,162,74,196,151,107,118,21,61,6,13,48,47,55,27,29,94,37,36,15,66,138,121,5,25,206,95,10,242,44,26,14,16,14,65,179,45,32,118,75,30,10,442,24,28,266,238,184,31,121,214,247,382,111,42,12,72,92,21,41,48,66,128,99,47,21,31,337,64,20,6,3840,1584,1295,1325,927,214,117,26,961,83,54,39,56,21,267,280,222,7,70,76,33,24,775,14,216,121,157,97,169,39,59,108,181,317,24,84,11,74,13,9,19,33,7,32,46,6,23,75,5,20,24,5,5,22,50,48,17,5,5,25,36,26,10,18,24,25,45,3,5,39,37,12,12,5,41,37
SRR24907935,cfs,388,155,214,77,153,68,19,78,35,10,124,22,199,428,363,313,126,39,141,127,82,77,8,65,10,8,21,44,43,2,14,110,41,20,5,28,114,130,5,8,144,45,7,170,31,12,11,10,7,46,152,18,17,35,25,11,7,337,13,16,233,173,171,21,121,214,204,329,90,37,17,55,72,7,9,25,24,128,67,40,21,32,183,51,6,8,2900,1245,1101,1090,798,149,77,13,875,86,30,42,92,5,146,185,150,4,51,11,11,19,310,5,130,80,48,71,71,30,38,59,95,109,6,88,9,29,0,3,11,28,5,28,16,2,30,71,2,5,7,2,2,28,63,61,10,2,2,30,31,16,14,11,0,28,22,2,5,20,14,2,21,2,54,50,388,155,214,77,153,68,19,78,35,10,124,22,199,428,363,313,126,39,141,127,82,77,8,65,10,8,21,44,43,2,14,110,41,20,5,28,114,130,5,8,144,45,7,170,31,12,11,10,7,46,152,18,17,35,25,11,7,337,13,16,233,173,171,21,121,214,204,329,90,37,17,55,72,7,9,25,24,128,67,40,21,32,183,51,6,8,2900,1245,1101,1090,798,149,77,13,875,86,30,42,92,5,146,185,150,4,51,11,11,19,310,5,130,80,48,71,71,30,38,59,95,109,6,88,9,29,0,3,11,28,5,28,16,2,30,71,2,5,7,2,2,28,63,61,10,2,2,30,31,16,14,11,0,28,22,2,5,20,14,2,21,2,54,50
SRR24907936,cfs,729,316,470,183,433,268,56,231,110,13,348,106,501,1238,1067,887,343,95,482,358,334,243,34,151,17,20,69,88,98,28,46,185,73,63,56,92,339,393,5,40,430,126,9,500,103,48,32,30,31,152,490,82,65,122,98,54,9,748,13,15,650,445,347,89,301,535,425,680,259,67,54,179,293,25,78,109,100,353,199,122,48,75,681,241,7,20,8127,3341,2678,2628,1811,512,260,14,2221,220,108,121,236,21,477,599,452,10,156,34,32,31,1455,27,399,212,206,242,328,32,98,208,281,539,24,172,27,90,12,14,36,35,5,39,62,20,26,216,5,16,17,5,5,23,170,166,38,5,5,22,73,56,22,21,17,21,77,10,5,49,70,9,59,5,87,123,729,316,470,183,433,268,56,231,110,13,348,106,501,1238,1067,887,343,95,482,358,334,243,34,151,17,20,69,88,98,28,46,185,73,63,56,92,339,393,5,40,430,126,9,500,103,48,32,30,31,152,490,82,65,122,98,54,9,748,13,15,650,445,347,89,301,535,425,680,259,67,54,179,293,25,78,109,100,353,199,122,48,75,681,241,7,20,8127,3341,2678,2628,1811,512,260,14,2221,220,108,121,236,21,477,599,452,10,156,34,32,31,1455,27,399,212,206,242,328,32,98,208,281,539,24,172,27,90,12,14,36,35,5,39,62,20,26,216,5,16,17,5,5,23,170,166,38,5,5,22,73,56,22,21,17,21,77,10,5,49,70,9,59,5,87,123
SRR24907940,cfs,186,141,121,71,90,111,32,33,18,6,67,18,72,279,307,138,51,16,89,95,46,40,2,39,7,3,14,23,30,7,9,52,23,14,0,14,69,50,0,76,89,78,0,166,12,10,2,6,5,20,65,9,4,21,69,5,0,220,0,0,139,186,130,4,55,117,103,263,48,12,10,30,45,3,5,21,13,48,39,27,13,21,101,41,3,2,1883,713,712,618,523,161,37,0,486,30,16,39,37,3,79,75,54,0,14,4,0,2,260,8,94,50,74,17,30,15,18,17,126,138,3,45,2,10,0,4,8,87,2,5,7,4,13,31,2,2,5,2,2,11,27,26,6,2,2,11,15,8,4,0,0,9,35,0,0,9,6,2,13,2,27,14,186,141,121,71,90,111,32,33,18,6,67,18,72,279,307,138,51,16,89,95,46,40,2,39,7,3,14,23,30,7,9,52,23,14,0,14,69,50,0,76,89,78,0,166,12,10,2,6,5,20,65,9,4,21,69,5,0,220,0,0,139,186,130,4,55,117,103,263,48,12,10,30,45,3,5,21,13,48,39,27,13,21,101,41,3,2,1883,713,712,618,523,161,37,0,486,30,16,39,37,3,79,75,54,0,14,4,0,2,260,8,94,50,74,17,30,15,18,17,126,138,3,45,2,10,0,4,8,87,2,5,7,4,13,31,2,2,5,2,2,11,27,26,6,2,2,11,15,8,4,0,0,9,35,0,0,9,6,2,13,2,27,14
SRR24907986,cfs,123,69,79,46,69,55,12,21,26,0,70,24,91,181,200,106,41,12,62,80,25,30,7,37,15,0,10,16,14,4,20,36,15,12,0,7,32,62,0,0,100,30,0,89,14,8,5,6,0,10,48,5,4,19,19,5,0,125,3,3,118,106,84,4,20,83,60,120,23,16,17,16,28,1,0,10,7,48,27,15,7,13,98,38,0,5,1283,471,428,433,349,59,26,2,314,38,0,22,14,0,103,62,49,0,16,4,0,0,171,17,51,31,43,23,31,16,6,57,90,69,0,18,7,14,3,0,4,14,3,13,7,1,16,33,0,0,0,0,0,16,21,21,7,0,0,16,16,12,0,21,4,0,2,0,2,2,6,0,11,0,18,21,123,69,79,46,69,55,12,21,26,0,70,24,91,181,200,106,41,12,62,80,25,30,7,37,15,0,10,16,14,4,20,36,15,12,0,7,32,62,0,0,100,30,0,89,14,8,5,6,0,10,48,5,4,19,19,5,0,125,3,3,118,106,84,4,20,83,60,120,23,16,17,16,28,1,0,10,7,48,27,15,7,13,98,38,0,5,1283,471,428,433,349,59,26,2,314,38,0,22,14,0,103,62,49,0,16,4,0,0,171,17,51,31,43,23,31,16,6,57,90,69,0,18,7,14,3,0,4,14,3,13,7,1,16,33,0,0,0,0,0,16,21,21,7,0,0,16,16,12,0,21,4,0,2,0,2,2,6,0,11,0,18,21
SRR24907998,cfs,881,503,396,302,339,217,61,250,324,36,607,129,511,1269,976,712,533,112,513,399,223,209,76,190,15,14,109,142,159,30,76,288,127,122,26,105,204,198,10,24,483,107,28,556,58,33,18,18,43,62,278,53,30,175,85,46,28,993,13,15,805,643,519,71,331,527,402,963,182,64,55,84,227,28,29,99,62,248,208,83,78,124,668,157,28,0,8309,3616,2934,3077,2320,504,288,15,2219,201,63,87,192,22,452,434,661,20,158,14,13,20,1954,34,528,156,334,150,324,249,165,207,441,525,26,198,25,86,86,49,42,209,22,40,64,23,241,215,14,31,27,14,14,233,118,115,73,14,14,246,153,90,18,23,38,44,44,10,4,47,46,14,32,14,183,122,881,503,396,302,339,217,61,250,324,36,607,129,511,1269,976,712,533,112,513,399,223,209,76,190,15,14,109,142,159,30,76,288,127,122,26,105,204,198,10,24,483,107,28,556,58,33,18,18,43,62,278,53,30,175,85,46,28,993,13,15,805,643,519,71,331,527,402,963,182,64,55,84,227,28,29,99,62,248,208,83,78,124,668,157,28,0,8309,3616,2934,3077,2320,504,288,15,2219,201,63,87,192,22,452,434,661,20,158,14,13,20,1954,34,528,156,334,150,324,249,165,207,441,525,26,198,25,86,86,49,42,209,22,40,64,23,241,215,14,31,27,14,14,233,118,115,73,14,14,246,153,90,18,23,38,44,44,10,4,47,46,14,32,14,183,122
SRR24908003,cfs,282,123,185,80,143,87,33,96,27,4,143,38,212,514,517,390,87,27,147,153,98,71,3,71,19,8,40,39,38,0,16,75,32,17,9,22,169,133,2,2,134,76,7,186,10,10,0,5,7,69,158,25,3,43,50,29,7,299,3,4,281,183,139,20,124,184,165,300,88,21,15,40,77,4,16,22,5,156,68,59,21,33,230,77,3,2,3140,1163,1021,967,704,163,97,5,852,95,28,46,130,2,134,234,90,11,42,6,4,2,405,9,118,121,67,76,82,14,30,73,121,232,2,62,10,35,0,10,17,18,7,5,13,3,15,73,6,13,11,6,6,15,72,70,2,6,6,15,15,14,0,6,0,0,19,2,4,13,13,6,37,6,28,55,282,123,185,80,143,87,33,96,27,4,143,38,212,514,517,390,87,27,147,153,98,71,3,71,19,8,40,39,38,0,16,75,32,17,9,22,169,133,2,2,134,76,7,186,10,10,0,5,7,69,158,25,3,43,50,29,7,299,3,4,281,183,139,20,124,184,165,300,88,21,15,40,77,4,16,22,5,156,68,59,21,33,230,77,3,2,3140,1163,1021,967,704,163,97,5,852,95,28,46,130,2,134,234,90,11,42,6,4,2,405,9,118,121,67,76,82,14,30,73,121,232,2,62,10,35,0,10,17,18,7,5,13,3,15,73,6,13,11,6,6,15,72,70,2,6,6,15,15,14,0,6,0,0,19,2,4,13,13,6,37,6,28,55
SRR24908017,cfs,1442,764,800,586,918,671,122,435,315,29,973,367,985,2689,2372,1890,790,213,922,705,474,518,53,304,72,21,284,175,212,44,153,437,146,110,182,269,656,542,15,55,1218,332,37,1252,229,174,29,109,62,229,790,226,128,576,305,145,37,1868,34,37,1531,1248,938,153,647,1068,1004,1681,430,149,179,296,362,79,166,280,131,739,504,258,74,144,1694,399,54,17,18389,7433,6063,5988,4145,956,494,76,4751,408,124,169,455,36,1134,1216,1030,26,362,143,140,68,3476,121,856,423,556,302,502,224,255,661,878,1174,42,274,44,262,55,150,109,161,32,33,128,57,162,497,29,69,100,29,29,156,311,304,110,29,29,159,213,172,22,72,38,40,142,47,27,204,127,28,29,29,147,222,1442,764,800,586,918,671,122,435,315,29,973,367,985,2689,2372,1890,790,213,922,705,474,518,53,304,72,21,284,175,212,44,153,437,146,110,182,269,656,542,15,55,1218,332,37,1252,229,174,29,109,62,229,790,226,128,576,305,145,37,1868,34,37,1531,1248,938,153,647,1068,1004,1681,430,149,179,296,362,79,166,280,131,739,504,258,74,144,1694,399,54,17,18389,7433,6063,5988,4145,956,494,76,4751,408,124,169,455,36,1134,1216,1030,26,362,143,140,68,3476,121,856,423,556,302,502,224,255,661,878,1174,42,274,44,262,55,150,109,161,32,33,128,57,162,497,29,69,100,29,29,156,311,304,110,29,29,159,213,172,22,72,38,40,142,47,27,204,127,28,29,29,147,222
SRR24908035,cfs,1275,652,819,370,788,590,127,253,140,51,693,285,683,2540,2010,1671,508,176,763,446,334,394,27,189,41,25,178,114,84,21,71,217,84,81,126,200,582,477,10,28,824,335,67,1149,205,106,53,92,71,185,796,250,164,520,287,188,67,1556,36,41,1021,699,644,108,354,915,814,1290,513,62,142,314,368,47,91,320,196,623,336,167,41,71,1364,422,26,36,15181,6134,4694,4592,3110,703,281,77,3721,425,204,189,160,39,1331,1118,1174,23,280,256,139,76,2891,11,751,402,509,376,867,105,200,555,635,938,48,278,41,256,48,48,131,62,12,66,171,97,26,381,10,65,108,10,10,25,285,278,78,10,10,25,158,104,41,38,30,23,96,44,30,264,170,22,84,10,121,140,1275,652,819,370,788,590,127,253,140,51,693,285,683,2540,2010,1671,508,176,763,446,334,394,27,189,41,25,178,114,84,21,71,217,84,81,126,200,582,477,10,28,824,335,67,1149,205,106,53,92,71,185,796,250,164,520,287,188,67,1556,36,41,1021,699,644,108,354,915,814,1290,513,62,142,314,368,47,91,320,196,623,336,167,41,71,1364,422,26,36,15181,6134,4694,4592,3110,703,281,77,3721,425,204,189,160,39,1331,1118,1174,23,280,256,139,76,2891,11,751,402,509,376,867,105,200,555,635,938,48,278,41,256,48,48,131,62,12,66,171,97,26,381,10,65,108,10,10,25,285,278,78,10,10,25,158,104,41,38,30,23,96,44,30,264,170,22,84,10,121,140
SRR24908053,cfs,581,212,232,216,255,111,43,130,125,49,247,65,286,641,537,457,273,39,259,273,131,76,9,93,7,11,35,67,113,33,73,120,57,79,15,41,158,141,7,5,253,29,0,373,63,12,44,12,5,27,156,49,26,64,24,17,0,526,7,0,549,411,226,25,276,369,321,584,142,26,22,64,138,16,15,99,39,162,112,49,42,58,308,129,11,5,4720,2082,1911,1764,1465,211,138,15,1292,77,22,43,167,32,184,295,281,6,131,29,21,9,943,2,455,87,149,74,96,128,98,103,173,370,36,219,7,53,14,9,12,99,8,29,57,12,115,158,2,13,22,2,2,113,84,82,57,2,2,120,98,74,27,16,4,70,69,2,8,48,34,5,7,2,87,73,581,212,232,216,255,111,43,130,125,49,247,65,286,641,537,457,273,39,259,273,131,76,9,93,7,11,35,67,113,33,73,120,57,79,15,41,158,141,7,5,253,29,0,373,63,12,44,12,5,27,156,49,26,64,24,17,0,526,7,0,549,411,226,25,276,369,321,584,142,26,22,64,138,16,15,99,39,162,112,49,42,58,308,129,11,5,4720,2082,1911,1764,1465,211,138,15,1292,77,22,43,167,32,184,295,281,6,131,29,21,9,943,2,455,87,149,74,96,128,98,103,173,370,36,219,7,53,14,9,12,99,8,29,57,12,115,158,2,13,22,2,2,113,84,82,57,2,2,120,98,74,27,16,4,70,69,2,8,48,34,5,7,2,87,73
SRR24908055,cfs,568,262,338,218,321,199,59,167,131,20,349,117,355,932,897,605,299,71,328,288,163,158,42,126,19,20,84,64,76,19,57,144,47,67,36,98,214,215,16,48,330,124,8,488,85,66,15,36,21,88,335,79,24,165,84,28,8,605,18,15,551,409,298,40,274,407,347,572,231,61,60,103,179,33,49,118,83,263,148,79,29,46,648,158,9,22,6591,2525,2122,2071,1424,303,173,23,1604,189,79,90,184,26,472,460,403,9,110,41,40,26,1365,21,448,167,218,157,210,66,96,231,307,402,30,125,13,116,55,25,44,47,3,21,104,29,23,162,3,21,45,3,3,21,119,117,32,3,3,22,60,56,11,32,21,23,81,9,12,64,96,4,34,3,56,69,568,262,338,218,321,199,59,167,131,20,349,117,355,932,897,605,299,71,328,288,163,158,42,126,19,20,84,64,76,19,57,144,47,67,36,98,214,215,16,48,330,124,8,488,85,66,15,36,21,88,335,79,24,165,84,28,8,605,18,15,551,409,298,40,274,407,347,572,231,61,60,103,179,33,49,118,83,263,148,79,29,46,648,158,9,22,6591,2525,2122,2071,1424,303,173,23,1604,189,79,90,184,26,472,460,403,9,110,41,40,26,1365,21,448,167,218,157,210,66,96,231,307,402,30,125,13,116,55,25,44,47,3,21,104,29,23,162,3,21,45,3,3,21,119,117,32,3,3,22,60,56,11,32,21,23,81,9,12,64,96,4,34,3,56,69
ERR911956,controle,1504,556,1250,576,851,1099,257,403,185,81,779,259,743,2765,2197,1555,1308,303,1005,144,761,693,122,360,48,107,285,254,276,28,30,851,367,268,162,345,341,82,41,193,1116,370,35,1250,591,359,157,123,54,201,442,190,94,282,307,90,35,1127,52,36,705,435,464,294,302,1313,630,879,314,257,153,379,766,367,297,264,257,534,336,266,168,236,1351,290,144,46,17218,7859,5096,6718,3316,1175,396,90,5041,324,156,228,156,140,951,853,1045,23,239,102,112,123,3164,87,1194,316,872,468,795,119,332,700,809,1073,140,209,33,354,122,79,49,174,50,36,396,132,118,297,36,125,116,36,36,90,174,188,68,36,36,98,132,155,87,44,31,44,237,101,14,258,290,42,41,36,117,138,1504,556,1250,576,851,1099,257,403,185,81,779,259,743,2765,2197,1555,1308,303,1005,144,761,693,122,360,48,107,285,254,276,28,30,851,367,268,162,345,341,82,41,193,1116,370,35,1250,591,359,157,123,54,201,442,190,94,282,307,90,35,1127,52,36,705,435,464,294,302,1313,630,879,314,257,153,379,766,367,297,264,257,534,336,266,168,236,1351,290,144,46,17218,7859,5096,6718,3316,1175,396,90,5041,324,156,228,156,140,951,853,1045,23,239,102,112,123,3164,87,1194,316,872,468,795,119,332,700,809,1073,140,209,33,354,122,79,49,174,50,36,396,132,118,297,36,125,116,36,36,90,174,188,68,36,36,98,132,155,87,44,31,44,237,101,14,258,290,42,41,36,117,138
ERR911979,controle,1487,395,1171,589,819,925,172,373,213,33,881,589,583,2830,1835,1084,901,373,740,123,745,581,76,357,72,61,92,133,98,38,14,946,85,61,354,647,419,85,30,100,1489,146,9,1672,676,598,31,344,44,54,732,369,93,758,159,46,10,1937,45,31,731,567,355,194,486,1440,966,1465,334,275,85,342,473,150,695,543,510,407,538,347,42,66,1897,396,131,145,18445,7619,5385,6714,3432,1030,327,81,4619,509,127,144,211,16,1589,1182,1214,163,144,130,26,200,3331,49,1511,250,446,470,855,171,270,693,532,736,20,253,121,154,256,114,16,156,76,40,343,436,78,299,65,735,250,65,65,64,93,98,67,65,65,70,86,149,149,54,48,15,249,168,0,312,304,62,36,65,65,823,1487,395,1171,589,819,925,172,373,213,33,881,589,583,2830,1835,1084,901,373,740,123,745,581,76,357,72,61,92,133,98,38,14,946,85,61,354,647,419,85,30,100,1489,146,9,1672,676,598,31,344,44,54,732,369,93,758,159,46,10,1937,45,31,731,567,355,194,486,1440,966,1465,334,275,85,342,473,150,695,543,510,407,538,347,42,66,1897,396,131,145,18445,7619,5385,6714,3432,1030,327,81,4619,509,127,144,211,16,1589,1182,1214,163,144,130,26,200,3331,49,1511,250,446,470,855,171,270,693,532,736,20,253,121,154,256,114,16,156,76,40,343,436,78,299,65,735,250,65,65,64,93,98,67,65,65,70,86,149,149,54,48,15,249,168,0,312,304,62,36,65,65,823
ERR911990,controle,1224,401,1104,588,851,908,245,435,167,27,607,247,774,2135,1631,1439,1059,218,812,76,570,508,173,383,40,146,246,236,255,47,33,710,285,243,149,275,313,86,48,201,1064,320,51,1168,416,225,108,149,75,115,402,215,90,238,279,126,51,1087,40,29,589,427,379,278,313,1116,664,778,302,146,122,287,614,388,227,243,227,540,358,208,169,219,1236,288,152,52,15065,6172,4400,5497,2813,945,421,89,4097,278,185,133,147,115,995,887,907,80,187,67,79,227,2499,63,946,209,518,343,530,139,236,596,563,776,68,140,19,303,142,70,86,198,31,24,348,160,131,253,20,127,108,20,20,100,128,138,45,20,20,109,107,98,78,62,14,22,105,51,31,173,251,64,59,20,113,174,1224,401,1104,588,851,908,245,435,167,27,607,247,774,2135,1631,1439,1059,218,812,76,570,508,173,383,40,146,246,236,255,47,33,710,285,243,149,275,313,86,48,201,1064,320,51,1168,416,225,108,149,75,115,402,215,90,238,279,126,51,1087,40,29,589,427,379,278,313,1116,664,778,302,146,122,287,614,388,227,243,227,540,358,208,169,219,1236,288,152,52,15065,6172,4400,5497,2813,945,421,89,4097,278,185,133,147,115,995,887,907,80,187,67,79,227,2499,63,946,209,518,343,530,139,236,596,563,776,68,140,19,303,142,70,86,198,31,24,348,160,131,253,20,127,108,20,20,100,128,138,45,20,20,109,107,98,78,62,14,22,105,51,31,173,251,64,59,20,113,174
ERR911991,controle,1273,342,949,539,1050,992,239,311,123,30,534,217,599,1851,1556,1356,962,207,727,69,579,472,135,300,50,96,221,146,217,55,30,605,234,190,96,294,197,66,56,151,965,293,31,1210,340,173,82,116,43,60,358,166,55,184,307,90,27,847,25,18,483,226,314,301,303,1248,638,654,284,43,129,284,545,325,240,247,236,441,250,105,126,150,968,219,107,45,13561,5728,3825,5047,2481,888,312,58,3968,255,124,103,112,36,828,661,753,29,215,158,167,106,2337,81,840,171,413,332,505,104,269,498,514,585,51,146,16,316,99,81,39,179,70,36,245,194,106,256,42,85,83,41,41,80,129,136,85,41,42,90,132,129,59,39,22,23,200,78,0,132,173,40,47,41,94,125,1273,342,949,539,1050,992,239,311,123,30,534,217,599,1851,1556,1356,962,207,727,69,579,472,135,300,50,96,221,146,217,55,30,605,234,190,96,294,197,66,56,151,965,293,31,1210,340,173,82,116,43,60,358,166,55,184,307,90,27,847,25,18,483,226,314,301,303,1248,638,654,284,43,129,284,545,325,240,247,236,441,250,105,126,150,968,219,107,45,13561,5728,3825,5047,2481,888,312,58,3968,255,124,103,112,36,828,661,753,29,215,158,167,106,2337,81,840,171,413,332,505,104,269,498,514,585,51,146,16,316,99,81,39,179,70,36,245,194,106,256,42,85,83,41,41,80,129,136,85,41,42,90,132,129,59,39,22,23,200,78,0,132,173,40,47,41,94,125
ERR911995,controle,1501,531,1097,400,966,891,121,303,213,44,805,343,643,2371,2080,1432,755,164,669,126,425,408,153,282,70,103,390,174,145,79,19,505,170,145,100,304,316,94,79,88,1034,345,53,1123,467,339,79,234,67,179,419,255,142,263,289,105,53,1414,67,47,501,325,464,167,392,1096,968,1107,233,143,106,318,473,143,281,365,293,383,248,187,73,91,1404,209,71,88,15193,6171,4485,5390,3071,709,345,125,3895,301,157,176,102,78,1303,777,938,15,245,81,57,71,3664,48,1022,354,627,314,713,115,373,436,554,824,89,180,37,322,117,103,78,123,84,54,333,105,84,268,53,159,162,53,53,62,129,142,118,53,53,70,117,150,86,53,19,45,146,59,84,263,270,55,87,53,89,186,1501,531,1097,400,966,891,121,303,213,44,805,343,643,2371,2080,1432,755,164,669,126,425,408,153,282,70,103,390,174,145,79,19,505,170,145,100,304,316,94,79,88,1034,345,53,1123,467,339,79,234,67,179,419,255,142,263,289,105,53,1414,67,47,501,325,464,167,392,1096,968,1107,233,143,106,318,473,143,281,365,293,383,248,187,73,91,1404,209,71,88,15193,6171,4485,5390,3071,709,345,125,3895,301,157,176,102,78,1303,777,938,15,245,81,57,71,3664,48,1022,354,627,314,713,115,373,436,554,824,89,180,37,322,117,103,78,123,84,54,333,105,84,268,53,159,162,53,53,62,129,142,118,53,53,70,117,150,86,53,19,45,146,59,84,263,270,55,87,53,89,186
ERR912003,controle,1484,466,1084,743,674,1230,243,558,177,59,766,302,763,3054,2094,1707,1229,364,1169,110,772,748,201,467,82,239,278,226,239,46,46,850,365,231,177,515,363,65,88,184,1300,513,63,1442,491,196,127,105,98,168,556,231,50,254,414,138,63,1287,52,33,680,442,422,355,320,1263,606,882,349,210,192,453,670,471,307,317,292,592,473,301,173,222,1389,270,100,44,18485,7655,4967,6737,3077,1172,552,89,5050,441,222,301,133,61,1107,855,1123,24,332,83,46,111,3181,160,1382,244,807,484,833,141,332,659,685,1121,60,171,33,336,108,70,88,246,72,53,417,216,136,305,51,85,146,51,51,106,173,180,71,51,51,114,185,157,71,29,33,34,234,94,14,161,297,48,50,51,155,112,1484,466,1084,743,674,1230,243,558,177,59,766,302,763,3054,2094,1707,1229,364,1169,110,772,748,201,467,82,239,278,226,239,46,46,850,365,231,177,515,363,65,88,184,1300,513,63,1442,491,196,127,105,98,168,556,231,50,254,414,138,63,1287,52,33,680,442,422,355,320,1263,606,882,349,210,192,453,670,471,307,317,292,592,473,301,173,222,1389,270,100,44,18485,7655,4967,6737,3077,1172,552,89,5050,441,222,301,133,61,1107,855,1123,24,332,83,46,111,3181,160,1382,244,807,484,833,141,332,659,685,1121,60,171,33,336,108,70,88,246,72,53,417,216,136,305,51,85,146,51,51,106,173,180,71,51,51,114,185,157,71,29,33,34,234,94,14,161,297,48,50,51,155,112
ERR912047,controle,360,140,477,133,377,337,36,110,55,16,344,111,274,572,638,456,300,34,344,19,145,80,37,173,15,9,67,121,134,58,12,316,134,20,38,70,159,58,15,35,428,109,55,571,246,178,26,135,89,105,154,72,51,140,88,83,55,445,17,12,177,173,139,54,109,295,361,339,90,80,55,121,96,45,130,234,64,141,56,123,119,117,535,67,141,54,5742,2232,1599,1839,1065,264,108,80,1388,192,47,47,53,26,526,538,457,6,140,27,69,69,1470,15,298,67,170,154,325,47,114,347,362,313,25,42,20,196,63,19,57,49,21,4,181,17,48,82,18,79,92,18,18,31,28,29,10,18,18,35,14,16,41,20,5,11,37,18,174,144,103,16,87,18,11,55,360,140,477,133,377,337,36,110,55,16,344,111,274,572,638,456,300,34,344,19,145,80,37,173,15,9,67,121,134,58,12,316,134,20,38,70,159,58,15,35,428,109,55,571,246,178,26,135,89,105,154,72,51,140,88,83,55,445,17,12,177,173,139,54,109,295,361,339,90,80,55,121,96,45,130,234,64,141,56,123,119,117,535,67,141,54,5742,2232,1599,1839,1065,264,108,80,1388,192,47,47,53,26,526,538,457,6,140,27,69,69,1470,15,298,67,170,154,325,47,114,347,362,313,25,42,20,196,63,19,57,49,21,4,181,17,48,82,18,79,92,18,18,31,28,29,10,18,18,35,14,16,41,20,5,11,37,18,174,144,103,16,87,18,11,55
ERR912079,controle,1003,295,727,489,552,767,73,270,138,22,484,238,420,1570,1499,843,363,46,576,50,418,253,85,273,64,79,246,149,104,31,21,365,142,50,29,214,209,55,47,98,875,230,18,677,299,104,84,63,37,60,372,92,141,141,198,40,18,890,52,39,283,144,257,169,331,591,650,618,160,34,111,149,277,258,153,340,155,222,140,100,35,101,1114,181,84,26,10475,4045,2756,3480,1834,591,275,78,2782,170,136,102,115,6,930,551,636,13,130,67,25,90,2619,40,822,205,327,170,425,81,302,362,301,432,21,89,25,291,47,112,52,122,60,22,498,44,84,204,52,81,78,49,49,63,86,90,55,49,52,72,79,69,141,32,34,29,146,37,14,385,407,56,43,49,39,82,1003,295,727,489,552,767,73,270,138,22,484,238,420,1570,1499,843,363,46,576,50,418,253,85,273,64,79,246,149,104,31,21,365,142,50,29,214,209,55,47,98,875,230,18,677,299,104,84,63,37,60,372,92,141,141,198,40,18,890,52,39,283,144,257,169,331,591,650,618,160,34,111,149,277,258,153,340,155,222,140,100,35,101,1114,181,84,26,10475,4045,2756,3480,1834,591,275,78,2782,170,136,102,115,6,930,551,636,13,130,67,25,90,2619,40,822,205,327,170,425,81,302,362,301,432,21,89,25,291,47,112,52,122,60,22,498,44,84,204,52,81,78,49,49,63,86,90,55,49,52,72,79,69,141,32,34,29,146,37,14,385,407,56,43,49,39,82
ERR912133,controle,1117,384,760,373,649,785,120,305,90,45,603,237,505,2135,1603,1062,820,182,882,129,836,444,103,411,109,177,290,125,180,151,29,462,170,97,108,413,202,95,46,62,886,304,27,995,412,257,74,199,31,162,484,186,70,260,355,106,27,932,31,17,509,299,465,470,312,1106,508,801,297,56,108,268,486,149,283,231,240,344,265,145,118,124,1038,250,88,59,13297,5591,3891,4847,2434,1007,293,53,3877,238,184,233,114,109,1135,1011,983,28,190,217,170,124,2891,72,1009,223,602,385,620,62,232,441,545,820,110,190,30,370,135,66,51,50,90,28,287,90,39,262,72,185,128,73,73,26,134,140,87,73,73,27,115,145,68,39,28,28,114,100,14,150,231,72,103,73,86,195,1117,384,760,373,649,785,120,305,90,45,603,237,505,2135,1603,1062,820,182,882,129,836,444,103,411,109,177,290,125,180,151,29,462,170,97,108,413,202,95,46,62,886,304,27,995,412,257,74,199,31,162,484,186,70,260,355,106,27,932,31,17,509,299,465,470,312,1106,508,801,297,56,108,268,486,149,283,231,240,344,265,145,118,124,1038,250,88,59,13297,5591,3891,4847,2434,1007,293,53,3877,238,184,233,114,109,1135,1011,983,28,190,217,170,124,2891,72,1009,223,602,385,620,62,232,441,545,820,110,190,30,370,135,66,51,50,90,28,287,90,39,262,72,185,128,73,73,26,134,140,87,73,73,27,115,145,68,39,28,28,114,100,14,150,231,72,103,73,86,195
ERR912200,controle,1789,437,978,614,688,841,116,245,258,64,619,374,582,2680,2045,1275,773,266,952,123,774,516,82,371,65,32,225,240,157,44,17,539,87,56,156,458,436,127,79,75,1298,250,18,1304,403,309,27,241,23,21,431,329,141,361,220,59,18,1587,109,77,710,406,337,244,301,1152,881,1140,259,78,148,334,585,146,328,337,247,454,403,359,38,85,1863,490,135,101,16158,6885,4890,6102,3260,1131,261,164,4392,282,251,118,148,23,1370,1134,1119,100,106,158,186,143,3669,45,1287,274,533,383,742,145,219,543,545,636,26,285,31,333,156,182,49,106,45,24,339,85,50,309,32,391,220,33,33,34,99,103,65,33,32,43,70,212,144,86,25,17,76,195,35,303,284,30,69,33,48,390,1789,437,978,614,688,841,116,245,258,64,619,374,582,2680,2045,1275,773,266,952,123,774,516,82,371,65,32,225,240,157,44,17,539,87,56,156,458,436,127,79,75,1298,250,18,1304,403,309,27,241,23,21,431,329,141,361,220,59,18,1587,109,77,710,406,337,244,301,1152,881,1140,259,78,148,334,585,146,328,337,247,454,403,359,38,85,1863,490,135,101,16158,6885,4890,6102,3260,1131,261,164,4392,282,251,118,148,23,1370,1134,1119,100,106,158,186,143,3669,45,1287,274,533,383,742,145,219,543,545,636,26,285,31,333,156,182,49,106,45,24,339,85,50,309,32,391,220,33,33,34,99,103,65,33,32,43,70,212,144,86,25,17,76,195,35,303,284,30,69,33,48,390
SRR24907834,controle,966,369,826,367,690,805,77,153,87,23,477,285,443,1701,1364,753,695,113,635,49,509,312,112,296,12,41,209,163,156,82,3,499,148,63,115,268,242,54,26,175,900,140,32,825,556,382,75,268,44,29,302,182,146,176,187,81,32,742,38,21,346,148,288,266,268,948,480,642,231,100,218,216,412,123,248,317,317,262,206,197,103,143,1143,208,86,54,11246,4990,3229,4259,2107,919,147,42,3283,226,99,100,87,52,1187,726,767,16,109,88,165,84,2922,55,828,120,484,180,605,114,284,473,477,865,59,133,42,272,141,142,75,163,78,43,205,179,36,198,70,301,289,69,69,22,68,69,25,69,69,37,42,52,54,71,0,13,53,112,113,365,116,66,105,69,77,135,966,369,826,367,690,805,77,153,87,23,477,285,443,1701,1364,753,695,113,635,49,509,312,112,296,12,41,209,163,156,82,3,499,148,63,115,268,242,54,26,175,900,140,32,825,556,382,75,268,44,29,302,182,146,176,187,81,32,742,38,21,346,148,288,266,268,948,480,642,231,100,218,216,412,123,248,317,317,262,206,197,103,143,1143,208,86,54,11246,4990,3229,4259,2107,919,147,42,3283,226,99,100,87,52,1187,726,767,16,109,88,165,84,2922,55,828,120,484,180,605,114,284,473,477,865,59,133,42,272,141,142,75,163,78,43,205,179,36,198,70,301,289,69,69,22,68,69,25,69,69,37,42,52,54,71,0,13,53,112,113,365,116,66,105,69,77,135
SRR24907871,controle,1005,406,879,345,693,911,75,240,206,36,551,197,428,1878,1483,774,572,110,603,64,446,208,60,278,33,42,191,137,156,39,12,450,127,67,141,373,259,44,18,148,802,189,32,764,464,316,83,212,45,68,334,233,110,164,243,122,32,746,55,17,348,268,325,215,308,873,487,676,222,134,184,262,405,155,293,289,256,282,191,243,81,124,986,198,140,61,11327,4857,3192,4174,2004,732,238,41,2922,194,133,103,67,47,781,676,740,13,74,82,124,83,2495,17,828,132,523,266,553,157,256,499,558,699,57,122,16,306,127,87,65,170,50,45,224,171,90,184,39,183,208,39,39,79,97,100,38,39,39,101,43,74,40,62,6,9,71,107,92,341,123,38,78,39,44,91,1005,406,879,345,693,911,75,240,206,36,551,197,428,1878,1483,774,572,110,603,64,446,208,60,278,33,42,191,137,156,39,12,450,127,67,141,373,259,44,18,148,802,189,32,764,464,316,83,212,45,68,334,233,110,164,243,122,32,746,55,17,348,268,325,215,308,873,487,676,222,134,184,262,405,155,293,289,256,282,191,243,81,124,986,198,140,61,11327,4857,3192,4174,2004,732,238,41,2922,194,133,103,67,47,781,676,740,13,74,82,124,83,2495,17,828,132,523,266,553,157,256,499,558,699,57,122,16,306,127,87,65,170,50,45,224,171,90,184,39,183,208,39,39,79,97,100,38,39,39,101,43,74,40,62,6,9,71,107,92,341,123,38,78,39,44,91
SRR24907892,controle,367,107,293,140,337,366,29,74,71,22,141,33,114,696,523,303,262,23,203,13,219,120,46,143,19,11,73,40,47,25,4,189,33,16,33,114,56,31,19,41,347,88,19,339,185,128,24,67,40,11,156,69,42,79,91,45,19,213,10,12,162,87,121,106,121,345,135,183,92,60,61,114,222,59,105,125,143,109,57,43,24,35,410,98,30,17,4462,2070,1091,1738,680,302,70,33,1200,125,68,37,54,26,348,244,409,9,55,38,46,39,1025,6,258,36,146,139,230,29,80,158,178,202,34,21,7,130,49,22,44,42,18,0,119,51,44,61,17,68,69,17,17,21,11,11,13,17,17,22,15,21,40,28,3,4,46,47,28,124,69,18,36,17,20,29,367,107,293,140,337,366,29,74,71,22,141,33,114,696,523,303,262,23,203,13,219,120,46,143,19,11,73,40,47,25,4,189,33,16,33,114,56,31,19,41,347,88,19,339,185,128,24,67,40,11,156,69,42,79,91,45,19,213,10,12,162,87,121,106,121,345,135,183,92,60,61,114,222,59,105,125,143,109,57,43,24,35,410,98,30,17,4462,2070,1091,1738,680,302,70,33,1200,125,68,37,54,26,348,244,409,9,55,38,46,39,1025,6,258,36,146,139,230,29,80,158,178,202,34,21,7,130,49,22,44,42,18,0,119,51,44,61,17,68,69,17,17,21,11,11,13,17,17,22,15,21,40,28,3,4,46,47,28,124,69,18,36,17,20,29
SRR24907906,controle,268,132,246,88,209,224,23,71,41,5,165,51,113,546,456,245,156,46,167,17,147,80,16,95,17,12,57,38,38,8,0,126,33,39,44,97,58,22,11,29,212,63,8,267,162,109,18,86,15,11,69,41,31,41,71,20,8,194,17,3,104,71,106,62,88,216,129,201,68,21,32,70,160,47,69,95,66,83,66,37,25,33,359,65,43,41,3148,1359,921,1235,578,225,67,6,801,56,35,31,40,19,260,171,224,8,25,29,22,17,715,5,218,44,170,69,206,45,84,127,153,185,20,31,2,87,42,16,12,46,13,8,81,41,38,63,12,35,41,12,12,36,23,32,11,12,12,38,12,19,24,32,9,11,29,34,16,80,56,14,31,12,19,22,268,132,246,88,209,224,23,71,41,5,165,51,113,546,456,245,156,46,167,17,147,80,16,95,17,12,57,38,38,8,0,126,33,39,44,97,58,22,11,29,212,63,8,267,162,109,18,86,15,11,69,41,31,41,71,20,8,194,17,3,104,71,106,62,88,216,129,201,68,21,32,70,160,47,69,95,66,83,66,37,25,33,359,65,43,41,3148,1359,921,1235,578,225,67,6,801,56,35,31,40,19,260,171,224,8,25,29,22,17,715,5,218,44,170,69,206,45,84,127,153,185,20,31,2,87,42,16,12,46,13,8,81,41,38,63,12,35,41,12,12,36,23,32,11,12,12,38,12,19,24,32,9,11,29,34,16,80,56,14,31,12,19,22
SRR24907908,controle,384,104,323,172,293,350,45,63,33,10,117,51,156,581,447,292,242,32,243,19,218,127,67,156,10,20,88,69,78,36,4,157,61,22,30,129,95,8,6,56,316,120,22,363,183,143,17,97,52,16,118,63,32,35,105,32,22,269,12,6,120,60,109,121,107,347,135,165,78,48,54,51,156,83,100,99,89,105,60,94,46,66,420,90,17,35,4113,1791,1104,1515,643,317,61,33,1127,51,50,29,35,22,270,237,144,3,41,28,24,53,1001,0,231,37,149,80,131,20,109,170,139,229,27,34,2,110,41,27,62,34,21,5,94,56,15,58,20,56,57,20,20,6,20,20,11,20,20,8,12,14,7,9,3,4,58,21,20,77,39,20,45,20,45,31,384,104,323,172,293,350,45,63,33,10,117,51,156,581,447,292,242,32,243,19,218,127,67,156,10,20,88,69,78,36,4,157,61,22,30,129,95,8,6,56,316,120,22,363,183,143,17,97,52,16,118,63,32,35,105,32,22,269,12,6,120,60,109,121,107,347,135,165,78,48,54,51,156,83,100,99,89,105,60,94,46,66,420,90,17,35,4113,1791,1104,1515,643,317,61,33,1127,51,50,29,35,22,270,237,144,3,41,28,24,53,1001,0,231,37,149,80,131,20,109,170,139,229,27,34,2,110,41,27,62,34,21,5,94,56,15,58,20,56,57,20,20,6,20,20,11,20,20,8,12,14,7,9,3,4,58,21,20,77,39,20,45,20,45,31
SRR24907938,controle,219,90,168,77,140,153,13,63,20,11,131,87,78,361,265,172,131,12,122,13,74,47,20,73,12,24,33,34,37,11,3,80,28,23,13,39,43,9,9,26,162,48,5,207,92,72,7,56,8,11,55,36,20,57,43,21,5,265,15,11,96,52,72,36,93,202,156,154,39,27,31,41,62,23,69,36,33,52,28,38,18,24,303,16,29,35,2285,996,672,895,493,130,62,15,574,62,16,23,55,6,165,232,168,11,41,23,53,25,701,4,180,22,79,44,105,12,41,93,88,112,7,24,3,56,28,8,15,26,5,7,46,30,13,55,5,63,59,5,5,11,22,22,18,5,5,13,24,34,11,12,5,6,22,16,35,90,33,5,11,5,14,12,219,90,168,77,140,153,13,63,20,11,131,87,78,361,265,172,131,12,122,13,74,47,20,73,12,24,33,34,37,11,3,80,28,23,13,39,43,9,9,26,162,48,5,207,92,72,7,56,8,11,55,36,20,57,43,21,5,265,15,11,96,52,72,36,93,202,156,154,39,27,31,41,62,23,69,36,33,52,28,38,18,24,303,16,29,35,2285,996,672,895,493,130,62,15,574,62,16,23,55,6,165,232,168,11,41,23,53,25,701,4,180,22,79,44,105,12,41,93,88,112,7,24,3,56,28,8,15,26,5,7,46,30,13,55,5,63,59,5,5,11,22,22,18,5,5,13,24,34,11,12,5,6,22,16,35,90,33,5,11,5,14,12
SRR24907942,controle,497,169,322,103,337,331,19,67,60,14,215,96,169,776,545,380,231,53,272,34,171,147,56,105,9,11,82,41,60,25,3,140,40,25,87,114,83,23,23,56,419,75,3,380,203,127,25,96,20,12,156,62,66,126,79,22,3,452,15,3,166,154,162,63,125,381,228,311,94,45,75,120,208,36,77,128,100,126,77,66,25,38,534,104,52,21,4753,2189,1493,1803,930,264,62,17,1308,91,65,26,46,34,411,306,395,5,84,34,21,52,1249,6,390,49,195,138,285,41,101,152,191,250,36,84,14,152,31,29,25,33,19,32,119,64,25,102,17,51,50,17,17,19,50,53,26,17,17,21,41,39,72,24,5,33,36,47,11,115,104,19,58,17,62,46,497,169,322,103,337,331,19,67,60,14,215,96,169,776,545,380,231,53,272,34,171,147,56,105,9,11,82,41,60,25,3,140,40,25,87,114,83,23,23,56,419,75,3,380,203,127,25,96,20,12,156,62,66,126,79,22,3,452,15,3,166,154,162,63,125,381,228,311,94,45,75,120,208,36,77,128,100,126,77,66,25,38,534,104,52,21,4753,2189,1493,1803,930,264,62,17,1308,91,65,26,46,34,411,306,395,5,84,34,21,52,1249,6,390,49,195,138,285,41,101,152,191,250,36,84,14,152,31,29,25,33,19,32,119,64,25,102,17,51,50,17,17,19,50,53,26,17,17,21,41,39,72,24,5,33,36,47,11,115,104,19,58,17,62,46
SRR24907950,controle,712,96,927,381,850,896,125,73,30,24,269,117,176,706,738,477,596,20,170,32,601,293,122,200,6,15,360,80,92,90,11,315,184,45,322,62,49,7,13,60,318,321,3,544,848,788,20,370,4,55,68,98,50,228,316,41,3,369,7,4,152,308,99,137,74,787,139,378,62,17,91,92,221,59,288,75,71,155,60,49,52,71,264,146,34,40,6681,3031,1831,3164,1304,289,76,60,2083,279,27,269,28,82,316,272,333,0,27,3,0,42,1761,15,539,31,98,205,201,34,77,164,153,147,92,74,10,162,36,10,5,34,8,30,90,32,23,63,7,12,20,7,7,18,51,52,10,7,7,18,10,29,7,6,135,6,57,11,1,25,57,6,0,7,32,15,712,96,927,381,850,896,125,73,30,24,269,117,176,706,738,477,596,20,170,32,601,293,122,200,6,15,360,80,92,90,11,315,184,45,322,62,49,7,13,60,318,321,3,544,848,788,20,370,4,55,68,98,50,228,316,41,3,369,7,4,152,308,99,137,74,787,139,378,62,17,91,92,221,59,288,75,71,155,60,49,52,71,264,146,34,40,6681,3031,1831,3164,1304,289,76,60,2083,279,27,269,28,82,316,272,333,0,27,3,0,42,1761,15,539,31,98,205,201,34,77,164,153,147,92,74,10,162,36,10,5,34,8,30,90,32,23,63,7,12,20,7,7,18,51,52,10,7,7,18,10,29,7,6,135,6,57,11,1,25,57,6,0,7,32,15
SRR24907956,controle,219,94,142,85,158,199,20,61,14,8,119,34,96,419,320,234,201,46,170,7,143,88,28,92,9,23,67,46,52,29,3,139,39,55,33,77,73,4,12,29,195,58,0,224,123,85,26,57,5,10,102,45,30,26,45,16,0,166,12,5,116,58,71,82,69,221,80,146,43,32,43,63,147,62,51,95,49,83,66,67,30,39,228,37,11,26,2877,1283,845,1074,478,223,59,36,827,60,40,30,31,23,183,145,163,9,19,27,10,37,644,18,182,28,93,56,126,15,67,138,101,144,30,26,8,99,26,8,5,26,6,8,60,46,7,32,5,20,20,5,5,6,23,25,9,5,5,9,7,10,6,8,3,6,24,5,10,42,31,4,16,5,6,15,219,94,142,85,158,199,20,61,14,8,119,34,96,419,320,234,201,46,170,7,143,88,28,92,9,23,67,46,52,29,3,139,39,55,33,77,73,4,12,29,195,58,0,224,123,85,26,57,5,10,102,45,30,26,45,16,0,166,12,5,116,58,71,82,69,221,80,146,43,32,43,63,147,62,51,95,49,83,66,67,30,39,228,37,11,26,2877,1283,845,1074,478,223,59,36,827,60,40,30,31,23,183,145,163,9,19,27,10,37,644,18,182,28,93,56,126,15,67,138,101,144,30,26,8,99,26,8,5,26,6,8,60,46,7,32,5,20,20,5,5,6,23,25,9,5,5,9,7,10,6,8,3,6,24,5,10,42,31,4,16,5,6,15
SRR24907957,controle,190,64,175,75,152,164,13,46,21,4,104,61,81,420,330,202,187,28,112,23,103,69,29,89,16,12,46,29,35,19,2,121,28,34,22,60,47,7,3,21,133,57,2,173,102,64,13,36,11,8,68,51,42,28,74,27,2,104,3,0,91,56,56,50,68,204,97,93,44,11,38,61,106,52,59,68,70,40,45,31,19,27,247,63,25,22,2495,1062,620,917,401,153,46,15,682,36,32,19,19,7,134,110,161,0,26,18,14,23,507,8,150,35,101,35,58,21,55,138,126,132,8,18,16,73,21,8,3,32,6,0,72,39,29,35,6,30,21,6,6,18,16,23,11,6,6,19,15,16,33,13,6,7,26,11,9,58,33,6,17,6,18,16,190,64,175,75,152,164,13,46,21,4,104,61,81,420,330,202,187,28,112,23,103,69,29,89,16,12,46,29,35,19,2,121,28,34,22,60,47,7,3,21,133,57,2,173,102,64,13,36,11,8,68,51,42,28,74,27,2,104,3,0,91,56,56,50,68,204,97,93,44,11,38,61,106,52,59,68,70,40,45,31,19,27,247,63,25,22,2495,1062,620,917,401,153,46,15,682,36,32,19,19,7,134,110,161,0,26,18,14,23,507,8,150,35,101,35,58,21,55,138,126,132,8,18,16,73,21,8,3,32,6,0,72,39,29,35,6,30,21,6,6,18,16,23,11,6,6,19,15,16,33,13,6,7,26,11,9,58,33,6,17,6,18,16
SRR24907983,controle,1075,284,1220,592,1198,1181,129,177,88,24,514,271,427,1786,1645,878,972,112,607,52,874,565,204,314,22,42,455,143,142,45,13,438,216,46,298,271,343,52,36,129,925,358,51,1074,1257,1101,26,656,69,29,287,235,166,337,359,105,51,810,59,21,358,382,279,358,284,1109,460,708,213,144,295,265,396,136,455,240,196,284,195,322,93,124,994,306,63,137,13211,6034,3430,5565,2347,858,162,81,3883,306,122,198,83,60,952,694,630,15,121,109,187,70,3061,35,1009,89,408,227,515,90,204,397,410,518,71,101,26,420,132,84,89,122,45,0,255,145,52,143,45,289,269,44,44,41,31,33,27,44,44,41,44,42,62,38,49,0,103,106,121,382,136,42,69,44,64,101,1075,284,1220,592,1198,1181,129,177,88,24,514,271,427,1786,1645,878,972,112,607,52,874,565,204,314,22,42,455,143,142,45,13,438,216,46,298,271,343,52,36,129,925,358,51,1074,1257,1101,26,656,69,29,287,235,166,337,359,105,51,810,59,21,358,382,279,358,284,1109,460,708,213,144,295,265,396,136,455,240,196,284,195,322,93,124,994,306,63,137,13211,6034,3430,5565,2347,858,162,81,3883,306,122,198,83,60,952,694,630,15,121,109,187,70,3061,35,1009,89,408,227,515,90,204,397,410,518,71,101,26,420,132,84,89,122,45,0,255,145,52,143,45,289,269,44,44,41,31,33,27,44,44,41,44,42,62,38,49,0,103,106,121,382,136,42,69,44,64,101
SRR24907984,controle,1432,532,1178,458,1022,1066,86,285,321,21,851,404,586,2645,2143,1284,969,143,875,122,736,488,167,389,35,42,306,166,135,40,25,559,175,98,264,396,288,101,80,124,1213,262,32,1270,793,574,66,421,80,44,399,193,190,278,252,74,30,1363,145,86,647,539,457,325,440,1291,736,1020,333,143,374,420,557,126,446,455,305,463,233,227,76,119,1830,292,123,156,16423,7201,4836,6242,3099,1022,277,106,4560,297,178,145,227,108,1265,987,1366,31,277,228,125,115,4207,62,1167,217,635,378,949,149,302,625,745,778,126,160,21,445,200,84,84,164,67,59,341,198,120,322,57,241,200,59,59,109,148,166,78,59,63,109,92,148,187,97,14,45,158,136,67,391,289,60,197,59,64,140,1432,532,1178,458,1022,1066,86,285,321,21,851,404,586,2645,2143,1284,969,143,875,122,736,488,167,389,35,42,306,166,135,40,25,559,175,98,264,396,288,101,80,124,1213,262,32,1270,793,574,66,421,80,44,399,193,190,278,252,74,30,1363,145,86,647,539,457,325,440,1291,736,1020,333,143,374,420,557,126,446,455,305,463,233,227,76,119,1830,292,123,156,16423,7201,4836,6242,3099,1022,277,106,4560,297,178,145,227,108,1265,987,1366,31,277,228,125,115,4207,62,1167,217,635,378,949,149,302,625,745,778,126,160,21,445,200,84,84,164,67,59,341,198,120,322,57,241,200,59,59,109,148,166,78,59,63,109,92,148,187,97,14,45,158,136,67,391,289,60,197,59,64,140
SRR24908007,controle,255,105,221,134,242,252,34,51,25,13,99,40,120,475,383,230,182,16,169,11,167,75,40,137,15,11,86,63,68,13,0,140,57,23,13,82,61,9,0,49,211,67,0,256,126,81,35,49,7,12,77,48,28,26,74,8,0,172,3,3,114,40,68,86,73,221,123,143,38,34,29,73,119,50,85,71,85,52,78,60,43,57,283,41,17,20,3044,1383,831,1143,517,238,50,14,794,57,40,28,23,3,177,151,147,9,22,12,7,48,623,9,184,33,103,71,101,24,80,164,114,144,3,11,5,71,37,23,3,43,16,0,71,45,26,41,16,25,29,16,16,18,8,9,6,16,16,19,6,15,22,13,0,0,30,10,5,34,28,15,8,16,36,18,255,105,221,134,242,252,34,51,25,13,99,40,120,475,383,230,182,16,169,11,167,75,40,137,15,11,86,63,68,13,0,140,57,23,13,82,61,9,0,49,211,67,0,256,126,81,35,49,7,12,77,48,28,26,74,8,0,172,3,3,114,40,68,86,73,221,123,143,38,34,29,73,119,50,85,71,85,52,78,60,43,57,283,41,17,20,3044,1383,831,1143,517,238,50,14,794,57,40,28,23,3,177,151,147,9,22,12,7,48,623,9,184,33,103,71,101,24,80,164,114,144,3,11,5,71,37,23,3,43,16,0,71,45,26,41,16,25,29,16,16,18,8,9,6,16,16,19,6,15,22,13,0,0,30,10,5,34,28,15,8,16,36,18
SRR24908040,controle,281,76,231,129,233,246,28,52,41,5,115,51,80,421,323,205,183,23,129,26,146,89,48,105,12,16,66,43,35,35,14,117,40,31,40,55,57,13,11,51,159,62,2,210,113,77,17,57,3,19,39,46,39,51,64,13,2,190,21,25,95,74,71,67,61,230,123,147,45,33,31,41,142,39,89,64,77,67,56,50,19,27,241,58,39,11,2787,1282,812,1084,499,180,59,46,764,45,19,35,25,21,248,172,193,5,34,19,9,40,653,4,199,25,95,66,130,23,36,117,88,111,21,16,7,67,25,3,7,26,3,5,34,30,33,31,3,15,16,3,3,14,16,15,7,3,3,16,10,13,13,15,3,3,32,14,6,30,22,8,25,3,19,12,281,76,231,129,233,246,28,52,41,5,115,51,80,421,323,205,183,23,129,26,146,89,48,105,12,16,66,43,35,35,14,117,40,31,40,55,57,13,11,51,159,62,2,210,113,77,17,57,3,19,39,46,39,51,64,13,2,190,21,25,95,74,71,67,61,230,123,147,45,33,31,41,142,39,89,64,77,67,56,50,19,27,241,58,39,11,2787,1282,812,1084,499,180,59,46,764,45,19,35,25,21,248,172,193,5,34,19,9,40,653,4,199,25,95,66,130,23,36,117,88,111,21,16,7,67,25,3,7,26,3,5,34,30,33,31,3,15,16,3,3,14,16,15,7,3,3,16,10,13,13,15,3,3,32,14,6,30,22,8,25,3,19,12
SRR24908049,controle,200,82,151,58,142,188,11,44,18,11,97,48,86,344,226,166,159,33,114,9,104,60,18,75,8,11,59,43,38,10,0,107,35,24,14,58,41,15,7,25,180,37,2,185,89,53,18,38,3,7,72,32,15,43,35,13,2,227,10,11,68,52,79,42,49,192,94,131,43,25,31,65,83,25,48,59,55,34,30,29,25,34,230,31,7,8,2263,1011,652,887,445,172,43,16,654,68,24,16,26,6,214,167,166,5,22,34,25,15,499,0,159,29,77,55,106,15,27,71,86,114,8,18,1,56,23,23,4,21,10,0,56,27,8,32,9,33,35,9,9,7,9,10,6,9,9,7,10,14,24,14,10,2,18,20,12,51,44,9,12,9,12,16,200,82,151,58,142,188,11,44,18,11,97,48,86,344,226,166,159,33,114,9,104,60,18,75,8,11,59,43,38,10,0,107,35,24,14,58,41,15,7,25,180,37,2,185,89,53,18,38,3,7,72,32,15,43,35,13,2,227,10,11,68,52,79,42,49,192,94,131,43,25,31,65,83,25,48,59,55,34,30,29,25,34,230,31,7,8,2263,1011,652,887,445,172,43,16,654,68,24,16,26,6,214,167,166,5,22,34,25,15,499,0,159,29,77,55,106,15,27,71,86,114,8,18,1,56,23,23,4,21,10,0,56,27,8,32,9,33,35,9,9,7,9,10,6,9,9,7,10,14,24,14,10,2,18,20,12,51,44,9,12,9,12,16
SRR6784403,controle,390,105,257,129,195,249,62,124,68,13,187,122,211,678,584,437,204,80,261,50,141,147,18,95,44,48,65,70,50,10,9,202,61,27,18,104,101,49,25,18,343,98,17,461,75,42,20,50,24,58,190,90,26,106,66,33,17,448,25,29,195,108,153,56,92,263,293,291,114,22,20,70,128,71,60,150,76,146,108,58,22,40,476,112,33,28,4664,1744,1275,1496,811,241,130,48,1173,121,57,57,41,10,405,253,282,31,90,67,69,31,878,33,323,131,185,137,270,29,116,179,207,274,10,75,9,68,54,27,31,31,27,7,122,26,21,97,15,41,35,15,15,17,45,47,30,15,15,19,55,66,50,16,17,7,60,22,0,77,117,19,23,15,17,76,390,105,257,129,195,249,62,124,68,13,187,122,211,678,584,437,204,80,261,50,141,147,18,95,44,48,65,70,50,10,9,202,61,27,18,104,101,49,25,18,343,98,17,461,75,42,20,50,24,58,190,90,26,106,66,33,17,448,25,29,195,108,153,56,92,263,293,291,114,22,20,70,128,71,60,150,76,146,108,58,22,40,476,112,33,28,4664,1744,1275,1496,811,241,130,48,1173,121,57,57,41,10,405,253,282,31,90,67,69,31,878,33,323,131,185,137,270,29,116,179,207,274,10,75,9,68,54,27,31,31,27,7,122,26,21,97,15,41,35,15,15,17,45,47,30,15,15,19,55,66,50,16,17,7,60,22,0,77,117,19,23,15,17,76
SRR6784406,controle,1974,488,1072,727,804,967,429,675,326,69,1062,488,1133,3121,2360,2310,1330,495,1172,225,722,632,159,330,107,205,218,314,296,31,58,1094,331,185,153,541,374,201,70,199,1551,348,92,1849,484,315,144,146,102,186,826,196,103,616,197,118,92,2293,47,46,960,758,440,342,343,1491,1116,1442,438,255,110,369,614,385,328,351,267,856,541,222,144,212,1809,406,139,59,21716,8329,6335,7633,4264,1113,688,178,5557,421,220,251,249,114,1162,1044,1265,40,356,255,137,153,3772,158,1265,598,846,552,743,231,309,833,904,1232,131,229,54,376,179,208,88,256,141,36,459,102,181,433,102,309,186,102,102,150,232,235,111,102,101,162,347,267,98,40,75,16,226,111,40,153,402,111,74,102,158,683,1974,488,1072,727,804,967,429,675,326,69,1062,488,1133,3121,2360,2310,1330,495,1172,225,722,632,159,330,107,205,218,314,296,31,58,1094,331,185,153,541,374,201,70,199,1551,348,92,1849,484,315,144,146,102,186,826,196,103,616,197,118,92,2293,47,46,960,758,440,342,343,1491,1116,1442,438,255,110,369,614,385,328,351,267,856,541,222,144,212,1809,406,139,59,21716,8329,6335,7633,4264,1113,688,178,5557,421,220,251,249,114,1162,1044,1265,40,356,255,137,153,3772,158,1265,598,846,552,743,231,309,833,904,1232,131,229,54,376,179,208,88,256,141,36,459,102,181,433,102,309,186,102,102,150,232,235,111,102,101,162,347,267,98,40,75,16,226,111,40,153,402,111,74,102,158,683
SRR6784524,controle,1454,378,1794,1243,687,1077,105,838,452,46,1004,957,1294,4011,3023,1765,799,242,1646,77,972,895,136,706,292,129,106,218,138,75,57,848,462,57,41,264,709,201,166,136,2964,293,39,2227,558,203,148,141,191,229,936,252,103,714,265,59,39,2138,119,98,938,313,433,159,388,816,1571,1230,543,97,64,468,477,542,320,758,524,572,761,452,69,182,2578,660,450,63,24813,10262,6457,7975,4300,1864,856,139,6784,627,360,29,249,13,3006,1905,1617,38,348,48,31,677,5211,205,2100,660,521,524,2397,293,289,918,623,859,11,229,303,549,314,49,179,263,11,5,992,27,208,551,9,79,138,9,9,175,333,337,48,9,9,188,100,154,329,31,76,35,204,124,4,545,999,10,6,9,51,192,1454,378,1794,1243,687,1077,105,838,452,46,1004,957,1294,4011,3023,1765,799,242,1646,77,972,895,136,706,292,129,106,218,138,75,57,848,462,57,41,264,709,201,166,136,2964,293,39,2227,558,203,148,141,191,229,936,252,103,714,265,59,39,2138,119,98,938,313,433,159,388,816,1571,1230,543,97,64,468,477,542,320,758,524,572,761,452,69,182,2578,660,450,63,24813,10262,6457,7975,4300,1864,856,139,6784,627,360,29,249,13,3006,1905,1617,38,348,48,31,677,5211,205,2100,660,521,524,2397,293,289,918,623,859,11,229,303,549,314,49,179,263,11,5,992,27,208,551,9,79,138,9,9,175,333,337,48,9,9,188,100,154,329,31,76,35,204,124,4,545,999,10,6,9,51,192
SRR6784528,controle,525,165,310,187,187,303,88,240,81,7,278,55,326,898,624,695,419,214,415,56,206,241,43,89,12,77,38,51,43,28,36,284,57,89,45,202,120,51,16,38,389,183,29,329,142,149,15,20,28,96,197,150,5,98,145,66,29,546,23,14,250,151,155,116,93,398,289,400,112,28,30,146,191,120,97,80,53,243,175,77,35,30,351,86,39,12,6007,2257,1793,2186,1078,357,240,35,1679,114,44,73,27,9,395,229,467,5,161,94,10,22,1013,44,363,117,220,197,185,54,81,178,271,338,20,57,6,88,21,31,35,71,55,22,124,72,43,113,17,45,37,17,17,35,62,65,60,17,17,37,101,85,25,5,0,15,105,24,32,38,94,18,9,17,34,204,525,165,310,187,187,303,88,240,81,7,278,55,326,898,624,695,419,214,415,56,206,241,43,89,12,77,38,51,43,28,36,284,57,89,45,202,120,51,16,38,389,183,29,329,142,149,15,20,28,96,197,150,5,98,145,66,29,546,23,14,250,151,155,116,93,398,289,400,112,28,30,146,191,120,97,80,53,243,175,77,35,30,351,86,39,12,6007,2257,1793,2186,1078,357,240,35,1679,114,44,73,27,9,395,229,467,5,161,94,10,22,1013,44,363,117,220,197,185,54,81,178,271,338,20,57,6,88,21,31,35,71,55,22,124,72,43,113,17,45,37,17,17,35,62,65,60,17,17,37,101,85,25,5,0,15,105,24,32,38,94,18,9,17,34,204
SRR6784540,controle,891,245,765,504,509,735,161,406,102,42,388,303,511,1848,1289,932,529,153,694,118,385,373,69,307,151,124,107,104,119,20,25,428,149,59,42,217,313,86,66,17,1119,236,29,1192,255,63,62,45,58,73,547,251,66,355,260,126,29,1103,36,25,506,336,279,108,240,645,636,748,242,63,41,223,278,291,221,247,184,333,207,141,59,90,1114,197,127,26,11589,4755,3283,3891,2062,723,413,50,3037,286,203,77,150,18,1270,906,870,28,161,84,62,203,1937,57,1031,234,312,362,754,74,167,496,384,494,30,186,82,299,147,33,38,79,31,11,411,44,43,213,19,107,87,19,19,37,111,114,54,19,19,39,100,134,142,17,10,7,104,127,33,218,426,20,45,19,31,187,891,245,765,504,509,735,161,406,102,42,388,303,511,1848,1289,932,529,153,694,118,385,373,69,307,151,124,107,104,119,20,25,428,149,59,42,217,313,86,66,17,1119,236,29,1192,255,63,62,45,58,73,547,251,66,355,260,126,29,1103,36,25,506,336,279,108,240,645,636,748,242,63,41,223,278,291,221,247,184,333,207,141,59,90,1114,197,127,26,11589,4755,3283,3891,2062,723,413,50,3037,286,203,77,150,18,1270,906,870,28,161,84,62,203,1937,57,1031,234,312,362,754,74,167,496,384,494,30,186,82,299,147,33,38,79,31,11,411,44,43,213,19,107,87,19,19,37,111,114,54,19,19,39,100,134,142,17,10,7,104,127,33,218,426,20,45,19,31,187
SRR6784551,controle,595,207,385,310,295,367,132,178,81,7,322,153,430,1006,892,767,358,125,437,50,212,223,50,124,47,61,109,76,68,34,20,275,72,60,48,168,113,64,43,36,532,108,20,636,112,53,32,48,28,54,304,105,45,172,108,54,19,719,28,32,364,153,146,74,196,430,466,531,153,26,54,115,206,129,126,207,116,300,216,53,25,38,704,116,66,29,7319,2618,2196,2301,1344,376,178,56,1908,185,94,110,41,8,628,518,392,20,147,61,37,74,1445,59,528,179,260,144,268,54,174,280,280,349,11,94,41,146,50,137,36,50,63,16,229,44,36,229,44,96,84,44,44,29,118,120,48,44,44,35,79,93,85,28,14,15,91,30,8,135,216,47,22,44,27,192,595,207,385,310,295,367,132,178,81,7,322,153,430,1006,892,767,358,125,437,50,212,223,50,124,47,61,109,76,68,34,20,275,72,60,48,168,113,64,43,36,532,108,20,636,112,53,32,48,28,54,304,105,45,172,108,54,19,719,28,32,364,153,146,74,196,430,466,531,153,26,54,115,206,129,126,207,116,300,216,53,25,38,704,116,66,29,7319,2618,2196,2301,1344,376,178,56,1908,185,94,110,41,8,628,518,392,20,147,61,37,74,1445,59,528,179,260,144,268,54,174,280,280,349,11,94,41,146,50,137,36,50,63,16,229,44,36,229,44,96,84,44,44,29,118,120,48,44,44,35,79,93,85,28,14,15,91,30,8,135,216,47,22,44,27,192
SRR6784554,controle,265,86,208,160,104,166,60,92,44,11,168,98,195,475,360,313,178,66,253,36,125,114,27,72,33,22,39,30,29,8,11,135,34,36,23,80,77,32,18,20,276,73,8,210,48,26,12,28,15,33,173,52,16,85,70,27,8,319,13,6,142,89,70,49,55,198,216,235,54,14,13,60,105,65,63,123,52,125,95,45,13,20,306,52,43,17,3441,1347,990,1116,627,206,92,10,1015,96,59,54,17,7,313,221,239,10,92,22,13,40,603,19,214,82,86,76,149,23,54,124,91,133,7,36,21,81,32,38,15,23,26,6,78,20,19,77,20,73,39,20,20,16,39,39,21,20,20,17,33,30,19,3,10,8,49,15,16,35,83,21,12,20,11,108,265,86,208,160,104,166,60,92,44,11,168,98,195,475,360,313,178,66,253,36,125,114,27,72,33,22,39,30,29,8,11,135,34,36,23,80,77,32,18,20,276,73,8,210,48,26,12,28,15,33,173,52,16,85,70,27,8,319,13,6,142,89,70,49,55,198,216,235,54,14,13,60,105,65,63,123,52,125,95,45,13,20,306,52,43,17,3441,1347,990,1116,627,206,92,10,1015,96,59,54,17,7,313,221,239,10,92,22,13,40,603,19,214,82,86,76,149,23,54,124,91,133,7,36,21,81,32,38,15,23,26,6,78,20,19,77,20,73,39,20,20,16,39,39,21,20,20,17,33,30,19,3,10,8,49,15,16,35,83,21,12,20,11,108
SRR6784564,controle,527,210,366,189,200,226,95,194,53,67,360,109,304,929,779,585,330,114,297,48,148,164,19,60,17,71,51,41,38,7,11,219,65,47,39,116,100,72,34,22,414,93,21,392,168,118,39,41,33,148,182,73,11,100,80,39,21,538,7,4,210,119,208,62,118,378,363,395,87,59,22,170,123,84,76,88,77,204,151,57,24,28,514,71,67,16,5825,2171,1759,2046,1245,263,199,34,1395,86,71,57,40,12,457,351,328,31,94,51,32,42,993,36,361,170,278,132,178,36,155,175,401,437,14,142,22,52,25,54,27,53,41,13,153,44,33,106,16,55,24,16,16,25,72,78,41,16,16,27,66,65,33,31,3,48,57,30,3,96,138,17,39,16,30,133,527,210,366,189,200,226,95,194,53,67,360,109,304,929,779,585,330,114,297,48,148,164,19,60,17,71,51,41,38,7,11,219,65,47,39,116,100,72,34,22,414,93,21,392,168,118,39,41,33,148,182,73,11,100,80,39,21,538,7,4,210,119,208,62,118,378,363,395,87,59,22,170,123,84,76,88,77,204,151,57,24,28,514,71,67,16,5825,2171,1759,2046,1245,263,199,34,1395,86,71,57,40,12,457,351,328,31,94,51,32,42,993,36,361,170,278,132,178,36,155,175,401,437,14,142,22,52,25,54,27,53,41,13,153,44,33,106,16,55,24,16,16,25,72,78,41,16,16,27,66,65,33,31,3,48,57,30,3,96,138,17,39,16,30,133
SRR6784567,controle,899,227,613,204,541,283,77,150,70,36,293,154,369,850,822,834,260,112,402,44,329,179,22,203,30,28,132,187,183,41,21,306,165,20,18,159,249,54,19,14,517,144,24,666,79,64,17,82,37,204,231,80,46,198,115,37,24,590,36,30,211,117,186,89,168,691,690,492,118,49,97,97,159,62,134,156,105,153,115,145,136,124,540,125,49,48,7141,3040,2307,2479,1682,434,138,56,2032,92,74,135,67,13,571,458,524,12,62,75,61,42,1606,38,676,138,218,401,518,34,111,175,253,269,14,297,21,126,62,33,33,31,30,7,317,31,38,89,19,98,52,16,16,16,34,36,39,16,19,18,59,94,41,18,23,12,38,26,0,63,305,20,11,16,13,169,899,227,613,204,541,283,77,150,70,36,293,154,369,850,822,834,260,112,402,44,329,179,22,203,30,28,132,187,183,41,21,306,165,20,18,159,249,54,19,14,517,144,24,666,79,64,17,82,37,204,231,80,46,198,115,37,24,590,36,30,211,117,186,89,168,691,690,492,118,49,97,97,159,62,134,156,105,153,115,145,136,124,540,125,49,48,7141,3040,2307,2479,1682,434,138,56,2032,92,74,135,67,13,571,458,524,12,62,75,61,42,1606,38,676,138,218,401,518,34,111,175,253,269,14,297,21,126,62,33,33,31,30,7,317,31,38,89,19,98,52,16,16,16,34,36,39,16,19,18,59,94,41,18,23,12,38,26,0,63,305,20,11,16,13,169
SRR6784574,controle,1733,650,1248,762,823,1020,453,679,224,49,1133,232,1183,3197,2629,2446,1301,572,1687,226,829,767,188,364,98,267,175,291,285,17,90,1179,310,336,206,544,379,150,143,127,1322,474,94,1548,348,169,109,71,100,256,809,207,44,282,328,172,94,2009,22,12,808,643,482,403,312,1393,1094,1466,436,174,71,453,737,507,286,388,196,887,557,259,169,212,1626,352,194,23,22079,7944,6422,7194,4121,1263,686,100,6323,623,303,439,122,49,1101,1324,1414,25,662,102,77,75,3576,209,1326,470,915,451,581,162,402,769,828,1361,48,240,38,283,94,218,89,203,217,73,344,195,132,454,118,313,205,118,118,107,227,236,183,118,118,115,325,256,63,17,8,52,416,73,18,111,292,124,38,118,123,668,1733,650,1248,762,823,1020,453,679,224,49,1133,232,1183,3197,2629,2446,1301,572,1687,226,829,767,188,364,98,267,175,291,285,17,90,1179,310,336,206,544,379,150,143,127,1322,474,94,1548,348,169,109,71,100,256,809,207,44,282,328,172,94,2009,22,12,808,643,482,403,312,1393,1094,1466,436,174,71,453,737,507,286,388,196,887,557,259,169,212,1626,352,194,23,22079,7944,6422,7194,4121,1263,686,100,6323,623,303,439,122,49,1101,1324,1414,25,662,102,77,75,3576,209,1326,470,915,451,581,162,402,769,828,1361,48,240,38,283,94,218,89,203,217,73,344,195,132,454,118,313,205,118,118,107,227,236,183,118,118,115,325,256,63,17,8,52,416,73,18,111,292,124,38,118,123,668
SRR6784579,controle,1331,506,964,476,789,686,216,328,114,66,820,254,646,1760,1567,1362,616,208,926,74,468,408,99,309,80,106,236,260,259,27,18,626,276,98,61,305,442,109,63,64,1024,436,31,1060,186,79,57,79,48,354,531,108,51,251,382,51,31,1006,30,24,444,250,316,133,323,1137,872,958,231,87,117,260,316,209,322,255,140,372,305,287,166,195,1031,158,127,49,14090,5192,4077,4304,2956,704,337,54,3728,295,153,286,86,33,1023,958,1023,47,280,89,158,166,2558,74,1252,269,449,517,809,74,211,352,452,575,33,442,64,242,63,108,42,77,80,21,544,56,64,250,60,222,129,60,60,43,122,124,75,60,60,47,127,158,100,29,17,34,156,68,10,187,543,65,56,60,46,377,1331,506,964,476,789,686,216,328,114,66,820,254,646,1760,1567,1362,616,208,926,74,468,408,99,309,80,106,236,260,259,27,18,626,276,98,61,305,442,109,63,64,1024,436,31,1060,186,79,57,79,48,354,531,108,51,251,382,51,31,1006,30,24,444,250,316,133,323,1137,872,958,231,87,117,260,316,209,322,255,140,372,305,287,166,195,1031,158,127,49,14090,5192,4077,4304,2956,704,337,54,3728,295,153,286,86,33,1023,958,1023,47,280,89,158,166,2558,74,1252,269,449,517,809,74,211,352,452,575,33,442,64,242,63,108,42,77,80,21,544,56,64,250,60,222,129,60,60,43,122,124,75,60,60,47,127,158,100,29,17,34,156,68,10,187,543,65,56,60,46,377
SRR6784585,controle,681,180,433,266,288,386,175,241,112,14,418,129,433,1138,978,805,487,190,543,55,265,265,57,124,29,79,94,129,132,25,14,432,138,65,65,188,188,80,27,72,587,115,18,581,156,60,53,37,27,71,235,74,26,135,85,38,18,760,20,18,325,192,172,119,144,523,397,470,150,97,37,185,202,175,105,81,100,308,208,111,52,87,577,115,54,10,7898,2977,2305,2645,1543,447,248,80,2119,155,82,87,83,36,472,443,507,24,166,52,36,48,1324,58,524,209,397,198,314,75,211,342,332,533,37,107,14,134,46,44,16,83,39,12,188,43,59,178,25,60,55,25,25,49,105,106,41,25,25,53,107,76,42,28,13,14,104,37,21,77,165,27,33,25,51,189,681,180,433,266,288,386,175,241,112,14,418,129,433,1138,978,805,487,190,543,55,265,265,57,124,29,79,94,129,132,25,14,432,138,65,65,188,188,80,27,72,587,115,18,581,156,60,53,37,27,71,235,74,26,135,85,38,18,760,20,18,325,192,172,119,144,523,397,470,150,97,37,185,202,175,105,81,100,308,208,111,52,87,577,115,54,10,7898,2977,2305,2645,1543,447,248,80,2119,155,82,87,83,36,472,443,507,24,166,52,36,48,1324,58,524,209,397,198,314,75,211,342,332,533,37,107,14,134,46,44,16,83,39,12,188,43,59,178,25,60,55,25,25,49,105,106,41,25,25,53,107,76,42,28,13,14,104,37,21,77,165,27,33,25,51,189
SRR6784590,controle,1548,418,936,496,886,967,294,530,201,55,944,248,892,2670,2345,1876,1116,422,1090,149,571,605,137,253,63,164,167,228,221,17,73,895,261,208,178,393,339,125,63,171,1263,323,27,1609,328,139,108,57,36,216,535,87,36,238,255,53,27,1685,15,10,663,510,354,260,312,1339,856,1147,301,186,77,348,507,384,190,264,136,677,370,203,134,164,1229,287,121,26,17752,6406,5042,5686,3387,901,544,107,4616,398,149,280,186,56,1010,921,1006,49,339,162,59,75,2905,127,1096,473,733,441,605,146,393,702,625,1107,51,209,31,217,63,164,28,177,132,41,318,172,119,363,86,186,121,86,86,100,198,207,109,86,86,108,255,155,66,40,6,31,252,72,0,109,271,93,55,86,117,451,1548,418,936,496,886,967,294,530,201,55,944,248,892,2670,2345,1876,1116,422,1090,149,571,605,137,253,63,164,167,228,221,17,73,895,261,208,178,393,339,125,63,171,1263,323,27,1609,328,139,108,57,36,216,535,87,36,238,255,53,27,1685,15,10,663,510,354,260,312,1339,856,1147,301,186,77,348,507,384,190,264,136,677,370,203,134,164,1229,287,121,26,17752,6406,5042,5686,3387,901,544,107,4616,398,149,280,186,56,1010,921,1006,49,339,162,59,75,2905,127,1096,473,733,441,605,146,393,702,625,1107,51,209,31,217,63,164,28,177,132,41,318,172,119,363,86,186,121,86,86,100,198,207,109,86,86,108,255,155,66,40,6,31,252,72,0,109,271,93,55,86,117,451
SRR6784591,controle,1229,259,916,621,590,728,163,467,228,51,952,482,802,2289,2080,1247,900,239,951,91,440,470,48,303,113,155,198,223,289,52,45,781,227,144,96,381,393,110,41,103,1277,194,30,1288,432,117,123,62,53,214,426,285,78,383,160,64,30,1665,60,52,699,359,371,128,375,852,1014,1005,305,157,76,280,392,394,158,392,198,549,310,189,86,141,1438,454,158,33,16078,5839,4641,4869,2935,803,499,130,3852,260,151,124,206,87,1566,1156,814,69,268,43,17,176,1906,163,1049,496,775,233,737,131,397,690,571,1085,63,160,27,211,111,96,56,153,45,8,523,98,99,410,29,98,62,30,30,81,227,231,107,30,29,93,199,165,219,45,47,23,159,78,23,362,492,84,78,30,60,196,1229,259,916,621,590,728,163,467,228,51,952,482,802,2289,2080,1247,900,239,951,91,440,470,48,303,113,155,198,223,289,52,45,781,227,144,96,381,393,110,41,103,1277,194,30,1288,432,117,123,62,53,214,426,285,78,383,160,64,30,1665,60,52,699,359,371,128,375,852,1014,1005,305,157,76,280,392,394,158,392,198,549,310,189,86,141,1438,454,158,33,16078,5839,4641,4869,2935,803,499,130,3852,260,151,124,206,87,1566,1156,814,69,268,43,17,176,1906,163,1049,496,775,233,737,131,397,690,571,1085,63,160,27,211,111,96,56,153,45,8,523,98,99,410,29,98,62,30,30,81,227,231,107,30,29,93,199,165,219,45,47,23,159,78,23,362,492,84,78,30,60,196
SRR8556880,controle,516,230,436,231,286,260,51,129,202,16,260,122,382,1220,880,768,394,106,492,41,212,211,49,160,30,31,92,93,85,29,12,256,54,77,85,217,95,41,38,95,513,104,14,497,140,79,40,58,49,21,304,86,20,120,73,24,14,708,44,39,397,168,200,85,175,435,373,412,207,64,67,147,237,115,141,166,121,312,182,56,36,56,885,109,55,26,7228,2878,2033,2468,1361,459,126,52,1932,89,139,104,58,13,604,631,637,18,134,162,108,46,1450,39,513,188,275,196,407,66,162,344,294,372,16,79,4,248,126,46,34,92,65,9,276,93,39,223,51,182,138,51,51,48,109,106,61,51,51,50,68,77,120,33,6,4,89,64,41,204,221,54,53,51,34,170,516,230,436,231,286,260,51,129,202,16,260,122,382,1220,880,768,394,106,492,41,212,211,49,160,30,31,92,93,85,29,12,256,54,77,85,217,95,41,38,95,513,104,14,497,140,79,40,58,49,21,304,86,20,120,73,24,14,708,44,39,397,168,200,85,175,435,373,412,207,64,67,147,237,115,141,166,121,312,182,56,36,56,885,109,55,26,7228,2878,2033,2468,1361,459,126,52,1932,89,139,104,58,13,604,631,637,18,134,162,108,46,1450,39,513,188,275,196,407,66,162,344,294,372,16,79,4,248,126,46,34,92,65,9,276,93,39,223,51,182,138,51,51,48,109,106,61,51,51,50,68,77,120,33,6,4,89,64,41,204,221,54,53,51,34,170
SRR8556900,controle,380,58,528,198,419,347,50,77,49,9,218,95,83,532,538,285,275,10,130,25,286,208,39,90,16,35,149,37,22,5,4,227,136,21,144,58,37,12,16,17,126,92,9,343,310,248,4,140,12,27,48,40,17,56,88,22,9,373,22,14,96,171,47,101,41,410,111,257,49,24,47,50,133,49,167,49,31,65,38,23,13,20,201,65,20,12,3849,1756,1048,1716,645,210,73,17,1214,164,26,174,13,44,292,171,154,10,50,23,17,20,983,13,277,38,82,60,88,14,38,80,90,99,53,10,0,73,29,8,14,21,9,2,58,12,47,43,9,41,25,9,9,14,19,20,12,9,9,12,16,14,16,4,0,3,20,24,7,40,45,9,12,9,11,43,380,58,528,198,419,347,50,77,49,9,218,95,83,532,538,285,275,10,130,25,286,208,39,90,16,35,149,37,22,5,4,227,136,21,144,58,37,12,16,17,126,92,9,343,310,248,4,140,12,27,48,40,17,56,88,22,9,373,22,14,96,171,47,101,41,410,111,257,49,24,47,50,133,49,167,49,31,65,38,23,13,20,201,65,20,12,3849,1756,1048,1716,645,210,73,17,1214,164,26,174,13,44,292,171,154,10,50,23,17,20,983,13,277,38,82,60,88,14,38,80,90,99,53,10,0,73,29,8,14,21,9,2,58,12,47,43,9,41,25,9,9,14,19,20,12,9,9,12,16,14,16,4,0,3,20,24,7,40,45,9,12,9,11,43
SRR8556918,controle,343,73,204,167,255,332,31,73,19,8,115,39,207,657,523,367,389,33,342,10,156,96,44,213,31,25,138,120,93,8,5,250,83,127,6,72,198,7,2,53,392,189,0,335,92,29,86,8,2,35,112,78,53,30,181,28,0,148,6,5,187,37,60,61,127,303,133,111,27,66,20,134,173,232,68,128,118,101,105,162,85,102,328,83,16,4,4265,1878,1016,1327,720,280,74,19,1182,74,45,38,65,3,151,179,130,3,32,12,14,60,870,1,257,70,133,89,137,14,138,215,148,257,4,36,47,101,25,9,3,45,11,2,132,68,49,51,11,22,17,11,11,14,15,21,17,11,11,11,15,26,19,6,3,2,81,9,6,21,46,12,27,11,37,32,343,73,204,167,255,332,31,73,19,8,115,39,207,657,523,367,389,33,342,10,156,96,44,213,31,25,138,120,93,8,5,250,83,127,6,72,198,7,2,53,392,189,0,335,92,29,86,8,2,35,112,78,53,30,181,28,0,148,6,5,187,37,60,61,127,303,133,111,27,66,20,134,173,232,68,128,118,101,105,162,85,102,328,83,16,4,4265,1878,1016,1327,720,280,74,19,1182,74,45,38,65,3,151,179,130,3,32,12,14,60,870,1,257,70,133,89,137,14,138,215,148,257,4,36,47,101,25,9,3,45,11,2,132,68,49,51,11,22,17,11,11,14,15,21,17,11,11,11,15,26,19,6,3,2,81,9,6,21,46,12,27,11,37,32
SRR8556942,controle,311,50,416,226,329,332,41,58,12,8,141,60,56,363,370,208,202,14,104,17,245,233,66,64,26,18,148,18,22,19,4,147,97,8,143,38,163,5,17,6,246,102,7,264,503,386,7,187,8,15,45,29,7,45,87,10,7,190,0,0,76,187,52,118,33,338,65,229,31,22,26,22,73,15,102,34,28,52,38,156,10,13,103,46,16,22,3113,1550,835,1623,536,150,59,4,1005,171,12,156,8,39,210,90,120,7,11,10,4,29,730,12,195,22,55,63,68,19,36,54,59,74,45,19,1,44,4,12,9,12,12,7,13,7,24,28,11,19,22,11,11,10,10,10,3,11,11,8,13,7,2,3,40,0,26,6,2,10,8,12,3,11,6,21,311,50,416,226,329,332,41,58,12,8,141,60,56,363,370,208,202,14,104,17,245,233,66,64,26,18,148,18,22,19,4,147,97,8,143,38,163,5,17,6,246,102,7,264,503,386,7,187,8,15,45,29,7,45,87,10,7,190,0,0,76,187,52,118,33,338,65,229,31,22,26,22,73,15,102,34,28,52,38,156,10,13,103,46,16,22,3113,1550,835,1623,536,150,59,4,1005,171,12,156,8,39,210,90,120,7,11,10,4,29,730,12,195,22,55,63,68,19,36,54,59,74,45,19,1,44,4,12,9,12,12,7,13,7,24,28,11,19,22,11,11,10,10,10,3,11,11,8,13,7,2,3,40,0,26,6,2,10,8,12,3,11,6,21
SRR8556969,controle,284,63,246,130,216,151,35,159,55,3,128,57,112,385,347,285,146,26,162,23,114,102,33,50,4,38,61,22,27,183,4,135,44,3,51,36,96,8,15,13,275,33,4,343,149,113,7,59,19,23,86,29,19,123,39,19,4,182,2,2,85,92,76,48,82,228,162,180,48,8,40,54,53,41,104,51,40,68,27,85,10,20,238,56,20,33,3014,1244,854,1137,522,120,162,146,807,78,30,50,55,28,216,187,180,6,41,33,31,8,735,24,261,34,104,85,114,44,45,106,116,156,31,60,5,56,16,22,15,29,3,5,50,31,45,38,1,48,33,1,1,42,27,26,10,1,1,38,19,47,13,7,46,8,22,25,13,58,63,2,33,1,7,43,284,63,246,130,216,151,35,159,55,3,128,57,112,385,347,285,146,26,162,23,114,102,33,50,4,38,61,22,27,183,4,135,44,3,51,36,96,8,15,13,275,33,4,343,149,113,7,59,19,23,86,29,19,123,39,19,4,182,2,2,85,92,76,48,82,228,162,180,48,8,40,54,53,41,104,51,40,68,27,85,10,20,238,56,20,33,3014,1244,854,1137,522,120,162,146,807,78,30,50,55,28,216,187,180,6,41,33,31,8,735,24,261,34,104,85,114,44,45,106,116,156,31,60,5,56,16,22,15,29,3,5,50,31,45,38,1,48,33,1,1,42,27,26,10,1,1,38,19,47,13,7,46,8,22,25,13,58,63,2,33,1,7,43
SRR8556973,controle,441,178,289,203,164,258,160,148,43,24,235,171,287,707,523,469,211,174,341,26,174,97,11,152,16,15,32,76,56,97,18,232,50,26,15,270,121,39,21,94,433,38,0,435,125,81,19,64,5,46,226,84,29,214,49,21,0,351,22,10,133,70,176,46,104,301,303,318,154,28,51,60,181,79,104,141,136,129,175,66,49,60,474,60,68,8,4901,1997,1447,1835,970,365,140,54,1403,69,63,17,27,11,509,519,468,23,73,92,181,59,1062,43,490,22,193,136,308,54,122,193,184,354,11,154,11,97,106,121,6,106,75,0,200,79,5,118,64,289,279,63,63,9,24,23,13,63,64,7,33,37,32,10,3,12,29,84,92,243,160,74,18,63,32,206,441,178,289,203,164,258,160,148,43,24,235,171,287,707,523,469,211,174,341,26,174,97,11,152,16,15,32,76,56,97,18,232,50,26,15,270,121,39,21,94,433,38,0,435,125,81,19,64,5,46,226,84,29,214,49,21,0,351,22,10,133,70,176,46,104,301,303,318,154,28,51,60,181,79,104,141,136,129,175,66,49,60,474,60,68,8,4901,1997,1447,1835,970,365,140,54,1403,69,63,17,27,11,509,519,468,23,73,92,181,59,1062,43,490,22,193,136,308,54,122,193,184,354,11,154,11,97,106,121,6,106,75,0,200,79,5,118,64,289,279,63,63,9,24,23,13,63,64,7,33,37,32,10,3,12,29,84,92,243,160,74,18,63,32,206
SRR8556986,controle,299,117,195,67,137,165,12,76,58,10,145,80,164,634,408,290,170,63,194,17,77,90,24,44,10,8,34,33,41,5,6,137,21,19,20,83,49,28,30,21,266,107,18,284,70,27,26,20,47,46,131,43,25,68,56,25,18,207,8,7,142,82,123,24,119,179,184,220,70,30,25,68,126,47,37,88,67,111,69,27,17,23,403,54,25,16,3121,1314,948,1107,625,175,79,22,782,85,80,14,54,14,324,210,302,0,85,15,10,27,630,13,205,124,161,81,207,23,114,158,190,212,15,34,20,75,29,22,50,22,17,18,92,37,6,84,10,27,22,10,10,8,45,50,26,10,10,17,32,47,25,25,6,10,44,45,5,41,80,12,11,10,21,34,299,117,195,67,137,165,12,76,58,10,145,80,164,634,408,290,170,63,194,17,77,90,24,44,10,8,34,33,41,5,6,137,21,19,20,83,49,28,30,21,266,107,18,284,70,27,26,20,47,46,131,43,25,68,56,25,18,207,8,7,142,82,123,24,119,179,184,220,70,30,25,68,126,47,37,88,67,111,69,27,17,23,403,54,25,16,3121,1314,948,1107,625,175,79,22,782,85,80,14,54,14,324,210,302,0,85,15,10,27,630,13,205,124,161,81,207,23,114,158,190,212,15,34,20,75,29,22,50,22,17,18,92,37,6,84,10,27,22,10,10,8,45,50,26,10,10,17,32,47,25,25,6,10,44,45,5,41,80,12,11,10,21,34
SRR8556990,controle,237,100,144,61,96,198,19,90,14,26,172,38,150,348,350,178,164,33,209,34,120,49,11,125,18,18,33,96,87,2,6,121,65,79,10,50,47,41,5,35,209,89,6,132,71,46,20,37,16,44,77,59,16,33,85,45,6,608,13,5,83,69,102,48,72,206,217,196,46,34,12,69,129,43,26,65,59,72,35,39,63,81,328,49,52,26,3190,1063,804,922,613,218,90,13,691,48,21,34,33,5,151,142,185,2,22,6,4,33,526,14,149,103,117,72,133,12,54,84,149,138,6,65,12,50,16,18,33,19,2,0,63,35,22,33,2,7,9,2,2,11,21,28,10,2,2,9,9,26,39,9,1,14,18,4,2,50,40,3,15,2,20,11,237,100,144,61,96,198,19,90,14,26,172,38,150,348,350,178,164,33,209,34,120,49,11,125,18,18,33,96,87,2,6,121,65,79,10,50,47,41,5,35,209,89,6,132,71,46,20,37,16,44,77,59,16,33,85,45,6,608,13,5,83,69,102,48,72,206,217,196,46,34,12,69,129,43,26,65,59,72,35,39,63,81,328,49,52,26,3190,1063,804,922,613,218,90,13,691,48,21,34,33,5,151,142,185,2,22,6,4,33,526,14,149,103,117,72,133,12,54,84,149,138,6,65,12,50,16,18,33,19,2,0,63,35,22,33,2,7,9,2,2,11,21,28,10,2,2,9,9,26,39,9,1,14,18,4,2,50,40,3,15,2,20,11
SRR8557003,controle,18,11,12,5,9,14,4,2,0,0,12,5,9,33,22,14,10,12,7,3,9,7,4,2,0,2,1,2,3,0,0,4,1,2,2,9,2,6,0,0,13,2,0,18,3,2,2,2,2,1,11,3,5,4,3,0,0,25,0,0,11,4,7,8,4,15,17,13,8,1,3,11,6,3,3,7,5,10,10,2,1,1,27,6,4,2,205,77,78,62,42,15,2,0,50,3,4,1,0,1,23,17,21,0,7,0,1,5,40,2,14,5,13,5,15,3,2,15,10,18,1,2,0,6,3,0,0,0,2,2,11,1,0,7,0,1,1,0,0,0,5,5,3,0,0,3,4,3,5,4,0,0,3,0,1,7,11,0,0,0,2,0,18,11,12,5,9,14,4,2,0,0,12,5,9,33,22,14,10,12,7,3,9,7,4,2,0,2,1,2,3,0,0,4,1,2,2,9,2,6,0,0,13,2,0,18,3,2,2,2,2,1,11,3,5,4,3,0,0,25,0,0,11,4,7,8,4,15,17,13,8,1,3,11,6,3,3,7,5,10,10,2,1,1,27,6,4,2,205,77,78,62,42,15,2,0,50,3,4,1,0,1,23,17,21,0,7,0,1,5,40,2,14,5,13,5,15,3,2,15,10,18,1,2,0,6,3,0,0,0,2,2,11,1,0,7,0,1,1,0,0,0,5,5,3,0,0,3,4,3,5,4,0,0,3,0,1,7,11,0,0,0,2,0
SRR8557024,controle,354,166,205,135,211,224,46,135,88,12,187,92,239,770,550,488,224,68,318,21,157,94,24,149,12,33,47,86,73,9,9,193,54,53,23,123,88,41,16,54,376,80,8,335,87,51,34,37,21,16,174,78,35,117,77,37,8,329,22,12,207,83,121,60,133,268,235,277,104,50,44,121,154,82,80,132,65,141,114,45,50,77,508,96,27,13,4366,1863,1317,1524,847,334,136,22,1189,62,48,24,64,7,432,344,370,33,99,66,78,32,803,19,329,69,187,119,299,54,108,193,211,240,8,67,12,106,77,38,19,70,42,18,154,52,29,106,31,121,112,31,31,33,35,35,36,31,31,39,41,47,33,20,4,15,71,27,33,121,117,45,30,31,29,75,354,166,205,135,211,224,46,135,88,12,187,92,239,770,550,488,224,68,318,21,157,94,24,149,12,33,47,86,73,9,9,193,54,53,23,123,88,41,16,54,376,80,8,335,87,51,34,37,21,16,174,78,35,117,77,37,8,329,22,12,207,83,121,60,133,268,235,277,104,50,44,121,154,82,80,132,65,141,114,45,50,77,508,96,27,13,4366,1863,1317,1524,847,334,136,22,1189,62,48,24,64,7,432,344,370,33,99,66,78,32,803,19,329,69,187,119,299,54,108,193,211,240,8,67,12,106,77,38,19,70,42,18,154,52,29,106,31,121,112,31,31,33,35,35,36,31,31,39,41,47,33,20,4,15,71,27,33,121,117,45,30,31,29,75
