sample_id,group,00010,00020,00030,00040,00051,00052,00053,00061,00071,00130,00190,00195,00220,00230,00240,00250,00260,00261,00270,00280,00290,00300,00310,00330,00332,00333,00340,00350,00360,00362,00380,00400,00401,00410,00430,00450,00460,00471,00473,00480,00500,00511,00513,00520,00521,00523,00524,00525,00531,00540,00550,00561,00562,00564,00600,00603,00604,00620,00625,00626,00630,00640,00650,00660,00670,00680,00710,00720,00730,00740,00750,00760,00770,00780,00790,00860,00900,00910,00920,00940,00950,00960,00970,00983,01051,01055,01100,01110,01120,01130,01200,01210,01212,01220,01230,01501,01502,01503,01523,01524,02010,02020,02024,02025,02026,02030,02040,02060,03010,03013,03018,03020,03030,03060,03070,03320,03410,03420,03430,03440,04016,04066,04070,04112,04122,04141,04142,04146,04151,04152,04212,04213,04216,04217,04612,04621,04626,04657,04659,04714,04724,04727,04910,04914,04915,04920,04922,04931,04940,04964,04973,05010,05111,05120,05132,05134,05152,05200,05206,05215,05230,05418
SRR6784404,cfs,12072.204864174719,10546.311386071811,7567.186024061368,3456.615838151489,8625.969253765428,8480.646065374674,1152.2052793838297,1557.0341613294995,1546.653933587303,747.3763974381598,7722.889440194318,3010.266045237033,7068.935092435928,21424.790059893916,17656.767389476525,13286.69151001173,10068.820909930764,1235.2471013214029,6799.049171138815,4868.326811090235,4318.174740753811,5356.197514973479,1131.4448238994364,4515.399067855549,394.4486542034732,166.0836438751466,3217.8706000809657,1525.8934781029097,1785.3991716578262,2937.604451041656,633.1938922739965,3778.4028981595857,1287.1482400323862,892.6995858289131,1172.9657348682229,2210.9885090878897,7203.878053084485,2771.5208071665093,394.4486542034732,2138.326914892513,8906.235402804738,2729.9998961977226,31.140683226589992,10338.706831227877,3186.729916854376,3684.9808484798154,124.56273290635997,1868.4409935953995,228.3650103283266,2605.4371632913626,5657.224119497182,2127.9466871503164,871.9391303445198,3975.6272252613226,2532.775569095986,664.3345755005864,31.140683226589992,14117.109729387463,851.1786748601264,487.8707038832432,14449.277017137756,8750.53198667179,6757.528260170028,1162.5855071260264,5158.973187871742,11086.083228666037,4442.737473660172,18881.63426305573,3010.266045237033,3051.7869562058195,3176.349689112179,3134.8287781433924,6518.783022099505,778.5170806647498,1608.9353000404828,2885.7033123306724,1110.684368415043,6383.840061450948,3062.167183948016,3622.699482026636,228.3650103283266,1743.8782606890395,12425.132607409407,3010.266045237033,384.06842646127654,31.140683226589992,156845.24118459158,75453.87545802756,54039.46562587583,57869.7696627464,36009.01003768023,10650.113663493776,1878.8212213375962,716.2357142115699,42704.256931397074,6830.189854365404,2003.3839542439562,3031.0265007214257,2615.817391033559,612.4334367896032,11137.98436737702,12528.934884831373,9850.836127344635,114.1825051641633,581.2927535630132,1027.6425464774698,664.3345755005864,944.6007245398964,40441.3672835982,674.7148032427831,7670.988301483335,1619.3155277826795,4733.383850441679,2221.368736830086,5408.098653684462,954.9809522820931,1868.4409935953995,3446.2356104092923,7733.269667936514,9466.767700883358,768.1368529225531,1131.4448238994364,342.5475154924899,2428.973291674019,986.121635508683,633.1938922739965,487.8707038832432,1432.4714284231397,197.2243271017366,633.1938922739965,1339.0493787433697,1152.2052793838297,570.9125258208165,4421.977018175779,176.4638716173433,757.7566251803564,1027.6425464774698,176.4638716173433,176.4638716173433,498.2509316254399,1982.6234987595628,1982.6234987595628,290.6463767815066,176.4638716173433,176.4638716173433,560.5322980786198,685.0950309849798,560.5322980786198,612.4334367896032,1401.3307451965495,394.4486542034732,435.9695651722599,903.0798135711098,435.9695651722599,1463.6121116497295,1339.0493787433697,934.2204967976998,217.98478258612994,280.2661490393099,176.4638716173433,1069.1634574462564,1629.6957555248762
SRR6784405,cfs,15711.47704931074,8307.479004011682,10336.049458479652,4352.618958326231,12194.151807530145,9074.585478390327,602.3206391417499,2244.4967213301056,2358.1421249417567,346.61848101553534,7176.707238075756,2517.2456899980684,6545.9752480310935,22916.595638289407,18819.678838089392,11915.7205686816,7443.773936563136,1545.5774891184526,6710.7610832679875,5795.9155841941965,6239.132658279636,3801.4387508097234,1335.3334924368983,4790.153762231086,272.74896866796223,113.64540361165092,3585.5124839475866,1841.055538508745,2193.356289704863,3295.7167047378766,676.1901514893231,4585.592035730115,1505.8015978543747,1164.865387019422,1352.3803029786461,2181.991749343698,4136.6926914640935,2812.7237393883606,221.60853704271932,1664.905162910686,8625.686134124306,3807.121020990306,528.4511267941768,11421.363062970919,4756.060141147591,3687.7933471980728,971.6682008796155,2522.9279601786507,590.9560987805849,295.4780493902924,6040.253201959247,1534.2129487572874,1943.336401759231,2716.125146318457,3165.0244905844784,886.4341481708773,528.4511267941768,12341.89083222529,801.2000954621391,460.26388462718626,11069.0623117748,10284.90902685441,7915.402361551487,1852.4200788699102,6290.273089904878,11819.121975611695,6761.90151489323,13734.047026468015,3750.2983191844805,1409.2030047844717,2784.3123884854476,2397.9180162058346,5375.427590831089,386.39437227961315,2199.0385598854455,2818.4060095689433,1238.7348993669953,4591.274305910697,2403.6002863864173,2119.48677735729,858.0227972679645,2034.2527246485515,14933.006034570932,3415.0443785301104,420.48799336310844,744.3773936563135,152847.38558748993,70045.34451604105,52651.91549327788,60970.75903765072,38355.32371893219,10415.601241007807,2511.5634198174857,590.9560987805849,41878.33123089337,4466.264361937881,1721.7278647165115,1568.306569840783,3369.58621708545,806.8823656427215,10711.0792903981,9455.297580489358,9506.4380121146,267.0666984873797,1806.9619174252496,590.9560987805849,318.20713011262256,1028.490902685441,30985.419294716627,113.64540361165092,8710.920186833044,1994.4768333844736,5045.855920357301,4062.8231791165204,8722.284727194208,1681.9519734524338,1727.4101348970942,4653.779277897106,6835.771027240803,9898.514654574796,994.3972816019457,2710.4428761378745,159.10356505631128,3199.1181116679736,863.7050674485471,170.46810541747638,1108.0426852135965,1824.0087279669974,255.7021581262146,1466.025706590297,1937.6541315786485,1278.5107906310727,1187.5944677417522,3432.091189071858,96.59859306990329,329.57167047378766,789.835555100974,96.59859306990329,96.59859306990329,1017.1263623242758,1653.540622549521,1653.540622549521,471.62842498835136,96.59859306990329,96.59859306990329,1164.865387019422,681.8724216699055,983.0327412407805,437.53480390485606,1562.6242996602002,613.685179502915,727.3305831145659,1528.530678576705,357.98302137670044,522.7688566135943,1397.8384644233065,1414.8852749650541,193.19718613980658,1017.1263623242758,96.59859306990329,2341.095314400009,1738.7746752582593
SRR6784409,cfs,18433.945030308063,8241.302001162501,10047.330399402143,5210.495723656896,15589.969276758284,9300.008303578843,2221.207340363697,1515.4031387528025,1889.0641866644523,103.79473553101387,9383.044092003653,4006.4767914971353,6642.863073984888,25242.87968114257,19471.8923856182,10068.089346508345,8926.347255667193,2366.5199701071165,7826.123059038445,6497.550444241468,4733.039940214233,5957.817819480196,1266.2957734783693,5646.433612887155,0.0,103.79473553101387,4421.655733621191,1868.3052395582495,2345.761023000913,705.8042016108943,768.0810429295026,3093.083118824213,975.6705139915304,1639.956821390019,1141.7420908411525,1037.9473553101388,1224.7778792659637,1889.0641866644523,498.2147305488666,1328.5726147969776,4317.860998090177,4483.932574939799,0.0,13389.520883500789,3010.047330399402,2096.65365772648,685.0452545046916,1743.751556921033,124.55368263721665,477.45578344266374,8926.347255667193,1058.7063024163415,2387.278917213319,3404.467325417255,4629.245204683219,145.31262974341942,0.0,12683.716681889895,954.9115668853275,996.4294610977332,11147.55459603089,11002.241966287469,9341.526197791249,1722.99260981483,6663.62202109109,13223.449306651166,6082.371502117412,15340.86191148385,4899.111517063855,1100.224196628747,1764.5105040272356,1432.3673503279913,5438.844141825126,581.2505189736777,871.8757784605165,2885.4936477621854,1349.3315619031803,4774.557834426638,2096.65365772648,892.6347255667192,913.393672672922,1266.2957734783693,14593.53981566055,3093.083118824213,186.83052395582496,851.1168313543137,157373.57801212324,71535.33172797476,54575.271942207095,61633.31395831603,35850.701652412194,8677.239890392759,1681.4747156024246,1079.4652495225444,41787.76052478618,4255.584156771569,2325.0020758947107,539.7326247612722,3010.047330399402,456.696836336461,8760.27567881757,8781.034625923772,7763.846217719837,311.3842065930416,2262.725234576102,560.4915718674749,373.6610479116499,477.45578344266374,39047.57950676742,145.31262974341942,8345.096736693515,1785.2694511334385,5978.576766586399,3445.98521962966,3612.0567964792826,954.9115668853275,2262.725234576102,5812.505189736777,6829.693597940712,7348.667275595782,871.8757784605165,1266.2957734783693,124.55368263721665,3632.8157435854855,830.357884248111,311.3842065930416,996.4294610977332,1432.3673503279913,145.31262974341942,1909.823133770655,1141.7420908411525,1390.8494561155858,768.0810429295026,2802.4578593373744,166.0715768496222,456.696836336461,456.696836336461,166.0715768496222,166.0715768496222,643.527360292286,1390.8494561155858,1432.3673503279913,830.357884248111,166.0715768496222,166.0715768496222,685.0452545046916,934.1526197791247,1079.4652495225444,373.6610479116499,705.8042016108943,249.1073652744333,518.9736776550694,1432.3673503279913,643.527360292286,913.393672672922,892.6347255667192,518.9736776550694,186.83052395582496,1204.0189321597609,166.0715768496222,3093.083118824213,435.93788923025824
SRR6784412,cfs,14533.622559652928,11111.111111111111,10315.738732224632,4748.132080019282,11255.724270908653,9351.651000241021,361.53289949385396,4362.496987225838,4868.643046517233,216.91973969631235,6796.818510484454,2289.7083634610754,5519.402265606171,26295.492889852976,23957.58013979272,11520.848397204145,6628.103157387322,1807.6644974692697,6845.022897083635,5664.015425403712,5133.767172812726,3446.6136418414076,1060.4965051819715,3952.759701132803,144.61315979754158,120.51096649795132,3904.5553145336225,1663.051337671728,2844.058809351651,1060.4965051819715,1084.5986984815618,3085.0807423475535,1783.5623041696795,1928.175463967221,2892.2631959508317,1759.4601108700892,5157.869366112316,1373.825018076645,144.61315979754158,771.2701855868884,11087.00891781152,2313.8105567606653,506.14605929139555,9448.059773439383,2771.75222945288,2145.0952036635335,602.5548324897566,1735.3579175704988,723.0657989877079,265.1241262954929,3060.9785490479635,2024.5842371655822,1036.394311882381,1687.1535309713183,2940.467582550012,1663.051337671728,482.04386599180526,15280.790551940227,216.91973969631235,241.02193299590263,12942.877801879971,13786.45456736563,10412.147505422994,1590.7447577729572,7736.804049168475,12171.607616293084,6314.774644492649,13979.272113762352,2169.1973969631235,795.3723788864786,3446.6136418414076,4266.088214027477,4386.599180525428,626.6570257893469,1711.2557242709088,1397.9272113762354,1687.1535309713183,4603.51892022174,1928.175463967221,3543.0224150397685,1253.3140515786938,1518.4381778741865,9954.205832730779,3711.7377681369007,96.40877319836105,1036.394311882381,154109.42395758015,67196.91491925766,54784.28536996867,54374.548083875634,39069.655338635814,11231.622077609061,4675.825500120511,289.22631959508317,41166.54615570017,1952.2776572668113,771.2701855868884,747.1679922872981,3687.63557483731,747.1679922872981,6387.08122439142,10580.862858520124,9954.205832730779,72.30657989877079,1855.8688840684504,433.8394793926247,385.6350927934442,747.1679922872981,35285.610990600144,482.04386599180526,9182.93564714389,1638.9491443721379,6628.103157387322,2988.6719691491926,4965.051819715593,3494.818028440588,2627.1390696553385,5085.562786213546,7785.008435767655,12051.096649795132,723.0657989877079,3398.409255242227,96.40877319836105,1590.7447577729572,795.3723788864786,168.71535309713184,843.5767654856592,3494.818028440588,96.40877319836105,1446.1315979754158,964.0877319836105,337.4307061942637,2892.2631959508317,3157.3873222463244,96.40877319836105,168.71535309713184,530.2482525909858,96.40877319836105,96.40877319836105,2434.3215232586167,1855.8688840684504,1855.8688840684504,457.941672692215,96.40877319836105,96.40877319836105,2603.0368763557485,1036.394311882381,578.4526391901663,337.4307061942637,698.9636056881177,506.14605929139555,602.5548324897566,2096.890817064353,289.22631959508317,241.02193299590263,1711.2557242709088,867.6789587852494,96.40877319836105,1156.9052783803327,96.40877319836105,2530.7302964569776,265.1241262954929
SRR6784519,cfs,17179.800171798,9290.65509290655,9674.940096749402,4114.110041141101,12161.490121614901,9674.940096749402,926.8050092680502,3029.0700302907003,2961.25502961255,271.2600027126,6962.340069623401,1740.5850174058503,6645.8700664587,23305.755233057553,19214.250192142503,12184.095121840952,7572.67507572675,1311.0900131109001,8069.985080699851,5131.33505131335,6532.845065328451,3481.1700348117006,768.5700076857,4566.2100456621,452.100004521,203.44500203445003,3503.77503503775,2170.0800217008,2689.9950268999505,1288.4850128848502,452.100004521,3775.0350377503505,1853.6100185361004,1785.7950178579501,1695.37501695375,2057.0550205705504,4701.8400470184,2870.8350287083504,271.2600027126,1152.8550115285502,9403.6800940368,4769.65504769655,949.4100094941001,13156.110131561101,4340.1600434016,2102.26502102265,1265.8800126588,1424.1150142411502,1198.06501198065,678.1500067815,5606.040056060401,1017.22501017225,2893.4400289344003,3955.8750395587504,3526.3800352638004,1311.0900131109001,949.4100094941001,12568.380125683801,497.3100049731,248.65500248655,11438.130114381302,10918.21510918215,8635.110086351102,2079.6600207966003,6397.215063972151,12704.010127040101,8476.875084768752,13495.185134951851,3820.2450382024504,1039.8300103983001,2961.25502961255,3322.93503322935,5425.200054252,452.100004521,1401.5100140151003,1921.4250192142501,1785.7950178579501,4905.285049052851,2644.78502644785,2328.3150232831504,1627.5600162756002,1831.0050183100502,13020.480130204802,3933.2700393327004,339.07500339075,361.68000361680004,153261.901532619,69374.74569374746,54410.235544102354,59631.990596319905,40078.66540078665,10669.560106695602,3255.1200325512004,316.4700031647,43085.130430851306,3707.2200370722007,1537.1400153714,994.6200099462,3662.0100366201004,972.0150097201501,6442.42506442425,9607.125096071251,8228.220082282201,339.07500339075,2237.89502237895,949.4100094941001,949.4100094941001,700.7550070075501,32573.805325738052,271.2600027126,9381.075093810752,1989.2400198924,4407.97504407975,3119.4900311949004,4294.9500429495,2011.8450201184503,1604.95501604955,4724.4450472444505,5877.300058773,8363.850083638501,972.0150097201501,2599.57502599575,429.49500429495004,3232.5150323251505,632.9400063294,0.0,1491.9300149193002,2192.6850219268504,45.210000452100005,1356.300013563,1265.8800126588,994.6200099462,1672.7700167277003,2825.62502825625,0.0,158.23500158235,768.5700076857,0.0,0.0,1401.5100140151003,1446.7200144672001,1446.7200144672001,271.2600027126,0.0,0.0,1514.5350151453501,587.7300058773,700.7550070075501,452.100004521,1446.7200144672001,180.84000180840002,519.9150051991501,1831.0050183100502,180.84000180840002,293.86500293865,2102.26502102265,1198.06501198065,67.81500067815,972.0150097201501,0.0,2373.52502373525,519.9150051991501
SRR6784520,cfs,16682.074123875955,7899.823514581057,10421.043785192032,3025.4643247331705,12858.223380115975,7521.640473989411,1218.5897974619716,3823.85074375998,3991.932095134045,882.4270947138415,5042.440541221951,798.386419026809,7647.70148751996,26388.772165728213,22438.860408437686,12774.182704428944,5546.684595344147,924.4474325573577,7143.457433397764,5336.582906126566,6807.294730649634,2143.0372300193294,1008.4881082443903,3319.6066896377847,126.06101353054879,126.06101353054879,4244.054122195143,2311.1185813933944,2395.159257080427,672.3254054962601,336.1627027481301,3613.749054542399,2143.0372300193294,1428.691486679553,2563.2406084544923,2185.0575678628456,5420.623581813597,2227.077905706362,84.04067568703252,798.386419026809,9496.596352634675,2857.382973359106,1260.6101353054878,10463.06412303555,4874.359189847886,4370.115135725691,714.3457433397765,2983.4439868896548,1218.5897974619716,462.22371627867886,3319.6066896377847,1050.5084460879066,2521.2202706109756,2016.9762164887807,1596.772838053618,1596.772838053618,1260.6101353054878,13236.406420707623,252.12202706109758,210.1016892175813,12311.958988150265,13110.345407177074,8193.965879485671,2605.260946298008,6807.294730649634,12690.142028741911,7689.721825363476,12522.060677367846,4580.2168249432725,1932.935540801748,2016.9762164887807,5084.460879065467,3949.9117572905284,420.2033784351626,3025.4643247331705,1890.9152029582317,3865.871081603496,4328.094797882175,2521.2202706109756,2857.382973359106,1764.854189427683,1932.935540801748,12900.243717959493,3571.728716698882,378.1830405916463,1890.9152029582317,155895.45339944534,72569.12345575259,51853.096898899064,56517.35439952937,38280.52777544331,10631.145474409614,4033.9524329775613,210.1016892175813,42398.52088410791,2689.3016219850406,1218.5897974619716,1302.630473149004,3991.932095134045,252.12202706109758,5042.440541221951,7899.823514581057,8446.087906546767,252.12202706109758,1722.8338515841667,420.2033784351626,462.22371627867886,462.22371627867886,30254.643247331707,168.08135137406504,7941.843852424574,1722.8338515841667,7311.538784771829,1932.935540801748,3319.6066896377847,2983.4439868896548,1176.5694596184553,3571.728716698882,8404.067568703253,10252.96243381797,336.1627027481301,3235.566013950752,210.1016892175813,3655.7693923859147,588.2847298092277,378.1830405916463,1134.549121774939,3025.4643247331705,210.1016892175813,1554.7525002101015,588.2847298092277,546.2643919657114,2437.179594923943,3739.810068072947,210.1016892175813,378.1830405916463,504.24405412219517,210.1016892175813,210.1016892175813,2058.9965543322965,2983.4439868896548,2983.4439868896548,252.12202706109758,210.1016892175813,210.1016892175813,2185.0575678628456,462.22371627867886,294.1423649046138,252.12202706109758,1218.5897974619716,1176.5694596184553,504.24405412219517,1092.5287839314228,252.12202706109758,0.0,1806.8745272711994,420.2033784351626,252.12202706109758,1848.8948651147155,210.1016892175813,2941.4236490461385,714.3457433397765
SRR6784521,cfs,18796.18226600985,9867.610837438424,11714.901477832513,5203.20197044335,15963.669950738918,11145.320197044333,554.1871921182267,2570.812807881773,2724.753694581281,277.09359605911334,8358.990147783252,2755.541871921182,5326.354679802956,24799.876847290638,20243.226600985225,11299.261083743842,8066.502463054187,1585.5911330049262,7943.3497536945815,6326.970443349754,5357.142857142857,3740.7635467980294,785.0985221674877,4833.743842364532,46.18226600985222,200.1231527093596,4248.768472906404,1631.7733990147783,2185.960591133005,292.48768472906403,369.45812807881777,3171.1822660098524,1246.9211822660097,1416.2561576354678,1831.896551724138,1169.9507389162561,2878.694581280788,1447.0443349753696,215.51724137931035,1031.4039408866995,7820.1970443349755,4448.891625615764,277.09359605911334,10067.733990147784,3294.3349753694583,1878.0788177339903,939.0394088669951,1154.5566502463055,323.2758620689655,708.1280788177339,5588.054187192118,708.1280788177339,2155.1724137931033,2755.541871921182,4310.3448275862065,477.21674876847294,277.09359605911334,14624.384236453201,323.2758620689655,354.06403940886696,12269.088669950737,12884.852216748768,8928.571428571428,1431.6502463054187,7096.674876847291,15686.576354679804,6804.187192118226,16009.85221674877,3648.3990147783247,1031.4039408866995,2616.9950738916255,2463.054187192118,5326.354679802956,246.30541871921181,1277.7093596059115,2663.177339901478,1077.5862068965516,4495.073891625616,2586.206896551724,1816.5024630541873,1062.192118226601,1431.6502463054187,14162.56157635468,2971.0591133004928,338.66995073891627,492.61083743842363,153617.6108374384,69119.45812807883,57712.43842364532,59467.36453201971,41471.67487684729,8651.477832512315,2740.147783251232,338.66995073891627,42503.07881773399,3355.911330049261,1092.9802955665025,1277.7093596059115,3817.7339901477835,615.7635467980296,8343.5960591133,9298.029556650246,9729.064039408868,61.576354679802954,2463.054187192118,384.8522167487685,431.0344827586207,708.1280788177339,29064.039408866996,138.54679802955667,9898.399014778324,815.8866995073892,5649.630541871921,3833.1280788177337,4495.073891625616,2001.2315270935962,1570.1970443349753,4418.103448275862,6634.852216748768,9359.605911330049,723.5221674876848,2678.5714285714284,92.36453201970444,2616.9950738916255,554.1871921182267,0.0,1216.1330049261085,2108.9901477832514,0.0,2478.4482758620693,738.9162561576355,615.7635467980296,1570.1970443349753,2940.270935960591,0.0,0.0,461.82266009852214,0.0,0.0,1339.2857142857142,1662.5615763546798,1662.5615763546798,307.8817733990148,0.0,0.0,1447.0443349753696,908.2512315270936,584.9753694581281,184.72906403940888,754.3103448275862,307.8817733990148,661.9458128078818,1878.0788177339903,323.2758620689655,569.5812807881773,908.2512315270936,431.0344827586207,46.18226600985222,954.4334975369459,0.0,4033.2512315270933,230.91133004926107
SRR6784522,cfs,17814.761639661283,8145.565354976707,10518.913533944738,4453.690409915321,14591.696211433093,11515.133757215272,908.3184388643089,2168.2440153535117,2226.8452049576604,498.1101116352662,7383.749890122769,2637.0535321867033,3926.27970347798,25638.020451815173,20100.208034223095,10782.61888716341,8292.06832898708,2461.249963374257,7618.154648539366,4981.101116352662,4688.095168331917,5420.610038383779,586.0118960414896,4277.886841102874,380.90773242696827,117.20237920829794,4629.493978727768,1054.8214128746813,1201.3243868850539,615.3124908435642,380.90773242696827,3340.267807436491,703.2142752497875,1465.029740103724,1259.9255764892027,1347.8273608954262,2812.85710099915,2637.0535321867033,117.20237920829794,703.2142752497875,8028.3629757684075,6416.8302616543115,498.1101116352662,13771.279556975007,3545.3719710510127,1904.5386621348414,1025.520818072607,908.3184388643089,1142.7231972809047,2109.6428257493626,5772.217176008673,1406.428550499575,2812.85710099915,3574.672565853087,5860.118960414896,996.2202232705324,498.1101116352662,12306.249816871283,439.5089220311172,410.20832722904277,9903.601043101175,9844.999853497027,9053.883793841014,1845.9374725306923,6094.523718831492,13566.175393360485,6973.541562893727,13448.973014152187,5069.0029007588855,1728.7350933223945,1875.238067332767,2549.15174778048,4307.187435904949,586.0118960414896,1259.9255764892027,4424.389815113247,1699.43449852032,3310.9672126344162,2871.4582906032992,1377.1279556975007,703.2142752497875,761.8154648539365,16437.633683963784,2637.0535321867033,410.20832722904277,556.7113012394151,157344.19408713997,72489.67154033227,55495.326555129075,58483.98722494066,37680.56491546778,6914.940373289578,2490.550558176331,380.90773242696827,40962.23153330013,3984.8808930821297,1025.520818072607,2490.550558176331,3457.470186644789,703.2142752497875,8526.473087403674,9171.086173049312,10255.20818072607,410.20832722904277,2256.1457997597354,527.4107064373407,410.20832722904277,293.0059480207448,35190.01435729145,439.5089220311172,9610.59509508043,1259.9255764892027,3896.979108675906,5127.604090363035,5420.610038383779,1465.029740103724,1347.8273608954262,5742.9165812065985,5508.511822790003,6299.627882446013,849.71724926016,2373.348178968033,0.0,3223.065428228193,527.4107064373407,351.60713762489377,2051.041636145214,1552.9315245099476,234.40475841659588,1904.5386621348414,761.8154648539365,879.0178440622344,1113.4226024788302,2168.2440153535117,87.90178440622344,263.7053532186703,1523.630929707873,87.90178440622344,87.90178440622344,966.919628468458,1670.1339037182454,1699.43449852032,849.71724926016,87.90178440622344,87.90178440622344,1084.1220076767559,1670.1339037182454,1084.1220076767559,322.3065428228193,1084.1220076767559,996.2202232705324,615.3124908435642,1963.13985173899,205.10416361452138,87.90178440622344,1406.428550499575,527.4107064373407,175.80356881244688,1142.7231972809047,87.90178440622344,3574.672565853087,380.90773242696827
SRR6784527,cfs,18653.292408948517,9113.058886814542,11755.213112679176,6660.760054425213,15409.929437078757,11422.966174097395,221.49795905452015,4145.176090877449,4667.278422934532,110.74897952726008,6486.725943739519,1075.8472296933835,5315.951017308483,27877.10027529032,25535.55042242825,11217.289497832484,6344.334398633042,553.7448976363004,5379.236148466917,5711.483087048698,6075.372591209696,1882.7326519634212,379.710786950606,4113.533525298231,0.0,31.64256557921716,3512.324779293105,1724.5198240673353,2547.2265291269814,458.8172008986489,189.855393475303,2436.4775495997214,1471.379299433598,2309.907287282853,2816.188336550327,2262.4434389140274,5553.270259152612,1170.774926431035,126.57026231686864,632.8513115843432,10568.616903458533,2816.188336550327,664.4938771635603,12672.847514476474,3259.184254659368,933.4556845869063,1202.417492010252,949.2769673765149,759.421573901212,126.57026231686864,3275.0055374489766,2752.903205391893,2610.511660285416,1439.7367338543809,3733.822738347625,2183.3370249659843,664.4938771635603,14096.762965541246,174.0341106856944,142.39154510647722,10647.723317406575,13970.192703224377,9128.88016960415,2040.9454798595068,7989.747808752334,15583.963547764453,8274.530898965288,13859.443723697117,1771.9836724361612,759.421573901212,3385.7545169762366,4398.316615511186,5600.734107521437,253.14052463373727,1360.630319906338,1313.1664715375123,949.2769673765149,3892.035566243711,2025.1241970698982,3417.397082555454,1455.5580166439895,1376.4516026959466,12846.881625162168,4097.712242508623,174.0341106856944,601.208746005126,157405.94247381578,66813.27722051703,54978.957693889824,56418.6944277442,42875.67635983926,10283.833813245577,4335.031484352751,268.9618074233459,40898.016011138185,2199.158307755593,759.421573901212,838.5279878492548,5126.09562383318,1044.2046641141665,4366.6740499319685,6850.615447900516,8511.850140809418,0.0,1170.774926431035,316.4256557921716,205.67667626491158,221.49795905452015,25551.371705217858,189.855393475303,9619.339936082017,1107.4897952726008,6977.185710217384,2610.511660285416,3180.077840711325,3670.537607189191,3718.0014555580165,2784.5457709711104,8685.88425149511,11929.24722336487,965.0982501661234,3844.571717874885,158.2128278960858,3227.5416890801507,348.0682213713888,205.67667626491158,980.919532955732,3496.5034965034965,47.46384836882575,1961.839065911464,680.315159953169,300.604373002563,2911.116033287979,1977.6603487010727,47.46384836882575,189.855393475303,870.170553428472,47.46384836882575,47.46384836882575,2436.4775495997214,1265.7026231686864,1265.7026231686864,94.9276967376515,47.46384836882575,47.46384836882575,2626.3329430750246,458.8172008986489,585.3874632155175,300.604373002563,601.208746005126,174.0341106856944,442.9959181090403,1487.2005822232065,79.1064139480429,47.46384836882575,1803.6262380153782,522.1023320570832,79.1064139480429,458.8172008986489,47.46384836882575,3164.2565579217166,189.855393475303
SRR6784530,cfs,15852.564250051768,7730.713480431631,10376.642201412697,3037.0660101695694,12654.441709039873,7776.729632100868,161.05653084232566,1932.6783701079078,1886.662218438672,989.3472608885718,8305.91537629708,1150.4037917308976,6580.309688700734,22547.91431792559,21259.462071186987,11066.884476451236,7776.729632100868,805.2826542116283,7339.576191243126,8029.818466281666,4049.4213468927596,2714.952948484918,1403.492625911695,4164.46172606585,230.08075834617952,391.1372891885052,4095.437498561995,1518.5330050847847,2047.7187492809976,1449.5087775809309,552.1938200308309,3980.397119388905,1035.3634125578078,1426.500701746313,1518.5330050847847,2484.872190138739,2070.7268251156156,2760.9691001541537,391.1372891885052,1380.4845500770768,6143.156247842993,5406.897821135219,2760.9691001541537,13896.877804109243,2899.0175551618618,1633.5733842578745,782.2745783770104,483.16959252697694,3221.130616846513,1265.4441709039872,6856.406598716149,1334.468398407841,2484.872190138739,1932.6783701079078,2231.7833559579412,3428.2032993580747,2760.9691001541537,12700.457860709108,529.1857441962128,529.1857441962128,12585.417481536018,13436.716287416883,9134.206106343327,1173.4118675655156,7385.592342912362,11435.013689805122,6258.196627016083,13068.587074062996,4532.590939419736,2185.767204288705,2461.8641143041204,2737.961024319536,4578.607091088972,690.2422750385384,1541.5410809194027,2116.742976784851,7500.632722085453,4440.558636081265,2254.7914317925593,1012.3553367231899,805.2826542116283,1104.3876400616618,13988.910107447715,2714.952948484918,529.1857441962128,115.04037917308976,155810.68955203277,69714.4697788924,52205.32406874813,57106.044221521755,36973.97786623105,7638.68117709316,2162.759128454087,966.3391850539539,37963.32512711962,5245.841290292892,2277.7995076271773,2346.8237351310313,2760.9691001541537,782.2745783770104,9824.448381381864,11964.199434001335,8029.818466281666,299.10498585003336,1357.476474242459,368.1292133538872,621.2180475346847,621.2180475346847,30347.652025861076,368.1292133538872,8420.95575547017,1587.5572325886385,7017.463129558475,2323.815659296413,6258.196627016083,1242.4360950693695,1932.6783701079078,5176.817062789039,8904.125347997147,10721.763338931965,943.331109219336,1472.516853415549,138.04845500770773,3175.114465177277,1104.3876400616618,713.2503508731565,3359.1790718542206,1311.460322573223,322.1130616846513,1426.500701746313,1403.492625911695,506.17766836159495,897.3149575501001,3290.154844350367,391.1372891885052,690.2422750385384,1495.524929250167,391.1372891885052,391.1372891885052,690.2422750385384,2622.920645146446,2668.936796815682,598.2099717000667,391.1372891885052,391.1372891885052,736.2584267077744,598.2099717000667,1196.4199434001334,621.2180475346847,1288.4522467386053,874.3068817154822,276.09691001541546,1380.4845500770768,161.05653084232566,69.02422750385387,2415.847962634885,1265.4441709039872,644.2261233693026,2024.7106734463798,391.1372891885052,2945.033706831098,989.3472608885718
SRR6784532,cfs,12865.113226124056,8992.45159172957,8861.174926156877,6148.123837654524,7920.358822885899,8314.188819603982,875.1777704846296,1487.8022098238705,1991.0294278525325,787.6599934361667,8073.514932720708,4507.1655179958425,7810.96160157532,19910.294278525325,16343.944863800461,13062.028224483098,7723.4438245268575,2297.341647522153,6629.47161142107,3850.7821901323705,4069.5766327535284,5491.740509791051,2450.497757356963,4813.477737665464,328.1916639317361,481.3477737665463,3106.8810852204356,1553.4405426102178,1640.9583196586807,4113.33552127776,1444.0433212996388,5251.066622907778,1334.6460999890603,831.4188819603982,481.3477737665463,2450.497757356963,4747.839404879116,4463.406629471611,87.51777704846296,2341.1005360463846,10195.821026145935,3063.122196696204,240.67388688327316,10983.481019582103,3785.1438573460237,3194.3988622688985,568.8655508150092,2559.894978667542,437.5888852423148,568.8655508150092,5885.570506509134,2756.8099770265835,1356.525544251176,5338.584399956241,2800.5688655508147,853.2983262225139,240.67388688327316,11946.176567115197,984.5749917952085,634.5038836013565,12361.886008095395,6498.194945848376,7570.287714692047,1225.2488786784816,4682.201072092769,9670.714363855159,5097.910513072968,12886.992670386171,3456.952193414287,809.5394376982824,1575.3199868723334,1684.7172081829121,3172.519418006783,459.4683295044306,2319.221091784269,3216.278306531014,2844.3277540750464,6760.748276993764,2603.6538671917733,1881.6322065419538,678.262772125588,2275.462203260037,16978.448747401817,3894.541078656602,503.22721802866204,437.5888852423148,153659.33705283885,72508.47828465157,50388.360135652554,59949.67727819713,33278.63472267804,11289.793239251723,2450.497757356963,1050.2133245815555,42861.83130948474,4725.959960617,765.780549174051,1684.7172081829121,3610.1083032490974,590.744995077125,16234.547642489879,10939.722131057872,9889.508806476317,153.1561098348102,2494.256645881195,2406.738868832732,2756.8099770265835,1662.8377639207963,36232.359698063665,459.4683295044306,7548.408270429932,3741.384968821792,3741.384968821792,3719.5055245596764,5601.1377311016295,787.6599934361667,2516.1360901433104,6454.436057324144,5907.44995077125,8379.82715239033,525.1066622907778,2034.7883163767642,1947.270539328301,5579.258286839514,1531.561098348102,109.3972213105787,546.9861065528935,853.2983262225139,43.75888852423148,678.262772125588,2253.5827589979212,897.0572147467453,328.1916639317361,5076.031068810852,65.63833278634722,350.07110819385184,1487.8022098238705,65.63833278634722,65.63833278634722,196.91499835904168,1575.3199868723334,1575.3199868723334,546.9861065528935,65.63833278634722,65.63833278634722,218.7944426211574,1247.1283229405974,656.3833278634722,787.6599934361667,2384.8594245706163,1925.3910950661852,722.0216606498194,722.0216606498194,1072.0927688436714,196.91499835904168,1531.561098348102,1794.1144294934907,371.9505524559676,1269.007767202713,65.63833278634722,1356.525544251176,897.0572147467453
SRR6784533,cfs,15661.98922702165,9263.389028030328,9383.469996912205,5129.172813668645,12076.714584691392,8628.675335368991,926.338902803033,2418.773801763475,2281.538408755618,274.4707860157135,5883.967475211857,2212.9207122516896,6295.673654235427,24479.363227776445,21391.566885099666,12162.486705321304,6158.43826122757,617.5592685353553,6381.445774865338,5077.709541290698,6278.519230109445,2727.553436031152,1406.6627783305314,3705.355611212132,446.01502727553435,171.54424125982092,3962.671973101863,2092.839743369815,2590.3180430232956,2178.6118639997253,754.794661543212,4889.010875904895,1886.98665385803,1646.8247160942808,1440.9716265824957,2350.156105259546,3979.826397227845,2658.935739527224,120.08096888187464,1406.6627783305314,9108.99921089649,3430.884825196418,686.1769650392837,10755.823926990772,4374.378152125433,2899.0976772909735,1063.5742958108895,1904.141077984012,789.1035097951763,531.7871479054447,3362.2671286924897,1046.4198716849075,2453.082650015439,4185.67948673963,2401.6193776374926,1029.2654475589254,686.1769650392837,13929.392390297458,308.77963426767764,188.698665385803,11544.927436785947,10893.059319998629,9040.381514392562,2230.075136377672,6638.762136755069,11373.383195526125,8268.432428723369,12694.273853226747,2470.237074141421,994.9565993069613,3036.33307029883,3516.656945826329,5335.02590318043,548.941572031427,2109.9941674957972,3533.8113699523105,2127.148591621779,4700.312210519092,2315.847257007582,1886.98665385803,840.5667821731224,2092.839743369815,12574.192884344873,5060.555117164717,480.32387552749856,291.62521014169556,156259.64936357088,72288.74326688853,51703.43431571002,59937.557896181424,37876.96847016846,11116.066833636394,2761.8622842831164,411.7061790235702,44841.664665317185,2796.1711325350807,1149.3464164408,1372.3539300785674,3808.282155968024,874.8756304250866,9177.616907400417,8937.454969636668,9023.227090266579,85.77212062991046,1904.141077984012,926.338902803033,720.4858132912478,737.6402374172299,35200.878306515246,102.92654475589255,7427.865646550245,1904.141077984012,5249.25378255052,3173.5684633066867,5695.268809826054,1509.589323086424,3019.178646172848,4151.370638487666,7067.622739904621,10481.353140975058,994.9565993069613,2813.325556661063,308.77963426767764,3430.884825196418,600.4048444093731,223.00751363776718,1235.1185370707105,1784.0601091021374,154.38981713383882,1200.8096888187463,1097.883144062854,1423.8172024565135,1200.8096888187463,3293.6494321885616,120.08096888187464,703.3313891652657,789.1035097951763,120.08096888187464,120.08096888187464,1046.4198716849075,1646.8247160942808,1646.8247160942808,291.62521014169556,120.08096888187464,120.08096888187464,1115.037568188836,428.8606031495523,411.7061790235702,377.397330771606,1338.045081826603,308.77963426767764,754.794661543212,1578.2070195903525,343.08848251964184,343.08848251964184,2127.148591621779,720.4858132912478,188.698665385803,1080.7287199368718,120.08096888187464,2024.2220468658866,1423.8172024565135
SRR6784537,cfs,14062.542012852573,7286.709150063188,7259.820924417198,3871.9044930225054,7609.367857815063,6049.850770347665,994.8643489016159,2984.593046704848,2661.934338952972,1613.2935387593773,9841.090586432201,2339.275631201097,6184.291898577613,23688.526794116857,21671.909870667634,10782.178484041839,6560.727057621467,1102.4172514855743,4893.657067570111,3710.575139146568,4597.886585464225,3253.475303164744,2688.8225645989623,3656.7986878545885,295.77048210588583,564.652738565782,2984.593046704848,1586.4053131133876,1451.9641848834394,1156.1937027775537,1048.6408001935952,4329.004329004329,833.5349950256782,1344.4112822994812,1505.7406361754188,2850.1519184749,2823.26369282891,4893.657067570111,430.21161033583394,1209.970154069533,5135.651098384018,3387.9164313946926,376.4351590438547,11803.931058589444,6211.180124223602,7394.2620526471455,161.32935387593773,8900.002688822564,457.09983598182356,1021.7525745476056,4759.215939340163,1962.8404721572426,725.9820924417197,4597.886585464225,1693.9582156973463,941.0878976096368,376.4351590438547,17235.35263907935,1317.5230566534915,887.3114463176576,10056.196391600119,12771.907181845068,10916.619612271787,1667.0699900513564,6775.832862789385,10136.861068538086,4920.545293216101,13551.66572557877,4490.333682880267,3199.698851872765,1505.7406361754188,2769.487241536931,3952.569169960474,1129.305477131564,2581.2696620150036,2393.0520824930763,6614.503508913447,4786.104164986153,2446.8285337850557,941.0878976096368,645.3174155037509,1156.1937027775537,12610.577827969131,4678.551262402194,752.8703180877094,5861.633190825738,153746.87424376866,63993.9770374553,48694.5766448872,55900.62111801242,29657.71288752655,6695.168185851416,3199.698851872765,1559.517087467398,34174.93479605281,4732.327713694173,2043.5051490952112,2124.16982603318,3307.2517544567236,618.4291898577613,10486.408001935952,16348.04119276169,10674.62558145788,860.4232206716679,779.758543733699,1102.4172514855743,2446.8285337850557,1048.6408001935952,38046.83928907531,349.5469333978651,7851.3618886289705,1935.9522465112527,7878.250114274959,3549.24578527063,5780.9685138877685,1344.4112822994812,3361.0282057487025,3925.6809443144853,9195.77317092845,10540.184453227932,914.1996719636471,2500.6049850770346,833.5349950256782,4248.33965206636,1344.4112822994812,457.09983598182356,672.2056411497406,1855.287569573284,188.21757952192735,941.0878976096368,1774.622892635315,752.8703180877094,1102.4172514855743,3495.469333978651,215.10580516791697,510.8762872738028,752.8703180877094,215.10580516791697,215.10580516791697,941.0878976096368,3387.9164313946926,3414.804657040682,510.8762872738028,215.10580516791697,215.10580516791697,1021.7525745476056,241.9940308139066,322.65870775187545,806.6467693796886,2661.934338952972,268.8822564598962,806.6467693796886,806.6467693796886,806.6467693796886,188.21757952192735,3092.1459492888066,1129.305477131564,241.9940308139066,3172.810626226775,215.10580516791697,2715.7107902449516,537.7645129197924
SRR6784538,cfs,17786.46140371562,7848.949823988142,10139.630459315154,4379.242391066346,13693.55409206515,9752.23594010544,875.8484782132691,1768.540196392178,2324.367115258291,202.11887958767747,9213.252261204965,1280.086237388624,5541.425948695491,22889.963113304475,22603.6280338886,12093.44629532937,6417.27442690876,808.4755183507099,8084.755183507099,6333.058227080561,5591.955668592411,2762.2913543649256,1111.6538377322263,4008.69111182227,101.05943979383873,50.52971989691937,3385.4912330935977,2189.621195533173,2408.58331508649,454.76747907227434,640.043118694312,2593.8589547085276,1195.870037560425,1499.0483569419414,2189.621195533173,2694.9183945023665,2610.7021946741675,1819.0699162890974,185.2756396220377,808.4755183507099,8859.54422192653,5389.836789004733,656.8863586599518,11689.208536154014,4412.9288709976245,3553.9236327499957,859.0052382476293,3284.431793299759,791.6322783850701,522.1404389348335,5507.739468764212,1347.4591972511832,2492.799514914689,2425.42655505213,3789.728992268953,1111.6538377322263,656.8863586599518,16624.277846086472,1094.8105977665864,1111.6538377322263,10695.457378181267,14619.932290175337,8067.911943541459,1886.4428761516565,5457.209748867293,12228.192215054489,6484.647386771319,13643.024372168231,3705.512792440754,1936.972596048576,2273.8373953613714,3570.7668727156356,4665.577470482222,185.2756396220377,1970.6590759798557,2189.621195533173,1701.1672365296188,3975.004631890991,3301.275033265399,1515.8915969075813,1179.0267975947852,1364.3024372168231,12986.138013508278,3503.3939128530765,437.92423910663456,2122.248235670613,152852.4026881811,66598.17082413973,53898.36789004733,56155.36204544306,36667.73340519782,8775.32802209833,1869.5996361860168,2155.9347156018935,39817.41927877246,2795.9778342962054,1482.2051169763015,1852.756396220377,2240.150915430092,1499.0483569419414,17399.066884505904,13205.100133061596,10796.516817975105,2930.723754021323,2829.6643142274847,3385.4912330935977,1684.323996563979,1448.518637045022,29812.53473918243,16.843239965639793,7966.852503747622,1111.6538377322263,5255.090869279615,3099.1561536777217,3873.945192097152,1195.870037560425,2964.410233952603,4177.123511478668,7124.690505465632,7411.025584881508,1600.10779673578,1819.0699162890974,67.37295986255917,3082.3129137120814,269.4918394502367,252.64859948459684,1061.1241178353066,1532.734836873221,134.74591972511834,1431.6753970793823,1077.9673578009467,724.259318522511,976.9079180071078,2172.777955567533,134.74591972511834,960.064678041468,690.5728385912314,151.58915969075812,151.58915969075812,842.1619982819896,1650.6375166326995,1650.6375166326995,421.0809991409948,151.58915969075812,134.74591972511834,909.5349581445487,353.7080392784356,269.4918394502367,387.3945192097152,943.2214380758282,1852.756396220377,353.7080392784356,2459.1130349834098,235.80535951895706,808.4755183507099,1903.2861161172962,623.1998787286723,151.58915969075812,1616.9510367014198,151.58915969075812,2526.4859948459684,774.7890384194304
SRR6784539,cfs,15484.842128641405,9710.414944414968,8340.839266104853,4528.236702160474,10154.601650893926,7612.86660826434,629.2645008451886,2282.6261305168605,3047.6143472306194,1505.2993941786865,8649.302256715238,2035.8557380285515,4972.423408639432,27465.544683948818,16879.094846200354,9044.134884696534,9007.119325823287,1036.435648450899,6687.477636433181,3664.5403284513923,4762.668575024369,3639.863289202561,1147.482325070638,2603.4276407516622,209.75483361506286,123.38519624415463,2763.8283958690636,1813.762384789073,1431.2682764321937,814.3422952114205,1270.8675213147928,2677.4587584981555,407.17114760571025,802.0037755870051,1233.8519624415462,4195.096672301257,2714.474317371402,3479.4625340851608,135.7237158685701,1826.1009044134885,7946.006638123557,2850.198033239972,111.04667661973917,10105.247572396263,2282.6261305168605,1826.1009044134885,394.8326279812948,382.49410835687934,555.2333830986958,431.8481868545412,7045.29470554123,2850.198033239972,1875.4549829111504,7082.310264414476,2443.026885634262,740.3111774649277,111.04667661973917,15435.488050143744,2393.6728071365997,1616.3460707984254,13177.538958875713,8698.656335212901,7871.975520377066,1554.6534726763484,6193.936851456562,13103.507841129222,6551.753920564611,16225.153306106335,2862.5365528643874,863.6963737090824,2307.3031697656916,2097.5483361506285,4577.590780658136,382.49410835687934,1295.5445605636235,3701.5558873246387,1974.163139906474,4713.3144965267065,3516.478092958407,974.7430503288216,234.4318728638938,1098.1282465729762,16928.448924698016,3504.1395733339914,974.7430503288216,222.09335323947835,151985.88473354967,67565.73346329907,53388.774414845706,56300.66504620775,36361.61733315237,9068.811923945364,2591.089121127247,1764.4083062914112,37768.20857033574,4121.065554554764,1628.684590422841,2035.8557380285515,4121.065554554764,1739.7312670425804,16533.616296716722,11869.655878687674,11943.686996434168,555.2333830986958,2800.84395474231,1418.9297568077782,2196.2564931459524,2331.980209014522,36620.72624526509,197.4163139906474,8007.699236245636,2677.4587584981555,5293.2249188742335,3602.847730329315,6638.123557935519,1307.883080188039,2381.3342875121843,4145.742593803596,7341.4191765272,6736.831714930842,1591.6690315495948,1863.1164632867349,0.0,5552.333830986959,1122.805285821807,925.3889718311597,604.5874615963577,1529.9764334275173,419.50966723012573,690.9570989672659,2072.871296901798,320.801510234802,1048.7741680753143,3664.5403284513923,493.5407849766185,1431.2682764321937,925.3889718311597,493.5407849766185,493.5407849766185,900.7119325823287,1270.8675213147928,1270.8675213147928,1406.5912371833629,493.5407849766185,493.5407849766185,962.4045307044062,2751.4898762446483,1147.482325070638,925.3889718311597,1048.7741680753143,481.2022653522031,296.12447098597113,1320.2215998124545,1517.6379138031018,481.2022653522031,2060.532777277382,1344.8986390612854,530.5563438498649,481.2022653522031,493.5407849766185,1826.1009044134885,1332.5601194368699
SRR6784544,cfs,16600.73150705382,8643.726207359856,9748.451145778907,4672.687915204896,13092.483391804135,9524.520415018287,1597.3725460924088,2806.598492199746,2821.5272075837875,567.2911845935657,7837.575576621632,1672.0161230126148,5672.911845935658,26573.113383593343,22318.4294991416,10838.247368813914,6702.9932074345,970.3664999626782,6553.706053594089,7001.567515115325,6016.272299768604,2522.9528999029635,865.8654922743898,4732.402776741062,373.2178846010301,209.00201537657685,3194.7450921848176,1582.4438307083676,2254.236022990222,1089.7962230350079,1164.4397999552139,4418.899753676196,955.4377845786371,2179.5924460700157,1433.1566768679554,2493.095469134881,1955.6617153093978,2493.095469134881,388.1465999850713,910.6516384265134,7524.072553556766,4314.398745987907,641.9347615137718,11659.326714936178,2418.451892214675,1059.9387922669255,791.2219153541838,701.6496230499365,836.0080615063074,447.8614615212361,4986.190938269762,1657.0874076285734,2567.7390460550873,1791.4458460849444,3433.604538329477,1149.5110845711727,641.9347615137718,14510.711353288048,418.0040307531537,328.43173844890646,10196.312607300142,12002.687168769127,9927.5957303874,2179.5924460700157,7628.573561245055,12166.90303799358,7329.9992535642305,12450.548630290365,3956.1095767709185,1463.014107636038,3717.2501306262593,3284.317384489065,5896.8425766962755,358.28916921698885,1254.012092259461,4463.68589982832,1910.8755691572742,4836.90378442935,1985.5191460774802,776.2931999701426,910.6516384265134,1000.2239307307607,14913.786668657163,4553.258192132567,373.2178846010301,447.8614615212361,158169.73949391654,69612.59983578413,54250.95170560573,57430.76808240651,37396.43203702321,8330.223184294991,3090.244084496529,567.2911845935657,39919.38493692618,3224.6025229528996,1895.9468537732328,1836.231992237068,3015.6005075763233,283.64559229678287,7180.712099723819,9524.520415018287,9061.73023811301,89.57229230424721,1403.299246099873,761.3644845861013,821.0793461222662,731.507053818019,34798.835560200045,403.07531536911245,8151.078599686498,2194.5211614540567,5672.911845935658,4135.254161379413,7404.642830484437,2000.4478614615214,2194.5211614540567,3627.677838322012,8076.435022766291,8225.722176606703,925.5803538105546,2000.4478614615214,149.28715384041203,3224.6025229528996,686.7209076658954,313.50302306486526,1657.0874076285734,2403.523176830634,388.1465999850713,1597.3725460924088,1776.5171307009032,1463.014107636038,1537.657684556244,3135.0302306486524,149.28715384041203,373.2178846010301,1045.0100768828843,149.28715384041203,149.28715384041203,1358.5130999477494,1985.5191460774802,2000.4478614615214,522.5050384414421,149.28715384041203,149.28715384041203,1433.1566768679554,641.9347615137718,567.2911845935657,612.0773307456893,1224.1546614913786,627.0060461297305,358.28916921698885,1806.3745614689856,59.71486153616482,223.93073076061805,2299.0221691423453,940.5090691945958,283.64559229678287,1463.014107636038,149.28715384041203,2642.3826229752926,582.2198999776069
SRR6784546,cfs,14330.290072807118,12673.83181170307,6510.266188990331,2080.2033976655493,5816.865056435147,4275.973650756963,308.17828113563695,1540.8914056781848,1078.6239839747293,423.74513656150083,4815.285642744328,2889.1713856465967,7858.546168958742,19068.531145267538,14715.512924226665,11595.20782772834,11441.118687160522,654.8788474132285,10901.806695173156,2311.337108517277,2580.9931045109597,8744.558727223699,1040.1016988327747,2311.337108517277,308.17828113563695,0.0,2580.9931045109597,1309.757694826457,1617.935975962094,1155.6685542586386,462.26742170345545,3351.438807350052,1232.7131245425478,500.7897068454101,963.0571285488654,2041.6811125235952,7742.979313532879,2311.337108517277,192.6114257097731,963.0571285488654,8359.335875804152,1656.4582611040487,0.0,9129.781578643244,1579.4136908201394,1849.0696868138218,77.04457028390924,886.0125582649563,192.6114257097731,5739.820486151239,4275.973650756963,924.5348434069109,1579.4136908201394,5277.553064447783,1117.1462691166842,462.26742170345545,0.0,18952.964289841675,654.8788474132285,616.3565622712739,10439.539273469703,5855.387341577102,4853.807927886282,1232.7131245425478,4507.107361608691,13251.66608883239,7242.189606687469,20647.944836087678,2118.725682807504,5277.553064447783,4507.107361608691,1964.6365422396855,5046.419353596055,847.4902731230017,577.8342771293193,3197.3496667822337,1386.8022651103663,3967.7953696213262,2966.2159559305055,3813.7062290535077,539.3119919873646,1271.2354096845027,14792.557494510575,2966.2159559305055,192.6114257097731,269.6559959936823,158865.90392542086,80087.83081012366,55395.04603413074,57128.5488655187,40987.71139103972,10709.195269463386,1810.5474016718672,847.4902731230017,46611.965021765085,7434.801032397241,1040.1016988327747,5547.209060441465,3158.827381640279,539.3119919873646,9437.959859778883,6317.654763280558,11749.29696829616,731.9234176971378,731.9234176971378,1348.2799799684117,731.9234176971378,693.4011325551832,48268.423282869146,154.08914056781848,10439.539273469703,2465.4262490850956,2580.9931045109597,1656.4582611040487,3081.7828113563696,423.74513656150083,3043.260526214415,2580.9931045109597,6972.533610693787,12982.010092838707,577.8342771293193,1348.2799799684117,192.6114257097731,3312.9165222080974,847.4902731230017,154.08914056781848,308.17828113563695,654.8788474132285,77.04457028390924,462.26742170345545,2118.725682807504,385.2228514195462,308.17828113563695,3428.4833776339615,77.04457028390924,308.17828113563695,346.7005662775916,77.04457028390924,77.04457028390924,269.6559959936823,1386.8022651103663,1425.324550252321,693.4011325551832,77.04457028390924,77.04457028390924,308.17828113563695,1078.6239839747293,1117.1462691166842,1540.8914056781848,1194.1908394005932,1117.1462691166842,462.26742170345545,924.5348434069109,423.74513656150083,154.08914056781848,2542.4708193690053,1887.5919719557764,192.6114257097731,6086.52105242883,77.04457028390924,924.5348434069109,654.8788474132285
SRR6784547,cfs,13807.41810305929,6768.342207382005,13536.68441476401,2346.3586318924285,9475.679090334808,6768.342207382005,360.9782510603736,1985.380380832055,2346.3586318924285,360.9782510603736,7129.320458442378,1985.380380832055,7490.298709502753,22109.917877447886,14980.597419005506,14168.396354119664,7761.032397798032,992.6901904160275,5324.429203140511,3068.315134013176,3519.5379478386426,4512.22813825467,2887.826008482989,3429.2933850735494,180.4891255301868,270.7336882952802,3519.5379478386426,1804.8912553018681,1443.9130042414945,1353.668441476401,631.7119393556537,5956.141142496165,721.9565021207472,902.4456276509341,992.6901904160275,2797.581445717896,2978.0705712480826,6678.097644616912,270.7336882952802,1443.9130042414945,6678.097644616912,3248.8042595433626,902.4456276509341,11641.54859669705,2617.0923201877085,2436.6031946575217,270.7336882952802,2526.847757422615,902.4456276509341,1082.9347531811209,3790.271636133923,902.4456276509341,1714.6466925367747,2707.336882952802,2075.624943597148,1082.9347531811209,902.4456276509341,10558.613843515928,1443.9130042414945,1443.9130042414945,12814.727912643262,6407.363956321631,6768.342207382005,1353.668441476401,7851.2769605631265,11280.570345636675,9204.945402039528,12814.727912643262,5414.673765905604,1895.1358180669615,2165.8695063622417,2256.114069127335,3790.271636133923,541.4673765905604,2526.847757422615,2165.8695063622417,3339.048822308456,5775.652016965978,2075.624943597148,541.4673765905604,360.9782510603736,1263.4238787113075,18048.91255301868,2256.114069127335,2346.3586318924285,1443.9130042414945,150798.66438047108,72195.65021207472,53244.29203140511,61546.7918057937,39707.6076166411,7129.320458442378,2346.3586318924285,1443.9130042414945,44851.54769425142,2707.336882952802,902.4456276509341,1985.380380832055,4331.7390127244835,180.4891255301868,7490.298709502753,12183.015973287609,8302.499774388592,270.7336882952802,1534.157567006588,2797.581445717896,2436.6031946575217,631.7119393556537,40610.05324429203,812.2010648858407,8663.478025448967,3158.5596967782694,3339.048822308456,4331.7390127244835,7309.809583972566,902.4456276509341,1714.6466925367747,3700.0270733688294,5234.184640375417,5234.184640375417,270.7336882952802,2887.826008482989,0.0,2617.0923201877085,2617.0923201877085,360.9782510603736,1263.4238787113075,1082.9347531811209,180.4891255301868,992.6901904160275,2075.624943597148,541.4673765905604,812.2010648858407,4331.7390127244835,180.4891255301868,1353.668441476401,1263.4238787113075,180.4891255301868,180.4891255301868,631.7119393556537,3609.7825106037362,3609.7825106037362,1534.157567006588,180.4891255301868,180.4891255301868,631.7119393556537,1804.8912553018681,1895.1358180669615,1263.4238787113075,3609.7825106037362,451.22281382546703,992.6901904160275,1263.4238787113075,812.2010648858407,812.2010648858407,3339.048822308456,1895.1358180669615,180.4891255301868,5324.429203140511,180.4891255301868,3248.8042595433626,631.7119393556537
SRR6784549,cfs,16196.435917978477,7762.596626464283,9765.498127016435,4915.228547300955,12060.714981703224,9148.38793495442,1028.5169867700238,3421.172292835026,3800.099603750298,238.1828811467423,6181.928415217721,1667.2801680271962,6625.814693718468,24673.581187882988,22389.190827793776,10220.21090011476,6766.559123486998,1039.3434813676029,6604.16170452331,5748.868631314553,6539.202736937835,2749.929627785116,963.5580191845485,3821.752592945456,216.52989195158392,151.57092436610873,3518.6107442132384,1721.4126410150923,1970.4220167594135,757.8546218305437,530.4982352813805,3388.6928090422884,1439.9237814780329,1829.677586990884,1927.116038369097,2479.2672628456357,3875.885065933352,1948.7690275642553,140.74442976852953,1136.7819327458155,9733.018643223697,3096.37745490765,822.8135894160189,12537.080743996708,4070.761968689778,2381.8288114674233,1104.302448953078,1840.5040815884634,779.5076110257021,378.92731091527185,4157.373925470411,1916.2895437715176,1331.6588355022411,2804.062100773012,2598.358703419007,1450.7502760756122,822.8135894160189,12666.998679167658,498.01875148864303,454.7127730983262,12331.377346642703,12905.1815603144,7578.546218305437,2360.1758222722647,6322.672844986251,13316.588355022412,6842.344585670052,13165.017430656302,3442.8252820301846,1201.7409003312907,3388.6928090422884,3821.752592945456,5575.6447177532855,649.5896758547517,2381.8288114674233,2154.47242491826,2219.4313925037354,4763.657622934847,3161.3364224931256,2046.207478942468,887.7725570014941,1385.791308490137,12233.938895264491,4179.026914665569,389.75380551285105,790.3341056232814,156789.29476214192,69365.3508866899,52800.81415239374,57564.47177532859,38369.09685382067,11887.491068141957,3724.3141415672435,606.2836974644349,44182.9244527207,2587.5322088214275,920.2520407942317,660.4161704523309,3529.4372388108177,1201.7409003312907,6744.906134291839,9040.12298897863,9678.8861702358,259.8358703419007,1840.5040815884634,920.2520407942317,368.10081631769265,627.9366866595934,30509.061775978174,194.87690275642552,8293.094861745663,1277.526362514345,6160.275426022563,2793.2356061754326,4947.708031093693,2793.2356061754326,2923.153541346383,4092.414957884936,8314.747850940823,10025.333997358335,1201.7409003312907,3496.95775501808,227.3563865491631,2760.7561223826947,1006.8639975748652,725.3751380378061,876.9460624039149,2684.970660199641,324.79483792737585,1461.5767706731915,1028.5169867700238,562.9777190741181,2078.6869627352057,3312.907346859234,389.75380551285105,801.1606002208605,1288.3528571119243,389.75380551285105,389.75380551285105,1764.7186194054088,1894.6365545763592,1905.4630491739383,140.74442976852953,389.75380551285105,389.75380551285105,1883.8100599787801,508.84524608622223,227.3563865491631,487.19225689106383,801.1606002208605,1017.6904921724445,606.2836974644349,1905.4630491739383,335.6213325249551,660.4161704523309,1797.1981031981466,811.9870948184397,411.40679470800944,768.6811164281229,389.75380551285105,2446.7877790528983,1147.6084273433946
SRR6784550,cfs,21172.270890179105,8473.011509344931,13807.110764622612,7098.455162792606,16863.959953224054,12329.975586238023,430.831093695505,3549.227581396303,3877.4798432595453,287.2207291303367,6995.876330960343,1477.1351783845887,3610.774880495661,28086.084155673634,22464.76417126562,11099.029604250865,6852.2659663951745,1354.0405801858728,6257.308741768048,6072.666844469974,5682.867283507375,2974.7861231356296,143.61036456516834,4082.637506924071,123.09459819871572,0.0,4000.5744414582605,1395.072112918778,2338.797365775599,164.12613093162093,266.70496276388405,2195.18700121043,1169.3986828877994,1990.029337545904,2584.98656217303,1046.3040846890835,3282.522618632419,471.86262642841024,123.09459819871572,451.3468600619576,8226.822312947499,3815.9325441601873,471.86262642841024,9150.031799437867,2728.596926738198,1374.5563465523255,861.66218739101,1579.7140102168516,512.8941591613155,266.70496276388405,3262.0068522659667,2523.439263073672,2913.2388240362716,2051.576636645262,4472.437067886671,1948.9978048129988,471.86262642841024,12309.459819871572,205.15766366452618,143.61036456516834,9211.579098537226,13663.500400057444,8883.326836673985,1723.32437478202,8226.822312947499,17028.086084155675,9478.28406130111,13950.721129187781,3220.975319533061,841.1464210245574,3159.4280204337033,4041.6059741911663,5416.162320743491,102.57883183226309,656.5045237264837,2154.155468477525,820.6306546581047,3241.4910858995136,1702.8086084155673,2195.18700121043,1169.3986828877994,1046.3040846890835,13786.59499825616,3569.743347762756,61.54729909935786,1025.788318322631,152821.94366370555,69938.24754323698,59208.50173358226,59393.14363088033,44498.697248835735,7980.633116550069,3672.322179595019,184.6418972980736,43206.203967749214,1620.7455429497568,800.1148882916522,574.4414582606734,5149.457357979607,287.2207291303367,5354.615021644134,5211.004657078965,10442.525080524383,102.57883183226309,2810.6599922040086,164.12613093162093,246.18919639743143,123.09459819871572,30732.618016946024,164.12613093162093,11652.955296145086,1169.3986828877994,4821.205096116365,4287.795170588598,4144.184806023429,2913.2388240362716,2523.439263073672,5621.319984408017,6298.3402745009535,7898.570051084259,389.79956096259974,4451.921301520219,82.06306546581047,1969.5135711794514,164.12613093162093,266.70496276388405,1128.367150154894,2933.7545904027243,123.09459819871572,2564.4707958065774,348.7680282296945,635.9887573600312,2420.860431241409,1169.3986828877994,143.61036456516834,328.25226186324187,533.4099255277681,143.61036456516834,143.61036456516834,2051.576636645262,738.5675891922943,738.5675891922943,82.06306546581047,143.61036456516834,143.61036456516834,2195.18700121043,943.7252528568205,225.6734300309788,41.031532732905234,143.61036456516834,123.09459819871572,943.7252528568205,1990.029337545904,164.12613093162093,0.0,1682.2928420491148,164.12613093162093,205.15766366452618,184.6418972980736,143.61036456516834,4185.216338756334,492.37839279486286
SRR6784552,cfs,16645.145034802055,9653.23926805455,9684.734339075934,4740.008188718466,13731.850965323927,9905.19983622563,1259.8028408554062,2362.1303266038863,2031.4320808793425,755.8817045132437,8235.961072092217,2440.8680041573493,5228.181789549935,24377.184970552105,18786.809864256244,10787.061824824414,8456.426569241914,1842.4616547510316,7558.817045132437,6676.955056533653,4881.736008314699,4661.270511165003,960.5996661522472,4488.047620547384,346.44578123523667,283.4556391924664,4692.765582186387,1401.5306604516393,2078.67468741142,2031.4320808793425,551.1637428742403,3747.913451544833,929.1045951308621,1212.5602343233284,692.8915624704733,2110.1697584328053,2346.3827910931936,1826.714119240339,251.96056817108123,1700.7338351547983,7165.128657365122,4850.240937293313,314.95071021385155,11479.953387294889,3118.01203111713,1921.1993323044944,834.6193820667066,976.3472016629397,362.1933167459293,692.8915624704733,7306.856476961356,771.6292400239363,2346.3827910931936,2881.7989984567416,4251.834587886996,409.435923278007,314.95071021385155,13243.677364492458,409.435923278007,362.1933167459293,11653.176277912507,10613.838934206797,9306.793486819313,1401.5306604516393,7858.020219835596,11416.963245252118,7070.6434443009675,16645.145034802055,6125.7913136594125,1181.0651633019431,2314.887720071809,2314.887720071809,5165.191647507166,519.668671852855,1039.33734370571,3259.7398507133635,1133.8225567698655,4582.532833611539,1921.1993323044944,614.1538849170105,740.1341690025512,1354.2880539195617,16440.42707316305,3558.9430254165222,566.9112783849328,0.0,157317.87975181884,70438.7263393279,56313.18698623666,59399.703946332396,37557.87219300179,8487.921640263297,2708.5761078391233,692.8915624704733,40738.87436616169,4645.52297565431,2031.4320808793425,535.4162073635476,4535.290227079462,866.1144530880918,12314.572769361595,9763.472016629397,9306.793486819313,110.23274857484803,1747.976441686876,1417.278195962332,1433.0257314730243,960.5996661522472,33384.77528266826,141.7278195962332,7984.0005039211355,2031.4320808793425,4708.513117697081,3669.1757739913705,4677.018046675696,1338.540518408869,992.0947371736322,6125.7913136594125,6613.964914490883,7984.0005039211355,960.5996661522472,1763.7239771975685,125.98028408554062,3732.165916034141,992.0947371736322,440.9309942993921,1496.0158735157947,1559.006015558565,299.20317470315894,1307.0454473874838,803.1243110453214,834.6193820667066,992.0947371736322,2803.0613209032786,236.21303266038865,519.668671852855,614.1538849170105,236.21303266038865,236.21303266038865,850.3669175773991,1102.3274857484805,1102.3274857484805,645.6489559383957,236.21303266038865,236.21303266038865,960.5996661522472,1055.0848792164027,834.6193820667066,220.46549714969606,992.0947371736322,913.3570596201695,645.6489559383957,1496.0158735157947,440.9309942993921,913.3570596201695,1055.0848792164027,582.6588138956254,251.96056817108123,346.44578123523667,236.21303266038865,2157.412364964883,629.9014204277031
SRR6784555,cfs,8690.16606968414,4579.1273200911755,8161.022468251384,3113.806577661999,6186.909801367633,4253.500488440248,1017.5838489091501,3073.1032237056334,3541.1917942038426,854.7704330836862,8486.649299902312,1322.8590035818952,7835.395636600457,36470.20514490394,34516.44415499837,15100.944317811787,4111.038749592966,569.8469553891241,8120.319114295019,3256.2683165092803,7408.010420058613,2808.531422989254,1607.7824812764572,7937.154021491371,590.198632367307,183.165092803647,2055.519374796483,3561.5434711820258,3195.2132855747313,1160.0455877564311,2401.4978834255944,4904.754151742103,2645.7180071637904,3195.2132855747313,1058.287202865516,1078.638879843699,1994.4643438619341,4049.9837186584177,40.70335395636601,691.9570172582221,3195.2132855747313,4497.720612178444,345.97850862911105,8384.890915011398,2035.1676978183002,2014.8160208401173,142.46173884728103,956.5288179746011,447.73689352002606,671.6053402800391,2991.696515792901,1994.4643438619341,1383.9140345164442,2767.8280690328884,4314.555519374796,814.0670791273201,345.97850862911105,8303.484207098665,1017.5838489091501,956.5288179746011,10155.486812113317,6532.888309996744,4965.809182676652,1790.9475740801042,7794.6922826440905,7163.790296320417,5800.227938782156,9402.474763920547,2971.3448388147185,264.571800716379,834.418756105503,4579.1273200911755,8445.945945945947,325.62683165092807,1139.6939107782482,4660.534028003907,2869.586453923803,5535.656138065777,1363.5623575382613,305.27515467274503,2320.0911755128623,2645.7180071637904,22712.47150765223,10114.783458156951,1689.1891891891894,244.22012373819604,155669.97720612178,75484.36991208076,39441.54998371866,57249.26733962879,25887.33311624878,11946.434386193421,3602.2468251383916,976.8804949527841,36470.20514490394,6349.723217193096,936.1771409964181,3541.1917942038426,2625.3663301856072,223.86844676001303,11071.312276131554,7306.252035167698,13635.623575382611,366.330185607294,895.4737870400521,936.1771409964181,1506.0240963855422,1668.837512211006,48274.17779225008,244.22012373819604,7672.582220774992,5311.7876913057635,5413.546076196678,2218.332790621947,5372.8427222403125,2116.574405731032,3541.1917942038426,6370.074894171279,11091.663953109737,6695.701725822208,1811.2992510582872,997.2321719309671,325.62683165092807,2808.531422989254,936.1771409964181,264.571800716379,2971.3448388147185,3337.675024422012,122.11006186909802,549.4952784109411,2767.8280690328884,1892.7059589710193,1546.7274503419083,2991.696515792901,142.46173884728103,590.198632367307,1078.638879843699,142.46173884728103,142.46173884728103,1322.8590035818952,2096.2227287528494,2096.2227287528494,508.79192445457505,142.46173884728103,142.46173884728103,1404.265711494627,488.4402474763921,1037.9355258873331,549.4952784109411,2075.8710517746663,162.81341582546403,366.330185607294,264.571800716379,386.68186258547706,305.27515467274503,3256.2683165092803,1160.0455877564311,162.81341582546403,2381.1462064474113,142.46173884728103,1526.3757733637253,447.73689352002606
SRR6784557,cfs,13155.625631297578,6232.908772880688,9977.581237220073,2734.596339089946,6676.356827868247,6750.26483703284,541.9920672070164,1083.9841344140327,1108.620137468897,985.4401221945752,8203.789017269837,1256.4361557980833,9115.32113029982,15372.865906235373,17343.746150624524,13328.077652681628,5518.464684289621,1207.1641496883544,5001.108620137469,2414.328299376709,5740.1887117834,3966.396491833165,4040.3045009977577,4188.120519326944,1182.5281466334902,172.45202138405065,2266.512281047523,2315.7842871572516,2217.240274937794,3720.0364612845215,837.6241038653889,6528.54080953906,1749.156216895371,886.8961099751176,1207.1641496883544,2636.0523268704883,4212.756522381808,7834.248971446873,270.9960336035082,1601.3401985661847,8795.053090586583,1946.2442413342858,812.9881008105244,12367.273533541918,4656.204577369367,4089.576507107487,763.7160947007957,2636.0523268704883,911.532113029982,665.1720824813383,4335.936537656131,3547.5844399004704,640.5360794264739,2734.596339089946,1847.7002291148283,2044.7882535537435,788.3520977556601,14855.50984208322,837.6241038653889,665.1720824813383,9706.585203616565,9287.773151683872,11874.55347244463,2094.060259663472,5863.368727057722,8893.597102806041,5148.924638466656,10297.849276933312,5888.004730112586,3522.9484368456065,1059.3481313591683,2660.688329925353,4138.848513217215,1330.3441649626766,3769.30846739425,4951.83661402774,6282.180778990417,3744.6724643393854,2291.148284102387,2389.692296321845,812.9881008105244,2685.3243329802176,9115.32113029982,2389.692296321845,1010.0761252494394,1182.5281466334902,155600.99529452343,68364.90847724864,49025.646079180115,55726.638910103225,31558.719913281268,9805.129215836021,1305.7081619078122,1207.1641496883544,37446.724643393856,6331.452785100145,1724.5202138405066,5937.276736222315,2907.0483604739966,886.8961099751176,15274.321894015915,14387.425784040797,10938.385356359784,443.4480549875588,739.0800916459314,886.8961099751176,665.1720824813383,1502.7961863467272,19314.62639501367,344.9040427681013,7760.340962282279,2488.236308541302,6232.908772880688,3005.5923726934543,11973.09748466409,1157.8921435786258,2857.7763543642677,4951.83661402774,9780.493212781159,11554.285432731393,1305.7081619078122,2291.148284102387,492.7200610972876,2783.868345199675,1773.7922199502352,936.1681160848464,911.532113029982,1059.3481313591683,418.81205193269443,1157.8921435786258,2463.600305486438,911.532113029982,443.4480549875588,3572.220442955335,443.4480549875588,936.1681160848464,4533.024562095046,443.4480549875588,443.4480549875588,295.63203665837256,4927.200610972876,5050.380626247197,665.1720824813383,443.4480549875588,443.4480549875588,344.9040427681013,541.9920672070164,2020.1522504988789,1281.0721588529477,4311.300534601267,1872.3362321696927,763.7160947007957,837.6241038653889,615.9000763716095,123.1800152743219,2857.7763543642677,1699.8842107856422,468.0840580424232,5518.464684289621,443.4480549875588,4188.120519326944,960.8041191397108
SRR24907818,cfs,13882.840439711257,8010.346147247846,6598.308193779115,4156.934162080843,6598.308193779115,9725.906277630416,1359.2514879184976,3233.171014951766,3259.564247726883,593.8477374401203,8393.048022487035,1187.6954748802407,8155.508927510987,20995.816672605146,18198.133998442798,14635.047573802078,8683.373583013316,1715.56013038257,7271.335629544586,6334.375866027951,3629.0695065785135,3219.974398564208,1306.4650223682647,2243.4247858848994,290.3255605262811,488.2748063396545,1702.3635139950115,1425.234569856289,1174.4988584926825,950.1563799041926,1557.2007337318712,2850.469139712578,884.1732979664014,686.224052153028,395.89849162674693,1662.7736648323369,3866.6086015545616,3259.564247726883,237.53909497604815,2085.0653892342007,9791.889359568208,7046.993150956095,2771.289441387228,16113.068609208598,3417.9236443775817,2032.2789236839676,1385.644720693614,712.6172849281445,2401.7841825355977,3642.2661229660716,6347.572482415509,2718.502975836995,752.2071340908192,4763.978515908521,3312.3507132771156,2177.441703947108,2771.289441387228,14212.755849400213,818.1902160286103,844.5834488037267,13803.660741385907,8393.048022487035,6981.0100690183035,1346.0548715309394,5476.595800836665,9791.889359568208,6901.830370692954,13104.240072845323,4737.585283133405,1860.7229106457105,1966.2958417461762,1821.1330614830358,3167.1879330139755,1148.105625717566,2362.194333372923,2546.9469627987382,2045.4755400715258,7152.56608205656,2863.665756100136,1134.9090093300078,541.0612718898875,870.9766815788431,13645.30134473521,2758.09282499967,593.8477374401203,369.50525885163046,165195.2439394539,59200.02111458622,50846.56294126186,50886.15279042454,33809.73118492418,7112.976232893886,3998.574765430143,818.1902160286103,36026.76273803397,6756.667590429814,1689.1668976074534,3035.221769138393,1438.4311862438472,131.9661638755823,13038.256990907532,11296.303627749845,13658.497961122768,277.12894413872283,2045.4755400715258,329.9154096889557,316.7187933013975,950.1563799041926,41199.8363619568,263.9323277511646,8406.244638874592,2375.3909497604814,7390.105177032609,3800.6255196167704,5001.517610884569,3629.0695065785135,2071.8687728466425,3774.232286841654,6281.589400477717,10385.737097008327,329.9154096889557,2230.228169497341,79.17969832534938,4724.388666745846,607.0443538276786,290.3255605262811,3365.1371788273486,2230.228169497341,197.94924581337347,804.993599641052,2085.0653892342007,1174.4988584926825,791.7969832534939,4526.439420932473,184.75262942581523,501.47142272721277,2058.672156459084,184.75262942581523,184.75262942581523,699.4206685405861,3457.513493540256,3378.333795214907,739.0105177032609,184.75262942581523,184.75262942581523,739.0105177032609,1214.0887076553572,963.3529962917509,277.12894413872283,752.2071340908192,1821.1330614830358,448.6849571769798,976.549612679309,712.6172849281445,131.9661638755823,910.5665307415179,1966.2958417461762,211.14586220093167,804.993599641052,184.75262942581523,1227.2853240429154,1702.3635139950115
SRR24907822,cfs,13410.301953818827,6927.175843694494,8436.944937833037,7104.795737122558,6483.1261101243335,8081.70515097691,2486.678507992895,2664.298401420959,1598.5790408525756,976.9094138543516,9680.284191829485,2131.4387211367675,7371.225577264654,20071.047957371225,16785.07992895204,11634.103019538188,7104.795737122558,2397.868561278863,10035.523978685613,8792.184724689165,4884.547069271759,3730.0177619893425,710.4795737122557,3463.587921847247,710.4795737122557,266.42984014209594,2930.7282415630552,2220.248667850799,2397.868561278863,621.6696269982237,1865.0088809946712,4174.067495559502,1776.1989342806396,1332.1492007104796,621.6696269982237,3463.587921847247,2397.868561278863,3019.538188277087,0.0,1154.5293072824156,8170.515097690942,5772.646536412079,621.6696269982237,14387.211367673179,2042.6287744227354,1687.3889875666075,355.23978685612786,888.0994671403198,799.2895204262878,1776.1989342806396,5417.40674955595,888.0994671403198,621.6696269982237,4618.1172291296625,3818.827708703375,888.0994671403198,621.6696269982237,16962.699822380106,266.42984014209594,266.42984014209594,15630.550621669625,13587.921847246891,6749.55595026643,1065.7193605683838,5683.836589698046,9769.094138543518,9857.904085257549,17850.799289520426,3818.827708703375,1865.0088809946712,1065.7193605683838,3285.968028419183,4174.067495559502,444.0497335701599,1598.5790408525756,3996.4476021314385,1687.3889875666075,5239.7868561278865,4351.687388987567,621.6696269982237,888.0994671403198,1687.3889875666075,12078.152753108348,3996.4476021314385,621.6696269982237,444.0497335701599,155683.83658969804,61456.48312611012,55595.02664298401,49555.950266429834,39431.616341030196,8969.804618117229,2930.7282415630552,710.4795737122557,38721.13676731794,4351.687388987567,1065.7193605683838,2575.488454706927,3996.4476021314385,799.2895204262878,10657.193605683837,15541.740674955596,9857.904085257549,710.4795737122557,3552.397868561279,1332.1492007104796,444.0497335701599,1953.818827708703,29129.662522202485,1332.1492007104796,8614.564831261101,2664.298401420959,5950.266429840141,5772.646536412079,7992.895204262877,799.2895204262878,2397.868561278863,3552.397868561279,6483.1261101243335,10923.623445825931,976.9094138543516,3907.637655417406,177.61989342806393,3108.348134991119,444.0497335701599,799.2895204262878,1865.0088809946712,1154.5293072824156,88.80994671403197,0.0,1332.1492007104796,710.4795737122557,1154.5293072824156,4085.257548845471,88.80994671403197,355.23978685612786,444.0497335701599,88.80994671403197,88.80994671403197,710.4795737122557,3197.1580817051513,3108.348134991119,799.2895204262878,88.80994671403197,88.80994671403197,710.4795737122557,1420.9591474245115,1598.5790408525756,532.8596802841919,532.8596802841919,444.0497335701599,355.23978685612786,3552.397868561279,710.4795737122557,266.42984014209594,2220.248667850799,1154.5293072824156,88.80994671403197,621.6696269982237,88.80994671403197,1154.5293072824156,1332.1492007104796
SRR24907824,cfs,16459.16860097067,8018.569318421608,10761.764085250054,2637.6872757965816,7702.046845326018,6752.479426039248,738.5524372230428,2215.657311669129,6224.941970879932,738.5524372230428,7913.061827389744,2110.1498206372653,4536.82211437012,26587.887740029542,17936.273475416754,10128.719139058874,7491.031863262292,2004.642329605402,8018.569318421608,3903.7771681789404,2848.7022578603082,3903.7771681789404,2637.6872757965816,2426.672293732855,316.5224730955898,422.029964127453,2954.2097488921713,1266.0898923823593,738.5524372230428,422.029964127453,1371.5973834142226,4009.284659210804,316.5224730955898,1793.6273475416754,527.5374551593163,3376.239713019624,2426.672293732855,2743.194766828445,211.0149820637265,844.059928254906,7174.509390166701,2321.164802700992,1266.0898923823593,11183.794049377506,2637.6872757965816,1477.1048744460857,738.5524372230428,949.5674192867693,1582.6123654779487,633.0449461911796,5275.374551593163,1793.6273475416754,2426.672293732855,4114.792150242667,2110.1498206372653,1266.0898923823593,1266.0898923823593,16986.706056129988,2004.642329605402,1582.6123654779487,9284.659210803968,6752.479426039248,7702.046845326018,1160.582401350496,7174.509390166701,9917.704156995147,10339.7341211226,13082.928887951044,3798.2696771470773,1688.119856509812,1371.5973834142226,3903.7771681789404,3165.2247309558975,1266.0898923823593,2004.642329605402,4114.792150242667,2110.1498206372653,4114.792150242667,3270.732221987761,1160.582401350496,105.50749103186325,211.0149820637265,15826.123654779489,3587.2546950833507,1371.5973834142226,633.0449461911796,150031.65224730954,68896.39164380671,51487.655623549275,52964.76049799536,38299.21924456636,6330.449461911795,2954.2097488921713,1899.1348385735387,37349.651825279594,5697.4045157206165,1793.6273475416754,1160.582401350496,3692.762186115214,949.5674192867693,16881.198565098122,10867.271576281915,14771.048744460855,527.5374551593163,2848.7022578603082,1160.582401350496,105.50749103186325,738.5524372230428,33445.87465710065,527.5374551593163,9601.181683899556,2848.7022578603082,6224.941970879932,4853.34458746571,10128.719139058874,844.059928254906,3059.7172399240344,6013.926988816206,6435.956952943659,8124.076809453471,1055.0749103186326,2321.164802700992,633.0449461911796,4642.329605401984,2110.1498206372653,949.5674192867693,2110.1498206372653,1371.5973834142226,844.059928254906,2743.194766828445,3903.7771681789404,1055.0749103186326,1055.0749103186326,3165.2247309558975,738.5524372230428,1055.0749103186326,1055.0749103186326,738.5524372230428,738.5524372230428,422.029964127453,1477.1048744460857,1477.1048744460857,527.5374551593163,738.5524372230428,738.5524372230428,527.5374551593163,1160.582401350496,1582.6123654779487,2110.1498206372653,633.0449461911796,633.0449461911796,949.5674192867693,2848.7022578603082,422.029964127453,105.50749103186325,2004.642329605402,3903.7771681789404,738.5524372230428,633.0449461911796,738.5524372230428,2215.657311669129,1266.0898923823593
SRR24907831,cfs,13708.96742548107,8049.301974594391,7546.220601182241,4276.19167400327,8049.301974594391,6917.368884417055,880.3924034712616,3521.5696138850462,3773.1103005911204,1131.9330901773362,9307.005408124765,2892.717897119859,6665.82819771098,23267.513520311913,18110.92944283738,11822.41227518551,5030.813734121494,2766.947553766822,9935.85712488995,6162.74682429883,5408.124764180606,5785.435794239718,1006.1627468242989,2138.095837001635,0.0,251.54068670607472,3521.5696138850462,1886.5551502955602,2389.63652370771,503.08137341214945,503.08137341214945,3521.5696138850462,1131.9330901773362,503.08137341214945,1760.7848069425231,1760.7848069425231,3395.7992705320084,4276.19167400327,1006.1627468242989,503.08137341214945,7420.450257829204,5785.435794239718,1760.7848069425231,11948.182618538549,1257.7034335303736,628.8517167651868,503.08137341214945,628.8517167651868,1383.473776883411,1886.5551502955602,8300.842661300465,1635.0144635894856,1131.9330901773362,2012.3254936485978,3144.258583825934,1509.2441202364482,1760.7848069425231,18362.470129543453,377.31103005911206,377.31103005911206,12451.263991950698,9935.85712488995,8175.072317947427,2012.3254936485978,3773.1103005911204,10690.479185008175,11822.41227518551,17104.76669601308,5911.206137592755,377.31103005911206,754.6220601182241,3898.880643944158,3647.3399572380836,1006.1627468242989,1760.7848069425231,3144.258583825934,1257.7034335303736,5282.354420827569,2012.3254936485978,1886.5551502955602,880.3924034712616,1131.9330901773362,13457.426738774997,2892.717897119859,628.8517167651868,251.54068670607472,152056.34511382214,61627.4682429883,53452.39592504087,47038.10841403597,36850.71060243995,9432.7757514778,4653.502704062383,1383.473776883411,37856.87334926424,4653.502704062383,3144.258583825934,1886.5551502955602,1509.2441202364482,503.08137341214945,9307.005408124765,14212.04879889322,11948.182618538549,880.3924034712616,1886.5551502955602,628.8517167651868,377.31103005911206,1257.7034335303736,44522.70154697522,377.31103005911206,9684.316438183876,3647.3399572380836,8049.301974594391,5030.813734121494,5911.206137592755,1383.473776883411,3898.880643944158,3395.7992705320084,8426.613004653504,10187.397811596025,880.3924034712616,3898.880643944158,251.54068670607472,3270.028927178971,754.6220601182241,628.8517167651868,2892.717897119859,1635.0144635894856,251.54068670607472,628.8517167651868,2263.8661803546725,1006.1627468242989,880.3924034712616,3647.3399572380836,251.54068670607472,251.54068670607472,754.6220601182241,251.54068670607472,251.54068670607472,503.08137341214945,2641.1772104137845,2641.1772104137845,754.6220601182241,251.54068670607472,251.54068670607472,628.8517167651868,1509.2441202364482,880.3924034712616,377.31103005911206,1006.1627468242989,0.0,1131.9330901773362,2012.3254936485978,0.0,0.0,1257.7034335303736,1635.0144635894856,251.54068670607472,377.31103005911206,251.54068670607472,1383.473776883411,1509.2441202364482
SRR24907840,cfs,24540.420819490588,9346.622369878185,8770.764119601328,2613.510520487265,7043.189368770764,5847.1760797342195,753.0454042081949,2524.9169435215945,3765.2270210409743,44.296788482835,6112.956810631229,2746.4008859357696,6600.221483942414,26312.29235880399,20996.67774086379,12624.584717607975,4031.0077519379847,1461.7940199335549,7264.673311184939,5094.130675526025,4828.349944629015,2790.6976744186045,2347.7297895902543,5182.724252491695,221.48394241417498,398.67109634551497,2923.5880398671097,2790.6976744186045,3322.2591362126245,2347.7297895902543,1683.27796234773,4562.569213732004,2569.2137320044294,4872.646733111849,2303.43300110742,2923.5880398671097,1373.2004429678848,4695.459579180509,487.26467331118494,310.077519379845,10011.074197120708,5359.911406423034,0.0,11915.836101882614,2834.99446290144,2037.6522702104096,708.74861572536,1771.8715393133998,0.0,664.4518272425249,4961.24031007752,2347.7297895902543,1018.8261351052048,8283.499446290143,2126.2458471760797,88.59357696567,0.0,23964.562569213733,2126.2458471760797,221.48394241417498,7486.1572535991145,9080.841638981174,10498.338870431895,664.4518272425249,6112.956810631229,13643.410852713178,9789.590254706534,18914.728682170542,841.638981173865,310.077519379845,3588.0398671096345,3100.7751937984494,5714.285714285715,398.67109634551497,620.15503875969,3277.9623477297896,1904.7619047619048,4385.382059800664,2081.9490586932448,88.59357696567,1638.9811738648948,2170.5426356589146,14617.940199335548,3012.1816168327796,398.67109634551497,1506.0908084163898,146799.55703211518,65382.05980066446,58294.573643410855,56921.37320044296,43588.03986710963,9568.106312292359,3189.3687707641197,1594.6843853820599,39246.95459579181,2746.4008859357696,1107.4197120708748,487.26467331118494,1993.3554817275744,221.48394241417498,11339.97785160576,7397.563676633444,9258.028792912513,354.37430786268,3189.3687707641197,1594.6843853820599,1018.8261351052048,1328.9036544850499,29058.693244739756,132.89036544850498,8416.389811738649,4385.382059800664,3100.7751937984494,2569.2137320044294,4341.085271317829,1240.31007751938,1771.8715393133998,4828.349944629015,7441.86046511628,5359.911406423034,265.78073089700996,4872.646733111849,2392.0265780730897,1727.5747508305649,88.59357696567,177.18715393134,132.89036544850498,1506.0908084163898,177.18715393134,354.37430786268,1594.6843853820599,398.67109634551497,1151.71650055371,2126.2458471760797,88.59357696567,310.077519379845,442.96788482834995,88.59357696567,88.59357696567,1018.8261351052048,664.4518272425249,620.15503875969,708.74861572536,88.59357696567,88.59357696567,1107.4197120708748,3100.7751937984494,1018.8261351052048,753.0454042081949,1284.6068660022147,1373.2004429678848,310.077519379845,2126.2458471760797,310.077519379845,132.89036544850498,2081.9490586932448,1506.0908084163898,88.59357696567,310.077519379845,88.59357696567,5315.614617940199,930.232558139535
SRR24907844,cfs,14943.45718901454,7794.830371567044,7350.565428109855,4483.037156704362,6785.137318255251,6946.6882067851375,969.3053311793215,2342.4878836833605,4159.9353796445885,242.32633279483036,8441.03392568659,3634.8949919224556,6421.647819063005,28473.34410339257,20476.575121163165,12641.357027463651,8239.095315024233,3231.0177705977385,8723.747980613893,4523.424878836834,3715.670436187399,4886.91437802908,848.1421647819063,4038.772213247173,807.7544426494346,242.32633279483036,2907.915993537965,1777.0597738287559,1655.896607431341,646.2035541195477,726.9789983844912,4038.772213247173,1009.6930533117933,525.0403877221324,1332.794830371567,3877.221324717286,3190.6300484652666,2625.2019386106626,363.4894991922456,767.3667205169628,8642.97253634895,3756.058158319871,444.26494345718896,11025.848142164781,2302.1001615508885,1413.5702746365105,363.4894991922456,848.1421647819063,726.9789983844912,888.5298869143779,5250.403877221325,1534.7334410339256,1655.896607431341,6502.423263327948,2786.752827140549,969.3053311793215,444.26494345718896,17609.046849757673,1373.1825525040388,1615.5088852988692,9208.400646203554,9329.56381260097,8360.258481421648,1575.1211631663973,6138.933764135702,7673.667205169628,9450.726978998384,15751.211631663975,3675.2827140549275,1050.0807754442649,1534.7334410339256,1978.9983844911148,3554.1195476575117,888.5298869143779,1696.2843295638127,2665.589660743134,2625.2019386106626,4442.64943457189,2746.3651050080775,1575.1211631663973,565.4281098546043,1050.0807754442649,19184.16801292407,3432.956381260097,444.26494345718896,161.55088852988692,155573.5056542811,65468.49757673667,51615.50888529886,52180.93699515347,35662.35864297253,8723.747980613893,3150.2423263327946,1534.7334410339256,37641.35702746365,2463.6510500807753,1534.7334410339256,1413.5702746365105,3069.466882067851,1211.631663974152,12277.867528271405,11954.765751211631,12641.357027463651,848.1421647819063,2625.2019386106626,2625.2019386106626,2786.752827140549,767.3667205169628,35945.072697899835,403.8772213247173,9127.62520193861,4483.037156704362,6098.546042003231,3877.221324717286,7431.340872374798,1090.4684975767366,2584.8142164781907,4361.873990306946,7915.993537964459,9006.462035541195,1373.1825525040388,2665.589660743134,403.8772213247173,3594.507269789984,2342.4878836833605,646.2035541195477,1978.9983844911148,1252.0193861066234,323.10177705977384,1009.6930533117933,2221.324717285945,444.26494345718896,767.3667205169628,2907.915993537965,242.32633279483036,807.7544426494346,888.5298869143779,242.32633279483036,242.32633279483036,767.3667205169628,1898.2229402261712,1857.8352180936995,686.5912762520194,242.32633279483036,242.32633279483036,888.5298869143779,1171.2439418416802,767.3667205169628,888.5298869143779,686.5912762520194,605.815831987076,888.5298869143779,2261.712439418417,525.0403877221324,323.10177705977384,2907.915993537965,2423.263327948304,242.32633279483036,1171.2439418416802,242.32633279483036,1292.4071082390954,848.1421647819063
SRR24907847,cfs,16017.130620985012,7623.126338329765,9593.147751605997,3683.0835117773017,9079.229122055674,5910.064239828694,428.26552462526763,2740.8993576017133,2569.593147751606,1027.8372591006423,9336.188436830837,2055.6745182012846,7708.779443254818,22869.379014989292,21584.582441113493,13704.496788008564,4539.614561027837,1370.4496788008566,7023.55460385439,8736.61670235546,3854.389721627409,3254.817987152034,1970.0214132762312,3083.5117773019274,513.9186295503212,428.26552462526763,2826.5524625267662,2569.593147751606,2826.5524625267662,1456.10278372591,1370.4496788008566,6509.635974304068,2226.9807280513915,1456.10278372591,428.26552462526763,1370.4496788008566,3597.4304068522483,3683.0835117773017,0.0,513.9186295503212,7451.820128479657,4025.695931477516,1798.7152034261242,8051.391862955032,1113.4903640256957,342.61241970021416,171.30620985010708,256.9593147751606,1627.408993576017,1284.796573875803,5824.41113490364,685.2248394004283,2055.6745182012846,4625.267665952891,2483.9400428265526,1456.10278372591,1798.7152034261242,14989.293361884369,256.9593147751606,256.9593147751606,14732.334047109207,10877.944325481798,6937.901498929336,1370.4496788008566,4625.267665952891,13704.496788008564,11220.556745182013,15074.94646680942,3683.0835117773017,1541.7558886509637,1713.0620985010705,3169.164882226981,2912.20556745182,1541.7558886509637,2398.286937901499,4111.349036402569,1541.7558886509637,6766.59528907923,2826.5524625267662,1113.4903640256957,942.1841541755888,2141.3276231263385,12077.087794432548,5053.533190578158,1970.0214132762312,85.65310492505354,158800.85653104924,70406.852248394,56188.43683083512,53190.578158458244,40342.612419700214,7880.085653104925,3683.0835117773017,942.1841541755888,44025.695931477516,4882.226980728052,1027.8372591006423,1541.7558886509637,3340.471092077088,171.30620985010708,8993.576017130621,9336.188436830837,10449.67880085653,1370.4496788008566,1884.3683083511776,1370.4496788008566,1199.1434689507496,0.0,26895.074946466808,513.9186295503212,8479.657387580299,2655.2462526766594,6595.289079229122,3426.124197002141,6081.370449678801,770.8779443254818,1884.3683083511776,2055.6745182012846,8479.657387580299,12762.312633832977,171.30620985010708,3854.389721627409,856.5310492505353,2655.2462526766594,428.26552462526763,342.61241970021416,2226.9807280513915,1370.4496788008566,342.61241970021416,1627.408993576017,1284.796573875803,513.9186295503212,685.2248394004283,3426.124197002141,256.9593147751606,599.5717344753748,513.9186295503212,256.9593147751606,256.9593147751606,685.2248394004283,2826.5524625267662,2826.5524625267662,599.5717344753748,256.9593147751606,256.9593147751606,685.2248394004283,1456.10278372591,685.2248394004283,342.61241970021416,0.0,0.0,256.9593147751606,1970.0214132762312,342.61241970021416,342.61241970021416,1370.4496788008566,942.1841541755888,256.9593147751606,0.0,256.9593147751606,2483.9400428265526,1627.408993576017
SRR24907848,cfs,13898.662913441238,9324.41942294159,6333.56790992259,3518.648838845883,6597.4665728360305,7389.162561576354,1055.594651653765,3782.5475017593244,2111.18930330753,791.6959887403237,8004.926108374385,1055.594651653765,9060.520760028148,19704.433497536946,18736.805066854326,11611.541168191416,8620.689655172413,3078.817733990148,7828.993666432089,6597.4665728360305,4134.412385643913,5629.838142153413,1143.560872624912,1671.3581984517944,351.8648838845883,351.8648838845883,2726.9528501055597,791.6959887403237,1055.594651653765,703.7297677691766,1319.4933145672062,3958.4799437016186,703.7297677691766,703.7297677691766,1055.594651653765,4750.175932441942,2902.885292047854,3606.61505981703,1231.527093596059,615.7635467980296,8444.75721323012,3078.817733990148,615.7635467980296,10028.149190710767,2638.9866291344124,1319.4933145672062,879.6622097114707,967.6284306826178,703.7297677691766,2023.2230823363827,7653.061224489796,1935.2568613652356,1143.560872624912,5277.973258268825,2990.851513019001,1143.560872624912,615.7635467980296,17241.379310344826,439.83110485573536,263.8986629134412,12667.13581984518,10995.777621393385,7213.23011963406,1935.2568613652356,5981.703026038002,11875.439831104857,9060.520760028148,16449.6833216045,4750.175932441942,1583.3919774806475,1847.2906403940885,6509.500351864884,2463.054187192118,1671.3581984517944,791.6959887403237,4222.37860661506,2199.1555242786767,4838.1421534130895,2726.9528501055597,967.6284306826178,351.8648838845883,615.7635467980296,14074.595355383532,3430.682617874736,703.7297677691766,615.7635467980296,155788.17733990148,63599.57776213934,54978.88810696692,52427.86769880366,37209.71147079521,10995.777621393385,4398.311048557353,615.7635467980296,38617.17100633357,4750.175932441942,3430.682617874736,2287.121745249824,2902.885292047854,879.6622097114707,11787.47361013371,10116.115411681914,11699.507389162562,175.93244194229416,2375.087966220971,0.0,87.96622097114708,2023.2230823363827,35538.35327234342,791.6959887403237,11171.710063335679,2375.087966220971,6333.56790992259,4046.4461646727655,6245.601688951443,967.6284306826178,2814.9190710767066,4750.175932441942,8532.723434201265,9852.216748768473,967.6284306826178,2463.054187192118,527.7973258268825,3782.5475017593244,1055.594651653765,615.7635467980296,1231.527093596059,615.7635467980296,175.93244194229416,439.83110485573536,3254.750175932442,439.83110485573536,351.8648838845883,3782.5475017593244,175.93244194229416,439.83110485573536,615.7635467980296,175.93244194229416,175.93244194229416,351.8648838845883,2814.9190710767066,2726.9528501055597,879.6622097114707,175.93244194229416,175.93244194229416,351.8648838845883,967.6284306826178,1055.594651653765,2375.087966220971,703.7297677691766,1143.560872624912,351.8648838845883,1495.4257565095004,527.7973258268825,175.93244194229416,1847.2906403940885,2990.851513019001,439.83110485573536,1671.3581984517944,175.93244194229416,615.7635467980296,1671.3581984517944
SRR24907857,cfs,15014.222456819447,8562.798744904841,8137.591272983196,7404.47494208381,8005.630333421308,6128.852526318876,3445.6467552271192,1979.414093428345,2170.0243394621857,1246.2977625289582,9955.719773613677,3592.270021406997,7653.734494589602,20644.55587812674,18797.102724260287,13650.626081346589,5938.242280285035,821.0902906073136,8225.565232691124,9955.719773613677,3958.82818685669,2023.4010732823083,498.5191050115832,2096.7127063722473,439.86979853963226,337.2335122137181,2492.5955250579163,1451.5703351807865,2477.933198439928,278.5842057417671,2345.9722588780387,3548.283041553034,1099.6744963490808,2683.205771091757,923.7265769332278,1612.8559279786516,4501.334271722237,4340.048678924371,219.93489926981613,689.1293510454238,9031.99319668045,3240.3741825752913,689.1293510454238,17316.207735843524,1950.0894401923697,1407.5833553268233,498.5191050115832,674.4670244274362,615.8177179554851,909.06425031524,5586.346441453329,938.3889035512154,615.8177179554851,2697.8680977097447,1979.414093428345,938.3889035512154,689.1293510454238,17990.67476027096,762.4409841353626,425.2074719216445,17888.038473945046,16993.636550247793,10043.693733321605,1730.1545409225535,6715.345591038386,11246.004515996598,10146.330019647517,21832.20433418375,5087.827336441746,821.0902906073136,1524.881968270725,1202.310782674995,4765.256150846016,513.181431629571,747.7786575173749,3093.7509163954137,777.1033107533503,6407.436732060643,3606.9323480249845,1979.414093428345,469.1944517756077,1099.6744963490808,10556.875164951174,4354.71100554236,982.3758834051788,219.93489926981613,164218.0581214627,60584.733585525355,60247.50007331163,52359.168352834226,44104.278466907126,6730.007917656373,2477.933198439928,469.1944517756077,39441.658602387026,2991.1146300694995,747.7786575173749,718.4540042813993,3167.062549485352,439.86979853963226,6993.929796780153,9691.797894489897,7213.864696049969,513.181431629571,1143.6614762030438,293.24653235975484,454.53212515762,1070.3498431131052,24002.228673645935,234.59722588780386,11597.900354828304,2976.452303451512,5718.307381015219,5263.7752558576,6803.319550746312,1041.0251898771298,3694.906307732911,4442.684965250286,6598.046978094484,8284.214539163075,513.181431629571,4120.113779654555,102.6362863259142,2565.9071581478547,322.5711855957303,513.181431629571,1231.6354359109703,1026.362863259142,307.90885897774257,131.9609395618897,1319.6093956188968,513.181431629571,806.4279639893258,3944.165860238703,278.5842057417671,865.0772704612767,747.7786575173749,278.5842057417671,278.5842057417671,762.4409841353626,3504.2960616990704,3416.3221019911443,351.8958388317058,278.5842057417671,278.5842057417671,777.1033107533503,850.414943843289,630.4800445734729,263.9218791237794,205.2725726518284,806.4279639893258,263.9218791237794,2214.011319316149,219.93489926981613,146.62326617987742,1011.7005366411541,1114.3368229670684,263.9218791237794,278.5842057417671,278.5842057417671,542.5060848655464,1832.7908272484678
SRR24907912,cfs,13786.693517155913,8519.86678026489,5963.906746185423,6351.173418015645,10301.293470683913,5654.093408721246,1084.3466811246224,4414.8400588645345,5189.373402524979,1084.3466811246224,9991.480133219735,2246.1466966152893,8442.413445898846,23700.720316009607,18976.066919680892,13244.520176593602,8132.600108434668,2168.6933622492447,9991.480133219735,6041.360080551467,3485.4000464720007,3795.2133839361786,1084.3466811246224,3485.4000464720007,464.72000619626675,77.45333436604446,2401.053365347378,1626.5200216869337,2091.2400278832006,1084.3466811246224,851.986678026489,3640.3067152040894,1471.6133529548447,2091.2400278832006,929.4400123925335,1781.4266904190226,2555.960034079467,2246.1466966152893,0.0,1084.3466811246224,9294.400123925334,2168.6933622492447,851.986678026489,12624.893501665247,3098.1333746417786,1781.4266904190226,929.4400123925335,1239.2533498567113,774.5333436604446,1394.1600185888,4027.573387034312,2091.2400278832006,1006.893346758578,3795.2133839361786,2091.2400278832006,1239.2533498567113,851.986678026489,17039.73356052978,0.0,0.0,15413.213538842847,11075.826814344358,6196.266749283557,1471.6133529548447,7203.160096042135,9449.306792657424,6196.266749283557,14948.49353264658,2478.5066997134227,774.5333436604446,697.0800092944,2788.3200371776,3562.8533808380453,1084.3466811246224,1394.1600185888,2323.6000309813335,2168.6933622492447,5499.186739989156,2865.773371543645,1161.8000154906667,1006.893346758578,1471.6133529548447,15877.933545039115,4027.573387034312,464.72000619626675,697.0800092944,152737.9753698397,65215.70753620943,53287.89404383859,53675.16071566881,38571.760514290145,7590.426767872357,5344.280071257068,619.6266749283557,35705.9871427465,3562.8533808380453,1394.1600185888,2168.6933622492447,3330.493377739912,232.36000309813338,10533.653473782048,11695.453489272712,13476.880179691736,232.36000309813338,2168.6933622492447,1316.706684222756,1316.706684222756,542.1733405623112,33769.653783595386,542.1733405623112,6041.360080551467,2555.960034079467,7900.240105336534,2401.053365347378,4337.3867244984895,3485.4000464720007,2633.413368445512,6273.720083649601,9604.213461389512,8829.680117729069,232.36000309813338,2943.2267059096894,464.72000619626675,2555.960034079467,619.6266749283557,697.0800092944,1394.1600185888,3175.5867090078227,154.90666873208892,0.0,1316.706684222756,774.5333436604446,3330.493377739912,4802.106730694756,154.90666873208892,309.81333746417783,542.1733405623112,154.90666873208892,154.90666873208892,2943.2267059096894,2943.2267059096894,2943.2267059096894,1084.3466811246224,154.90666873208892,154.90666873208892,3020.6800402757335,3485.4000464720007,1471.6133529548447,619.6266749283557,1316.706684222756,542.1733405623112,232.36000309813338,387.2666718302223,542.1733405623112,77.45333436604446,1394.1600185888,1394.1600185888,851.986678026489,1316.706684222756,154.90666873208892,4414.8400588645345,1549.0666873208893
SRR24907926,cfs,15179.062196101646,8625.428100291743,5750.285400194494,5961.692951672233,7779.7978943807875,6680.478626696546,2071.7940044818397,4904.6551942835395,2494.6091074373176,634.2226544332163,7230.138260538667,2029.5124941862923,11500.570800388989,21859.54082279819,23085.704621369077,18942.116612405396,6595.915606105451,3340.239313348273,7314.701281129762,5708.003889898948,3001.9872309838906,4650.966132510253,549.6596338421208,2156.357025072936,380.5335926599298,169.12604118219105,1775.8234324130058,1099.3192676842416,1353.0083294575284,634.2226544332163,549.6596338421208,3932.180457485941,845.6302059109552,1057.037757388694,718.7856750243118,2325.4830662551267,3889.8989471903938,8498.5835694051,84.56302059109552,930.1932265020507,7822.079404676335,3509.365354530464,1141.6007779797894,10950.911166546868,1353.0083294575284,1057.037757388694,0.0,591.9411441376686,1522.1343706397192,2410.046086846222,8540.865079700647,1141.6007779797894,1141.6007779797894,4524.12160162361,2748.298169210604,1479.8528603441716,1141.6007779797894,19026.67963299649,380.5335926599298,422.8151029554776,14798.528603441715,10274.407001818106,9048.24320324722,676.5041647287642,7822.079404676335,7652.9533634941445,8033.486956154074,16870.322607923554,3551.6468648260116,1564.415880935267,1099.3192676842416,1648.9789015263627,2240.920045664031,930.1932265020507,1479.8528603441716,2071.7940044818397,2114.075514777388,8709.991120882838,3128.831761870534,1099.3192676842416,591.9411441376686,887.9117162065029,13276.394232801995,3297.9578030527255,253.68906177328654,211.4075514777388,163798.570884952,62449.790706524036,55304.21546657647,53443.829013572366,35770.1577100334,7737.516384085239,5369.751807534565,380.5335926599298,40759.37592490804,2621.453638323961,1226.1637985708849,1564.415880935267,5496.596338421208,211.4075514777388,7822.079404676335,11796.541372457825,8033.486956154074,211.4075514777388,2579.172128028413,803.3486956154073,422.8151029554776,803.3486956154073,30400.40590249884,549.6596338421208,7483.827322311953,4059.0249883725846,3255.676292757177,2198.638535368483,4270.432539850323,1437.5713500486236,1691.2604118219103,5581.159359012304,7314.701281129762,8075.768466449621,253.68906177328654,2959.7057206883433,549.6596338421208,1522.1343706397192,380.5335926599298,803.3486956154073,2029.5124941862923,1522.1343706397192,380.5335926599298,211.4075514777388,1691.2604118219103,465.09661325102536,1310.7268191619805,6934.167688469832,380.5335926599298,972.4747367975984,845.6302059109552,380.5335926599298,380.5335926599298,1226.1637985708849,5708.003889898948,5581.159359012304,803.3486956154073,380.5335926599298,380.5335926599298,1226.1637985708849,2114.075514777388,1648.9789015263627,169.12604118219105,549.6596338421208,169.12604118219105,380.5335926599298,1902.667963299649,169.12604118219105,253.68906177328654,1395.289839753076,1564.415880935267,422.8151029554776,549.6596338421208,380.5335926599298,1099.3192676842416,2494.6091074373176
SRR24907934,cfs,16518.11268296672,7891.078583694497,8667.920516804317,3557.118325292338,6296.50829994276,6950.690980456292,572.4098454493417,4374.846675934255,2780.2763921825167,245.318505192575,7359.555155777251,1839.8887889443126,6460.053970071142,25921.98871534876,21956.006214735466,14105.814048573064,6623.599640199525,3025.594897375092,8013.737836290785,6173.849047346472,4374.846675934255,4824.597268787309,858.6147681740126,2494.071469457846,245.318505192575,531.523427917246,1962.5480415406,1921.6616240085045,2248.752964265271,1103.9332733665876,1185.7061084307793,3843.323248017009,1512.797448687546,1471.9110311554502,613.2962629814375,2698.5035571183253,5642.325619429226,4947.256521383597,204.4320876604792,1022.160438302396,8422.602011611742,3884.2096655491046,408.8641753209584,9894.513042767194,1799.002371412217,1063.046855834492,572.4098454493417,654.1826805135335,572.4098454493417,2657.6171395862293,7318.668738245155,1839.8887889443126,1308.365361027067,4824.597268787309,3066.481314907188,1226.592525962875,408.8641753209584,18071.79654918636,981.2740207703,1144.8196908986833,10875.787063537493,9730.967372638808,7523.100825905634,1267.478943494971,4947.256521383597,8749.69335186851,10098.945130427672,15618.61149726061,4538.392346062638,1717.2295363480252,490.63701038515,2943.8220623109005,3761.550412952817,858.6147681740126,1676.3431188159293,1962.5480415406,2698.5035571183253,5233.461444108268,4047.7553356774874,1921.6616240085045,858.6147681740126,1267.478943494971,13778.722708316298,2616.730722054134,817.7283506419168,245.318505192575,157003.843323248,64764.0853708398,52947.9107040641,54174.50323002698,37901.70905225284,8749.69335186851,4783.710851255213,1063.046855834492,39291.8472483441,3393.5726551639546,2207.8665467331753,1594.5702837517376,2289.6393817973667,858.6147681740126,10916.673481069589,11448.196908986834,9076.784692125277,286.20492272467084,2862.0492272467086,3107.3677324392834,1349.2517785591626,981.2740207703,31686.973587374276,572.4098454493417,8831.466186932701,4947.256521383597,6419.1675525390465,3965.9825006132965,6909.804562924196,1594.5702837517376,2412.2986343936545,4415.7330934663505,7400.4415733093465,12960.99435767438,981.2740207703,3434.4590726960505,449.75059285305423,3025.594897375092,531.523427917246,367.97775778886256,776.8419331098208,1349.2517785591626,286.20492272467084,1308.365361027067,1880.7752064764086,245.318505192575,940.3876032382043,3066.481314907188,204.4320876604792,817.7283506419168,981.2740207703,204.4320876604792,204.4320876604792,899.5011857061085,2044.320876604792,1962.5480415406,695.0690980456292,204.4320876604792,204.4320876604792,1022.160438302396,1471.9110311554502,1063.046855834492,408.8641753209584,735.9555155777251,981.2740207703,1022.160438302396,1839.8887889443126,122.6592525962875,204.4320876604792,1594.5702837517376,1512.797448687546,490.63701038515,490.63701038515,204.4320876604792,1676.3431188159293,1512.797448687546
SRR24907935,cfs,21174.416066361056,8458.851779087536,11678.672778869242,4202.13927090155,8349.705304518664,3710.9801353416287,1036.8915084042785,4256.712508185986,1910.0633049552498,545.7323728443571,6767.081423270029,1200.6112202575857,10860.074219602706,23357.345557738485,19810.085134250166,17081.423270028376,6876.2278978389,2128.356254092993,7694.826457105435,6930.801135123335,4475.0054573237285,4202.13927090155,436.5858982754857,3547.260423488321,545.7323728443571,436.5858982754857,1146.03798297315,2401.2224405151715,2346.6492032307356,109.14647456887143,764.0253219821,6003.056101287928,2237.5027286618642,1091.4647456887142,272.86618642217854,1528.0506439642,6221.3490504256715,7094.520846976642,272.86618642217854,436.5858982754857,7858.546168958742,2455.795677799607,382.01266099105,9277.450338354072,1691.7703558175072,654.8788474132285,600.3056101287929,545.7323728443571,382.01266099105,2510.368915084043,8295.132067234228,982.3182711198427,927.7450338354072,1910.0633049552498,1364.3309321108927,600.3056101287929,382.01266099105,18391.180964854833,709.4520846976643,873.1717965509714,12715.56428727352,9441.170050207378,9332.023575638508,1146.03798297315,6603.361711416721,11678.672778869242,11132.940406024885,17954.59506657935,4911.591355599214,2019.2097795241216,927.7450338354072,3001.528050643964,3929.273084479371,382.01266099105,491.15913555992137,1364.3309321108927,1309.757694826457,6985.374372407771,3656.406898057193,2182.9294913774283,1146.03798297315,1746.3435931019428,9986.902423051735,2783.2351015062213,327.43942370661426,436.5858982754857,158262.38812486356,67943.68041912247,60085.13425016372,59484.828640034924,43549.4433529797,8131.412355380922,4202.13927090155,709.4520846976643,47751.582623881244,4693.298406461471,1637.1971185330713,2292.0759659463,5020.737830168086,272.86618642217854,7967.692643527614,10096.048897620607,8185.985592665357,218.29294913774285,2783.2351015062213,600.3056101287929,600.3056101287929,1036.8915084042785,16917.70355817507,272.86618642217854,7094.520846976642,4365.858982754857,2619.515389652914,3874.6998471949355,3874.6998471949355,1637.1971185330713,2073.783016808557,3219.820999781707,5184.457542021393,5948.482864003493,327.43942370661426,4802.444881030343,491.15913555992137,1582.6238812486358,0.0,163.71971185330713,600.3056101287929,1528.0506439642,272.86618642217854,1528.0506439642,873.1717965509714,109.14647456887143,1637.1971185330713,3874.6998471949355,109.14647456887143,272.86618642217854,382.01266099105,109.14647456887143,109.14647456887143,1528.0506439642,3438.11394891945,3328.9674743505784,545.7323728443571,109.14647456887143,109.14647456887143,1637.1971185330713,1691.7703558175072,873.1717965509714,764.0253219821,600.3056101287929,0.0,1528.0506439642,1200.6112202575857,109.14647456887143,272.86618642217854,1091.4647456887142,764.0253219821,109.14647456887143,1146.03798297315,109.14647456887143,2946.9548133595285,2728.6618642217854
SRR24907936,cfs,14515.550953765282,6292.063239217872,9358.448488710126,3643.8214328381982,8621.71956513082,5336.30679781769,1115.049181633547,4599.577874238382,2190.275178208753,258.85070287921627,6929.234200151328,2110.6288080920713,9975.707857114412,24650.551551113058,21245.669228624905,17661.582573374217,6829.676237505476,1891.601290271196,9597.387599060174,7128.350125443033,6650.471904742941,4838.5169845884275,676.9941459917965,3006.650471904743,338.49707299589824,398.23185058340965,1373.8998845127635,1752.2201425670025,1951.3360678587073,557.5245908167735,915.9332563418423,3683.6446178965393,1453.5462546294455,1254.4303293377404,1115.049181633547,1831.8665126836845,6750.029867388794,7825.255863963999,99.55796264585241,796.4637011668193,8561.984787543308,2508.860658675481,179.20433276253436,9955.796264585242,2050.89403050456,955.7564414001832,637.1709609334555,597.3477758751145,617.2593684042849,3026.5620644339133,9756.680339293536,1632.7505873919795,1294.2535143960815,2429.214288558799,1951.3360678587073,1075.225996575206,179.20433276253436,14893.871211819522,258.85070287921627,298.67388793755725,12942.535143960813,8860.658675480865,6909.322607622157,1772.131735096173,5993.389351280315,10652.702003106207,8462.426824897455,13539.882919835929,5157.102465055155,1334.0766994544224,1075.225996575206,3564.1750627215165,5834.096611046952,497.78981322926205,1553.1042172752975,2170.3635856795827,1991.1592529170482,7028.79216279718,3962.4069133049265,2429.214288558799,955.7564414001832,1493.3694396877863,13559.794512365099,4798.693799530087,139.38114770419338,398.23185058340965,161821.51248456852,66524.63063995859,53323.24479311855,52327.66516666003,36059.89407032775,10194.735374935288,5177.014057584326,278.76229540838676,44223.64700728764,4380.550356417506,2150.451993150412,2409.3026960296284,4699.135836884234,418.14344311258014,9497.82963641432,11927.043924973119,9000.039823185058,199.11592529170483,3106.208434550595,676.9941459917965,637.1709609334555,617.2593684042849,28971.367129943053,537.612998287603,7944.725419139024,4221.2576161841425,4101.78806100912,4818.605392059257,6531.002349567918,637.1709609334555,1951.3360678587073,4141.61124606746,5595.157500696906,10732.34837322289,477.8782207000916,3424.793915017323,537.612998287603,1792.0433276253434,238.9391103500458,278.76229540838676,716.8173310501375,696.9057385209669,99.55796264585241,776.5521086376488,1234.5187368085699,398.23185058340965,517.7014057584325,4300.903986300824,99.55796264585241,318.58548046672774,338.49707299589824,99.55796264585241,99.55796264585241,457.9666281709211,3384.9707299589822,3305.3243598423,756.6405161084783,99.55796264585241,99.55796264585241,438.05503564175064,1453.5462546294455,1115.049181633547,438.05503564175064,418.14344311258014,338.49707299589824,418.14344311258014,1533.1926247461272,199.11592529170483,99.55796264585241,975.6680339293537,1393.8114770419338,179.20433276253436,1174.7839592210585,99.55796264585241,1732.308550037832,2449.1258810879694
SRR24907940,cfs,16152.844116369952,12244.897959183672,10508.033000434218,6165.870603560574,7815.892314372557,9639.600521059487,2778.9839339991318,2865.827181936604,1563.1784628745115,521.0594876248372,5818.4976118106815,1563.1784628745115,6252.713851498046,24229.26617455493,26660.87711680417,11984.368215371254,4429.005644811115,1389.4919669995659,7729.049066435085,8250.108554059922,3994.7894051237517,3473.7299174989143,173.68649587494573,3386.8866695614415,607.9027355623101,260.5297438124186,1215.8054711246202,1997.3947025618759,2605.2974381241856,607.9027355623101,781.5892314372558,4515.848892748589,1997.3947025618759,1215.8054711246202,0.0,1215.8054711246202,5992.184107685627,4342.162396873643,0.0,6600.086843247937,7729.049066435085,6773.773339122883,0.0,14415.979157620495,1042.1189752496743,868.4324793747286,173.68649587494573,521.0594876248372,434.2162396873643,1736.8649587494572,5644.811115935736,781.5892314372558,347.37299174989147,1823.70820668693,5992.184107685627,434.2162396873643,0.0,19105.51454624403,0.0,0.0,12071.211463308728,16152.844116369952,11289.622231871472,347.37299174989147,4776.378636561008,10160.660008684325,8944.854537559706,22839.77420755536,4168.475900998697,1042.1189752496743,868.4324793747286,2605.2974381241856,3907.9461571862785,260.5297438124186,434.2162396873643,1823.70820668693,1128.9622231871472,4168.475900998697,3386.8866695614415,2344.767694311767,1128.9622231871472,1823.70820668693,8771.16804168476,3560.573165436387,260.5297438124186,173.68649587494573,163525.8358662614,61919.23577941815,61832.39253148068,53669.12722535823,45419.018671298305,13981.76291793313,3213.200173686496,0.0,42205.818497611814,2605.2974381241856,1389.4919669995659,3386.8866695614415,3213.200173686496,260.5297438124186,6860.616587060356,6513.243595310464,4689.535388623534,0.0,1215.8054711246202,347.37299174989147,0.0,173.68649587494573,22579.244463742943,694.7459834997829,8163.26530612245,4342.162396873643,6426.400347372992,1476.3352149370387,2605.2974381241856,1302.6487190620928,1563.1784628745115,1476.3352149370387,10942.24924012158,11984.368215371254,260.5297438124186,3907.9461571862785,173.68649587494573,868.4324793747286,0.0,347.37299174989147,694.7459834997829,7555.362570560139,173.68649587494573,434.2162396873643,607.9027355623101,347.37299174989147,1128.9622231871472,2692.140686061659,173.68649587494573,173.68649587494573,434.2162396873643,173.68649587494573,173.68649587494573,955.2757273122014,2344.767694311767,2257.9244463742943,521.0594876248372,173.68649587494573,173.68649587494573,955.2757273122014,1302.6487190620928,694.7459834997829,347.37299174989147,0.0,0.0,781.5892314372558,3039.51367781155,0.0,0.0,781.5892314372558,521.0594876248372,173.68649587494573,1128.9622231871472,173.68649587494573,2344.767694311767,1215.8054711246202
SRR24907986,cfs,15824.006175221923,8876.88151292937,10163.386080020584,5917.921008619581,8876.88151292937,7075.7751190016725,1543.805480509456,2701.659590891548,3344.911874437154,0.0,9005.531969638492,3087.610961018912,11707.19156053004,23285.73266435096,25730.091341824264,13636.94841116686,5274.668725073973,1543.805480509456,7976.328315965522,10292.036536729705,3216.261417728033,3859.5137012736395,900.5531969638492,4760.066898237489,1929.7568506368198,0.0,1286.5045670912132,2058.4073073459413,1801.1063939276985,514.6018268364853,2573.0091341824264,4631.416441528367,1929.7568506368198,1543.805480509456,0.0,900.5531969638492,4116.8146146918825,7976.328315965522,0.0,0.0,12865.045670912132,3859.5137012736395,0.0,11449.890647111797,1801.1063939276985,1029.2036536729706,643.2522835456066,771.902740254728,0.0,1286.5045670912132,6175.221922037824,643.2522835456066,514.6018268364853,2444.3586774733053,2444.3586774733053,643.2522835456066,0.0,16081.307088640164,385.951370127364,385.951370127364,15180.753891676317,13636.94841116686,10806.638363566191,514.6018268364853,2573.0091341824264,10677.987906857068,7719.027402547279,15438.054805094558,2958.9605043097904,2058.4073073459413,2187.0577640550623,2058.4073073459413,3602.212787855397,128.65045670912133,0.0,1286.5045670912132,900.5531969638492,6175.221922037824,3473.5623311462755,1929.7568506368198,900.5531969638492,1672.455937218577,12607.744757493889,4888.717354946611,0.0,643.2522835456066,165058.53595780264,60594.36510999614,55062.39547150393,55705.64775504953,44899.00939148334,7590.3769458381585,3344.911874437154,257.30091341824266,40396.2434066641,4888.717354946611,0.0,2830.310047600669,1801.1063939276985,0.0,13250.997041039494,7976.328315965522,6303.872378746944,0.0,2058.4073073459413,514.6018268364853,0.0,0.0,21999.228097259744,2187.0577640550623,6561.173292165187,3988.164157982761,5531.969638492217,2958.9605043097904,3988.164157982761,2058.4073073459413,771.902740254728,7333.076032419915,11578.541103820919,8876.88151292937,0.0,2315.7082207641834,900.5531969638492,1801.1063939276985,385.951370127364,0.0,514.6018268364853,1801.1063939276985,385.951370127364,1672.455937218577,900.5531969638492,128.65045670912133,2058.4073073459413,4245.465071401003,0.0,0.0,0.0,0.0,0.0,2058.4073073459413,2701.659590891548,2701.659590891548,900.5531969638492,0.0,0.0,2058.4073073459413,2058.4073073459413,1543.805480509456,0.0,2701.659590891548,514.6018268364853,0.0,257.30091341824266,0.0,257.30091341824266,257.30091341824266,771.902740254728,0.0,1415.1550238003344,0.0,2315.7082207641834,2701.659590891548
SRR24907998,cfs,16009.158474314476,9140.302738456505,7195.9441042321605,5487.815958278061,6160.164271047228,3943.231996511057,1108.4661372680853,4542.89400519707,5887.5906307354035,654.1767367483782,11030.146644618488,2344.1333066816887,9285.675346622813,23059.729970380333,17735.458196289364,12938.162126801259,9685.450019080154,2035.2165143282878,9322.018498664389,7250.458832294525,4052.261452635787,3797.859388344751,1381.0397775799095,3452.599443949774,272.57364031182425,254.40206429103597,1980.7017862659227,2580.363794951936,2889.2805873053367,545.1472806236485,1381.0397775799095,5233.413893987025,2307.790154640112,2216.9322745361706,472.4609765404953,1908.0154821827698,3707.00150824081,3597.9720521160802,181.71576020788282,436.1178244989188,8776.87121804074,1944.3586342243461,508.80412858207194,10103.396267558284,1053.9514092057204,599.6620086860133,327.0883683741891,327.0883683741891,781.3777688938961,1126.6377132888736,5051.698133779142,963.093529101779,545.1472806236485,3180.0258036379496,1544.5839617670042,835.8924969562611,508.80412858207194,18044.374988642765,236.23048827024766,272.57364031182425,14628.118696734567,11684.323381366865,9431.04795478912,1290.181897475968,6014.791662880922,9576.420562955425,7304.97356035689,17499.22770801912,3307.2268357834673,1162.9808653304501,999.4366811433555,1526.4123857462157,4124.947756718941,508.80412858207194,526.9757046028602,1798.9860260580401,1126.6377132888736,4506.550853155494,3779.6878123239626,1508.2408097254274,1417.3829296214863,2253.275426577747,12138.612781886573,2852.9374352637606,508.80412858207194,0.0,150987.62515672983,65708.41889117044,53315.40404499282,55913.93941596555,42158.05636822881,9158.474314477295,5233.413893987025,272.57364031182425,40322.7271901292,3652.486780178445,1144.8092893096618,1580.9271138085805,3488.9425959913506,399.77467245734226,8213.552361396305,7886.463993022114,12011.411749741055,363.43152041576565,2871.1090112845486,254.40206429103597,236.23048827024766,363.43152041576565,35507.259544620305,617.8335847068016,9594.592138976213,2834.7658592429725,6069.306390943287,2725.736403118243,5887.5906307354035,4524.722429176282,2998.3100434300663,3761.5162363031745,8013.665025167633,9540.07741091385,472.4609765404953,3597.9720521160802,454.28940051970704,1562.7555377877923,1562.7555377877923,890.4072250186259,763.2061928731079,3797.859388344751,399.77467245734226,726.8630408315313,1162.9808653304501,417.94624847813054,4379.349821009976,3906.8888444694812,254.40206429103597,563.3188566444368,490.6325525612837,254.40206429103597,254.40206429103597,4233.97721284367,2144.2459704530174,2089.731242390653,1326.5250495175446,254.40206429103597,254.40206429103597,4470.207701113917,2780.2511311806074,1635.4418418709454,327.0883683741891,417.94624847813054,690.5198887899547,799.5493449146845,799.5493449146845,181.71576020788282,72.68630408315313,854.0640729770492,835.8924969562611,254.40206429103597,581.4904326652251,254.40206429103597,3325.398411804256,2216.9322745361706
SRR24908003,cfs,15153.143471252015,6609.349811929071,9940.891993551853,4298.764105319721,7684.040838259001,4674.905964535196,1773.2401934443849,5158.516926383664,1450.8328855454056,214.93820526598603,7684.040838259001,2041.9129500268673,11391.724879097259,27619.559376679204,27780.763030628696,20956.47501343364,4674.905964535196,1450.8328855454056,7898.979043524986,8221.386351423966,5265.986029016657,3815.1531434712524,161.2036539494895,3815.1531434712524,1020.9564750134336,429.87641053197206,2149.3820526598606,2095.6475013433637,2041.9129500268673,0.0,859.7528210639441,4030.091348737238,1719.5056421278882,913.4873723804407,483.6109618484686,1182.1601289629232,9081.13917248791,7146.695325094036,107.46910263299301,107.46910263299301,7200.429876410532,4083.8259000537346,376.14185921547556,9994.62654486835,537.3455131649652,537.3455131649652,0.0,268.6727565824826,376.14185921547556,3707.684040838259,8490.05910800645,1343.3637829124127,161.2036539494895,2310.58570660935,2686.7275658248254,1558.3019881783987,376.14185921547556,16066.630843632454,161.2036539494895,214.93820526598603,15099.408919935518,9833.42289091886,7469.102632993015,1074.6910263299303,6663.084363245567,9887.157442235357,8866.200967221923,16120.365394948953,4728.640515851693,1128.4255776464267,806.0182697474476,2149.3820526598606,4137.560451370231,214.93820526598603,859.7528210639441,1182.1601289629232,268.6727565824826,8382.590005373455,3653.9494895217626,3170.338527673294,1128.4255776464267,1773.2401934443849,12358.946802794197,4137.560451370231,161.2036539494895,107.46910263299301,168726.49113379902,62493.28318108543,54862.976894142936,51961.31112305212,37829.12412681354,8758.73186458893,5212.251477700161,268.6727565824826,45781.83772165503,5104.782375067168,1504.5674368619023,2471.7893605588392,6985.491671144546,107.46910263299301,7200.429876410532,12573.885008060182,4836.109618484686,591.0800644814616,2256.8511552928535,322.407307898979,214.93820526598603,107.46910263299301,21762.493283181087,483.6109618484686,6340.677055346588,6501.880709296078,3600.214938205266,4083.8259000537346,4406.233207952714,752.2837184309511,1612.0365394948951,3922.6222461042453,6501.880709296078,12466.41590542719,107.46910263299301,3331.5421816227836,537.3455131649652,1880.7092960773778,0.0,537.3455131649652,913.4873723804407,967.2219236969372,376.14185921547556,268.6727565824826,698.5491671144546,161.2036539494895,806.0182697474476,3922.6222461042453,322.407307898979,698.5491671144546,591.0800644814616,322.407307898979,322.407307898979,806.0182697474476,3868.887694787749,3761.4185921547555,107.46910263299301,322.407307898979,322.407307898979,806.0182697474476,806.0182697474476,752.2837184309511,0.0,322.407307898979,0.0,0.0,1020.9564750134336,107.46910263299301,214.93820526598603,698.5491671144546,698.5491671144546,322.407307898979,1988.1783987103709,322.407307898979,1504.5674368619023,2955.4003224073076
SRR24908017,cfs,12794.46342220842,6778.758706357305,7098.1766558715235,5199.414400425891,8145.157712612573,5953.5956701122395,1082.4719400204071,3859.633556630141,2794.9070582494123,257.3089037753427,8633.15735770374,3256.288540881061,8739.630007541813,23858.746284548157,21046.093784659064,16769.442349496472,7009.449447673129,1889.889534625793,8180.64859589193,6255.26817798678,4205.669668603878,4596.069384676811,470.25420345148837,2697.307129231179,638.8358990284371,186.32713721662748,2519.852712834391,1552.7261434718957,1881.0168138059535,390.3997160729338,1357.5262854354287,3877.3789982698195,1295.4172396965528,975.9992901823344,1614.8351892107714,2386.7619005367997,5820.504857814649,4809.0146843529565,133.09081229759104,487.9996450911672,10806.973958564393,2945.743312186682,328.2906703340579,11108.646466438935,2031.8530677432234,1543.8534226520565,257.3089037753427,967.1265693624949,550.108690830043,2031.8530677432234,7009.449447673129,2005.234905283705,1135.7082649394438,5110.687192227497,2706.179850051018,1286.5445188767135,328.2906703340579,16574.24249146001,301.67250787453975,328.2906703340579,13584.135575174128,11073.155583159576,8322.61212900936,1357.5262854354287,5740.650370436094,9476.065835588483,8908.211703118763,14915.043698150037,3815.2699525309436,1322.035402156071,1588.2170267512531,2626.325362672463,3211.924936781864,700.9449447673129,1472.871656093341,2484.361829555033,1162.3264273989619,6556.940685861319,4471.851293199059,2289.161971518566,656.5813406681158,1277.6717980568742,15030.38906880795,3540.215607115922,479.12692427132777,150.83625393726987,163160.46315602682,65950.93385386629,53795.306330686304,53129.85226919835,36777.42779823433,8482.32110376647,4383.124085000666,674.3267823077947,42154.29661505701,3620.070094494477,1100.217381660086,1499.4898185528593,4037.087973026929,319.41794951421855,10061.665409697884,10789.228516924715,9138.902444434585,230.6907413158245,3211.924936781864,1268.799077237035,1242.1809147775166,603.3450157490795,30841.57756976177,1073.5992192005679,7595.049021782529,3753.1609067920676,4933.232775830709,2679.5616875915,4454.105851559381,1987.4894636440267,2262.5438090590483,5864.868461913847,7790.248879818997,10416.57424249146,372.65427443325495,2431.1255046359965,390.3997160729338,2324.6528547979237,487.9996450911672,1330.9081229759106,967.1265693624949,1428.508051994144,283.92706623486094,292.79978705470035,1135.7082649394438,505.74508673084597,1437.3807728139834,4409.7422474601835,257.3089037753427,612.2177365689189,887.2720819839404,257.3089037753427,257.3089037753427,1384.144447894947,2759.4161749700547,2697.307129231179,975.9992901823344,257.3089037753427,257.3089037753427,1410.762610354465,1889.889534625793,1526.1079810123774,195.1998580364669,638.8358990284371,337.16339115389735,354.90883279357615,1259.9263564171954,417.01787853245196,239.56346213566388,1810.0350472472385,1126.8355441196043,248.43618295550334,257.3089037753427,257.3089037753427,1304.2899605163923,1969.744022004348
SRR24908035,cfs,13828.633405639914,7071.583514099783,8882.863340563992,4013.015184381779,8546.637744034706,6399.132321041215,1377.4403470715833,2744.034707158351,1518.4381778741865,553.1453362255966,7516.2689804772235,3091.106290672451,7407.809110629067,27548.80694143167,21800.433839479392,18123.644251626898,5509.761388286333,1908.8937093275488,8275.488069414318,4837.310195227766,3622.5596529284167,4273.318872017353,292.8416485900217,2049.891540130152,444.6854663774404,271.14967462039044,1930.58568329718,1236.4425162689804,911.0629067245119,227.76572668112797,770.0650759219088,2353.579175704989,911.0629067245119,878.5249457700651,1366.594360086768,2169.1973969631235,6312.36442516269,5173.53579175705,108.45986984815617,303.6876355748373,8937.09327548807,3633.405639913232,726.6811279826464,12462.039045553145,2223.427331887202,1149.6746203904556,574.8373101952278,997.8308026030369,770.0650759219088,2006.5075921908895,8633.405639913231,2711.4967462039044,1778.7418655097615,5639.913232104122,3112.7982646420824,2039.045553145336,726.6811279826464,16876.355748373102,390.45553145336225,444.6854663774404,11073.752711496747,7581.344902386118,6984.815618221258,1171.3665943600868,3839.479392624729,9924.07809110629,8828.633405639914,13991.323210412147,5563.991323210413,672.4511930585683,1540.1301518438177,3405.6399132321044,3991.3232104121475,509.761388286334,986.9848156182212,3470.7158351409976,2125.8134490238613,6757.04989154013,3644.2516268980476,1811.2798264642083,444.6854663774404,770.0650759219088,14793.926247288502,4577.006507592191,281.99566160520607,390.45553145336225,164652.9284164859,66529.284164859,50911.06290672452,49804.77223427332,33731.01952277657,7624.728850325379,3047.7223427331887,835.1409978308027,40357.91757049891,4609.544468546637,2212.5813449023863,2049.891540130152,1735.3579175704988,422.99349240780913,14436.008676789588,12125.81344902386,12733.188720173537,249.45770065075922,3036.876355748373,2776.5726681127985,1507.592190889371,824.2950108459869,31355.748373101957,119.3058568329718,8145.3362255965285,4360.086767895878,5520.607375271149,4078.091106290672,9403.470715835141,1138.82863340564,2169.1973969631235,6019.522776572669,6887.201735357918,10173.535791757049,520.6073752711496,3015.184381778742,444.6854663774404,2776.5726681127985,520.6073752711496,520.6073752711496,1420.824295010846,672.4511930585683,130.1518438177874,715.8351409978308,1854.6637744034706,1052.060737527115,281.99566160520607,4132.321041214751,108.45986984815617,704.9891540130152,1171.3665943600868,108.45986984815617,108.45986984815617,271.14967462039044,3091.106290672451,3015.184381778742,845.9869848156183,108.45986984815617,108.45986984815617,271.14967462039044,1713.6659436008676,1127.9826464208243,444.6854663774404,412.14750542299345,325.37960954446856,249.45770065075922,1041.2147505422993,477.2234273318872,325.37960954446856,2863.340563991323,1843.817787418655,238.6117136659436,911.0629067245119,108.45986984815617,1312.36442516269,1518.4381778741865
SRR24908053,cfs,18320.562545328412,6684.955696402107,7315.6118941758905,6811.086935956863,8040.866521615741,3500.1418976444993,1355.9108252136348,4099.265285529594,3941.6012360861473,1545.1076845457699,7788.604042506228,2049.632642764797,9018.383628165106,20212.531138649763,16933.11891022609,14410.494119130955,8608.457099612147,1229.779585658878,8166.997761170499,8608.457099612147,4130.798095418282,2396.4935515403777,283.79528899820264,2932.551319648094,220.72966922082426,346.860908775581,1103.6483461041214,2112.698262542175,3563.2075174218776,1040.582726326743,2301.89512187431,3783.9371866427014,1797.3701636552832,2491.0919812064453,472.99214833033767,1292.8452054362565,4982.183962412891,4446.126194305174,220.72966922082426,157.66404944344592,7977.800901838363,914.4514867719863,0.0,11761.738088481065,1986.5670229874183,378.3937186642702,1387.443635102324,378.3937186642702,157.66404944344592,851.3858669946079,4919.118342635512,1545.1076845457699,819.8530571059187,2018.0998328761077,756.7874373285404,536.057768107716,0.0,16586.25800145051,220.72966922082426,0.0,17311.51262889036,12959.984864251253,7126.415034843755,788.3202472172295,8703.055529278214,11635.606848926307,10122.031974269228,18415.16097499448,4477.659004193863,819.8530571059187,693.721817551162,2018.0998328761077,4351.527764639107,504.5249582190269,472.99214833033767,3121.7481789802287,1229.779585658878,5108.315201967647,3531.674707533188,1545.1076845457699,1324.3780153249456,1828.9029735439726,9712.105445716268,4067.7324756409043,346.860908775581,157.66404944344592,148834.86267461293,65651.31018825088,60259.199697285025,55623.876643647716,46195.56648692965,6653.422886513417,4351.527764639107,472.99214833033767,40740.39037618642,2428.026361429067,693.721817551162,1355.9108252136348,5265.979251411093,1009.0499164380539,5802.03701951881,9302.178917163308,8860.71957872166,189.1968593321351,4130.798095418282,914.4514867719863,662.1890076624728,283.79528899820264,29735.439725033895,63.065619777378366,14347.428499353578,2743.354460315959,4698.388673414688,2333.4279317629994,3027.1497493141615,4036.1996657522154,3090.2153690915397,3247.8794185349857,5455.176110743228,11667.139658814996,1135.1811559928105,6905.6853656229305,220.72966922082426,1671.2389241005267,441.4593384416485,283.79528899820264,378.3937186642702,3121.7481789802287,252.26247910951346,914.4514867719863,1797.3701636552832,378.3937186642702,3626.273137199256,4982.183962412891,63.065619777378366,409.9265285529593,693.721817551162,63.065619777378366,63.065619777378366,3563.2075174218776,2648.7560306498913,2585.690410872513,1797.3701636552832,63.065619777378366,63.065619777378366,3783.9371866427014,3090.2153690915397,2333.4279317629994,851.3858669946079,504.5249582190269,126.13123955475673,2207.296692208243,2175.7638823195534,63.065619777378366,252.26247910951346,1513.5748746570807,1072.115536215432,157.66404944344592,220.72966922082426,63.065619777378366,2743.354460315959,2301.89512187431
SRR24908055,cfs,14007.74371747762,6461.318404892845,8335.593972724359,5376.211497200918,7916.348122025204,4907.642605243039,1455.0297171323584,4118.473945103455,3230.6592024464226,493.2304125872401,8606.870699647341,2885.397913635355,8754.839823423512,22984.53722656539,22121.38400453772,14920.219980764014,7373.79466817924,1750.9679646847026,8088.978766430739,7102.5179412562575,4019.827862586007,3896.520259439197,1035.7838664332041,3107.351599299613,468.5688919578781,493.2304125872401,2071.5677328664083,1578.3373202791684,1874.2755678315125,468.5688919578781,1405.7066758736344,3551.2589706281287,1159.0914695800143,1652.3218821672544,887.8147426570322,2416.8290216774767,5277.5654146834695,5302.226935312831,394.5843300697921,1183.7529902093763,8138.301807689463,3058.0285580408886,197.29216503489604,12034.82206712866,2096.2292534957705,1627.6603615378924,369.9228094404301,887.8147426570322,517.8919332166021,2170.2138153838564,8261.609410836272,1948.2601297195986,591.8764951046882,4069.1509038447316,2071.5677328664083,690.5225776221362,197.29216503489604,14920.219980764014,443.9073713285161,369.9228094404301,13588.497866778465,10086.56193740906,7349.133147549877,986.4608251744802,6757.2566524451895,10037.238896150337,8557.547658388617,14106.389799995068,5696.811265382624,1504.3527583910825,1479.6912377617205,2540.1366248242866,4414.412192655799,813.8301807689462,1208.4145108387384,2910.059434264717,2046.9062122370462,6485.979925522208,3649.905053145577,1948.2601297195986,715.1840982514982,1134.4299489506525,15980.66536782658,3896.520259439197,221.95368566425805,542.5534538459641,162544.08246812498,62270.33958913907,52331.74677550618,51074.00922340872,35118.0053762115,7472.440750696688,4266.4430688796265,567.2149744753262,39557.079089496656,4661.027398949419,1948.2601297195986,2219.5368566425805,4537.71979580261,641.1995363634122,11640.237737058867,11344.299489506522,9938.592813632888,221.95368566425805,2712.7672692298206,1011.1223458038423,986.4608251744802,641.1995363634122,33662.97565907914,517.8919332166021,11048.361241954179,4118.473945103455,5376.211497200918,3871.858738809835,5178.919332166021,1627.6603615378924,2367.5059804187526,5696.811265382624,7571.086833214136,9913.931293003527,739.8456188808602,3082.690078670251,320.5997681817061,2860.736393005993,1356.3836346149103,616.5380157340502,1085.1069076919282,1159.0914695800143,73.98456188808602,517.8919332166021,2564.798145453649,715.1840982514982,567.2149744753262,3995.166341956645,73.98456188808602,517.8919332166021,1109.7684283212902,73.98456188808602,73.98456188808602,517.8919332166021,2934.7209548940787,2885.397913635355,789.1686601395842,73.98456188808602,73.98456188808602,542.5534538459641,1479.6912377617205,1381.0451552442723,271.27672692298205,789.1686601395842,517.8919332166021,567.2149744753262,1997.5831709783224,221.95368566425805,295.9382475523441,1578.3373202791684,2367.5059804187526,98.64608251744802,838.4917013983082,73.98456188808602,1381.0451552442723,1701.6449234259785
ERR911956,controle,13916.004330246027,5144.480324213292,11565.828067026288,5329.533573285713,7874.015748031496,10168.676036529512,2377.9342505806044,3728.8229688092747,1711.7425539198905,749.4656587433034,7207.8240513707815,2396.439575487847,6874.728203040425,25583.611684262145,20328.099410605402,14387.8901153807,12102.482489336307,2803.556723447172,9298.925765889135,1332.3833933214282,7041.276127205604,6412.095080359373,1128.8248193417655,3330.9584833035706,444.1277977738094,990.0348825374501,2637.0087992819936,2350.1762632197415,2553.7348371994044,259.07454870138884,277.57987360863086,7874.015748031496,3395.727120478918,2479.7135375704356,1498.9313174866068,3192.168546499255,3155.157896684771,758.7183211969244,379.3591605984622,1785.7638535488586,10325.97129824107,3423.485107839781,323.843185876736,11565.828067026288,5468.323510090028,3321.7058208499493,1452.6680052185018,1138.0774817953868,499.64377249553553,1859.785153177827,4089.676804500495,1758.0058661879957,869.7502706403767,2609.25081192113,2840.567373261656,832.7396208258926,323.843185876736,10427.7505852309,481.1384475882935,333.09584833035706,6523.127029802826,4024.9081673251476,4293.235378480158,2720.2827613645827,2794.304060993551,12148.745801604413,5829.177345781249,8133.090296732886,2905.3360104370036,2377.9342505806044,1415.6573554040174,3506.75906992237,7087.539439473709,3395.727120478918,2748.0407487254456,2442.702887755952,2377.9342505806044,4940.92175023363,3108.8945844166656,2461.208212663194,1554.4472922083328,2183.628339054563,12500.346974842012,2683.2721115500985,1332.3833933214282,425.62247286656736,159312.34212644686,72716.67422300768,47151.56786365277,62159.38636342608,30681.828696207333,10871.878383004709,3664.0543316339276,832.7396208258926,46642.67142870361,2997.8626349732135,1443.4153427648807,2109.607039425595,1443.4153427648807,1295.372743506944,8799.281993393599,7892.521072938738,9669.032264033976,212.81123643328368,2211.386326415426,943.771570269345,1036.2981948055553,1138.0774817953868,29275.424003256936,804.9816334650295,11047.67896962351,2923.841335344245,8068.321659557537,4330.246028294642,7355.866650628718,1101.0668319809024,3071.883934602182,6476.86371753472,7485.403924979413,9928.106812735365,1295.372743506944,1933.8064528067953,305.337860969494,3275.4425085818443,1128.8248193417655,730.9603338360613,453.3804602274305,1609.963266930059,462.6331226810515,333.09584833035706,3664.0543316339276,1221.351443877976,1091.8141695272816,2748.0407487254456,333.09584833035706,1156.5828067026287,1073.3088446200395,333.09584833035706,333.09584833035706,832.7396208258926,1609.963266930059,1739.5005412807534,629.1810468462301,333.09584833035706,333.09584833035706,906.760920454861,1221.351443877976,1434.1626803112595,804.9816334650295,407.11714795932534,286.8325360622519,407.11714795932534,2192.881001508184,934.518907815724,129.53727435069442,2387.186913034225,2683.2721115500985,388.6118230520832,379.3591605984622,333.09584833035706,1082.5615070736606,1276.8674185997022
ERR911979,controle,13135.694283720395,3489.306820490623,10344.248827327898,5203.042322199942,7234.79059742233,8171.161541655257,1519.3943623402206,3294.965681121525,1881.5755766189943,291.511709053647,7782.479262917061,5203.042322199942,5150.040193281096,24999.337473388518,16209.817761013399,9575.717958004647,7959.1530259798765,3294.965681121525,6536.929233324205,1086.5436428363205,6581.097674089909,5132.372816974816,671.3602996387021,3153.626670671272,636.025547026139,538.8549773415899,812.6993100889553,1174.8805243677289,865.7014390078001,335.6801498193511,123.67163414397145,8356.668992871213,750.8634930169695,538.8549773415899,3127.1256062118496,5715.396235082109,3701.315336166003,750.8634930169695,265.0106445942246,883.3688153140818,13153.361660026678,1289.7184703585594,79.50319337826737,14769.926592051446,5971.573191523193,5282.545515578209,273.84433274736534,3038.788724680441,388.682278738196,477.01916026960413,6466.2597280990785,3259.630928508962,821.532998242096,6695.935620080741,1404.55641634939,406.34965504447763,88.33688153140818,17110.853952633766,397.5159668913368,273.84433274736534,6457.426039945938,5008.701182830843,3135.9592943649905,1713.7355017093187,4293.172442426438,12720.510940522778,8533.34275593403,12941.353144351297,2950.451843149033,2429.264242113725,750.8634930169695,3021.12134837416,4178.3344964356065,1325.0532229711228,6139.413266432869,4796.692667155464,4505.180958101817,3595.3110783283128,4752.524226389761,3065.289789139864,371.0149024319144,583.023418107294,16757.50642650813,3498.1405086437635,1157.213148061447,1280.8847822054186,162937.3779846824,67303.8700387799,47569.41070466331,59309.38226018745,30317.217741579287,9098.698797735042,2888.616026077047,715.5287404044063,40802.80557935743,4496.3472699486765,1121.8783954488838,1272.051094052278,1863.9082003127126,141.33901045025308,14036.730475340759,10441.419397012445,10724.097417912953,1439.8911689619533,1272.051094052278,1148.3794599083062,229.67589198166127,1766.7376306281635,29425.015238112064,432.85071950390005,13347.702799395776,2208.422038285204,3939.824916300805,4151.833431976184,7552.803370935399,1510.56067418708,2385.095801348021,6121.745890126586,4699.5220974709155,6501.594480711642,176.67376306281636,2234.9231027446267,1068.876266530039,1360.3879755836858,2261.4241672040494,1007.0404494580533,141.33901045025308,1378.0553518899676,671.3602996387021,353.3475261256327,3029.9550365273008,3851.4880347693966,689.0276759449838,2641.2727577891046,574.1897299541531,6492.760792558501,2208.422038285204,574.1897299541531,574.1897299541531,565.3560418010123,821.532998242096,865.7014390078001,591.8571062604348,574.1897299541531,574.1897299541531,618.3581707198573,759.6971811701103,1316.2195348179819,1316.2195348179819,477.01916026960413,424.0170313507592,132.5053222971123,2199.5883501320636,1484.0596097276575,0.0,2756.110703779935,2685.4411985548086,547.6886654947307,318.0127735130695,574.1897299541531,574.1897299541531,7270.125350034893
ERR911990,controle,13316.071758831144,4362.536581120335,12010.57452757319,6396.936433163981,9258.151198337666,9878.262383185196,2665.390180484992,4732.427463310089,1816.8169801673212,293.73687703303995,6603.64016144649,2687.148467672625,8420.457141613811,23226.97157279779,17743.883201514378,15655.087631501649,11521.013065851457,2371.6533034519525,8833.864598178832,826.8149131300385,6201.111848475288,5526.604945658678,1882.091841730219,4166.711996431642,435.1657437526518,1588.354964697179,2676.2693240788085,2567.4778881406455,2774.1816164231554,511.31974890936584,359.01173859593774,7724.191951609569,3100.555924237644,2643.6318932973595,1620.992395478628,2991.7644882994814,3405.1719448645003,935.6063490682014,522.1988925031822,2186.707862357075,11575.408783820536,3481.3259500212143,554.836323284631,12706.839717577432,4525.723735027578,2447.807308608666,1174.9475081321598,1620.992395478628,815.9357695362221,1251.101513288874,4373.41572471415,2339.0158726705035,979.1229234434664,2589.2361753282785,3035.2810626747464,1370.7720928208532,554.836323284631,11825.629086478313,435.1657437526518,315.49516422067256,6407.815576757797,4645.394314559558,4123.195422056376,3024.40191908093,3405.1719448645003,12141.124250698986,7223.75134629402,8463.973715989077,3285.501365332521,1588.354964697179,1327.255518445588,3122.314211425277,6679.794166603206,4221.107714400722,2469.565595796299,2643.6318932973595,2469.565595796299,5874.737540660799,3894.7334065862333,2262.861867513789,1838.5752673549537,2382.5324470457685,13446.62148195694,3133.193355019093,1653.629826260077,565.7154668784473,163894.29824084247,67146.07426103417,47868.2318127917,59802.65233520817,30603.030929405235,10280.790696156399,4580.11945299666,968.2437798496503,44571.85130386536,3024.40191908093,2012.6415648560148,1446.926097977567,1599.2341082909952,1251.101513288874,10824.747875847213,9649.800367715054,9867.38323959138,870.3314875053036,2034.3998520436471,728.9026207856917,859.4523439114873,2469.565595796299,27186.97984094692,685.3860464104266,10291.669839750215,2273.7410111076056,5635.396381596841,3731.546252678989,5765.946104722636,1512.200959540465,2567.4778881406455,6483.969581914512,6124.957843318574,8442.215428801444,739.7817643795081,1523.0801031342812,206.70372828250962,3296.3805089263374,1544.838390321914,761.5400515671406,935.6063490682014,2154.0704315756266,337.2534514083051,261.0994462515911,3785.9419706480708,1740.6629750106072,1425.1678107899345,2752.4233292355225,217.5828718763259,1381.6512364146695,1174.9475081321598,217.5828718763259,217.5828718763259,1087.9143593816295,1392.5303800084857,1501.3218159466487,489.5614617217332,217.5828718763259,217.5828718763259,1185.8266517259763,1164.0683645383435,1066.1560721939968,848.573200317671,674.5069028166102,152.30801031342813,239.3411590639585,1142.310077350711,554.836323284631,337.2534514083051,1882.091841730219,2730.66504204789,696.2651900042429,641.8694720351614,217.5828718763259,1229.3432261012415,1892.9709853240354
ERR911991,controle,15422.077922077922,4143.244814886606,11496.898623764295,6529.850746268657,12720.488466757122,12017.832913355302,2895.4254700523356,3767.6875363442527,1490.1143632486917,363.4425276216321,6469.276991665051,2628.9009497964726,7256.735801511922,22424.403954254703,18850.552432641984,16427.60224849777,11654.39038573367,2507.7534405892616,8807.423919364219,835.9178135297539,7014.4407830975,5718.162434580346,1635.4913742973445,3634.425276216321,605.7375460360535,1163.016088389223,2677.3599534793566,1768.7536344252762,2628.9009497964726,666.3113006396588,363.4425276216321,7329.424307036247,2834.8517154487304,2301.8026749370033,1163.016088389223,3561.7367706919945,2386.605931382051,799.5735607675906,678.4260515603798,1829.3273890288815,11690.734638495833,3549.6220197712737,375.5572785423532,14658.848614072494,4119.015313045164,2095.8519092847455,993.4095754991278,1405.3111068036442,520.9342895910061,726.8850552432642,4337.080829618143,2011.0486528396978,666.3113006396588,2229.114169412677,3719.2285326613683,1090.3275828648962,327.0982748594689,10261.194029850747,302.86877301802673,218.06551657297925,5851.4246947082775,2737.933708082962,3804.031789106416,3646.5400271370418,3670.7695289784842,15119.209149059896,7729.2110874200425,7923.04710215158,3440.589261484784,520.9342895910061,1562.802868773018,3440.589261484784,6602.539251792983,3937.2940492343473,2907.540220973057,2992.343477418104,2859.081217290173,5342.605156037992,3028.6877301802674,1272.0488466757124,1526.4586160108547,1817.2126381081605,11727.078891257996,2653.130451637914,1296.2783485171544,545.1637914324481,164288.13723589844,69393.29327389029,46338.92227175809,61143.147896879236,30056.697034308978,10757.898817600311,3779.802287264974,702.6555534018221,48071.331653421206,3089.261484783873,1502.2291141694127,1247.8193448342702,1356.8521031207597,436.1310331459585,10031.013762357046,8007.850358596626,9122.407443302965,351.32777670091104,2604.67144795503,1914.130645473929,2023.163403760419,1284.1635975964334,28312.17290172514,981.2948245784066,10176.3907734057,2071.622407443303,5003.392130257802,4022.0973056793955,6117.94921496414,1259.9340957549912,3258.8679976739677,6033.145958519093,6226.981973250629,7087.129288621826,617.8522969567746,1768.7536344252762,193.83601473153712,3828.261290947858,1199.360341151386,981.2948245784066,472.47528590812175,2168.5404148090715,848.032564450475,436.1310331459585,2968.113975576662,2350.2616786198873,1284.1635975964334,3101.376235704594,508.8195386702849,1029.753828261291,1005.5243264198489,496.7047877495639,496.7047877495639,969.1800736576856,1562.802868773018,1647.6061252180655,1029.753828261291,496.7047877495639,508.8195386702849,1090.3275828648962,1599.1471215351812,1562.802868773018,714.7703043225432,472.47528590812175,266.52452025586354,278.6392711765846,2422.950184144214,944.9505718162435,0.0,1599.1471215351812,2095.8519092847455,484.5900368288428,569.3932932738903,496.7047877495639,1138.7865865477806,1514.3438650901337
ERR911995,controle,15937.227920409421,5638.020003822387,11647.660911851523,4247.096048077127,10256.736956106262,9460.4064470918,1284.746554543331,3217.175256418424,2261.57864560107,467.180565288484,8547.280796755218,3641.8848612261368,6827.2068972839825,25174.66182497717,22084.899450001063,15204.603852116115,8016.393790745578,1741.3093797116221,7103.268140408995,1337.8352551442952,4512.539551081948,4332.03796903867,1624.514238389501,2994.2027138943745,743.2418084134972,1093.6272323798603,4140.918646875199,1847.4867809135503,1539.5723174279585,838.8014694952326,201.73706228366353,5361.958760697373,1805.015820432779,1539.5723174279585,1061.7740120192818,3227.7929965386165,3355.2058779809304,998.067571298125,838.8014694952326,934.361130576968,10978.743284279373,3663.1203414665224,562.7402263702194,11923.722154976535,4958.484636130046,3599.4139007453655,838.8014694952326,2484.5511881251196,711.3885880529189,1900.5754815145144,4448.833110360791,2707.5237306491686,1507.7190970673803,2792.465651610711,3068.5268947357245,1114.862712620246,562.7402263702194,15013.484529952644,711.3885880529189,499.0337856490625,5319.4878002166015,3450.765539062666,4926.631415769467,1773.1626000722008,4162.154127115585,11637.043171731328,10277.972436346648,11753.838313053451,2473.933448004927,1518.336837187573,1125.4804527404387,3376.4413582213165,5022.191076851203,1518.336837187573,2983.584973774182,3875.4751438703784,3110.9978552164957,4066.594466033849,2633.1995498078186,1985.5174024760568,775.0950287740758,966.2143509375464,14907.307128750717,2219.1076851202993,753.8595485336901,934.361130576968,161315.3256460895,65522.07428170988,47620.56443906479,57229.61924783929,32607.079909112144,7527.977745216708,3663.1203414665224,1327.2175150241023,41356.09776815103,3195.9397761780383,1666.9851988702724,1868.722261153936,1083.0094922596675,828.1837293750398,13834.915376611241,8249.98407338982,9959.440232740862,159.26610180289225,2601.3463294472404,860.0369497356182,605.2111868509907,753.8595485336901,38903.39980038648,509.6515257692553,10851.33040283706,3758.6800025482576,6657.323055360897,3333.9703977405447,7570.448705697479,1221.0401138221741,3960.417064831921,4629.334692404069,5882.228026586821,8749.017859038882,944.9788706971608,1911.1932216347072,392.85638444713425,3418.9123187020873,1242.2755940625598,1093.6272323798603,828.1837293750398,1305.9820347837167,891.8901700961967,573.3579664904122,3535.707460024208,1114.862712620246,891.8901700961967,2845.5543522116755,562.7402263702194,1688.2206791106582,1720.0738994712365,562.7402263702194,562.7402263702194,658.2998874519546,1369.6884755048736,1507.7190970673803,1252.8933341827526,562.7402263702194,562.7402263702194,743.2418084134972,1242.2755940625598,1592.6610180289229,913.1256503365823,562.7402263702194,201.73706228366353,477.7983054086768,1550.1900575481516,626.4466670913763,891.8901700961967,2792.465651610711,2866.789832452061,583.975706610605,923.7433904567752,562.7402263702194,944.9788706971608,1974.8996623558642
ERR912003,controle,13291.297961523303,4173.682513524165,9708.73786407767,6654.605381005266,6036.613764195895,11016.372299645325,2176.405259198223,4997.67133593666,1585.2828431196933,528.4276143732311,6860.602586608391,2704.832873571454,6833.733385877548,27352.846343997422,18754.7021101279,15288.575215849245,11007.415899401713,3260.1296886755276,10470.031884784868,985.2040267975495,6914.340988070076,6699.387382223336,1800.2364489664315,4182.638913767778,734.424819976355,2140.5796582237667,2489.879267724716,2024.1464550567837,2140.5796582237667,411.994411206248,411.994411206248,7612.940207071973,3269.0860889191417,2068.928456274854,1585.2828431196933,4612.546125461255,3251.1732884319135,582.1660158349156,788.1632214380396,1647.977644824992,11643.320316698311,4594.633324974026,564.2532153476875,12915.129151291514,4397.592519614517,1755.454447748361,1137.4628309389889,940.422025579479,877.7272238741805,1504.6752409271664,4979.758535449432,2068.928456274854,447.82001218070434,2274.9256618779777,3707.949700856232,1235.983233618744,564.2532153476875,11526.88711353133,465.73281266793254,295.56120803926484,6090.3521656575795,3958.7289076774264,3779.6009028051444,3179.5220864830007,2866.0480779565073,11311.933507684593,5427.578547630136,7899.545014867624,3125.783685021316,1880.844051158958,1719.6288467739046,4057.2493103571815,6000.7881632214385,4218.464514742235,2749.614874789525,2839.1788772256655,2615.268871135313,5302.18894421954,4236.3773152294625,2695.87647332784,1549.457242145237,1988.320854082327,12440.439938379966,2418.2280657758033,895.6400243614087,394.0816107190198,165559.0585032064,68561.24386486584,44486.44001003117,60339.2684412281,27558.843549600544,10496.90108551571,4943.932934474976,797.1196216816537,45229.82123025113,3949.772507433812,1988.320854082327,2695.87647332784,1191.2012324006737,546.3404148604593,9914.735069680793,7657.722208290043,10058.037473578619,214.95360584673807,2973.524880879877,743.3812202199692,411.994411206248,994.1604270411635,28490.30917493641,1433.0240389782537,12377.745136674666,2185.361659441837,7227.814996596569,4334.897717909218,7460.681402930534,1262.8524343495862,2973.524880879877,5902.267760541683,6135.1341668756495,10040.124673091392,537.3840146168452,1531.544441658009,295.56120803926484,3009.350481854333,967.2912263103213,626.9480170529861,788.1632214380396,2203.274459929065,644.8608175402143,474.68921291154663,3734.818901587074,1934.5824526206427,1218.0704331315158,2731.7020743022963,456.77641242431844,761.2940207071974,1307.6344355676565,456.77641242431844,456.77641242431844,949.3784258230933,1549.457242145237,1612.1520438505356,635.9044172966002,456.77641242431844,456.77641242431844,1021.0296277720059,1656.934045068606,1406.1548382474116,635.9044172966002,259.7356070648085,295.56120803926484,304.51760828287894,2095.7976570056962,841.9016228997241,125.3896034105972,1441.980439221868,2660.0508723533835,429.90721169347614,447.82001218070434,456.77641242431844,1388.2420377601834,1003.1168272847776
ERR912047,controle,10003.612415594522,3890.293717175647,13254.78645066274,3695.779031316865,10476.005224108705,9364.492733487092,1000.3612415594521,3056.6593492094366,1528.3296746047183,444.60499624864536,9559.007419345875,3084.4471614749773,7613.860560758051,15894.62861588907,17728.624225414733,12671.242393086393,8336.3436796621,944.7856170283713,9559.007419345875,527.9684330452664,4029.2327785033485,2223.0249812432266,1028.1490538249923,4807.291521938478,416.817183983105,250.09031038986302,1861.7834217912023,3362.3252841303806,3723.5668435824045,1611.6931114013394,333.453747186484,8780.948675910746,3723.5668435824045,555.7562453108067,1055.9368660905327,1945.1468585878235,4418.262150220913,1611.6931114013394,416.817183983105,972.5734292939118,11893.183649651262,3028.8715369438964,1528.3296746047183,15866.840803623532,6835.801817322922,4946.23058326618,722.4831189040488,3751.354655847945,2473.11529163309,2917.7202878817347,4279.323088893211,2000.7224831189042,1417.178425542557,3890.293717175647,2445.327479367549,2306.3884180398477,1528.3296746047183,12365.576458165448,472.3928085141857,333.453747186484,4918.442771000639,4807.291521938478,3862.5059049101064,1500.5418623391781,3028.8715369438964,8197.404618334398,10031.40022786006,9420.068358018172,2500.9031038986304,2223.0249812432266,1528.3296746047183,3362.3252841303806,2667.629977491872,1250.4515519493152,3612.4155945202433,6502.348070136438,1778.4199849945815,3918.0815294411873,1556.1174868702585,3417.900908661461,3306.7496595992993,3251.174035068219,14866.47956206408,1861.7834217912023,3918.0815294411873,1500.5418623391781,159557.61802873257,62022.396976686025,44432.711812598995,51101.78675632868,29594.020062800453,7335.982438102648,3001.0837246783562,2223.0249812432266,38569.48342456998,5335.259954983744,1306.0271764803958,1306.0271764803958,1472.7540500736377,722.4831189040488,14616.389251674214,14949.8429988607,12699.030205351934,166.726873593242,3890.293717175647,750.2709311695891,1917.3590463222831,1917.3590463222831,40848.08403034429,416.817183983105,8280.76805513102,1861.7834217912023,4723.928085141857,4279.323088893211,9031.03898630061,1306.0271764803958,3167.8105982715983,9642.370856142496,10059.1880401256,8697.585239114125,694.6953066385083,1167.088115152694,555.7562453108067,5446.411204045905,1750.632172729041,527.9684330452664,1583.9052991357992,1361.6028010114762,583.544057576347,111.15124906216134,5029.5940200628,472.3928085141857,1333.814988745936,2278.6006057743075,500.18062077972604,2195.2371689776865,2556.478728429711,500.18062077972604,500.18062077972604,861.4221802317503,778.0587434351293,805.8465557006697,277.87812265540333,500.18062077972604,500.18062077972604,972.5734292939118,389.02937171756463,444.60499624864536,1139.3003028871537,555.7562453108067,138.93906132770167,305.66593492094364,1028.1490538249923,500.18062077972604,4835.079334204018,4001.4449662378083,2862.1446633506544,444.60499624864536,2417.539667102009,500.18062077972604,305.66593492094364,1528.3296746047183
ERR912079,controle,15688.544078082963,4614.2776700244,11371.457173246576,7648.75179878621,8634.173809672777,11997.121942063442,1141.838203090784,4223.237189513858,2158.543452418194,344.1156228492773,7570.543702684102,3722.705374460364,6569.480072577114,24557.342176062066,23446.787211412124,13185.885002815492,5677.907777013076,719.5144841393982,9009.572670962898,782.0809610210848,6538.19683413627,3957.3296627666896,1329.5376337358443,4270.162047175123,1001.0636301069886,1235.6879184133143,3847.838328223738,2330.601263842833,1626.7283989238567,484.89019583307265,328.47400362885566,5709.19101545392,2221.109929299881,782.0809610210848,453.6069573922293,3347.3065131702433,3269.098417068135,860.2890571231934,735.1561033598198,1532.8786836013264,13686.416817868985,3597.5724206969903,281.54914596759056,10589.37621222549,4676.844146906087,1626.7283989238567,1313.8960145154226,985.4220108865669,578.7399111556027,938.4971532253019,5818.682349996871,1439.0289682787964,2205.4683100794596,2205.4683100794596,3097.0406056434963,625.664768816868,281.54914596759056,13921.041106175311,813.3641994619284,610.0231495964463,4426.578239379341,2252.3931677407245,4019.8961396483764,2643.433648251267,5177.375961959582,9244.196959269222,10167.052493274103,9666.52067822061,2502.659075267472,531.8150534943377,1736.2197334668085,2330.601263842833,4332.72852405681,4035.537758868798,2393.1677407245197,5318.150534943377,2424.450979165363,3472.439466933617,2189.8266908590376,1564.1619220421696,547.4566727147594,1579.8035412625914,17424.763811549772,2831.1330788963273,1313.8960145154226,406.6820997309642,163845.9613339173,63270.34974660577,43108.3025714822,54432.83488706751,28686.729650253394,9244.196959269222,4301.445285615967,1220.0462991928925,43514.98467121316,2659.0752674716887,2127.2602139773508,1595.4451604830133,1798.7862103484952,93.84971532253019,14546.70587499218,8618.532190452355,9948.0698241882,203.3410498654821,2033.410498654821,1047.988487768254,391.0404805105424,1407.745729837953,40965.40073828443,625.664768816868,12857.410999186635,3206.531940186448,5114.809485077895,2659.0752674716887,6647.688168679221,1266.9711568541575,4723.769004567353,5662.266157792655,4708.127385346931,6757.1795032221735,328.47400362885566,1392.1041106175312,391.0404805105424,4551.711193142714,735.1561033598198,1751.8613526872302,813.3641994619284,1908.2775448914472,938.4971532253019,344.1156228492773,7789.526371770006,688.2312456985546,1313.8960145154226,3190.8903209660266,813.3641994619284,1266.9711568541575,1220.0462991928925,766.4393418006632,766.4393418006632,985.4220108865669,1345.179252956266,1407.745729837953,860.2890571231934,766.4393418006632,813.3641994619284,1126.1965838703622,1235.6879184133143,1079.271726209097,2205.4683100794596,500.5318150534943,531.8150534943377,453.6069573922293,2283.676406181568,578.7399111556027,218.98266908590378,6022.0233998623535,6366.139022711631,875.9306763436151,672.589626478133,766.4393418006632,610.0231495964463,1282.6127760745792
ERR912133,controle,13217.68353291996,4543.948501916979,8993.231410044018,4413.783310455815,7679.746296208643,9289.061390637573,1419.9839068490558,3609.12576324135,1064.9879301367916,532.4939650683958,7135.419131916505,2804.468216026885,5975.765607989776,25263.88034268945,18968.618355658637,12566.857575614144,9703.223363468547,2153.6422587210677,10436.88171534056,1526.4826998627348,9892.554551048423,5253.940455341506,1218.8195200454395,4863.444880958015,1289.8187153878923,2094.476262602357,3431.627774885218,1479.1499029677664,2129.9758602735833,1786.8130827850616,343.1627774885218,5466.938041368864,2011.643868036162,1147.8203247029867,1277.98551616415,4887.1112794055,2390.3062431959106,1124.1539262555023,544.327164292138,733.6583518720121,10484.214512235529,3597.292564017608,319.4963790410375,11774.03322762342,4875.278080181758,3041.1322005017278,875.6567425569177,2354.806645524684,366.82917593600604,1916.9782742462253,5727.268424291191,2200.9750556160366,828.3239456619492,3076.6317981729544,4200.785724428457,1254.319117716666,319.4963790410375,11028.541676527666,366.82917593600604,201.16438680361622,6023.098404884745,3538.126567898897,5502.43763904009,5561.603635158802,3691.958157807545,13087.518341458795,6011.265205661002,9478.392578217446,3514.460169451413,662.6591565295593,1277.98551616415,3171.2973919628907,5750.934822738676,1763.1466843375774,3348.795380319023,2733.469020684432,2839.9678136981115,4070.620532967293,3135.7977942916646,1715.813887442609,1396.3175084015716,1467.3167037440242,12282.860794244332,2958.2998059355327,1041.3215316893077,698.1587542007858,157346.05007809913,66159.41685994226,46042.978179580634,57355.516637478104,28802.006910588345,11916.031618308325,3467.1273725564442,627.159558858333,45877.31339044824,2816.301415250627,2177.308657168552,2757.1354191319165,1348.984711506603,1289.8187153878923,13430.68111894732,11963.364415203294,11632.034836938514,331.3295782647796,2248.3078525110045,2567.8042315520424,2011.643868036162,1467.3167037440242,34209.778955838505,851.9903441094334,11939.69801675581,2638.8034268944953,7123.585932692762,4555.7817011407205,7336.583518720121,733.6583518720121,2745.3022199081743,5218.44085767028,6449.093576939461,9703.223363468547,1301.6519146116345,2248.3078525110045,354.99597671226394,4378.283712784589,1597.4818952051878,780.9911487669806,603.4931604108486,591.6599611871065,1064.9879301367916,331.3295782647796,3396.128177213992,1064.9879301367916,461.4947697259431,3100.2981966204384,851.9903441094334,2189.1418563922944,1514.6495006389928,863.8235433331755,863.8235433331755,307.6631798172954,1585.6486959814454,1656.6478913238984,1029.4883324655652,863.8235433331755,863.8235433331755,319.4963790410375,1360.8179107303451,1715.813887442609,804.6575472144649,461.4947697259431,331.3295782647796,331.3295782647796,1348.984711506603,1183.319922374213,165.6647891323898,1774.9798835613196,2733.469020684432,851.9903441094334,1218.8195200454395,863.8235433331755,1017.6551332418233,2307.4738486297156
ERR912200,controle,17608.441027962876,4301.223437238556,9626.078996840519,6043.366568568588,6771.720194096399,8277.640527957952,1141.7435210976485,2411.4410574907233,2539.3950727861493,629.927459915944,6092.579651374521,3681.138593883798,5728.4028386106165,26378.212383980157,20128.15086762665,12549.336115512948,7608.3426017972615,2618.136005275642,9370.170966249667,1210.641837025955,7618.185218358448,5078.790145572299,807.0945580173034,3651.6107442002385,639.7700764771306,314.963729957972,2214.5887262669908,2362.2279746847903,1545.2908001063001,433.07512869221154,167.32448154017266,5305.1703264795915,856.3076408232364,551.1865274264511,1535.4481835451136,4507.918385023475,4291.380820677369,1250.0123032707015,777.5667083337435,738.196242088997,12775.71629642024,2460.6541402966564,177.16709810135927,12834.771995787361,3966.5744741582107,3041.3685174066673,265.75064715203894,2372.0705912459766,226.38018090729238,206.69494778491915,4242.167737871436,3238.2208486304,1387.8089351273143,3553.184578588372,2165.3756434610577,580.7143771100109,177.16709810135927,15620.232482603176,1072.8452051693423,757.8814752113702,6988.257758442504,3996.1023238417697,3316.9617811198927,2401.598440929537,2962.6275849171743,11338.694278486993,8671.345190405418,11220.582879752754,2549.237689347336,767.7240917725568,1456.7072510556204,3287.4339314363333,5757.930688294176,1437.0220179332473,3228.3782320692135,3316.9617811198927,2431.1262906130964,4468.547918778729,3966.5744741582107,3533.4993454659984,374.0194293250918,836.6224077008632,18336.794653490684,4822.882114981447,1328.7532357601947,994.1042726798491,159036.9983956535,67766.4150237699,48130.3949842026,60059.646256360786,32086.929989468405,11131.999330702074,2568.9229224697096,1614.1891160346067,43228.77193673166,2775.6178702546285,2470.496756857843,1161.4287542200218,1456.7072510556204,226.38018090729238,13484.384688825678,11161.527180385634,11013.887931967834,984.2616561186626,1043.3173554857824,1555.133416667487,1830.7266803807124,1407.4941682496874,36112.56016299373,442.91774525339815,12667.447514247187,2696.8769377651356,5246.114627112472,3769.7221429344777,7303.221488400477,1427.1794013720607,2155.533026899871,5344.540792724338,5364.22602584671,6259.904132914694,255.9080305908523,2805.1457199381884,305.1211133967854,3277.591314875146,1535.4481835451136,1791.356214135966,482.2882114981447,1043.3173554857824,442.91774525339815,236.22279746847903,3336.6470142422663,836.6224077008632,492.1308280593313,3041.3685174066673,314.963729957972,3848.4630754239706,2165.3756434610577,324.80634651915864,324.80634651915864,334.6489630803453,974.4190395574759,1013.7895058022226,639.7700764771306,324.80634651915864,314.963729957972,423.2325121310249,688.9831592830639,2086.634710971565,1417.3367848108742,846.4650242620498,246.06541402966565,167.32448154017266,748.0388586501836,1919.3102294313921,344.4915796415319,2982.3128180395474,2795.3031033770017,295.2784968355988,679.1405427218772,324.80634651915864,472.44559493695806,3838.6204588627843
SRR24907834,controle,13198.163733741392,5041.534593944693,11285.38638102525,5014.209203191605,9427.259809815281,10998.469778117827,1052.0275439938791,2090.3923926112143,1188.654497759318,314.2419936605093,6517.105694611433,3893.8681823150073,6052.574051808941,23240.244835501147,18635.91649360586,10288.009618537544,9495.573286698,1543.884577549459,8675.811564105366,669.4720734506503,6954.311946660837,4262.7609574816925,1530.221882172915,4044.1578314569897,163.95234451852662,560.1705104382993,2855.503333697672,2227.019346376653,2131.3804787408462,1120.3410208765986,40.988086129631654,6817.684992895399,2022.0789157284948,860.7498087222647,1571.2099683025467,3661.602360913761,3306.3722811236203,737.7855503333698,355.230079790141,2390.9716908951796,12296.425838889496,1912.777352716144,437.20625204940427,11271.723685648705,7596.4586293584,5219.149633839764,1024.7021532407914,3661.602360913761,601.1585965679309,396.2181659197727,4126.134003716253,2486.610558530987,1994.7535249754071,2404.6343862717235,2554.9240354137064,1106.6783255000546,437.20625204940427,10137.719969395563,519.1824243086676,286.9166029074216,4727.292600284184,2022.0789157284948,3934.8562684446383,3634.276970160673,3661.602360913761,12952.235216963603,6558.093780741065,8771.450431741174,3156.0826319816374,1366.2695376543884,2978.4675920865666,2951.142201333479,5629.03049513608,1680.5115313148979,3388.3484533828837,4331.074434364412,4331.074434364412,3579.6261886544976,2814.51524756804,2691.5509891791453,1407.25762378402,1953.7654388457754,15616.46081538966,2841.840638321128,1174.9918023827743,737.7855503333698,153650.67220461255,68176.84992895398,44116.84337086021,58189.4196087004,28787.299158377966,12556.01705104383,2008.4162203519509,573.8332058148432,44854.62892119357,3087.769155098918,1352.6068422778446,1366.2695376543884,1188.654497759318,710.460159580282,16217.619411957592,9919.116843370859,10479.287353809159,218.60312602470214,1489.2337960432833,1202.3171931358618,2254.344737129741,1147.6664116296863,39922.395890261236,751.4482457099136,11312.711771778337,1639.5234451852662,6612.7445622472405,2459.285167777899,8265.93070280905,1557.5472729260027,3880.2054869384633,6462.454913105257,6517.105694611433,11818.231500710459,806.0990272160892,1817.1384850803365,573.8332058148432,3716.2531424199365,1926.4400480926877,1940.1027434692317,1024.7021532407914,2227.019346376653,1065.6902393704231,587.4959011913871,2800.8525521914967,2445.622472401355,491.8570335555798,2705.2136845556893,956.388676358072,4112.471308339709,3948.5189638211823,942.7259809815281,942.7259809815281,300.57929828396544,929.0632856049841,942.7259809815281,341.5673844135971,942.7259809815281,942.7259809815281,505.5197289321237,573.8332058148432,710.460159580282,737.7855503333698,970.0513717346158,0.0,177.6150398950705,724.1228549568259,1530.221882172915,1543.884577549459,4986.883812438517,1584.8726636790907,901.7378948518964,1434.583014537108,942.7259809815281,1052.0275439938791,1844.4638758334245
SRR24907871,controle,14098.931006425184,5695.6875508543535,12331.303835470386,4839.931539519093,9721.949440251397,12780.22502174462,1052.1590303302376,3366.9088970567605,2889.930136640386,505.03633455851406,7729.861676159479,2763.6710530007576,6004.320866417889,26346.06211946915,20804.691226396564,10858.281193008053,8024.466204651945,1543.1665778176819,8459.35860385511,897.8423725484695,6256.839033697147,2917.9877107825255,841.7272242641901,3900.0028057574145,462.94997334530456,589.2090569849331,2679.4983305743385,1921.9438287365674,2188.490783086894,547.1226957717236,168.34544485283803,6312.954181981426,1781.6559580258693,939.9287337616789,1978.0589770208467,5232.737577509049,3633.4558514070873,617.2666311270729,252.51816727925703,2076.2604865183357,11251.087230998008,2651.4407564321987,448.92118627423474,10717.993322297354,6509.357200976403,4433.096714458068,1164.3893268987963,2974.102859066805,631.2954181981426,953.9575208327489,4685.614881737325,3268.7073875592714,1543.1665778176819,2300.721079655453,3408.99525826997,1711.5120226705199,448.92118627423474,10465.475155018097,771.5832889088409,238.4893802081872,4882.017900732303,3759.7149350467157,4559.355798097697,3016.1892202800145,4320.866417889509,12247.131113043966,6832.0193036110095,9483.46006004321,3114.3907297775036,1879.8574675233579,2581.2968210768495,3675.5422126202966,5681.658763783284,2174.4619960158243,4110.434611823463,4054.3194635391824,3591.369490193878,3956.1179540416933,2679.4983305743385,3408.99525826997,1136.3317527566567,1739.5695968126597,13832.384052074858,2777.6998400718276,1964.0301899497772,855.7560113352599,158904.07115400804,68137.81880418619,44779.88833085492,58556.15723464549,28113.68929042395,10269.072136023118,3338.8513229146206,575.1802699138633,40992.115821666055,2721.5846917875483,1865.8286804522882,1444.965068320193,939.9287337616789,659.3529923402823,10956.482702505542,9483.46006004321,10381.302432591678,182.37423192390784,1038.1302432591679,1150.3605398277266,1739.5695968126597,1164.3893268987963,35001.82374231924,238.4893802081872,11615.835694845822,1851.7998933812182,7337.055638169523,3731.6573609045763,7757.919250301619,2202.519570157964,3591.369490193878,7000.364748463848,7828.063185656969,9806.122162677815,799.6408630509807,1711.5120226705199,224.46059313711737,4292.808843747369,1781.6559580258693,1220.5044751830758,911.8711596195393,2384.8938020818723,701.4393535534919,631.2954181981426,3142.4483039196434,2398.922589152942,1262.590836396285,2581.2968210768495,547.1226957717236,2567.2680340057796,2917.9877107825255,547.1226957717236,547.1226957717236,1108.274178614517,1360.7923458937742,1402.8787071069837,533.0939087006537,547.1226957717236,547.1226957717236,1416.9074941780534,603.2378440560029,1038.1302432591679,561.1514828427934,869.7847984063299,84.17272242641901,126.25908363962851,996.0438820459583,1501.0802166044723,1290.6484105384247,4783.816391234814,1725.5408097415898,533.0939087006537,1094.245391543447,547.1226957717236,617.2666311270729,1276.619623467355
SRR24907892,controle,13315.434293592627,3882.15659240984,10630.578332486757,5079.457223713809,12226.979174225384,13279.152456280386,1052.1732820550033,2684.8559611058704,2576.010449169146,798.2004208693128,5115.739061026051,1197.3006313039693,4136.129453595529,25252.158769320078,18975.4009143023,10993.396705609173,9505.841375807271,834.4822581815544,7365.212974385023,471.66388505913943,7945.722371380886,4353.820477468978,1668.9645163631087,5188.302735650534,689.3549089325884,399.1002104346564,2648.574123793629,1451.2734924896597,1705.2463536753503,907.0459328060373,145.12734924896597,6857.267252013642,1197.3006313039693,580.5093969958639,1197.3006313039693,4136.129453595529,2031.7828894855236,1124.7369566794862,689.3549089325884,1487.555329801901,12589.797547347796,3192.801683477251,689.3549089325884,12299.542848849866,6712.139902764676,4644.075175966911,870.7640954937958,2430.8830999201796,1451.2734924896597,399.1002104346564,5659.9666207096725,2503.446774544663,1523.8371671141426,2866.265147667078,3301.6471954139756,1632.6826790508671,689.3549089325884,7728.031347507437,362.8183731224149,435.3820477468979,5877.6576445831215,3156.5198461650098,4390.102314781221,3845.874755097598,4390.102314781221,12517.233872723315,4898.048037152602,6639.576228140193,3337.9290327262174,2176.910238734489,2213.192076046731,4136.129453595529,8054.567883317611,2140.6284014222483,3809.5929177853563,4535.2296640301865,5188.302735650534,3954.7202670343227,2068.0647267977647,1560.1190044263842,870.7640954937958,1269.8643059284523,14875.553298019013,3555.620056599666,1088.4551193672446,616.7912343081053,161889.55808722152,75103.40323633989,39583.48450765547,63057.83324867571,24671.649372324213,10957.11486829693,2539.7286118569045,1197.3006313039693,43538.20477468979,4535.2296640301865,2467.1649372324214,1342.4279805529352,1959.2192148610407,943.3277701182789,12626.079384660039,8852.768304186924,14839.27146070677,326.5365358101734,1995.501052173282,1378.7098178651768,1668.9645163631087,1414.9916551774181,37188.88324504753,217.69102387344896,9360.714026558306,1306.1461432406936,5297.148247587258,5043.175386401567,8344.822581815544,1052.1732820550033,2902.5469849793194,5732.530295334156,6458.167041578986,7328.931137072781,1233.5824686162107,761.9185835570713,253.97286118569045,4716.638850591394,1777.810028299833,798.2004208693128,1596.4008417386256,1523.8371671141426,653.0730716203468,0.0,4317.5386401567375,1850.3737029243161,1596.4008417386256,2213.192076046731,616.7912343081053,2467.1649372324214,2503.446774544663,616.7912343081053,616.7912343081053,761.9185835570713,399.1002104346564,399.1002104346564,471.66388505913943,616.7912343081053,616.7912343081053,798.2004208693128,544.2275596836223,761.9185835570713,1451.2734924896597,1015.8914447427618,108.84551193672448,145.12734924896597,1668.9645163631087,1705.2463536753503,1015.8914447427618,4498.947826717945,2503.446774544663,653.0730716203468,1306.1461432406936,616.7912343081053,725.6367462448299,1052.1732820550033
SRR24907906,controle,13052.159937661327,6428.6757901914,11980.713972629426,4285.7838601276,10178.736667803048,10909.268007597526,1120.1480543515315,3457.848341693859,1996.7856621049043,243.51044659815906,8035.844737739249,2483.8065553012225,5503.336093118395,26591.34076851897,22208.152729752106,11932.011883309795,7597.525933862563,2240.296108703063,8133.248916378512,827.9355184337409,7159.207129985876,3896.167145570545,779.233429114109,4626.698485365022,827.9355184337409,584.4250718355817,2776.0190912190133,1850.679394146009,1850.679394146009,389.6167145570545,0.0,6136.463254273608,1607.16894754785,1899.3814834656407,2142.8919300638,4724.1026640042855,2824.7211805386455,1071.4459650319,535.72298251595,1412.3605902693228,10324.842935761944,3068.231627136804,389.6167145570545,13003.457848341694,7889.738469780354,5308.527735839868,876.6376077533725,4188.379681488336,730.5313397944772,535.72298251595,3360.4441630545953,1996.7856621049043,1509.7647689085861,1996.7856621049043,3457.848341693859,974.0417863926363,389.6167145570545,9448.205328008571,827.9355184337409,146.10626795889542,5065.017289241709,3457.848341693859,5162.421467880972,3019.5295378171722,4285.7838601276,10519.651293040472,6282.569522232504,9789.119953245994,3311.7420737349635,1022.7438757122682,1558.466858228218,3409.146252374227,7792.33429114109,2288.998198022695,3360.4441630545953,4626.698485365022,3214.3378950957,4042.2734135294404,3214.3378950957,1801.977304826377,1217.5522329907953,1607.16894754785,17484.050065747822,3165.6358057760676,2094.189840744168,1996.7856621049043,153314.17717820095,66186.13938537963,44854.624263380894,60147.08030974529,28149.807626747188,10957.970096917157,3263.0399844153317,292.21253591779083,39010.37354502508,2727.3170018993815,1704.5731261871135,1509.7647689085861,1948.0835727852725,925.3396970730045,12662.54322310427,8328.05727365704,10909.268007597526,389.6167145570545,1217.5522329907953,1412.3605902693228,1071.4459650319,827.9355184337409,34821.99386353674,243.51044659815906,10617.055471679736,2142.8919300638,8279.355184337408,3360.4441630545953,10032.630399844153,2191.5940193834317,4090.9755028490727,6185.16534359324,7451.419665903667,9009.886524131885,974.0417863926363,1509.7647689085861,97.40417863926362,4237.081770807968,2045.4877514245363,779.233429114109,584.4250718355817,2240.296108703063,633.1271611552136,389.6167145570545,3944.869234890177,1996.7856621049043,1850.679394146009,3068.231627136804,584.4250718355817,1704.5731261871135,1996.7856621049043,584.4250718355817,584.4250718355817,1753.275215506745,1120.1480543515315,1558.466858228218,535.72298251595,584.4250718355817,584.4250718355817,1850.679394146009,584.4250718355817,925.3396970730045,1168.8501436711633,1558.466858228218,438.3188038766863,535.72298251595,1412.3605902693228,1655.8710368674817,779.233429114109,3896.167145570545,2727.3170018993815,681.8292504748454,1509.7647689085861,584.4250718355817,925.3396970730045,1071.4459650319
SRR24907908,controle,15030.530765617661,4070.76874902145,12642.868326287773,6732.425238766244,11468.608110223893,13699.702520745264,1761.3903240958198,2465.946453734148,1291.6862376702677,391.42007202129327,4579.614842649131,1996.2423673085955,6106.1531235321745,22741.506184437138,17496.477219351807,11429.466103021763,9472.365742915297,1252.5442304681385,9511.507750117426,743.6981368404571,8532.957570064193,4971.034914670425,2622.514482542665,6106.1531235321745,391.42007202129327,782.8401440425865,3444.4966337873807,2700.7984969469235,3053.0765617660873,1409.1122592766555,156.5680288085173,6145.295130734304,2387.662439329889,861.1241584468452,1174.2602160638799,5049.318929074683,3718.490684202286,313.1360576170346,234.85204321277595,2191.9524033192424,12368.874275872866,4697.040864255519,861.1241584468452,14208.548614372945,7162.987317989667,5597.307029904493,665.4141224361986,3796.774698606545,2035.384374510725,626.2721152340692,4618.75684985126,2465.946453734148,1252.5442304681385,1369.9702520745266,4109.910756223579,1252.5442304681385,861.1241584468452,10529.199937372789,469.7040864255519,234.85204321277595,4697.040864255519,2348.5204321277597,4266.478785032096,4736.182871457649,4188.194770627838,13582.276499138876,5284.170972287459,6458.431188351338,3053.0765617660873,1878.8163457022076,2113.6683889149836,1996.2423673085955,6106.1531235321745,3248.7865977767337,3914.2007202129325,3875.058713010803,3483.63864098951,4109.910756223579,2348.5204321277597,3679.348677000157,1800.532331297949,2583.3724753405354,16439.643024894314,3522.7806481916396,665.4141224361986,1369.9702520745266,160991.07562235792,70103.33489901361,43212.775951150776,59300.14091122593,25168.310630969154,12408.016283074996,2387.662439329889,1291.6862376702677,44113.04211679975,1996.2423673085955,1957.1003601064663,1135.1182088617504,1369.9702520745266,861.1241584468452,10568.341944574919,9276.655706904648,5636.449037106622,117.42602160638798,1604.8222952873023,1095.9762016596212,939.4081728511038,2074.5263817128543,39181.14920933145,0.0,9041.803663691873,1448.254266478785,5832.159073117269,3131.360576170346,5127.602943478942,782.8401440425865,4266.478785032096,6654.141224361985,5440.739001095976,8963.519649287615,1056.8341944574918,1330.8282448723971,78.28401440425866,4305.6207922342255,1604.8222952873023,1056.8341944574918,2426.804446532018,1330.8282448723971,821.9821512447159,195.71003601064663,3679.348677000157,2191.9524033192424,587.1301080319399,2270.236417723501,782.8401440425865,2191.9524033192424,2231.0944105213716,782.8401440425865,782.8401440425865,234.85204321277595,782.8401440425865,782.8401440425865,430.5620792234226,782.8401440425865,782.8401440425865,313.1360576170346,469.7040864255519,547.9881008298106,273.9940504149053,352.2780648191639,117.42602160638798,156.5680288085173,2270.236417723501,821.9821512447159,782.8401440425865,3013.934554563958,1526.5382808830436,782.8401440425865,1761.3903240958198,782.8401440425865,1761.3903240958198,1213.402223266009
SRR24907938,controle,14314.661088960063,5882.737433819204,10981.109876462515,5033.008693378652,9150.924897052095,10000.653637492647,849.7287404405516,4117.916203673442,1307.2749852931565,719.001241911236,8562.651153670175,5686.64618602523,5098.37244264331,23596.313484541475,17321.39355513432,11242.564873521143,8562.651153670175,784.3649911758938,7974.377410288254,849.7287404405516,4836.917445584679,3072.0962154389176,1307.2749852931565,4771.553696320021,784.3649911758938,1568.7299823517876,2157.003725733708,2222.367474998366,2418.4587227923394,719.001241911236,196.09124779397345,5229.099941172626,1830.184979410419,1503.3662330871298,849.7287404405516,2549.186221321655,2810.641218380286,588.2737433819204,588.2737433819204,1699.4574808811033,10588.927380874567,3137.459964703575,326.81874632328913,13530.296097784169,6013.464932348519,4706.1899470553635,457.54624485260473,3660.369958820838,522.9099941172626,719.001241911236,3595.0062095561802,2353.0949735276818,1307.2749852931565,3725.733708085496,2810.641218380286,1372.6387345578144,326.81874632328913,17321.39355513432,980.4562389698673,719.001241911236,6274.91992940715,3398.9149617622065,4706.1899470553635,2353.0949735276818,6078.828681613177,13203.477351460879,10196.74488528662,10066.017386757305,2549.186221321655,1764.821230145761,2026.2762272043924,2679.9137198509707,4052.552454408785,1503.3662330871298,4510.09869926139,2353.0949735276818,2157.003725733708,3398.9149617622065,1830.184979410419,2483.8224720569974,1176.5474867638409,1568.7299823517876,19805.21602719132,1045.8199882345252,1895.5487286750767,2287.7312242630237,149356.16706974313,65102.29426759919,43924.43950585006,58500.55559186875,32224.328387476304,8497.287404405517,4052.552454408785,980.4562389698673,37518.79207791359,4052.552454408785,1045.8199882345252,1503.3662330871298,3595.0062095561802,392.1824955879469,10785.018628668542,15164.389829400614,10981.109876462515,719.001241911236,2679.9137198509707,1503.3662330871298,3464.2787110268646,1634.0937316164454,45819.98823452513,261.4549970586313,11765.474867638408,1438.002483822472,5163.7361919079685,2876.004967644944,6863.193672789071,784.3649911758938,2679.9137198509707,6078.828681613177,5752.009935289888,7320.739917641676,457.54624485260473,1568.7299823517876,196.09124779397345,3660.369958820838,1830.184979410419,522.9099941172626,980.4562389698673,1699.4574808811033,326.81874632328913,457.54624485260473,3006.7324661742596,1960.9124779397346,849.7287404405516,3595.0062095561802,326.81874632328913,4117.916203673442,3856.4612066148115,326.81874632328913,326.81874632328913,719.001241911236,1438.002483822472,1438.002483822472,1176.5474867638409,326.81874632328913,326.81874632328913,849.7287404405516,1568.7299823517876,2222.367474998366,719.001241911236,784.3649911758938,326.81874632328913,392.1824955879469,1438.002483822472,1045.8199882345252,2287.7312242630237,5882.737433819204,2157.003725733708,326.81874632328913,719.001241911236,326.81874632328913,915.0924897052095,784.3649911758938
SRR24907942,controle,15962.23021582734,5427.800616649538,10341.726618705035,3308.0678314491265,10823.484069886948,10630.781089414184,610.2261048304214,2151.849948612539,1927.0298047276465,449.6402877697842,6905.1901336074,3083.247687564234,5427.800616649538,24922.918807810893,17503.854059609457,12204.522096608427,7419.064748201438,1702.2096608427544,8735.868448098663,1091.9835560123329,5492.034943473793,4721.223021582734,1798.5611510791368,3372.3021582733813,289.054470709147,353.28879753340186,2633.60739979445,1316.803699897225,1927.0298047276465,802.9290853031861,96.35149023638232,4496.402877697841,1284.6865364850976,802.9290853031861,2794.193216855087,3661.356628982528,2665.724563206578,738.6947584789311,738.6947584789311,1798.5611510791368,13457.091469681398,2408.787255909558,96.35149023638232,12204.522096608427,6519.784172661871,4078.879753340185,802.9290853031861,3083.247687564234,642.3432682425488,385.4059609455293,5010.277492291881,1991.2641315519013,2119.7327852004114,4046.7625899280574,2537.2559095580677,706.5775950668037,96.35149023638232,14516.957862281603,481.7574511819116,96.35149023638232,5331.449126413156,4946.043165467626,5202.980472764645,2023.3812949640287,4014.64542651593,12236.639260020555,7322.713257965056,9988.437821171634,3019.01336073998,1445.2723535457349,2408.787255909558,3854.059609455293,6680.369989722507,1156.217882836588,2473.021582733813,4110.996916752312,3211.7163412127443,4046.7625899280574,2473.021582733813,2119.7327852004114,802.9290853031861,1220.4522096608428,17150.565262076056,3340.1849948612535,1670.0924974306267,674.4604316546763,152652.87769784173,70304.47070914698,47950.92497430627,57907.24563206578,29868.96197327852,8478.931140801646,1991.2641315519013,545.9917780061664,42009.24974306269,2922.661870503597,2087.6156217882835,835.0462487153134,1477.3895169578623,1091.9835560123329,13200.154162384379,9827.852004110999,12686.279547790338,160.5858170606372,2697.8417266187053,1091.9835560123329,674.4604316546763,1670.0924974306267,40114.33710174717,192.70298047276464,12525.693730729701,1573.7410071942445,6262.846865364851,4432.168550873586,9153.391572456321,1316.803699897225,3243.8335046248717,4881.808838643371,6134.378211716341,8029.29085303186,1156.217882836588,2697.8417266187053,449.6402877697842,4881.808838643371,995.6320657759507,931.3977389516958,802.9290853031861,1059.8663926002057,610.2261048304214,1027.749229188078,3821.9424460431655,2055.498458376156,802.9290853031861,3275.950668036999,545.9917780061664,1637.9753340184996,1605.8581706063721,545.9917780061664,545.9917780061664,610.2261048304214,1605.8581706063721,1702.2096608427544,835.0462487153134,545.9917780061664,545.9917780061664,674.4604316546763,1316.803699897225,1252.5693730729702,2312.435765673176,770.8119218910585,160.5858170606372,1059.8663926002057,1156.217882836588,1509.50668036999,353.28879753340186,3693.4737923946554,3340.1849948612535,610.2261048304214,1862.7954779033917,545.9917780061664,1991.2641315519013,1477.3895169578623
SRR24907950,controle,16319.420568887668,2200.371312659011,21247.33548786358,8732.72364711545,19482.454330834993,20536.798918150773,2865.0668133580875,1673.1990190011231,687.616035205941,550.0928281647527,6165.6237823466045,2681.70253730317,4034.0140732081877,16181.897361846477,16915.354466066146,10933.094959774462,13660.63856609136,458.410690137294,3896.4908661669992,733.4571042196704,13775.241238625684,6715.7166105113565,2796.3052098374937,4584.10690137294,137.5232070411882,343.8080176029705,8251.392422471292,1833.642760549176,2108.6891746315523,2062.848105617823,252.12587957551173,7219.968369662381,4217.378349263105,1031.4240528089115,7380.412111210433,1421.0731394256113,1123.1061908363704,160.4437415480529,297.9669485892411,1375.232070411882,7288.729973182975,7357.491576703568,68.7616035205941,12468.770771734398,19436.613261821265,18061.381191409382,458.410690137294,8480.597767539939,91.6821380274588,1260.6293978775584,1558.5963464667998,2246.212381672741,1146.026725343235,5225.881867565152,7242.888904169245,939.7419147814528,68.7616035205941,8457.677233033073,160.4437415480529,91.6821380274588,3483.9212450434343,7059.524628114327,2269.132916179605,3140.113227440464,1696.1195535079878,18038.460656902516,3185.9542964541934,8663.962043594856,1421.0731394256113,389.64908661669995,2085.7686401246874,2108.6891746315523,5065.4381260170985,1352.3115359050173,6601.113937977033,1719.0400880148527,1627.3579499873938,3552.6828485640285,1375.232070411882,1123.1061908363704,1191.8677943569644,1627.3579499873938,6051.021109812281,3346.3980380022463,779.2981732333999,916.821380274588,153132.09104036307,69472.1400903069,41967.498682069265,72520.57117971992,29888.376996951567,6624.034472483899,1741.9606225217171,1375.232070411882,47743.47337779917,6394.829127415252,618.854431685347,6165.6237823466045,641.7749661922117,1879.4838295629056,7242.888904169245,6234.385385867199,7632.537990785945,0.0,618.854431685347,68.7616035205941,0.0,962.6624492883174,40363.06126658874,343.8080176029705,12354.168099200075,710.5365697128057,2246.212381672741,4698.709573907264,4607.027435879805,779.2981732333999,1764.8811570285818,3758.967659125811,3506.841779550299,3369.3185725091107,2108.6891746315523,1696.1195535079878,229.205345068647,3713.1265901120814,825.1392422471291,229.205345068647,114.6026725343235,779.2981732333999,183.3642760549176,687.616035205941,2062.848105617823,733.4571042196704,527.1722936578881,1443.9936739324762,160.4437415480529,275.0464140823764,458.410690137294,160.4437415480529,160.4437415480529,412.56962112356456,1168.9472598500997,1191.8677943569644,229.205345068647,160.4437415480529,160.4437415480529,412.56962112356456,229.205345068647,664.6955006990762,160.4437415480529,137.5232070411882,3094.272158426734,137.5232070411882,1306.470466891288,252.12587957551173,22.9205345068647,573.0133626716175,1306.470466891288,137.5232070411882,0.0,160.4437415480529,733.4571042196704,343.8080176029705
SRR24907956,controle,12341.504649196957,5297.266835728374,8002.25415610031,4790.081713158636,8903.916596224288,11214.426599041984,1127.0780501549732,3437.5880529726683,788.9546351084813,450.8312200619893,6706.114398422091,1916.0326852634546,5409.9746407438715,23612.28515074669,18033.24880247957,13186.813186813186,11327.13440405748,2592.2795153564384,9580.163426317273,394.47731755424064,8058.60805860806,4959.143420681882,1577.9092702169626,5184.559030712877,507.1851225697379,1296.1397576782192,3775.7114680191603,2592.2795153564384,2930.4029304029305,1634.2631727247112,169.06170752324599,7833.192448577063,2197.802197802198,3099.4646379261762,1859.6787827557057,4339.250493096647,4113.834883065652,225.41561003099466,676.2468300929839,1634.2631727247112,10989.01098901099,3268.5263454494225,0.0,12623.2741617357,6931.530008453085,4790.081713158636,1465.2014652014652,3212.172442941674,281.7695125387433,563.5390250774866,5748.098055790364,2535.92561284869,1690.6170752324597,1465.2014652014652,2535.92561284869,901.6624401239786,0.0,9354.747816286279,676.2468300929839,281.7695125387433,6537.052690898845,3268.5263454494225,4001.127078050155,4621.020005635391,3888.4192730346576,12454.212454212455,4508.312200619893,8227.669766131305,2423.217807833192,1803.3248802479573,2423.217807833192,3550.2958579881656,8284.023668639054,3493.941955480417,2874.049027895182,5353.6207382361235,2761.341222879684,4677.3739081431395,3719.3575655114114,3775.7114680191603,1690.6170752324597,2197.802197802198,12848.689771766696,2085.0943927867,619.8929275852353,1465.2014652014652,162130.1775147929,72302.05691744153,47619.04761904762,60524.09129332206,26937.16539870386,12566.920259227953,3324.880247957171,2028.7404902789517,46604.67737390815,3381.2341504649194,2254.1561003099464,1690.6170752324597,1746.9709777402086,1296.1397576782192,10312.764158918006,8171.315863623557,9185.686108763031,507.1851225697379,1070.7241476472245,1521.555367709214,563.5390250774866,2085.0943927867,36291.91321499014,1014.3702451394759,10256.410256410256,1577.9092702169626,5240.912933220625,3155.818540433925,7100.591715976331,845.3085376162298,3775.7114680191603,7776.838546069315,5691.744153282615,8114.961961115807,1690.6170752324597,1465.2014652014652,450.8312200619893,5579.036348267117,1465.2014652014652,450.8312200619893,281.7695125387433,1465.2014652014652,338.12341504649197,450.8312200619893,3381.2341504649194,2592.2795153564384,394.47731755424064,1803.3248802479573,281.7695125387433,1127.0780501549732,1127.0780501549732,281.7695125387433,281.7695125387433,338.12341504649197,1296.1397576782192,1408.8475626937166,507.1851225697379,281.7695125387433,281.7695125387433,507.1851225697379,394.47731755424064,563.5390250774866,338.12341504649197,450.8312200619893,169.06170752324599,338.12341504649197,1352.4936601859679,281.7695125387433,563.5390250774866,2366.8639053254437,1746.9709777402086,225.41561003099466,901.6624401239786,281.7695125387433,338.12341504649197,845.3085376162298
SRR24907957,controle,12533.808298700442,4221.914374299096,11544.297117224092,4947.555907381753,10027.046638960353,10818.655584141436,857.5763572795039,3034.5009565274754,1385.315654066891,263.8696483936935,6860.610858236031,4024.012138003826,5343.360379972293,27706.31308133782,21769.245992479715,13325.417243881522,12335.906062405173,1847.0875387558547,7388.350155023419,1517.2504782637377,6794.643446137608,4551.751434791213,1913.0549508542779,5871.099676759681,1055.478593574774,791.6089451810805,3034.5009565274754,1913.0549508542779,2308.8594234448183,1253.3808298700442,131.93482419684676,7982.056863909228,1847.0875387558547,2242.892011346395,1451.2830661653143,3958.0447259054026,3100.4683686258986,461.77188468896367,197.90223629527011,1385.315654066891,8773.66580909031,3760.1424896101325,131.93482419684676,11412.362293027245,6728.676034039185,4221.914374299096,857.5763572795039,2374.826835543242,725.6415330826571,527.739296787387,4485.78402269279,3364.3380170195924,2770.631308133782,1847.0875387558547,4881.58849528333,1781.1201266574312,131.93482419684676,6860.610858236031,197.90223629527011,0.0,6003.034500956527,3694.1750775117093,3694.1750775117093,3298.3706049211687,4485.78402269279,13457.35206807837,6398.838973547068,6134.9693251533745,2902.5661323306285,725.6415330826571,2506.7616597400884,4024.012138003826,6992.545682432878,3430.3054291180156,3892.0773138069794,4485.78402269279,4617.718846889637,2638.6964839369352,2968.5335444290517,2044.989775051125,1253.3808298700442,1781.1201266574312,16293.950788310574,4155.946962200673,1649.1853024605844,1451.2830661653143,164588.6931855663,70057.39164852563,40899.7955010225,60492.116894254235,26452.932251467777,10093.014051058775,3034.5009565274754,989.5111814763507,44989.77505112474,2374.826835543242,2110.957187149548,1253.3808298700442,1253.3808298700442,461.77188468896367,8839.633221188733,7256.415330826571,10620.753347846163,0.0,1715.1527145590078,1187.413417771621,923.5437693779273,1517.2504782637377,33445.47793390065,527.739296787387,9895.111814763506,2308.8594234448183,6662.708621940761,2308.8594234448183,3826.1099017085558,1385.315654066891,3628.2076654132857,9103.502869582426,8311.893924401345,8707.698396991886,527.739296787387,1187.413417771621,1055.478593574774,4815.621083184907,1385.315654066891,527.739296787387,197.90223629527011,2110.957187149548,395.80447259054023,0.0,4749.653671086484,2572.729071838512,1913.0549508542779,2308.8594234448183,395.80447259054023,1979.0223629527013,1385.315654066891,395.80447259054023,395.80447259054023,1187.413417771621,1055.478593574774,1517.2504782637377,725.6415330826571,395.80447259054023,395.80447259054023,1253.3808298700442,989.5111814763507,1055.478593574774,2176.9245992479714,857.5763572795039,395.80447259054023,461.77188468896367,1715.1527145590078,725.6415330826571,593.7067088858105,3826.1099017085558,2176.9245992479714,395.80447259054023,1121.4460056731975,395.80447259054023,1187.413417771621,1055.478593574774
SRR24907983,controle,12680.924350913616,3350.1232703808996,14391.37461219964,6983.355549526382,14131.858020832104,13931.322472957192,1521.7109221096339,2087.9289396388003,1038.066365470138,283.10900876458305,6063.251271041488,3196.772557300084,5036.981114269874,21068.02873556439,19404.763309072463,10357.07123730433,11465.914854965615,1321.175374234721,7160.298680004246,613.4028523232632,10309.886402510232,6664.857914666226,2406.426574498956,3704.0095313366282,259.5165913675345,495.44076533802036,5367.274957828555,1686.857843888974,1675.0616351904498,530.8293914335933,153.3507130808158,5166.7394099536405,2547.9810788812474,542.6256001321175,3515.2701921602397,3196.772557300084,4046.099583593833,613.4028523232632,424.6635131468746,1521.7109221096339,10911.493046134972,4223.042714071697,601.606643624739,12669.128142215091,14827.834334045037,12987.625777075249,306.7014261616316,7738.312906231938,813.9384001981763,342.09005225720455,3385.5118964764724,2772.109044153209,1958.170643955033,3975.3223314026873,4234.838922770222,1238.601913345051,601.606643624739,9554.929045804678,695.9763132129334,247.72038266901018,4223.042714071697,4506.15172283628,3291.142226888278,4223.042714071697,3350.1232703808996,13081.995446663443,5426.256001321176,8351.715758555201,2512.5924527856746,1698.6540525874984,3479.881566064667,3125.995305108938,4671.29864461562,1604.284382999304,5367.274957828555,2831.090087645831,2312.0569049107617,3350.1232703808996,2300.2606962122372,3798.3792009248227,1097.0474089627594,1462.7298786170124,11725.431446333148,3609.6398617484338,743.1611480070305,1616.0805916978284,155839.71311620445,71178.3232868956,40460.99583593833,65645.90140728769,27685.701815436518,10121.147063333843,1910.9858091609358,955.4929045804679,45804.67837636983,3609.6398617484338,1439.137461219964,2335.64932230781,979.0853219775165,707.7725219114577,11229.990680995128,8186.56883677586,7431.611480070305,176.94313047786443,1427.3412525214396,1285.786748139148,2205.891026624043,825.7346088967006,36108.19482618286,412.8673044483503,11902.374576811013,1049.8625741686621,4812.853148997912,2677.739374565015,6075.047479740012,1061.6587828671866,2406.426574498956,4683.0948533141445,4836.44556639496,6110.436105835584,837.5308175952249,1191.4170785509536,306.7014261616316,4954.407653380204,1557.099548205207,990.8815306760407,1049.8625741686621,1439.137461219964,530.8293914335933,0.0,3008.033218123695,1710.4502612860226,613.4028523232632,1686.857843888974,530.8293914335933,3409.104313873521,3173.180139903035,519.033182735069,519.033182735069,483.6445566394961,365.6824696542531,389.27488705130173,318.4976348601559,519.033182735069,519.033182735069,483.6445566394961,519.033182735069,495.44076533802036,731.3649393085062,448.25593054392317,578.0142262276904,0.0,1215.0094959480023,1250.398122043575,1427.3412525214396,4506.15172283628,1604.284382999304,495.44076533802036,813.9384001981763,519.033182735069,754.9573567055548,1191.4170785509536
SRR24907984,controle,13490.725126475547,5011.917435254883,11097.817178064382,4314.77102508785,9628.157178252799,10042.676665379144,810.197179383308,2684.955768886544,3024.108076535371,197.8388461284822,8017.183716920874,3806.0425636146097,5520.645896728122,24918.273714754065,20188.983202539875,12096.432306141483,9128.84961421425,1347.188333160617,8243.285255353425,1149.3494870321347,6933.780511931566,4597.397948128539,1573.2898715931678,3664.7291020942657,329.731410214137,395.6776922569644,2882.7946150150265,1563.8689741584785,1271.8211536831,376.83589738758513,235.52243586724072,5266.281665991502,1648.657051070685,923.2479485995837,2487.116922758062,3730.675384137093,2713.2184611906127,951.5106409036524,753.6717947751703,1168.191281901514,11427.54858827852,2468.2751278886826,301.46871791006816,11964.539742055827,7470.771665708875,5407.595127511847,621.7792306895155,3966.1978200043336,753.6717947751703,414.5194871263437,3758.9380764411617,1818.2332048950984,1789.9705125910293,2619.009486843717,2374.066153541786,697.1464101670325,282.6269230406889,12840.683203481964,1366.0301280299961,810.197179383308,6095.320640244189,5077.8637172977105,4305.35012765316,3061.791666274129,4145.194871263437,12162.37858818431,6933.780511931566,9609.31538338342,3137.1588457516464,1347.188333160617,3523.415640573921,3956.7769225696443,5247.439871122123,1187.033076770893,4201.720255871574,4286.508332783781,2873.3737175803367,4361.875512261298,2195.0691022826836,2138.543717674546,715.9882050364117,1121.0867947280658,17240.24230548202,2750.9020509293714,1158.7703844668242,1469.6599998115819,154719.39856990776,67839.88242720002,45559.45999415904,58805.241787332656,29195.36115010316,9628.157178252799,2609.588589409027,998.6151280771006,42959.2923021847,2798.00653810282,1676.9197433747538,1366.0301280299961,2138.543717674546,1017.4569229464798,11917.435254882379,9298.425768038664,12868.945895786032,292.0478204753785,2609.588589409027,2147.964615109235,1177.6121793362036,1083.4032049893074,39633.71550773927,584.095640950757,10994.187306282796,2044.3347433276494,5982.269871027914,3561.0992303126795,8940.431665520457,1403.7137177687546,2845.111025276268,5888.060896681018,7018.568588843774,7329.458204188531,1187.033076770893,1507.3435895503405,197.8388461284822,4192.299358436884,1884.1794869379257,791.3553845139288,791.3553845139288,1545.027179289099,631.2001281242051,555.832948646688,3212.526025229163,1865.3376920685464,1130.5076921627556,3033.5289739700606,536.9911537773088,2270.4362817602005,1884.1794869379257,555.832948646688,555.832948646688,1026.8778203811696,1394.292820334065,1563.8689741584785,734.8299999057909,555.832948646688,593.5165383854466,1026.8778203811696,866.7225639914458,1394.292820334065,1761.7078202869604,913.827051164894,131.8925640856548,423.9403845610333,1488.5017946809614,1281.2420511177893,631.2001281242051,3683.5708969636444,2722.639358625303,565.2538460813778,1855.9167946338569,555.832948646688,602.9374358201363,1318.925640856548
SRR24908007,controle,13574.660633484164,5589.566143199361,11764.70588235294,7133.351077987756,12882.619110992813,13414.958743678468,1809.9547511312219,2714.9321266968323,1330.8490817141335,692.0415224913495,5270.162363587969,2129.3585307426138,6388.075592227841,25286.13255256854,20388.607931860526,12243.81155177003,9688.581314878891,851.7434122970456,8996.539792387544,585.5735959542187,8890.071865850414,3992.547245142401,2129.3585307426138,7293.052967793453,798.5094490284802,585.5735959542187,4578.12084109662,3353.739685919617,3619.9095022624438,692.0415224913495,0.0,7452.754857599149,3034.335906308225,1224.381155177003,692.0415224913495,4365.184988022359,3247.271759382486,479.1056694170881,0.0,2608.4642001597017,11232.366249667288,3566.675538993878,0.0,13627.894596752729,6707.479371839234,4311.951024753794,1863.1887143997872,2608.4642001597017,372.6377428799574,638.8075592227841,4099.015171679532,2555.2302368911364,1490.5509715198295,1384.083044982699,3939.313281873836,425.8717061485228,0.0,9156.24168219324,159.70188980569603,159.70188980569603,6068.67181261645,2129.3585307426138,3619.9095022624438,4578.12084109662,3886.07931860527,11764.70588235294,6547.777482033537,7612.4567474048445,2022.8906042054832,1809.9547511312219,1543.784934788395,3886.07931860527,6334.841628959276,2661.698163428267,4524.886877828055,3779.6113920681396,4524.886877828055,2768.166089965398,4152.249134948097,3194.0377961139206,2289.06042054831,3034.335906308225,15065.211605003993,2182.5924940111795,904.9773755656109,1064.6792653713069,162044.18418951292,73622.57120042587,44237.423476177806,60846.42001597019,27521.959009848284,12669.683257918552,2661.698163428267,745.2754857599148,42267.76683524088,3034.335906308225,2129.3585307426138,1490.5509715198295,1224.381155177003,159.70188980569603,9422.411498536065,8038.328453553368,7825.3926004791065,479.1056694170881,1171.1471919084374,638.8075592227841,372.6377428799574,2555.2302368911364,33164.75911631621,479.1056694170881,9795.049241416024,1756.7207878626564,5483.098216662231,3779.6113920681396,5376.630290125099,1277.6151184455682,4258.7170614852275,8730.369976044718,6068.67181261645,7665.69071067341,159.70188980569603,585.5735959542187,266.1698163428267,3779.6113920681396,1969.656640936918,1224.381155177003,159.70188980569603,2289.06042054831,851.7434122970456,0.0,3779.6113920681396,2395.52834708544,1384.083044982699,2182.5924940111795,851.7434122970456,1330.8490817141335,1543.784934788395,851.7434122970456,851.7434122970456,958.2113388341762,425.8717061485228,479.1056694170881,319.40377961139205,851.7434122970456,851.7434122970456,1011.4453021027416,319.40377961139205,798.5094490284802,1171.1471919084374,692.0415224913495,0.0,0.0,1597.0188980569603,532.3396326856534,266.1698163428267,1809.9547511312219,1490.5509715198295,798.5094490284802,425.8717061485228,851.7434122970456,1916.4226776683524,958.2113388341762
SRR24908040,controle,15890.968727025958,4297.913250014139,13063.394220437709,7295.142226997681,13176.497200701238,13911.666572414184,1583.4417236894192,2940.6774868517787,2318.611095402364,282.75745065882484,6503.421365152972,2884.125996720014,4524.119210541197,23808.177345473054,18266.131312560086,11593.055477011818,10348.92269411299,1300.6842730305943,7295.142226997681,1470.3387434258893,8256.517559237685,5033.082621727082,2714.4715263247185,5937.906463835322,678.6178815811796,904.8238421082397,3732.398348696488,2431.7140756658937,1979.3021546117739,1979.3021546117739,791.7208618447096,6616.524345416501,2262.0596052705987,1753.0961940847142,2262.0596052705987,3110.331957247073,3223.4349375106035,735.1693717129447,622.0663914494147,2884.125996720014,8991.686930950631,3506.1923881694283,113.10298026352996,11875.812927670644,6390.318384889442,4354.464740145902,961.3753322400045,3223.4349375106035,169.6544703952949,1074.4783125035347,2205.508115138834,2601.3685460611887,2205.508115138834,2884.125996720014,3619.2953684329586,735.1693717129447,113.10298026352996,10744.783125035345,1187.5812927670643,1413.7872532941242,5372.391562517672,4184.810269750608,4015.1557993553133,3788.949838828253,3449.640898037663,13006.842730305943,6955.833286207092,8313.069049369451,2544.817055929424,1866.199174348244,1753.0961940847142,2318.611095402364,8030.311598710627,2205.508115138834,5033.082621727082,3619.2953684329586,4354.464740145902,3788.949838828253,3166.8834473788384,2827.5745065882484,1074.4783125035347,1526.8902335576543,13628.90912175536,3279.9864276423687,2205.508115138834,622.0663914494147,157609.00299722896,72499.0103489227,45919.80998699316,61301.81530283322,28219.19357575072,10179.268223717696,3336.5379177741333,2601.3685460611887,43205.338460668434,2544.817055929424,1074.4783125035347,1979.3021546117739,1413.7872532941242,1187.5812927670643,14024.769552677713,9726.856302663575,10914.43759543064,282.75745065882484,1922.750664480009,1074.4783125035347,508.9634111858848,2262.0596052705987,36928.123056042525,226.20596052705991,11253.74653622123,1413.7872532941242,5372.391562517672,3732.398348696488,7351.693717129447,1300.6842730305943,2035.8536447435392,6616.524345416501,4976.531131595318,6277.215404625912,1187.5812927670643,904.8238421082397,395.8604309223548,3788.949838828253,1413.7872532941242,169.6544703952949,395.8604309223548,1470.3387434258893,169.6544703952949,282.75745065882484,1922.750664480009,1696.5447039529492,1866.199174348244,1753.0961940847142,169.6544703952949,848.2723519764746,904.8238421082397,169.6544703952949,169.6544703952949,791.7208618447096,904.8238421082397,848.2723519764746,395.8604309223548,169.6544703952949,169.6544703952949,904.8238421082397,565.5149013176497,735.1693717129447,735.1693717129447,848.2723519764746,169.6544703952949,169.6544703952949,1809.6476842164793,791.7208618447096,339.3089407905898,1696.5447039529492,1244.1327828988294,452.41192105411983,1413.7872532941242,169.6544703952949,1074.4783125035347,678.6178815811796
SRR24908049,controle,13826.477704804702,5668.855858969928,10438.99066712755,4009.678534393363,9816.799170411337,12996.889042516419,760.4562737642585,3041.825095057034,1244.382993432423,760.4562737642585,6705.84168683028,3318.3546491531283,5945.385413066022,23781.541652264088,15623.919806429312,11475.976494987903,10992.049775319738,2281.368821292776,7881.09229173868,622.1914967162115,7189.768406498444,4147.9433114414105,1244.382993432423,5184.929139301763,553.059108192188,760.4562737642585,4078.810922917387,2972.692706533011,2627.0307639128932,691.3238852402351,0.0,7397.165572070515,2419.6335983408226,1659.1773245765642,967.8534393363291,4009.678534393363,2834.427929484964,1036.9858278603526,483.92671966816454,1728.3097131005877,12443.82993432423,2557.8983753888697,138.264777048047,12789.491876944348,6152.782578638092,3664.0165917732456,1244.382993432423,2627.0307639128932,207.39716557207052,483.92671966816454,4977.531973729692,2212.236432768752,1036.9858278603526,2972.692706533011,2419.6335983408226,898.7210508123055,138.264777048047,15693.052194953338,691.3238852402351,760.4562737642585,4701.002419633598,3594.884203249222,5461.458693397857,2903.560318008987,3387.4870376771514,13273.418596612513,6498.4445212582095,9056.34289664708,2972.692706533011,1728.3097131005877,2143.104044244729,4493.605254061528,5737.988247493951,1728.3097131005877,3318.3546491531283,4078.810922917387,3802.2813688212927,2350.501209816799,2073.9716557207053,2004.8392671966815,1728.3097131005877,2350.501209816799,15900.449360525405,2143.104044244729,483.92671966816454,553.059108192188,156446.5952298652,69892.84479778777,45074.31731766332,61320.42862080885,30763.91289319046,11890.770826132044,2972.692706533011,1106.118216384376,45212.582094711375,4701.002419633598,1659.1773245765642,1106.118216384376,1797.442101624611,414.79433114414104,14794.33114414103,11545.108883511924,11475.976494987903,345.66194262011754,1520.912547528517,2350.501209816799,1728.3097131005877,1036.9858278603526,34497.06187348773,0.0,10992.049775319738,2004.8392671966815,5323.19391634981,3802.2813688212927,7328.033183546491,1036.9858278603526,1866.5744901486346,4908.399585205669,5945.385413066022,7881.09229173868,553.059108192188,1244.382993432423,69.1323885240235,3871.4137573453163,1590.0449360525406,1590.0449360525406,276.529554096094,1451.7801590044935,691.3238852402351,0.0,3871.4137573453163,1866.5744901486346,553.059108192188,2212.236432768752,622.1914967162115,2281.368821292776,2419.6335983408226,622.1914967162115,622.1914967162115,483.92671966816454,622.1914967162115,691.3238852402351,414.79433114414104,622.1914967162115,622.1914967162115,483.92671966816454,691.3238852402351,967.8534393363291,1659.1773245765642,967.8534393363291,691.3238852402351,138.264777048047,1244.382993432423,1382.6477704804702,829.5886622882821,3525.751814725199,3041.825095057034,622.1914967162115,829.5886622882821,622.1914967162115,829.5886622882821,1106.118216384376
SRR6784403,controle,13674.61430575035,3681.626928471248,9011.220196353435,4523.141654978962,6837.307152875175,8730.715287517532,2173.913043478261,4347.826086956522,2384.291725105189,455.82047685834505,6556.802244039271,4277.699859747546,7398.3169705469845,23772.791023842918,20476.858345021035,15322.58064516129,7152.875175315568,2805.049088359046,9151.47265077139,1753.1556802244038,4943.899018232819,5154.277699859748,631.1360448807854,3330.995792426367,1542.7769985974753,1683.0294530154279,2279.1023842917252,2454.4179523141656,1753.1556802244038,350.63113604488075,315.5680224403927,7082.748948106592,2138.849929873773,946.7040673211781,631.1360448807854,3646.5638148667604,3541.374474053296,1718.0925666199157,876.5778401122019,631.1360448807854,12026.647966339411,3436.1851332398314,596.0729312762973,16164.095371669004,2629.733520336606,1472.6507713884994,701.2622720897615,1753.1556802244038,841.5147265077139,2033.6605890603084,6661.991584852734,3155.680224403927,911.6409537166901,3716.6900420757365,2314.1654978962133,1157.0827489481067,596.0729312762973,15708.27489481066,876.5778401122019,1016.8302945301542,6837.307152875175,3786.8162692847122,5364.656381486676,1963.5343618513325,3225.8064516129034,9221.598877980365,10273.492286115006,10203.366058906031,3997.194950911641,771.3884992987377,701.2622720897615,2454.4179523141656,4488.078541374474,2489.4810659186537,2103.786816269285,5259.467040673212,2664.796633941094,5119.214586255259,3786.8162692847122,2033.6605890603084,771.3884992987377,1402.524544179523,16690.042075736324,3927.068723702665,1157.0827489481067,981.7671809256663,163534.36185133242,61150.07012622721,44705.469845722306,52454.417952314165,28436.185133239833,8450.210378681628,4558.2047685834505,1683.0294530154279,41129.032258064515,4242.636746143057,1998.5974754558206,1998.5974754558206,1437.5876577840113,350.63113604488075,14200.561009817671,8870.967741935485,9887.798036465638,1086.9565217391305,3155.680224403927,2349.2286115007014,2419.3548387096776,1086.9565217391305,30785.413744740534,1157.0827489481067,11325.38569424965,4593.267882187938,6486.676016830294,4803.6465638148675,9467.04067321178,1016.8302945301542,4067.321178120617,6276.297335203366,7258.064516129032,9607.293127629735,350.63113604488075,2629.733520336606,315.5680224403927,2384.291725105189,1893.4081346423561,946.7040673211781,1086.9565217391305,1086.9565217391305,946.7040673211781,245.44179523141656,4277.699859747546,911.6409537166901,736.3253856942497,3401.122019635344,525.9467040673212,1437.5876577840113,1227.2089761570828,525.9467040673212,525.9467040673212,596.0729312762973,1577.8401122019634,1647.9663394109398,1051.8934081346424,525.9467040673212,525.9467040673212,666.1991584852735,1928.4712482468442,2314.1654978962133,1753.1556802244038,561.0098176718093,596.0729312762973,245.44179523141656,2103.786816269285,771.3884992987377,0.0,2699.859747545582,4102.384291725106,666.1991584852735,806.4516129032259,525.9467040673212,596.0729312762973,2664.796633941094
SRR6784406,controle,14933.276848125397,3691.711804399794,8109.661996550367,5499.742790571005,6082.246497412775,7315.338759947953,3245.3777952612945,5106.363663872666,2466.1845250703545,521.9838411958725,8034.012164492994,3691.711804399794,8571.125972100343,23610.31258510606,17853.36036553999,17475.111205253124,10061.427663630588,3744.666686839955,8866.160317124095,1702.1212212908888,5461.917874542319,4781.069386025963,1202.832329712228,2496.4444578933035,809.4532030138894,1550.8215571761432,1649.1663388507277,2375.4047266015073,2239.2350288982357,234.5144793778558,438.7690259327624,8276.091627076588,2504.009441099041,1399.5218930613973,1157.4424304778042,4092.6559143038703,2829.303718945744,1520.5616243531938,529.5488244016099,1505.4316579417193,11733.288952098526,2632.614155596574,695.9784549278301,13987.653947408236,3661.451871576845,2382.9697098072443,1089.357581626169,1104.4875480376434,771.6282869852029,1407.0868762671346,6248.676127938996,1482.7367083245074,779.1932701909402,4660.029654734167,1490.3016915302449,892.6680182769994,695.9784549278301,17346.50649075559,355.5542106696523,347.98922746391503,7262.383877507792,5734.257269948861,3328.5926105244043,2587.224256362151,2594.789239567888,11279.38995975429,8442.521257602808,10908.705782673162,3313.4626441129303,1929.0707174630072,832.1481526311011,2791.4788029170577,4644.899688322692,2912.518534208854,2481.314491481829,2655.309105213786,2019.8505159318547,6475.625624111115,4092.6559143038703,1679.4262716736769,1089.357581626169,1603.776439616304,13685.054619178745,3071.383181529337,1051.5326655974823,446.3340091384997,164281.17529579083,63008.74512058584,47924.16860834569,57743.516809392684,32257.088389263776,8419.826307985595,5204.70844554725,1346.5670106212365,42038.61167428209,3184.857929615396,1664.2963052622022,1898.810784640058,1883.6808182285836,862.4080854540503,8790.510485066723,7897.842466789723,9569.703755257662,302.59932822949133,2693.134021242473,1929.0707174630072,1036.4026991860078,1157.4424304778042,28535.11665204103,1195.2673465064906,9569.703755257662,4523.859957030895,6399.975792053741,4175.87072956698,5620.782521862801,1747.5111205253124,2337.5798105728204,6301.631010379157,6838.744817986504,9320.059309468334,991.012799951584,1732.381154113838,408.5090931098133,2844.4336853572186,1354.1319938269737,1573.516506793355,665.718522104881,1936.6357006687444,1066.662632008957,272.3393954065422,3472.327291433413,771.6282869852029,1369.2619602384484,3275.6377280842435,771.6282869852029,2337.5798105728204,1407.0868762671346,771.6282869852029,771.6282869852029,1134.7474808605923,1755.0761037310497,1777.7710533482616,839.7131358368384,771.6282869852029,764.0633037794656,1225.5272793294398,2625.049172390837,2019.8505159318547,741.3683541622537,302.59932822949133,567.3737404302962,121.03973129179653,1709.686204496626,839.7131358368384,302.59932822949133,1157.4424304778042,3041.1232487063876,839.7131358368384,559.8087572245589,771.6282869852029,1195.2673465064906,5166.8835295185645
SRR6784524,controle,9594.509881553333,2494.3086212016233,11838.067900623577,8202.184169718565,4533.306938533109,7106.7999604077995,692.8635058893398,5529.71064700254,2982.6124253522057,303.5402025800917,6625.094856313306,6314.955953677126,8538.717872579102,26467.385924972783,19947.870269556897,11646.705598996998,5272.361344815071,1596.885413573526,10861.460292322412,508.0999043188492,6413.93645451846,5905.836550199611,897.4232076280973,4658.682239598799,1926.8204163779737,851.2323072354747,699.4622059454288,1438.516612227391,910.6206077402752,494.90250420667127,376.1259031970702,5595.69764756343,3048.5994259130953,376.1259031970702,270.54670229964694,1742.0568148074829,4678.478339767066,1326.338711273879,1095.3842093107658,897.4232076280973,19558.54696624765,1933.4191164340625,257.3493021874691,14695.305024910092,3682.0746312976344,1339.536111386057,976.6076083011646,930.416707908542,1260.3517107129896,1511.1023128443696,6176.383252499258,1662.8724141344155,679.6661057771619,4711.47184004751,1748.6555148635719,389.32330330924805,257.3493021874691,14108.020719918177,785.2453066745851,646.6726054967172,6189.580652611436,2065.3931175558414,2857.2371242865156,1049.1933089181432,2560.295621762513,5384.539245768583,10366.55778811574,8116.4010689894085,3583.0941304563003,640.0739054406282,422.3168035896928,3088.191626249629,3147.5799267544294,3576.495430400211,2111.584017948464,5001.814642515425,3457.71882939061,3774.45643208288,5021.610742683692,2982.6124253522057,455.3103038701376,1200.963410208189,17011.448744597314,4355.142037018707,2969.4150252400277,415.7181035336039,163733.54449173514,67715.85997558481,42607.806262166356,52624.63294730938,28374.410241182486,12299.976904549803,5648.487248012142,917.2193077963641,44765.58118050744,4137.384935167772,2375.532020192022,191.36230162657958,1643.0763139661487,85.78310072915636,19835.692368603384,12570.52360684945,10670.097990695833,250.75060213138013,2296.3476195189546,316.7376026922696,204.55970173875744,4467.31993797222,34385.825992279526,1352.733511498235,13857.270117786795,4355.142037018707,3437.922729222343,3457.71882939061,15817.084034445214,1933.4191164340625,1907.0243162097067,6057.6066514896565,4110.990134943416,5668.283348180408,72.58570061697846,1511.1023128443696,1999.4061169949518,3622.686330792834,2071.9918176119304,323.3363027483586,1181.1673100399223,1735.458114751394,72.58570061697846,32.99350028044475,6545.910455640238,178.16490151440166,1372.5296116665018,3635.883730905012,59.388300504800554,521.297304431027,910.6206077402752,59.388300504800554,59.388300504800554,1154.7725098155663,2197.3671186776205,2223.7619189019765,316.7376026922696,59.388300504800554,59.388300504800554,1240.5556105447226,659.8700056088951,1016.1998086376984,2170.972318453265,204.55970173875744,501.50120426276027,230.95450196311324,1346.1348114421457,818.2388069550298,26.3948002243558,3596.2915305684783,6592.101356032862,65.9870005608895,39.5922003365337,59.388300504800554,336.53370286053644,1266.9504107690784
SRR6784528,controle,14351.320321469575,4510.414958176152,8474.112951724892,5111.803619266306,5111.803619266306,8282.762014105298,2405.5546443606145,6560.6035755289495,2214.20370674102,191.35093761959433,7599.365808321032,1503.471652725384,8911.486523426822,24547.591711770816,17057.569296375266,18998.41452080258,11453.72040894429,5849.871521513313,11344.377016018807,1530.8075009567547,5631.1847356623475,6587.939423760319,1175.4414739489366,2432.890492591985,328.0301787764474,2104.8603138155377,1038.7622327920835,1394.1282597999016,1175.4414739489366,765.4037504783773,984.0905363293423,7763.380897709256,1558.1433491881253,2432.890492591985,1230.1131704116779,5521.841342736865,3280.3017877644747,1394.1282597999016,437.3735717019299,1038.7622327920835,10633.64496200317,5002.460226340823,792.739598709748,8993.494068120934,3881.690448854628,4073.041386474222,410.03772347055934,546.7169646274124,765.4037504783773,2624.2414302115794,5385.162101580012,4100.377234705593,136.6792411568531,2678.9131266743207,3963.69799354874,1804.1659832704609,792.739598709748,14925.373134328358,628.7245093215242,382.70187523918867,6833.962057842655,4127.7130829369635,4237.056475862446,3170.958394838992,2542.2338855174676,10879.667596085506,7900.060138866108,10934.339292548248,3061.6150019135093,765.4037504783773,820.0754469411187,3991.033841780111,5221.147012191788,3280.3017877644747,2651.57727844295,2186.8678585096495,1448.7999562626428,6642.61112022306,4783.773440489858,2104.8603138155377,956.7546880979717,820.0754469411187,9594.882729211087,2350.8829478978732,1066.0980810234541,328.0301787764474,164206.44032584332,61697.00945820349,49013.17587884752,59756.16423377617,29468.044393417527,9758.897818599311,6560.6035755289495,956.7546880979717,45896.88918047128,3116.2866983762506,1202.7773221803072,1995.5169208900554,738.0679022470067,246.02263408233557,10797.660051391395,6259.909244983872,12765.841124050079,136.6792411568531,4401.07156525067,2569.569733748838,273.3584823137062,601.3886610901536,27691.214258378437,1202.7773221803072,9922.912907987535,3198.2942430703624,6013.886610901536,5385.162101580012,5057.1319228035645,1476.1358044940134,2214.20370674102,4865.78098518397,7408.014870701438,9239.51670220327,546.7169646274124,1558.1433491881253,164.0150893882237,2405.5546443606145,574.052812858783,847.4112951724892,956.7546880979717,1940.845224427314,1503.471652725384,601.3886610901536,3389.6451806899568,1968.1810726586846,1175.4414739489366,3088.95085014488,464.7094199333005,1230.1131704116779,1011.4263845607129,464.7094199333005,464.7094199333005,956.7546880979717,1694.8225903449784,1776.8301350390902,1640.1508938822374,464.7094199333005,464.7094199333005,1011.4263845607129,2760.9206713684325,2323.5470996665026,683.3962057842655,136.6792411568531,0.0,410.03772347055934,2870.264064293915,656.0603575528949,874.7471434038598,1038.7622327920835,2569.569733748838,492.04526816467114,246.02263408233557,464.7094199333005,929.418839866601,5576.513039199606
SRR6784540,controle,12352.354017634338,3396.550768036378,10605.556479787057,6987.19015138912,7056.507514002107,10189.652304109133,2232.0190761381914,5628.569844174569,1414.074197304941,582.2658459490933,5379.027338767814,4200.63217434703,7084.234459047302,25619.697221760107,17870.016081628128,12920.756391060833,7333.776964454057,2121.1112959574116,9621.249930682638,1635.8897576665001,5337.436921200023,5171.075250928853,956.5796040592247,4256.08606443742,2093.3843509122166,1719.070592802085,1483.3915599179284,1441.801142350136,1649.7532301890976,277.2694504519492,346.5868130649365,5933.566239671713,2065.6574058670217,817.9448788332501,582.2658459490933,3008.3735374036487,4339.2668995730055,1192.2586369433816,914.9891864914324,235.67903288415684,15513.225752786557,3271.7795153330003,402.04070315532636,16525.259246936173,3535.1854932623523,873.39876892364,859.5352964010425,623.8562635168857,804.0814063106527,1012.0334941496145,7583.31946986081,3479.731603171963,914.9891864914324,4921.532745522099,3604.5028558753397,1746.79753784728,402.04070315532636,15291.410192424997,499.0850108135085,346.5868130649365,7014.917096434316,4658.126767592747,3867.9088338046913,1497.2550324405256,3327.23340542339,8941.939777075362,8817.168524371986,10369.8774469029,3354.960350468585,873.39876892364,568.4023734264958,3091.5543725392336,3854.045361282094,4034.2705040758615,3063.8274274940386,3424.277713081573,2550.878944157933,4616.536350024954,2869.7388121776744,1954.7496256862419,817.9448788332501,1247.7125270337715,15443.908390173572,2731.1040869516996,1760.6610103698774,360.450285587534,160663.78306438198,65920.81184495092,45513.780291687464,53942.771585426715,28586.480341595965,10023.290633837963,5725.61415183275,693.173626129873,42103.36605112848,3964.9531414628736,2814.2849220872845,1067.4873842400043,2079.5208783896187,249.54250540675426,17606.610103698775,12560.306105473299,12061.221094659792,388.1772306327289,2232.0190761381914,1164.5316918981866,859.5352964010425,2814.2849220872845,26853.546276271278,790.2179337880552,14293.240170797983,3244.052570287806,4325.403427050407,5018.57705318028,10453.058282038486,1025.896966672212,2315.1999112737763,6876.28237120834,5323.5734486774245,6848.555426163146,415.9041756779238,2578.605889203128,1136.8047468529917,4145.178284256641,2037.9304608218267,457.4945932457162,526.8119558587034,1095.2143292851993,429.76764820052125,152.49819774857207,5697.887206787556,609.9927909942883,596.1293184716908,2952.919647313259,263.4059779293517,1483.3915599179284,1206.122109465979,263.4059779293517,263.4059779293517,512.948483336106,1538.845450008318,1580.4358675761105,748.6275162202628,263.4059779293517,263.4059779293517,540.6754283813009,1386.347252259746,1857.7053180280598,1968.6130982088391,235.67903288415684,138.6347252259746,97.04430765818222,1441.801142350136,1760.6610103698774,457.4945932457162,3022.237009926246,5905.839294626518,277.2694504519492,623.8562635168857,263.4059779293517,429.76764820052125,2592.469361725725
SRR6784551,controle,13240.759285221531,4606.449028640096,8567.55012573158,6898.546854485167,6564.746200235886,8166.98934063244,2937.4457573936847,3961.101097091484,1802.5235329461245,155.7736386496651,7165.5873778845935,3404.76667334268,9568.952088479427,22386.89721165187,19850.012239357322,17068.340120613302,7966.708948082872,2781.67211874402,9724.725727129091,1112.6688474976077,4717.715913389857,4962.5030598393305,1112.6688474976077,2759.418741794067,1045.9087166477514,1357.4559939470817,2425.618087544785,1691.2566481963636,1513.2296325967466,756.6148162983733,445.0675389990431,6119.678661236843,1602.2431403965552,1335.2026169971293,1068.1620935977035,3738.567327591962,2514.6315953445937,1424.216124796938,956.8952088479426,801.1215701982776,11838.796537374546,2403.364710594833,445.0675389990431,14153.14774016957,2492.3782183946414,1179.4289783474642,712.108062398469,1068.1620935977035,623.0945545986604,1201.6823552974165,6765.026592785454,2336.6045797449765,1001.401962747847,3827.5808353917705,2403.364710594833,1201.6823552974165,422.8141620490909,16000.178027015598,623.0945545986604,712.108062398469,8100.229209782584,3404.76667334268,3248.9930346930146,1646.7498942964594,4361.661882190623,9568.952088479427,10370.073658677706,11816.543160424595,3404.76667334268,578.587800698756,1201.6823552974165,2559.138349244498,4584.195651690144,2870.685626543828,2803.9254956939717,4606.449028640096,2581.3917261944503,6676.013084985647,4806.729421189666,1179.4289783474642,556.3344237488038,845.6283240981818,15666.377372766316,2581.3917261944503,1468.7228786968424,645.3479315486126,162872.4658966998,58259.34085497474,48868.41578209493,51205.02036183991,29908.538620735697,8367.26973318201,3961.101097091484,1246.1891091973207,42459.443220508714,4116.874735741149,2091.8174332955027,2447.871464494737,912.3884549480383,178.02701559961724,13975.120724569953,11527.249260075216,8723.323764381246,445.0675389990431,3271.246411642967,1357.4559939470817,823.3749471482297,1646.7498942964594,32156.12969268086,1312.9492400471772,11749.783029574739,3983.354474041436,5785.87800698756,3204.4862807931104,5963.905022587178,1201.6823552974165,3872.087589291675,6230.945545986603,6230.945545986603,7766.428555533303,244.78714644947368,2091.8174332955027,912.3884549480383,3248.9930346930146,1112.6688474976077,3048.712642143445,801.1215701982776,1112.6688474976077,1401.9627478469858,356.0540311992345,5096.0233215390435,979.1485857978947,801.1215701982776,5096.0233215390435,979.1485857978947,2136.324187195407,1869.283663795981,979.1485857978947,979.1485857978947,645.3479315486126,2625.8984800943545,2670.4052339942587,1068.1620935977035,979.1485857978947,979.1485857978947,778.8681932483254,1758.01677904622,2069.5640563455504,1891.5370407459332,623.0945545986604,311.5472772993302,333.80065424928233,2025.057302445646,667.6013084985647,178.02701559961724,3004.205888243541,4806.729421189666,1045.9087166477514,489.57429289894736,979.1485857978947,600.8411776487083,4272.648374390814
SRR6784554,controle,12561.027634260796,4076.40896809973,9859.221690287719,7584.016684836706,4929.6108451438595,7868.417310518083,2844.006256813765,4360.809593781106,2085.6045883300944,521.4011470825236,7963.217519078542,4645.210219462483,9243.020334644736,22515.049533108973,17064.03754088259,14836.232639711807,8437.218561880836,3128.4068824951414,11992.226382898043,1706.4037540882591,5925.013035028677,5403.611887946153,1279.8028155661943,3412.8075081765182,1564.2034412475707,1042.8022941650472,1848.6040669289473,1422.0031284068825,1374.603024126653,379.2008342418353,521.4011470825236,6399.0140778309715,1611.6035455278002,1706.4037540882591,1090.2023984452765,3792.008342418353,3649.808029577665,1516.8033369673412,853.2018770441296,948.0020856045883,13082.428781343318,3460.2076124567475,379.2008342418353,9954.021898848177,2275.205005451012,1232.4027112859649,568.801251362753,1327.2029198464236,711.0015642034413,1564.2034412475707,8200.218040479689,2464.8054225719297,758.4016684836706,4029.0088638195,3318.007299616059,1279.8028155661943,379.2008342418353,15120.633265393184,616.2013556429824,284.4006256813765,6730.814807792577,4218.609280940418,3318.007299616059,2322.6051097312416,2607.005735412618,9385.220647485425,10238.422524529555,11139.024505853913,2559.6056311323887,663.6014599232118,616.2013556429824,2844.006256813765,4977.010949424089,3081.006778214912,2986.2065696544532,5830.212826468218,2464.8054225719297,5925.013035028677,4503.0099066217945,2133.0046926103237,616.2013556429824,948.0020856045883,14504.431909750203,2464.8054225719297,2038.204484049865,805.8017727639001,163103.7588282694,63847.94046546903,46926.10323742712,52898.51637673603,29719.865383703844,9764.421481727259,4360.809593781106,474.00104280229414,48111.10584443286,4550.410010902024,2796.6061525335354,2559.6056311323887,805.8017727639001,331.8007299616059,14836.232639711807,10475.423045930702,11328.62492297483,474.00104280229414,4360.809593781106,1042.8022941650472,616.2013556429824,1896.0041712091765,28582.26288097834,900.6019813243589,10143.622315969094,3886.8085509788125,4076.40896809973,3602.4079252974357,7062.615537754183,1090.2023984452765,2559.6056311323887,5877.612930748448,4313.4094895008775,6304.213869270513,331.8007299616059,1706.4037540882591,995.4021898848177,3839.4084466985823,1516.8033369673412,1801.2039626487178,711.0015642034413,1090.2023984452765,1232.4027112859649,284.4006256813765,3697.2081338578946,948.0020856045883,900.6019813243589,3649.808029577665,948.0020856045883,3460.2076124567475,1848.6040669289473,948.0020856045883,948.0020856045883,758.4016684836706,1848.6040669289473,1848.6040669289473,995.4021898848177,948.0020856045883,948.0020856045883,805.8017727639001,1564.2034412475707,1422.0031284068825,900.6019813243589,142.20031284068824,474.00104280229414,379.2008342418353,2322.6051097312416,711.0015642034413,758.4016684836706,1659.0036498080294,3934.2086552590413,995.4021898848177,568.801251362753,948.0020856045883,521.4011470825236,5119.211262264777
SRR6784564,controle,14827.11082350955,5908.336381284641,10297.386264524659,5317.5027431561775,5626.987029794896,6358.4953436682335,2672.818839152576,5458.177418901049,1491.1515628956474,1885.0406549812903,10128.576653630813,3066.7079312382184,8553.020285288243,26137.354753397292,21917.11448105112,16458.937062150075,9284.528599161578,3207.3826069830907,8356.075739245422,1350.4768871507752,4163.970402048223,4614.129364431816,534.5637678305152,1688.096108938469,478.2938975325662,1997.5803955771883,1434.8816925976987,1153.532341107954,1069.1275356610304,196.94454604282137,309.48428663871925,6161.550797625411,1828.7707846833412,1322.3419520018006,1097.2624708100047,3263.65247728104,2813.493514897448,2025.7153307261626,956.5877950651324,618.9685732774385,11647.863151675436,2616.5489688546268,590.8336381284641,11028.894578397996,4726.669105027713,3319.922347578989,1097.2624708100047,1153.532341107954,928.4528599161579,4163.970402048223,5120.558197113356,2053.850265875137,309.48428663871925,2813.493514897448,2250.7948119179587,1097.2624708100047,590.8336381284641,15136.595110148271,196.94454604282137,112.53974059589792,5908.336381284641,3348.0572827279634,5852.066510986692,1744.3659792364178,3319.922347578989,10635.005486312355,10212.981459077737,11113.29938384492,2447.73935796078,1659.9611737894945,618.9685732774385,4782.938975325662,3460.5970233238613,2363.3345525138566,2138.2550713220608,2475.874293109754,2166.3900064710347,5739.526770390795,4248.375207495146,1603.6913034915453,675.2384435753876,787.7781841712855,14461.356666572883,1997.5803955771883,1885.0406549812903,450.1589623835917,163885.99724277636,61080.9442084236,49489.350927046115,57564.07731480179,35027.994260473235,7399.487944180289,5598.852094645922,956.5877950651324,39248.2345328194,2419.6044228118053,1997.5803955771883,1603.6913034915453,1125.3974059589793,337.6192217876938,12857.665363081338,9875.362237290045,9228.258728863631,872.1829896182089,2644.683904003601,1434.8816925976987,900.3179247671834,1181.6672762569283,27937.99060293166,1012.8576653630813,10156.711588779788,4782.938975325662,7821.511971414907,3713.8114396646315,5008.018456517458,1012.8576653630813,4360.914948091045,4923.613651070535,11282.108994738768,12294.966660101849,393.88909208564274,3995.1607911543765,618.9685732774385,1463.016627746673,703.373378724362,1519.286498044622,759.643249022311,1491.1515628956474,1153.532341107954,365.75415693666827,4304.645077793096,1237.937146554877,928.4528599161579,2982.303125791295,450.1589623835917,1547.4214331935964,675.2384435753876,450.1589623835917,450.1589623835917,703.373378724362,2025.7153307261626,2194.5249416200095,1153.532341107954,450.1589623835917,450.1589623835917,759.643249022311,1856.9057198323158,1828.7707846833412,928.4528599161579,872.1829896182089,84.40480544692345,1350.4768871507752,1603.6913034915453,844.0480544692344,84.40480544692345,2700.9537743015503,3882.6210505584786,478.2938975325662,1097.2624708100047,450.1589623835917,844.0480544692344,3741.9463748136063
SRR6784567,controle,19448.771201107647,4910.868812737971,13261.509172724127,4413.291796469367,11703.876773970233,6122.360678435444,1665.8013153340255,3245.067497403946,1514.3648321218416,778.816199376947,6338.698511595708,3331.602630668051,7982.866043613706,18388.71581862236,17782.969885773622,18042.57528556594,5624.78366216684,2422.9837313949465,8696.780893042574,951.8864659051576,7117.514710972655,3872.447213568709,475.9432329525788,4391.65801315334,649.0134994807893,605.7459328487366,2855.6593977154726,4045.517480096919,3958.982346832814,886.9851159570785,454.3094496365525,6619.93769470405,3569.5742471443405,432.67566632052615,389.4080996884735,3439.7715472481827,5386.812045690551,1168.2242990654204,411.0418830044998,302.8729664243683,11184.6659743856,3115.264797507788,519.2107995846313,14408.09968847352,1709.0688819660784,1384.5621322256836,367.7743163724472,1773.970231914157,800.4499826929734,4413.291796469367,4997.403946002077,1730.7026652821046,995.1540325372101,4283.489096573208,2487.8850813430254,800.4499826929734,519.2107995846313,12763.932156455521,778.816199376947,649.0134994807893,4564.728279681551,2531.152647975078,4023.8836967808934,1925.4067151263414,3634.47559709242,14948.944271374177,14927.310488058152,10643.821391484942,2552.786431291104,1060.0553824852889,2098.4769816545518,2098.4769816545518,3439.7715472481827,1341.294565593631,2898.926964347525,3374.8701973001034,2271.5472481827624,3309.968847352025,2487.8850813430254,3136.8985808238144,2942.1945309795774,2682.589131187262,11682.242990654206,2704.2229145032884,1060.0553824852889,1038.4215991692627,154486.84665974387,65766.70128071998,49909.138110072694,53630.14884042922,36388.02353755625,9389.061959155417,2985.4620976116307,1211.4918656974733,43959.84769816545,1990.3080650744203,1600.8999653859469,2920.5607476635514,1449.4634821737625,281.239183108342,12352.890273451021,9908.27275874005,11336.102457597784,259.60539979231567,1341.294565593631,1622.533748701973,1319.6607822776048,908.618899273105,34743.85600553825,822.0837660089996,14624.437521633783,2985.4620976116307,4716.164762893735,8675.147109726548,11206.299757701627,735.5486327448943,2401.34994807892,3785.9120803046035,5473.347178954656,5819.487712011077,302.8729664243683,6425.233644859813,454.3094496365525,2725.8566978193144,1341.294565593631,713.9148494288681,713.9148494288681,670.6472827968155,649.0134994807893,151.43648321218416,6857.909311180339,670.6472827968155,822.0837660089996,1925.4067151263414,411.0418830044998,2120.1107649705777,1124.956732433368,346.1405330564209,346.1405330564209,346.1405330564209,735.5486327448943,778.816199376947,843.7175493250259,346.1405330564209,411.0418830044998,389.4080996884735,1276.393215645552,2033.575631706473,886.9851159570785,389.4080996884735,497.57701626860506,259.60539979231567,822.0837660089996,562.478366216684,0.0,1362.9283489096572,6598.303911388024,432.67566632052615,237.9716164762894,346.1405330564209,281.239183108342,3656.1093804084458
SRR6784574,controle,13089.7170566642,4909.588047796728,9426.409051769717,5755.54783449401,6216.29378974878,7704.27662885025,3421.605208695258,5128.631206852274,1691.9195733945648,370.10740668006105,8557.789627928758,1752.3452724443707,8935.450246990044,24147.619982778677,19857.395350242456,18475.157484478146,9826.729307974681,4320.437482061121,12742.269287127816,1707.0259981570164,6261.613064036135,5793.313896400138,1420.0039276704383,2749.369306766168,740.2148133601221,2016.7077057872714,1321.8121667145037,2197.984802936689,2152.6655286493346,128.4046104808375,679.7891143103162,8905.237397465142,2341.495838179978,2537.879360091847,1555.9617505325014,4108.9475353868,2862.667492484554,1132.9818571838603,1080.1093705152803,959.2579724156684,9985.346767980422,3580.222668700999,710.0019638352192,11692.372766137438,2628.517908666556,1276.4928924271492,823.3001495536051,536.2780790670272,755.3212381225735,1933.622369593788,6110.5488164116205,1563.5149629137272,332.3413447739324,2130.0058915056575,2477.453661042041,1299.1525295708266,710.0019638352192,15174.403673882502,166.1706723869662,90.63854857470882,6102.995604030394,4856.715561128148,3640.6483677508045,3043.944589633971,2356.602262942429,10521.62484704745,8263.214345060955,11073.009350876928,3293.2005982144206,1314.258954333278,536.2780790670272,3421.605208695258,5566.7175249633665,3829.4786772814477,2160.2187410305605,2930.6464039155853,1480.4296267202442,6699.699382147227,4207.139296342734,1956.2820067374653,1276.4928924271492,1601.2810248198557,12281.523331873046,2658.7307581914592,1465.3232019577927,173.7238847681919,166767.376165083,60002.71915645724,48506.72991223167,54337.80987053794,31126.788223031257,9539.707237488103,5181.5036935208545,755.3212381225735,47758.961886490324,4705.651313503633,2288.6233515113977,3315.8602353580977,921.4919105095397,370.10740668006105,8316.086831729535,10000.453192742872,10680.24230705319,188.83030953064338,5000.226596371436,770.427662885025,581.5973533543817,566.4909285919301,27010.28747526323,1578.6213876761785,10015.559617505325,3550.009819176096,6911.189328821548,3406.498783932807,4388.416393492152,1223.620405758569,3036.3913772527458,5808.42032116259,6254.059851654909,10279.922050848225,362.5541942988353,1812.7709714941766,287.02207048657795,2137.5591038868833,710.0019638352192,1646.6002991072103,672.2359019290905,1533.3021133888242,1639.0470867259844,551.3845038294787,2598.305059141653,1472.8764143390183,997.0240343217971,3429.158421076484,891.2790609846368,2364.155475323655,1548.4085381512757,891.2790609846368,891.2790609846368,808.1937247911536,1714.579210538242,1782.5581219692735,1382.2378657643096,891.2790609846368,891.2790609846368,868.6194238409596,2454.794023898364,1933.622369593788,475.8523800172213,128.4046104808375,60.42569904980588,392.7670438237382,3142.1363505899058,551.3845038294787,135.95782286206324,838.4065743160567,2205.538015317915,936.5983352719911,287.02207048657795,891.2790609846368,929.0451228907655,5045.545870658791
SRR6784579,controle,15528.38509461698,5903.353011176704,11246.704155680518,5553.351844506148,9205.03068343561,8003.360011200037,2520.0084000280003,3826.679422264741,1330.0044333481112,770.0025666752223,9566.698555661851,2963.343211144037,7536.69178897263,20533.401778005926,18281.727605758686,15890.052966843221,7186.690622302074,2426.6747555825186,10803.369344564482,863.3362111207038,5460.0182000606665,4760.015866719556,1155.0038500128333,3605.012016706722,933.3364444548149,1236.6707889026297,2753.3425111417037,3033.3434444781483,3021.6767389224633,315.00105000350004,210.00070000233333,7303.357677858926,3220.010733369111,1143.3371444571483,711.6690388967963,3558.3451944839817,5156.683855612851,1271.6709055696851,735.0024500081666,746.6691555638519,11946.70648902163,5086.683622278741,361.6678722262408,12366.707889026296,2170.0072333574444,921.6697388991297,665.0022166740556,921.6697388991297,560.0018666728889,4130.0137667125555,6195.020650068834,1260.0042000140002,595.0019833399444,2928.3430944769816,4456.681522271741,595.0019833399444,361.6678722262408,11736.705789019295,350.00116667055556,280.00093333644446,5180.017266724222,2916.676388921296,3686.678955596519,1551.6718389061296,3768.345894486315,13265.044216814056,10173.367244557481,11176.703922346407,2695.008983363278,1015.003383344611,1365.0045500151666,3033.3434444781483,3686.678955596519,2438.3414611382036,3756.6791889306296,2975.0099166997225,1633.338777795926,4340.014466714889,3558.3451944839817,3348.3444944816483,1936.6731222437409,2275.007583358611,12028.373427911427,1843.3394777982594,1481.6716055720185,571.6685722285741,164383.88127960428,60573.535245117484,47565.158550528504,50213.50071166904,34486.781622605406,8213.360711202371,3931.679772265908,630.0021000070001,43493.47831159437,3441.67813892713,1785.0059500198333,3336.677788925963,1003.336677788926,385.00128333761114,11935.039783465945,11176.703922346407,11935.039783465945,548.3351611172037,3266.677555591852,1038.3367944559814,1843.3394777982594,1936.6731222437409,29843.432811442704,863.3362111207038,14606.715355717852,3138.343794479315,5238.350794502649,6031.686772289241,9438.364794549314,863.3362111207038,2461.6748722495745,4106.6803556011855,5273.350911169703,6708.355694518981,385.00128333761114,5156.683855612851,746.6691555638519,2823.342744475815,735.0024500081666,1260.0042000140002,490.0016333387778,898.3363277877593,933.3364444548149,245.0008166693889,6346.687822292741,653.3355111183704,746.6691555638519,2916.676388921296,700.0023333411111,2590.008633362111,1505.005016683389,700.0023333411111,700.0023333411111,501.668338894463,1423.3380777935927,1446.671488904963,875.002916676389,700.0023333411111,700.0023333411111,548.3351611172037,1481.6716055720185,1843.3394777982594,1166.6705555685185,338.3344611148704,198.33399444664815,396.6679888932963,1820.006066686889,793.3359777865926,116.66705555685186,2181.67393891313,6335.021116737055,758.3358611195371,653.3355111183704,700.0023333411111,536.6684555615185,4398.347994493315
SRR6784585,controle,14157.121177473338,3741.9703552792967,9001.517576866307,5529.800636134961,5987.152568446874,8024.447539654492,3638.026734299316,5010.082531235058,2328.3371099515625,291.0421387439453,8689.686713926367,2681.7454212834955,9001.517576866307,23657.56813504355,20331.372263684178,16734.922977776856,10124.108683450097,3949.8575972392573,11288.277238425877,1143.379830779785,5509.011911938965,5509.011911938965,1184.9572791717771,2577.8018003035154,602.8730016838866,1642.3092114836913,1954.1400744236328,2681.7454212834955,2744.1115938714843,519.7181048999023,291.0421387439453,8980.72885267031,2868.843939047461,1351.267072739746,1351.267072739746,3908.2801488472655,3908.2801488472655,1663.0979356796872,561.2955532918944,1496.7881421117186,12202.981103049706,2390.7032825395504,374.19703552792964,12078.24875787373,3243.0409745753905,1247.3234517597655,1101.802382387793,769.1827952518554,561.2955532918944,1475.9994179157227,4885.350186059081,1538.3655905037108,540.5068290958983,2806.477766459472,1767.0415566596678,789.9715194478515,374.19703552792964,15799.43038895703,415.7744839199218,374.19703552792964,6756.335363698729,3991.4350456312495,3575.660561711328,2473.858179323535,2993.576284223437,10872.502754505955,8253.123505810448,9770.700372118163,3118.308629399414,2016.5062470116206,769.1827952518554,3845.9139762592768,4199.322287591211,3638.026734299316,2182.8160405795898,1683.8866598756836,2078.872419599609,6402.927052366796,4324.054632767186,2307.5483857555664,1081.0136581917966,1808.61900505166,11995.093861089745,2390.7032825395504,1122.5911065837888,207.8872419599609,164189.34369997712,61888.03193148037,47918.00927177099,54986.17549840966,32077.00143442197,9292.559715610252,5155.603600607031,1663.0979356796872,44051.30657131571,3222.2522503793944,1704.6753840716794,1808.61900505166,1725.4641082676756,748.3940710558593,9812.277820510155,9209.404818826268,10539.883167370019,498.9293807039062,3450.928216535351,1081.0136581917966,748.3940710558593,997.8587614078124,27524.270835498828,1205.7460033677733,10893.291478701953,4344.843356963183,8253.123505810448,4116.167390807226,6527.659397542773,1559.154314699707,4386.420805355175,7109.743675030663,6901.856433070702,11080.389996465916,769.1827952518554,2224.393488971582,291.0421387439453,2785.689042263476,956.2813130158202,914.703864623828,332.6195871359375,1725.4641082676756,810.7602436438476,249.4646903519531,3908.2801488472655,893.915140427832,1226.5347275637694,3700.3929068873044,519.7181048999023,1247.3234517597655,1143.379830779785,519.7181048999023,519.7181048999023,1018.6474856038086,2182.8160405795898,2203.604764775586,852.3376920358397,519.7181048999023,519.7181048999023,1101.802382387793,2224.393488971582,1579.943038895703,873.126416231836,582.0842774878906,270.25341454794915,291.0421387439453,2162.027316383593,769.1827952518554,436.563208115918,1600.731763091699,3430.139492339355,561.2955532918944,686.0278984678711,519.7181048999023,1060.2249339958007,3929.0688730432607
SRR6784590,controle,14687.743135282844,3966.0701747727576,8880.960965519858,4706.150255232746,8406.550657532687,9175.095356471906,2789.532610964571,5028.749264664022,1907.1294381084313,521.8513387858892,8956.866614797806,2353.075127616373,8463.479894491147,25333.51044651498,22249.843444598362,17799.87475567869,10588.838074273677,4004.0229994117317,10342.14471412035,1413.7427178017724,5417.765717213503,5740.364726644781,1299.8842438848512,2400.51615841509,597.7569880638366,1556.065810197924,1584.5304286771543,2163.311004421504,2096.8935613033,161.29950471563845,692.6390496612711,8491.944512970378,2476.4218076930374,1973.5468812266352,1688.9006964343323,3728.8650207791716,3216.5018881530254,1186.02576996793,597.7569880638366,1622.4832533161282,11983.604379755963,3064.690589597131,256.18156631307284,15266.523711027192,3112.131620395848,1318.860656204338,1024.7262652522913,540.827751105376,341.57542175076384,2049.4525305045827,5076.190295462739,825.4739358976792,341.57542175076384,2258.1930660189387,2419.492570734577,502.87492646640226,256.18156631307284,15987.627379167694,142.32309239615157,94.88206159743439,6290.6806839099,4838.985141469154,3358.8249805491773,2466.933601533294,2960.320321839953,12704.708047896465,8121.904472740384,10882.972465225725,2855.950054082775,1764.8063457122796,730.5918743002447,3301.895743590717,4810.520522989924,3643.4711653414806,1802.7591703512535,2504.886426172268,1290.3960377251076,6423.515570146308,3510.6362791050724,1926.105850427918,1271.4196254056208,1556.065810197924,11661.005370324687,2723.115167846367,1148.0729453289562,246.6933601533294,168434.6357477655,60781.44865931647,47839.53545742642,53949.940224301194,32136.55426305103,8548.873749928838,5161.58415090043,1015.238059092548,43797.55963337571,3776.306051577889,1413.7427178017724,2656.697724728163,1764.8063457122796,531.3395449456326,9583.088221340873,8738.637873123707,9545.1353967019,464.9221018274285,3216.5018881530254,1537.0893978784372,559.8041634248628,711.6154619807579,27563.23889405469,1205.0021822874166,10399.07395107881,4487.921513558646,6954.85511509194,4184.298916446856,5740.364726644781,1385.2780993225422,3728.8650207791716,6660.720724139894,5930.128849839649,10503.444218835986,483.8985141469154,1983.0350873863788,294.1343909520466,2058.9407366643263,597.7569880638366,1556.065810197924,265.6697724728163,1679.4124902745887,1252.443213086134,389.016452549481,3017.2495587984135,1631.9714594758716,1129.0965330094693,3444.2188359868683,815.9857297379358,1764.8063457122796,1148.0729453289562,815.9857297379358,815.9857297379358,948.8206159743438,1878.6648196292008,1964.058675066892,1034.214471412035,815.9857297379358,815.9857297379358,1024.7262652522913,2419.492570734577,1470.6719547602331,626.221606543067,379.52824638973755,56.929236958460635,294.1343909520466,2391.0279522553465,683.1508435015277,0.0,1034.214471412035,2571.303869290472,882.4031728561398,521.8513387858892,815.9857297379358,1110.1201206899823,4279.180978044291
SRR6784591,controle,12857.531437658234,2709.6018245349737,9582.993325382378,6496.76730902015,6172.452032724458,7616.1781013956015,1705.2706463289603,4885.6527106480025,2385.286548239282,533.5509384219447,9959.617517209634,5042.579457242693,8390.350051262736,23947.02153034963,21760.50886113029,13045.843533571862,9415.604795681376,2500.366162408721,9949.15573410332,952.0222626744502,4603.1845667775615,4917.038059966941,502.16558910300665,3169.92028121273,1182.1814910133282,1621.5763814784593,2071.4330550499026,2332.977632707719,3023.455317724353,544.0127215282572,470.7802397840688,8170.652606030171,2374.8247651329693,1506.49676730902,1004.3311782060133,3985.9393635051156,4111.480760780868,1150.7961416943904,428.93310735881823,1077.5636599502018,13359.697026761241,2029.585922624652,313.8534931893792,13474.77664093068,4519.4903019270605,1224.0286234385787,1286.7993220764547,648.6305525913837,554.4745046345699,2238.821584750905,4456.719603289184,2981.6081852991024,816.0190822923859,4006.8629297177413,1673.8852970100224,669.554118804009,313.8534931893792,17418.868872010546,627.7069863787584,544.0127215282572,7312.786391312536,3755.780135166238,3881.3215324419893,1339.108237608018,3923.16866486724,8913.439206578369,10608.248069801017,10514.092021844202,3190.8438474253553,1642.4999476910843,795.0955160797606,2929.299269767539,4101.018977674555,4121.94254388718,1652.9617307973972,4101.018977674555,2071.4330550499026,5743.51892536564,3243.1527629569187,1977.277007093089,899.7133471428871,1475.1114179900824,15044.044106877576,4749.649530265939,1652.9617307973972,345.23884250831713,168204.54878329462,61086.3515577595,48553.13539639696,50938.42194463624,30705.3334170276,8400.811834369051,5220.429770050007,1360.031803820643,40298.78852551629,2720.063607641286,1579.7292490532086,1297.2611051827673,2155.1273199004036,910.1751302491997,16383.152344485594,12093.821270897412,8515.891448538488,721.8630343355721,2803.7578724917876,449.85667357144354,177.85031280731488,1841.2738267110246,19940.15860063189,1705.2706463289603,10974.410478521959,5189.044420731069,8107.881907392296,2437.595463770845,7710.334149352416,1370.4935869269557,4153.327893206118,7218.630343355721,5973.678153704517,11351.034670349214,659.0923356976963,1673.8852970100224,282.4681438704413,2207.436235431967,1161.257924800703,1004.3311782060133,585.8598539535078,1600.6528152658339,470.7802397840688,83.69426485050113,5471.512564601511,1025.2547444186387,1035.7165275249513,4289.331073588182,303.3917100830665,1025.2547444186387,648.6305525913837,313.8534931893792,313.8534931893792,847.4044316113237,2374.8247651329693,2416.67189755822,1119.4107923754525,313.8534931893792,303.3917100830665,972.9458288870755,2081.8948381562154,1726.1942125415856,2291.130500282468,470.7802397840688,491.7038059966941,240.6210114451907,1663.4235139037098,816.0190822923859,240.6210114451907,3787.165484485176,5147.197288305819,878.7897809302618,816.0190822923859,313.8534931893792,627.7069863787584,2050.5094888372773
SRR8556880,controle,11137.011137011137,4964.1716308382975,9410.342743676078,4985.754985754986,6172.839506172839,5611.672278338945,1100.7511007511007,2784.2527842527843,4359.837693171026,345.333678667012,5611.672278338945,2633.1692998359667,8244.841578174912,26331.692998359667,18993.35232668566,16576.016576016576,8503.84183717517,2287.8356211689547,10619.010619010618,884.9175515842182,4575.6712423379095,4554.08788742122,1057.5843909177242,3453.33678667012,647.5006475006475,669.0840024173358,1985.668652335319,2007.2520072520074,1834.5851679185014,625.9172925839592,259.000259000259,5525.338858672192,1165.5011655011656,1661.9183285849952,1834.5851679185014,4683.588016921351,2050.418717085384,884.9175515842182,820.1674868341535,2050.418717085384,11072.261072261072,2244.6689113355783,302.16696883363545,10726.92739359406,3021.669688336355,1705.0850384183718,863.33419666753,1251.8345851679185,1057.5843909177242,453.2504532504533,6561.339894673228,1856.1685228351894,431.667098333765,2590.00259000259,1575.5849089182423,518.000518000518,302.16696883363545,15281.015281015281,949.667616334283,841.7508417508417,8568.591901925234,3626.0036260036263,4316.67098333765,1834.5851679185014,3777.087110420444,9388.759388759388,8050.591383924718,8892.342225675558,4467.754467754468,1381.334714668048,1446.0847794181127,3172.7531727531727,5115.255115255115,2482.0858154191487,3043.253043253043,3582.8369161702494,2611.585944919278,6734.0067340067335,3928.170594837262,1208.6678753345418,777.000777000777,1208.6678753345418,19101.269101269103,2352.5856859190194,1187.0845204178538,561.1672278338946,156004.48933782268,62116.89545022878,43878.96054562721,53267.7199343866,29374.946041612708,9906.759906759906,2719.5027195027196,1122.3344556677891,41699.0416990417,1920.9185875852543,3000.086333419667,2244.6689113355783,1251.8345851679185,280.5836139169473,13036.346369679703,13619.096952430285,13748.597081930415,388.5003885003885,2892.1695588362254,3496.5034965034965,2331.002331002331,992.8343261676595,31295.864629197964,841.7508417508417,11072.261072261072,4057.6707243373908,5935.422602089269,4230.337563670897,8784.425451092116,1424.5014245014245,3496.5034965034965,7424.6740913407575,6345.5063455063455,8029.00802900803,345.333678667012,1705.0850384183718,86.333419666753,5352.672019338686,2719.5027195027196,992.8343261676595,733.8340671674005,1985.668652335319,1402.9180695847363,194.25019425019426,5957.005957005957,2007.2520072520074,841.7508417508417,4813.08814642148,1100.7511007511007,3928.170594837262,2978.5029785029783,1100.7511007511007,1100.7511007511007,1036.001036001036,2352.5856859190194,2287.8356211689547,1316.5846499179834,1100.7511007511007,1100.7511007511007,1079.1677458344125,1467.668134334801,1661.9183285849952,2590.00259000259,712.2507122507122,129.5001295001295,86.333419666753,1920.9185875852543,1381.334714668048,884.9175515842182,4403.004403004403,4769.9214365881035,1165.5011655011656,1143.9178105844774,1100.7511007511007,733.8340671674005,3669.1703358370028
SRR8556900,controle,15483.029784459928,2363.199282891252,21513.262437354846,8067.473414008068,17072.07757812818,14138.45088212525,2037.2407611131482,3137.3507721142487,1996.4959458908852,366.70333700036673,8882.369718453327,3870.757446114982,3381.819663447826,21676.2416982439,21920.710589577477,11612.272338344947,11204.824186122316,407.4481522226297,5296.825978894186,1018.6203805565741,11653.017153567209,8474.921566230698,1589.0477936682557,3667.033370003667,651.9170435562074,1426.068532779204,6070.977468117182,1507.55816322373,896.3859348897853,203.72407611131484,162.97926088905186,9249.073055453693,5541.294870227764,855.6411196675223,5867.253392005868,2363.199282891252,1507.55816322373,488.93778266715566,651.9170435562074,692.6618587784704,5133.846718005134,3748.5230004481928,366.70333700036673,13975.471621236198,12630.89271890152,10104.714175121215,162.97926088905186,5704.274131116816,488.93778266715566,1100.1100110011,1955.7511306686226,1629.7926088905187,692.6618587784704,2281.709652446726,3585.543739559141,896.3859348897853,366.70333700036673,15197.816077904086,896.3859348897853,570.4274131116815,3911.5022613372453,6967.363403006967,1915.0063154463594,4115.22633744856,1670.5374241127818,16705.374241127818,4522.674489671189,10471.417512121583,1996.4959458908852,977.8755653343113,1915.0063154463594,2037.2407611131482,5419.060424560975,1996.4959458908852,6804.384142117916,1996.4959458908852,1263.0892718901518,2648.412989447093,1548.3029784459927,937.1307501120482,529.6825978894186,814.8963044452594,8189.707859674857,2648.412989447093,814.8963044452594,488.93778266715566,156826.79379049016,71547.89553029377,42700.566352931586,69918.10292140326,26280.405818359613,8556.411196675223,2974.3715112251966,692.6618587784704,49464.20567982724,6682.149696451127,1059.3651957788372,7089.597848673756,529.6825978894186,1792.7718697795706,11897.486044900787,6967.363403006967,6274.701544228497,407.4481522226297,2037.2407611131482,937.1307501120482,692.6618587784704,814.8963044452594,40052.1533634845,529.6825978894186,11286.31381656684,1548.3029784459927,3341.0748482255635,2444.688913335778,3585.543739559141,570.4274131116815,1548.3029784459927,3259.5852177810375,3667.033370003667,4033.736707004034,2159.4752067799373,407.4481522226297,0.0,2974.3715112251966,1181.599641445626,325.9585217781037,570.4274131116815,855.6411196675223,366.70333700036673,81.48963044452593,2363.199282891252,488.93778266715566,1915.0063154463594,1752.0270545573076,366.70333700036673,1670.5374241127818,1018.6203805565741,366.70333700036673,366.70333700036673,570.4274131116815,774.1514892229964,814.8963044452594,488.93778266715566,366.70333700036673,366.70333700036673,488.93778266715566,651.9170435562074,570.4274131116815,651.9170435562074,162.97926088905186,0.0,122.23444566678891,814.8963044452594,977.8755653343113,285.21370655584076,1629.7926088905187,1833.5166850018336,366.70333700036673,488.93778266715566,366.70333700036673,448.19296744489264,1752.0270545573076
SRR8556918,controle,13347.342205619114,2840.6879912833683,7938.360961942564,6498.560199237295,9922.951202428203,12919.293330220251,1206.3195579422522,2840.6879912833683,739.3571484162192,311.3082730173555,4475.056424624485,1517.6278309596078,8055.101564324073,25566.191921550315,20351.77834850961,14281.26702467118,15137.364775468908,1284.1466261965911,13308.428671491944,389.1353412716943,6070.511323838431,3735.6992762082655,1712.195501595455,8288.582769087088,1206.3195579422522,972.8383531792357,5370.067709549381,4669.624095260331,3618.9586738267567,311.3082730173555,194.56767063584715,9728.383531792357,3229.8233325550627,4942.018834150517,233.4812047630166,2801.7744571561993,7704.879757179547,272.394738890186,77.82706825433887,2062.41730873998,15254.105377850416,7354.657950035023,0.0,13036.033932601758,3580.0451396995873,1128.4924896879136,3346.5639349365706,311.3082730173555,77.82706825433887,1361.97369445093,4358.315822242976,3035.2556619192155,2062.41730873998,1167.4060238150828,7043.349677017667,1089.578955560744,0.0,5759.2030508210755,233.4812047630166,194.56767063584715,7276.830881780683,1439.8007627052689,2334.8120476301656,2373.725581757335,4942.018834150517,11790.800840532336,5175.500038913534,4319.402288115806,1050.6654214335745,2568.2932523931822,778.2706825433886,5214.413573040703,6732.041404000311,9027.939917503309,2646.120320647521,4980.932368277688,4591.797027005993,3930.2669468441127,4085.92108335279,6303.992528601448,3307.650400809401,3969.180480971282,12763.639193711573,3229.8233325550627,622.616546034711,155.65413650867774,165966.22305237764,73079.61709082419,39536.15067320414,51638.259786753835,28017.74457156199,10895.78955560744,2879.6015254105378,739.3571484162192,45995.79733831427,2879.6015254105378,1751.1090357226244,1478.7142968324383,2529.3797182660132,116.7406023815083,5875.943653202584,6965.522608763328,5058.7594365320265,116.7406023815083,1245.233092069422,466.9624095260332,544.789477780372,2334.8120476301656,33854.77469063741,38.913534127169434,10000.778270682544,2723.94738890186,5175.500038913534,3463.3045373180794,5331.154175422212,544.789477780372,5370.067709549381,8366.409837341427,5759.2030508210755,10000.778270682544,155.65413650867774,1400.8872285780997,1828.936103976963,3930.2669468441127,972.8383531792357,350.2218071445249,116.7406023815083,1751.1090357226244,428.04887539886374,77.82706825433887,5136.5865047863645,2646.120320647521,1906.763172231302,1984.590240485641,428.04887539886374,856.0977507977275,661.5300801618803,428.04887539886374,428.04887539886374,544.789477780372,583.7030119075414,817.184216670558,661.5300801618803,428.04887539886374,428.04887539886374,428.04887539886374,583.7030119075414,1011.7518873064051,739.3571484162192,233.4812047630166,116.7406023815083,77.82706825433887,3151.996264300724,350.2218071445249,233.4812047630166,817.184216670558,1790.0225698497936,466.9624095260332,1050.6654214335745,428.04887539886374,1439.8007627052689,1245.233092069422
SRR8556942,controle,15148.563078421821,2435.4603019970773,20263.029712615684,11008.28056502679,16025.328787140772,16171.456405260593,1997.0774476376034,2825.1339503166096,584.5104724792986,389.6736483195324,6867.998051631758,2922.5523623964928,2727.715538236727,17681.44179249878,18022.406234778373,10131.514856307842,9839.259620068193,681.9288845591817,5065.757428153921,828.0565026790064,11933.75547978568,11349.245007306381,3214.807598636142,3117.389186556259,1266.4393570384802,876.7657087189478,7208.962493911349,876.7657087189478,1071.602532878714,925.4749147588894,194.8368241597662,7160.253287871407,4724.79298587433,389.6736483195324,6965.416463711642,1850.9498295177789,7939.600584510473,243.54603019970776,828.0565026790064,292.2552362396493,11982.46468582562,4968.339016074038,340.96444227959086,12859.230394544567,24500.7306380906,18801.75353141744,340.96444227959086,9108.62152946907,389.6736483195324,730.6380905991232,2191.91427179737,1412.5669751583048,340.96444227959086,2191.91427179737,4237.7009254749155,487.0920603994155,340.96444227959086,9254.749147588895,0.0,0.0,3701.8996590355578,9108.62152946907,2532.8787140769605,5747.686312713103,1607.403799318071,16463.711641500246,3166.098392596201,11154.408183146616,1509.985387238188,1071.602532878714,1266.4393570384802,1071.602532878714,3555.772040915733,730.6380905991232,4968.339016074038,1656.1130053580127,1363.8577691183634,2532.8787140769605,1850.9498295177789,7598.636142230881,487.0920603994155,633.2196785192401,5017.04822211398,2240.623477837311,779.3472966390648,1071.602532878714,151631.75840233802,75499.2693619094,40672.187043351194,79055.04140282514,26108.13443740867,7306.380905991232,2873.8431563565514,194.8368241597662,48952.75207014126,8329.274232830005,584.5104724792986,7598.636142230881,389.6736483195324,1899.6590355577202,10228.933268387726,4383.82854359474,5845.1047247929855,340.96444227959086,535.801266439357,487.0920603994155,194.8368241597662,1412.5669751583048,35557.72040915734,584.5104724792986,9498.295177788601,1071.602532878714,2679.006332196785,3068.6799805163173,3312.2260107160255,925.4749147588894,1753.5314174378957,2630.2971261568437,2873.8431563565514,3604.4812469556746,2191.91427179737,925.4749147588894,48.70920603994155,2143.205065757428,194.8368241597662,584.5104724792986,438.3828543594739,584.5104724792986,584.5104724792986,340.96444227959086,633.2196785192401,340.96444227959086,1169.0209449585973,1363.8577691183634,535.801266439357,925.4749147588894,1071.602532878714,535.801266439357,535.801266439357,487.0920603994155,487.0920603994155,487.0920603994155,146.12761811982466,535.801266439357,535.801266439357,389.6736483195324,633.2196785192401,340.96444227959086,97.4184120798831,146.12761811982466,1948.368241597662,0.0,1266.4393570384802,292.2552362396493,97.4184120798831,487.0920603994155,389.6736483195324,584.5104724792986,146.12761811982466,535.801266439357,292.2552362396493,1022.8933268387726
SRR8556969,controle,14680.03721699576,3256.487129122299,12715.806885144217,6719.735345807919,11165.09872841931,7805.231055515352,1809.1595161790551,8218.753230641994,2842.964953995658,155.07081567249043,6616.354802026259,2946.3454977773185,5789.310451772976,19900.754677969606,17936.52434611806,14731.72748888659,7546.7796960612,1343.9470691615838,8373.824046314483,1188.8762534890934,5892.690995554637,5272.407732864675,1705.778972397395,2584.5135945415072,206.7610875633206,1964.2303318515453,3153.106585340639,1137.1859815982632,1395.6373410524138,9459.319756021916,206.7610875633206,6978.18670526207,2274.3719631965264,155.07081567249043,2636.2038664323377,1860.8497880698853,4962.266101519694,413.5221751266412,775.3540783624521,671.9735345807919,14214.82476997829,1705.778972397395,206.7610875633206,17729.76325855474,7701.850511733692,5841.000723663807,361.831903235811,3049.7260415589785,982.1151659257727,1188.8762534890934,4445.363382611392,1499.017884834074,982.1151659257727,6357.903442572108,2015.9206037423755,982.1151659257727,206.7610875633206,9407.629484131086,103.3805437816603,103.3805437816603,4393.673110720562,4755.505013956374,3928.4606637030906,2481.133050759847,4238.602295048072,11785.381991109274,8373.824046314483,9304.248940349426,2481.133050759847,413.5221751266412,2067.610875633206,2791.2746821048277,2739.5844102139977,2119.301147524036,5375.788276646335,2636.2038664323377,2067.610875633206,3514.93848857645,1395.6373410524138,4393.673110720562,516.9027189083015,1033.805437816603,12302.284710017575,2894.655225886488,1033.805437816603,1705.778972397395,155794.47947896205,64302.6982321927,44143.49219476894,58771.839139873875,26982.321927013338,6202.832626899617,8373.824046314483,7546.7796960612,41714.04941589993,4031.841207484751,1550.7081567249043,2584.5135945415072,2842.964953995658,1447.327612943244,11165.09872841931,9666.080843585238,9304.248940349426,310.14163134498085,2119.301147524036,1705.778972397395,1602.3984286157347,413.5221751266412,37992.34983976016,1240.5665253799234,13491.160963506669,1757.469244288225,5375.788276646335,4393.673110720562,5892.690995554637,2274.3719631965264,2326.0622350873564,5479.168820427995,5996.071539336296,8063.682414969502,1602.3984286157347,3101.4163134498085,258.45135945415075,2894.655225886488,827.0443502532823,1137.1859815982632,775.3540783624521,1499.017884834074,155.07081567249043,258.45135945415075,2584.5135945415072,1602.3984286157347,2326.0622350873564,1964.2303318515453,51.69027189083015,2481.133050759847,1705.778972397395,51.69027189083015,51.69027189083015,2170.9914194148664,1395.6373410524138,1343.9470691615838,516.9027189083015,51.69027189083015,51.69027189083015,1964.2303318515453,982.1151659257727,2429.442778869017,671.9735345807919,361.831903235811,2377.752506978187,413.5221751266412,1137.1859815982632,1292.2567972707536,671.9735345807919,2998.035769668148,3256.487129122299,103.3805437816603,1705.778972397395,51.69027189083015,361.831903235811,2222.681691305696
SRR8556973,controle,12988.925541941564,5242.695570216777,8512.016965127239,5979.029217719133,4830.348727615457,7598.963242224317,4712.53534401508,4359.09519321395,1266.4938737040527,706.8803016022621,6921.536286522149,5036.522148916117,8453.11027332705,20823.515551366632,15404.099905749292,13813.619227144203,6214.6559849198875,5124.882186616399,10043.59095193214,765.7869934024505,5124.882186616399,2856.9745523091424,323.9868049010368,4476.908576814326,471.253534401508,441.80018850141374,942.507068803016,2238.454288407163,1649.387370405278,2856.9745523091424,530.1602262016964,6833.1762488218665,1472.6672950047125,765.7869934024505,441.80018850141374,7952.403393025447,3563.8548539114045,1148.6804901036758,618.5202639019793,2768.6145146088593,12753.298774740811,1119.2271442035815,0.0,12812.205466540998,3681.6682375117816,2385.7210179076346,559.6135721017907,1885.014137606032,147.26672950047126,1354.8539114043356,6656.4561734213,2474.0810556079173,854.1470311027333,6303.01602262017,1443.2139491046182,618.5202639019793,0.0,10338.124410933082,647.9736098020736,294.5334590009425,3917.2950047125355,2061.7342130065977,5183.788878416589,1354.8539114043356,3063.147973609802,8865.45711592837,8924.36380772856,9366.163996229972,4535.815268614515,824.693685202639,1502.1206409048068,1767.200754005655,5331.055607917059,2326.8143261074456,3063.147973609802,4152.921771913289,4005.6550424128186,3799.4816211121583,5154.335532516494,1943.9208294062205,1443.2139491046182,1767.200754005655,13960.885956644674,1767.200754005655,2002.8275212064093,235.626767200754,144350.84825636193,58818.33176248822,42618.99151743638,54046.889726672955,28569.745523091424,10750.4712535344,4123.468426013195,1590.4806786050895,41323.04429783223,2032.2808671065034,1855.5607917059378,500.7068803016023,795.2403393025447,323.9868049010368,14991.753063147973,15286.286522148916,13784.16588124411,677.4269557021678,2150.0942507068803,2709.707822808671,5331.055607917059,1737.747408105561,31279.453345900092,1266.4938737040527,14432.139491046182,647.9736098020736,5684.49575871819,4005.6550424128186,9071.63053722903,1590.4806786050895,3593.3081998114985,5684.49575871819,5419.415645617342,10426.484448633364,323.9868049010368,4535.815268614515,323.9868049010368,2856.9745523091424,3122.0546654099903,3563.8548539114045,176.72007540056552,3122.0546654099903,2209.000942507069,0.0,5890.66918001885,2326.8143261074456,147.26672950047126,3475.494816211122,1885.014137606032,8512.016965127239,8217.483506126297,1855.5607917059378,1855.5607917059378,265.0801131008482,706.8803016022621,677.4269557021678,382.8934967012253,1855.5607917059378,1885.014137606032,206.17342130065975,971.9604147031102,1089.7737983034874,942.507068803016,294.5334590009425,88.36003770028276,353.44015080113104,854.1470311027333,2474.0810556079173,2709.707822808671,7157.163053722903,4712.53534401508,2179.547596606975,530.1602262016964,1855.5607917059378,942.507068803016,6067.389255419416
SRR8556986,controle,14457.714810695807,5657.366665054881,9428.944441758134,3239.688603065616,6624.437889850587,7978.3376045645755,580.2427348774237,3674.8706542236837,2804.506551907548,483.53561239785313,7011.26637976887,3868.284899182825,7929.984043324791,30656.15782602389,19728.25298583241,14022.53275953774,8220.105410763503,3046.2743581064747,9380.59088051835,822.0105410763503,3723.224215463469,4351.820511580679,1160.4854697548474,2127.556694550554,483.53561239785313,386.82848991828246,1644.0210821527005,1595.6675209129153,1982.4960108311977,241.76780619892656,290.12136743871184,6624.437889850587,1015.4247860354915,918.7176635559209,967.0712247957063,4013.345582902181,2369.32450074948,1353.8997147139887,1450.6068371935594,1015.4247860354915,12862.047289782891,5173.8310526570285,870.3641023161356,13732.41139209903,3384.749286784972,1305.5461534742033,1257.192592234418,967.0712247957063,2272.6173782699098,2224.2638170301243,6334.316522411876,2079.2031333107684,1208.8390309946328,3288.042164305401,2707.7994294279774,1208.8390309946328,870.3641023161356,10009.18717663556,386.82848991828246,338.4749286784972,6866.205696049515,3964.9920216623955,5947.488032493593,1160.4854697548474,5754.073787534452,8655.287461921569,8897.055268120497,10637.78347275277,3384.749286784972,1450.6068371935594,1208.8390309946328,3288.042164305401,6092.548716212949,2272.6173782699098,1789.0817658720564,4255.113389101108,3239.688603065616,5367.245297616169,3336.3957255451865,1305.5461534742033,822.0105410763503,1112.1319085150622,19486.48517963348,2611.0923069484065,1208.8390309946328,773.6569798365649,150911.46462936993,63536.5794690779,45839.17605531648,53527.39229244234,30220.97577486582,8461.873216962429,3819.9313379430396,1063.778347275277,37812.48488951211,4110.052705381751,3868.284899182825,676.9498573569944,2611.0923069484065,676.9498573569944,15666.55384169044,10154.247860354915,14602.775494415164,0.0,4110.052705381751,725.3034185967797,483.53561239785313,1305.5461534742033,30462.743581064744,628.596296117209,9912.480054155989,5995.841593733378,7784.923359605435,3916.63846042261,10009.18717663556,1112.1319085150622,5512.305981335526,7639.862675886079,9187.17663555921,10250.954982834486,725.3034185967797,1644.0210821527005,967.0712247957063,3626.5170929838987,1402.253275953774,1063.778347275277,2417.6780619892656,1063.778347275277,822.0105410763503,870.3641023161356,4448.527634060249,1789.0817658720564,290.12136743871184,4061.699144141966,483.53561239785313,1305.5461534742033,1063.778347275277,483.53561239785313,483.53561239785313,386.82848991828246,2175.9102557903393,2417.6780619892656,1257.192592234418,483.53561239785313,483.53561239785313,822.0105410763503,1547.3139596731298,2272.6173782699098,1208.8390309946328,1208.8390309946328,290.12136743871184,483.53561239785313,2127.556694550554,2175.9102557903393,241.76780619892656,1982.4960108311977,3868.284899182825,580.2427348774237,531.8891736376385,483.53561239785313,1015.4247860354915,1644.0210821527005
SRR8556990,controle,13093.922651933703,5524.861878453038,7955.801104972376,3370.1657458563536,5303.867403314917,10939.226519337017,1049.7237569060774,4972.375690607734,773.4806629834254,1436.4640883977902,9502.762430939227,2099.4475138121547,8287.292817679558,19226.519337016576,19337.016574585636,9834.254143646409,9060.773480662983,1823.2044198895028,11546.961325966851,1878.4530386740332,6629.834254143647,2707.182320441989,607.7348066298343,6906.077348066298,994.475138121547,994.475138121547,1823.2044198895028,5303.867403314917,4806.629834254144,110.49723756906077,331.49171270718233,6685.082872928177,3591.1602209944754,4364.640883977901,552.4861878453039,2762.430939226519,2596.685082872928,2265.193370165746,276.24309392265195,1933.7016574585637,11546.961325966851,4917.1270718232045,331.49171270718233,7292.817679558011,3922.6519337016575,2541.4364640883978,1104.9723756906078,2044.198895027624,883.9779005524862,2430.9392265193374,4254.14364640884,3259.6685082872928,883.9779005524862,1823.2044198895028,4696.132596685083,2486.187845303867,331.49171270718233,33591.160220994476,718.2320441988951,276.24309392265195,4585.635359116022,3812.1546961325967,5635.359116022099,2651.9337016574586,3977.900552486188,11381.21546961326,11988.950276243095,10828.729281767955,2541.4364640883978,1878.4530386740332,662.9834254143647,3812.1546961325967,7127.07182320442,2375.6906077348067,1436.4640883977902,3591.1602209944754,3259.6685082872928,3977.900552486188,1933.7016574585637,2154.696132596685,3480.6629834254145,4475.138121546961,18121.546961325967,2707.182320441989,2872.9281767955804,1436.4640883977902,176243.09392265195,58729.28176795581,44419.88950276243,50939.22651933702,33867.40331491712,12044.198895027625,4972.375690607734,718.2320441988951,38176.79558011049,2651.9337016574586,1160.220994475138,1878.4530386740332,1823.2044198895028,276.24309392265195,8342.54143646409,7845.303867403315,10220.994475138123,110.49723756906077,1215.4696132596687,331.49171270718233,220.99447513812154,1823.2044198895028,29060.77348066298,773.4806629834254,8232.044198895028,5690.60773480663,6464.088397790055,3977.900552486188,7348.066298342541,662.9834254143647,2983.425414364641,4640.883977900552,8232.044198895028,7624.309392265193,331.49171270718233,3591.1602209944754,662.9834254143647,2762.430939226519,883.9779005524862,994.475138121547,1823.2044198895028,1049.7237569060774,110.49723756906077,0.0,3480.6629834254145,1933.7016574585637,1215.4696132596687,1823.2044198895028,110.49723756906077,386.7403314917127,497.2375690607735,110.49723756906077,110.49723756906077,607.7348066298343,1160.220994475138,1546.9613259668508,552.4861878453039,110.49723756906077,110.49723756906077,497.2375690607735,497.2375690607735,1436.4640883977902,2154.696132596685,497.2375690607735,55.248618784530386,773.4806629834254,994.475138121547,220.99447513812154,110.49723756906077,2762.430939226519,2209.9447513812156,165.74585635359117,828.7292817679559,110.49723756906077,1104.9723756906078,607.7348066298343
SRR8557003,controle,12931.034482758621,7902.2988505747135,8620.689655172413,3591.9540229885056,6465.517241379311,10057.471264367816,2873.5632183908046,1436.7816091954023,0.0,0.0,8620.689655172413,3591.9540229885056,6465.517241379311,23706.896551724138,15804.597701149427,10057.471264367816,7183.908045977011,8620.689655172413,5028.735632183908,2155.1724137931033,6465.517241379311,5028.735632183908,2873.5632183908046,1436.7816091954023,0.0,1436.7816091954023,718.3908045977012,1436.7816091954023,2155.1724137931033,0.0,0.0,2873.5632183908046,718.3908045977012,1436.7816091954023,1436.7816091954023,6465.517241379311,1436.7816091954023,4310.3448275862065,0.0,0.0,9339.080459770115,1436.7816091954023,0.0,12931.034482758621,2155.1724137931033,1436.7816091954023,1436.7816091954023,1436.7816091954023,1436.7816091954023,718.3908045977012,7902.2988505747135,2155.1724137931033,3591.9540229885056,2873.5632183908046,2155.1724137931033,0.0,0.0,17959.770114942527,0.0,0.0,7902.2988505747135,2873.5632183908046,5028.735632183908,5747.126436781609,2873.5632183908046,10775.862068965518,12212.64367816092,9339.080459770115,5747.126436781609,718.3908045977012,2155.1724137931033,7902.2988505747135,4310.3448275862065,2155.1724137931033,2155.1724137931033,5028.735632183908,3591.9540229885056,7183.908045977011,7183.908045977011,1436.7816091954023,718.3908045977012,718.3908045977012,19396.55172413793,4310.3448275862065,2873.5632183908046,1436.7816091954023,147270.11494252871,55316.09195402299,56034.48275862069,44540.22988505747,30172.41379310345,10775.862068965518,1436.7816091954023,0.0,35919.54022988505,2155.1724137931033,2873.5632183908046,718.3908045977012,0.0,718.3908045977012,16522.988505747126,12212.64367816092,15086.206896551725,0.0,5028.735632183908,0.0,718.3908045977012,3591.9540229885056,28735.632183908045,1436.7816091954023,10057.471264367816,3591.9540229885056,9339.080459770115,3591.9540229885056,10775.862068965518,2155.1724137931033,1436.7816091954023,10775.862068965518,7183.908045977011,12931.034482758621,718.3908045977012,1436.7816091954023,0.0,4310.3448275862065,2155.1724137931033,0.0,0.0,0.0,1436.7816091954023,1436.7816091954023,7902.2988505747135,718.3908045977012,0.0,5028.735632183908,0.0,718.3908045977012,718.3908045977012,0.0,0.0,0.0,3591.9540229885056,3591.9540229885056,2155.1724137931033,0.0,0.0,2155.1724137931033,2873.5632183908046,2155.1724137931033,3591.9540229885056,2873.5632183908046,0.0,0.0,2155.1724137931033,0.0,718.3908045977012,5028.735632183908,7902.2988505747135,0.0,0.0,0.0,1436.7816091954023,0.0
SRR8557024,controle,12172.059278616374,5707.801808616718,7048.7913901592,4641.887013031667,7255.097479627274,7702.094006808101,1581.680019255235,4641.887013031667,3025.822645531754,412.61217893614827,6429.873121754977,3163.36003851047,8217.859230478287,26475.948148402847,18911.39153457346,16779.561943403365,7702.094006808101,2338.135680638173,10934.22274180793,722.0713131382595,5398.342674414606,3232.1287349998283,825.2243578722965,5123.267888457174,412.61217893614827,1134.6834920744077,1616.0643674999142,2957.0539490423957,2510.057421861569,309.4591342021112,309.4591342021112,6636.179211223051,1856.7548052126672,1822.3704569679883,790.8400096276175,4229.27483409552,3025.822645531754,1409.7582780318398,550.1495719148643,1856.7548052126672,12928.514939999313,2750.747859574322,275.07478595743214,11518.756661967473,2991.438297287075,1753.6017604786302,1169.0678403190866,1272.2208850531238,722.0713131382595,550.1495719148643,5982.87659457415,2681.9791630849636,1203.4521885637657,4022.9687446274456,2647.594814840285,1272.2208850531238,275.07478595743214,11312.450572499398,756.4556613829385,412.61217893614827,7117.560086648557,2853.900904308359,4160.506137606161,2063.060894680741,4573.11831654231,9215.005329573978,8080.3218374995695,9524.464463776088,3575.9722174466183,1719.217412233951,1512.911322765877,4160.506137606161,5295.18962968057,2819.5165560636797,2750.747859574322,4538.733968297631,2234.9826359041367,4848.193102499742,3919.8156998934082,1547.295671010556,1719.217412233951,2647.594814840285,17467.248908296944,3300.897431489186,928.3774026063336,446.9965271808273,150122.0644362686,64058.04077983702,45284.186638242274,52401.74672489083,29123.542963243133,11484.372313722793,4676.271361276346,756.4556613829385,40882.99006292335,2131.8295911700993,1650.448715744593,825.2243578722965,2200.598287659457,240.69043771275315,14854.038441701337,11828.215796169583,12722.208850531239,1134.6834920744077,3404.050476223223,2269.3669841488154,2681.9791630849636,1100.2991438297286,27610.631640477255,653.3026166489014,11312.450572499398,2372.520028882853,6429.873121754977,4091.7374411168034,10280.920125159028,1856.7548052126672,3713.5096104253344,6636.179211223051,7255.097479627274,8252.243578722964,275.07478595743214,2303.7513323934945,412.61217893614827,3644.7409139359766,2647.594814840285,1306.605233297803,653.3026166489014,2406.9043771275315,1444.142626276519,618.9182684042224,5295.18962968057,1787.9861087233091,997.1460990956917,3644.7409139359766,1065.9147955850497,4160.506137606161,3851.0470034040504,1065.9147955850497,1065.9147955850497,1134.6834920744077,1203.4521885637657,1203.4521885637657,1237.8365368084449,1065.9147955850497,1065.9147955850497,1340.9895815424818,1409.7582780318398,1616.0643674999142,1134.6834920744077,687.6869648935805,137.53739297871607,515.7652236701853,2441.2887253722106,928.3774026063336,1134.6834920744077,4160.506137606161,4022.9687446274456,1547.295671010556,1031.5304473403705,1065.9147955850497,997.1460990956917,2578.8261183509267
